timestamp,road_id,source,target,length_m,road_class,mean_flood_depth_m,max_flood_depth_m,static_susceptibility,dynamic_flood_factor,combined_risk,risk_class
T+0min,R-001,10044201331,12243225438,31.35,trunk,0.0,0.0,0.6112,0.0,0.2445,LOW
T+0min,R-002,10044201331,13615156515,103.69,tertiary,0.0,0.0,0.7433,0.0,0.2973,MODERATE
T+0min,R-003,10055232024,13616287392,9.75,residential,0.0,0.0,0.574,0.0,0.2296,LOW
T+0min,R-004,10055232024,13626183259,7.16,residential,0.0,0.0,0.5725,0.0,0.229,LOW
T+0min,R-005,10055232024,13639959260,22.82,tertiary,0.0,0.0,0.6537,0.0,0.2615,MODERATE
T+0min,R-006,10055232027,13626183259,90.39,residential,0.0,0.0,0.5675,0.0,0.227,LOW
T+0min,R-007,10091403656,13615172965,33.31,tertiary,0.0,0.0,0.8043,0.0,0.3217,MODERATE
T+0min,R-008,10091403656,13616325515,6.09,tertiary_link,0.0,0.0,0.751,0.0,0.3004,MODERATE
T+0min,R-009,10091403659,296853793,74.13,primary,0.0,0.0,0.498,0.0,0.1992,LOW
T+0min,R-010,10091403662,13617040694,36.49,tertiary,0.0,0.0,0.5426,0.0,0.217,LOW
T+0min,R-011,10091403662,3193827831,7.59,residential,0.0,0.0,0.5406,0.0,0.2162,LOW
T+0min,R-012,10091403664,10091403656,29.95,tertiary,0.0,0.0,0.7436,0.0,0.2974,MODERATE
T+0min,R-013,10091403664,245666192,6.21,residential,0.0,0.0,0.768,0.0,0.3072,MODERATE
T+0min,R-014,10111287875,13618292025,47.89,residential,0.0,0.0,0.1573,0.0,0.0629,LOW
T+0min,R-015,10213907200,11027088421,342.73,unclassified,0.0,0.0,0.549,0.0,0.2196,LOW
T+0min,R-016,10245790327,10245790331,31.71,trunk,0.0,0.0,0.4702,0.0,0.1881,LOW
T+0min,R-017,10245790331,13798210715,64.09,trunk,0.0,0.0,0.6129,0.0,0.2452,LOW
T+0min,R-018,10245790331,13798244195,9.33,residential,0.0,0.0,0.4586,0.0,0.1834,LOW
T+0min,R-019,10265662124,12406104883,82.88,trunk,0.0,0.0,0.5111,0.0,0.2044,LOW
T+0min,R-020,10265662124,12406104885,13.21,residential,0.0,0.0,0.4981,0.0,0.1992,LOW
T+0min,R-021,10265662126,10265662124,147.7,trunk,0.0,0.0,0.6781,0.0,0.2712,MODERATE
T+0min,R-022,10265662126,6428382636,15.66,residential,0.0,0.0,0.5818,0.0,0.2327,LOW
T+0min,R-023,10265662174,622042581,86.75,trunk_link,0.0,0.0,0.5588,0.0,0.2235,LOW
T+0min,R-024,10265662174,622042582,45.31,trunk,0.0,0.0,0.5235,0.0,0.2094,LOW
T+0min,R-025,10265662175,10265662174,41.47,trunk,0.0,0.0,0.6355,0.0,0.2542,MODERATE
T+0min,R-026,10265662175,12406085638,134.01,trunk_link,0.0,0.0,0.6298,0.0,0.2519,MODERATE
T+0min,R-027,10279771623,10279771626,41.31,primary_link,0.0,0.0,0.5724,0.0,0.229,LOW
T+0min,R-028,10279771623,631507992,28.4,primary,0.0,0.0,0.5789,0.0,0.2316,LOW
T+0min,R-029,10279771626,2897024777,70.02,tertiary,0.0,0.0,0.544,0.0,0.2176,LOW
T+0min,R-030,10279771627,10279771631,54.54,primary_link,0.0,0.0,0.4217,0.0,0.1687,LOW
T+0min,R-031,10279771627,245666966,35.27,primary,0.0,0.0,0.4115,0.0,0.1646,LOW
T+0min,R-032,10279771631,631507969,76.02,secondary,0.0,0.0,0.4493,0.0,0.1797,LOW
T+0min,R-033,10292442915,13383144370,76.65,secondary,0.0,0.0,0.446,0.0,0.1784,LOW
T+0min,R-034,10294725029,12350425034,184.13,tertiary,0.0,0.0,0.5356,0.0,0.2142,LOW
T+0min,R-035,10294725029,13638535682,24.64,residential,0.0,0.0,0.5114,0.0,0.2046,LOW
T+0min,R-036,10316548327,6428793085,65.39,residential,0.0,0.0,0.5619,0.0,0.2248,LOW
T+0min,R-037,10384248274,10384248275,22.33,trunk_link,0.0,0.0,0.5804,0.0,0.2322,LOW
T+0min,R-038,10384248274,2897024866,30.44,trunk,0.0,0.0,0.4874,0.0,0.195,LOW
T+0min,R-039,10384248275,10384248274,22.33,trunk_link,0.0,0.0,0.5804,0.0,0.2322,LOW
T+0min,R-040,10384248275,12406104884,257.8,trunk,0.0,0.0,0.6008,0.0,0.2403,LOW
T+0min,R-041,10564373799,10564373800,16.79,residential,0.0,0.0,0.5525,0.0,0.221,LOW
T+0min,R-042,10564373799,245667361,48.5,trunk,0.0,0.0,0.5316,0.0,0.2126,LOW
T+0min,R-043,10564373800,10564373799,16.79,residential,0.0,0.0,0.5525,0.0,0.221,LOW
T+0min,R-044,10653501374,10653501375,64.59,residential,0.0,0.0,0.356,0.0,0.1424,LOW
T+0min,R-045,10653501374,245665910,119.23,residential,0.0,0.0,0.6197,0.0,0.2479,LOW
T+0min,R-046,10653501374,473698890,69.48,residential,0.0,0.0,0.3567,0.0,0.1427,LOW
T+0min,R-047,10653501375,10653501374,64.59,residential,0.0,0.0,0.356,0.0,0.1424,LOW
T+0min,R-048,10653501375,10696472308,7.52,residential,0.0,0.0,0.3508,0.0,0.1403,LOW
T+0min,R-049,10653501375,245666351,155.72,residential,0.0,0.0,0.4554,0.0,0.1822,LOW
T+0min,R-050,10653501375,473698890,29.16,residential,0.0,0.0,0.3364,0.0,0.1346,LOW
T+0min,R-051,10696472306,13638535670,39.79,residential,0.0,0.0,0.544,0.0,0.2176,LOW
T+0min,R-052,10696472306,13638535675,29.79,residential,0.0,0.0,0.5401,0.0,0.216,LOW
T+0min,R-053,10696472306,245666367,71.59,residential,0.0,0.0,0.61,0.0,0.244,LOW
T+0min,R-054,10696472307,10696472308,48.33,residential,0.0,0.0,0.3672,0.0,0.1469,LOW
T+0min,R-055,10696472307,13638535675,33.56,residential,0.0,0.0,0.4436,0.0,0.1774,LOW
T+0min,R-056,10696472307,245666323,69.45,residential,0.0,0.0,0.4726,0.0,0.189,LOW
T+0min,R-057,10696472308,10653501375,7.52,residential,0.0,0.0,0.3508,0.0,0.1403,LOW
T+0min,R-058,10696472308,10696472307,48.33,residential,0.0,0.0,0.3672,0.0,0.1469,LOW
T+0min,R-059,10696472308,13638535652,64.73,residential,0.0,0.0,0.3684,0.0,0.1474,LOW
T+0min,R-060,10696472308,245666260,71.83,residential,0.0,0.0,0.4326,0.0,0.173,LOW
T+0min,R-061,10696472309,13638535652,3.19,residential,0.0,0.0,0.4442,0.0,0.1777,LOW
T+0min,R-062,10696472347,10696472356,48.98,residential,0.0,0.0,0.7019,0.0,0.2808,MODERATE
T+0min,R-063,10696472347,13638535683,64.81,residential,0.0,0.0,0.5435,0.0,0.2174,LOW
T+0min,R-064,10696472347,245666482,74.32,residential,0.0,0.0,0.7583,0.0,0.3033,MODERATE
T+0min,R-065,10696472349,10696472350,66.34,residential,0.0,0.0,0.467,0.0,0.1868,LOW
T+0min,R-066,10696472349,13638535686,74.14,residential,0.0,0.0,0.5482,0.0,0.2193,LOW
T+0min,R-067,10696472349,2439333822,119.0,residential,0.0,0.0,0.5907,0.0,0.2363,LOW
T+0min,R-068,10696472349,245666190,28.07,residential,0.0,0.0,0.488,0.0,0.1952,LOW
T+0min,R-069,10696472350,10696472349,66.34,residential,0.0,0.0,0.467,0.0,0.1868,LOW
T+0min,R-070,10696472350,13638535683,64.98,residential,0.0,0.0,0.4788,0.0,0.1915,LOW
T+0min,R-071,10696472350,13638535685,72.75,residential,0.0,0.0,0.5134,0.0,0.2054,LOW
T+0min,R-072,10696472350,245666260,30.74,residential,0.0,0.0,0.4788,0.0,0.1915,LOW
T+0min,R-073,10696472351,13638535681,16.07,residential,0.0,0.0,0.5545,0.0,0.2218,LOW
T+0min,R-074,10696472356,10696472347,48.98,residential,0.0,0.0,0.7019,0.0,0.2808,MODERATE
T+0min,R-075,10696472356,13638535681,14.31,residential,0.0,0.0,0.5801,0.0,0.232,LOW
T+0min,R-076,10696472356,245666446,29.73,residential,0.0,0.0,0.5907,0.0,0.2363,LOW
T+0min,R-077,10724726259,11047568171,11.43,tertiary,0.0,0.0,0.603,0.0,0.2412,LOW
T+0min,R-078,10724726259,13617040682,6.53,residential,0.0,0.0,0.6116,0.0,0.2446,LOW
T+0min,R-079,10724781030,13617040686,34.9,tertiary,0.0,0.0,0.8441,0.0,0.3376,MODERATE
T+0min,R-080,10724781030,245666801,7.12,tertiary,0.0,0.0,0.8067,0.0,0.3227,MODERATE
T+0min,R-081,10772904744,2804481649,69.76,trunk,,,,,,UNKNOWN
T+0min,R-082,10840042416,13619396536,18.54,residential,,,,,,UNKNOWN
T+0min,R-083,10923438752,622039354,34.51,residential,0.0,0.0,0.654,0.0,0.2616,MODERATE
T+0min,R-084,10923690270,10923690281,153.14,residential,,,,,,UNKNOWN
T+0min,R-085,10923690270,6554236451,93.08,residential,,,,,,UNKNOWN
T+0min,R-086,10923690270,6554236455,37.36,residential,,,,,,UNKNOWN
T+0min,R-087,10923690281,10923690270,153.14,residential,,,,,,UNKNOWN
T+0min,R-088,10923690283,10923690287,29.89,residential,,,,,,UNKNOWN
T+0min,R-089,10923690283,6554236429,13.34,residential,,,,,,UNKNOWN
T+0min,R-090,10923690283,6554236451,112.47,residential,,,,,,UNKNOWN
T+0min,R-091,10923690287,10923690283,29.89,residential,,,,,,UNKNOWN
T+0min,R-092,10923690293,13617292726,6.68,residential,,,,,,UNKNOWN
T+0min,R-093,10923690293,13617292729,36.91,residential,,,,,,UNKNOWN
T+0min,R-094,10923690293,2244637068,48.3,residential,,,,,,UNKNOWN
T+0min,R-095,10924156281,9684698224,68.54,residential,,,,,,UNKNOWN
T+0min,R-096,10924277272,10924277275,31.57,residential,0.0,0.0,0.5666,0.0,0.2266,LOW
T+0min,R-097,10924277272,12756633089,92.32,residential,0.0,0.0,0.462,0.0,0.1848,LOW
T+0min,R-098,10924277272,12756633089,156.13,residential,0.0,0.0,0.5697,0.0,0.2279,LOW
T+0min,R-099,10924277275,10924277272,31.57,residential,0.0,0.0,0.5666,0.0,0.2266,LOW
T+0min,R-100,10924277275,10924277275,339.19,residential,0.0,0.0,0.6545,0.0,0.2618,MODERATE
T+0min,R-101,10924277275,10924277275,339.19,residential,0.0,0.0,0.6545,0.0,0.2618,MODERATE
T+0min,R-102,10925931739,11046205760,18.27,residential,0.0,0.0,0.5158,0.0,0.2063,LOW
T+0min,R-103,10925931739,13619485526,8.68,residential,0.0,0.0,0.5134,0.0,0.2054,LOW
T+0min,R-104,10925931739,2244797686,51.06,residential,0.0,0.0,0.5478,0.0,0.2191,LOW
T+0min,R-105,10925931740,13619485519,103.44,residential,0.0,0.0,0.5331,0.0,0.2132,LOW
T+0min,R-106,10925931740,13619485519,10.53,residential,0.0,0.0,0.5188,0.0,0.2075,LOW
T+0min,R-107,10925931740,13619485526,12.82,residential,0.0,0.0,0.5106,0.0,0.2042,LOW
T+0min,R-108,10925931781,245667933,125.58,residential,0.0,0.0,0.5604,0.0,0.2242,LOW
T+0min,R-109,10925931781,245668039,8.27,secondary,0.0,0.0,0.6739,0.0,0.2696,MODERATE
T+0min,R-110,10925931781,4342420515,46.46,secondary,0.0,0.0,0.5687,0.0,0.2275,LOW
T+0min,R-111,10925941296,10925941300,34.66,residential,0.0,0.0,0.5412,0.0,0.2165,LOW
T+0min,R-112,10925941300,10925941296,34.66,residential,0.0,0.0,0.5412,0.0,0.2165,LOW
T+0min,R-113,10925941300,13619412997,44.77,residential,0.0,0.0,0.5378,0.0,0.2151,LOW
T+0min,R-114,10925941300,13622503093,33.46,residential,0.0,0.0,0.5821,0.0,0.2328,LOW
T+0min,R-115,10925943006,13619500841,47.23,residential,,,,,,UNKNOWN
T+0min,R-116,10925943006,13622503093,9.08,residential,,,,,,UNKNOWN
T+0min,R-117,10925943006,13622528191,15.5,residential,,,,,,UNKNOWN
T+0min,R-118,11027088421,10213907200,342.73,unclassified,0.0,0.0,0.549,0.0,0.2196,LOW
T+0min,R-119,11027088421,2897024682,481.95,unclassified,0.0,0.0,0.5826,0.0,0.233,LOW
T+0min,R-120,11045926287,7404711443,269.44,residential,0.0,0.0,0.4601,0.0,0.184,LOW
T+0min,R-121,11046194844,11046194845,19.74,residential,0.0,0.0,0.6331,0.0,0.2532,MODERATE
T+0min,R-122,11046194845,11046194844,19.74,residential,0.0,0.0,0.6327,0.0,0.2531,MODERATE
T+0min,R-123,11046194845,13619396529,29.14,residential,0.0,0.0,0.6163,0.0,0.2465,LOW
T+0min,R-124,11046194845,2244797686,23.64,residential,0.0,0.0,0.6193,0.0,0.2477,LOW
T+0min,R-125,11046205758,11046205759,24.89,residential,0.0,0.0,0.4988,0.0,0.1995,LOW
T+0min,R-126,11046205759,11046205758,24.89,residential,0.0,0.0,0.4988,0.0,0.1995,LOW
T+0min,R-127,11046205759,11046205760,20.9,residential,0.0,0.0,0.5085,0.0,0.2034,LOW
T+0min,R-128,11046205759,13622492455,2.71,residential,0.0,0.0,0.5071,0.0,0.2028,LOW
T+0min,R-129,11046205760,10925931739,18.27,residential,0.0,0.0,0.5158,0.0,0.2063,LOW
T+0min,R-130,11046205760,11046205759,20.9,residential,0.0,0.0,0.5085,0.0,0.2034,LOW
T+0min,R-131,11046205760,13622492459,27.53,residential,0.0,0.0,0.5173,0.0,0.2069,LOW
T+0min,R-132,11047568171,13617040683,46.74,tertiary,0.0,0.0,0.6317,0.0,0.2527,MODERATE
T+0min,R-133,11047568171,13626183257,126.95,residential,0.0,0.0,0.6199,0.0,0.248,LOW
T+0min,R-134,11047597219,13619318851,57.84,residential,0.0,0.0,0.4893,0.0,0.1957,LOW
T+0min,R-135,11047597219,13619318852,25.35,residential,0.0,0.0,0.4918,0.0,0.1967,LOW
T+0min,R-136,11047597219,13619318864,14.89,residential,0.0,0.0,0.5185,0.0,0.2074,LOW
T+0min,R-137,11054614468,11054614468,200.97,residential,0.0,0.0,0.5107,0.0,0.2043,LOW
T+0min,R-138,11054614468,11054614468,200.97,residential,0.0,0.0,0.5107,0.0,0.2043,LOW
T+0min,R-139,11054614468,3743617940,13.33,residential,0.0,0.0,0.4753,0.0,0.1901,LOW
T+0min,R-140,11054646813,11054646825,16.11,residential,0.0,0.0,0.4127,0.0,0.1651,LOW
T+0min,R-141,11054646813,2244637012,57.63,residential,0.0,0.0,0.4587,0.0,0.1835,LOW
T+0min,R-142,11054646813,622060792,14.23,residential,0.0,0.0,0.423,0.0,0.1692,LOW
T+0min,R-143,11054646825,11054646813,16.11,residential,0.0,0.0,0.4127,0.0,0.1651,LOW
T+0min,R-144,11054646825,11054646825,107.16,residential,0.0,0.0,0.4011,0.0,0.1604,LOW
T+0min,R-145,11054646825,11054646825,107.16,residential,0.0,0.0,0.4011,0.0,0.1604,LOW
T+0min,R-146,11054673420,2244637056,46.64,residential,,,,,,UNKNOWN
T+0min,R-147,11271580571,10091403659,6.71,primary,0.0,0.0,0.5246,0.0,0.2098,LOW
T+0min,R-148,11271580571,13617067002,61.72,tertiary,0.0,0.0,0.5112,0.0,0.2045,LOW
T+0min,R-149,11368130746,7404711477,113.44,residential,0.0,0.0,0.5661,0.0,0.2264,LOW
T+0min,R-150,11976374939,13622308166,65.09,tertiary,0.0,0.0,0.6464,0.0,0.2586,MODERATE
T+0min,R-151,11976374939,245666426,36.9,tertiary,0.0,0.0,0.6223,0.0,0.2489,LOW
T+0min,R-152,12079741513,2897024615,17.64,secondary,0.0,0.0,0.6061,0.0,0.2424,LOW
T+0min,R-153,12079741513,6552594957,398.69,primary,0.0,0.0,0.4721,0.0,0.1888,LOW
T+0min,R-154,12084454212,631525434,42.28,tertiary,0.0,0.0,0.4912,0.0,0.1965,LOW
T+0min,R-155,12084454212,9469495781,9.2,secondary,0.0,0.0,0.5075,0.0,0.203,LOW
T+0min,R-156,12243225438,245667542,141.67,trunk,0.0,0.0,0.5427,0.0,0.2171,LOW
T+0min,R-157,12311766936,2897024667,12.64,tertiary,0.0,0.0,0.5266,0.0,0.2106,LOW
T+0min,R-158,12311766936,476488948,198.12,tertiary,0.0,0.0,0.4879,0.0,0.1952,LOW
T+0min,R-159,12313982248,13615172966,7.68,residential,0.0,0.0,0.641,0.0,0.2564,MODERATE
T+0min,R-160,12313982248,13617040693,31.44,tertiary,0.0,0.0,0.6045,0.0,0.2418,LOW
T+0min,R-161,12313982248,13619368472,36.88,residential,0.0,0.0,0.6465,0.0,0.2586,MODERATE
T+0min,R-162,12313982253,12313982254,8.92,residential,0.0,0.0,0.8477,0.0,0.3391,MODERATE
T+0min,R-163,12313982253,13617040688,39.95,tertiary,0.0,0.0,0.7994,0.0,0.3198,MODERATE
T+0min,R-164,12313982253,3803645219,213.14,residential,0.0,0.0,0.6655,0.0,0.2662,MODERATE
T+0min,R-165,12313982254,12313982253,8.92,residential,0.0,0.0,0.8477,0.0,0.3391,MODERATE
T+0min,R-166,12313982254,13617040685,16.07,tertiary,0.0,0.0,0.8843,0.0,0.3537,MODERATE
T+0min,R-167,12334925193,2804520131,48.26,trunk,0.0,0.0,0.6028,0.0,0.2411,LOW
T+0min,R-168,12334925204,10265648752,1919.79,trunk,0.0,0.0,0.5969,0.0,0.2388,LOW
T+0min,R-169,12334925204,12334925193,324.23,trunk_link,0.0,0.0,0.4716,0.0,0.1886,LOW
T+0min,R-170,12350301184,245666579,14.74,tertiary,0.0,0.0,0.6131,0.0,0.2452,LOW
T+0min,R-171,12350391111,10294725029,8.95,tertiary,0.0,0.0,0.5129,0.0,0.2052,LOW
T+0min,R-172,12350391111,12350391112,8.29,tertiary_link,0.0,0.0,0.5198,0.0,0.2079,LOW
T+0min,R-173,12350391112,12350391111,8.29,tertiary_link,0.0,0.0,0.5198,0.0,0.2079,LOW
T+0min,R-174,12350391112,13617092826,85.79,tertiary,0.0,0.0,0.5883,0.0,0.2353,LOW
T+0min,R-175,12350425034,245666579,7.73,residential,0.0,0.0,0.5978,0.0,0.2391,LOW
T+0min,R-176,12350446596,12350446597,7.21,tertiary_link,0.0,0.0,0.5209,0.0,0.2084,LOW
T+0min,R-177,12350446596,13621901230,54.21,tertiary,0.0,0.0,0.5708,0.0,0.2283,LOW
T+0min,R-178,12350446597,12350446596,7.21,tertiary_link,0.0,0.0,0.5209,0.0,0.2084,LOW
T+0min,R-179,12350446597,13621901233,51.22,tertiary,0.0,0.0,0.5003,0.0,0.2001,LOW
T+0min,R-180,12350931355,2897024749,9.82,tertiary,,,,,,UNKNOWN
T+0min,R-181,12350931355,631507991,96.86,tertiary,,,,,,UNKNOWN
T+0min,R-182,12350931356,12350931355,8.27,tertiary,,,,,,UNKNOWN
T+0min,R-183,12378368422,12378368426,5.99,residential,0.0,0.0,0.1729,0.0,0.0692,LOW
T+0min,R-184,12378368422,6490872923,67.3,residential,0.0,0.0,0.2355,0.0,0.0942,LOW
T+0min,R-185,12378368422,6490872930,25.19,residential,0.0,0.0,0.1986,0.0,0.0794,LOW
T+0min,R-186,12378368426,12378368422,5.99,residential,0.0,0.0,0.1729,0.0,0.0692,LOW
T+0min,R-187,12378368426,245667468,17.87,residential,0.0,0.0,0.1798,0.0,0.0719,LOW
T+0min,R-188,12378368427,12378368426,25.09,residential,0.0,0.0,0.1987,0.0,0.0795,LOW
T+0min,R-189,12378368427,6490872930,6.18,residential,0.0,0.0,0.2287,0.0,0.0915,LOW
T+0min,R-190,12406085638,10384248275,2.73,trunk,0.0,0.0,0.6098,0.0,0.2439,LOW
T+0min,R-191,12406104882,10265662126,45.18,trunk,0.0,0.0,0.5685,0.0,0.2274,LOW
T+0min,R-192,12406104882,10772904744,1804.27,trunk,0.0,0.0,0.5819,0.0,0.2328,LOW
T+0min,R-193,12406104883,12406104884,28.17,trunk_link,0.0,0.0,0.5562,0.0,0.2225,LOW
T+0min,R-194,12406104883,5911310878,221.94,trunk,0.0,0.0,0.556,0.0,0.2224,LOW
T+0min,R-195,12406104884,12406104883,28.17,trunk_link,0.0,0.0,0.5562,0.0,0.2225,LOW
T+0min,R-196,12406104884,245667803,483.15,trunk,0.0,0.0,0.636,0.0,0.2544,MODERATE
T+0min,R-197,12406104885,10265662124,13.21,residential,0.0,0.0,0.4981,0.0,0.1992,LOW
T+0min,R-198,12406104885,13618374677,76.32,residential,0.0,0.0,0.5276,0.0,0.211,LOW
T+0min,R-199,12406104885,6428382636,156.17,residential,0.0,0.0,0.6763,0.0,0.2705,MODERATE
T+0min,R-200,12486614582,11187458034,9.33,tertiary,0.0,0.0,0.4691,0.0,0.1876,LOW
T+0min,R-201,12486614582,6428811261,4.7,tertiary,0.0,0.0,0.4691,0.0,0.1876,LOW
T+0min,R-202,12486614584,12486614582,7.27,tertiary,0.0,0.0,0.4691,0.0,0.1876,LOW
T+0min,R-203,12756633089,10924277272,92.32,residential,0.0,0.0,0.462,0.0,0.1848,LOW
T+0min,R-204,12756633089,10924277272,156.13,residential,0.0,0.0,0.5697,0.0,0.2279,LOW
T+0min,R-205,12756633089,6428382636,95.51,residential,0.0,0.0,0.5296,0.0,0.2118,LOW
T+0min,R-206,13093786757,12334925204,88.97,trunk,0.0,0.0,0.5039,0.0,0.2016,LOW
T+0min,R-207,13398075180,13398075181,14.55,tertiary_link,0.0,0.0,0.6197,0.0,0.2479,LOW
T+0min,R-208,13398075180,13615156514,94.7,tertiary,0.0,0.0,0.6821,0.0,0.2728,MODERATE
T+0min,R-209,13398075181,13398075180,14.55,tertiary_link,0.0,0.0,0.6197,0.0,0.2479,LOW
T+0min,R-210,13398075181,13615156517,225.3,tertiary,0.0,0.0,0.6937,0.0,0.2775,MODERATE
T+0min,R-211,13408237102,13408237103,70.39,residential,0.0,0.0,0.2863,0.0,0.1145,LOW
T+0min,R-212,13408237102,13408237104,42.66,residential,0.0,0.0,0.542,0.0,0.2168,LOW
T+0min,R-213,13408237102,2244637007,132.8,residential,0.0,0.0,0.469,0.0,0.1876,LOW
T+0min,R-214,13408237103,13408237102,70.39,residential,0.0,0.0,0.2863,0.0,0.1145,LOW
T+0min,R-215,13408237104,13408237102,42.66,residential,0.0,0.0,0.542,0.0,0.2168,LOW
T+0min,R-216,13408237104,13408237105,47.79,residential,0.0,0.0,0.5112,0.0,0.2045,LOW
T+0min,R-217,13408237104,13503191895,25.54,residential,0.0,0.0,0.5401,0.0,0.216,LOW
T+0min,R-218,13408237105,13408237104,47.79,residential,0.0,0.0,0.5112,0.0,0.2045,LOW
T+0min,R-219,13433910625,13433910629,61.65,residential,0.0,0.0,0.526,0.0,0.2104,LOW
T+0min,R-220,13433910625,2804481652,96.83,trunk,0.0,0.0,0.5027,0.0,0.2011,LOW
T+0min,R-221,13433910628,13433910629,44.95,residential,0.0,0.0,0.5707,0.0,0.2283,LOW
T+0min,R-222,13433910629,13433910625,61.65,residential,0.0,0.0,0.526,0.0,0.2104,LOW
T+0min,R-223,13433910629,13433910628,44.95,residential,0.0,0.0,0.5707,0.0,0.2283,LOW
T+0min,R-224,13433910629,13433910631,74.18,residential,0.0,0.0,0.6028,0.0,0.2411,LOW
T+0min,R-225,13433910631,13433910629,74.18,residential,0.0,0.0,0.6028,0.0,0.2411,LOW
T+0min,R-226,13503191895,13408237104,25.54,residential,0.0,0.0,0.5401,0.0,0.216,LOW
T+0min,R-227,13503191895,13503253504,105.22,residential,0.0,0.0,0.5158,0.0,0.2063,LOW
T+0min,R-228,13503191895,3743617940,12.31,residential,0.0,0.0,0.4944,0.0,0.1978,LOW
T+0min,R-229,13503253504,13503191895,105.22,residential,0.0,0.0,0.5157,0.0,0.2063,LOW
T+0min,R-230,13601073293,13619507487,103.13,residential,0.0,0.0,0.6966,0.0,0.2786,MODERATE
T+0min,R-231,13601073293,2244797686,20.6,residential,0.0,0.0,0.6713,0.0,0.2685,MODERATE
T+0min,R-232,13601073293,622039341,110.41,residential,0.0,0.0,0.7272,0.0,0.2909,MODERATE
T+0min,R-233,13614337239,13614337241,98.86,residential,0.0,0.0,0.4453,0.0,0.1781,LOW
T+0min,R-234,13614337239,13614337242,79.05,residential,0.0,0.0,0.4207,0.0,0.1683,LOW
T+0min,R-235,13614337239,245666192,132.84,residential,0.0,0.0,0.6408,0.0,0.2563,MODERATE
T+0min,R-236,13614337241,13614337239,98.86,residential,0.0,0.0,0.4453,0.0,0.1781,LOW
T+0min,R-237,13614337241,13614337242,21.79,residential,0.0,0.0,0.4171,0.0,0.1668,LOW
T+0min,R-238,13614337241,13614337249,19.66,residential,0.0,0.0,0.4194,0.0,0.1678,LOW
T+0min,R-239,13614337242,13614337239,79.05,residential,0.0,0.0,0.4207,0.0,0.1683,LOW
T+0min,R-240,13614337242,13614337241,21.79,residential,0.0,0.0,0.4171,0.0,0.1668,LOW
T+0min,R-241,13614337242,6585962883,16.14,residential,0.0,0.0,0.4159,0.0,0.1664,LOW
T+0min,R-242,13614337247,13614337249,39.04,residential,0.0,0.0,0.4256,0.0,0.1702,LOW
T+0min,R-243,13614337247,6585962883,14.99,residential,0.0,0.0,0.4196,0.0,0.1678,LOW
T+0min,R-244,13614337247,6585998686,76.41,residential,0.0,0.0,0.5155,0.0,0.2062,LOW
T+0min,R-245,13614337249,13614337241,19.66,residential,0.0,0.0,0.4194,0.0,0.1678,LOW
T+0min,R-246,13614337249,13614337247,39.04,residential,0.0,0.0,0.4256,0.0,0.1702,LOW
T+0min,R-247,13614337249,6585962883,27.32,residential,0.0,0.0,0.4173,0.0,0.1669,LOW
T+0min,R-248,13614452347,13614452359,54.31,trunk,0.0,0.0,0.6866,0.0,0.2746,MODERATE
T+0min,R-249,13614452347,13614452359,139.79,residential,0.0,0.0,0.6267,0.0,0.2507,MODERATE
T+0min,R-250,13614452359,13614452347,139.79,residential,0.0,0.0,0.6267,0.0,0.2507,MODERATE
T+0min,R-251,13614452359,9691859215,22.47,trunk,0.0,0.0,0.6501,0.0,0.26,MODERATE
T+0min,R-252,13614466650,13614466653,18.75,residential,0.0,0.0,0.4899,0.0,0.196,LOW
T+0min,R-253,13614466650,13614466656,25.02,residential,0.0,0.0,0.4664,0.0,0.1866,LOW
T+0min,R-254,13614466650,13614467518,4.31,residential,0.0,0.0,0.4818,0.0,0.1927,LOW
T+0min,R-255,13614466653,13614466650,18.75,residential,0.0,0.0,0.4899,0.0,0.196,LOW
T+0min,R-256,13614466656,13614466650,25.02,residential,0.0,0.0,0.4664,0.0,0.1866,LOW
T+0min,R-257,13614467518,13614466650,4.31,residential,0.0,0.0,0.4818,0.0,0.1927,LOW
T+0min,R-258,13614467518,3743617937,34.2,residential,0.0,0.0,0.531,0.0,0.2124,LOW
T+0min,R-259,13614467518,3743617940,37.51,residential,0.0,0.0,0.4662,0.0,0.1865,LOW
T+0min,R-260,13615156514,12243225438,121.44,tertiary,0.0,0.0,0.7111,0.0,0.2844,MODERATE
T+0min,R-261,13615156514,13615156515,14.84,tertiary_link,0.0,0.0,0.7156,0.0,0.2862,MODERATE
T+0min,R-262,13615156515,13398075181,93.56,tertiary,0.0,0.0,0.5789,0.0,0.2316,LOW
T+0min,R-263,13615156515,13615156514,14.84,tertiary_link,0.0,0.0,0.7156,0.0,0.2862,MODERATE
T+0min,R-264,13615156516,13398075180,222.42,tertiary,0.0,0.0,0.7252,0.0,0.2901,MODERATE
T+0min,R-265,13615156516,13615156517,13.96,tertiary_link,0.0,0.0,0.4702,0.0,0.1881,LOW
T+0min,R-266,13615156517,13615156516,13.96,tertiary_link,0.0,0.0,0.4702,0.0,0.1881,LOW
T+0min,R-267,13615156517,13615156519,71.54,tertiary,0.0,0.0,0.4166,0.0,0.1666,LOW
T+0min,R-268,13615156518,13615156516,70.36,tertiary,0.0,0.0,0.4227,0.0,0.1691,LOW
T+0min,R-269,13615156518,13615156519,14.51,tertiary_link,0.0,0.0,0.3817,0.0,0.1527,LOW
T+0min,R-270,13615156519,13615156518,14.51,tertiary_link,0.0,0.0,0.3817,0.0,0.1527,LOW
T+0min,R-271,13615156519,6554302593,140.77,tertiary,0.0,0.0,0.4343,0.0,0.1737,LOW
T+0min,R-272,13615156523,245666274,24.14,secondary,0.0,0.0,0.4127,0.0,0.1651,LOW
T+0min,R-273,13615156523,2897024625,234.8,secondary,0.0,0.0,0.4435,0.0,0.1774,LOW
T+0min,R-274,13615172965,13617040696,36.73,tertiary,0.0,0.0,0.6811,0.0,0.2724,MODERATE
T+0min,R-275,13615172965,9469523484,5.42,residential,0.0,0.0,0.7875,0.0,0.315,MODERATE
T+0min,R-276,13615172966,12313982248,7.68,residential,0.0,0.0,0.641,0.0,0.2564,MODERATE
T+0min,R-277,13615172966,13617040692,56.23,tertiary,0.0,0.0,0.6219,0.0,0.2488,LOW
T+0min,R-278,13616287392,10055232024,9.75,residential,0.0,0.0,0.574,0.0,0.2296,LOW
T+0min,R-279,13616287392,5896564331,27.84,tertiary,0.0,0.0,0.577,0.0,0.2308,LOW
T+0min,R-280,13616287393,13616287394,7.99,tertiary_link,0.0,0.0,0.5528,0.0,0.2211,LOW
T+0min,R-281,13616287393,6428617352,19.54,tertiary,0.0,0.0,0.5343,0.0,0.2137,LOW
T+0min,R-282,13616287394,13616287393,7.99,tertiary_link,0.0,0.0,0.5528,0.0,0.2211,LOW
T+0min,R-283,13616287394,2897024748,235.5,tertiary,0.0,0.0,0.5934,0.0,0.2374,LOW
T+0min,R-284,13616287395,2897024710,60.06,tertiary,0.0,0.0,0.4904,0.0,0.1962,LOW
T+0min,R-285,13616287395,2897024713,8.37,residential,0.0,0.0,0.4778,0.0,0.1911,LOW
T+0min,R-286,13616325515,10091403656,6.09,tertiary_link,0.0,0.0,0.751,0.0,0.3004,MODERATE
T+0min,R-287,13616325515,245666192,30.94,tertiary,0.0,0.0,0.7534,0.0,0.3014,MODERATE
T+0min,R-288,13616325516,13617040697,25.39,tertiary,0.0,0.0,0.5404,0.0,0.2162,LOW
T+0min,R-289,13616325516,3803643818,5.12,residential,0.0,0.0,0.5466,0.0,0.2186,LOW
T+0min,R-290,13617034594,631507968,130.89,secondary,0.0,0.0,0.5139,0.0,0.2056,LOW
T+0min,R-291,13617040678,13617040684,74.61,tertiary,0.0,0.0,0.5928,0.0,0.2371,LOW
T+0min,R-292,13617040678,7372035744,13.12,tertiary,0.0,0.0,0.5718,0.0,0.2287,LOW
T+0min,R-293,13617040682,10724726259,6.53,residential,0.0,0.0,0.6116,0.0,0.2446,LOW
T+0min,R-294,13617040682,13617092827,10.26,tertiary,0.0,0.0,0.6268,0.0,0.2507,MODERATE
T+0min,R-295,13617040682,13617092837,22.96,residential,0.0,0.0,0.6006,0.0,0.2402,LOW
T+0min,R-296,13617040683,13617040678,75.06,tertiary,0.0,0.0,0.5962,0.0,0.2385,LOW
T+0min,R-297,13617040683,13617040684,5.21,tertiary_link,0.0,0.0,0.6111,0.0,0.2444,LOW
T+0min,R-298,13617040684,13617040682,57.9,tertiary,0.0,0.0,0.6118,0.0,0.2447,LOW
T+0min,R-299,13617040684,13617040683,5.21,tertiary_link,0.0,0.0,0.6111,0.0,0.2444,LOW
T+0min,R-300,13617040685,10724781030,33.11,tertiary,0.0,0.0,0.8783,0.0,0.3513,MODERATE
T+0min,R-301,13617040685,13617040686,7.84,tertiary_link,0.0,0.0,0.9184,0.0,0.3674,MODERATE
T+0min,R-302,13617040686,12313982253,16.49,tertiary,0.0,0.0,0.9032,0.0,0.3613,MODERATE
T+0min,R-303,13617040686,13617040685,7.84,tertiary_link,0.0,0.0,0.9184,0.0,0.3674,MODERATE
T+0min,R-304,13617040687,12313982254,40.09,tertiary,0.0,0.0,0.7451,0.0,0.298,MODERATE
T+0min,R-305,13617040687,13617040688,8.16,tertiary_link,0.0,0.0,0.7397,0.0,0.2959,MODERATE
T+0min,R-306,13617040688,13617040687,8.16,tertiary_link,0.0,0.0,0.7397,0.0,0.2959,MODERATE
T+0min,R-307,13617040688,13617040689,79.85,tertiary,0.0,0.0,0.6995,0.0,0.2798,MODERATE
T+0min,R-308,13617040689,13617040690,8.4,tertiary_link,0.0,0.0,0.6509,0.0,0.2604,MODERATE
T+0min,R-309,13617040689,13617040691,24.3,tertiary,0.0,0.0,0.6637,0.0,0.2655,MODERATE
T+0min,R-310,13617040690,13617040687,79.46,tertiary,0.0,0.0,0.659,0.0,0.2636,MODERATE
T+0min,R-311,13617040690,13617040689,8.4,tertiary_link,0.0,0.0,0.6509,0.0,0.2604,MODERATE
T+0min,R-312,13617040691,12313982248,56.77,tertiary,0.0,0.0,0.6236,0.0,0.2494,LOW
T+0min,R-313,13617040691,13617040692,8.25,tertiary_link,0.0,0.0,0.6113,0.0,0.2445,LOW
T+0min,R-314,13617040692,13617040690,24.5,tertiary,0.0,0.0,0.6433,0.0,0.2573,MODERATE
T+0min,R-315,13617040692,13617040691,8.25,tertiary_link,0.0,0.0,0.6113,0.0,0.2445,LOW
T+0min,R-316,13617040693,13617040694,7.62,tertiary_link,0.0,0.0,0.5603,0.0,0.2241,LOW
T+0min,R-317,13617040693,3193827831,35.57,tertiary,0.0,0.0,0.5447,0.0,0.2179,LOW
T+0min,R-318,13617040694,13615172966,31.47,tertiary,0.0,0.0,0.6003,0.0,0.2401,LOW
T+0min,R-319,13617040694,13617040693,7.62,tertiary_link,0.0,0.0,0.5603,0.0,0.2241,LOW
T+0min,R-320,13617040695,13617040696,5.23,tertiary_link,0.0,0.0,0.5629,0.0,0.2252,LOW
T+0min,R-321,13617040695,9469523484,37.41,tertiary,0.0,0.0,0.6898,0.0,0.2759,MODERATE
T+0min,R-322,13617040696,13616325516,32.27,tertiary,0.0,0.0,0.5432,0.0,0.2173,LOW
T+0min,R-323,13617040696,13617040695,5.23,tertiary_link,0.0,0.0,0.5629,0.0,0.2252,LOW
T+0min,R-324,13617040697,10091403662,35.41,tertiary,0.0,0.0,0.5394,0.0,0.2158,LOW
T+0min,R-325,13617040697,245666370,6.68,tertiary_link,0.0,0.0,0.5431,0.0,0.2172,LOW
T+0min,R-326,13617067002,10091403664,125.59,tertiary,0.0,0.0,0.7127,0.0,0.2851,MODERATE
T+0min,R-327,13617067002,245666077,5.65,tertiary_link,0.0,0.0,0.5326,0.0,0.213,LOW
T+0min,R-328,13617092826,10724726259,9.92,tertiary,0.0,0.0,0.6221,0.0,0.2488,LOW
T+0min,R-329,13617092826,13617092827,6.9,residential,0.0,0.0,0.6405,0.0,0.2562,MODERATE
T+0min,R-330,13617092827,12350391111,86.31,tertiary,0.0,0.0,0.5815,0.0,0.2326,LOW
T+0min,R-331,13617092827,13617092826,6.9,residential,0.0,0.0,0.6405,0.0,0.2562,MODERATE
T+0min,R-332,13617092827,13617092838,23.35,residential,0.0,0.0,0.6323,0.0,0.2529,MODERATE
T+0min,R-333,13617092832,13617092835,63.86,residential,0.0,0.0,0.5573,0.0,0.2229,LOW
T+0min,R-334,13617092832,13617092836,59.88,residential,0.0,0.0,0.5595,0.0,0.2238,LOW
T+0min,R-335,13617092832,13617550909,156.58,residential,0.0,0.0,0.7102,0.0,0.2841,MODERATE
T+0min,R-336,13617092835,13617092832,63.86,residential,0.0,0.0,0.5573,0.0,0.2229,LOW
T+0min,R-337,13617092835,13617092836,6.33,residential,0.0,0.0,0.5595,0.0,0.2238,LOW
T+0min,R-338,13617092835,13617092838,176.09,residential,0.0,0.0,0.6576,0.0,0.263,MODERATE
T+0min,R-339,13617092836,13617092832,59.88,residential,0.0,0.0,0.5595,0.0,0.2238,LOW
T+0min,R-340,13617092836,13617092835,6.33,residential,0.0,0.0,0.5595,0.0,0.2238,LOW
T+0min,R-341,13617092836,13617092837,176.37,residential,0.0,0.0,0.6495,0.0,0.2598,MODERATE
T+0min,R-342,13617092837,13617040682,22.96,residential,0.0,0.0,0.6006,0.0,0.2402,LOW
T+0min,R-343,13617092837,13617092836,176.37,residential,0.0,0.0,0.6495,0.0,0.2598,MODERATE
T+0min,R-344,13617092837,13617092838,9.69,residential,0.0,0.0,0.6056,0.0,0.2422,LOW
T+0min,R-345,13617092838,13617092827,23.35,residential,0.0,0.0,0.6323,0.0,0.2529,MODERATE
T+0min,R-346,13617092838,13617092835,176.09,residential,0.0,0.0,0.6576,0.0,0.263,MODERATE
T+0min,R-347,13617092838,13617092837,9.69,residential,0.0,0.0,0.6056,0.0,0.2422,LOW
T+0min,R-348,13617092839,6428811263,5.46,tertiary,0.0,0.0,0.6164,0.0,0.2466,LOW
T+0min,R-349,13617092839,8570027362,42.87,residential,0.0,0.0,0.5766,0.0,0.2306,LOW
T+0min,R-350,13617092840,6428811262,6.78,tertiary,0.0,0.0,0.6082,0.0,0.2433,LOW
T+0min,R-351,13617092840,6428811270,95.73,tertiary,0.0,0.0,0.5802,0.0,0.2321,LOW
T+0min,R-352,13617280082,13617280087,38.42,residential,,,,,,UNKNOWN
T+0min,R-353,13617280082,13617327485,128.75,residential,0.0,0.0,0.5462,0.0,0.2185,LOW
T+0min,R-354,13617280082,245668208,44.67,residential,,,,,,UNKNOWN
T+0min,R-355,13617280087,13617280082,38.42,residential,,,,,,UNKNOWN
T+0min,R-356,13617292720,13617292726,31.17,residential,,,,,,UNKNOWN
T+0min,R-357,13617292720,13617292726,44.62,residential,,,,,,UNKNOWN
T+0min,R-358,13617292720,13617292729,12.94,residential,,,,,,UNKNOWN
T+0min,R-359,13617292726,10923690293,6.68,residential,,,,,,UNKNOWN
T+0min,R-360,13617292726,13617292720,44.62,residential,,,,,,UNKNOWN
T+0min,R-361,13617292726,13617292720,31.17,residential,,,,,,UNKNOWN
T+0min,R-362,13617292729,10923690293,36.91,residential,,,,,,UNKNOWN
T+0min,R-363,13617292729,13617292720,12.94,residential,,,,,,UNKNOWN
T+0min,R-364,13617292729,623895532,50.08,residential,,,,,,UNKNOWN
T+0min,R-365,13617327485,13617280082,128.75,residential,0.0,0.0,0.5462,0.0,0.2185,LOW
T+0min,R-366,13617327485,13617327487,13.04,residential,0.0,0.0,0.4955,0.0,0.1982,LOW
T+0min,R-367,13617327485,7404711477,52.26,residential,0.0,0.0,0.534,0.0,0.2136,LOW
T+0min,R-368,13617327487,13617327485,13.04,residential,0.0,0.0,0.4955,0.0,0.1982,LOW
T+0min,R-369,13617327487,13617327487,99.62,residential,0.0,0.0,0.4821,0.0,0.1928,LOW
T+0min,R-370,13617327487,13617327487,99.62,residential,0.0,0.0,0.4821,0.0,0.1928,LOW
T+0min,R-371,13617483789,13617483791,5.29,tertiary,0.0,0.0,0.6152,0.0,0.2461,LOW
T+0min,R-372,13617483791,13617483792,2.64,tertiary,0.0,0.0,0.6306,0.0,0.2522,MODERATE
T+0min,R-373,13617483791,13619318866,100.36,residential,0.0,0.0,0.5852,0.0,0.2341,LOW
T+0min,R-374,13617483792,13617550909,20.4,residential,0.0,0.0,0.6628,0.0,0.2651,MODERATE
T+0min,R-375,13617483792,13617550913,9.91,tertiary,0.0,0.0,0.6426,0.0,0.257,MODERATE
T+0min,R-376,13617483794,13617550919,9.35,tertiary,0.0,0.0,0.6171,0.0,0.2468,LOW
T+0min,R-377,13617483794,13617550927,24.58,tertiary,0.0,0.0,0.6138,0.0,0.2455,LOW
T+0min,R-378,13617550905,13617483789,8.06,tertiary,0.0,0.0,0.5993,0.0,0.2397,LOW
T+0min,R-379,13617550905,13617550915,26.3,tertiary,0.0,0.0,0.5324,0.0,0.213,LOW
T+0min,R-380,13617550909,13617092832,156.58,residential,0.0,0.0,0.7102,0.0,0.2841,MODERATE
T+0min,R-381,13617550909,13617550913,21.05,residential,0.0,0.0,0.663,0.0,0.2652,MODERATE
T+0min,R-382,13617550913,13617483794,3.32,tertiary,0.0,0.0,0.6339,0.0,0.2536,MODERATE
T+0min,R-383,13617550915,245666158,28.38,tertiary,0.0,0.0,0.4665,0.0,0.1866,LOW
T+0min,R-384,13617550915,7365871208,7.27,tertiary_link,0.0,0.0,0.4872,0.0,0.1949,LOW
T+0min,R-385,13617550919,13617550905,12.15,tertiary,0.0,0.0,0.5885,0.0,0.2354,LOW
T+0min,R-386,13617550926,13617550919,19.52,tertiary,0.0,0.0,0.5892,0.0,0.2357,LOW
T+0min,R-387,13617550926,13617550927,7.96,tertiary_link,0.0,0.0,0.591,0.0,0.2364,LOW
T+0min,R-388,13617550927,13617550926,7.96,tertiary_link,0.0,0.0,0.591,0.0,0.2364,LOW
T+0min,R-389,13617550927,13617550929,85.37,tertiary,0.0,0.0,0.5309,0.0,0.2124,LOW
T+0min,R-390,13617550928,13617550926,86.76,tertiary,0.0,0.0,0.5268,0.0,0.2107,LOW
T+0min,R-391,13617550928,13617550929,14.72,residential,0.0,0.0,0.4521,0.0,0.1808,LOW
T+0min,R-392,13617550928,13618123059,16.53,residential,0.0,0.0,0.452,0.0,0.1808,LOW
T+0min,R-393,13617550929,13617550923,27.06,tertiary,0.0,0.0,0.483,0.0,0.1932,LOW
T+0min,R-394,13617550929,13617550928,14.72,residential,0.0,0.0,0.4521,0.0,0.1808,LOW
T+0min,R-395,13618123059,13617550928,16.53,residential,0.0,0.0,0.452,0.0,0.1808,LOW
T+0min,R-396,13618123059,13618123066,49.46,residential,0.0,0.0,0.4662,0.0,0.1865,LOW
T+0min,R-397,13618123059,13618123089,18.89,residential,0.0,0.0,0.4489,0.0,0.1796,LOW
T+0min,R-398,13618123066,13618123059,49.46,residential,0.0,0.0,0.4662,0.0,0.1865,LOW
T+0min,R-399,13618123066,13618123089,14.18,residential,0.0,0.0,0.4591,0.0,0.1836,LOW
T+0min,R-400,13618123066,13618123089,137.56,residential,0.0,0.0,0.4416,0.0,0.1766,LOW
T+0min,R-401,13618123089,13618123059,18.89,residential,0.0,0.0,0.4489,0.0,0.1796,LOW
T+0min,R-402,13618123089,13618123066,14.18,residential,0.0,0.0,0.4591,0.0,0.1836,LOW
T+0min,R-403,13618123089,13618123066,137.56,residential,0.0,0.0,0.4416,0.0,0.1766,LOW
T+0min,R-404,13618156305,13618156307,29.01,residential,0.0,0.0,0.3963,0.0,0.1585,LOW
T+0min,R-405,13618156307,13617550928,62.17,tertiary,0.0,0.0,0.4561,0.0,0.1824,LOW
T+0min,R-406,13618156307,13618156305,29.01,residential,0.0,0.0,0.3962,0.0,0.1585,LOW
T+0min,R-407,13618292019,13618292025,19.65,residential,0.0,0.0,0.1554,0.0,0.0622,LOW
T+0min,R-408,13618292019,13618292027,7.85,residential,0.0,0.0,0.166,0.0,0.0664,LOW
T+0min,R-409,13618292019,245667468,4.23,residential,0.0,0.0,0.1804,0.0,0.0722,LOW
T+0min,R-410,13618292025,10111287875,47.89,residential,0.0,0.0,0.1573,0.0,0.0629,LOW
T+0min,R-411,13618292025,13618292019,19.65,residential,0.0,0.0,0.1554,0.0,0.0622,LOW
T+0min,R-412,13618292025,13618292030,12.03,residential,0.0,0.0,0.1223,0.0,0.0489,LOW
T+0min,R-413,13618292027,13618292019,7.85,residential,0.0,0.0,0.166,0.0,0.0664,LOW
T+0min,R-414,13618292027,13618292030,51.24,residential,0.0,0.0,0.1448,0.0,0.0579,LOW
T+0min,R-415,13618292027,13618292030,20.74,residential,0.0,0.0,0.1348,0.0,0.0539,LOW
T+0min,R-416,13618292030,13618292025,12.03,residential,0.0,0.0,0.1223,0.0,0.0489,LOW
T+0min,R-417,13618292030,13618292027,51.24,residential,0.0,0.0,0.1448,0.0,0.0579,LOW
T+0min,R-418,13618292030,13618292027,20.74,residential,0.0,0.0,0.1348,0.0,0.0539,LOW
T+0min,R-419,13618347449,245667863,266.41,secondary,0.0,0.0,0.494,0.0,0.1976,LOW
T+0min,R-420,13618347449,7366246694,174.97,residential,0.0,0.0,0.421,0.0,0.1684,LOW
T+0min,R-421,13618374654,13618374655,19.09,residential,0.0,0.0,0.5171,0.0,0.2068,LOW
T+0min,R-422,13618374655,13618374654,19.09,residential,0.0,0.0,0.5171,0.0,0.2068,LOW
T+0min,R-423,13618374655,13618374657,21.38,residential,0.0,0.0,0.5376,0.0,0.215,LOW
T+0min,R-424,13618374655,13618374664,69.05,residential,0.0,0.0,0.575,0.0,0.23,LOW
T+0min,R-425,13618374655,6598052694,16.18,residential,0.0,0.0,0.5104,0.0,0.2042,LOW
T+0min,R-426,13618374656,13618374657,15.18,residential,0.0,0.0,0.5539,0.0,0.2216,LOW
T+0min,R-427,13618374657,13618374655,21.38,residential,0.0,0.0,0.5376,0.0,0.215,LOW
T+0min,R-428,13618374657,13618374656,15.18,residential,0.0,0.0,0.5539,0.0,0.2216,LOW
T+0min,R-429,13618374657,5911310880,39.28,residential,0.0,0.0,0.5342,0.0,0.2137,LOW
T+0min,R-430,13618374664,13618374655,69.05,residential,0.0,0.0,0.575,0.0,0.23,LOW
T+0min,R-431,13618374670,5911310880,65.19,residential,0.0,0.0,0.5539,0.0,0.2216,LOW
T+0min,R-432,13618374671,13618374676,66.12,residential,0.0,0.0,0.591,0.0,0.2364,LOW
T+0min,R-433,13618374671,13618374677,45.51,residential,0.0,0.0,0.6557,0.0,0.2623,MODERATE
T+0min,R-434,13618374671,13618374681,26.7,residential,0.0,0.0,0.6176,0.0,0.247,LOW
T+0min,R-435,13618374676,13618374671,66.12,residential,0.0,0.0,0.591,0.0,0.2364,LOW
T+0min,R-436,13618374676,13618374681,42.66,residential,0.0,0.0,0.5199,0.0,0.208,LOW
T+0min,R-437,13618374676,5911310880,18.15,residential,0.0,0.0,0.5159,0.0,0.2064,LOW
T+0min,R-438,13618374677,12406104885,76.32,residential,0.0,0.0,0.5276,0.0,0.211,LOW
T+0min,R-439,13618374677,13618374671,45.51,residential,0.0,0.0,0.6557,0.0,0.2623,MODERATE
T+0min,R-440,13618374677,13618374681,71.66,residential,0.0,0.0,0.6489,0.0,0.2596,MODERATE
T+0min,R-441,13618374677,13618374689,57.67,residential,0.0,0.0,0.5778,0.0,0.2311,LOW
T+0min,R-442,13618374681,13618374671,26.7,residential,0.0,0.0,0.6176,0.0,0.247,LOW
T+0min,R-443,13618374681,13618374676,42.66,residential,0.0,0.0,0.5199,0.0,0.208,LOW
T+0min,R-444,13618374681,13618374677,71.66,residential,0.0,0.0,0.6489,0.0,0.2596,MODERATE
T+0min,R-445,13618374689,13618374677,57.67,residential,0.0,0.0,0.5778,0.0,0.2311,LOW
T+0min,R-446,13618395293,13618395297,51.09,residential,0.0,0.0,0.8065,0.0,0.3226,MODERATE
T+0min,R-447,13618395297,13618395293,51.09,residential,0.0,0.0,0.8065,0.0,0.3226,MODERATE
T+0min,R-448,13618395297,13618395298,20.21,residential,0.0,0.0,0.7724,0.0,0.309,MODERATE
T+0min,R-449,13618395297,13618399201,8.18,residential,0.0,0.0,0.8363,0.0,0.3345,MODERATE
T+0min,R-450,13618395298,13618395297,20.21,residential,0.0,0.0,0.7724,0.0,0.309,MODERATE
T+0min,R-451,13618399201,13618395297,8.18,residential,0.0,0.0,0.8363,0.0,0.3345,MODERATE
T+0min,R-452,13618399201,13619536860,52.8,residential,0.0,0.0,0.7904,0.0,0.3162,MODERATE
T+0min,R-453,13618399201,5911310871,121.31,residential,0.0,0.0,0.7294,0.0,0.2918,MODERATE
T+0min,R-454,13618414606,13618414607,23.83,residential,0.0,0.0,0.5204,0.0,0.2082,LOW
T+0min,R-455,13618414606,13618414607,62.6,residential,0.0,0.0,0.5361,0.0,0.2144,LOW
T+0min,R-456,13618414606,7365813760,13.43,residential,0.0,0.0,0.5017,0.0,0.2007,LOW
T+0min,R-457,13618414607,13618414606,23.83,residential,0.0,0.0,0.5204,0.0,0.2082,LOW
T+0min,R-458,13618414607,13618414606,62.6,residential,0.0,0.0,0.5361,0.0,0.2144,LOW
T+0min,R-459,13618414607,622039345,7.6,residential,0.0,0.0,0.5447,0.0,0.2179,LOW
T+0min,R-460,13619237603,13619237606,18.82,residential,0.0,0.0,0.5149,0.0,0.206,LOW
T+0min,R-461,13619237603,13619237610,13.31,residential,0.0,0.0,0.5216,0.0,0.2086,LOW
T+0min,R-462,13619237603,622039354,70.45,residential,0.0,0.0,0.5666,0.0,0.2266,LOW
T+0min,R-463,13619237606,13619237603,18.82,residential,0.0,0.0,0.5149,0.0,0.206,LOW
T+0min,R-464,13619237610,13619237603,13.31,residential,0.0,0.0,0.5216,0.0,0.2086,LOW
T+0min,R-465,13619237610,622039345,8.4,residential,0.0,0.0,0.5331,0.0,0.2132,LOW
T+0min,R-466,13619237610,7365813760,16.55,residential,0.0,0.0,0.512,0.0,0.2048,LOW
T+0min,R-467,13619239364,13619239365,12.26,residential,,,,,,UNKNOWN
T+0min,R-468,13619239364,13619239367,21.43,residential,,,,,,UNKNOWN
T+0min,R-469,13619239364,13619239369,8.07,residential,,,,,,UNKNOWN
T+0min,R-470,13619239365,13619239364,12.26,residential,,,,,,UNKNOWN
T+0min,R-471,13619239367,13619239364,21.43,residential,,,,,,UNKNOWN
T+0min,R-472,13619239367,13619239369,15.13,residential,,,,,,UNKNOWN
T+0min,R-473,13619239367,245668277,186.93,tertiary,0.0,0.0,0.4876,0.0,0.195,LOW
T+0min,R-474,13619239369,13619239364,8.07,residential,,,,,,UNKNOWN
T+0min,R-475,13619239369,13619239367,15.13,residential,,,,,,UNKNOWN
T+0min,R-476,13619239369,245668324,14.91,residential,,,,,,UNKNOWN
T+0min,R-477,13619243522,13619243523,12.05,residential,,,,,,UNKNOWN
T+0min,R-478,13619243522,13619243545,57.33,residential,,,,,,UNKNOWN
T+0min,R-479,13619243522,9445072347,55.21,residential,,,,,,UNKNOWN
T+0min,R-480,13619243523,13619243551,124.29,residential,,,,,,UNKNOWN
T+0min,R-481,13619243544,13619243551,17.82,residential,,,,,,UNKNOWN
T+0min,R-482,13619243545,13619243522,57.33,residential,,,,,,UNKNOWN
T+0min,R-483,13619243545,245668324,58.86,residential,,,,,,UNKNOWN
T+0min,R-484,13619243551,13619243523,124.29,residential,,,,,,UNKNOWN
T+0min,R-485,13619243551,13619243544,17.82,residential,,,,,,UNKNOWN
T+0min,R-486,13619243551,13619243558,33.83,residential,,,,,,UNKNOWN
T+0min,R-487,13619243558,13619243545,14.22,residential,,,,,,UNKNOWN
T+0min,R-488,13619243558,13619243551,33.83,residential,,,,,,UNKNOWN
T+0min,R-489,13619318851,11047597219,57.84,residential,0.0,0.0,0.4893,0.0,0.1957,LOW
T+0min,R-490,13619318851,13619318852,35.19,residential,0.0,0.0,0.4675,0.0,0.187,LOW
T+0min,R-491,13619318851,13619318853,26.52,residential,0.0,0.0,0.4562,0.0,0.1825,LOW
T+0min,R-492,13619318852,11047597219,25.35,residential,0.0,0.0,0.4918,0.0,0.1967,LOW
T+0min,R-493,13619318852,13619318851,35.19,residential,0.0,0.0,0.4675,0.0,0.187,LOW
T+0min,R-494,13619318852,245666191,13.1,residential,0.0,0.0,0.4765,0.0,0.1906,LOW
T+0min,R-495,13619318853,13619318851,26.52,residential,0.0,0.0,0.4562,0.0,0.1825,LOW
T+0min,R-496,13619318853,13619318854,10.45,tertiary,0.0,0.0,0.4615,0.0,0.1846,LOW
T+0min,R-497,13619318853,245666158,9.0,tertiary,0.0,0.0,0.4593,0.0,0.1837,LOW
T+0min,R-498,13619318854,13619318853,10.45,tertiary,0.0,0.0,0.4615,0.0,0.1846,LOW
T+0min,R-499,13619318854,13621886870,97.18,tertiary,0.0,0.0,0.4839,0.0,0.1936,LOW
T+0min,R-500,13619318854,245666191,61.43,residential,0.0,0.0,0.4603,0.0,0.1841,LOW
T+0min,R-501,13619318864,11047597219,14.89,residential,0.0,0.0,0.5185,0.0,0.2074,LOW
T+0min,R-502,13619318864,13619318864,89.56,residential,0.0,0.0,0.5788,0.0,0.2315,LOW
T+0min,R-503,13619318864,13619318864,89.56,residential,0.0,0.0,0.5788,0.0,0.2315,LOW
T+0min,R-504,13619318866,13617483791,100.36,residential,0.0,0.0,0.5852,0.0,0.2341,LOW
T+0min,R-505,13619318866,7365871208,6.89,tertiary,0.0,0.0,0.4857,0.0,0.1943,LOW
T+0min,R-506,13619368459,13619368460,19.68,residential,0.0,0.0,0.6604,0.0,0.2642,MODERATE
T+0min,R-507,13619368459,13619368466,71.23,residential,0.0,0.0,0.5607,0.0,0.2243,LOW
T+0min,R-508,13619368459,13619368471,19.88,residential,0.0,0.0,0.6847,0.0,0.2739,MODERATE
T+0min,R-509,13619368460,13619368459,19.68,residential,0.0,0.0,0.6604,0.0,0.2642,MODERATE
T+0min,R-510,13619368460,13619368498,137.34,residential,0.0,0.0,0.7597,0.0,0.3039,MODERATE
T+0min,R-511,13619368460,9771116360,35.05,residential,0.0,0.0,0.5491,0.0,0.2196,LOW
T+0min,R-512,13619368466,13619368459,71.23,residential,0.0,0.0,0.5607,0.0,0.2243,LOW
T+0min,R-513,13619368466,13619368487,32.86,residential,0.0,0.0,0.6335,0.0,0.2534,MODERATE
T+0min,R-514,13619368466,9771116360,58.73,residential,0.0,0.0,0.5108,0.0,0.2043,LOW
T+0min,R-515,13619368471,13619368459,19.88,residential,0.0,0.0,0.6847,0.0,0.2739,MODERATE
T+0min,R-516,13619368471,13619368487,58.63,residential,0.0,0.0,0.6832,0.0,0.2733,MODERATE
T+0min,R-517,13619368471,13620896407,93.24,residential,0.0,0.0,0.7408,0.0,0.2963,MODERATE
T+0min,R-518,13619368472,12313982248,36.88,residential,0.0,0.0,0.6459,0.0,0.2584,MODERATE
T+0min,R-519,13619368472,13619368475,27.84,residential,0.0,0.0,0.6489,0.0,0.2596,MODERATE
T+0min,R-520,13619368472,13620896407,24.35,residential,0.0,0.0,0.6247,0.0,0.2499,LOW
T+0min,R-521,13619368475,13619368472,27.84,residential,0.0,0.0,0.6489,0.0,0.2596,MODERATE
T+0min,R-522,13619368475,13619368487,135.86,residential,0.0,0.0,0.7396,0.0,0.2958,MODERATE
T+0min,R-523,13619368475,13620896407,8.53,residential,0.0,0.0,0.6184,0.0,0.2474,LOW
T+0min,R-524,13619368487,13619368466,32.86,residential,0.0,0.0,0.6335,0.0,0.2534,MODERATE
T+0min,R-525,13619368487,13619368471,58.63,residential,0.0,0.0,0.6832,0.0,0.2733,MODERATE
T+0min,R-526,13619368487,13619368475,135.86,residential,0.0,0.0,0.7396,0.0,0.2958,MODERATE
T+0min,R-527,13619368498,13619368460,137.34,residential,0.0,0.0,0.7597,0.0,0.3039,MODERATE
T+0min,R-528,13619374592,13619374593,14.32,residential,0.0,0.0,0.6964,0.0,0.2786,MODERATE
T+0min,R-529,13619374592,2244637004,43.06,trunk,0.0,0.0,0.6643,0.0,0.2657,MODERATE
T+0min,R-530,13619374593,13619374592,14.32,residential,0.0,0.0,0.6964,0.0,0.2786,MODERATE
T+0min,R-531,13619374593,13619374596,37.21,residential,0.0,0.0,0.656,0.0,0.2624,MODERATE
T+0min,R-532,13619374593,13619374597,15.61,residential,0.0,0.0,0.6596,0.0,0.2638,MODERATE
T+0min,R-533,13619374596,13619374593,37.21,residential,0.0,0.0,0.656,0.0,0.2624,MODERATE
T+0min,R-534,13619374597,13619374593,15.61,residential,0.0,0.0,0.6596,0.0,0.2638,MODERATE
T+0min,R-535,13619396529,11046194845,29.14,residential,0.0,0.0,0.6163,0.0,0.2465,LOW
T+0min,R-536,13619396529,13619396536,36.49,residential,,,,,,UNKNOWN
T+0min,R-537,13619396529,9171835705,19.0,residential,,,,,,UNKNOWN
T+0min,R-538,13619396536,10840042416,18.54,residential,,,,,,UNKNOWN
T+0min,R-539,13619396536,13619396529,36.49,residential,,,,,,UNKNOWN
T+0min,R-540,13619396536,9171835705,17.29,residential,,,,,,UNKNOWN
T+0min,R-541,13619400539,245668039,29.34,secondary_link,0.0,0.0,0.6912,0.0,0.2765,MODERATE
T+0min,R-542,13619400539,7404711447,26.99,secondary,0.0,0.0,0.6776,0.0,0.271,MODERATE
T+0min,R-543,13619401780,13619401781,15.74,residential,0.0,0.0,0.0507,0.0,0.0203,LOW
T+0min,R-544,13619401780,6554271017,12.32,residential,0.0,0.0,0.0246,0.0,0.0098,LOW
T+0min,R-545,13619401780,6554271024,82.48,residential,0.0,0.0,0.2675,0.0,0.107,LOW
T+0min,R-546,13619401781,13619401780,15.74,residential,0.0,0.0,0.0507,0.0,0.0203,LOW
T+0min,R-547,13619401781,13619401781,164.97,residential,0.0,0.0,0.144,0.0,0.0576,LOW
T+0min,R-548,13619401781,13619401781,164.97,residential,0.0,0.0,0.144,0.0,0.0576,LOW
T+0min,R-549,13619403785,13619403794,32.31,residential,,,,,,UNKNOWN
T+0min,R-550,13619403785,13619678849,18.09,residential,,,,,,UNKNOWN
T+0min,R-551,13619403785,245668197,22.99,residential,,,,,,UNKNOWN
T+0min,R-552,13619403787,13619433317,3.94,residential,,,,,,UNKNOWN
T+0min,R-553,13619403787,13619678849,2.55,residential,,,,,,UNKNOWN
T+0min,R-554,13619403787,245668286,71.42,residential,,,,,,UNKNOWN
T+0min,R-555,13619403788,13619403789,21.13,residential,,,,,,UNKNOWN
T+0min,R-556,13619403788,245668197,28.94,residential,,,,,,UNKNOWN
T+0min,R-557,13619403788,245668324,104.46,residential,,,,,,UNKNOWN
T+0min,R-558,13619403789,13619403788,21.13,residential,,,,,,UNKNOWN
T+0min,R-559,13619403794,13619403785,32.31,residential,,,,,,UNKNOWN
T+0min,R-560,13619412997,10925941300,44.77,residential,0.0,0.0,0.5379,0.0,0.2152,LOW
T+0min,R-561,13619412997,13619412997,128.29,residential,0.0,0.0,0.5476,0.0,0.219,LOW
T+0min,R-562,13619412997,13619412997,128.29,residential,0.0,0.0,0.5476,0.0,0.219,LOW
T+0min,R-563,13619433317,13619403787,3.94,residential,,,,,,UNKNOWN
T+0min,R-564,13619433317,13619433317,140.77,residential,,,,,,UNKNOWN
T+0min,R-565,13619433317,13619433317,140.77,residential,,,,,,UNKNOWN
T+0min,R-566,13619457121,13619457123,47.22,residential,0.0,0.0,0.4545,0.0,0.1818,LOW
T+0min,R-567,13619457122,13619457123,29.91,residential,0.0,0.0,0.4642,0.0,0.1857,LOW
T+0min,R-568,13619457123,13619457121,47.22,residential,0.0,0.0,0.4545,0.0,0.1818,LOW
T+0min,R-569,13619457123,13619457122,29.91,residential,0.0,0.0,0.4642,0.0,0.1857,LOW
T+0min,R-570,13619457123,13619457125,11.12,residential,0.0,0.0,0.4695,0.0,0.1878,LOW
T+0min,R-571,13619457125,13619457123,11.12,residential,0.0,0.0,0.4695,0.0,0.1878,LOW
T+0min,R-572,13619457125,7366246694,11.46,trunk_link,0.0,0.0,0.4886,0.0,0.1954,LOW
T+0min,R-573,13619463498,9445072347,9.05,residential,,,,,,UNKNOWN
T+0min,R-574,13619485519,10925931740,10.53,residential,0.0,0.0,0.5188,0.0,0.2075,LOW
T+0min,R-575,13619485519,10925931740,103.44,residential,0.0,0.0,0.5331,0.0,0.2132,LOW
T+0min,R-576,13619485519,13619485526,7.17,residential,0.0,0.0,0.5115,0.0,0.2046,LOW
T+0min,R-577,13619485526,10925931739,8.68,residential,0.0,0.0,0.5134,0.0,0.2054,LOW
T+0min,R-578,13619485526,10925931740,12.82,residential,0.0,0.0,0.5106,0.0,0.2042,LOW
T+0min,R-579,13619485526,13619485519,7.17,residential,0.0,0.0,0.5115,0.0,0.2046,LOW
T+0min,R-580,13619491182,13619491183,59.67,residential,,,,,,UNKNOWN
T+0min,R-581,13619491182,13619500839,0.85,residential,,,,,,UNKNOWN
T+0min,R-582,13619491182,9171835708,24.98,residential,,,,,,UNKNOWN
T+0min,R-583,13619491183,13619491182,59.67,residential,,,,,,UNKNOWN
T+0min,R-584,13619491183,13619500841,11.05,residential,,,,,,UNKNOWN
T+0min,R-585,13619491183,9171835708,84.09,residential,,,,,,UNKNOWN
T+0min,R-586,13619491193,13619500813,22.86,residential,,,,,,UNKNOWN
T+0min,R-587,13619491193,9171835708,36.45,residential,,,,,,UNKNOWN
T+0min,R-588,13619491193,9171835708,99.37,residential,,,,,,UNKNOWN
T+0min,R-589,13619500809,13619500813,28.95,residential,,,,,,UNKNOWN
T+0min,R-590,13619500809,13619500813,96.19,residential,,,,,,UNKNOWN
T+0min,R-591,13619500809,13619500813,122.89,residential,,,,,,UNKNOWN
T+0min,R-592,13619500813,13619491193,22.86,residential,,,,,,UNKNOWN
T+0min,R-593,13619500813,13619500809,28.95,residential,,,,,,UNKNOWN
T+0min,R-594,13619500813,13619500809,96.19,residential,,,,,,UNKNOWN
T+0min,R-595,13619500813,13619500809,122.89,residential,,,,,,UNKNOWN
T+0min,R-596,13619500839,13619491182,0.85,residential,,,,,,UNKNOWN
T+0min,R-597,13619500841,10925943006,47.23,residential,,,,,,UNKNOWN
T+0min,R-598,13619500841,245668374,60.13,residential,,,,,,UNKNOWN
T+0min,R-599,13619507487,13601073293,103.13,residential,0.0,0.0,0.6966,0.0,0.2786,MODERATE
T+0min,R-600,13619515794,13619515794,103.82,residential,0.0,0.0,0.5374,0.0,0.215,LOW
T+0min,R-601,13619515794,13619515794,103.82,residential,0.0,0.0,0.5374,0.0,0.215,LOW
T+0min,R-602,13619515794,7384246086,5.6,residential,0.0,0.0,0.5417,0.0,0.2167,LOW
T+0min,R-603,13619536860,13618399201,52.8,residential,0.0,0.0,0.7904,0.0,0.3162,MODERATE
T+0min,R-604,13619536860,13619536866,18.21,residential,0.0,0.0,0.63,0.0,0.252,MODERATE
T+0min,R-605,13619536866,13619536860,18.21,residential,0.0,0.0,0.63,0.0,0.252,MODERATE
T+0min,R-606,13619536866,13619536860,78.51,residential,0.0,0.0,0.7895,0.0,0.3158,MODERATE
T+0min,R-607,13619536866,622039341,12.47,residential,0.0,0.0,0.6391,0.0,0.2556,MODERATE
T+0min,R-608,13619539391,13619539396,14.57,residential,,,,,,UNKNOWN
T+0min,R-609,13619539391,13619539396,47.37,residential,,,,,,UNKNOWN
T+0min,R-610,13619539391,13622435420,16.31,residential,,,,,,UNKNOWN
T+0min,R-611,13619539396,13619539391,14.57,residential,,,,,,UNKNOWN
T+0min,R-612,13619539396,13619539391,47.37,residential,,,,,,UNKNOWN
T+0min,R-613,13619539396,2244797706,35.28,residential,,,,,,UNKNOWN
T+0min,R-614,13619570121,13619570121,191.6,residential,,,,,,UNKNOWN
T+0min,R-615,13619570121,13619570121,191.6,residential,,,,,,UNKNOWN
T+0min,R-616,13619570121,2244797706,14.73,residential,,,,,,UNKNOWN
T+0min,R-617,13619604480,13622528188,6.51,residential,0.0,0.0,0.6167,0.0,0.2467,LOW
T+0min,R-618,13619604480,13622528191,1.56,residential,,,,,,UNKNOWN
T+0min,R-619,13619604480,9914206292,28.2,residential,0.0,0.0,0.6042,0.0,0.2417,LOW
T+0min,R-620,13619678849,13619403785,18.09,residential,,,,,,UNKNOWN
T+0min,R-621,13619678849,13619403787,2.55,residential,,,,,,UNKNOWN
T+0min,R-622,13619678849,13619678859,83.26,residential,,,,,,UNKNOWN
T+0min,R-623,13619678859,13619678849,83.26,residential,,,,,,UNKNOWN
T+0min,R-624,13619678859,13622445020,12.85,residential,,,,,,UNKNOWN
T+0min,R-625,13619678859,9171835705,53.15,residential,,,,,,UNKNOWN
T+0min,R-626,13619939784,2897024523,18.49,secondary,0.0,0.0,0.4439,0.0,0.1776,LOW
T+0min,R-627,13619939784,2897024614,230.93,primary,0.0,0.0,0.4834,0.0,0.1934,LOW
T+0min,R-628,13620657537,245666801,134.61,residential,0.0,0.0,0.8174,0.0,0.327,MODERATE
T+0min,R-629,13620896407,13619368471,93.24,residential,0.0,0.0,0.7408,0.0,0.2963,MODERATE
T+0min,R-630,13620896407,13619368472,24.35,residential,0.0,0.0,0.6247,0.0,0.2499,LOW
T+0min,R-631,13620896407,13619368475,8.53,residential,0.0,0.0,0.6184,0.0,0.2474,LOW
T+0min,R-632,13620903019,13622445031,7.81,residential,,,,,,UNKNOWN
T+0min,R-633,13620903019,13622445936,24.83,residential,,,,,,UNKNOWN
T+0min,R-634,13620903019,13622450251,38.98,residential,,,,,,UNKNOWN
T+0min,R-635,13620903026,13622450256,3.89,residential,,,,,,UNKNOWN
T+0min,R-636,13621749580,13621749581,12.68,residential,0.0,0.0,0.4614,0.0,0.1846,LOW
T+0min,R-637,13621749581,13621749580,12.68,residential,0.0,0.0,0.4614,0.0,0.1846,LOW
T+0min,R-638,13621749581,13621749583,2.65,residential,0.0,0.0,0.4614,0.0,0.1846,LOW
T+0min,R-639,13621749581,245668277,25.79,residential,0.0,0.0,0.4708,0.0,0.1883,LOW
T+0min,R-640,13621749583,13621749581,2.65,residential,0.0,0.0,0.4614,0.0,0.1846,LOW
T+0min,R-641,13621749583,13621749584,13.09,residential,0.0,0.0,0.4614,0.0,0.1846,LOW
T+0min,R-642,13621749583,13621749587,2.96,residential,0.0,0.0,0.4614,0.0,0.1846,LOW
T+0min,R-643,13621749584,13621749583,13.09,residential,0.0,0.0,0.4614,0.0,0.1846,LOW
T+0min,R-644,13621749585,13621749587,12.85,residential,0.0,0.0,0.4602,0.0,0.1841,LOW
T+0min,R-645,13621749587,13621749583,2.96,residential,0.0,0.0,0.4614,0.0,0.1846,LOW
T+0min,R-646,13621749587,13621749585,12.85,residential,0.0,0.0,0.4602,0.0,0.1841,LOW
T+0min,R-647,13621749587,13621749595,33.6,residential,0.0,0.0,0.456,0.0,0.1824,LOW
T+0min,R-648,13621749595,13621749587,33.6,residential,0.0,0.0,0.456,0.0,0.1824,LOW
T+0min,R-649,13621749595,13621749598,17.1,residential,0.0,0.0,0.4882,0.0,0.1953,LOW
T+0min,R-650,13621749595,13621749599,6.5,residential,0.0,0.0,0.4675,0.0,0.187,LOW
T+0min,R-651,13621749598,13621749595,17.1,residential,0.0,0.0,0.4882,0.0,0.1953,LOW
T+0min,R-652,13621749598,13621749599,11.9,residential,0.0,0.0,0.4773,0.0,0.1909,LOW
T+0min,R-653,13621749598,13621749599,84.01,residential,0.0,0.0,0.5588,0.0,0.2235,LOW
T+0min,R-654,13621749599,13621749595,6.5,residential,0.0,0.0,0.4675,0.0,0.187,LOW
T+0min,R-655,13621749599,13621749598,11.9,residential,0.0,0.0,0.4773,0.0,0.1909,LOW
T+0min,R-656,13621749599,13621749598,84.01,residential,0.0,0.0,0.5588,0.0,0.2235,LOW
T+0min,R-657,13621886865,13621886866,61.16,residential,0.0,0.0,0.6204,0.0,0.2482,LOW
T+0min,R-658,13621886865,13621886870,28.86,tertiary,0.0,0.0,0.5773,0.0,0.2309,LOW
T+0min,R-659,13621886865,6428811270,42.25,tertiary,0.0,0.0,0.5405,0.0,0.2162,LOW
T+0min,R-660,13621886866,13621886865,61.16,residential,0.0,0.0,0.6204,0.0,0.2482,LOW
T+0min,R-661,13621886869,13621886870,36.93,residential,0.0,0.0,0.5521,0.0,0.2208,LOW
T+0min,R-662,13621886870,13619318854,97.18,tertiary,0.0,0.0,0.4839,0.0,0.1936,LOW
T+0min,R-663,13621886870,13621886865,28.86,tertiary,0.0,0.0,0.5773,0.0,0.2309,LOW
T+0min,R-664,13621886870,13621886869,36.93,residential,0.0,0.0,0.5521,0.0,0.2208,LOW
T+0min,R-665,13621901230,13621901231,7.57,tertiary_link,0.0,0.0,0.595,0.0,0.238,LOW
T+0min,R-666,13621901230,6428811268,34.8,tertiary,0.0,0.0,0.6483,0.0,0.2593,MODERATE
T+0min,R-667,13621901231,12350446597,54.55,tertiary,0.0,0.0,0.5482,0.0,0.2193,LOW
T+0min,R-668,13621901231,13621901230,7.57,tertiary_link,0.0,0.0,0.595,0.0,0.238,LOW
T+0min,R-669,13621901232,12350446596,51.38,tertiary,0.0,0.0,0.5108,0.0,0.2043,LOW
T+0min,R-670,13621901232,13621901233,7.31,tertiary_link,0.0,0.0,0.4708,0.0,0.1883,LOW
T+0min,R-671,13621901233,13621901232,7.31,tertiary_link,0.0,0.0,0.4708,0.0,0.1883,LOW
T+0min,R-672,13622308157,13622308160,36.75,tertiary,,,,,,UNKNOWN
T+0min,R-673,13622308160,13622308157,36.75,tertiary,,,,,,UNKNOWN
T+0min,R-674,13622308160,13622308161,36.39,residential,,,,,,UNKNOWN
T+0min,R-675,13622308160,13622308163,93.79,tertiary,,,,,,UNKNOWN
T+0min,R-676,13622308161,13622308160,36.39,residential,,,,,,UNKNOWN
T+0min,R-677,13622308163,13622308160,93.79,tertiary,,,,,,UNKNOWN
T+0min,R-678,13622308163,13622308164,43.63,residential,,,,,,UNKNOWN
T+0min,R-679,13622308163,13622308171,53.68,tertiary,0.0,0.0,0.4503,0.0,0.1801,LOW
T+0min,R-680,13622308164,13622308163,43.63,residential,,,,,,UNKNOWN
T+0min,R-681,13622308166,11976374939,65.09,tertiary,0.0,0.0,0.6464,0.0,0.2586,MODERATE
T+0min,R-682,13622308166,13622308171,26.02,tertiary,0.0,0.0,0.5406,0.0,0.2162,LOW
T+0min,R-683,13622308166,13622308171,39.49,residential,0.0,0.0,0.5679,0.0,0.2272,LOW
T+0min,R-684,13622308171,13622308163,53.68,tertiary,0.0,0.0,0.4503,0.0,0.1801,LOW
T+0min,R-685,13622308171,13622308166,26.02,tertiary,0.0,0.0,0.5406,0.0,0.2162,LOW
T+0min,R-686,13622308171,13622308166,39.49,residential,0.0,0.0,0.5679,0.0,0.2272,LOW
T+0min,R-687,13622393246,13622393246,87.86,residential,0.0,0.0,0.6278,0.0,0.2511,MODERATE
T+0min,R-688,13622393246,13622393246,87.86,residential,0.0,0.0,0.6278,0.0,0.2511,MODERATE
T+0min,R-689,13622393246,5911310878,29.93,residential,0.0,0.0,0.6201,0.0,0.248,LOW
T+0min,R-690,13622435420,13619539391,16.31,residential,,,,,,UNKNOWN
T+0min,R-691,13622435420,13622435423,8.32,residential,,,,,,UNKNOWN
T+0min,R-692,13622435420,6489058155,52.42,residential,,,,,,UNKNOWN
T+0min,R-693,13622435423,13622435420,8.32,residential,,,,,,UNKNOWN
T+0min,R-694,13622435423,13622435424,14.06,residential,,,,,,UNKNOWN
T+0min,R-695,13622435423,13622450250,27.16,residential,,,,,,UNKNOWN
T+0min,R-696,13622435424,13622435423,14.06,residential,,,,,,UNKNOWN
T+0min,R-697,13622445020,13619678859,12.85,residential,,,,,,UNKNOWN
T+0min,R-698,13622445020,13622445031,89.79,residential,,,,,,UNKNOWN
T+0min,R-699,13622445020,245668286,9.07,residential,,,,,,UNKNOWN
T+0min,R-700,13622445031,13620903019,7.81,residential,,,,,,UNKNOWN
T+0min,R-701,13622445031,13622445020,89.79,residential,,,,,,UNKNOWN
T+0min,R-702,13622445031,13622445933,3.46,residential,,,,,,UNKNOWN
T+0min,R-703,13622445933,13622445031,3.46,residential,,,,,,UNKNOWN
T+0min,R-704,13622445933,13622445935,31.17,residential,,,,,,UNKNOWN
T+0min,R-705,13622445933,245668286,2.71,residential,,,,,,UNKNOWN
T+0min,R-706,13622445935,13622445933,31.17,residential,,,,,,UNKNOWN
T+0min,R-707,13622445936,13620903019,24.83,residential,,,,,,UNKNOWN
T+0min,R-708,13622445936,13622445937,12.05,residential,,,,,,UNKNOWN
T+0min,R-709,13622445936,6489058155,9.93,residential,,,,,,UNKNOWN
T+0min,R-710,13622445937,13622445936,12.05,residential,,,,,,UNKNOWN
T+0min,R-711,13622450250,13622435423,27.16,residential,,,,,,UNKNOWN
T+0min,R-712,13622450251,13620903019,38.98,residential,,,,,,UNKNOWN
T+0min,R-713,13622450251,13622450256,17.73,residential,,,,,,UNKNOWN
T+0min,R-714,13622450251,13622450256,49.66,residential,,,,,,UNKNOWN
T+0min,R-715,13622450256,13620903026,3.89,residential,,,,,,UNKNOWN
T+0min,R-716,13622450256,13622450251,17.73,residential,,,,,,UNKNOWN
T+0min,R-717,13622450256,13622450251,49.66,residential,,,,,,UNKNOWN
T+0min,R-718,13622492455,11046205759,2.71,residential,0.0,0.0,0.5071,0.0,0.2028,LOW
T+0min,R-719,13622492455,13622492455,70.2,residential,0.0,0.0,0.498,0.0,0.1992,LOW
T+0min,R-720,13622492455,13622492455,70.2,residential,0.0,0.0,0.498,0.0,0.1992,LOW
T+0min,R-721,13622492459,11046205760,27.53,residential,0.0,0.0,0.5173,0.0,0.2069,LOW
T+0min,R-722,13622503093,10925941300,33.46,residential,0.0,0.0,0.5826,0.0,0.233,LOW
T+0min,R-723,13622503093,10925943006,9.08,residential,,,,,,UNKNOWN
T+0min,R-724,13622503093,13622531608,11.41,residential,,,,,,UNKNOWN
T+0min,R-725,13622528187,13622528188,26.61,residential,0.0,0.0,0.6352,0.0,0.2541,MODERATE
T+0min,R-726,13622528188,13619604480,6.51,residential,0.0,0.0,0.6167,0.0,0.2467,LOW
T+0min,R-727,13622528188,13622528187,26.61,residential,0.0,0.0,0.6352,0.0,0.2541,MODERATE
T+0min,R-728,13622528188,13622528189,15.17,residential,0.0,0.0,0.5943,0.0,0.2377,LOW
T+0min,R-729,13622528189,13622528188,15.17,residential,0.0,0.0,0.5943,0.0,0.2377,LOW
T+0min,R-730,13622528191,10925943006,15.5,residential,,,,,,UNKNOWN
T+0min,R-731,13622528191,13619604480,1.56,residential,,,,,,UNKNOWN
T+0min,R-732,13622528191,9914206292,79.32,residential,0.0,0.0,0.5598,0.0,0.2239,LOW
T+0min,R-733,13622531608,13622503093,11.41,residential,,,,,,UNKNOWN
T+0min,R-734,13622531608,13622531608,97.62,residential,0.0,0.0,0.5256,0.0,0.2102,LOW
T+0min,R-735,13622531608,13622531608,97.62,residential,0.0,0.0,0.5256,0.0,0.2102,LOW
T+0min,R-736,13626183249,13626183260,6.93,residential,0.0,0.0,0.7666,0.0,0.3066,MODERATE
T+0min,R-737,13626183249,245666901,29.88,tertiary,0.0,0.0,0.7441,0.0,0.2976,MODERATE
T+0min,R-738,13626183257,11047568171,126.95,residential,0.0,0.0,0.6199,0.0,0.248,LOW
T+0min,R-739,13626183257,13626183258,55.37,residential,0.0,0.0,0.6552,0.0,0.2621,MODERATE
T+0min,R-740,13626183257,245666901,111.52,residential,0.0,0.0,0.6372,0.0,0.2549,MODERATE
T+0min,R-741,13626183258,13626183257,55.37,residential,0.0,0.0,0.6552,0.0,0.2621,MODERATE
T+0min,R-742,13626183259,10055232024,7.16,residential,0.0,0.0,0.5725,0.0,0.229,LOW
T+0min,R-743,13626183259,10055232027,90.39,residential,0.0,0.0,0.5675,0.0,0.227,LOW
T+0min,R-744,13626183259,13639959261,22.54,residential,0.0,0.0,0.6494,0.0,0.2598,MODERATE
T+0min,R-745,13626183260,13626183250,4.87,residential,0.0,0.0,0.7567,0.0,0.3027,MODERATE
T+0min,R-746,13626183260,13639959261,19.36,residential,0.0,0.0,0.7436,0.0,0.2974,MODERATE
T+0min,R-747,13638081803,13638081804,73.08,residential,0.0,0.0,0.5448,0.0,0.2179,LOW
T+0min,R-748,13638081803,13638081811,9.23,residential,0.0,0.0,0.543,0.0,0.2172,LOW
T+0min,R-749,13638081803,13638081813,8.65,residential,0.0,0.0,0.5262,0.0,0.2105,LOW
T+0min,R-750,13638081804,13638081803,73.08,residential,0.0,0.0,0.5448,0.0,0.2179,LOW
T+0min,R-751,13638081805,13638081806,74.6,residential,0.0,0.0,0.6352,0.0,0.2541,MODERATE
T+0min,R-752,13638081805,13638081807,125.54,residential,0.0,0.0,0.6429,0.0,0.2572,MODERATE
T+0min,R-753,13638081805,13638081809,31.06,residential,0.0,0.0,0.5761,0.0,0.2304,LOW
T+0min,R-754,13638081805,13638081811,19.75,residential,0.0,0.0,0.5656,0.0,0.2262,LOW
T+0min,R-755,13638081806,13638081805,74.6,residential,0.0,0.0,0.6352,0.0,0.2541,MODERATE
T+0min,R-756,13638081807,13638081805,125.54,residential,0.0,0.0,0.6429,0.0,0.2572,MODERATE
T+0min,R-757,13638081807,13638081817,38.09,tertiary,0.0,0.0,0.6927,0.0,0.2771,MODERATE
T+0min,R-758,13638081807,245666901,20.6,tertiary,0.0,0.0,0.7216,0.0,0.2886,MODERATE
T+0min,R-759,13638081809,13638081805,31.06,residential,0.0,0.0,0.5761,0.0,0.2304,LOW
T+0min,R-760,13638081810,13638081811,31.39,residential,0.0,0.0,0.5543,0.0,0.2217,LOW
T+0min,R-761,13638081811,13638081803,9.23,residential,0.0,0.0,0.543,0.0,0.2172,LOW
T+0min,R-762,13638081811,13638081805,19.75,residential,0.0,0.0,0.5656,0.0,0.2262,LOW
T+0min,R-763,13638081811,13638081810,31.39,residential,0.0,0.0,0.5543,0.0,0.2217,LOW
T+0min,R-764,13638081813,13638081803,8.65,residential,0.0,0.0,0.5262,0.0,0.2105,LOW
T+0min,R-765,13638081816,13638081817,13.27,residential,0.0,0.0,0.5958,0.0,0.2383,LOW
T+0min,R-766,13638081817,13638081807,38.09,tertiary,0.0,0.0,0.6927,0.0,0.2771,MODERATE
T+0min,R-767,13638081817,13638081816,13.27,residential,0.0,0.0,0.5958,0.0,0.2383,LOW
T+0min,R-768,13638081817,245666881,44.87,tertiary,0.0,0.0,0.5942,0.0,0.2377,LOW
T+0min,R-769,13638081818,13638081819,10.0,residential,0.0,0.0,0.5449,0.0,0.218,LOW
T+0min,R-770,13638081818,13638081821,40.15,residential,0.0,0.0,0.5206,0.0,0.2082,LOW
T+0min,R-771,13638081818,245666881,25.11,residential,0.0,0.0,0.5851,0.0,0.234,LOW
T+0min,R-772,13638081819,13638081818,10.0,residential,0.0,0.0,0.5449,0.0,0.218,LOW
T+0min,R-773,13638081821,13638081818,40.15,residential,0.0,0.0,0.5206,0.0,0.2082,LOW
T+0min,R-774,13638530342,245666351,13.01,residential,0.0,0.0,0.5428,0.0,0.2171,LOW
T+0min,R-775,13638535652,10696472308,64.73,residential,0.0,0.0,0.3684,0.0,0.1474,LOW
T+0min,R-776,13638535652,10696472309,3.19,residential,0.0,0.0,0.4442,0.0,0.1777,LOW
T+0min,R-777,13638535652,13638535654,45.47,residential,0.0,0.0,0.5112,0.0,0.2045,LOW
T+0min,R-778,13638535652,245666190,74.18,residential,0.0,0.0,0.5097,0.0,0.2039,LOW
T+0min,R-779,13638535653,13638535654,39.0,residential,0.0,0.0,0.6599,0.0,0.264,MODERATE
T+0min,R-780,13638535654,13638535652,45.47,residential,0.0,0.0,0.5112,0.0,0.2045,LOW
T+0min,R-781,13638535654,13638535653,39.0,residential,0.0,0.0,0.6599,0.0,0.264,MODERATE
T+0min,R-782,13638535654,13638535655,73.26,residential,0.0,0.0,0.5688,0.0,0.2275,LOW
T+0min,R-783,13638535655,13638535654,73.26,residential,0.0,0.0,0.5687,0.0,0.2275,LOW
T+0min,R-784,13638535655,2439333822,45.9,residential,0.0,0.0,0.5945,0.0,0.2378,LOW
T+0min,R-785,13638535655,245666190,46.91,residential,0.0,0.0,0.5597,0.0,0.2239,LOW
T+0min,R-786,13638535656,2439333822,61.17,residential,0.0,0.0,0.6048,0.0,0.2419,LOW
T+0min,R-787,13638535661,245666446,65.41,residential,0.0,0.0,0.5312,0.0,0.2125,LOW
T+0min,R-788,13638535670,10696472306,39.79,residential,0.0,0.0,0.544,0.0,0.2176,LOW
T+0min,R-789,13638535670,13638535674,53.61,residential,0.0,0.0,0.535,0.0,0.214,LOW
T+0min,R-790,13638535670,245666446,97.55,residential,0.0,0.0,0.5421,0.0,0.2168,LOW
T+0min,R-791,13638535674,13638535670,53.61,residential,0.0,0.0,0.535,0.0,0.214,LOW
T+0min,R-792,13638535675,10696472306,29.79,residential,0.0,0.0,0.5401,0.0,0.216,LOW
T+0min,R-793,13638535675,10696472307,33.56,residential,0.0,0.0,0.4436,0.0,0.1774,LOW
T+0min,R-794,13638535675,13638535679,46.38,residential,0.0,0.0,0.5657,0.0,0.2263,LOW
T+0min,R-795,13638535679,13638535675,46.38,residential,0.0,0.0,0.5657,0.0,0.2263,LOW
T+0min,R-796,13638535681,10696472351,16.07,residential,0.0,0.0,0.5545,0.0,0.2218,LOW
T+0min,R-797,13638535681,10696472356,14.31,residential,0.0,0.0,0.5801,0.0,0.232,LOW
T+0min,R-798,13638535681,13638535682,74.05,residential,0.0,0.0,0.5281,0.0,0.2112,LOW
T+0min,R-799,13638535682,10294725029,24.64,residential,0.0,0.0,0.5114,0.0,0.2046,LOW
T+0min,R-800,13638535682,13638535681,74.05,residential,0.0,0.0,0.5281,0.0,0.2112,LOW
T+0min,R-801,13638535682,13638535685,350.21,residential,0.0,0.0,0.6384,0.0,0.2554,MODERATE
T+0min,R-802,13638535682,13638546110,45.74,residential,0.0,0.0,0.5339,0.0,0.2136,LOW
T+0min,R-803,13638535683,10696472347,64.81,residential,0.0,0.0,0.5435,0.0,0.2174,LOW
T+0min,R-804,13638535683,10696472350,64.98,residential,0.0,0.0,0.4788,0.0,0.1915,LOW
T+0min,R-805,13638535683,13638535684,73.54,residential,0.0,0.0,0.5206,0.0,0.2082,LOW
T+0min,R-806,13638535684,13638535683,73.54,residential,0.0,0.0,0.5206,0.0,0.2082,LOW
T+0min,R-807,13638535684,13638546112,36.29,residential,0.0,0.0,0.6129,0.0,0.2452,LOW
T+0min,R-808,13638535684,13638546126,11.87,residential,0.0,0.0,0.5888,0.0,0.2355,LOW
T+0min,R-809,13638535685,10696472350,72.75,residential,0.0,0.0,0.5134,0.0,0.2054,LOW
T+0min,R-810,13638535685,13638535682,350.21,residential,0.0,0.0,0.6384,0.0,0.2554,MODERATE
T+0min,R-811,13638535685,13638535686,66.86,residential,0.0,0.0,0.5667,0.0,0.2267,LOW
T+0min,R-812,13638535685,13638546126,53.41,residential,0.0,0.0,0.6075,0.0,0.243,LOW
T+0min,R-813,13638535686,10696472349,74.14,residential,0.0,0.0,0.5482,0.0,0.2193,LOW
T+0min,R-814,13638535686,13638535685,66.86,residential,0.0,0.0,0.5667,0.0,0.2267,LOW
T+0min,R-815,13638535686,245666191,66.58,residential,0.0,0.0,0.5928,0.0,0.2371,LOW
T+0min,R-816,13638546109,13638546109,99.63,residential,0.0,0.0,0.7383,0.0,0.2953,MODERATE
T+0min,R-817,13638546109,13638546109,99.63,residential,0.0,0.0,0.7383,0.0,0.2953,MODERATE
T+0min,R-818,13638546109,13638546110,26.52,residential,0.0,0.0,0.6353,0.0,0.2541,MODERATE
T+0min,R-819,13638546110,13638535682,45.74,residential,0.0,0.0,0.5339,0.0,0.2136,LOW
T+0min,R-820,13638546110,13638546109,26.52,residential,0.0,0.0,0.6353,0.0,0.2541,MODERATE
T+0min,R-821,13638546110,245666482,17.87,residential,0.0,0.0,0.6513,0.0,0.2605,MODERATE
T+0min,R-822,13638546111,13638546111,99.61,residential,0.0,0.0,0.7118,0.0,0.2847,MODERATE
T+0min,R-823,13638546111,13638546111,99.61,residential,0.0,0.0,0.7118,0.0,0.2847,MODERATE
T+0min,R-824,13638546111,13638546112,25.62,residential,0.0,0.0,0.6695,0.0,0.2678,MODERATE
T+0min,R-825,13638546112,13638535684,36.29,residential,0.0,0.0,0.6129,0.0,0.2452,LOW
T+0min,R-826,13638546112,13638546111,25.62,residential,0.0,0.0,0.6695,0.0,0.2678,MODERATE
T+0min,R-827,13638546112,245666482,29.08,residential,0.0,0.0,0.6974,0.0,0.279,MODERATE
T+0min,R-828,13638546125,13638546125,94.87,residential,0.0,0.0,0.6983,0.0,0.2793,MODERATE
T+0min,R-829,13638546125,13638546125,94.87,residential,0.0,0.0,0.6983,0.0,0.2793,MODERATE
T+0min,R-830,13638546125,13638546126,27.14,residential,0.0,0.0,0.6533,0.0,0.2613,MODERATE
T+0min,R-831,13638546126,13638535684,11.87,residential,0.0,0.0,0.5882,0.0,0.2353,LOW
T+0min,R-832,13638546126,13638535685,53.41,residential,0.0,0.0,0.6075,0.0,0.243,LOW
T+0min,R-833,13638546126,13638546125,27.14,residential,0.0,0.0,0.6533,0.0,0.2613,MODERATE
T+0min,R-834,13639959260,13626183249,18.8,tertiary,0.0,0.0,0.7499,0.0,0.3,MODERATE
T+0min,R-835,13639959260,13639959261,7.09,residential,0.0,0.0,0.7098,0.0,0.2839,MODERATE
T+0min,R-836,13639959261,13626183259,22.54,residential,0.0,0.0,0.6494,0.0,0.2598,MODERATE
T+0min,R-837,13639959261,13626183260,19.36,residential,0.0,0.0,0.7436,0.0,0.2974,MODERATE
T+0min,R-838,13639959261,13639959260,7.09,residential,0.0,0.0,0.7098,0.0,0.2839,MODERATE
T+0min,R-839,1375215100,1375215119,153.45,residential,0.0,0.0,0.635,0.0,0.254,MODERATE
T+0min,R-840,1375215100,14104987804,39.68,residential,0.0,0.0,0.6028,0.0,0.2411,LOW
T+0min,R-841,1375215100,2244637027,35.49,residential,0.0,0.0,0.5616,0.0,0.2246,LOW
T+0min,R-842,1375215119,1375215100,153.45,residential,0.0,0.0,0.635,0.0,0.254,MODERATE
T+0min,R-843,1375215119,245668000,42.9,tertiary,0.0,0.0,0.597,0.0,0.2388,LOW
T+0min,R-844,1375215119,7404711455,95.82,tertiary,0.0,0.0,0.5203,0.0,0.2081,LOW
T+0min,R-845,1375251567,245668185,40.24,residential,0.0,0.0,0.4768,0.0,0.1907,LOW
T+0min,R-846,1375251567,245668277,150.21,tertiary,0.0,0.0,0.4932,0.0,0.1973,LOW
T+0min,R-847,1375251567,5911310869,430.52,tertiary,0.0,0.0,0.5225,0.0,0.209,LOW
T+0min,R-848,13798210715,13798210737,8.15,residential,0.0,0.0,0.7713,0.0,0.3085,MODERATE
T+0min,R-849,13798210715,6926279721,49.99,trunk,0.0,0.0,0.7525,0.0,0.301,MODERATE
T+0min,R-850,13798210723,6926279717,56.29,residential,0.0,0.0,0.4846,0.0,0.1938,LOW
T+0min,R-851,13798210725,13798210735,31.96,residential,0.0,0.0,0.5179,0.0,0.2072,LOW
T+0min,R-852,13798210725,6926279716,26.82,residential,0.0,0.0,0.6573,0.0,0.2629,MODERATE
T+0min,R-853,13798210725,6926279717,28.31,residential,0.0,0.0,0.5112,0.0,0.2045,LOW
T+0min,R-854,13798210730,6926279716,56.49,residential,0.0,0.0,0.7294,0.0,0.2918,MODERATE
T+0min,R-855,13798210735,13798210725,31.96,residential,0.0,0.0,0.5179,0.0,0.2072,LOW
T+0min,R-856,13798210735,13798210737,155.84,residential,0.0,0.0,0.6139,0.0,0.2456,LOW
T+0min,R-857,13798210735,6926279717,15.95,residential,0.0,0.0,0.5112,0.0,0.2045,LOW
T+0min,R-858,13798210737,13798210715,8.15,residential,0.0,0.0,0.7713,0.0,0.3085,MODERATE
T+0min,R-859,13798210737,13798210735,155.84,residential,0.0,0.0,0.6139,0.0,0.2456,LOW
T+0min,R-860,13798210737,13798210738,51.18,residential,0.0,0.0,0.7676,0.0,0.307,MODERATE
T+0min,R-861,13798210738,13798210737,51.18,residential,0.0,0.0,0.7676,0.0,0.307,MODERATE
T+0min,R-862,13798210738,6926279716,18.95,residential,0.0,0.0,0.7615,0.0,0.3046,MODERATE
T+0min,R-863,13798210738,6926279721,8.99,residential,0.0,0.0,0.7563,0.0,0.3025,MODERATE
T+0min,R-864,13798244194,10245790327,10.55,residential,0.0,0.0,0.4792,0.0,0.1917,LOW
T+0min,R-865,13798244194,13798244195,31.94,residential,0.0,0.0,0.4718,0.0,0.1887,LOW
T+0min,R-866,13798244195,13798244194,31.94,residential,0.0,0.0,0.4718,0.0,0.1887,LOW
T+0min,R-867,13798244195,13798244196,156.29,residential,0.0,0.0,0.635,0.0,0.254,MODERATE
T+0min,R-868,13798244196,13798244194,27.04,residential,0.0,0.0,0.5552,0.0,0.2221,LOW
T+0min,R-869,13798244196,13798244197,24.98,residential,0.0,0.0,0.5807,0.0,0.2323,LOW
T+0min,R-870,13798244197,13798244196,24.98,residential,0.0,0.0,0.5801,0.0,0.232,LOW
T+0min,R-871,13798296276,13798296277,6.17,residential,0.0,0.0,0.5137,0.0,0.2055,LOW
T+0min,R-872,13798296276,13798296286,48.23,trunk,0.0,0.0,0.4876,0.0,0.195,LOW
T+0min,R-873,13798296277,13798296276,6.17,residential,0.0,0.0,0.5137,0.0,0.2055,LOW
T+0min,R-874,13798296277,13798296287,13.51,residential,0.0,0.0,0.5095,0.0,0.2038,LOW
T+0min,R-875,13798296277,13798296297,19.63,residential,0.0,0.0,0.5375,0.0,0.215,LOW
T+0min,R-876,13798296286,10245790327,5.22,trunk,0.0,0.0,0.482,0.0,0.1928,LOW
T+0min,R-877,13798296286,13798296288,7.22,residential,0.0,0.0,0.479,0.0,0.1916,LOW
T+0min,R-878,13798296287,13798296277,13.51,residential,0.0,0.0,0.5095,0.0,0.2038,LOW
T+0min,R-879,13798296288,13798296286,7.22,residential,0.0,0.0,0.479,0.0,0.1916,LOW
T+0min,R-880,13798296288,13798296289,87.25,residential,0.0,0.0,0.6345,0.0,0.2538,MODERATE
T+0min,R-881,13798296288,13815611429,23.66,residential,0.0,0.0,0.4794,0.0,0.1918,LOW
T+0min,R-882,13798296289,13798296288,87.25,residential,0.0,0.0,0.6345,0.0,0.2538,MODERATE
T+0min,R-883,13798296289,13798296297,14.44,residential,0.0,0.0,0.5986,0.0,0.2394,LOW
T+0min,R-884,13798296289,13798296297,63.43,residential,0.0,0.0,0.5842,0.0,0.2337,LOW
T+0min,R-885,13798296297,13798296277,19.63,residential,0.0,0.0,0.5375,0.0,0.215,LOW
T+0min,R-886,13798296297,13798296289,14.44,residential,0.0,0.0,0.5986,0.0,0.2394,LOW
T+0min,R-887,13798296297,13798296289,63.43,residential,0.0,0.0,0.5842,0.0,0.2337,LOW
T+0min,R-888,13815611429,13798296288,23.66,residential,0.0,0.0,0.4795,0.0,0.1918,LOW
T+0min,R-889,14090541020,10279771623,45.09,primary,0.0,0.0,0.5865,0.0,0.2346,LOW
T+0min,R-890,14104987804,1375215100,39.68,residential,0.0,0.0,0.6028,0.0,0.2411,LOW
T+0min,R-891,14104987804,245667863,4.84,residential,0.0,0.0,0.598,0.0,0.2392,LOW
T+0min,R-892,14104987804,2897024862,300.37,secondary,0.0,0.0,0.4572,0.0,0.1829,LOW
T+0min,R-893,14104987809,2244637021,74.16,residential,0.0,0.0,0.5536,0.0,0.2214,LOW
T+0min,R-894,14130497014,14130497015,20.82,residential,,,,,,UNKNOWN
T+0min,R-895,14130497014,245668208,194.59,residential,,,,,,UNKNOWN
T+0min,R-896,14130497014,9684698224,20.89,residential,,,,,,UNKNOWN
T+0min,R-897,14130497015,14130497014,20.82,residential,,,,,,UNKNOWN
T+0min,R-898,14130497022,9684698224,12.76,residential,,,,,,UNKNOWN
T+0min,R-899,1934627523,245667676,129.94,residential,0.0,0.0,0.6147,0.0,0.2459,LOW
T+0min,R-900,1934627523,245667685,78.23,residential,0.0,0.0,0.4226,0.0,0.169,LOW
T+0min,R-901,1934627523,6490872923,21.5,residential,0.0,0.0,0.4078,0.0,0.1631,LOW
T+0min,R-902,2244637004,13614452347,193.91,trunk,0.0,0.0,0.6101,0.0,0.244,LOW
T+0min,R-903,2244637004,2244637007,89.18,residential,0.0,0.0,0.5133,0.0,0.2053,LOW
T+0min,R-904,2244637004,245667542,25.01,residential,0.0,0.0,0.6216,0.0,0.2486,LOW
T+0min,R-905,2244637007,13408237102,132.8,residential,0.0,0.0,0.469,0.0,0.1876,LOW
T+0min,R-906,2244637007,2244637004,89.18,residential,0.0,0.0,0.5138,0.0,0.2055,LOW
T+0min,R-907,2244637007,245667730,204.59,residential,0.0,0.0,0.3229,0.0,0.1292,LOW
T+0min,R-908,2244637012,11054646813,57.63,residential,0.0,0.0,0.4587,0.0,0.1835,LOW
T+0min,R-909,2244637012,6491091371,66.53,residential,0.0,0.0,0.5268,0.0,0.2107,LOW
T+0min,R-910,2244637012,6491091372,66.0,residential,0.0,0.0,0.4838,0.0,0.1935,LOW
T+0min,R-911,2244637013,245667730,33.76,residential,0.0,0.0,0.4897,0.0,0.1959,LOW
T+0min,R-912,2244637013,245667764,7.33,residential,0.0,0.0,0.502,0.0,0.2008,LOW
T+0min,R-913,2244637013,6554271024,71.18,residential,0.0,0.0,0.4944,0.0,0.1978,LOW
T+0min,R-914,2244637021,14104987809,74.16,residential,0.0,0.0,0.5536,0.0,0.2214,LOW
T+0min,R-915,2244637021,2244637027,74.94,residential,0.0,0.0,0.5637,0.0,0.2255,LOW
T+0min,R-916,2244637021,245667764,103.45,residential,0.0,0.0,0.554,0.0,0.2216,LOW
T+0min,R-917,2244637021,6554271024,67.22,residential,0.0,0.0,0.5444,0.0,0.2178,LOW
T+0min,R-918,2244637026,2244637067,191.26,residential,0.0,0.0,0.5572,0.0,0.2229,LOW
T+0min,R-919,2244637026,4342420383,43.76,residential,0.0,0.0,0.4286,0.0,0.1714,LOW
T+0min,R-920,2244637026,6554206834,113.08,residential,0.0,0.0,0.4986,0.0,0.1994,LOW
T+0min,R-921,2244637027,1375215100,35.49,residential,0.0,0.0,0.5616,0.0,0.2246,LOW
T+0min,R-922,2244637027,2244637021,74.94,residential,0.0,0.0,0.5637,0.0,0.2255,LOW
T+0min,R-923,2244637027,6490968308,168.17,residential,0.0,0.0,0.6348,0.0,0.2539,MODERATE
T+0min,R-924,2244637034,2244637056,315.81,residential,0.0,0.0,0.5099,0.0,0.204,LOW
T+0min,R-925,2244637034,4342420383,83.76,residential,0.0,0.0,0.5691,0.0,0.2276,LOW
T+0min,R-926,2244637034,4342420490,83.59,residential,0.0,0.0,0.6361,0.0,0.2544,MODERATE
T+0min,R-927,2244637056,11054673420,46.64,residential,,,,,,UNKNOWN
T+0min,R-928,2244637056,2244637034,315.81,residential,0.0,0.0,0.5099,0.0,0.204,LOW
T+0min,R-929,2244637056,622060872,101.59,residential,,,,,,UNKNOWN
T+0min,R-930,2244637067,2244637026,191.26,residential,0.0,0.0,0.5572,0.0,0.2229,LOW
T+0min,R-931,2244637067,6554236440,32.92,tertiary,0.0,0.0,0.5162,0.0,0.2065,LOW
T+0min,R-932,2244637067,6554236441,210.33,tertiary,0.0,0.0,0.5924,0.0,0.237,LOW
T+0min,R-933,2244637068,10923690293,48.3,residential,,,,,,UNKNOWN
T+0min,R-934,2244637068,245668029,141.2,residential,,,,,,UNKNOWN
T+0min,R-935,2244637068,622060802,19.11,residential,,,,,,UNKNOWN
T+0min,R-936,2244797470,2804520131,226.51,residential,0.0,0.0,0.557,0.0,0.2228,LOW
T+0min,R-937,2244797686,10925931739,51.06,residential,0.0,0.0,0.5478,0.0,0.2191,LOW
T+0min,R-938,2244797686,11046194845,23.64,residential,0.0,0.0,0.6192,0.0,0.2477,LOW
T+0min,R-939,2244797686,13601073293,20.6,residential,0.0,0.0,0.6713,0.0,0.2685,MODERATE
T+0min,R-940,2244797706,13619539396,35.28,residential,,,,,,UNKNOWN
T+0min,R-941,2244797706,13619570121,14.73,residential,,,,,,UNKNOWN
T+0min,R-942,2244797706,245668374,37.97,residential,,,,,,UNKNOWN
T+0min,R-943,2439333822,10696472349,119.0,residential,0.0,0.0,0.5907,0.0,0.2363,LOW
T+0min,R-944,2439333822,13638535655,45.9,residential,0.0,0.0,0.5945,0.0,0.2378,LOW
T+0min,R-945,2439333822,13638535656,61.17,residential,0.0,0.0,0.6048,0.0,0.2419,LOW
T+0min,R-946,245665874,3641869342,23.74,tertiary,0.0,0.0,0.466,0.0,0.1864,LOW
T+0min,R-947,245665874,6428811261,15.69,tertiary,0.0,0.0,0.4602,0.0,0.1841,LOW
T+0min,R-948,245665910,10653501374,119.23,residential,0.0,0.0,0.6197,0.0,0.2479,LOW
T+0min,R-949,245665910,13617092840,6.78,tertiary,0.0,0.0,0.6266,0.0,0.2506,MODERATE
T+0min,R-950,245666041,245666337,213.16,tertiary,,,,,,UNKNOWN
T+0min,R-951,245666041,2897024596,11.16,tertiary,,,,,,UNKNOWN
T+0min,R-952,245666077,10091403659,64.63,tertiary,0.0,0.0,0.5223,0.0,0.2089,LOW
T+0min,R-953,245666077,13617067002,5.65,tertiary_link,0.0,0.0,0.5326,0.0,0.213,LOW
T+0min,R-954,245666078,245666041,109.96,tertiary,0.0,0.0,0.5458,0.0,0.2183,LOW
T+0min,R-955,245666078,2897024594,8.02,tertiary,0.0,0.0,0.4945,0.0,0.1978,LOW
T+0min,R-956,245666141,2897024627,11.81,tertiary,0.0,0.0,0.4855,0.0,0.1942,LOW
T+0min,R-957,245666141,9469495782,392.7,secondary,0.0,0.0,0.5788,0.0,0.2315,LOW
T+0min,R-958,245666158,13619318853,9.0,tertiary,0.0,0.0,0.4593,0.0,0.1837,LOW
T+0min,R-959,245666158,13619318866,23.09,tertiary,0.0,0.0,0.466,0.0,0.1864,LOW
T+0min,R-960,245666190,10696472349,28.07,residential,0.0,0.0,0.488,0.0,0.1952,LOW
T+0min,R-961,245666190,13638535652,74.18,residential,0.0,0.0,0.5097,0.0,0.2039,LOW
T+0min,R-962,245666190,13638535655,46.91,residential,0.0,0.0,0.5597,0.0,0.2239,LOW
T+0min,R-963,245666190,245666260,65.45,residential,0.0,0.0,0.4774,0.0,0.191,LOW
T+0min,R-964,245666191,13619318852,13.1,residential,0.0,0.0,0.4765,0.0,0.1906,LOW
T+0min,R-965,245666191,13619318854,61.43,residential,0.0,0.0,0.4603,0.0,0.1841,LOW
T+0min,R-966,245666191,13638535686,66.58,residential,0.0,0.0,0.5928,0.0,0.2371,LOW
T+0min,R-967,245666192,10091403664,6.21,residential,0.0,0.0,0.768,0.0,0.3072,MODERATE
T+0min,R-968,245666192,13614337239,132.84,residential,0.0,0.0,0.6408,0.0,0.2563,MODERATE
T+0min,R-969,245666192,245666077,122.53,tertiary,0.0,0.0,0.7018,0.0,0.2807,MODERATE
T+0min,R-970,245666260,10696472308,71.83,residential,0.0,0.0,0.4326,0.0,0.173,LOW
T+0min,R-971,245666260,10696472350,30.74,residential,0.0,0.0,0.4788,0.0,0.1915,LOW
T+0min,R-972,245666260,245666190,65.45,residential,0.0,0.0,0.4774,0.0,0.191,LOW
T+0min,R-973,245666260,245666323,46.8,residential,0.0,0.0,0.4696,0.0,0.1878,LOW
T+0min,R-974,245666274,10292442915,11.26,secondary,0.0,0.0,0.4062,0.0,0.1625,LOW
T+0min,R-975,245666274,12409410388,80.29,secondary,0.0,0.0,0.4431,0.0,0.1772,LOW
T+0min,R-976,245666323,10696472307,69.45,residential,0.0,0.0,0.4726,0.0,0.189,LOW
T+0min,R-977,245666323,245666260,46.8,residential,0.0,0.0,0.4696,0.0,0.1878,LOW
T+0min,R-978,245666323,245666367,64.51,residential,0.0,0.0,0.5129,0.0,0.2052,LOW
T+0min,R-979,245666337,245666041,213.16,tertiary,,,,,,UNKNOWN
T+0min,R-980,245666351,10653501375,155.72,residential,0.0,0.0,0.4554,0.0,0.1822,LOW
T+0min,R-981,245666351,13638530342,13.01,residential,0.0,0.0,0.5428,0.0,0.2171,LOW
T+0min,R-982,245666351,245666385,23.02,residential,0.0,0.0,0.5563,0.0,0.2225,LOW
T+0min,R-983,245666367,10696472306,71.59,residential,0.0,0.0,0.61,0.0,0.244,LOW
T+0min,R-984,245666367,245666323,64.51,residential,0.0,0.0,0.5129,0.0,0.2052,LOW
T+0min,R-985,245666367,245666446,67.69,residential,0.0,0.0,0.598,0.0,0.2392,LOW
T+0min,R-986,245666370,13617040697,6.68,tertiary_link,0.0,0.0,0.5431,0.0,0.2172,LOW
T+0min,R-987,245666370,3803643818,26.19,tertiary,0.0,0.0,0.5481,0.0,0.2192,LOW
T+0min,R-988,245666371,245666141,219.36,tertiary,0.0,0.0,0.5323,0.0,0.2129,LOW
T+0min,R-989,245666371,2897024642,10.98,tertiary,0.0,0.0,0.4643,0.0,0.1857,LOW
T+0min,R-990,245666385,245666351,23.02,residential,0.0,0.0,0.5563,0.0,0.2225,LOW
T+0min,R-991,245666386,245666830,107.91,tertiary,0.0,0.0,0.5195,0.0,0.2078,LOW
T+0min,R-992,245666386,2897024660,251.12,tertiary,0.0,0.0,0.6289,0.0,0.2516,MODERATE
T+0min,R-993,245666386,6554384670,83.86,tertiary,0.0,0.0,0.4156,0.0,0.1662,LOW
T+0min,R-994,245666426,12311766936,10.15,tertiary,0.0,0.0,0.5544,0.0,0.2218,LOW
T+0min,R-995,245666446,10696472356,29.73,residential,0.0,0.0,0.5907,0.0,0.2363,LOW
T+0min,R-996,245666446,13638535661,65.41,residential,0.0,0.0,0.5312,0.0,0.2125,LOW
T+0min,R-997,245666446,13638535670,97.55,residential,0.0,0.0,0.5421,0.0,0.2168,LOW
T+0min,R-998,245666446,245666367,67.69,residential,0.0,0.0,0.598,0.0,0.2392,LOW
T+0min,R-999,245666448,476480258,333.56,tertiary,0.0,0.0,0.483,0.0,0.1932,LOW
T+0min,R-1000,245666448,476480287,301.33,secondary,0.0,0.0,0.517,0.0,0.2068,LOW
T+0min,R-1001,245666482,10696472347,74.32,residential,0.0,0.0,0.7583,0.0,0.3033,MODERATE
T+0min,R-1002,245666482,13638546110,17.87,residential,0.0,0.0,0.6513,0.0,0.2605,MODERATE
T+0min,R-1003,245666482,13638546112,29.08,residential,0.0,0.0,0.6974,0.0,0.279,MODERATE
T+0min,R-1004,245666579,12350391112,182.63,tertiary,0.0,0.0,0.5476,0.0,0.219,LOW
T+0min,R-1005,245666579,12350425034,7.73,residential,0.0,0.0,0.5978,0.0,0.2391,LOW
T+0min,R-1006,245666579,245666651,97.11,residential,0.0,0.0,0.6776,0.0,0.271,MODERATE
T+0min,R-1007,245666651,245666579,97.11,residential,0.0,0.0,0.6776,0.0,0.271,MODERATE
T+0min,R-1008,245666651,245666881,141.24,residential,0.0,0.0,0.6601,0.0,0.264,MODERATE
T+0min,R-1009,245666651,8443491310,77.22,residential,0.0,0.0,0.5504,0.0,0.2202,LOW
T+0min,R-1010,245666801,10724781030,7.12,tertiary,0.0,0.0,0.8067,0.0,0.3227,MODERATE
T+0min,R-1011,245666801,13620657537,134.61,residential,0.0,0.0,0.8174,0.0,0.327,MODERATE
T+0min,R-1012,245666801,7372035744,85.2,tertiary,0.0,0.0,0.8049,0.0,0.322,MODERATE
T+0min,R-1013,245666830,245666386,107.91,tertiary,0.0,0.0,0.5195,0.0,0.2078,LOW
T+0min,R-1014,245666830,245666882,247.89,tertiary,0.0,0.0,0.4997,0.0,0.1999,LOW
T+0min,R-1015,245666830,2897024695,7.98,tertiary,0.0,0.0,0.4982,0.0,0.1993,LOW
T+0min,R-1016,245666831,245666830,175.07,tertiary,0.0,0.0,0.4791,0.0,0.1916,LOW
T+0min,R-1017,245666831,2897024683,8.09,unclassified,0.0,0.0,0.4362,0.0,0.1745,LOW
T+0min,R-1018,245666881,13638081817,44.87,tertiary,0.0,0.0,0.5942,0.0,0.2377,LOW
T+0min,R-1019,245666881,13638081818,25.11,residential,0.0,0.0,0.5851,0.0,0.234,LOW
T+0min,R-1020,245666881,245666651,141.24,residential,0.0,0.0,0.6601,0.0,0.264,MODERATE
T+0min,R-1021,245666882,2897024660,92.96,tertiary,0.0,0.0,0.4922,0.0,0.1969,LOW
T+0min,R-1022,245666882,2897024710,8.15,tertiary,0.0,0.0,0.5006,0.0,0.2002,LOW
T+0min,R-1023,245666882,2897024713,60.67,tertiary,0.0,0.0,0.483,0.0,0.1932,LOW
T+0min,R-1024,245666901,13616287392,72.28,tertiary,0.0,0.0,0.7323,0.0,0.2929,MODERATE
T+0min,R-1025,245666901,13626183257,111.52,residential,0.0,0.0,0.6373,0.0,0.2549,MODERATE
T+0min,R-1026,245666901,13638081807,20.6,tertiary,0.0,0.0,0.7216,0.0,0.2886,MODERATE
T+0min,R-1027,245666901,245667237,238.41,residential,0.0,0.0,0.6067,0.0,0.2427,LOW
T+0min,R-1028,245666966,10279771631,47.09,secondary,0.0,0.0,0.4091,0.0,0.1636,LOW
T+0min,R-1029,245666966,2897024737,8.19,primary,0.0,0.0,0.3925,0.0,0.157,LOW
T+0min,R-1030,245667237,245666901,238.41,residential,0.0,0.0,0.6067,0.0,0.2427,LOW
T+0min,R-1031,245667361,245667423,226.08,trunk,0.0,0.0,0.4103,0.0,0.1641,LOW
T+0min,R-1032,245667361,245667468,151.02,residential,0.0,0.0,0.2609,0.0,0.1044,LOW
T+0min,R-1033,245667423,13798296276,46.96,trunk,0.0,0.0,0.4931,0.0,0.1972,LOW
T+0min,R-1034,245667423,2804481652,36.04,residential,0.0,0.0,0.4946,0.0,0.1978,LOW
T+0min,R-1035,245667423,622060792,187.57,residential,0.0,0.0,0.5076,0.0,0.203,LOW
T+0min,R-1036,245667468,12378368426,17.87,residential,0.0,0.0,0.1798,0.0,0.0719,LOW
T+0min,R-1037,245667468,13618292019,4.23,residential,0.0,0.0,0.1804,0.0,0.0722,LOW
T+0min,R-1038,245667468,245667361,151.02,residential,0.0,0.0,0.261,0.0,0.1044,LOW
T+0min,R-1039,245667542,10265662175,84.99,trunk,0.0,0.0,0.6449,0.0,0.258,MODERATE
T+0min,R-1040,245667542,2244637004,25.01,residential,0.0,0.0,0.6216,0.0,0.2486,LOW
T+0min,R-1041,245667676,1934627523,129.94,residential,0.0,0.0,0.6147,0.0,0.2459,LOW
T+0min,R-1042,245667676,245667730,74.15,residential,0.0,0.0,0.4148,0.0,0.1659,LOW
T+0min,R-1043,245667676,245667764,98.77,residential,0.0,0.0,0.5775,0.0,0.231,LOW
T+0min,R-1044,245667685,1934627523,78.23,residential,0.0,0.0,0.4226,0.0,0.169,LOW
T+0min,R-1045,245667685,623895377,201.78,residential,0.0,0.0,0.4526,0.0,0.181,LOW
T+0min,R-1046,245667685,6428793085,38.34,residential,0.0,0.0,0.4701,0.0,0.188,LOW
T+0min,R-1047,245667730,2244637007,204.59,residential,0.0,0.0,0.3229,0.0,0.1292,LOW
T+0min,R-1048,245667730,2244637013,33.76,residential,0.0,0.0,0.4897,0.0,0.1959,LOW
T+0min,R-1049,245667730,245667676,74.15,residential,0.0,0.0,0.4148,0.0,0.1659,LOW
T+0min,R-1050,245667764,2244637013,7.33,residential,0.0,0.0,0.502,0.0,0.2008,LOW
T+0min,R-1051,245667764,2244637021,103.45,residential,0.0,0.0,0.554,0.0,0.2216,LOW
T+0min,R-1052,245667764,245667676,98.77,residential,0.0,0.0,0.5775,0.0,0.231,LOW
T+0min,R-1053,245667803,245667757,255.38,trunk,0.0,0.0,0.5713,0.0,0.2285,LOW
T+0min,R-1054,245667803,5911310869,13.75,tertiary,0.0,0.0,0.5789,0.0,0.2316,LOW
T+0min,R-1055,245667863,13619400539,98.56,secondary,0.0,0.0,0.5998,0.0,0.2399,LOW
T+0min,R-1056,245667863,14104987804,4.84,residential,0.0,0.0,0.598,0.0,0.2392,LOW
T+0min,R-1057,245667863,245667933,47.83,residential,0.0,0.0,0.6468,0.0,0.2587,MODERATE
T+0min,R-1058,245667933,10925931781,125.58,residential,0.0,0.0,0.5604,0.0,0.2242,LOW
T+0min,R-1059,245667933,245667863,47.83,residential,0.0,0.0,0.6468,0.0,0.2587,MODERATE
T+0min,R-1060,245667933,245668038,114.17,residential,0.0,0.0,0.5464,0.0,0.2186,LOW
T+0min,R-1061,245667933,6490861784,77.54,residential,0.0,0.0,0.5677,0.0,0.2271,LOW
T+0min,R-1062,245667958,245668141,125.66,residential,0.0,0.0,0.4961,0.0,0.1984,LOW
T+0min,R-1063,245667960,622060872,43.75,residential,,,,,,UNKNOWN
T+0min,R-1064,245668000,1375215119,42.9,tertiary,0.0,0.0,0.597,0.0,0.2388,LOW
T+0min,R-1065,245668000,245668015,6.76,tertiary,0.0,0.0,0.6345,0.0,0.2538,MODERATE
T+0min,R-1066,245668000,4342420553,69.13,residential,0.0,0.0,0.5755,0.0,0.2302,LOW
T+0min,R-1067,245668015,14104987804,130.23,secondary,0.0,0.0,0.6197,0.0,0.2479,LOW
T+0min,R-1068,245668015,245668000,6.76,tertiary,0.0,0.0,0.6345,0.0,0.2538,MODERATE
T+0min,R-1069,245668015,7404711447,9.51,secondary,0.0,0.0,0.6627,0.0,0.2651,MODERATE
T+0min,R-1070,245668029,2244637068,141.2,residential,,,,,,UNKNOWN
T+0min,R-1071,245668029,623895533,58.72,tertiary,,,,,,UNKNOWN
T+0min,R-1072,245668029,6554236441,12.21,tertiary,,,,,,UNKNOWN
T+0min,R-1073,245668038,245667933,114.17,residential,0.0,0.0,0.5464,0.0,0.2186,LOW
T+0min,R-1074,245668038,4342420515,64.09,residential,0.0,0.0,0.4368,0.0,0.1747,LOW
T+0min,R-1075,245668038,7404711443,19.69,residential,0.0,0.0,0.4613,0.0,0.1845,LOW
T+0min,R-1076,245668039,10925931781,8.27,secondary,0.0,0.0,0.6739,0.0,0.2696,MODERATE
T+0min,R-1077,245668039,7404711447,18.91,secondary,0.0,0.0,0.6946,0.0,0.2778,MODERATE
T+0min,R-1078,245668141,245667958,125.66,residential,0.0,0.0,0.4961,0.0,0.1984,LOW
T+0min,R-1079,245668141,245668208,104.5,residential,,,,,,UNKNOWN
T+0min,R-1080,245668141,7404711443,156.42,residential,0.0,0.0,0.4503,0.0,0.1801,LOW
T+0min,R-1081,245668185,1375251567,40.24,residential,0.0,0.0,0.4768,0.0,0.1907,LOW
T+0min,R-1082,245668197,13619403785,22.99,residential,,,,,,UNKNOWN
T+0min,R-1083,245668197,13619403788,28.94,residential,,,,,,UNKNOWN
T+0min,R-1084,245668197,622039360,19.56,residential,,,,,,UNKNOWN
T+0min,R-1085,245668208,13617280082,44.67,residential,,,,,,UNKNOWN
T+0min,R-1086,245668208,14130497014,194.59,residential,,,,,,UNKNOWN
T+0min,R-1087,245668208,245668141,104.5,residential,,,,,,UNKNOWN
T+0min,R-1088,245668226,4342420553,194.56,residential,,,,,,UNKNOWN
T+0min,R-1089,245668277,13619239367,186.93,tertiary,0.0,0.0,0.4876,0.0,0.195,LOW
T+0min,R-1090,245668277,13621749581,25.79,residential,0.0,0.0,0.4708,0.0,0.1883,LOW
T+0min,R-1091,245668277,1375251567,150.21,tertiary,0.0,0.0,0.4932,0.0,0.1973,LOW
T+0min,R-1092,245668286,13619403787,71.42,residential,,,,,,UNKNOWN
T+0min,R-1093,245668286,13622445020,9.07,residential,,,,,,UNKNOWN
T+0min,R-1094,245668286,13622445933,2.71,residential,,,,,,UNKNOWN
T+0min,R-1095,245668324,13619239369,14.91,residential,,,,,,UNKNOWN
T+0min,R-1096,245668324,13619243545,58.86,residential,,,,,,UNKNOWN
T+0min,R-1097,245668324,13619403788,104.46,residential,,,,,,UNKNOWN
T+0min,R-1098,245668373,9445072347,17.59,residential,,,,,,UNKNOWN
T+0min,R-1099,245668374,13619500839,8.05,residential,,,,,,UNKNOWN
T+0min,R-1100,245668374,13619500841,60.13,residential,,,,,,UNKNOWN
T+0min,R-1101,245668374,2244797706,37.97,residential,,,,,,UNKNOWN
T+0min,R-1102,245668449,9684698224,16.58,residential,,,,,,UNKNOWN
T+0min,R-1103,2804481652,12334925193,362.75,trunk,0.0,0.0,0.4772,0.0,0.1909,LOW
T+0min,R-1104,2804481652,245667423,36.04,residential,0.0,0.0,0.4946,0.0,0.1978,LOW
T+0min,R-1105,2804481652,6926279722,104.56,residential,0.0,0.0,0.569,0.0,0.2276,LOW
T+0min,R-1106,2804520131,2244797470,226.51,residential,0.0,0.0,0.557,0.0,0.2228,LOW
T+0min,R-1107,2804520131,5470238123,64.33,trunk,0.0,0.0,0.6686,0.0,0.2674,MODERATE
T+0min,R-1108,2897022098,2897024519,92.09,primary_link,0.0,0.0,0.4687,0.0,0.1875,LOW
T+0min,R-1109,2897022098,296857831,61.85,secondary,0.0,0.0,0.4521,0.0,0.1808,LOW
T+0min,R-1110,2897024501,2897024596,235.36,tertiary,0.0,0.0,0.5773,0.0,0.2309,LOW
T+0min,R-1111,2897024506,2897022099,22.66,secondary,0.0,0.0,0.4026,0.0,0.161,LOW
T+0min,R-1112,2897024517,2897024636,404.85,tertiary,0.0,0.0,0.4991,0.0,0.1996,LOW
T+0min,R-1113,2897024517,476489029,11.98,unclassified,0.0,0.0,0.4595,0.0,0.1838,LOW
T+0min,R-1114,2897024519,476465252,53.37,primary,0.0,0.0,0.4909,0.0,0.1964,LOW
T+0min,R-1115,2897024523,2897024506,45.51,secondary,0.0,0.0,0.434,0.0,0.1736,LOW
T+0min,R-1116,2897024523,296857831,7.92,primary,0.0,0.0,0.4444,0.0,0.1778,LOW
T+0min,R-1117,2897024540,2897024506,59.55,primary_link,0.0,0.0,0.4233,0.0,0.1693,LOW
T+0min,R-1118,2897024540,2897024523,36.76,primary,0.0,0.0,0.4277,0.0,0.1711,LOW
T+0min,R-1119,2897024594,476489029,208.98,tertiary,0.0,0.0,0.5571,0.0,0.2228,LOW
T+0min,R-1120,2897024595,2897024597,9.02,secondary,0.0,0.0,0.3409,0.0,0.1364,LOW
T+0min,R-1121,2897024595,476480400,221.79,tertiary,0.0,0.0,0.3975,0.0,0.159,LOW
T+0min,R-1122,2897024596,245666041,11.16,tertiary,,,,,,UNKNOWN
T+0min,R-1123,2897024596,2897024501,235.36,tertiary,0.0,0.0,0.5773,0.0,0.2309,LOW
T+0min,R-1124,2897024596,2897024594,104.69,tertiary,0.0,0.0,0.5255,0.0,0.2102,LOW
T+0min,R-1125,2897024597,2897024609,68.22,secondary,0.0,0.0,0.415,0.0,0.166,LOW
T+0min,R-1126,2897024601,2897024540,170.92,primary,0.0,0.0,0.4618,0.0,0.1847,LOW
T+0min,R-1127,2897024609,2897024601,56.78,primary_link,0.0,0.0,0.5188,0.0,0.2075,LOW
T+0min,R-1128,2897024609,296857806,46.19,secondary,0.0,0.0,0.5605,0.0,0.2242,LOW
T+0min,R-1129,2897024611,245666448,77.45,secondary,0.0,0.0,0.4331,0.0,0.1732,LOW
T+0min,R-1130,2897024614,12079741513,6.96,primary,0.0,0.0,0.5837,0.0,0.2335,LOW
T+0min,R-1131,2897024615,2897024611,41.55,secondary,0.0,0.0,0.5793,0.0,0.2317,LOW
T+0min,R-1132,2897024615,296857806,8.19,primary,0.0,0.0,0.5919,0.0,0.2368,LOW
T+0min,R-1133,2897024623,245666274,233.6,secondary,0.0,0.0,0.4693,0.0,0.1877,LOW
T+0min,R-1134,2897024623,2897024625,11.8,tertiary,0.0,0.0,0.4458,0.0,0.1783,LOW
T+0min,R-1135,2897024625,245666141,10.97,secondary,0.0,0.0,0.4596,0.0,0.1838,LOW
T+0min,R-1136,2897024625,2897024642,223.77,tertiary,0.0,0.0,0.5727,0.0,0.2291,LOW
T+0min,R-1137,2897024627,2897024623,10.97,secondary,0.0,0.0,0.4721,0.0,0.1888,LOW
T+0min,R-1138,2897024628,2897024611,68.06,primary_link,0.0,0.0,0.5734,0.0,0.2294,LOW
T+0min,R-1139,2897024628,2897024615,47.23,primary,0.0,0.0,0.5883,0.0,0.2353,LOW
T+0min,R-1140,2897024636,2897024667,203.56,tertiary,0.0,0.0,0.4789,0.0,0.1916,LOW
T+0min,R-1141,2897024636,476488948,11.98,unclassified,0.0,0.0,0.5122,0.0,0.2049,LOW
T+0min,R-1142,2897024642,245666371,10.98,tertiary,0.0,0.0,0.4643,0.0,0.1857,LOW
T+0min,R-1143,2897024642,2897024644,139.0,tertiary,0.0,0.0,0.4913,0.0,0.1965,LOW
T+0min,R-1144,2897024642,476480258,98.6,tertiary,0.0,0.0,0.5451,0.0,0.218,LOW
T+0min,R-1145,2897024644,2897024648,48.67,primary_link,0.0,0.0,0.3936,0.0,0.1574,LOW
T+0min,R-1146,2897024644,296853816,34.75,tertiary,0.0,0.0,0.4008,0.0,0.1603,LOW
T+0min,R-1147,2897024648,2897024628,340.79,primary,0.0,0.0,0.424,0.0,0.1696,LOW
T+0min,R-1148,2897024651,245666371,171.79,tertiary,0.0,0.0,0.4902,0.0,0.1961,LOW
T+0min,R-1149,2897024651,296853816,8.12,primary,0.0,0.0,0.4146,0.0,0.1658,LOW
T+0min,R-1150,2897024656,2897024658,8.31,primary,0.0,0.0,0.4245,0.0,0.1698,LOW
T+0min,R-1151,2897024656,6552594955,26.66,tertiary,0.0,0.0,0.4386,0.0,0.1754,LOW
T+0min,R-1152,2897024658,2897024651,18.15,tertiary,0.0,0.0,0.4226,0.0,0.169,LOW
T+0min,R-1153,2897024658,2897024742,383.65,primary,0.0,0.0,0.462,0.0,0.1848,LOW
T+0min,R-1154,2897024660,245666386,251.12,tertiary,0.0,0.0,0.6289,0.0,0.2516,MODERATE
T+0min,R-1155,2897024660,245666882,92.96,tertiary,0.0,0.0,0.4922,0.0,0.1969,LOW
T+0min,R-1156,2897024660,9771116360,47.48,residential,0.0,0.0,0.4824,0.0,0.193,LOW
T+0min,R-1157,2897024667,2897024676,9.67,tertiary,0.0,0.0,0.5329,0.0,0.2132,LOW
T+0min,R-1158,2897024667,2897024687,75.77,tertiary,0.0,0.0,0.5717,0.0,0.2287,LOW
T+0min,R-1159,2897024676,245666426,12.12,tertiary,0.0,0.0,0.5751,0.0,0.23,LOW
T+0min,R-1160,2897024676,2897024734,183.57,tertiary,0.0,0.0,0.5922,0.0,0.2369,LOW
T+0min,R-1161,2897024677,245666831,8.08,tertiary,0.0,0.0,0.4251,0.0,0.17,LOW
T+0min,R-1162,2897024682,2897024658,114.45,tertiary,0.0,0.0,0.4884,0.0,0.1954,LOW
T+0min,R-1163,2897024682,2897024677,8.07,unclassified,0.0,0.0,0.4447,0.0,0.1779,LOW
T+0min,R-1164,2897024683,11027088421,488.66,unclassified,0.0,0.0,0.5703,0.0,0.2281,LOW
T+0min,R-1165,2897024683,2897024682,8.08,tertiary,0.0,0.0,0.4547,0.0,0.1819,LOW
T+0min,R-1166,2897024687,631525434,8.19,tertiary,0.0,0.0,0.4976,0.0,0.199,LOW
T+0min,R-1167,2897024687,9469495781,44.22,tertiary,0.0,0.0,0.4957,0.0,0.1983,LOW
T+0min,R-1168,2897024695,245666830,7.98,tertiary,0.0,0.0,0.4982,0.0,0.1993,LOW
T+0min,R-1169,2897024695,7749797394,54.4,tertiary,0.0,0.0,0.483,0.0,0.1932,LOW
T+0min,R-1170,2897024696,12084454212,7.67,secondary,0.0,0.0,0.5075,0.0,0.203,LOW
T+0min,R-1171,2897024710,245666882,8.15,tertiary,0.0,0.0,0.5006,0.0,0.2002,LOW
T+0min,R-1172,2897024710,2897024695,247.3,tertiary,0.0,0.0,0.4967,0.0,0.1987,LOW
T+0min,R-1173,2897024711,2897024737,125.16,secondary,0.0,0.0,0.4379,0.0,0.1752,LOW
T+0min,R-1174,2897024711,631507969,7.99,tertiary,0.0,0.0,0.4821,0.0,0.1928,LOW
T+0min,R-1175,2897024713,13616287395,8.37,residential,0.0,0.0,0.4778,0.0,0.1911,LOW
T+0min,R-1176,2897024713,3803645219,36.4,tertiary,0.0,0.0,0.4846,0.0,0.1938,LOW
T+0min,R-1177,2897024734,2897024749,99.11,tertiary,,,,,,UNKNOWN
T+0min,R-1178,2897024734,631507991,10.02,tertiary,,,,,,UNKNOWN
T+0min,R-1179,2897024734,631525440,214.13,tertiary,0.0,0.0,0.6535,0.0,0.2614,MODERATE
T+0min,R-1180,2897024737,2897024651,386.36,primary,0.0,0.0,0.4503,0.0,0.1801,LOW
T+0min,R-1181,2897024737,2897024742,18.7,secondary,0.0,0.0,0.4119,0.0,0.1648,LOW
T+0min,R-1182,2897024742,631525438,9.99,primary,0.0,0.0,0.4276,0.0,0.171,LOW
T+0min,R-1183,2897024748,2897024751,8.0,tertiary_link,0.0,0.0,0.5689,0.0,0.2276,LOW
T+0min,R-1184,2897024748,6590384792,229.76,tertiary,0.0,0.0,0.7328,0.0,0.2931,MODERATE
T+0min,R-1185,2897024749,2897024753,7.99,tertiary,,,,,,UNKNOWN
T+0min,R-1186,2897024749,2897024795,205.85,tertiary,0.0,0.0,0.5424,0.0,0.217,LOW
T+0min,R-1187,2897024751,13616287393,231.94,tertiary,0.0,0.0,0.5889,0.0,0.2356,LOW
T+0min,R-1188,2897024751,2897024748,8.0,tertiary_link,0.0,0.0,0.5689,0.0,0.2276,LOW
T+0min,R-1189,2897024752,12350931356,11.49,tertiary,,,,,,UNKNOWN
T+0min,R-1190,2897024753,12350931356,9.43,tertiary,,,,,,UNKNOWN
T+0min,R-1191,2897024753,2897024759,11.78,tertiary,,,,,,UNKNOWN
T+0min,R-1192,2897024777,2897024753,106.64,tertiary,,,,,,UNKNOWN
T+0min,R-1193,2897024777,6491469979,104.67,tertiary,,,,,,UNKNOWN
T+0min,R-1194,2897024795,10279771627,346.77,primary,0.0,0.0,0.6445,0.0,0.2578,MODERATE
T+0min,R-1195,2897024795,2897024798,17.97,tertiary,0.0,0.0,0.5274,0.0,0.211,LOW
T+0min,R-1196,2897024798,631507993,8.0,primary,0.0,0.0,0.5296,0.0,0.2118,LOW
T+0min,R-1197,2897024862,7366246698,11.91,trunk,0.0,0.0,0.4117,0.0,0.1647,LOW
T+0min,R-1198,2897024865,2897024862,13.22,trunk,0.0,0.0,0.4202,0.0,0.1681,LOW
T+0min,R-1199,2897024865,2897024870,19.33,secondary,0.0,0.0,0.439,0.0,0.1756,LOW
T+0min,R-1200,2897024866,13619457125,9.61,trunk_link,0.0,0.0,0.4889,0.0,0.1956,LOW
T+0min,R-1201,2897024866,2897024865,42.35,trunk,0.0,0.0,0.5023,0.0,0.2009,LOW
T+0min,R-1202,2897024870,13618347449,18.77,secondary,0.0,0.0,0.3832,0.0,0.1533,LOW
T+0min,R-1203,296853790,11271580571,23.73,primary,0.0,0.0,0.5122,0.0,0.2049,LOW
T+0min,R-1204,296853793,13619939784,6.85,primary,0.0,0.0,0.4551,0.0,0.182,LOW
T+0min,R-1205,296853816,2897024648,27.68,primary,0.0,0.0,0.3981,0.0,0.1592,LOW
T+0min,R-1206,296853816,2897024656,18.18,tertiary,0.0,0.0,0.4136,0.0,0.1654,LOW
T+0min,R-1207,296857806,2897024601,36.97,primary,0.0,0.0,0.5188,0.0,0.2075,LOW
T+0min,R-1208,296857806,2897024614,18.07,secondary,0.0,0.0,0.5825,0.0,0.233,LOW
T+0min,R-1209,296857831,2897024519,49.6,primary,0.0,0.0,0.476,0.0,0.1904,LOW
T+0min,R-1210,296857831,296853793,17.93,secondary,0.0,0.0,0.4549,0.0,0.182,LOW
T+0min,R-1211,3193827831,10091403662,7.59,residential,0.0,0.0,0.5406,0.0,0.2162,LOW
T+0min,R-1212,3193827831,245666370,35.93,tertiary,0.0,0.0,0.5451,0.0,0.218,LOW
T+0min,R-1213,3641869342,245665874,23.74,tertiary,0.0,0.0,0.466,0.0,0.1864,LOW
T+0min,R-1214,3743617937,10564373799,148.61,trunk,0.0,0.0,0.5343,0.0,0.2137,LOW
T+0min,R-1215,3743617937,13614467518,34.2,residential,0.0,0.0,0.531,0.0,0.2124,LOW
T+0min,R-1216,3743617940,11054614468,13.33,residential,0.0,0.0,0.4753,0.0,0.1901,LOW
T+0min,R-1217,3743617940,13503191895,12.31,residential,0.0,0.0,0.4944,0.0,0.1978,LOW
T+0min,R-1218,3743617940,13614467518,37.51,residential,0.0,0.0,0.4662,0.0,0.1865,LOW
T+0min,R-1219,3803643818,13616325516,5.12,residential,0.0,0.0,0.5466,0.0,0.2186,LOW
T+0min,R-1220,3803643818,13617040695,31.18,tertiary,0.0,0.0,0.5568,0.0,0.2227,LOW
T+0min,R-1221,3803645219,12313982253,213.14,residential,0.0,0.0,0.6655,0.0,0.2662,MODERATE
T+0min,R-1222,3803645219,13616287394,18.6,tertiary,0.0,0.0,0.5305,0.0,0.2122,LOW
T+0min,R-1223,3803645219,6428617352,8.08,residential,0.0,0.0,0.5105,0.0,0.2042,LOW
T+0min,R-1224,4342420383,2244637026,43.76,residential,0.0,0.0,0.4286,0.0,0.1714,LOW
T+0min,R-1225,4342420383,2244637034,83.76,residential,0.0,0.0,0.5691,0.0,0.2276,LOW
T+0min,R-1226,4342420383,6491091371,90.34,residential,0.0,0.0,0.5079,0.0,0.2032,LOW
T+0min,R-1227,4342420489,6598052694,44.3,residential,0.0,0.0,0.4942,0.0,0.1977,LOW
T+0min,R-1228,4342420490,2244637034,83.59,residential,0.0,0.0,0.6361,0.0,0.2544,MODERATE
T+0min,R-1229,4342420490,622060802,145.96,residential,0.0,0.0,0.5481,0.0,0.2192,LOW
T+0min,R-1230,4342420490,7404711408,92.78,residential,0.0,0.0,0.666,0.0,0.2664,MODERATE
T+0min,R-1231,4342420515,10925931781,46.46,secondary,0.0,0.0,0.5687,0.0,0.2275,LOW
T+0min,R-1232,4342420515,245668038,64.09,residential,0.0,0.0,0.4368,0.0,0.1747,LOW
T+0min,R-1233,4342420515,621966589,353.9,secondary,0.0,0.0,0.4309,0.0,0.1724,LOW
T+0min,R-1234,4342420517,9914206292,78.72,residential,0.0,0.0,0.5191,0.0,0.2076,LOW
T+0min,R-1235,4342420553,245668000,69.13,residential,0.0,0.0,0.5756,0.0,0.2302,LOW
T+0min,R-1236,4342420553,245668226,194.56,residential,,,,,,UNKNOWN
T+0min,R-1237,4342420553,6554236455,74.37,residential,,,,,,UNKNOWN
T+0min,R-1238,4674280890,7104101070,164.64,trunk,0.0,0.0,0.6093,0.0,0.2437,LOW
T+0min,R-1239,473698889,473698890,49.94,residential,0.0,0.0,0.3568,0.0,0.1427,LOW
T+0min,R-1240,473698890,10653501374,69.48,residential,0.0,0.0,0.3567,0.0,0.1427,LOW
T+0min,R-1241,473698890,10653501375,29.16,residential,0.0,0.0,0.3364,0.0,0.1346,LOW
T+0min,R-1242,473698890,473698889,49.94,residential,0.0,0.0,0.3568,0.0,0.1427,LOW
T+0min,R-1243,476480258,245666448,333.56,tertiary,0.0,0.0,0.483,0.0,0.1932,LOW
T+0min,R-1244,476480258,2897024642,98.6,tertiary,0.0,0.0,0.5451,0.0,0.218,LOW
T+0min,R-1245,476480258,476480287,306.86,tertiary,0.0,0.0,0.5511,0.0,0.2204,LOW
T+0min,R-1246,476480287,13615156523,90.26,secondary,0.0,0.0,0.4128,0.0,0.1651,LOW
T+0min,R-1247,476480287,476480258,306.86,tertiary,0.0,0.0,0.5511,0.0,0.2204,LOW
T+0min,R-1248,476488948,245666078,194.93,tertiary,0.0,0.0,0.4566,0.0,0.1826,LOW
T+0min,R-1249,476488948,245666337,202.37,unclassified,0.0,0.0,0.5486,0.0,0.2194,LOW
T+0min,R-1250,476489029,2897024517,27.97,tertiary,0.0,0.0,0.4631,0.0,0.1852,LOW
T+0min,R-1251,5424387223,5424387232,182.28,residential,0.0,0.0,0.5032,0.0,0.2013,LOW
T+0min,R-1252,5424387232,5424387223,182.28,residential,0.0,0.0,0.5032,0.0,0.2013,LOW
T+0min,R-1253,5424387232,6490861784,90.96,residential,0.0,0.0,0.4959,0.0,0.1984,LOW
T+0min,R-1254,5424387232,6490861784,150.46,residential,0.0,0.0,0.4974,0.0,0.199,LOW
T+0min,R-1255,5470238123,10044201331,128.41,trunk,0.0,0.0,0.6976,0.0,0.279,MODERATE
T+0min,R-1256,5470238123,9691859215,23.99,trunk_link,0.0,0.0,0.6775,0.0,0.271,MODERATE
T+0min,R-1257,5896564331,2897024751,238.6,tertiary,0.0,0.0,0.7166,0.0,0.2866,MODERATE
T+0min,R-1258,5896564331,6590384792,9.22,tertiary,0.0,0.0,0.5627,0.0,0.2251,LOW
T+0min,R-1259,5896564331,8443532426,497.89,tertiary,0.0,0.0,0.5868,0.0,0.2347,LOW
T+0min,R-1260,5911310862,5911310869,218.06,trunk,0.0,0.0,0.5548,0.0,0.2219,LOW
T+0min,R-1261,5911310869,1375251567,430.52,tertiary,0.0,0.0,0.5225,0.0,0.209,LOW
T+0min,R-1262,5911310869,245667803,13.75,tertiary,0.0,0.0,0.5789,0.0,0.2316,LOW
T+0min,R-1263,5911310869,5911310870,17.94,trunk,0.0,0.0,0.5819,0.0,0.2328,LOW
T+0min,R-1264,5911310870,5911310871,172.37,trunk,0.0,0.0,0.6193,0.0,0.2477,LOW
T+0min,R-1265,5911310870,622039341,271.18,residential,0.0,0.0,0.5821,0.0,0.2328,LOW
T+0min,R-1266,5911310871,12406104882,38.0,trunk,0.0,0.0,0.6431,0.0,0.2572,MODERATE
T+0min,R-1267,5911310871,13618399201,121.31,residential,0.0,0.0,0.7294,0.0,0.2918,MODERATE
T+0min,R-1268,5911310878,10384248274,36.52,trunk,0.0,0.0,0.6076,0.0,0.243,LOW
T+0min,R-1269,5911310878,13622393246,29.93,residential,0.0,0.0,0.6201,0.0,0.248,LOW
T+0min,R-1270,5911310880,13618374657,39.28,residential,0.0,0.0,0.5342,0.0,0.2137,LOW
T+0min,R-1271,5911310880,13618374670,65.19,residential,0.0,0.0,0.5539,0.0,0.2216,LOW
T+0min,R-1272,5911310880,13618374676,18.15,residential,0.0,0.0,0.5159,0.0,0.2064,LOW
T+0min,R-1273,621966589,4342420515,353.9,secondary,0.0,0.0,0.4309,0.0,0.1724,LOW
T+0min,R-1274,622039341,13601073293,110.41,residential,0.0,0.0,0.7272,0.0,0.2909,MODERATE
T+0min,R-1275,622039341,13619536866,12.47,residential,0.0,0.0,0.6391,0.0,0.2556,MODERATE
T+0min,R-1276,622039341,5911310870,271.18,residential,0.0,0.0,0.5821,0.0,0.2328,LOW
T+0min,R-1277,622039341,622039345,20.41,residential,0.0,0.0,0.5806,0.0,0.2322,LOW
T+0min,R-1278,622039345,13618414607,7.6,residential,0.0,0.0,0.5447,0.0,0.2179,LOW
T+0min,R-1279,622039345,13619237610,8.4,residential,0.0,0.0,0.5331,0.0,0.2132,LOW
T+0min,R-1280,622039345,622039341,20.41,residential,0.0,0.0,0.5806,0.0,0.2322,LOW
T+0min,R-1281,622039354,10923438752,34.51,residential,0.0,0.0,0.654,0.0,0.2616,MODERATE
T+0min,R-1282,622039354,13619237603,70.45,residential,0.0,0.0,0.5666,0.0,0.2266,LOW
T+0min,R-1283,622039354,7384246086,11.49,residential,0.0,0.0,0.5216,0.0,0.2086,LOW
T+0min,R-1284,622039357,622039360,35.27,residential,,,,,,UNKNOWN
T+0min,R-1285,622039360,245668197,19.56,residential,,,,,,UNKNOWN
T+0min,R-1286,622039360,622039357,35.27,residential,,,,,,UNKNOWN
T+0min,R-1287,622039360,6576335804,88.93,residential,0.0,0.0,0.5657,0.0,0.2263,LOW
T+0min,R-1288,622042581,12406085638,23.16,trunk,0.0,0.0,0.5144,0.0,0.2058,LOW
T+0min,R-1289,622042582,2897024865,10.89,trunk,0.0,0.0,0.4728,0.0,0.1891,LOW
T+0min,R-1290,622042582,622042581,50.92,trunk,0.0,0.0,0.525,0.0,0.21,LOW
T+0min,R-1291,622060792,11054646813,14.23,residential,0.0,0.0,0.423,0.0,0.1692,LOW
T+0min,R-1292,622060792,245667423,187.57,residential,0.0,0.0,0.5076,0.0,0.203,LOW
T+0min,R-1293,622060792,9198946025,212.64,residential,0.0,0.0,0.5633,0.0,0.2253,LOW
T+0min,R-1294,622060802,2244637068,19.11,residential,,,,,,UNKNOWN
T+0min,R-1295,622060802,4342420490,145.96,residential,0.0,0.0,0.5481,0.0,0.2192,LOW
T+0min,R-1296,622060802,622060872,141.73,residential,0.0,0.0,0.4708,0.0,0.1883,LOW
T+0min,R-1297,622060872,2244637056,101.59,residential,,,,,,UNKNOWN
T+0min,R-1298,622060872,245667960,43.75,residential,,,,,,UNKNOWN
T+0min,R-1299,622060872,622060802,141.73,residential,0.0,0.0,0.4708,0.0,0.1883,LOW
T+0min,R-1300,623895377,245667685,201.78,residential,0.0,0.0,0.4526,0.0,0.181,LOW
T+0min,R-1301,623895377,6490968308,64.07,residential,0.0,0.0,0.3035,0.0,0.1214,LOW
T+0min,R-1302,623895377,6554206834,100.49,residential,0.0,0.0,0.3924,0.0,0.157,LOW
T+0min,R-1303,623895532,13617292729,50.08,residential,,,,,,UNKNOWN
T+0min,R-1304,623895532,6430481233,76.08,tertiary,,,,,,UNKNOWN
T+0min,R-1305,623895532,7404757837,82.42,tertiary,,,,,,UNKNOWN
T+0min,R-1306,623895533,245668029,58.72,tertiary,,,,,,UNKNOWN
T+0min,R-1307,623895533,6554236449,191.44,residential,,,,,,UNKNOWN
T+0min,R-1308,623895533,7404757837,2.4,tertiary,,,,,,UNKNOWN
T+0min,R-1309,631507968,10292442915,205.53,secondary,0.0,0.0,0.5374,0.0,0.215,LOW
T+0min,R-1310,631507968,2897024595,201.69,secondary,0.0,0.0,0.4485,0.0,0.1794,LOW
T+0min,R-1311,631507969,2897024696,35.9,secondary,0.0,0.0,0.5061,0.0,0.2024,LOW
T+0min,R-1312,631507969,2897024711,7.99,tertiary,0.0,0.0,0.4821,0.0,0.1928,LOW
T+0min,R-1313,631507969,631525440,141.03,tertiary,0.0,0.0,0.5244,0.0,0.2098,LOW
T+0min,R-1314,631507991,11976374939,141.9,tertiary,0.0,0.0,0.627,0.0,0.2508,MODERATE
T+0min,R-1315,631507991,2897024734,10.02,tertiary,,,,,,UNKNOWN
T+0min,R-1316,631507992,10279771626,28.73,tertiary,0.0,0.0,0.5446,0.0,0.2178,LOW
T+0min,R-1317,631507992,2897024795,7.99,primary,0.0,0.0,0.5353,0.0,0.2141,LOW
T+0min,R-1318,631507993,10265837613,172.34,primary,0.0,0.0,0.6053,0.0,0.2421,LOW
T+0min,R-1319,631507993,631507992,17.98,tertiary,0.0,0.0,0.5371,0.0,0.2148,LOW
T+0min,R-1320,631525434,2897024676,72.3,tertiary,0.0,0.0,0.5509,0.0,0.2204,LOW
T+0min,R-1321,631525434,2897024687,8.19,tertiary,0.0,0.0,0.4976,0.0,0.199,LOW
T+0min,R-1322,631525434,631525440,138.0,tertiary,0.0,0.0,0.5163,0.0,0.2065,LOW
T+0min,R-1323,631525438,245666966,18.3,secondary,0.0,0.0,0.4097,0.0,0.1639,LOW
T+0min,R-1324,631525438,2897024798,385.32,primary,0.0,0.0,0.5982,0.0,0.2393,LOW
T+0min,R-1325,631525440,2897024734,214.13,tertiary,0.0,0.0,0.6535,0.0,0.2614,MODERATE
T+0min,R-1326,631525440,631507969,141.03,tertiary,0.0,0.0,0.5244,0.0,0.2098,LOW
T+0min,R-1327,631525440,631525434,138.0,tertiary,0.0,0.0,0.5163,0.0,0.2065,LOW
T+0min,R-1328,6428381511,7372035744,115.39,residential,0.0,0.0,0.6202,0.0,0.2481,LOW
T+0min,R-1329,6428382636,10265662126,15.66,residential,0.0,0.0,0.5818,0.0,0.2327,LOW
T+0min,R-1330,6428382636,12406104885,156.17,residential,0.0,0.0,0.6763,0.0,0.2705,MODERATE
T+0min,R-1331,6428382636,12756633089,95.51,residential,0.0,0.0,0.5296,0.0,0.2118,LOW
T+0min,R-1332,6428617352,13616287395,36.02,tertiary,0.0,0.0,0.4869,0.0,0.1948,LOW
T+0min,R-1333,6428617352,3803645219,8.08,residential,0.0,0.0,0.5105,0.0,0.2042,LOW
T+0min,R-1334,6428792684,6428792684,233.2,residential,0.0,0.0,0.363,0.0,0.1452,LOW
T+0min,R-1335,6428792684,6428792684,233.2,residential,0.0,0.0,0.363,0.0,0.1452,LOW
T+0min,R-1336,6428792684,6428793085,22.47,residential,0.0,0.0,0.5435,0.0,0.2174,LOW
T+0min,R-1337,6428793085,10316548327,65.39,residential,0.0,0.0,0.5619,0.0,0.2248,LOW
T+0min,R-1338,6428793085,245667685,38.34,residential,0.0,0.0,0.4701,0.0,0.188,LOW
T+0min,R-1339,6428793085,6428792684,22.47,residential,0.0,0.0,0.5435,0.0,0.2174,LOW
T+0min,R-1340,6428811261,12486614582,4.7,tertiary,0.0,0.0,0.4691,0.0,0.1876,LOW
T+0min,R-1341,6428811261,6428811262,97.3,tertiary,0.0,0.0,0.5847,0.0,0.2339,LOW
T+0min,R-1342,6428811261,6428811270,9.52,tertiary,0.0,0.0,0.4968,0.0,0.1987,LOW
T+0min,R-1343,6428811262,13617092839,2.21,tertiary,0.0,0.0,0.6164,0.0,0.2466,LOW
T+0min,R-1344,6428811263,13621901231,32.82,tertiary,0.0,0.0,0.6061,0.0,0.2424,LOW
T+0min,R-1345,6428811263,6428811268,7.16,tertiary,0.0,0.0,0.6334,0.0,0.2534,MODERATE
T+0min,R-1346,6428811268,245665910,5.09,tertiary,0.0,0.0,0.6475,0.0,0.259,MODERATE
T+0min,R-1347,6428811270,13621886865,42.25,tertiary,0.0,0.0,0.5407,0.0,0.2163,LOW
T+0min,R-1348,6428811270,245665874,16.3,tertiary,0.0,0.0,0.4922,0.0,0.1969,LOW
T+0min,R-1349,6428811270,6428811261,9.52,tertiary,0.0,0.0,0.4968,0.0,0.1987,LOW
T+0min,R-1350,6430481233,623895532,76.08,tertiary,,,,,,UNKNOWN
T+0min,R-1351,6489058155,13622435420,52.42,residential,,,,,,UNKNOWN
T+0min,R-1352,6489058155,13622445936,9.93,residential,,,,,,UNKNOWN
T+0min,R-1353,6489058155,9445072347,42.55,residential,,,,,,UNKNOWN
T+0min,R-1354,6490591812,6490591813,113.49,residential,0.0,0.0,0.1929,0.0,0.0772,LOW
T+0min,R-1355,6490591813,13619374592,77.33,trunk,0.0,0.0,0.6114,0.0,0.2446,LOW
T+0min,R-1356,6490591813,6490591812,113.49,residential,0.0,0.0,0.1929,0.0,0.0772,LOW
T+0min,R-1357,6490861784,245667933,77.54,residential,0.0,0.0,0.5677,0.0,0.2271,LOW
T+0min,R-1358,6490861784,5424387232,90.96,residential,0.0,0.0,0.4959,0.0,0.1984,LOW
T+0min,R-1359,6490861784,5424387232,150.46,residential,0.0,0.0,0.4974,0.0,0.199,LOW
T+0min,R-1360,6490872923,12378368422,67.3,residential,0.0,0.0,0.2355,0.0,0.0942,LOW
T+0min,R-1361,6490872923,1934627523,21.5,residential,0.0,0.0,0.4078,0.0,0.1631,LOW
T+0min,R-1362,6490872923,6490872925,29.59,residential,0.0,0.0,0.3172,0.0,0.1269,LOW
T+0min,R-1363,6490872924,6490872925,58.83,residential,0.0,0.0,0.2254,0.0,0.0902,LOW
T+0min,R-1364,6490872924,6490872925,112.98,residential,0.0,0.0,0.2503,0.0,0.1001,LOW
T+0min,R-1365,6490872924,6490872930,10.02,residential,0.0,0.0,0.2241,0.0,0.0896,LOW
T+0min,R-1366,6490872925,6490872923,29.59,residential,0.0,0.0,0.3168,0.0,0.1267,LOW
T+0min,R-1367,6490872925,6490872924,58.83,residential,0.0,0.0,0.2254,0.0,0.0902,LOW
T+0min,R-1368,6490872925,6490872924,112.98,residential,0.0,0.0,0.2503,0.0,0.1001,LOW
T+0min,R-1369,6490872930,12378368427,6.18,residential,0.0,0.0,0.2287,0.0,0.0915,LOW
T+0min,R-1370,6490872930,6490872924,10.02,residential,0.0,0.0,0.2241,0.0,0.0896,LOW
T+0min,R-1371,6490968306,6490968308,49.96,residential,0.0,0.0,0.3614,0.0,0.1446,LOW
T+0min,R-1372,6490968308,2244637027,168.17,residential,0.0,0.0,0.6348,0.0,0.2539,MODERATE
T+0min,R-1373,6490968308,623895377,64.07,residential,0.0,0.0,0.3035,0.0,0.1214,LOW
T+0min,R-1374,6490968308,6490968306,49.96,residential,0.0,0.0,0.3614,0.0,0.1446,LOW
T+0min,R-1375,6491091371,2244637012,66.53,residential,0.0,0.0,0.5268,0.0,0.2107,LOW
T+0min,R-1376,6491091371,4342420383,90.34,residential,0.0,0.0,0.5079,0.0,0.2032,LOW
T+0min,R-1377,6491091371,6491091372,31.64,residential,0.0,0.0,0.4656,0.0,0.1862,LOW
T+0min,R-1378,6491091372,2244637012,66.0,residential,0.0,0.0,0.4838,0.0,0.1935,LOW
T+0min,R-1379,6491091372,6491091371,31.64,residential,0.0,0.0,0.4656,0.0,0.1862,LOW
T+0min,R-1380,6491091372,6554206834,78.03,residential,0.0,0.0,0.4725,0.0,0.189,LOW
T+0min,R-1381,6491469979,2897024777,104.67,tertiary,,,,,,UNKNOWN
T+0min,R-1382,6552594955,2897024677,79.69,tertiary,0.0,0.0,0.489,0.0,0.1956,LOW
T+0min,R-1383,6552594957,2897024656,27.1,primary,0.0,0.0,0.4122,0.0,0.1649,LOW
T+0min,R-1384,6552594957,6552594955,32.94,primary_link,0.0,0.0,0.4321,0.0,0.1728,LOW
T+0min,R-1385,6554206834,2244637026,113.08,residential,0.0,0.0,0.4986,0.0,0.1994,LOW
T+0min,R-1386,6554206834,623895377,100.49,residential,0.0,0.0,0.3924,0.0,0.157,LOW
T+0min,R-1387,6554206834,6491091372,78.03,residential,0.0,0.0,0.4725,0.0,0.189,LOW
T+0min,R-1388,6554236425,6554236440,27.36,tertiary,0.0,0.0,0.4345,0.0,0.1738,LOW
T+0min,R-1389,6554236425,6554236455,163.01,residential,0.0,0.0,0.435,0.0,0.174,LOW
T+0min,R-1390,6554236425,7404711455,78.82,tertiary,0.0,0.0,0.4278,0.0,0.1711,LOW
T+0min,R-1391,6554236425,7404711465,126.02,residential,0.0,0.0,0.4904,0.0,0.1962,LOW
T+0min,R-1392,6554236429,10923690283,13.34,residential,,,,,,UNKNOWN
T+0min,R-1393,6554236440,2244637067,32.92,tertiary,0.0,0.0,0.5158,0.0,0.2063,LOW
T+0min,R-1394,6554236440,6554236425,27.36,tertiary,0.0,0.0,0.4345,0.0,0.1738,LOW
T+0min,R-1395,6554236440,6554236451,130.04,residential,0.0,0.0,0.5391,0.0,0.2156,LOW
T+0min,R-1396,6554236441,2244637067,210.33,tertiary,0.0,0.0,0.5923,0.0,0.2369,LOW
T+0min,R-1397,6554236441,245668029,12.21,tertiary,,,,,,UNKNOWN
T+0min,R-1398,6554236441,6554236449,140.04,residential,,,,,,UNKNOWN
T+0min,R-1399,6554236449,623895533,191.44,residential,,,,,,UNKNOWN
T+0min,R-1400,6554236449,6554236441,140.04,residential,,,,,,UNKNOWN
T+0min,R-1401,6554236449,6554236451,64.09,residential,,,,,,UNKNOWN
T+0min,R-1402,6554236451,10923690270,93.08,residential,,,,,,UNKNOWN
T+0min,R-1403,6554236451,10923690283,112.47,residential,,,,,,UNKNOWN
T+0min,R-1404,6554236451,6554236440,130.04,residential,0.0,0.0,0.5391,0.0,0.2156,LOW
T+0min,R-1405,6554236451,6554236449,64.09,residential,,,,,,UNKNOWN
T+0min,R-1406,6554236455,10923690270,37.36,residential,,,,,,UNKNOWN
T+0min,R-1407,6554236455,4342420553,74.37,residential,,,,,,UNKNOWN
T+0min,R-1408,6554236455,6554236425,163.01,residential,0.0,0.0,0.435,0.0,0.174,LOW
T+0min,R-1409,6554271017,13619401780,12.32,residential,0.0,0.0,0.0246,0.0,0.0098,LOW
T+0min,R-1410,6554271024,13619401780,82.48,residential,0.0,0.0,0.2675,0.0,0.107,LOW
T+0min,R-1411,6554271024,2244637013,71.18,residential,0.0,0.0,0.4944,0.0,0.1978,LOW
T+0min,R-1412,6554271024,2244637021,67.22,residential,0.0,0.0,0.5444,0.0,0.2178,LOW
T+0min,R-1413,6554302593,2897024683,102.16,tertiary,0.0,0.0,0.4589,0.0,0.1836,LOW
T+0min,R-1414,6554384670,245666386,83.86,tertiary,0.0,0.0,0.4156,0.0,0.1662,LOW
T+0min,R-1415,6576335804,622039360,88.93,residential,0.0,0.0,0.5657,0.0,0.2263,LOW
T+0min,R-1416,6585962883,13614337242,16.14,residential,0.0,0.0,0.4159,0.0,0.1664,LOW
T+0min,R-1417,6585962883,13614337247,14.99,residential,0.0,0.0,0.4196,0.0,0.1678,LOW
T+0min,R-1418,6585962883,13614337249,27.32,residential,0.0,0.0,0.4173,0.0,0.1669,LOW
T+0min,R-1419,6585998686,13614337247,76.41,residential,0.0,0.0,0.5155,0.0,0.2062,LOW
T+0min,R-1420,6590384792,10055232024,28.08,tertiary,0.0,0.0,0.5648,0.0,0.2259,LOW
T+0min,R-1421,6590384792,5896564331,9.22,tertiary,0.0,0.0,0.5627,0.0,0.2251,LOW
T+0min,R-1422,6598052694,13618374655,16.18,residential,0.0,0.0,0.5104,0.0,0.2042,LOW
T+0min,R-1423,6598052694,4342420489,44.3,residential,0.0,0.0,0.4942,0.0,0.1977,LOW
T+0min,R-1424,6598052694,7404711477,23.25,residential,0.0,0.0,0.5202,0.0,0.2081,LOW
T+0min,R-1425,6926279716,13798210725,26.82,residential,0.0,0.0,0.6573,0.0,0.2629,MODERATE
T+0min,R-1426,6926279716,13798210730,56.49,residential,0.0,0.0,0.7294,0.0,0.2918,MODERATE
T+0min,R-1427,6926279716,13798210738,18.95,residential,0.0,0.0,0.7615,0.0,0.3046,MODERATE
T+0min,R-1428,6926279717,13798210723,56.29,residential,0.0,0.0,0.4846,0.0,0.1938,LOW
T+0min,R-1429,6926279717,13798210725,28.31,residential,0.0,0.0,0.5106,0.0,0.2042,LOW
T+0min,R-1430,6926279717,13798210735,15.95,residential,0.0,0.0,0.5112,0.0,0.2045,LOW
T+0min,R-1431,6926279721,10772904744,52.24,trunk,0.0,0.0,0.7352,0.0,0.2941,MODERATE
T+0min,R-1432,6926279721,13798210738,8.99,residential,0.0,0.0,0.7563,0.0,0.3025,MODERATE
T+0min,R-1433,6926279722,2804481652,104.56,residential,0.0,0.0,0.569,0.0,0.2276,LOW
T+0min,R-1434,6926279727,6926279727,276.37,residential,0.0,0.0,0.6442,0.0,0.2577,MODERATE
T+0min,R-1435,6926279727,6926279727,276.37,residential,0.0,0.0,0.6442,0.0,0.2577,MODERATE
T+0min,R-1436,6926279727,7104101070,59.41,residential,0.0,0.0,0.6402,0.0,0.2561,MODERATE
T+0min,R-1437,7104101070,13433910625,95.51,trunk,0.0,0.0,0.5361,0.0,0.2144,LOW
T+0min,R-1438,7104101070,6926279727,59.41,residential,0.0,0.0,0.6402,0.0,0.2561,MODERATE
T+0min,R-1439,7200666559,2897024597,234.99,tertiary,0.0,0.0,0.4,0.0,0.16,LOW
T+0min,R-1440,7365813760,13618414606,13.43,residential,0.0,0.0,0.5017,0.0,0.2007,LOW
T+0min,R-1441,7365813760,13619237610,16.55,residential,0.0,0.0,0.512,0.0,0.2048,LOW
T+0min,R-1442,7365813760,7384246086,30.09,residential,0.0,0.0,0.5076,0.0,0.203,LOW
T+0min,R-1443,7365871208,13617483789,26.78,tertiary,0.0,0.0,0.5454,0.0,0.2182,LOW
T+0min,R-1444,7365871208,13617550915,7.27,tertiary_link,0.0,0.0,0.4872,0.0,0.1949,LOW
T+0min,R-1445,7366153523,7372035744,495.95,residential,0.0,0.0,0.6828,0.0,0.2731,MODERATE
T+0min,R-1446,7366246694,13618347449,174.97,residential,0.0,0.0,0.421,0.0,0.1684,LOW
T+0min,R-1447,7366246694,2897024870,26.56,trunk_link,0.0,0.0,0.4663,0.0,0.1865,LOW
T+0min,R-1448,7366246698,622042582,13.71,trunk,0.0,0.0,0.4618,0.0,0.1847,LOW
T+0min,R-1449,7366246698,6490591813,48.04,trunk,0.0,0.0,0.4134,0.0,0.1654,LOW
T+0min,R-1450,7372035744,13617040678,13.12,tertiary,0.0,0.0,0.5718,0.0,0.2287,LOW
T+0min,R-1451,7372035744,245666801,85.2,tertiary,0.0,0.0,0.8049,0.0,0.322,MODERATE
T+0min,R-1452,7372035744,6428381511,115.39,residential,0.0,0.0,0.6202,0.0,0.2481,LOW
T+0min,R-1453,7372035744,7366153523,495.95,residential,0.0,0.0,0.6828,0.0,0.2731,MODERATE
T+0min,R-1454,7384246086,13619515794,5.6,residential,0.0,0.0,0.5417,0.0,0.2167,LOW
T+0min,R-1455,7384246086,622039354,11.49,residential,0.0,0.0,0.5216,0.0,0.2086,LOW
T+0min,R-1456,7384246086,7365813760,30.09,residential,0.0,0.0,0.5076,0.0,0.203,LOW
T+0min,R-1457,7404711408,4342420490,92.78,residential,0.0,0.0,0.666,0.0,0.2664,MODERATE
T+0min,R-1458,7404711443,11045926287,269.44,residential,0.0,0.0,0.4601,0.0,0.184,LOW
T+0min,R-1459,7404711443,245668038,19.69,residential,0.0,0.0,0.4613,0.0,0.1845,LOW
T+0min,R-1460,7404711443,245668141,156.42,residential,0.0,0.0,0.4502,0.0,0.1801,LOW
T+0min,R-1461,7404711447,245668015,9.51,secondary,0.0,0.0,0.6627,0.0,0.2651,MODERATE
T+0min,R-1462,7404711447,245668039,18.91,secondary,0.0,0.0,0.6946,0.0,0.2778,MODERATE
T+0min,R-1463,7404711453,7404711454,16.27,residential,0.0,0.0,0.4363,0.0,0.1745,LOW
T+0min,R-1464,7404711454,7404711453,16.27,residential,0.0,0.0,0.4363,0.0,0.1745,LOW
T+0min,R-1465,7404711454,7404711455,27.01,residential,0.0,0.0,0.4625,0.0,0.185,LOW
T+0min,R-1466,7404711454,7787253967,7.42,residential,0.0,0.0,0.4252,0.0,0.1701,LOW
T+0min,R-1467,7404711455,1375215119,95.82,tertiary,0.0,0.0,0.5203,0.0,0.2081,LOW
T+0min,R-1468,7404711455,6554236425,78.82,tertiary,0.0,0.0,0.4278,0.0,0.1711,LOW
T+0min,R-1469,7404711455,7404711454,27.01,residential,0.0,0.0,0.4625,0.0,0.185,LOW
T+0min,R-1470,7404711465,6554236425,126.02,residential,0.0,0.0,0.4904,0.0,0.1962,LOW
T+0min,R-1471,7404711477,11368130746,113.44,residential,0.0,0.0,0.5661,0.0,0.2264,LOW
T+0min,R-1472,7404711477,13617327485,52.26,residential,0.0,0.0,0.534,0.0,0.2136,LOW
T+0min,R-1473,7404711477,6598052694,23.25,residential,0.0,0.0,0.5202,0.0,0.2081,LOW
T+0min,R-1474,7404757836,7404757837,53.95,residential,,,,,,UNKNOWN
T+0min,R-1475,7404757837,623895532,82.42,tertiary,,,,,,UNKNOWN
T+0min,R-1476,7404757837,623895533,2.4,tertiary,,,,,,UNKNOWN
T+0min,R-1477,7404757837,7404757836,53.95,residential,,,,,,UNKNOWN
T+0min,R-1478,7749797394,13615156518,144.88,tertiary,0.0,0.0,0.4543,0.0,0.1817,LOW
T+0min,R-1479,7749797394,6554302593,17.4,tertiary,0.0,0.0,0.4984,0.0,0.1994,LOW
T+0min,R-1480,7787253967,7404711454,7.42,residential,0.0,0.0,0.4252,0.0,0.1701,LOW
T+0min,R-1481,8443491310,245666651,77.22,residential,0.0,0.0,0.5504,0.0,0.2202,LOW
T+0min,R-1482,8443532426,5896564331,497.89,tertiary,0.0,0.0,0.5868,0.0,0.2347,LOW
T+0min,R-1483,8570027362,13617092839,42.87,residential,0.0,0.0,0.5767,0.0,0.2307,LOW
T+0min,R-1484,9171835705,13619396529,19.0,residential,,,,,,UNKNOWN
T+0min,R-1485,9171835705,13619396536,17.29,residential,,,,,,UNKNOWN
T+0min,R-1486,9171835705,13619678859,53.15,residential,,,,,,UNKNOWN
T+0min,R-1487,9171835708,13619491182,24.98,residential,,,,,,UNKNOWN
T+0min,R-1488,9171835708,13619491183,84.09,residential,,,,,,UNKNOWN
T+0min,R-1489,9171835708,13619491193,36.45,residential,,,,,,UNKNOWN
T+0min,R-1490,9171835708,13619491193,99.37,residential,,,,,,UNKNOWN
T+0min,R-1491,9198946025,622060792,212.64,residential,0.0,0.0,0.5633,0.0,0.2253,LOW
T+0min,R-1492,9445072347,13619243522,55.21,residential,,,,,,UNKNOWN
T+0min,R-1493,9445072347,13619463498,9.05,residential,,,,,,UNKNOWN
T+0min,R-1494,9445072347,245668373,17.59,residential,,,,,,UNKNOWN
T+0min,R-1495,9445072347,6489058155,42.55,residential,,,,,,UNKNOWN
T+0min,R-1496,9469495781,2897024627,388.68,secondary,0.0,0.0,0.581,0.0,0.2324,LOW
T+0min,R-1497,9469495781,9469495782,7.89,secondary,0.0,0.0,0.5123,0.0,0.2049,LOW
T+0min,R-1498,9469495782,2897024696,8.32,secondary,0.0,0.0,0.514,0.0,0.2056,LOW
T+0min,R-1499,9469495782,2897024711,35.43,secondary,0.0,0.0,0.4992,0.0,0.1997,LOW
T+0min,R-1500,9469523484,13615172965,5.42,residential,0.0,0.0,0.7875,0.0,0.315,MODERATE
T+0min,R-1501,9469523484,13616325515,32.86,tertiary,0.0,0.0,0.7973,0.0,0.3189,MODERATE
T+0min,R-1502,9684698224,10924156281,68.54,residential,,,,,,UNKNOWN
T+0min,R-1503,9684698224,14130497014,20.89,residential,,,,,,UNKNOWN
T+0min,R-1504,9684698224,14130497022,12.76,residential,,,,,,UNKNOWN
T+0min,R-1505,9684698224,245668449,16.58,residential,,,,,,UNKNOWN
T+0min,R-1506,9691859215,3743617937,32.75,trunk,0.0,0.0,0.6076,0.0,0.243,LOW
T+0min,R-1507,9691859215,5470238123,23.99,trunk_link,0.0,0.0,0.6775,0.0,0.271,MODERATE
T+0min,R-1508,9771116360,13619368460,35.05,residential,0.0,0.0,0.5491,0.0,0.2196,LOW
T+0min,R-1509,9771116360,13619368466,58.73,residential,0.0,0.0,0.5108,0.0,0.2043,LOW
T+0min,R-1510,9771116360,2897024660,47.48,residential,0.0,0.0,0.4818,0.0,0.1927,LOW
T+0min,R-1511,9914206292,13619604480,28.2,residential,0.0,0.0,0.6042,0.0,0.2417,LOW
T+0min,R-1512,9914206292,13622528191,79.32,residential,0.0,0.0,0.5598,0.0,0.2239,LOW
T+0min,R-1513,9914206292,4342420517,78.72,residential,0.0,0.0,0.5191,0.0,0.2076,LOW
T+30min,R-001,10044201331,12243225438,31.35,trunk,0.097,0.102,0.6112,0.204,0.3669,MODERATE
T+30min,R-002,10044201331,13615156515,103.69,tertiary,0.107,0.109,0.7433,0.218,0.4281,MODERATE
T+30min,R-003,10055232024,13616287392,9.75,residential,0.115,0.115,0.574,0.23,0.3676,MODERATE
T+30min,R-004,10055232024,13626183259,7.16,residential,0.114,0.114,0.5725,0.228,0.3658,MODERATE
T+30min,R-005,10055232024,13639959260,22.82,tertiary,0.121,0.128,0.6537,0.256,0.4151,MODERATE
T+30min,R-006,10055232027,13626183259,90.39,residential,0.098,0.114,0.5675,0.228,0.3638,MODERATE
T+30min,R-007,10091403656,13615172965,33.31,tertiary,0.107,0.108,0.8043,0.216,0.4513,MODERATE
T+30min,R-008,10091403656,13616325515,6.09,tertiary_link,0.104,0.104,0.751,0.208,0.4252,MODERATE
T+30min,R-009,10091403659,296853793,74.13,primary,0.053,0.059,0.498,0.118,0.27,MODERATE
T+30min,R-010,10091403662,13617040694,36.49,tertiary,0.089,0.094,0.5426,0.188,0.3298,MODERATE
T+30min,R-011,10091403662,3193827831,7.59,residential,0.087,0.087,0.5406,0.174,0.3206,MODERATE
T+30min,R-012,10091403664,10091403656,29.95,tertiary,0.1,0.104,0.7436,0.208,0.4222,MODERATE
T+30min,R-013,10091403664,245666192,6.21,residential,0.099,0.099,0.768,0.198,0.426,MODERATE
T+30min,R-014,10111287875,13618292025,47.89,residential,0.007,0.021,0.1573,0.042,0.0881,LOW
T+30min,R-015,10213907200,11027088421,342.73,unclassified,0.074,0.105,0.549,0.21,0.3456,MODERATE
T+30min,R-016,10245790327,10245790331,31.71,trunk,0.062,0.064,0.4702,0.128,0.2649,MODERATE
T+30min,R-017,10245790331,13798210715,64.09,trunk,0.092,0.136,0.6129,0.272,0.4084,MODERATE
T+30min,R-018,10245790331,13798244195,9.33,residential,0.064,0.065,0.4586,0.13,0.2614,MODERATE
T+30min,R-019,10265662124,12406104883,82.88,trunk,0.065,0.069,0.5111,0.138,0.2872,MODERATE
T+30min,R-020,10265662124,12406104885,13.21,residential,0.068,0.068,0.4981,0.136,0.2808,MODERATE
T+30min,R-021,10265662126,10265662124,147.7,trunk,0.091,0.11,0.6781,0.22,0.4032,MODERATE
T+30min,R-022,10265662126,6428382636,15.66,residential,0.091,0.092,0.5818,0.184,0.3431,MODERATE
T+30min,R-023,10265662174,622042581,86.75,trunk_link,0.086,0.096,0.5588,0.192,0.3387,MODERATE
T+30min,R-024,10265662174,622042582,45.31,trunk,0.081,0.089,0.5235,0.178,0.3162,MODERATE
T+30min,R-025,10265662175,10265662174,41.47,trunk,0.089,0.095,0.6355,0.19,0.3682,MODERATE
T+30min,R-026,10265662175,12406085638,134.01,trunk_link,0.093,0.107,0.6298,0.214,0.3803,MODERATE
T+30min,R-027,10279771623,10279771626,41.31,primary_link,0.09,0.104,0.5724,0.208,0.3538,MODERATE
T+30min,R-028,10279771623,631507992,28.4,primary,0.096,0.104,0.5789,0.208,0.3564,MODERATE
T+30min,R-029,10279771626,2897024777,70.02,tertiary,0.077,0.079,0.544,0.158,0.3124,MODERATE
T+30min,R-030,10279771627,10279771631,54.54,primary_link,0.051,0.062,0.4217,0.124,0.2431,LOW
T+30min,R-031,10279771627,245666966,35.27,primary,0.049,0.062,0.4115,0.124,0.239,LOW
T+30min,R-032,10279771631,631507969,76.02,secondary,0.054,0.06,0.4493,0.12,0.2517,MODERATE
T+30min,R-033,10292442915,13383144370,76.65,secondary,0.037,0.04,0.446,0.08,0.2264,LOW
T+30min,R-034,10294725029,12350425034,184.13,tertiary,0.083,0.111,0.5356,0.222,0.3474,MODERATE
T+30min,R-035,10294725029,13638535682,24.64,residential,0.08,0.081,0.5114,0.162,0.3018,MODERATE
T+30min,R-036,10316548327,6428793085,65.39,residential,0.062,0.069,0.5619,0.138,0.3076,MODERATE
T+30min,R-037,10384248274,10384248275,22.33,trunk_link,0.076,0.085,0.5804,0.17,0.3342,MODERATE
T+30min,R-038,10384248274,2897024866,30.44,trunk,0.072,0.076,0.4874,0.152,0.2862,MODERATE
T+30min,R-039,10384248275,10384248274,22.33,trunk_link,0.076,0.085,0.5804,0.17,0.3342,MODERATE
T+30min,R-040,10384248275,12406104884,257.8,trunk,0.072,0.097,0.6008,0.194,0.3567,MODERATE
T+30min,R-041,10564373799,10564373800,16.79,residential,0.072,0.074,0.5525,0.148,0.3098,MODERATE
T+30min,R-042,10564373799,245667361,48.5,trunk,0.078,0.084,0.5316,0.168,0.3134,MODERATE
T+30min,R-043,10564373800,10564373799,16.79,residential,0.072,0.074,0.5525,0.148,0.3098,MODERATE
T+30min,R-044,10653501374,10653501375,64.59,residential,0.036,0.054,0.356,0.108,0.2072,LOW
T+30min,R-045,10653501374,245665910,119.23,residential,0.085,0.096,0.6197,0.192,0.3631,MODERATE
T+30min,R-046,10653501374,473698890,69.48,residential,0.033,0.054,0.3567,0.108,0.2075,LOW
T+30min,R-047,10653501375,10653501374,64.59,residential,0.036,0.054,0.356,0.108,0.2072,LOW
T+30min,R-048,10653501375,10696472308,7.52,residential,0.03,0.034,0.3508,0.068,0.1811,LOW
T+30min,R-049,10653501375,245666351,155.72,residential,0.056,0.074,0.4554,0.148,0.271,MODERATE
T+30min,R-050,10653501375,473698890,29.16,residential,0.024,0.027,0.3364,0.054,0.167,LOW
T+30min,R-051,10696472306,13638535670,39.79,residential,0.073,0.074,0.544,0.148,0.3064,MODERATE
T+30min,R-052,10696472306,13638535675,29.79,residential,0.073,0.077,0.5401,0.154,0.3084,MODERATE
T+30min,R-053,10696472306,245666367,71.59,residential,0.079,0.083,0.61,0.166,0.3436,MODERATE
T+30min,R-054,10696472307,10696472308,48.33,residential,0.036,0.047,0.3672,0.094,0.2033,LOW
T+30min,R-055,10696472307,13638535675,33.56,residential,0.057,0.069,0.4436,0.138,0.2602,MODERATE
T+30min,R-056,10696472307,245666323,69.45,residential,0.057,0.063,0.4726,0.126,0.2646,MODERATE
T+30min,R-057,10696472308,10653501375,7.52,residential,0.03,0.034,0.3508,0.068,0.1811,LOW
T+30min,R-058,10696472308,10696472307,48.33,residential,0.036,0.047,0.3672,0.094,0.2033,LOW
T+30min,R-059,10696472308,13638535652,64.73,residential,0.039,0.061,0.3684,0.122,0.2206,LOW
T+30min,R-060,10696472308,245666260,71.83,residential,0.046,0.051,0.4326,0.102,0.2342,LOW
T+30min,R-061,10696472309,13638535652,3.19,residential,0.061,0.061,0.4442,0.122,0.2509,MODERATE
T+30min,R-062,10696472347,10696472356,48.98,residential,0.094,0.1,0.7019,0.2,0.4008,MODERATE
T+30min,R-063,10696472347,13638535683,64.81,residential,0.078,0.094,0.5435,0.188,0.3302,MODERATE
T+30min,R-064,10696472347,245666482,74.32,residential,0.097,0.1,0.7583,0.2,0.4233,MODERATE
T+30min,R-065,10696472349,10696472350,66.34,residential,0.057,0.064,0.467,0.128,0.2636,MODERATE
T+30min,R-066,10696472349,13638535686,74.14,residential,0.076,0.091,0.5482,0.182,0.3285,MODERATE
T+30min,R-067,10696472349,2439333822,119.0,residential,0.079,0.084,0.5907,0.168,0.3371,MODERATE
T+30min,R-068,10696472349,245666190,28.07,residential,0.066,0.068,0.488,0.136,0.2768,MODERATE
T+30min,R-069,10696472350,10696472349,66.34,residential,0.057,0.064,0.467,0.128,0.2636,MODERATE
T+30min,R-070,10696472350,13638535683,64.98,residential,0.058,0.061,0.4788,0.122,0.2647,MODERATE
T+30min,R-071,10696472350,13638535685,72.75,residential,0.07,0.09,0.5134,0.18,0.3134,MODERATE
T+30min,R-072,10696472350,245666260,30.74,residential,0.053,0.055,0.4788,0.11,0.2575,MODERATE
T+30min,R-073,10696472351,13638535681,16.07,residential,0.081,0.084,0.5545,0.168,0.3226,MODERATE
T+30min,R-074,10696472356,10696472347,48.98,residential,0.094,0.1,0.7019,0.2,0.4008,MODERATE
T+30min,R-075,10696472356,13638535681,14.31,residential,0.085,0.088,0.5801,0.176,0.3376,MODERATE
T+30min,R-076,10696472356,245666446,29.73,residential,0.085,0.088,0.5907,0.176,0.3419,MODERATE
T+30min,R-077,10724726259,11047568171,11.43,tertiary,0.099,0.099,0.603,0.198,0.36,MODERATE
T+30min,R-078,10724726259,13617040682,6.53,residential,0.098,0.098,0.6116,0.196,0.3622,MODERATE
T+30min,R-079,10724781030,13617040686,34.9,tertiary,0.122,0.126,0.8441,0.252,0.4888,MODERATE
T+30min,R-080,10724781030,245666801,7.12,tertiary,0.119,0.12,0.8067,0.24,0.4667,MODERATE
T+30min,R-081,10772904744,2804481649,69.76,trunk,,,,,,UNKNOWN
T+30min,R-082,10840042416,13619396536,18.54,residential,,,,,,UNKNOWN
T+30min,R-083,10923438752,622039354,34.51,residential,0.095,0.103,0.654,0.206,0.3852,MODERATE
T+30min,R-084,10923690270,10923690281,153.14,residential,,,,,,UNKNOWN
T+30min,R-085,10923690270,6554236451,93.08,residential,,,,,,UNKNOWN
T+30min,R-086,10923690270,6554236455,37.36,residential,,,,,,UNKNOWN
T+30min,R-087,10923690281,10923690270,153.14,residential,,,,,,UNKNOWN
T+30min,R-088,10923690283,10923690287,29.89,residential,,,,,,UNKNOWN
T+30min,R-089,10923690283,6554236429,13.34,residential,,,,,,UNKNOWN
T+30min,R-090,10923690283,6554236451,112.47,residential,,,,,,UNKNOWN
T+30min,R-091,10923690287,10923690283,29.89,residential,,,,,,UNKNOWN
T+30min,R-092,10923690293,13617292726,6.68,residential,,,,,,UNKNOWN
T+30min,R-093,10923690293,13617292729,36.91,residential,,,,,,UNKNOWN
T+30min,R-094,10923690293,2244637068,48.3,residential,,,,,,UNKNOWN
T+30min,R-095,10924156281,9684698224,68.54,residential,,,,,,UNKNOWN
T+30min,R-096,10924277272,10924277275,31.57,residential,0.085,0.094,0.5666,0.188,0.3394,MODERATE
T+30min,R-097,10924277272,12756633089,92.32,residential,0.067,0.077,0.462,0.154,0.2772,MODERATE
T+30min,R-098,10924277272,12756633089,156.13,residential,0.09,0.106,0.5697,0.212,0.3551,MODERATE
T+30min,R-099,10924277275,10924277272,31.57,residential,0.085,0.094,0.5666,0.188,0.3394,MODERATE
T+30min,R-100,10924277275,10924277275,339.19,residential,0.094,0.1,0.6545,0.2,0.3818,MODERATE
T+30min,R-101,10924277275,10924277275,339.19,residential,0.094,0.1,0.6545,0.2,0.3818,MODERATE
T+30min,R-102,10925931739,11046205760,18.27,residential,0.078,0.079,0.5158,0.158,0.3011,MODERATE
T+30min,R-103,10925931739,13619485526,8.68,residential,0.078,0.079,0.5134,0.158,0.3002,MODERATE
T+30min,R-104,10925931739,2244797686,51.06,residential,0.091,0.104,0.5478,0.208,0.3439,MODERATE
T+30min,R-105,10925931740,13619485519,103.44,residential,0.078,0.085,0.5331,0.17,0.3152,MODERATE
T+30min,R-106,10925931740,13619485519,10.53,residential,0.078,0.079,0.5188,0.158,0.3023,MODERATE
T+30min,R-107,10925931740,13619485526,12.82,residential,0.076,0.076,0.5106,0.152,0.2954,MODERATE
T+30min,R-108,10925931781,245667933,125.58,residential,0.082,0.096,0.5604,0.192,0.3394,MODERATE
T+30min,R-109,10925931781,245668039,8.27,secondary,0.097,0.099,0.6739,0.198,0.3884,MODERATE
T+30min,R-110,10925931781,4342420515,46.46,secondary,0.087,0.096,0.5687,0.192,0.3427,MODERATE
T+30min,R-111,10925941296,10925941300,34.66,residential,0.084,0.087,0.5412,0.174,0.3209,MODERATE
T+30min,R-112,10925941300,10925941296,34.66,residential,0.084,0.087,0.5412,0.174,0.3209,MODERATE
T+30min,R-113,10925941300,13619412997,44.77,residential,0.082,0.087,0.5378,0.174,0.3195,MODERATE
T+30min,R-114,10925941300,13622503093,33.46,residential,0.088,0.089,0.5821,0.178,0.3396,MODERATE
T+30min,R-115,10925943006,13619500841,47.23,residential,,,,,,UNKNOWN
T+30min,R-116,10925943006,13622503093,9.08,residential,,,,,,UNKNOWN
T+30min,R-117,10925943006,13622528191,15.5,residential,,,,,,UNKNOWN
T+30min,R-118,11027088421,10213907200,342.73,unclassified,0.074,0.105,0.549,0.21,0.3456,MODERATE
T+30min,R-119,11027088421,2897024682,481.95,unclassified,0.064,0.092,0.5826,0.184,0.3434,MODERATE
T+30min,R-120,11045926287,7404711443,269.44,residential,0.051,0.056,0.4601,0.112,0.2512,MODERATE
T+30min,R-121,11046194844,11046194845,19.74,residential,0.115,0.116,0.6331,0.232,0.3924,MODERATE
T+30min,R-122,11046194845,11046194844,19.74,residential,0.115,0.116,0.6327,0.232,0.3923,MODERATE
T+30min,R-123,11046194845,13619396529,29.14,residential,0.112,0.112,0.6163,0.224,0.3809,MODERATE
T+30min,R-124,11046194845,2244797686,23.64,residential,0.108,0.112,0.6193,0.224,0.3821,MODERATE
T+30min,R-125,11046205758,11046205759,24.89,residential,0.069,0.073,0.4988,0.146,0.2871,MODERATE
T+30min,R-126,11046205759,11046205758,24.89,residential,0.069,0.073,0.4988,0.146,0.2871,MODERATE
T+30min,R-127,11046205759,11046205760,20.9,residential,0.074,0.076,0.5085,0.152,0.2946,MODERATE
T+30min,R-128,11046205759,13622492455,2.71,residential,0.073,0.073,0.5071,0.146,0.2904,MODERATE
T+30min,R-129,11046205760,10925931739,18.27,residential,0.078,0.079,0.5158,0.158,0.3011,MODERATE
T+30min,R-130,11046205760,11046205759,20.9,residential,0.074,0.076,0.5085,0.152,0.2946,MODERATE
T+30min,R-131,11046205760,13622492459,27.53,residential,0.079,0.082,0.5173,0.164,0.3053,MODERATE
T+30min,R-132,11047568171,13617040683,46.74,tertiary,0.1,0.1,0.6317,0.2,0.3727,MODERATE
T+30min,R-133,11047568171,13626183257,126.95,residential,0.097,0.1,0.6199,0.2,0.368,MODERATE
T+30min,R-134,11047597219,13619318851,57.84,residential,0.074,0.086,0.4893,0.172,0.2989,MODERATE
T+30min,R-135,11047597219,13619318852,25.35,residential,0.073,0.077,0.4918,0.154,0.2891,MODERATE
T+30min,R-136,11047597219,13619318864,14.89,residential,0.083,0.09,0.5185,0.18,0.3154,MODERATE
T+30min,R-137,11054614468,11054614468,200.97,residential,0.063,0.069,0.5107,0.138,0.2871,MODERATE
T+30min,R-138,11054614468,11054614468,200.97,residential,0.063,0.069,0.5107,0.138,0.2871,MODERATE
T+30min,R-139,11054614468,3743617940,13.33,residential,0.057,0.057,0.4753,0.114,0.2585,MODERATE
T+30min,R-140,11054646813,11054646825,16.11,residential,0.051,0.053,0.4127,0.106,0.2287,LOW
T+30min,R-141,11054646813,2244637012,57.63,residential,0.068,0.087,0.4587,0.174,0.2879,MODERATE
T+30min,R-142,11054646813,622060792,14.23,residential,0.053,0.056,0.423,0.112,0.2364,LOW
T+30min,R-143,11054646825,11054646813,16.11,residential,0.051,0.053,0.4127,0.106,0.2287,LOW
T+30min,R-144,11054646825,11054646825,107.16,residential,0.044,0.053,0.4011,0.106,0.224,LOW
T+30min,R-145,11054646825,11054646825,107.16,residential,0.044,0.053,0.4011,0.106,0.224,LOW
T+30min,R-146,11054673420,2244637056,46.64,residential,,,,,,UNKNOWN
T+30min,R-147,11271580571,10091403659,6.71,primary,0.058,0.058,0.5246,0.116,0.2794,MODERATE
T+30min,R-148,11271580571,13617067002,61.72,tertiary,0.063,0.07,0.5112,0.14,0.2885,MODERATE
T+30min,R-149,11368130746,7404711477,113.44,residential,0.066,0.069,0.5661,0.138,0.3092,MODERATE
T+30min,R-150,11976374939,13622308166,65.09,tertiary,0.075,0.076,0.6464,0.152,0.3498,MODERATE
T+30min,R-151,11976374939,245666426,36.9,tertiary,0.074,0.076,0.6223,0.152,0.3401,MODERATE
T+30min,R-152,12079741513,2897024615,17.64,secondary,0.056,0.057,0.6061,0.114,0.3108,MODERATE
T+30min,R-153,12079741513,6552594957,398.69,primary,0.036,0.056,0.4721,0.112,0.256,MODERATE
T+30min,R-154,12084454212,631525434,42.28,tertiary,0.057,0.059,0.4912,0.118,0.2673,MODERATE
T+30min,R-155,12084454212,9469495781,9.2,secondary,0.058,0.059,0.5075,0.118,0.2738,MODERATE
T+30min,R-156,12243225438,245667542,141.67,trunk,0.076,0.091,0.5427,0.182,0.3263,MODERATE
T+30min,R-157,12311766936,2897024667,12.64,tertiary,0.063,0.064,0.5266,0.128,0.2874,MODERATE
T+30min,R-158,12311766936,476488948,198.12,tertiary,0.053,0.062,0.4879,0.124,0.2696,MODERATE
T+30min,R-159,12313982248,13615172966,7.68,residential,0.108,0.108,0.641,0.216,0.386,MODERATE
T+30min,R-160,12313982248,13617040693,31.44,tertiary,0.103,0.108,0.6045,0.216,0.3714,MODERATE
T+30min,R-161,12313982248,13619368472,36.88,residential,0.11,0.111,0.6465,0.222,0.3918,MODERATE
T+30min,R-162,12313982253,12313982254,8.92,residential,0.118,0.123,0.8477,0.246,0.4867,MODERATE
T+30min,R-163,12313982253,13617040688,39.95,tertiary,0.114,0.123,0.7994,0.246,0.4674,MODERATE
T+30min,R-164,12313982253,3803645219,213.14,residential,0.096,0.123,0.6655,0.246,0.4138,MODERATE
T+30min,R-165,12313982254,12313982253,8.92,residential,0.118,0.123,0.8477,0.246,0.4867,MODERATE
T+30min,R-166,12313982254,13617040685,16.07,tertiary,0.122,0.126,0.8843,0.252,0.5049,HIGH
T+30min,R-167,12334925193,2804520131,48.26,trunk,0.083,0.087,0.6028,0.174,0.3455,MODERATE
T+30min,R-168,12334925204,10265648752,1919.79,trunk,0.078,0.12,0.5969,0.24,0.3828,MODERATE
T+30min,R-169,12334925204,12334925193,324.23,trunk_link,0.059,0.091,0.4716,0.182,0.2978,MODERATE
T+30min,R-170,12350301184,245666579,14.74,tertiary,0.114,0.117,0.6131,0.234,0.3856,MODERATE
T+30min,R-171,12350391111,10294725029,8.95,tertiary,0.081,0.082,0.5129,0.164,0.3036,MODERATE
T+30min,R-172,12350391111,12350391112,8.29,tertiary_link,0.082,0.082,0.5198,0.164,0.3063,MODERATE
T+30min,R-173,12350391112,12350391111,8.29,tertiary_link,0.082,0.082,0.5198,0.164,0.3063,MODERATE
T+30min,R-174,12350391112,13617092826,85.79,tertiary,0.095,0.1,0.5883,0.2,0.3553,MODERATE
T+30min,R-175,12350425034,245666579,7.73,residential,0.111,0.111,0.5978,0.222,0.3723,MODERATE
T+30min,R-176,12350446596,12350446597,7.21,tertiary_link,0.065,0.066,0.5209,0.132,0.2876,MODERATE
T+30min,R-177,12350446596,13621901230,54.21,tertiary,0.078,0.089,0.5708,0.178,0.3351,MODERATE
T+30min,R-178,12350446597,12350446596,7.21,tertiary_link,0.065,0.066,0.5209,0.132,0.2876,MODERATE
T+30min,R-179,12350446597,13621901233,51.22,tertiary,0.059,0.065,0.5003,0.13,0.2781,MODERATE
T+30min,R-180,12350931355,2897024749,9.82,tertiary,,,,,,UNKNOWN
T+30min,R-181,12350931355,631507991,96.86,tertiary,,,,,,UNKNOWN
T+30min,R-182,12350931356,12350931355,8.27,tertiary,,,,,,UNKNOWN
T+30min,R-183,12378368422,12378368426,5.99,residential,0.003,0.003,0.1729,0.006,0.0728,LOW
T+30min,R-184,12378368422,6490872923,67.3,residential,0.016,0.041,0.2355,0.082,0.1434,LOW
T+30min,R-185,12378368422,6490872930,25.19,residential,0.004,0.005,0.1986,0.01,0.0854,LOW
T+30min,R-186,12378368426,12378368422,5.99,residential,0.003,0.003,0.1729,0.006,0.0728,LOW
T+30min,R-187,12378368426,245667468,17.87,residential,0.003,0.003,0.1798,0.006,0.0755,LOW
T+30min,R-188,12378368427,12378368426,25.09,residential,0.004,0.005,0.1987,0.01,0.0855,LOW
T+30min,R-189,12378368427,6490872930,6.18,residential,0.005,0.005,0.2287,0.01,0.0975,LOW
T+30min,R-190,12406085638,10384248275,2.73,trunk,0.081,0.085,0.6098,0.17,0.3459,MODERATE
T+30min,R-191,12406104882,10265662126,45.18,trunk,0.086,0.088,0.5685,0.176,0.333,MODERATE
T+30min,R-192,12406104882,10772904744,1804.27,trunk,0.077,0.138,0.5819,0.276,0.3984,MODERATE
T+30min,R-193,12406104883,12406104884,28.17,trunk_link,0.069,0.069,0.5562,0.138,0.3053,MODERATE
T+30min,R-194,12406104883,5911310878,221.94,trunk,0.068,0.077,0.556,0.154,0.3148,MODERATE
T+30min,R-195,12406104884,12406104883,28.17,trunk_link,0.069,0.069,0.5562,0.138,0.3053,MODERATE
T+30min,R-196,12406104884,245667803,483.15,trunk,0.079,0.119,0.636,0.238,0.3972,MODERATE
T+30min,R-197,12406104885,10265662124,13.21,residential,0.068,0.068,0.4981,0.136,0.2808,MODERATE
T+30min,R-198,12406104885,13618374677,76.32,residential,0.069,0.071,0.5276,0.142,0.2962,MODERATE
T+30min,R-199,12406104885,6428382636,156.17,residential,0.093,0.12,0.6763,0.24,0.4145,MODERATE
T+30min,R-200,12486614582,11187458034,9.33,tertiary,0.069,0.069,0.4691,0.138,0.2704,MODERATE
T+30min,R-201,12486614582,6428811261,4.7,tertiary,0.069,0.069,0.4691,0.138,0.2704,MODERATE
T+30min,R-202,12486614584,12486614582,7.27,tertiary,0.069,0.069,0.4691,0.138,0.2704,MODERATE
T+30min,R-203,12756633089,10924277272,92.32,residential,0.067,0.077,0.462,0.154,0.2772,MODERATE
T+30min,R-204,12756633089,10924277272,156.13,residential,0.09,0.106,0.5697,0.212,0.3551,MODERATE
T+30min,R-205,12756633089,6428382636,95.51,residential,0.081,0.093,0.5296,0.186,0.3234,MODERATE
T+30min,R-206,13093786757,12334925204,88.97,trunk,0.061,0.064,0.5039,0.128,0.2784,MODERATE
T+30min,R-207,13398075180,13398075181,14.55,tertiary_link,0.087,0.092,0.6197,0.184,0.3583,MODERATE
T+30min,R-208,13398075180,13615156514,94.7,tertiary,0.096,0.103,0.6821,0.206,0.3964,MODERATE
T+30min,R-209,13398075181,13398075180,14.55,tertiary_link,0.087,0.092,0.6197,0.184,0.3583,MODERATE
T+30min,R-210,13398075181,13615156517,225.3,tertiary,0.096,0.116,0.6937,0.232,0.4167,MODERATE
T+30min,R-211,13408237102,13408237103,70.39,residential,0.03,0.071,0.2863,0.142,0.1997,LOW
T+30min,R-212,13408237102,13408237104,42.66,residential,0.07,0.074,0.542,0.148,0.3056,MODERATE
T+30min,R-213,13408237102,2244637007,132.8,residential,0.055,0.077,0.469,0.154,0.28,MODERATE
T+30min,R-214,13408237103,13408237102,70.39,residential,0.03,0.071,0.2863,0.142,0.1997,LOW
T+30min,R-215,13408237104,13408237102,42.66,residential,0.07,0.074,0.542,0.148,0.3056,MODERATE
T+30min,R-216,13408237104,13408237105,47.79,residential,0.064,0.07,0.5112,0.14,0.2885,MODERATE
T+30min,R-217,13408237104,13503191895,25.54,residential,0.064,0.068,0.5401,0.136,0.2976,MODERATE
T+30min,R-218,13408237105,13408237104,47.79,residential,0.064,0.07,0.5112,0.14,0.2885,MODERATE
T+30min,R-219,13433910625,13433910629,61.65,residential,0.078,0.084,0.526,0.168,0.3112,MODERATE
T+30min,R-220,13433910625,2804481652,96.83,trunk,0.064,0.069,0.5027,0.138,0.2839,MODERATE
T+30min,R-221,13433910628,13433910629,44.95,residential,0.097,0.112,0.5707,0.224,0.3627,MODERATE
T+30min,R-222,13433910629,13433910625,61.65,residential,0.078,0.084,0.526,0.168,0.3112,MODERATE
T+30min,R-223,13433910629,13433910628,44.95,residential,0.097,0.112,0.5707,0.224,0.3627,MODERATE
T+30min,R-224,13433910629,13433910631,74.18,residential,0.079,0.084,0.6028,0.168,0.3419,MODERATE
T+30min,R-225,13433910631,13433910629,74.18,residential,0.079,0.084,0.6028,0.168,0.3419,MODERATE
T+30min,R-226,13503191895,13408237104,25.54,residential,0.064,0.068,0.5401,0.136,0.2976,MODERATE
T+30min,R-227,13503191895,13503253504,105.22,residential,0.066,0.074,0.5158,0.148,0.2951,MODERATE
T+30min,R-228,13503191895,3743617940,12.31,residential,0.058,0.059,0.4944,0.118,0.2686,MODERATE
T+30min,R-229,13503253504,13503191895,105.22,residential,0.066,0.074,0.5157,0.148,0.2951,MODERATE
T+30min,R-230,13601073293,13619507487,103.13,residential,0.11,0.117,0.6966,0.234,0.419,MODERATE
T+30min,R-231,13601073293,2244797686,20.6,residential,0.108,0.113,0.6713,0.226,0.4041,MODERATE
T+30min,R-232,13601073293,622039341,110.41,residential,0.113,0.117,0.7272,0.234,0.4313,MODERATE
T+30min,R-233,13614337239,13614337241,98.86,residential,0.05,0.071,0.4453,0.142,0.2633,MODERATE
T+30min,R-234,13614337239,13614337242,79.05,residential,0.045,0.064,0.4207,0.128,0.2451,LOW
T+30min,R-235,13614337239,245666192,132.84,residential,0.083,0.099,0.6408,0.198,0.3751,MODERATE
T+30min,R-236,13614337241,13614337239,98.86,residential,0.05,0.071,0.4453,0.142,0.2633,MODERATE
T+30min,R-237,13614337241,13614337242,21.79,residential,0.036,0.036,0.4171,0.072,0.21,LOW
T+30min,R-238,13614337241,13614337249,19.66,residential,0.036,0.037,0.4194,0.074,0.2122,LOW
T+30min,R-239,13614337242,13614337239,79.05,residential,0.045,0.064,0.4207,0.128,0.2451,LOW
T+30min,R-240,13614337242,13614337241,21.79,residential,0.036,0.036,0.4171,0.072,0.21,LOW
T+30min,R-241,13614337242,6585962883,16.14,residential,0.035,0.035,0.4159,0.07,0.2084,LOW
T+30min,R-242,13614337247,13614337249,39.04,residential,0.037,0.039,0.4256,0.078,0.217,LOW
T+30min,R-243,13614337247,6585962883,14.99,residential,0.035,0.035,0.4196,0.07,0.2098,LOW
T+30min,R-244,13614337247,6585998686,76.41,residential,0.041,0.048,0.5155,0.096,0.2638,MODERATE
T+30min,R-245,13614337249,13614337241,19.66,residential,0.036,0.037,0.4194,0.074,0.2122,LOW
T+30min,R-246,13614337249,13614337247,39.04,residential,0.037,0.039,0.4256,0.078,0.217,LOW
T+30min,R-247,13614337249,6585962883,27.32,residential,0.036,0.036,0.4173,0.072,0.2101,LOW
T+30min,R-248,13614452347,13614452359,54.31,trunk,0.102,0.105,0.6866,0.21,0.4006,MODERATE
T+30min,R-249,13614452347,13614452359,139.79,residential,0.09,0.105,0.6267,0.21,0.3767,MODERATE
T+30min,R-250,13614452359,13614452347,139.79,residential,0.09,0.105,0.6267,0.21,0.3767,MODERATE
T+30min,R-251,13614452359,9691859215,22.47,trunk,0.098,0.1,0.6501,0.2,0.38,MODERATE
T+30min,R-252,13614466650,13614466653,18.75,residential,0.075,0.079,0.4899,0.158,0.2908,MODERATE
T+30min,R-253,13614466650,13614466656,25.02,residential,0.068,0.072,0.4664,0.144,0.273,MODERATE
T+30min,R-254,13614466650,13614467518,4.31,residential,0.071,0.071,0.4818,0.142,0.2779,MODERATE
T+30min,R-255,13614466653,13614466650,18.75,residential,0.075,0.079,0.4899,0.158,0.2908,MODERATE
T+30min,R-256,13614466656,13614466650,25.02,residential,0.068,0.072,0.4664,0.144,0.273,MODERATE
T+30min,R-257,13614467518,13614466650,4.31,residential,0.071,0.071,0.4818,0.142,0.2779,MODERATE
T+30min,R-258,13614467518,3743617937,34.2,residential,0.082,0.09,0.531,0.18,0.3204,MODERATE
T+30min,R-259,13614467518,3743617940,37.51,residential,0.061,0.071,0.4662,0.142,0.2717,MODERATE
T+30min,R-260,13615156514,12243225438,121.44,tertiary,0.104,0.109,0.7111,0.218,0.4152,MODERATE
T+30min,R-261,13615156514,13615156515,14.84,tertiary_link,0.102,0.103,0.7156,0.206,0.4098,MODERATE
T+30min,R-262,13615156515,13398075181,93.56,tertiary,0.089,0.1,0.5789,0.2,0.3516,MODERATE
T+30min,R-263,13615156515,13615156514,14.84,tertiary_link,0.102,0.103,0.7156,0.206,0.4098,MODERATE
T+30min,R-264,13615156516,13398075180,222.42,tertiary,0.099,0.116,0.7252,0.232,0.4293,MODERATE
T+30min,R-265,13615156516,13615156517,13.96,tertiary_link,0.064,0.064,0.4702,0.128,0.2649,MODERATE
T+30min,R-266,13615156517,13615156516,13.96,tertiary_link,0.064,0.064,0.4702,0.128,0.2649,MODERATE
T+30min,R-267,13615156517,13615156519,71.54,tertiary,0.047,0.064,0.4166,0.128,0.2434,LOW
T+30min,R-268,13615156518,13615156516,70.36,tertiary,0.046,0.064,0.4227,0.128,0.2459,LOW
T+30min,R-269,13615156518,13615156519,14.51,tertiary_link,0.033,0.035,0.3817,0.07,0.1947,LOW
T+30min,R-270,13615156519,13615156518,14.51,tertiary_link,0.033,0.035,0.3817,0.07,0.1947,LOW
T+30min,R-271,13615156519,6554302593,140.77,tertiary,0.037,0.043,0.4343,0.086,0.2253,LOW
T+30min,R-272,13615156523,245666274,24.14,secondary,0.033,0.034,0.4127,0.068,0.2059,LOW
T+30min,R-273,13615156523,2897024625,234.8,secondary,0.045,0.061,0.4435,0.122,0.2506,MODERATE
T+30min,R-274,13615172965,13617040696,36.73,tertiary,0.101,0.106,0.6811,0.212,0.3996,MODERATE
T+30min,R-275,13615172965,9469523484,5.42,residential,0.107,0.108,0.7875,0.216,0.4446,MODERATE
T+30min,R-276,13615172966,12313982248,7.68,residential,0.108,0.108,0.641,0.216,0.386,MODERATE
T+30min,R-277,13615172966,13617040692,56.23,tertiary,0.107,0.109,0.6219,0.218,0.3796,MODERATE
T+30min,R-278,13616287392,10055232024,9.75,residential,0.115,0.115,0.574,0.23,0.3676,MODERATE
T+30min,R-279,13616287392,5896564331,27.84,tertiary,0.113,0.115,0.577,0.23,0.3688,MODERATE
T+30min,R-280,13616287393,13616287394,7.99,tertiary_link,0.084,0.085,0.5528,0.17,0.3231,MODERATE
T+30min,R-281,13616287393,6428617352,19.54,tertiary,0.079,0.085,0.5343,0.17,0.3157,MODERATE
T+30min,R-282,13616287394,13616287393,7.99,tertiary_link,0.084,0.085,0.5528,0.17,0.3231,MODERATE
T+30min,R-283,13616287394,2897024748,235.5,tertiary,0.097,0.105,0.5934,0.21,0.3634,MODERATE
T+30min,R-284,13616287395,2897024710,60.06,tertiary,0.058,0.063,0.4904,0.126,0.2718,MODERATE
T+30min,R-285,13616287395,2897024713,8.37,residential,0.057,0.058,0.4778,0.116,0.2607,MODERATE
T+30min,R-286,13616325515,10091403656,6.09,tertiary_link,0.104,0.104,0.751,0.208,0.4252,MODERATE
T+30min,R-287,13616325515,245666192,30.94,tertiary,0.101,0.104,0.7534,0.208,0.4262,MODERATE
T+30min,R-288,13616325516,13617040697,25.39,tertiary,0.088,0.092,0.5404,0.184,0.3266,MODERATE
T+30min,R-289,13616325516,3803643818,5.12,residential,0.088,0.088,0.5466,0.176,0.3242,MODERATE
T+30min,R-290,13617034594,631507968,130.89,secondary,0.044,0.054,0.5139,0.108,0.2704,MODERATE
T+30min,R-291,13617040678,13617040684,74.61,tertiary,0.097,0.099,0.5928,0.198,0.3559,MODERATE
T+30min,R-292,13617040678,7372035744,13.12,tertiary,0.102,0.105,0.5718,0.21,0.3547,MODERATE
T+30min,R-293,13617040682,10724726259,6.53,residential,0.098,0.098,0.6116,0.196,0.3622,MODERATE
T+30min,R-294,13617040682,13617092827,10.26,tertiary,0.098,0.099,0.6268,0.198,0.3695,MODERATE
T+30min,R-295,13617040682,13617092837,22.96,residential,0.096,0.098,0.6006,0.196,0.3578,MODERATE
T+30min,R-296,13617040683,13617040678,75.06,tertiary,0.098,0.1,0.5962,0.2,0.3585,MODERATE
T+30min,R-297,13617040683,13617040684,5.21,tertiary_link,0.099,0.099,0.6111,0.198,0.3632,MODERATE
T+30min,R-298,13617040684,13617040682,57.9,tertiary,0.099,0.1,0.6118,0.2,0.3647,MODERATE
T+30min,R-299,13617040684,13617040683,5.21,tertiary_link,0.099,0.099,0.6111,0.198,0.3632,MODERATE
T+30min,R-300,13617040685,10724781030,33.11,tertiary,0.123,0.126,0.8783,0.252,0.5025,HIGH
T+30min,R-301,13617040685,13617040686,7.84,tertiary_link,0.126,0.126,0.9184,0.252,0.5186,HIGH
T+30min,R-302,13617040686,12313982253,16.49,tertiary,0.125,0.126,0.9032,0.252,0.5125,HIGH
T+30min,R-303,13617040686,13617040685,7.84,tertiary_link,0.126,0.126,0.9184,0.252,0.5186,HIGH
T+30min,R-304,13617040687,12313982254,40.09,tertiary,0.107,0.114,0.7451,0.228,0.4348,MODERATE
T+30min,R-305,13617040687,13617040688,8.16,tertiary_link,0.101,0.101,0.7397,0.202,0.4171,MODERATE
T+30min,R-306,13617040688,13617040687,8.16,tertiary_link,0.101,0.101,0.7397,0.202,0.4171,MODERATE
T+30min,R-307,13617040688,13617040689,79.85,tertiary,0.099,0.107,0.6995,0.214,0.4082,MODERATE
T+30min,R-308,13617040689,13617040690,8.4,tertiary_link,0.107,0.107,0.6509,0.214,0.3888,MODERATE
T+30min,R-309,13617040689,13617040691,24.3,tertiary,0.108,0.109,0.6637,0.218,0.3963,MODERATE
T+30min,R-310,13617040690,13617040687,79.46,tertiary,0.096,0.107,0.659,0.214,0.392,MODERATE
T+30min,R-311,13617040690,13617040689,8.4,tertiary_link,0.107,0.107,0.6509,0.214,0.3888,MODERATE
T+30min,R-312,13617040691,12313982248,56.77,tertiary,0.108,0.11,0.6236,0.22,0.3814,MODERATE
T+30min,R-313,13617040691,13617040692,8.25,tertiary_link,0.107,0.108,0.6113,0.216,0.3741,MODERATE
T+30min,R-314,13617040692,13617040690,24.5,tertiary,0.107,0.108,0.6433,0.216,0.3869,MODERATE
T+30min,R-315,13617040692,13617040691,8.25,tertiary_link,0.107,0.108,0.6113,0.216,0.3741,MODERATE
T+30min,R-316,13617040693,13617040694,7.62,tertiary_link,0.095,0.097,0.5603,0.194,0.3405,MODERATE
T+30min,R-317,13617040693,3193827831,35.57,tertiary,0.09,0.097,0.5447,0.194,0.3343,MODERATE
T+30min,R-318,13617040694,13615172966,31.47,tertiary,0.101,0.108,0.6003,0.216,0.3697,MODERATE
T+30min,R-319,13617040694,13617040693,7.62,tertiary_link,0.095,0.097,0.5603,0.194,0.3405,MODERATE
T+30min,R-320,13617040695,13617040696,5.23,tertiary_link,0.096,0.097,0.5629,0.194,0.3416,MODERATE
T+30min,R-321,13617040695,9469523484,37.41,tertiary,0.102,0.108,0.6898,0.216,0.4055,MODERATE
T+30min,R-322,13617040696,13616325516,32.27,tertiary,0.089,0.095,0.5432,0.19,0.3313,MODERATE
T+30min,R-323,13617040696,13617040695,5.23,tertiary_link,0.096,0.097,0.5629,0.194,0.3416,MODERATE
T+30min,R-324,13617040697,10091403662,35.41,tertiary,0.086,0.087,0.5394,0.174,0.3202,MODERATE
T+30min,R-325,13617040697,245666370,6.68,tertiary_link,0.089,0.092,0.5431,0.184,0.3276,MODERATE
T+30min,R-326,13617067002,10091403664,125.59,tertiary,0.088,0.099,0.7127,0.198,0.4039,MODERATE
T+30min,R-327,13617067002,245666077,5.65,tertiary_link,0.072,0.073,0.5326,0.146,0.3006,MODERATE
T+30min,R-328,13617092826,10724726259,9.92,tertiary,0.099,0.099,0.6221,0.198,0.3676,MODERATE
T+30min,R-329,13617092826,13617092827,6.9,residential,0.099,0.099,0.6405,0.198,0.375,MODERATE
T+30min,R-330,13617092827,12350391111,86.31,tertiary,0.094,0.1,0.5815,0.2,0.3526,MODERATE
T+30min,R-331,13617092827,13617092826,6.9,residential,0.099,0.099,0.6405,0.198,0.375,MODERATE
T+30min,R-332,13617092827,13617092838,23.35,residential,0.098,0.099,0.6323,0.198,0.3717,MODERATE
T+30min,R-333,13617092832,13617092835,63.86,residential,0.089,0.096,0.5573,0.192,0.3381,MODERATE
T+30min,R-334,13617092832,13617092836,59.88,residential,0.09,0.096,0.5595,0.192,0.339,MODERATE
T+30min,R-335,13617092832,13617550909,156.58,residential,0.115,0.127,0.7102,0.254,0.4365,MODERATE
T+30min,R-336,13617092835,13617092832,63.86,residential,0.089,0.096,0.5573,0.192,0.3381,MODERATE
T+30min,R-337,13617092835,13617092836,6.33,residential,0.089,0.089,0.5595,0.178,0.3306,MODERATE
T+30min,R-338,13617092835,13617092838,176.09,residential,0.097,0.116,0.6576,0.232,0.4022,MODERATE
T+30min,R-339,13617092836,13617092832,59.88,residential,0.09,0.096,0.5595,0.192,0.339,MODERATE
T+30min,R-340,13617092836,13617092835,6.33,residential,0.089,0.089,0.5595,0.178,0.3306,MODERATE
T+30min,R-341,13617092836,13617092837,176.37,residential,0.095,0.116,0.6495,0.232,0.399,MODERATE
T+30min,R-342,13617092837,13617040682,22.96,residential,0.096,0.098,0.6006,0.196,0.3578,MODERATE
T+30min,R-343,13617092837,13617092836,176.37,residential,0.095,0.116,0.6495,0.232,0.399,MODERATE
T+30min,R-344,13617092837,13617092838,9.69,residential,0.097,0.099,0.6056,0.198,0.361,MODERATE
T+30min,R-345,13617092838,13617092827,23.35,residential,0.098,0.099,0.6323,0.198,0.3717,MODERATE
T+30min,R-346,13617092838,13617092835,176.09,residential,0.097,0.116,0.6576,0.232,0.4022,MODERATE
T+30min,R-347,13617092838,13617092837,9.69,residential,0.097,0.099,0.6056,0.198,0.361,MODERATE
T+30min,R-348,13617092839,6428811263,5.46,tertiary,0.093,0.093,0.6164,0.186,0.3582,MODERATE
T+30min,R-349,13617092839,8570027362,42.87,residential,0.089,0.093,0.5766,0.186,0.3422,MODERATE
T+30min,R-350,13617092840,6428811262,6.78,tertiary,0.093,0.093,0.6082,0.186,0.3549,MODERATE
T+30min,R-351,13617092840,6428811270,95.73,tertiary,0.085,0.092,0.5802,0.184,0.3425,MODERATE
T+30min,R-352,13617280082,13617280087,38.42,residential,,,,,,UNKNOWN
T+30min,R-353,13617280082,13617327485,128.75,residential,0.08,0.099,0.5462,0.198,0.3373,MODERATE
T+30min,R-354,13617280082,245668208,44.67,residential,,,,,,UNKNOWN
T+30min,R-355,13617280087,13617280082,38.42,residential,,,,,,UNKNOWN
T+30min,R-356,13617292720,13617292726,31.17,residential,,,,,,UNKNOWN
T+30min,R-357,13617292720,13617292726,44.62,residential,,,,,,UNKNOWN
T+30min,R-358,13617292720,13617292729,12.94,residential,,,,,,UNKNOWN
T+30min,R-359,13617292726,10923690293,6.68,residential,,,,,,UNKNOWN
T+30min,R-360,13617292726,13617292720,44.62,residential,,,,,,UNKNOWN
T+30min,R-361,13617292726,13617292720,31.17,residential,,,,,,UNKNOWN
T+30min,R-362,13617292729,10923690293,36.91,residential,,,,,,UNKNOWN
T+30min,R-363,13617292729,13617292720,12.94,residential,,,,,,UNKNOWN
T+30min,R-364,13617292729,623895532,50.08,residential,,,,,,UNKNOWN
T+30min,R-365,13617327485,13617280082,128.75,residential,0.08,0.099,0.5462,0.198,0.3373,MODERATE
T+30min,R-366,13617327485,13617327487,13.04,residential,0.062,0.063,0.4955,0.126,0.2738,MODERATE
T+30min,R-367,13617327485,7404711477,52.26,residential,0.066,0.068,0.534,0.136,0.2952,MODERATE
T+30min,R-368,13617327487,13617327485,13.04,residential,0.062,0.063,0.4955,0.126,0.2738,MODERATE
T+30min,R-369,13617327487,13617327487,99.62,residential,0.062,0.067,0.4821,0.134,0.2732,MODERATE
T+30min,R-370,13617327487,13617327487,99.62,residential,0.062,0.067,0.4821,0.134,0.2732,MODERATE
T+30min,R-371,13617483789,13617483791,5.29,tertiary,0.097,0.102,0.6152,0.204,0.3685,MODERATE
T+30min,R-372,13617483791,13617483792,2.64,tertiary,0.102,0.102,0.6306,0.204,0.3746,MODERATE
T+30min,R-373,13617483791,13619318866,100.36,residential,0.099,0.123,0.5852,0.246,0.3817,MODERATE
T+30min,R-374,13617483792,13617550909,20.4,residential,0.107,0.113,0.6628,0.226,0.4007,MODERATE
T+30min,R-375,13617483792,13617550913,9.91,tertiary,0.101,0.104,0.6426,0.208,0.3818,MODERATE
T+30min,R-376,13617483794,13617550919,9.35,tertiary,0.092,0.096,0.6171,0.192,0.362,MODERATE
T+30min,R-377,13617483794,13617550927,24.58,tertiary,0.088,0.096,0.6138,0.192,0.3607,MODERATE
T+30min,R-378,13617550905,13617483789,8.06,tertiary,0.093,0.093,0.5993,0.186,0.3513,MODERATE
T+30min,R-379,13617550905,13617550915,26.3,tertiary,0.08,0.093,0.5324,0.186,0.3246,MODERATE
T+30min,R-380,13617550909,13617092832,156.58,residential,0.115,0.127,0.7102,0.254,0.4365,MODERATE
T+30min,R-381,13617550909,13617550913,21.05,residential,0.105,0.113,0.663,0.226,0.4008,MODERATE
T+30min,R-382,13617550913,13617483794,3.32,tertiary,0.096,0.096,0.6339,0.192,0.3688,MODERATE
T+30min,R-383,13617550915,245666158,28.38,tertiary,0.065,0.071,0.4665,0.142,0.2718,MODERATE
T+30min,R-384,13617550915,7365871208,7.27,tertiary_link,0.075,0.079,0.4872,0.158,0.2897,MODERATE
T+30min,R-385,13617550919,13617550905,12.15,tertiary,0.088,0.093,0.5885,0.186,0.347,MODERATE
T+30min,R-386,13617550926,13617550919,19.52,tertiary,0.084,0.088,0.5892,0.176,0.3413,MODERATE
T+30min,R-387,13617550926,13617550927,7.96,tertiary_link,0.08,0.08,0.591,0.16,0.3324,MODERATE
T+30min,R-388,13617550927,13617550926,7.96,tertiary_link,0.08,0.08,0.591,0.16,0.3324,MODERATE
T+30min,R-389,13617550927,13617550929,85.37,tertiary,0.067,0.079,0.5309,0.158,0.3072,MODERATE
T+30min,R-390,13617550928,13617550926,86.76,tertiary,0.066,0.08,0.5268,0.16,0.3067,MODERATE
T+30min,R-391,13617550928,13617550929,14.72,residential,0.055,0.056,0.4521,0.112,0.248,LOW
T+30min,R-392,13617550928,13618123059,16.53,residential,0.054,0.054,0.452,0.108,0.2456,LOW
T+30min,R-393,13617550929,13617550923,27.06,tertiary,0.055,0.056,0.483,0.112,0.2604,MODERATE
T+30min,R-394,13617550929,13617550928,14.72,residential,0.055,0.056,0.4521,0.112,0.248,LOW
T+30min,R-395,13618123059,13617550928,16.53,residential,0.054,0.054,0.452,0.108,0.2456,LOW
T+30min,R-396,13618123059,13618123066,49.46,residential,0.054,0.056,0.4662,0.112,0.2537,MODERATE
T+30min,R-397,13618123059,13618123089,18.89,residential,0.051,0.052,0.4489,0.104,0.242,LOW
T+30min,R-398,13618123066,13618123059,49.46,residential,0.054,0.056,0.4662,0.112,0.2537,MODERATE
T+30min,R-399,13618123066,13618123089,14.18,residential,0.052,0.053,0.4591,0.106,0.2472,LOW
T+30min,R-400,13618123066,13618123089,137.56,residential,0.047,0.053,0.4416,0.106,0.2402,LOW
T+30min,R-401,13618123089,13618123059,18.89,residential,0.051,0.052,0.4489,0.104,0.242,LOW
T+30min,R-402,13618123089,13618123066,14.18,residential,0.052,0.053,0.4591,0.106,0.2472,LOW
T+30min,R-403,13618123089,13618123066,137.56,residential,0.047,0.053,0.4416,0.106,0.2402,LOW
T+30min,R-404,13618156305,13618156307,29.01,residential,0.042,0.043,0.3963,0.086,0.2101,LOW
T+30min,R-405,13618156307,13617550928,62.17,tertiary,0.05,0.054,0.4561,0.108,0.2472,LOW
T+30min,R-406,13618156307,13618156305,29.01,residential,0.042,0.043,0.3962,0.086,0.2101,LOW
T+30min,R-407,13618292019,13618292025,19.65,residential,0.002,0.002,0.1554,0.004,0.0646,LOW
T+30min,R-408,13618292019,13618292027,7.85,residential,0.003,0.003,0.166,0.006,0.07,LOW
T+30min,R-409,13618292019,245667468,4.23,residential,0.002,0.003,0.1804,0.006,0.0758,LOW
T+30min,R-410,13618292025,10111287875,47.89,residential,0.007,0.021,0.1573,0.042,0.0881,LOW
T+30min,R-411,13618292025,13618292019,19.65,residential,0.002,0.002,0.1554,0.004,0.0646,LOW
T+30min,R-412,13618292025,13618292030,12.03,residential,0.002,0.002,0.1223,0.004,0.0513,LOW
T+30min,R-413,13618292027,13618292019,7.85,residential,0.003,0.003,0.166,0.006,0.07,LOW
T+30min,R-414,13618292027,13618292030,51.24,residential,0.004,0.008,0.1448,0.016,0.0675,LOW
T+30min,R-415,13618292027,13618292030,20.74,residential,0.002,0.003,0.1348,0.006,0.0575,LOW
T+30min,R-416,13618292030,13618292025,12.03,residential,0.002,0.002,0.1223,0.004,0.0513,LOW
T+30min,R-417,13618292030,13618292027,51.24,residential,0.004,0.008,0.1448,0.016,0.0675,LOW
T+30min,R-418,13618292030,13618292027,20.74,residential,0.002,0.003,0.1348,0.006,0.0575,LOW
T+30min,R-419,13618347449,245667863,266.41,secondary,0.058,0.1,0.494,0.2,0.3176,MODERATE
T+30min,R-420,13618347449,7366246694,174.97,residential,0.049,0.066,0.421,0.132,0.2476,LOW
T+30min,R-421,13618374654,13618374655,19.09,residential,0.066,0.066,0.5171,0.132,0.286,MODERATE
T+30min,R-422,13618374655,13618374654,19.09,residential,0.066,0.066,0.5171,0.132,0.286,MODERATE
T+30min,R-423,13618374655,13618374657,21.38,residential,0.068,0.069,0.5376,0.138,0.2978,MODERATE
T+30min,R-424,13618374655,13618374664,69.05,residential,0.069,0.069,0.575,0.138,0.3128,MODERATE
T+30min,R-425,13618374655,6598052694,16.18,residential,0.065,0.066,0.5104,0.132,0.2834,MODERATE
T+30min,R-426,13618374656,13618374657,15.18,residential,0.069,0.069,0.5539,0.138,0.3044,MODERATE
T+30min,R-427,13618374657,13618374655,21.38,residential,0.068,0.069,0.5376,0.138,0.2978,MODERATE
T+30min,R-428,13618374657,13618374656,15.18,residential,0.069,0.069,0.5539,0.138,0.3044,MODERATE
T+30min,R-429,13618374657,5911310880,39.28,residential,0.066,0.068,0.5342,0.136,0.2953,MODERATE
T+30min,R-430,13618374664,13618374655,69.05,residential,0.069,0.069,0.575,0.138,0.3128,MODERATE
T+30min,R-431,13618374670,5911310880,65.19,residential,0.069,0.072,0.5539,0.144,0.308,MODERATE
T+30min,R-432,13618374671,13618374676,66.12,residential,0.071,0.075,0.591,0.15,0.3264,MODERATE
T+30min,R-433,13618374671,13618374677,45.51,residential,0.073,0.075,0.6557,0.15,0.3523,MODERATE
T+30min,R-434,13618374671,13618374681,26.7,residential,0.071,0.075,0.6176,0.15,0.337,MODERATE
T+30min,R-435,13618374676,13618374671,66.12,residential,0.071,0.075,0.591,0.15,0.3264,MODERATE
T+30min,R-436,13618374676,13618374681,42.66,residential,0.066,0.067,0.5199,0.134,0.2884,MODERATE
T+30min,R-437,13618374676,5911310880,18.15,residential,0.066,0.066,0.5159,0.132,0.2856,MODERATE
T+30min,R-438,13618374677,12406104885,76.32,residential,0.069,0.071,0.5276,0.142,0.2962,MODERATE
T+30min,R-439,13618374677,13618374671,45.51,residential,0.073,0.075,0.6557,0.15,0.3523,MODERATE
T+30min,R-440,13618374677,13618374681,71.66,residential,0.071,0.074,0.6489,0.148,0.3484,MODERATE
T+30min,R-441,13618374677,13618374689,57.67,residential,0.077,0.093,0.5778,0.186,0.3427,MODERATE
T+30min,R-442,13618374681,13618374671,26.7,residential,0.071,0.075,0.6176,0.15,0.337,MODERATE
T+30min,R-443,13618374681,13618374676,42.66,residential,0.066,0.067,0.5199,0.134,0.2884,MODERATE
T+30min,R-444,13618374681,13618374677,71.66,residential,0.071,0.074,0.6489,0.148,0.3484,MODERATE
T+30min,R-445,13618374689,13618374677,57.67,residential,0.077,0.093,0.5778,0.186,0.3427,MODERATE
T+30min,R-446,13618395293,13618395297,51.09,residential,0.11,0.116,0.8065,0.232,0.4618,MODERATE
T+30min,R-447,13618395297,13618395293,51.09,residential,0.11,0.116,0.8065,0.232,0.4618,MODERATE
T+30min,R-448,13618395297,13618395298,20.21,residential,0.11,0.114,0.7724,0.228,0.4458,MODERATE
T+30min,R-449,13618395297,13618399201,8.18,residential,0.116,0.117,0.8363,0.234,0.4749,MODERATE
T+30min,R-450,13618395298,13618395297,20.21,residential,0.11,0.114,0.7724,0.228,0.4458,MODERATE
T+30min,R-451,13618399201,13618395297,8.18,residential,0.116,0.117,0.8363,0.234,0.4749,MODERATE
T+30min,R-452,13618399201,13619536860,52.8,residential,0.115,0.117,0.7904,0.234,0.4566,MODERATE
T+30min,R-453,13618399201,5911310871,121.31,residential,0.097,0.117,0.7294,0.234,0.4322,MODERATE
T+30min,R-454,13618414606,13618414607,23.83,residential,0.083,0.09,0.5204,0.18,0.3162,MODERATE
T+30min,R-455,13618414606,13618414607,62.6,residential,0.084,0.09,0.5361,0.18,0.3224,MODERATE
T+30min,R-456,13618414606,7365813760,13.43,residential,0.078,0.079,0.5017,0.158,0.2955,MODERATE
T+30min,R-457,13618414607,13618414606,23.83,residential,0.083,0.09,0.5204,0.18,0.3162,MODERATE
T+30min,R-458,13618414607,13618414606,62.6,residential,0.084,0.09,0.5361,0.18,0.3224,MODERATE
T+30min,R-459,13618414607,622039345,7.6,residential,0.092,0.093,0.5447,0.186,0.3295,MODERATE
T+30min,R-460,13619237603,13619237606,18.82,residential,0.085,0.088,0.5149,0.176,0.3116,MODERATE
T+30min,R-461,13619237603,13619237610,13.31,residential,0.086,0.088,0.5216,0.176,0.3142,MODERATE
T+30min,R-462,13619237603,622039354,70.45,residential,0.095,0.104,0.5666,0.208,0.3514,MODERATE
T+30min,R-463,13619237606,13619237603,18.82,residential,0.085,0.088,0.5149,0.176,0.3116,MODERATE
T+30min,R-464,13619237610,13619237603,13.31,residential,0.086,0.088,0.5216,0.176,0.3142,MODERATE
T+30min,R-465,13619237610,622039345,8.4,residential,0.089,0.093,0.5331,0.186,0.3248,MODERATE
T+30min,R-466,13619237610,7365813760,16.55,residential,0.082,0.085,0.512,0.17,0.3068,MODERATE
T+30min,R-467,13619239364,13619239365,12.26,residential,,,,,,UNKNOWN
T+30min,R-468,13619239364,13619239367,21.43,residential,,,,,,UNKNOWN
T+30min,R-469,13619239364,13619239369,8.07,residential,,,,,,UNKNOWN
T+30min,R-470,13619239365,13619239364,12.26,residential,,,,,,UNKNOWN
T+30min,R-471,13619239367,13619239364,21.43,residential,,,,,,UNKNOWN
T+30min,R-472,13619239367,13619239369,15.13,residential,,,,,,UNKNOWN
T+30min,R-473,13619239367,245668277,186.93,tertiary,0.071,0.071,0.4876,0.142,0.2802,MODERATE
T+30min,R-474,13619239369,13619239364,8.07,residential,,,,,,UNKNOWN
T+30min,R-475,13619239369,13619239367,15.13,residential,,,,,,UNKNOWN
T+30min,R-476,13619239369,245668324,14.91,residential,,,,,,UNKNOWN
T+30min,R-477,13619243522,13619243523,12.05,residential,,,,,,UNKNOWN
T+30min,R-478,13619243522,13619243545,57.33,residential,,,,,,UNKNOWN
T+30min,R-479,13619243522,9445072347,55.21,residential,,,,,,UNKNOWN
T+30min,R-480,13619243523,13619243551,124.29,residential,,,,,,UNKNOWN
T+30min,R-481,13619243544,13619243551,17.82,residential,,,,,,UNKNOWN
T+30min,R-482,13619243545,13619243522,57.33,residential,,,,,,UNKNOWN
T+30min,R-483,13619243545,245668324,58.86,residential,,,,,,UNKNOWN
T+30min,R-484,13619243551,13619243523,124.29,residential,,,,,,UNKNOWN
T+30min,R-485,13619243551,13619243544,17.82,residential,,,,,,UNKNOWN
T+30min,R-486,13619243551,13619243558,33.83,residential,,,,,,UNKNOWN
T+30min,R-487,13619243558,13619243545,14.22,residential,,,,,,UNKNOWN
T+30min,R-488,13619243558,13619243551,33.83,residential,,,,,,UNKNOWN
T+30min,R-489,13619318851,11047597219,57.84,residential,0.074,0.086,0.4893,0.172,0.2989,MODERATE
T+30min,R-490,13619318851,13619318852,35.19,residential,0.065,0.071,0.4675,0.142,0.2722,MODERATE
T+30min,R-491,13619318851,13619318853,26.52,residential,0.057,0.059,0.4562,0.118,0.2533,MODERATE
T+30min,R-492,13619318852,11047597219,25.35,residential,0.073,0.077,0.4918,0.154,0.2891,MODERATE
T+30min,R-493,13619318852,13619318851,35.19,residential,0.065,0.071,0.4675,0.142,0.2722,MODERATE
T+30min,R-494,13619318852,245666191,13.1,residential,0.069,0.071,0.4765,0.142,0.2758,MODERATE
T+30min,R-495,13619318853,13619318851,26.52,residential,0.057,0.059,0.4562,0.118,0.2533,MODERATE
T+30min,R-496,13619318853,13619318854,10.45,tertiary,0.055,0.056,0.4615,0.112,0.2518,MODERATE
T+30min,R-497,13619318853,245666158,9.0,tertiary,0.057,0.059,0.4593,0.118,0.2545,MODERATE
T+30min,R-498,13619318854,13619318853,10.45,tertiary,0.055,0.056,0.4615,0.112,0.2518,MODERATE
T+30min,R-499,13619318854,13621886870,97.18,tertiary,0.061,0.072,0.4839,0.144,0.28,MODERATE
T+30min,R-500,13619318854,245666191,61.43,residential,0.058,0.067,0.4603,0.134,0.2645,MODERATE
T+30min,R-501,13619318864,11047597219,14.89,residential,0.083,0.09,0.5185,0.18,0.3154,MODERATE
T+30min,R-502,13619318864,13619318864,89.56,residential,0.102,0.12,0.5788,0.24,0.3755,MODERATE
T+30min,R-503,13619318864,13619318864,89.56,residential,0.102,0.12,0.5788,0.24,0.3755,MODERATE
T+30min,R-504,13619318866,13617483791,100.36,residential,0.099,0.123,0.5852,0.246,0.3817,MODERATE
T+30min,R-505,13619318866,7365871208,6.89,tertiary,0.075,0.079,0.4857,0.158,0.2891,MODERATE
T+30min,R-506,13619368459,13619368460,19.68,residential,0.091,0.096,0.6604,0.192,0.3794,MODERATE
T+30min,R-507,13619368459,13619368466,71.23,residential,0.085,0.096,0.5607,0.192,0.3395,MODERATE
T+30min,R-508,13619368459,13619368471,19.88,residential,0.1,0.104,0.6847,0.208,0.3987,MODERATE
T+30min,R-509,13619368460,13619368459,19.68,residential,0.091,0.096,0.6604,0.192,0.3794,MODERATE
T+30min,R-510,13619368460,13619368498,137.34,residential,0.106,0.116,0.7597,0.232,0.4431,MODERATE
T+30min,R-511,13619368460,9771116360,35.05,residential,0.078,0.086,0.5491,0.172,0.3228,MODERATE
T+30min,R-512,13619368466,13619368459,71.23,residential,0.085,0.096,0.5607,0.192,0.3395,MODERATE
T+30min,R-513,13619368466,13619368487,32.86,residential,0.091,0.098,0.6335,0.196,0.371,MODERATE
T+30min,R-514,13619368466,9771116360,58.73,residential,0.077,0.086,0.5108,0.172,0.3075,MODERATE
T+30min,R-515,13619368471,13619368459,19.88,residential,0.1,0.104,0.6847,0.208,0.3987,MODERATE
T+30min,R-516,13619368471,13619368487,58.63,residential,0.098,0.104,0.6832,0.208,0.3981,MODERATE
T+30min,R-517,13619368471,13620896407,93.24,residential,0.102,0.11,0.7408,0.22,0.4283,MODERATE
T+30min,R-518,13619368472,12313982248,36.88,residential,0.11,0.111,0.6459,0.222,0.3916,MODERATE
T+30min,R-519,13619368472,13619368475,27.84,residential,0.111,0.114,0.6489,0.228,0.3964,MODERATE
T+30min,R-520,13619368472,13620896407,24.35,residential,0.107,0.111,0.6247,0.222,0.3831,MODERATE
T+30min,R-521,13619368475,13619368472,27.84,residential,0.111,0.114,0.6489,0.228,0.3964,MODERATE
T+30min,R-522,13619368475,13619368487,135.86,residential,0.107,0.116,0.7396,0.232,0.435,MODERATE
T+30min,R-523,13619368475,13620896407,8.53,residential,0.104,0.107,0.6184,0.214,0.3758,MODERATE
T+30min,R-524,13619368487,13619368466,32.86,residential,0.091,0.098,0.6335,0.196,0.371,MODERATE
T+30min,R-525,13619368487,13619368471,58.63,residential,0.098,0.104,0.6832,0.208,0.3981,MODERATE
T+30min,R-526,13619368487,13619368475,135.86,residential,0.107,0.116,0.7396,0.232,0.435,MODERATE
T+30min,R-527,13619368498,13619368460,137.34,residential,0.106,0.116,0.7597,0.232,0.4431,MODERATE
T+30min,R-528,13619374592,13619374593,14.32,residential,0.084,0.084,0.6964,0.168,0.3794,MODERATE
T+30min,R-529,13619374592,2244637004,43.06,trunk,0.084,0.084,0.6643,0.168,0.3665,MODERATE
T+30min,R-530,13619374593,13619374592,14.32,residential,0.084,0.084,0.6964,0.168,0.3794,MODERATE
T+30min,R-531,13619374593,13619374596,37.21,residential,0.083,0.084,0.656,0.168,0.3632,MODERATE
T+30min,R-532,13619374593,13619374597,15.61,residential,0.084,0.084,0.6596,0.168,0.3646,MODERATE
T+30min,R-533,13619374596,13619374593,37.21,residential,0.083,0.084,0.656,0.168,0.3632,MODERATE
T+30min,R-534,13619374597,13619374593,15.61,residential,0.084,0.084,0.6596,0.168,0.3646,MODERATE
T+30min,R-535,13619396529,11046194845,29.14,residential,0.112,0.112,0.6163,0.224,0.3809,MODERATE
T+30min,R-536,13619396529,13619396536,36.49,residential,,,,,,UNKNOWN
T+30min,R-537,13619396529,9171835705,19.0,residential,,,,,,UNKNOWN
T+30min,R-538,13619396536,10840042416,18.54,residential,,,,,,UNKNOWN
T+30min,R-539,13619396536,13619396529,36.49,residential,,,,,,UNKNOWN
T+30min,R-540,13619396536,9171835705,17.29,residential,,,,,,UNKNOWN
T+30min,R-541,13619400539,245668039,29.34,secondary_link,0.099,0.1,0.6912,0.2,0.3965,MODERATE
T+30min,R-542,13619400539,7404711447,26.99,secondary,0.1,0.1,0.6776,0.2,0.391,MODERATE
T+30min,R-543,13619401780,13619401781,15.74,residential,0.0,0.001,0.0507,0.002,0.0215,LOW
T+30min,R-544,13619401780,6554271017,12.32,residential,0.0,0.0,0.0246,0.0,0.0098,LOW
T+30min,R-545,13619401780,6554271024,82.48,residential,0.029,0.065,0.2675,0.13,0.185,LOW
T+30min,R-546,13619401781,13619401780,15.74,residential,0.0,0.001,0.0507,0.002,0.0215,LOW
T+30min,R-547,13619401781,13619401781,164.97,residential,0.007,0.021,0.144,0.042,0.0828,LOW
T+30min,R-548,13619401781,13619401781,164.97,residential,0.007,0.021,0.144,0.042,0.0828,LOW
T+30min,R-549,13619403785,13619403794,32.31,residential,,,,,,UNKNOWN
T+30min,R-550,13619403785,13619678849,18.09,residential,,,,,,UNKNOWN
T+30min,R-551,13619403785,245668197,22.99,residential,,,,,,UNKNOWN
T+30min,R-552,13619403787,13619433317,3.94,residential,,,,,,UNKNOWN
T+30min,R-553,13619403787,13619678849,2.55,residential,,,,,,UNKNOWN
T+30min,R-554,13619403787,245668286,71.42,residential,,,,,,UNKNOWN
T+30min,R-555,13619403788,13619403789,21.13,residential,,,,,,UNKNOWN
T+30min,R-556,13619403788,245668197,28.94,residential,,,,,,UNKNOWN
T+30min,R-557,13619403788,245668324,104.46,residential,,,,,,UNKNOWN
T+30min,R-558,13619403789,13619403788,21.13,residential,,,,,,UNKNOWN
T+30min,R-559,13619403794,13619403785,32.31,residential,,,,,,UNKNOWN
T+30min,R-560,13619412997,10925941300,44.77,residential,0.082,0.087,0.5379,0.174,0.3196,MODERATE
T+30min,R-561,13619412997,13619412997,128.29,residential,0.081,0.091,0.5476,0.182,0.3282,MODERATE
T+30min,R-562,13619412997,13619412997,128.29,residential,0.081,0.091,0.5476,0.182,0.3282,MODERATE
T+30min,R-563,13619433317,13619403787,3.94,residential,,,,,,UNKNOWN
T+30min,R-564,13619433317,13619433317,140.77,residential,,,,,,UNKNOWN
T+30min,R-565,13619433317,13619433317,140.77,residential,,,,,,UNKNOWN
T+30min,R-566,13619457121,13619457123,47.22,residential,0.062,0.067,0.4545,0.134,0.2622,MODERATE
T+30min,R-567,13619457122,13619457123,29.91,residential,0.066,0.069,0.4642,0.138,0.2685,MODERATE
T+30min,R-568,13619457123,13619457121,47.22,residential,0.062,0.067,0.4545,0.134,0.2622,MODERATE
T+30min,R-569,13619457123,13619457122,29.91,residential,0.066,0.069,0.4642,0.138,0.2685,MODERATE
T+30min,R-570,13619457123,13619457125,11.12,residential,0.065,0.068,0.4695,0.136,0.2694,MODERATE
T+30min,R-571,13619457125,13619457123,11.12,residential,0.065,0.068,0.4695,0.136,0.2694,MODERATE
T+30min,R-572,13619457125,7366246694,11.46,trunk_link,0.067,0.068,0.4886,0.136,0.277,MODERATE
T+30min,R-573,13619463498,9445072347,9.05,residential,,,,,,UNKNOWN
T+30min,R-574,13619485519,10925931740,10.53,residential,0.078,0.079,0.5188,0.158,0.3023,MODERATE
T+30min,R-575,13619485519,10925931740,103.44,residential,0.078,0.085,0.5331,0.17,0.3152,MODERATE
T+30min,R-576,13619485519,13619485526,7.17,residential,0.078,0.079,0.5115,0.158,0.2994,MODERATE
T+30min,R-577,13619485526,10925931739,8.68,residential,0.078,0.079,0.5134,0.158,0.3002,MODERATE
T+30min,R-578,13619485526,10925931740,12.82,residential,0.076,0.076,0.5106,0.152,0.2954,MODERATE
T+30min,R-579,13619485526,13619485519,7.17,residential,0.078,0.079,0.5115,0.158,0.2994,MODERATE
T+30min,R-580,13619491182,13619491183,59.67,residential,,,,,,UNKNOWN
T+30min,R-581,13619491182,13619500839,0.85,residential,,,,,,UNKNOWN
T+30min,R-582,13619491182,9171835708,24.98,residential,,,,,,UNKNOWN
T+30min,R-583,13619491183,13619491182,59.67,residential,,,,,,UNKNOWN
T+30min,R-584,13619491183,13619500841,11.05,residential,,,,,,UNKNOWN
T+30min,R-585,13619491183,9171835708,84.09,residential,,,,,,UNKNOWN
T+30min,R-586,13619491193,13619500813,22.86,residential,,,,,,UNKNOWN
T+30min,R-587,13619491193,9171835708,36.45,residential,,,,,,UNKNOWN
T+30min,R-588,13619491193,9171835708,99.37,residential,,,,,,UNKNOWN
T+30min,R-589,13619500809,13619500813,28.95,residential,,,,,,UNKNOWN
T+30min,R-590,13619500809,13619500813,96.19,residential,,,,,,UNKNOWN
T+30min,R-591,13619500809,13619500813,122.89,residential,,,,,,UNKNOWN
T+30min,R-592,13619500813,13619491193,22.86,residential,,,,,,UNKNOWN
T+30min,R-593,13619500813,13619500809,28.95,residential,,,,,,UNKNOWN
T+30min,R-594,13619500813,13619500809,96.19,residential,,,,,,UNKNOWN
T+30min,R-595,13619500813,13619500809,122.89,residential,,,,,,UNKNOWN
T+30min,R-596,13619500839,13619491182,0.85,residential,,,,,,UNKNOWN
T+30min,R-597,13619500841,10925943006,47.23,residential,,,,,,UNKNOWN
T+30min,R-598,13619500841,245668374,60.13,residential,,,,,,UNKNOWN
T+30min,R-599,13619507487,13601073293,103.13,residential,0.11,0.117,0.6966,0.234,0.419,MODERATE
T+30min,R-600,13619515794,13619515794,103.82,residential,0.076,0.084,0.5374,0.168,0.3158,MODERATE
T+30min,R-601,13619515794,13619515794,103.82,residential,0.076,0.084,0.5374,0.168,0.3158,MODERATE
T+30min,R-602,13619515794,7384246086,5.6,residential,0.084,0.084,0.5417,0.168,0.3175,MODERATE
T+30min,R-603,13619536860,13618399201,52.8,residential,0.115,0.117,0.7904,0.234,0.4566,MODERATE
T+30min,R-604,13619536860,13619536866,18.21,residential,0.113,0.115,0.63,0.23,0.39,MODERATE
T+30min,R-605,13619536866,13619536860,18.21,residential,0.113,0.115,0.63,0.23,0.39,MODERATE
T+30min,R-606,13619536866,13619536860,78.51,residential,0.119,0.126,0.7895,0.252,0.467,MODERATE
T+30min,R-607,13619536866,622039341,12.47,residential,0.108,0.111,0.6391,0.222,0.3888,MODERATE
T+30min,R-608,13619539391,13619539396,14.57,residential,,,,,,UNKNOWN
T+30min,R-609,13619539391,13619539396,47.37,residential,,,,,,UNKNOWN
T+30min,R-610,13619539391,13622435420,16.31,residential,,,,,,UNKNOWN
T+30min,R-611,13619539396,13619539391,14.57,residential,,,,,,UNKNOWN
T+30min,R-612,13619539396,13619539391,47.37,residential,,,,,,UNKNOWN
T+30min,R-613,13619539396,2244797706,35.28,residential,,,,,,UNKNOWN
T+30min,R-614,13619570121,13619570121,191.6,residential,,,,,,UNKNOWN
T+30min,R-615,13619570121,13619570121,191.6,residential,,,,,,UNKNOWN
T+30min,R-616,13619570121,2244797706,14.73,residential,,,,,,UNKNOWN
T+30min,R-617,13619604480,13622528188,6.51,residential,0.098,0.098,0.6167,0.196,0.3643,MODERATE
T+30min,R-618,13619604480,13622528191,1.56,residential,,,,,,UNKNOWN
T+30min,R-619,13619604480,9914206292,28.2,residential,0.096,0.099,0.6042,0.198,0.3605,MODERATE
T+30min,R-620,13619678849,13619403785,18.09,residential,,,,,,UNKNOWN
T+30min,R-621,13619678849,13619403787,2.55,residential,,,,,,UNKNOWN
T+30min,R-622,13619678849,13619678859,83.26,residential,,,,,,UNKNOWN
T+30min,R-623,13619678859,13619678849,83.26,residential,,,,,,UNKNOWN
T+30min,R-624,13619678859,13622445020,12.85,residential,,,,,,UNKNOWN
T+30min,R-625,13619678859,9171835705,53.15,residential,,,,,,UNKNOWN
T+30min,R-626,13619939784,2897024523,18.49,secondary,0.044,0.047,0.4439,0.094,0.234,LOW
T+30min,R-627,13619939784,2897024614,230.93,primary,0.046,0.055,0.4834,0.11,0.2594,MODERATE
T+30min,R-628,13620657537,245666801,134.61,residential,0.114,0.12,0.8174,0.24,0.471,MODERATE
T+30min,R-629,13620896407,13619368471,93.24,residential,0.102,0.11,0.7408,0.22,0.4283,MODERATE
T+30min,R-630,13620896407,13619368472,24.35,residential,0.107,0.111,0.6247,0.222,0.3831,MODERATE
T+30min,R-631,13620896407,13619368475,8.53,residential,0.104,0.107,0.6184,0.214,0.3758,MODERATE
T+30min,R-632,13620903019,13622445031,7.81,residential,,,,,,UNKNOWN
T+30min,R-633,13620903019,13622445936,24.83,residential,,,,,,UNKNOWN
T+30min,R-634,13620903019,13622450251,38.98,residential,,,,,,UNKNOWN
T+30min,R-635,13620903026,13622450256,3.89,residential,,,,,,UNKNOWN
T+30min,R-636,13621749580,13621749581,12.68,residential,0.063,0.063,0.4614,0.126,0.2602,MODERATE
T+30min,R-637,13621749581,13621749580,12.68,residential,0.063,0.063,0.4614,0.126,0.2602,MODERATE
T+30min,R-638,13621749581,13621749583,2.65,residential,0.063,0.063,0.4614,0.126,0.2602,MODERATE
T+30min,R-639,13621749581,245668277,25.79,residential,0.067,0.071,0.4708,0.142,0.2735,MODERATE
T+30min,R-640,13621749583,13621749581,2.65,residential,0.063,0.063,0.4614,0.126,0.2602,MODERATE
T+30min,R-641,13621749583,13621749584,13.09,residential,0.063,0.063,0.4614,0.126,0.2602,MODERATE
T+30min,R-642,13621749583,13621749587,2.96,residential,0.063,0.063,0.4614,0.126,0.2602,MODERATE
T+30min,R-643,13621749584,13621749583,13.09,residential,0.063,0.063,0.4614,0.126,0.2602,MODERATE
T+30min,R-644,13621749585,13621749587,12.85,residential,0.063,0.063,0.4602,0.126,0.2597,MODERATE
T+30min,R-645,13621749587,13621749583,2.96,residential,0.063,0.063,0.4614,0.126,0.2602,MODERATE
T+30min,R-646,13621749587,13621749585,12.85,residential,0.063,0.063,0.4602,0.126,0.2597,MODERATE
T+30min,R-647,13621749587,13621749595,33.6,residential,0.063,0.063,0.456,0.126,0.258,MODERATE
T+30min,R-648,13621749595,13621749587,33.6,residential,0.063,0.063,0.456,0.126,0.258,MODERATE
T+30min,R-649,13621749595,13621749598,17.1,residential,0.071,0.071,0.4882,0.142,0.2805,MODERATE
T+30min,R-650,13621749595,13621749599,6.5,residential,0.067,0.067,0.4675,0.134,0.2674,MODERATE
T+30min,R-651,13621749598,13621749595,17.1,residential,0.071,0.071,0.4882,0.142,0.2805,MODERATE
T+30min,R-652,13621749598,13621749599,11.9,residential,0.069,0.071,0.4773,0.142,0.2761,MODERATE
T+30min,R-653,13621749598,13621749599,84.01,residential,0.074,0.081,0.5588,0.162,0.3207,MODERATE
T+30min,R-654,13621749599,13621749595,6.5,residential,0.067,0.067,0.4675,0.134,0.2674,MODERATE
T+30min,R-655,13621749599,13621749598,11.9,residential,0.069,0.071,0.4773,0.142,0.2761,MODERATE
T+30min,R-656,13621749599,13621749598,84.01,residential,0.074,0.081,0.5588,0.162,0.3207,MODERATE
T+30min,R-657,13621886865,13621886866,61.16,residential,0.081,0.084,0.6204,0.168,0.349,MODERATE
T+30min,R-658,13621886865,13621886870,28.86,tertiary,0.074,0.076,0.5773,0.152,0.3221,MODERATE
T+30min,R-659,13621886865,6428811270,42.25,tertiary,0.074,0.077,0.5405,0.154,0.3086,MODERATE
T+30min,R-660,13621886866,13621886865,61.16,residential,0.081,0.084,0.6204,0.168,0.349,MODERATE
T+30min,R-661,13621886869,13621886870,36.93,residential,0.075,0.08,0.5521,0.16,0.3168,MODERATE
T+30min,R-662,13621886870,13619318854,97.18,tertiary,0.061,0.072,0.4839,0.144,0.28,MODERATE
T+30min,R-663,13621886870,13621886865,28.86,tertiary,0.074,0.076,0.5773,0.152,0.3221,MODERATE
T+30min,R-664,13621886870,13621886869,36.93,residential,0.075,0.08,0.5521,0.16,0.3168,MODERATE
T+30min,R-665,13621901230,13621901231,7.57,tertiary_link,0.088,0.089,0.595,0.178,0.3448,MODERATE
T+30min,R-666,13621901230,6428811268,34.8,tertiary,0.093,0.096,0.6483,0.192,0.3745,MODERATE
T+30min,R-667,13621901231,12350446597,54.55,tertiary,0.077,0.087,0.5482,0.174,0.3237,MODERATE
T+30min,R-668,13621901231,13621901230,7.57,tertiary_link,0.088,0.089,0.595,0.178,0.3448,MODERATE
T+30min,R-669,13621901232,12350446596,51.38,tertiary,0.059,0.066,0.5108,0.132,0.2835,MODERATE
T+30min,R-670,13621901232,13621901233,7.31,tertiary_link,0.057,0.057,0.4708,0.114,0.2567,MODERATE
T+30min,R-671,13621901233,13621901232,7.31,tertiary_link,0.057,0.057,0.4708,0.114,0.2567,MODERATE
T+30min,R-672,13622308157,13622308160,36.75,tertiary,,,,,,UNKNOWN
T+30min,R-673,13622308160,13622308157,36.75,tertiary,,,,,,UNKNOWN
T+30min,R-674,13622308160,13622308161,36.39,residential,,,,,,UNKNOWN
T+30min,R-675,13622308160,13622308163,93.79,tertiary,,,,,,UNKNOWN
T+30min,R-676,13622308161,13622308160,36.39,residential,,,,,,UNKNOWN
T+30min,R-677,13622308163,13622308160,93.79,tertiary,,,,,,UNKNOWN
T+30min,R-678,13622308163,13622308164,43.63,residential,,,,,,UNKNOWN
T+30min,R-679,13622308163,13622308171,53.68,tertiary,0.062,0.062,0.4503,0.124,0.2545,MODERATE
T+30min,R-680,13622308164,13622308163,43.63,residential,,,,,,UNKNOWN
T+30min,R-681,13622308166,11976374939,65.09,tertiary,0.075,0.076,0.6464,0.152,0.3498,MODERATE
T+30min,R-682,13622308166,13622308171,26.02,tertiary,0.065,0.069,0.5406,0.138,0.299,MODERATE
T+30min,R-683,13622308166,13622308171,39.49,residential,0.068,0.072,0.5679,0.144,0.3136,MODERATE
T+30min,R-684,13622308171,13622308163,53.68,tertiary,0.062,0.062,0.4503,0.124,0.2545,MODERATE
T+30min,R-685,13622308171,13622308166,26.02,tertiary,0.065,0.069,0.5406,0.138,0.299,MODERATE
T+30min,R-686,13622308171,13622308166,39.49,residential,0.068,0.072,0.5679,0.144,0.3136,MODERATE
T+30min,R-687,13622393246,13622393246,87.86,residential,0.073,0.076,0.6278,0.152,0.3423,MODERATE
T+30min,R-688,13622393246,13622393246,87.86,residential,0.073,0.076,0.6278,0.152,0.3423,MODERATE
T+30min,R-689,13622393246,5911310878,29.93,residential,0.074,0.077,0.6201,0.154,0.3404,MODERATE
T+30min,R-690,13622435420,13619539391,16.31,residential,,,,,,UNKNOWN
T+30min,R-691,13622435420,13622435423,8.32,residential,,,,,,UNKNOWN
T+30min,R-692,13622435420,6489058155,52.42,residential,,,,,,UNKNOWN
T+30min,R-693,13622435423,13622435420,8.32,residential,,,,,,UNKNOWN
T+30min,R-694,13622435423,13622435424,14.06,residential,,,,,,UNKNOWN
T+30min,R-695,13622435423,13622450250,27.16,residential,,,,,,UNKNOWN
T+30min,R-696,13622435424,13622435423,14.06,residential,,,,,,UNKNOWN
T+30min,R-697,13622445020,13619678859,12.85,residential,,,,,,UNKNOWN
T+30min,R-698,13622445020,13622445031,89.79,residential,,,,,,UNKNOWN
T+30min,R-699,13622445020,245668286,9.07,residential,,,,,,UNKNOWN
T+30min,R-700,13622445031,13620903019,7.81,residential,,,,,,UNKNOWN
T+30min,R-701,13622445031,13622445020,89.79,residential,,,,,,UNKNOWN
T+30min,R-702,13622445031,13622445933,3.46,residential,,,,,,UNKNOWN
T+30min,R-703,13622445933,13622445031,3.46,residential,,,,,,UNKNOWN
T+30min,R-704,13622445933,13622445935,31.17,residential,,,,,,UNKNOWN
T+30min,R-705,13622445933,245668286,2.71,residential,,,,,,UNKNOWN
T+30min,R-706,13622445935,13622445933,31.17,residential,,,,,,UNKNOWN
T+30min,R-707,13622445936,13620903019,24.83,residential,,,,,,UNKNOWN
T+30min,R-708,13622445936,13622445937,12.05,residential,,,,,,UNKNOWN
T+30min,R-709,13622445936,6489058155,9.93,residential,,,,,,UNKNOWN
T+30min,R-710,13622445937,13622445936,12.05,residential,,,,,,UNKNOWN
T+30min,R-711,13622450250,13622435423,27.16,residential,,,,,,UNKNOWN
T+30min,R-712,13622450251,13620903019,38.98,residential,,,,,,UNKNOWN
T+30min,R-713,13622450251,13622450256,17.73,residential,,,,,,UNKNOWN
T+30min,R-714,13622450251,13622450256,49.66,residential,,,,,,UNKNOWN
T+30min,R-715,13622450256,13620903026,3.89,residential,,,,,,UNKNOWN
T+30min,R-716,13622450256,13622450251,17.73,residential,,,,,,UNKNOWN
T+30min,R-717,13622450256,13622450251,49.66,residential,,,,,,UNKNOWN
T+30min,R-718,13622492455,11046205759,2.71,residential,0.073,0.073,0.5071,0.146,0.2904,MODERATE
T+30min,R-719,13622492455,13622492455,70.2,residential,0.069,0.073,0.498,0.146,0.2868,MODERATE
T+30min,R-720,13622492455,13622492455,70.2,residential,0.069,0.073,0.498,0.146,0.2868,MODERATE
T+30min,R-721,13622492459,11046205760,27.53,residential,0.079,0.082,0.5173,0.164,0.3053,MODERATE
T+30min,R-722,13622503093,10925941300,33.46,residential,0.088,0.089,0.5826,0.178,0.3398,MODERATE
T+30min,R-723,13622503093,10925943006,9.08,residential,,,,,,UNKNOWN
T+30min,R-724,13622503093,13622531608,11.41,residential,,,,,,UNKNOWN
T+30min,R-725,13622528187,13622528188,26.61,residential,0.096,0.098,0.6352,0.196,0.3717,MODERATE
T+30min,R-726,13622528188,13619604480,6.51,residential,0.098,0.098,0.6167,0.196,0.3643,MODERATE
T+30min,R-727,13622528188,13622528187,26.61,residential,0.096,0.098,0.6352,0.196,0.3717,MODERATE
T+30min,R-728,13622528188,13622528189,15.17,residential,0.095,0.098,0.5943,0.196,0.3553,MODERATE
T+30min,R-729,13622528189,13622528188,15.17,residential,0.095,0.098,0.5943,0.196,0.3553,MODERATE
T+30min,R-730,13622528191,10925943006,15.5,residential,,,,,,UNKNOWN
T+30min,R-731,13622528191,13619604480,1.56,residential,,,,,,UNKNOWN
T+30min,R-732,13622528191,9914206292,79.32,residential,0.09,0.093,0.5598,0.186,0.3355,MODERATE
T+30min,R-733,13622531608,13622503093,11.41,residential,,,,,,UNKNOWN
T+30min,R-734,13622531608,13622531608,97.62,residential,0.082,0.087,0.5256,0.174,0.3146,MODERATE
T+30min,R-735,13622531608,13622531608,97.62,residential,0.082,0.087,0.5256,0.174,0.3146,MODERATE
T+30min,R-736,13626183249,13626183260,6.93,residential,0.133,0.134,0.7666,0.268,0.4674,MODERATE
T+30min,R-737,13626183249,245666901,29.88,tertiary,0.132,0.134,0.7441,0.268,0.4584,MODERATE
T+30min,R-738,13626183257,11047568171,126.95,residential,0.097,0.1,0.6199,0.2,0.368,MODERATE
T+30min,R-739,13626183257,13626183258,55.37,residential,0.102,0.108,0.6552,0.216,0.3917,MODERATE
T+30min,R-740,13626183257,245666901,111.52,residential,0.114,0.13,0.6372,0.26,0.4109,MODERATE
T+30min,R-741,13626183258,13626183257,55.37,residential,0.102,0.108,0.6552,0.216,0.3917,MODERATE
T+30min,R-742,13626183259,10055232024,7.16,residential,0.114,0.114,0.5725,0.228,0.3658,MODERATE
T+30min,R-743,13626183259,10055232027,90.39,residential,0.098,0.114,0.5675,0.228,0.3638,MODERATE
T+30min,R-744,13626183259,13639959261,22.54,residential,0.119,0.125,0.6494,0.25,0.4098,MODERATE
T+30min,R-745,13626183260,13626183250,4.87,residential,0.13,0.131,0.7567,0.262,0.4599,MODERATE
T+30min,R-746,13626183260,13639959261,19.36,residential,0.129,0.132,0.7436,0.264,0.4558,MODERATE
T+30min,R-747,13638081803,13638081804,73.08,residential,0.096,0.106,0.5448,0.212,0.3451,MODERATE
T+30min,R-748,13638081803,13638081811,9.23,residential,0.09,0.093,0.543,0.186,0.3288,MODERATE
T+30min,R-749,13638081803,13638081813,8.65,residential,0.085,0.086,0.5262,0.172,0.3137,MODERATE
T+30min,R-750,13638081804,13638081803,73.08,residential,0.096,0.106,0.5448,0.212,0.3451,MODERATE
T+30min,R-751,13638081805,13638081806,74.6,residential,0.113,0.124,0.6352,0.248,0.4029,MODERATE
T+30min,R-752,13638081805,13638081807,125.54,residential,0.114,0.128,0.6429,0.256,0.4108,MODERATE
T+30min,R-753,13638081805,13638081809,31.06,residential,0.096,0.098,0.5761,0.196,0.348,MODERATE
T+30min,R-754,13638081805,13638081811,19.75,residential,0.095,0.098,0.5656,0.196,0.3438,MODERATE
T+30min,R-755,13638081806,13638081805,74.6,residential,0.113,0.124,0.6352,0.248,0.4029,MODERATE
T+30min,R-756,13638081807,13638081805,125.54,residential,0.114,0.128,0.6429,0.256,0.4108,MODERATE
T+30min,R-757,13638081807,13638081817,38.09,tertiary,0.123,0.127,0.6927,0.254,0.4295,MODERATE
T+30min,R-758,13638081807,245666901,20.6,tertiary,0.129,0.13,0.7216,0.26,0.4446,MODERATE
T+30min,R-759,13638081809,13638081805,31.06,residential,0.096,0.098,0.5761,0.196,0.348,MODERATE
T+30min,R-760,13638081810,13638081811,31.39,residential,0.091,0.093,0.5543,0.186,0.3333,MODERATE
T+30min,R-761,13638081811,13638081803,9.23,residential,0.09,0.093,0.543,0.186,0.3288,MODERATE
T+30min,R-762,13638081811,13638081805,19.75,residential,0.095,0.098,0.5656,0.196,0.3438,MODERATE
T+30min,R-763,13638081811,13638081810,31.39,residential,0.091,0.093,0.5543,0.186,0.3333,MODERATE
T+30min,R-764,13638081813,13638081803,8.65,residential,0.085,0.086,0.5262,0.172,0.3137,MODERATE
T+30min,R-765,13638081816,13638081817,13.27,residential,0.115,0.118,0.5958,0.236,0.3799,MODERATE
T+30min,R-766,13638081817,13638081807,38.09,tertiary,0.123,0.127,0.6927,0.254,0.4295,MODERATE
T+30min,R-767,13638081817,13638081816,13.27,residential,0.115,0.118,0.5958,0.236,0.3799,MODERATE
T+30min,R-768,13638081817,245666881,44.87,tertiary,0.117,0.123,0.5942,0.246,0.3853,MODERATE
T+30min,R-769,13638081818,13638081819,10.0,residential,0.099,0.101,0.5449,0.202,0.3392,MODERATE
T+30min,R-770,13638081818,13638081821,40.15,residential,0.088,0.097,0.5206,0.194,0.3246,MODERATE
T+30min,R-771,13638081818,245666881,25.11,residential,0.112,0.123,0.5851,0.246,0.3816,MODERATE
T+30min,R-772,13638081819,13638081818,10.0,residential,0.099,0.101,0.5449,0.202,0.3392,MODERATE
T+30min,R-773,13638081821,13638081818,40.15,residential,0.088,0.097,0.5206,0.194,0.3246,MODERATE
T+30min,R-774,13638530342,245666351,13.01,residential,0.072,0.072,0.5428,0.144,0.3035,MODERATE
T+30min,R-775,13638535652,10696472308,64.73,residential,0.039,0.061,0.3684,0.122,0.2206,LOW
T+30min,R-776,13638535652,10696472309,3.19,residential,0.061,0.061,0.4442,0.122,0.2509,MODERATE
T+30min,R-777,13638535652,13638535654,45.47,residential,0.074,0.082,0.5112,0.164,0.3029,MODERATE
T+30min,R-778,13638535652,245666190,74.18,residential,0.066,0.069,0.5097,0.138,0.2867,MODERATE
T+30min,R-779,13638535653,13638535654,39.0,residential,0.088,0.094,0.6599,0.188,0.3768,MODERATE
T+30min,R-780,13638535654,13638535652,45.47,residential,0.074,0.082,0.5112,0.164,0.3029,MODERATE
T+30min,R-781,13638535654,13638535653,39.0,residential,0.088,0.094,0.6599,0.188,0.3768,MODERATE
T+30min,R-782,13638535654,13638535655,73.26,residential,0.076,0.082,0.5688,0.164,0.3259,MODERATE
T+30min,R-783,13638535655,13638535654,73.26,residential,0.076,0.082,0.5687,0.164,0.3259,MODERATE
T+30min,R-784,13638535655,2439333822,45.9,residential,0.079,0.08,0.5945,0.16,0.3338,MODERATE
T+30min,R-785,13638535655,245666190,46.91,residential,0.072,0.08,0.5597,0.16,0.3199,MODERATE
T+30min,R-786,13638535656,2439333822,61.17,residential,0.083,0.09,0.6048,0.18,0.3499,MODERATE
T+30min,R-787,13638535661,245666446,65.41,residential,0.077,0.081,0.5312,0.162,0.3097,MODERATE
T+30min,R-788,13638535670,10696472306,39.79,residential,0.073,0.074,0.544,0.148,0.3064,MODERATE
T+30min,R-789,13638535670,13638535674,53.61,residential,0.073,0.074,0.535,0.148,0.3028,MODERATE
T+30min,R-790,13638535670,245666446,97.55,residential,0.074,0.08,0.5421,0.16,0.3128,MODERATE
T+30min,R-791,13638535674,13638535670,53.61,residential,0.073,0.074,0.535,0.148,0.3028,MODERATE
T+30min,R-792,13638535675,10696472306,29.79,residential,0.073,0.077,0.5401,0.154,0.3084,MODERATE
T+30min,R-793,13638535675,10696472307,33.56,residential,0.057,0.069,0.4436,0.138,0.2602,MODERATE
T+30min,R-794,13638535675,13638535679,46.38,residential,0.074,0.078,0.5657,0.156,0.3199,MODERATE
T+30min,R-795,13638535679,13638535675,46.38,residential,0.074,0.078,0.5657,0.156,0.3199,MODERATE
T+30min,R-796,13638535681,10696472351,16.07,residential,0.081,0.084,0.5545,0.168,0.3226,MODERATE
T+30min,R-797,13638535681,10696472356,14.31,residential,0.085,0.088,0.5801,0.176,0.3376,MODERATE
T+30min,R-798,13638535681,13638535682,74.05,residential,0.079,0.084,0.5281,0.168,0.312,MODERATE
T+30min,R-799,13638535682,10294725029,24.64,residential,0.08,0.081,0.5114,0.162,0.3018,MODERATE
T+30min,R-800,13638535682,13638535681,74.05,residential,0.079,0.084,0.5281,0.168,0.312,MODERATE
T+30min,R-801,13638535682,13638535685,350.21,residential,0.098,0.117,0.6384,0.234,0.3958,MODERATE
T+30min,R-802,13638535682,13638546110,45.74,residential,0.088,0.095,0.5339,0.19,0.3276,MODERATE
T+30min,R-803,13638535683,10696472347,64.81,residential,0.078,0.094,0.5435,0.188,0.3302,MODERATE
T+30min,R-804,13638535683,10696472350,64.98,residential,0.058,0.061,0.4788,0.122,0.2647,MODERATE
T+30min,R-805,13638535683,13638535684,73.54,residential,0.079,0.095,0.5206,0.19,0.3222,MODERATE
T+30min,R-806,13638535684,13638535683,73.54,residential,0.079,0.095,0.5206,0.19,0.3222,MODERATE
T+30min,R-807,13638535684,13638546112,36.29,residential,0.098,0.101,0.6129,0.202,0.3664,MODERATE
T+30min,R-808,13638535684,13638546126,11.87,residential,0.095,0.097,0.5888,0.194,0.3519,MODERATE
T+30min,R-809,13638535685,10696472350,72.75,residential,0.07,0.09,0.5134,0.18,0.3134,MODERATE
T+30min,R-810,13638535685,13638535682,350.21,residential,0.098,0.117,0.6384,0.234,0.3958,MODERATE
T+30min,R-811,13638535685,13638535686,66.86,residential,0.085,0.091,0.5667,0.182,0.3359,MODERATE
T+30min,R-812,13638535685,13638546126,53.41,residential,0.094,0.096,0.6075,0.192,0.3582,MODERATE
T+30min,R-813,13638535686,10696472349,74.14,residential,0.076,0.091,0.5482,0.182,0.3285,MODERATE
T+30min,R-814,13638535686,13638535685,66.86,residential,0.085,0.091,0.5667,0.182,0.3359,MODERATE
T+30min,R-815,13638535686,245666191,66.58,residential,0.082,0.091,0.5928,0.182,0.3463,MODERATE
T+30min,R-816,13638546109,13638546109,99.63,residential,0.112,0.118,0.7383,0.236,0.4369,MODERATE
T+30min,R-817,13638546109,13638546109,99.63,residential,0.112,0.118,0.7383,0.236,0.4369,MODERATE
T+30min,R-818,13638546109,13638546110,26.52,residential,0.102,0.109,0.6353,0.218,0.3849,MODERATE
T+30min,R-819,13638546110,13638535682,45.74,residential,0.088,0.095,0.5339,0.19,0.3276,MODERATE
T+30min,R-820,13638546110,13638546109,26.52,residential,0.102,0.109,0.6353,0.218,0.3849,MODERATE
T+30min,R-821,13638546110,245666482,17.87,residential,0.098,0.099,0.6513,0.198,0.3793,MODERATE
T+30min,R-822,13638546111,13638546111,99.61,residential,0.108,0.113,0.7118,0.226,0.4203,MODERATE
T+30min,R-823,13638546111,13638546111,99.61,residential,0.108,0.113,0.7118,0.226,0.4203,MODERATE
T+30min,R-824,13638546111,13638546112,25.62,residential,0.105,0.109,0.6695,0.218,0.3986,MODERATE
T+30min,R-825,13638546112,13638535684,36.29,residential,0.098,0.101,0.6129,0.202,0.3664,MODERATE
T+30min,R-826,13638546112,13638546111,25.62,residential,0.105,0.109,0.6695,0.218,0.3986,MODERATE
T+30min,R-827,13638546112,245666482,29.08,residential,0.1,0.101,0.6974,0.202,0.4002,MODERATE
T+30min,R-828,13638546125,13638546125,94.87,residential,0.105,0.107,0.6983,0.214,0.4077,MODERATE
T+30min,R-829,13638546125,13638546125,94.87,residential,0.105,0.107,0.6983,0.214,0.4077,MODERATE
T+30min,R-830,13638546125,13638546126,27.14,residential,0.1,0.107,0.6533,0.214,0.3897,MODERATE
T+30min,R-831,13638546126,13638535684,11.87,residential,0.095,0.097,0.5882,0.194,0.3517,MODERATE
T+30min,R-832,13638546126,13638535685,53.41,residential,0.094,0.096,0.6075,0.192,0.3582,MODERATE
T+30min,R-833,13638546126,13638546125,27.14,residential,0.1,0.107,0.6533,0.214,0.3897,MODERATE
T+30min,R-834,13639959260,13626183249,18.8,tertiary,0.132,0.134,0.7499,0.268,0.4608,MODERATE
T+30min,R-835,13639959260,13639959261,7.09,residential,0.127,0.128,0.7098,0.256,0.4375,MODERATE
T+30min,R-836,13639959261,13626183259,22.54,residential,0.119,0.125,0.6494,0.25,0.4098,MODERATE
T+30min,R-837,13639959261,13626183260,19.36,residential,0.129,0.132,0.7436,0.264,0.4558,MODERATE
T+30min,R-838,13639959261,13639959260,7.09,residential,0.127,0.128,0.7098,0.256,0.4375,MODERATE
T+30min,R-839,1375215100,1375215119,153.45,residential,0.093,0.098,0.635,0.196,0.3716,MODERATE
T+30min,R-840,1375215100,14104987804,39.68,residential,0.095,0.099,0.6028,0.198,0.3599,MODERATE
T+30min,R-841,1375215100,2244637027,35.49,residential,0.083,0.089,0.5616,0.178,0.3314,MODERATE
T+30min,R-842,1375215119,1375215100,153.45,residential,0.093,0.098,0.635,0.196,0.3716,MODERATE
T+30min,R-843,1375215119,245668000,42.9,tertiary,0.092,0.097,0.597,0.194,0.3552,MODERATE
T+30min,R-844,1375215119,7404711455,95.82,tertiary,0.07,0.086,0.5203,0.172,0.3113,MODERATE
T+30min,R-845,1375251567,245668185,40.24,residential,0.061,0.064,0.4768,0.128,0.2675,MODERATE
T+30min,R-846,1375251567,245668277,150.21,tertiary,0.063,0.071,0.4932,0.142,0.2825,MODERATE
T+30min,R-847,1375251567,5911310869,430.52,tertiary,0.065,0.08,0.5225,0.16,0.305,MODERATE
T+30min,R-848,13798210715,13798210737,8.15,residential,0.131,0.136,0.7713,0.272,0.4717,MODERATE
T+30min,R-849,13798210715,6926279721,49.99,trunk,0.138,0.142,0.7525,0.284,0.4714,MODERATE
T+30min,R-850,13798210723,6926279717,56.29,residential,0.074,0.076,0.4846,0.152,0.285,MODERATE
T+30min,R-851,13798210725,13798210735,31.96,residential,0.086,0.091,0.5179,0.182,0.3164,MODERATE
T+30min,R-852,13798210725,6926279716,26.82,residential,0.107,0.124,0.6573,0.248,0.4117,MODERATE
T+30min,R-853,13798210725,6926279717,28.31,residential,0.084,0.091,0.5112,0.182,0.3137,MODERATE
T+30min,R-854,13798210730,6926279716,56.49,residential,0.129,0.144,0.7294,0.288,0.4646,MODERATE
T+30min,R-855,13798210735,13798210725,31.96,residential,0.086,0.091,0.5179,0.182,0.3164,MODERATE
T+30min,R-856,13798210735,13798210737,155.84,residential,0.1,0.125,0.6139,0.25,0.3956,MODERATE
T+30min,R-857,13798210735,6926279717,15.95,residential,0.079,0.082,0.5112,0.164,0.3029,MODERATE
T+30min,R-858,13798210737,13798210715,8.15,residential,0.131,0.136,0.7713,0.272,0.4717,MODERATE
T+30min,R-859,13798210737,13798210735,155.84,residential,0.1,0.125,0.6139,0.25,0.3956,MODERATE
T+30min,R-860,13798210737,13798210738,51.18,residential,0.137,0.145,0.7676,0.29,0.481,MODERATE
T+30min,R-861,13798210738,13798210737,51.18,residential,0.137,0.145,0.7676,0.29,0.481,MODERATE
T+30min,R-862,13798210738,6926279716,18.95,residential,0.138,0.145,0.7615,0.29,0.4786,MODERATE
T+30min,R-863,13798210738,6926279721,8.99,residential,0.143,0.145,0.7563,0.29,0.4765,MODERATE
T+30min,R-864,13798244194,10245790327,10.55,residential,0.063,0.066,0.4792,0.132,0.2709,MODERATE
T+30min,R-865,13798244194,13798244195,31.94,residential,0.064,0.066,0.4718,0.132,0.2679,MODERATE
T+30min,R-866,13798244195,13798244194,31.94,residential,0.064,0.066,0.4718,0.132,0.2679,MODERATE
T+30min,R-867,13798244195,13798244196,156.29,residential,0.085,0.098,0.635,0.196,0.3716,MODERATE
T+30min,R-868,13798244196,13798244194,27.04,residential,0.074,0.082,0.5552,0.164,0.3205,MODERATE
T+30min,R-869,13798244196,13798244197,24.98,residential,0.078,0.082,0.5807,0.164,0.3307,MODERATE
T+30min,R-870,13798244197,13798244196,24.98,residential,0.078,0.082,0.5801,0.164,0.3304,MODERATE
T+30min,R-871,13798296276,13798296277,6.17,residential,0.071,0.071,0.5137,0.142,0.2907,MODERATE
T+30min,R-872,13798296276,13798296286,48.23,trunk,0.065,0.071,0.4876,0.142,0.2802,MODERATE
T+30min,R-873,13798296277,13798296276,6.17,residential,0.071,0.071,0.5137,0.142,0.2907,MODERATE
T+30min,R-874,13798296277,13798296287,13.51,residential,0.072,0.073,0.5095,0.146,0.2914,MODERATE
T+30min,R-875,13798296277,13798296297,19.63,residential,0.077,0.083,0.5375,0.166,0.3146,MODERATE
T+30min,R-876,13798296286,10245790327,5.22,trunk,0.062,0.063,0.482,0.126,0.2684,MODERATE
T+30min,R-877,13798296286,13798296288,7.22,residential,0.063,0.063,0.479,0.126,0.2672,MODERATE
T+30min,R-878,13798296287,13798296277,13.51,residential,0.072,0.073,0.5095,0.146,0.2914,MODERATE
T+30min,R-879,13798296288,13798296286,7.22,residential,0.063,0.063,0.479,0.126,0.2672,MODERATE
T+30min,R-880,13798296288,13798296289,87.25,residential,0.086,0.099,0.6345,0.198,0.3726,MODERATE
T+30min,R-881,13798296288,13815611429,23.66,residential,0.067,0.071,0.4794,0.142,0.277,MODERATE
T+30min,R-882,13798296289,13798296288,87.25,residential,0.086,0.099,0.6345,0.198,0.3726,MODERATE
T+30min,R-883,13798296289,13798296297,14.44,residential,0.089,0.095,0.5986,0.19,0.3534,MODERATE
T+30min,R-884,13798296289,13798296297,63.43,residential,0.085,0.095,0.5842,0.19,0.3477,MODERATE
T+30min,R-885,13798296297,13798296277,19.63,residential,0.077,0.083,0.5375,0.166,0.3146,MODERATE
T+30min,R-886,13798296297,13798296289,14.44,residential,0.089,0.095,0.5986,0.19,0.3534,MODERATE
T+30min,R-887,13798296297,13798296289,63.43,residential,0.085,0.095,0.5842,0.19,0.3477,MODERATE
T+30min,R-888,13815611429,13798296288,23.66,residential,0.067,0.071,0.4795,0.142,0.277,MODERATE
T+30min,R-889,14090541020,10279771623,45.09,primary,0.104,0.104,0.5865,0.208,0.3594,MODERATE
T+30min,R-890,14104987804,1375215100,39.68,residential,0.095,0.099,0.6028,0.198,0.3599,MODERATE
T+30min,R-891,14104987804,245667863,4.84,residential,0.098,0.099,0.598,0.198,0.358,MODERATE
T+30min,R-892,14104987804,2897024862,300.37,secondary,0.055,0.1,0.4572,0.2,0.3029,MODERATE
T+30min,R-893,14104987809,2244637021,74.16,residential,0.079,0.087,0.5536,0.174,0.3258,MODERATE
T+30min,R-894,14130497014,14130497015,20.82,residential,,,,,,UNKNOWN
T+30min,R-895,14130497014,245668208,194.59,residential,,,,,,UNKNOWN
T+30min,R-896,14130497014,9684698224,20.89,residential,,,,,,UNKNOWN
T+30min,R-897,14130497015,14130497014,20.82,residential,,,,,,UNKNOWN
T+30min,R-898,14130497022,9684698224,12.76,residential,,,,,,UNKNOWN
T+30min,R-899,1934627523,245667676,129.94,residential,0.077,0.092,0.6147,0.184,0.3563,MODERATE
T+30min,R-900,1934627523,245667685,78.23,residential,0.055,0.063,0.4226,0.126,0.2446,LOW
T+30min,R-901,1934627523,6490872923,21.5,residential,0.051,0.061,0.4078,0.122,0.2363,LOW
T+30min,R-902,2244637004,13614452347,193.91,trunk,0.086,0.105,0.6101,0.21,0.37,MODERATE
T+30min,R-903,2244637004,2244637007,89.18,residential,0.068,0.084,0.5133,0.168,0.3061,MODERATE
T+30min,R-904,2244637004,245667542,25.01,residential,0.083,0.084,0.6216,0.168,0.3494,MODERATE
T+30min,R-905,2244637007,13408237102,132.8,residential,0.055,0.077,0.469,0.154,0.28,MODERATE
T+30min,R-906,2244637007,2244637004,89.18,residential,0.068,0.084,0.5138,0.168,0.3063,MODERATE
T+30min,R-907,2244637007,245667730,204.59,residential,0.027,0.053,0.3229,0.106,0.1928,LOW
T+30min,R-908,2244637012,11054646813,57.63,residential,0.068,0.087,0.4587,0.174,0.2879,MODERATE
T+30min,R-909,2244637012,6491091371,66.53,residential,0.084,0.091,0.5268,0.182,0.3199,MODERATE
T+30min,R-910,2244637012,6491091372,66.0,residential,0.072,0.087,0.4838,0.174,0.2979,MODERATE
T+30min,R-911,2244637013,245667730,33.76,residential,0.06,0.066,0.4897,0.132,0.2751,MODERATE
T+30min,R-912,2244637013,245667764,7.33,residential,0.066,0.066,0.502,0.132,0.28,MODERATE
T+30min,R-913,2244637013,6554271024,71.18,residential,0.062,0.066,0.4944,0.132,0.277,MODERATE
T+30min,R-914,2244637021,14104987809,74.16,residential,0.079,0.087,0.5536,0.174,0.3258,MODERATE
T+30min,R-915,2244637021,2244637027,74.94,residential,0.079,0.082,0.5637,0.164,0.3239,MODERATE
T+30min,R-916,2244637021,245667764,103.45,residential,0.075,0.079,0.554,0.158,0.3164,MODERATE
T+30min,R-917,2244637021,6554271024,67.22,residential,0.071,0.077,0.5444,0.154,0.3102,MODERATE
T+30min,R-918,2244637026,2244637067,191.26,residential,0.09,0.125,0.5572,0.25,0.3729,MODERATE
T+30min,R-919,2244637026,4342420383,43.76,residential,0.054,0.071,0.4286,0.142,0.2566,MODERATE
T+30min,R-920,2244637026,6554206834,113.08,residential,0.064,0.075,0.4986,0.15,0.2894,MODERATE
T+30min,R-921,2244637027,1375215100,35.49,residential,0.083,0.089,0.5616,0.178,0.3314,MODERATE
T+30min,R-922,2244637027,2244637021,74.94,residential,0.079,0.082,0.5637,0.164,0.3239,MODERATE
T+30min,R-923,2244637027,6490968308,168.17,residential,0.087,0.101,0.6348,0.202,0.3751,MODERATE
T+30min,R-924,2244637034,2244637056,315.81,residential,0.073,0.101,0.5099,0.202,0.3252,MODERATE
T+30min,R-925,2244637034,4342420383,83.76,residential,0.083,0.09,0.5691,0.18,0.3356,MODERATE
T+30min,R-926,2244637034,4342420490,83.59,residential,0.097,0.108,0.6361,0.216,0.384,MODERATE
T+30min,R-927,2244637056,11054673420,46.64,residential,,,,,,UNKNOWN
T+30min,R-928,2244637056,2244637034,315.81,residential,0.073,0.101,0.5099,0.202,0.3252,MODERATE
T+30min,R-929,2244637056,622060872,101.59,residential,,,,,,UNKNOWN
T+30min,R-930,2244637067,2244637026,191.26,residential,0.09,0.125,0.5572,0.25,0.3729,MODERATE
T+30min,R-931,2244637067,6554236440,32.92,tertiary,0.085,0.095,0.5162,0.19,0.3205,MODERATE
T+30min,R-932,2244637067,6554236441,210.33,tertiary,0.108,0.12,0.5924,0.24,0.381,MODERATE
T+30min,R-933,2244637068,10923690293,48.3,residential,,,,,,UNKNOWN
T+30min,R-934,2244637068,245668029,141.2,residential,,,,,,UNKNOWN
T+30min,R-935,2244637068,622060802,19.11,residential,,,,,,UNKNOWN
T+30min,R-936,2244797470,2804520131,226.51,residential,0.081,0.108,0.557,0.216,0.3524,MODERATE
T+30min,R-937,2244797686,10925931739,51.06,residential,0.091,0.104,0.5478,0.208,0.3439,MODERATE
T+30min,R-938,2244797686,11046194845,23.64,residential,0.108,0.112,0.6192,0.224,0.3821,MODERATE
T+30min,R-939,2244797686,13601073293,20.6,residential,0.108,0.113,0.6713,0.226,0.4041,MODERATE
T+30min,R-940,2244797706,13619539396,35.28,residential,,,,,,UNKNOWN
T+30min,R-941,2244797706,13619570121,14.73,residential,,,,,,UNKNOWN
T+30min,R-942,2244797706,245668374,37.97,residential,,,,,,UNKNOWN
T+30min,R-943,2439333822,10696472349,119.0,residential,0.079,0.084,0.5907,0.168,0.3371,MODERATE
T+30min,R-944,2439333822,13638535655,45.9,residential,0.079,0.08,0.5945,0.16,0.3338,MODERATE
T+30min,R-945,2439333822,13638535656,61.17,residential,0.083,0.09,0.6048,0.18,0.3499,MODERATE
T+30min,R-946,245665874,3641869342,23.74,tertiary,0.066,0.068,0.466,0.136,0.268,MODERATE
T+30min,R-947,245665874,6428811261,15.69,tertiary,0.066,0.069,0.4602,0.138,0.2669,MODERATE
T+30min,R-948,245665910,10653501374,119.23,residential,0.085,0.096,0.6197,0.192,0.3631,MODERATE
T+30min,R-949,245665910,13617092840,6.78,tertiary,0.093,0.094,0.6266,0.188,0.3634,MODERATE
T+30min,R-950,245666041,245666337,213.16,tertiary,,,,,,UNKNOWN
T+30min,R-951,245666041,2897024596,11.16,tertiary,,,,,,UNKNOWN
T+30min,R-952,245666077,10091403659,64.63,tertiary,0.064,0.073,0.5223,0.146,0.2965,MODERATE
T+30min,R-953,245666077,13617067002,5.65,tertiary_link,0.072,0.073,0.5326,0.146,0.3006,MODERATE
T+30min,R-954,245666078,245666041,109.96,tertiary,0.072,0.076,0.5458,0.152,0.3095,MODERATE
T+30min,R-955,245666078,2897024594,8.02,tertiary,0.064,0.065,0.4945,0.13,0.2758,MODERATE
T+30min,R-956,245666141,2897024627,11.81,tertiary,0.061,0.063,0.4855,0.126,0.2698,MODERATE
T+30min,R-957,245666141,9469495782,392.7,secondary,0.069,0.082,0.5788,0.164,0.3299,MODERATE
T+30min,R-958,245666158,13619318853,9.0,tertiary,0.057,0.059,0.4593,0.118,0.2545,MODERATE
T+30min,R-959,245666158,13619318866,23.09,tertiary,0.065,0.072,0.466,0.144,0.2728,MODERATE
T+30min,R-960,245666190,10696472349,28.07,residential,0.066,0.068,0.488,0.136,0.2768,MODERATE
T+30min,R-961,245666190,13638535652,74.18,residential,0.066,0.069,0.5097,0.138,0.2867,MODERATE
T+30min,R-962,245666190,13638535655,46.91,residential,0.072,0.08,0.5597,0.16,0.3199,MODERATE
T+30min,R-963,245666190,245666260,65.45,residential,0.057,0.067,0.4774,0.134,0.2714,MODERATE
T+30min,R-964,245666191,13619318852,13.1,residential,0.069,0.071,0.4765,0.142,0.2758,MODERATE
T+30min,R-965,245666191,13619318854,61.43,residential,0.058,0.067,0.4603,0.134,0.2645,MODERATE
T+30min,R-966,245666191,13638535686,66.58,residential,0.082,0.091,0.5928,0.182,0.3463,MODERATE
T+30min,R-967,245666192,10091403664,6.21,residential,0.099,0.099,0.768,0.198,0.426,MODERATE
T+30min,R-968,245666192,13614337239,132.84,residential,0.083,0.099,0.6408,0.198,0.3751,MODERATE
T+30min,R-969,245666192,245666077,122.53,tertiary,0.087,0.099,0.7018,0.198,0.3995,MODERATE
T+30min,R-970,245666260,10696472308,71.83,residential,0.046,0.051,0.4326,0.102,0.2342,LOW
T+30min,R-971,245666260,10696472350,30.74,residential,0.053,0.055,0.4788,0.11,0.2575,MODERATE
T+30min,R-972,245666260,245666190,65.45,residential,0.057,0.067,0.4774,0.134,0.2714,MODERATE
T+30min,R-973,245666260,245666323,46.8,residential,0.055,0.057,0.4696,0.114,0.2562,MODERATE
T+30min,R-974,245666274,10292442915,11.26,secondary,0.034,0.036,0.4062,0.072,0.2057,LOW
T+30min,R-975,245666274,12409410388,80.29,secondary,0.037,0.04,0.4431,0.08,0.2252,LOW
T+30min,R-976,245666323,10696472307,69.45,residential,0.057,0.063,0.4726,0.126,0.2646,MODERATE
T+30min,R-977,245666323,245666260,46.8,residential,0.055,0.057,0.4696,0.114,0.2562,MODERATE
T+30min,R-978,245666323,245666367,64.51,residential,0.069,0.081,0.5129,0.162,0.3024,MODERATE
T+30min,R-979,245666337,245666041,213.16,tertiary,,,,,,UNKNOWN
T+30min,R-980,245666351,10653501375,155.72,residential,0.056,0.074,0.4554,0.148,0.271,MODERATE
T+30min,R-981,245666351,13638530342,13.01,residential,0.072,0.072,0.5428,0.144,0.3035,MODERATE
T+30min,R-982,245666351,245666385,23.02,residential,0.074,0.076,0.5563,0.152,0.3137,MODERATE
T+30min,R-983,245666367,10696472306,71.59,residential,0.079,0.083,0.61,0.166,0.3436,MODERATE
T+30min,R-984,245666367,245666323,64.51,residential,0.069,0.081,0.5129,0.162,0.3024,MODERATE
T+30min,R-985,245666367,245666446,67.69,residential,0.083,0.087,0.598,0.174,0.3436,MODERATE
T+30min,R-986,245666370,13617040697,6.68,tertiary_link,0.089,0.092,0.5431,0.184,0.3276,MODERATE
T+30min,R-987,245666370,3803643818,26.19,tertiary,0.09,0.092,0.5481,0.184,0.3296,MODERATE
T+30min,R-988,245666371,245666141,219.36,tertiary,0.058,0.063,0.5323,0.126,0.2885,MODERATE
T+30min,R-989,245666371,2897024642,10.98,tertiary,0.053,0.053,0.4643,0.106,0.2493,LOW
T+30min,R-990,245666385,245666351,23.02,residential,0.074,0.076,0.5563,0.152,0.3137,MODERATE
T+30min,R-991,245666386,245666830,107.91,tertiary,0.05,0.054,0.5195,0.108,0.2726,MODERATE
T+30min,R-992,245666386,2897024660,251.12,tertiary,0.068,0.09,0.6289,0.18,0.3596,MODERATE
T+30min,R-993,245666386,6554384670,83.86,tertiary,0.041,0.052,0.4156,0.104,0.2286,LOW
T+30min,R-994,245666426,12311766936,10.15,tertiary,0.065,0.069,0.5544,0.138,0.3046,MODERATE
T+30min,R-995,245666446,10696472356,29.73,residential,0.085,0.088,0.5907,0.176,0.3419,MODERATE
T+30min,R-996,245666446,13638535661,65.41,residential,0.077,0.081,0.5312,0.162,0.3097,MODERATE
T+30min,R-997,245666446,13638535670,97.55,residential,0.074,0.08,0.5421,0.16,0.3128,MODERATE
T+30min,R-998,245666446,245666367,67.69,residential,0.083,0.087,0.598,0.174,0.3436,MODERATE
T+30min,R-999,245666448,476480258,333.56,tertiary,0.042,0.067,0.483,0.134,0.2736,MODERATE
T+30min,R-1000,245666448,476480287,301.33,secondary,0.042,0.06,0.517,0.12,0.2788,MODERATE
T+30min,R-1001,245666482,10696472347,74.32,residential,0.097,0.1,0.7583,0.2,0.4233,MODERATE
T+30min,R-1002,245666482,13638546110,17.87,residential,0.098,0.099,0.6513,0.198,0.3793,MODERATE
T+30min,R-1003,245666482,13638546112,29.08,residential,0.1,0.101,0.6974,0.202,0.4002,MODERATE
T+30min,R-1004,245666579,12350391112,182.63,tertiary,0.085,0.113,0.5476,0.226,0.3546,MODERATE
T+30min,R-1005,245666579,12350425034,7.73,residential,0.111,0.111,0.5978,0.222,0.3723,MODERATE
T+30min,R-1006,245666579,245666651,97.11,residential,0.114,0.118,0.6776,0.236,0.4126,MODERATE
T+30min,R-1007,245666651,245666579,97.11,residential,0.114,0.118,0.6776,0.236,0.4126,MODERATE
T+30min,R-1008,245666651,245666881,141.24,residential,0.121,0.135,0.6601,0.27,0.426,MODERATE
T+30min,R-1009,245666651,8443491310,77.22,residential,0.091,0.099,0.5504,0.198,0.339,MODERATE
T+30min,R-1010,245666801,10724781030,7.12,tertiary,0.119,0.12,0.8067,0.24,0.4667,MODERATE
T+30min,R-1011,245666801,13620657537,134.61,residential,0.114,0.12,0.8174,0.24,0.471,MODERATE
T+30min,R-1012,245666801,7372035744,85.2,tertiary,0.114,0.124,0.8049,0.248,0.4708,MODERATE
T+30min,R-1013,245666830,245666386,107.91,tertiary,0.05,0.054,0.5195,0.108,0.2726,MODERATE
T+30min,R-1014,245666830,245666882,247.89,tertiary,0.054,0.071,0.4997,0.142,0.2851,MODERATE
T+30min,R-1015,245666830,2897024695,7.98,tertiary,0.051,0.052,0.4982,0.104,0.2617,MODERATE
T+30min,R-1016,245666831,245666830,175.07,tertiary,0.042,0.052,0.4791,0.104,0.254,MODERATE
T+30min,R-1017,245666831,2897024683,8.09,unclassified,0.036,0.037,0.4362,0.074,0.2189,LOW
T+30min,R-1018,245666881,13638081817,44.87,tertiary,0.117,0.123,0.5942,0.246,0.3853,MODERATE
T+30min,R-1019,245666881,13638081818,25.11,residential,0.112,0.123,0.5851,0.246,0.3816,MODERATE
T+30min,R-1020,245666881,245666651,141.24,residential,0.121,0.135,0.6601,0.27,0.426,MODERATE
T+30min,R-1021,245666882,2897024660,92.96,tertiary,0.063,0.07,0.4922,0.14,0.2809,MODERATE
T+30min,R-1022,245666882,2897024710,8.15,tertiary,0.063,0.063,0.5006,0.126,0.2758,MODERATE
T+30min,R-1023,245666882,2897024713,60.67,tertiary,0.056,0.063,0.483,0.126,0.2688,MODERATE
T+30min,R-1024,245666901,13616287392,72.28,tertiary,0.131,0.137,0.7323,0.274,0.4573,MODERATE
T+30min,R-1025,245666901,13626183257,111.52,residential,0.114,0.13,0.6373,0.26,0.4109,MODERATE
T+30min,R-1026,245666901,13638081807,20.6,tertiary,0.129,0.13,0.7216,0.26,0.4446,MODERATE
T+30min,R-1027,245666901,245667237,238.41,residential,0.112,0.133,0.6067,0.266,0.4023,MODERATE
T+30min,R-1028,245666966,10279771631,47.09,secondary,0.044,0.05,0.4091,0.1,0.2236,LOW
T+30min,R-1029,245666966,2897024737,8.19,primary,0.041,0.041,0.3925,0.082,0.2062,LOW
T+30min,R-1030,245667237,245666901,238.41,residential,0.112,0.133,0.6067,0.266,0.4023,MODERATE
T+30min,R-1031,245667361,245667423,226.08,trunk,0.045,0.07,0.4103,0.14,0.2481,LOW
T+30min,R-1032,245667361,245667468,151.02,residential,0.02,0.07,0.2609,0.14,0.1884,LOW
T+30min,R-1033,245667423,13798296276,46.96,trunk,0.065,0.071,0.4931,0.142,0.2824,MODERATE
T+30min,R-1034,245667423,2804481652,36.04,residential,0.058,0.06,0.4946,0.12,0.2698,MODERATE
T+30min,R-1035,245667423,622060792,187.57,residential,0.065,0.081,0.5076,0.162,0.3002,MODERATE
T+30min,R-1036,245667468,12378368426,17.87,residential,0.003,0.003,0.1798,0.006,0.0755,LOW
T+30min,R-1037,245667468,13618292019,4.23,residential,0.002,0.003,0.1804,0.006,0.0758,LOW
T+30min,R-1038,245667468,245667361,151.02,residential,0.02,0.07,0.261,0.14,0.1884,LOW
T+30min,R-1039,245667542,10265662175,84.99,trunk,0.081,0.084,0.6449,0.168,0.3588,MODERATE
T+30min,R-1040,245667542,2244637004,25.01,residential,0.083,0.084,0.6216,0.168,0.3494,MODERATE
T+30min,R-1041,245667676,1934627523,129.94,residential,0.077,0.092,0.6147,0.184,0.3563,MODERATE
T+30min,R-1042,245667676,245667730,74.15,residential,0.054,0.061,0.4148,0.122,0.2391,LOW
T+30min,R-1043,245667676,245667764,98.77,residential,0.078,0.095,0.5775,0.19,0.345,MODERATE
T+30min,R-1044,245667685,1934627523,78.23,residential,0.055,0.063,0.4226,0.126,0.2446,LOW
T+30min,R-1045,245667685,623895377,201.78,residential,0.048,0.069,0.4526,0.138,0.2638,MODERATE
T+30min,R-1046,245667685,6428793085,38.34,residential,0.053,0.064,0.4701,0.128,0.2648,MODERATE
T+30min,R-1047,245667730,2244637007,204.59,residential,0.027,0.053,0.3229,0.106,0.1928,LOW
T+30min,R-1048,245667730,2244637013,33.76,residential,0.06,0.066,0.4897,0.132,0.2751,MODERATE
T+30min,R-1049,245667730,245667676,74.15,residential,0.054,0.061,0.4148,0.122,0.2391,LOW
T+30min,R-1050,245667764,2244637013,7.33,residential,0.066,0.066,0.502,0.132,0.28,MODERATE
T+30min,R-1051,245667764,2244637021,103.45,residential,0.075,0.079,0.554,0.158,0.3164,MODERATE
T+30min,R-1052,245667764,245667676,98.77,residential,0.078,0.095,0.5775,0.19,0.345,MODERATE
T+30min,R-1053,245667803,245667757,255.38,trunk,0.076,0.089,0.5713,0.178,0.3353,MODERATE
T+30min,R-1054,245667803,5911310869,13.75,tertiary,0.079,0.08,0.5789,0.16,0.3276,MODERATE
T+30min,R-1055,245667863,13619400539,98.56,secondary,0.096,0.1,0.5998,0.2,0.3599,MODERATE
T+30min,R-1056,245667863,14104987804,4.84,residential,0.098,0.099,0.598,0.198,0.358,MODERATE
T+30min,R-1057,245667863,245667933,47.83,residential,0.096,0.1,0.6468,0.2,0.3787,MODERATE
T+30min,R-1058,245667933,10925931781,125.58,residential,0.082,0.096,0.5604,0.192,0.3394,MODERATE
T+30min,R-1059,245667933,245667863,47.83,residential,0.096,0.1,0.6468,0.2,0.3787,MODERATE
T+30min,R-1060,245667933,245668038,114.17,residential,0.067,0.091,0.5464,0.182,0.3278,MODERATE
T+30min,R-1061,245667933,6490861784,77.54,residential,0.083,0.094,0.5677,0.188,0.3399,MODERATE
T+30min,R-1062,245667958,245668141,125.66,residential,0.06,0.067,0.4961,0.134,0.2788,MODERATE
T+30min,R-1063,245667960,622060872,43.75,residential,,,,,,UNKNOWN
T+30min,R-1064,245668000,1375215119,42.9,tertiary,0.092,0.097,0.597,0.194,0.3552,MODERATE
T+30min,R-1065,245668000,245668015,6.76,tertiary,0.098,0.099,0.6345,0.198,0.3726,MODERATE
T+30min,R-1066,245668000,4342420553,69.13,residential,0.089,0.097,0.5755,0.194,0.3466,MODERATE
T+30min,R-1067,245668015,14104987804,130.23,secondary,0.097,0.1,0.6197,0.2,0.3679,MODERATE
T+30min,R-1068,245668015,245668000,6.76,tertiary,0.098,0.099,0.6345,0.198,0.3726,MODERATE
T+30min,R-1069,245668015,7404711447,9.51,secondary,0.099,0.1,0.6627,0.2,0.3851,MODERATE
T+30min,R-1070,245668029,2244637068,141.2,residential,,,,,,UNKNOWN
T+30min,R-1071,245668029,623895533,58.72,tertiary,,,,,,UNKNOWN
T+30min,R-1072,245668029,6554236441,12.21,tertiary,,,,,,UNKNOWN
T+30min,R-1073,245668038,245667933,114.17,residential,0.067,0.091,0.5464,0.182,0.3278,MODERATE
T+30min,R-1074,245668038,4342420515,64.09,residential,0.053,0.075,0.4368,0.15,0.2647,MODERATE
T+30min,R-1075,245668038,7404711443,19.69,residential,0.051,0.056,0.4613,0.112,0.2517,MODERATE
T+30min,R-1076,245668039,10925931781,8.27,secondary,0.097,0.099,0.6739,0.198,0.3884,MODERATE
T+30min,R-1077,245668039,7404711447,18.91,secondary,0.099,0.1,0.6946,0.2,0.3978,MODERATE
T+30min,R-1078,245668141,245667958,125.66,residential,0.06,0.067,0.4961,0.134,0.2788,MODERATE
T+30min,R-1079,245668141,245668208,104.5,residential,,,,,,UNKNOWN
T+30min,R-1080,245668141,7404711443,156.42,residential,0.049,0.056,0.4503,0.112,0.2473,LOW
T+30min,R-1081,245668185,1375251567,40.24,residential,0.061,0.064,0.4768,0.128,0.2675,MODERATE
T+30min,R-1082,245668197,13619403785,22.99,residential,,,,,,UNKNOWN
T+30min,R-1083,245668197,13619403788,28.94,residential,,,,,,UNKNOWN
T+30min,R-1084,245668197,622039360,19.56,residential,,,,,,UNKNOWN
T+30min,R-1085,245668208,13617280082,44.67,residential,,,,,,UNKNOWN
T+30min,R-1086,245668208,14130497014,194.59,residential,,,,,,UNKNOWN
T+30min,R-1087,245668208,245668141,104.5,residential,,,,,,UNKNOWN
T+30min,R-1088,245668226,4342420553,194.56,residential,,,,,,UNKNOWN
T+30min,R-1089,245668277,13619239367,186.93,tertiary,0.071,0.071,0.4876,0.142,0.2802,MODERATE
T+30min,R-1090,245668277,13621749581,25.79,residential,0.067,0.071,0.4708,0.142,0.2735,MODERATE
T+30min,R-1091,245668277,1375251567,150.21,tertiary,0.063,0.071,0.4932,0.142,0.2825,MODERATE
T+30min,R-1092,245668286,13619403787,71.42,residential,,,,,,UNKNOWN
T+30min,R-1093,245668286,13622445020,9.07,residential,,,,,,UNKNOWN
T+30min,R-1094,245668286,13622445933,2.71,residential,,,,,,UNKNOWN
T+30min,R-1095,245668324,13619239369,14.91,residential,,,,,,UNKNOWN
T+30min,R-1096,245668324,13619243545,58.86,residential,,,,,,UNKNOWN
T+30min,R-1097,245668324,13619403788,104.46,residential,,,,,,UNKNOWN
T+30min,R-1098,245668373,9445072347,17.59,residential,,,,,,UNKNOWN
T+30min,R-1099,245668374,13619500839,8.05,residential,,,,,,UNKNOWN
T+30min,R-1100,245668374,13619500841,60.13,residential,,,,,,UNKNOWN
T+30min,R-1101,245668374,2244797706,37.97,residential,,,,,,UNKNOWN
T+30min,R-1102,245668449,9684698224,16.58,residential,,,,,,UNKNOWN
T+30min,R-1103,2804481652,12334925193,362.75,trunk,0.06,0.092,0.4772,0.184,0.3013,MODERATE
T+30min,R-1104,2804481652,245667423,36.04,residential,0.058,0.06,0.4946,0.12,0.2698,MODERATE
T+30min,R-1105,2804481652,6926279722,104.56,residential,0.069,0.08,0.569,0.16,0.3236,MODERATE
T+30min,R-1106,2804520131,2244797470,226.51,residential,0.081,0.108,0.557,0.216,0.3524,MODERATE
T+30min,R-1107,2804520131,5470238123,64.33,trunk,0.095,0.1,0.6686,0.2,0.3874,MODERATE
T+30min,R-1108,2897022098,2897024519,92.09,primary_link,0.043,0.051,0.4687,0.102,0.2487,LOW
T+30min,R-1109,2897022098,296857831,61.85,secondary,0.04,0.044,0.4521,0.088,0.2336,LOW
T+30min,R-1110,2897024501,2897024596,235.36,tertiary,0.075,0.091,0.5773,0.182,0.3401,MODERATE
T+30min,R-1111,2897024506,2897022099,22.66,secondary,0.035,0.036,0.4026,0.072,0.2042,LOW
T+30min,R-1112,2897024517,2897024636,404.85,tertiary,0.053,0.071,0.4991,0.142,0.2848,MODERATE
T+30min,R-1113,2897024517,476489029,11.98,unclassified,0.045,0.046,0.4595,0.092,0.239,LOW
T+30min,R-1114,2897024519,476465252,53.37,primary,0.053,0.055,0.4909,0.11,0.2624,MODERATE
T+30min,R-1115,2897024523,2897024506,45.51,secondary,0.038,0.042,0.434,0.084,0.224,LOW
T+30min,R-1116,2897024523,296857831,7.92,primary,0.043,0.044,0.4444,0.088,0.2306,LOW
T+30min,R-1117,2897024540,2897024506,59.55,primary_link,0.037,0.04,0.4233,0.08,0.2173,LOW
T+30min,R-1118,2897024540,2897024523,36.76,primary,0.041,0.042,0.4277,0.084,0.2215,LOW
T+30min,R-1119,2897024594,476489029,208.98,tertiary,0.061,0.073,0.5571,0.146,0.3104,MODERATE
T+30min,R-1120,2897024595,2897024597,9.02,secondary,0.023,0.025,0.3409,0.05,0.1664,LOW
T+30min,R-1121,2897024595,476480400,221.79,tertiary,0.027,0.031,0.3975,0.062,0.1962,LOW
T+30min,R-1122,2897024596,245666041,11.16,tertiary,,,,,,UNKNOWN
T+30min,R-1123,2897024596,2897024501,235.36,tertiary,0.075,0.091,0.5773,0.182,0.3401,MODERATE
T+30min,R-1124,2897024596,2897024594,104.69,tertiary,0.069,0.074,0.5255,0.148,0.299,MODERATE
T+30min,R-1125,2897024597,2897024609,68.22,secondary,0.037,0.05,0.415,0.1,0.226,LOW
T+30min,R-1126,2897024601,2897024540,170.92,primary,0.042,0.05,0.4618,0.1,0.2447,LOW
T+30min,R-1127,2897024609,2897024601,56.78,primary_link,0.051,0.054,0.5188,0.108,0.2723,MODERATE
T+30min,R-1128,2897024609,296857806,46.19,secondary,0.054,0.057,0.5605,0.114,0.2926,MODERATE
T+30min,R-1129,2897024611,245666448,77.45,secondary,0.039,0.052,0.4331,0.104,0.2356,LOW
T+30min,R-1130,2897024614,12079741513,6.96,primary,0.055,0.055,0.5837,0.11,0.2995,MODERATE
T+30min,R-1131,2897024615,2897024611,41.55,secondary,0.055,0.057,0.5793,0.114,0.3001,MODERATE
T+30min,R-1132,2897024615,296857806,8.19,primary,0.057,0.057,0.5919,0.114,0.3052,MODERATE
T+30min,R-1133,2897024623,245666274,233.6,secondary,0.05,0.074,0.4693,0.148,0.2765,MODERATE
T+30min,R-1134,2897024623,2897024625,11.8,tertiary,0.053,0.055,0.4458,0.11,0.2443,LOW
T+30min,R-1135,2897024625,245666141,10.97,secondary,0.055,0.059,0.4596,0.118,0.2546,MODERATE
T+30min,R-1136,2897024625,2897024642,223.77,tertiary,0.057,0.063,0.5727,0.126,0.3047,MODERATE
T+30min,R-1137,2897024627,2897024623,10.97,secondary,0.059,0.063,0.4721,0.126,0.2644,MODERATE
T+30min,R-1138,2897024628,2897024611,68.06,primary_link,0.052,0.056,0.5734,0.112,0.2966,MODERATE
T+30min,R-1139,2897024628,2897024615,47.23,primary,0.052,0.057,0.5883,0.114,0.3037,MODERATE
T+30min,R-1140,2897024636,2897024667,203.56,tertiary,0.052,0.063,0.4789,0.126,0.2672,MODERATE
T+30min,R-1141,2897024636,476488948,11.98,unclassified,0.056,0.056,0.5122,0.112,0.2721,MODERATE
T+30min,R-1142,2897024642,245666371,10.98,tertiary,0.053,0.053,0.4643,0.106,0.2493,LOW
T+30min,R-1143,2897024642,2897024644,139.0,tertiary,0.052,0.068,0.4913,0.136,0.2781,MODERATE
T+30min,R-1144,2897024642,476480258,98.6,tertiary,0.063,0.075,0.5451,0.15,0.308,MODERATE
T+30min,R-1145,2897024644,2897024648,48.67,primary_link,0.032,0.033,0.3936,0.066,0.197,LOW
T+30min,R-1146,2897024644,296853816,34.75,tertiary,0.033,0.035,0.4008,0.07,0.2023,LOW
T+30min,R-1147,2897024648,2897024628,340.79,primary,0.032,0.044,0.424,0.088,0.2224,LOW
T+30min,R-1148,2897024651,245666371,171.79,tertiary,0.049,0.07,0.4902,0.14,0.2801,MODERATE
T+30min,R-1149,2897024651,296853816,8.12,primary,0.035,0.036,0.4146,0.072,0.209,LOW
T+30min,R-1150,2897024656,2897024658,8.31,primary,0.037,0.037,0.4245,0.074,0.2142,LOW
T+30min,R-1151,2897024656,6552594955,26.66,tertiary,0.039,0.041,0.4386,0.082,0.2246,LOW
T+30min,R-1152,2897024658,2897024651,18.15,tertiary,0.036,0.036,0.4226,0.072,0.2122,LOW
T+30min,R-1153,2897024658,2897024742,383.65,primary,0.045,0.055,0.462,0.11,0.2508,MODERATE
T+30min,R-1154,2897024660,245666386,251.12,tertiary,0.068,0.09,0.6289,0.18,0.3596,MODERATE
T+30min,R-1155,2897024660,245666882,92.96,tertiary,0.063,0.07,0.4922,0.14,0.2809,MODERATE
T+30min,R-1156,2897024660,9771116360,47.48,residential,0.064,0.07,0.4824,0.14,0.277,MODERATE
T+30min,R-1157,2897024667,2897024676,9.67,tertiary,0.064,0.065,0.5329,0.13,0.2912,MODERATE
T+30min,R-1158,2897024667,2897024687,75.77,tertiary,0.068,0.074,0.5717,0.148,0.3175,MODERATE
T+30min,R-1159,2897024676,245666426,12.12,tertiary,0.067,0.069,0.5751,0.138,0.3128,MODERATE
T+30min,R-1160,2897024676,2897024734,183.57,tertiary,0.077,0.089,0.5922,0.178,0.3437,MODERATE
T+30min,R-1161,2897024677,245666831,8.08,tertiary,0.037,0.037,0.4251,0.074,0.2144,LOW
T+30min,R-1162,2897024682,2897024658,114.45,tertiary,0.042,0.045,0.4884,0.09,0.2494,LOW
T+30min,R-1163,2897024682,2897024677,8.07,unclassified,0.038,0.038,0.4447,0.076,0.2235,LOW
T+30min,R-1164,2897024683,11027088421,488.66,unclassified,0.063,0.092,0.5703,0.184,0.3385,MODERATE
T+30min,R-1165,2897024683,2897024682,8.08,tertiary,0.038,0.038,0.4547,0.076,0.2275,LOW
T+30min,R-1166,2897024687,631525434,8.19,tertiary,0.061,0.063,0.4976,0.126,0.2746,MODERATE
T+30min,R-1167,2897024687,9469495781,44.22,tertiary,0.059,0.063,0.4957,0.126,0.2739,MODERATE
T+30min,R-1168,2897024695,245666830,7.98,tertiary,0.051,0.052,0.4982,0.104,0.2617,MODERATE
T+30min,R-1169,2897024695,7749797394,54.4,tertiary,0.049,0.05,0.483,0.1,0.2532,MODERATE
T+30min,R-1170,2897024696,12084454212,7.67,secondary,0.058,0.059,0.5075,0.118,0.2738,MODERATE
T+30min,R-1171,2897024710,245666882,8.15,tertiary,0.063,0.063,0.5006,0.126,0.2758,MODERATE
T+30min,R-1172,2897024710,2897024695,247.3,tertiary,0.053,0.069,0.4967,0.138,0.2815,MODERATE
T+30min,R-1173,2897024711,2897024737,125.16,secondary,0.049,0.058,0.4379,0.116,0.2448,LOW
T+30min,R-1174,2897024711,631507969,7.99,tertiary,0.059,0.06,0.4821,0.12,0.2648,MODERATE
T+30min,R-1175,2897024713,13616287395,8.37,residential,0.057,0.058,0.4778,0.116,0.2607,MODERATE
T+30min,R-1176,2897024713,3803645219,36.4,tertiary,0.064,0.073,0.4846,0.146,0.2814,MODERATE
T+30min,R-1177,2897024734,2897024749,99.11,tertiary,,,,,,UNKNOWN
T+30min,R-1178,2897024734,631507991,10.02,tertiary,,,,,,UNKNOWN
T+30min,R-1179,2897024734,631525440,214.13,tertiary,0.09,0.1,0.6535,0.2,0.3814,MODERATE
T+30min,R-1180,2897024737,2897024651,386.36,primary,0.046,0.056,0.4503,0.112,0.2473,LOW
T+30min,R-1181,2897024737,2897024742,18.7,secondary,0.045,0.049,0.4119,0.098,0.2236,LOW
T+30min,R-1182,2897024742,631525438,9.99,primary,0.049,0.049,0.4276,0.098,0.2298,LOW
T+30min,R-1183,2897024748,2897024751,8.0,tertiary_link,0.096,0.098,0.5689,0.196,0.3452,MODERATE
T+30min,R-1184,2897024748,6590384792,229.76,tertiary,0.114,0.148,0.7328,0.296,0.4707,MODERATE
T+30min,R-1185,2897024749,2897024753,7.99,tertiary,,,,,,UNKNOWN
T+30min,R-1186,2897024749,2897024795,205.85,tertiary,0.078,0.085,0.5424,0.17,0.319,MODERATE
T+30min,R-1187,2897024751,13616287393,231.94,tertiary,0.095,0.107,0.5889,0.214,0.364,MODERATE
T+30min,R-1188,2897024751,2897024748,8.0,tertiary_link,0.096,0.098,0.5689,0.196,0.3452,MODERATE
T+30min,R-1189,2897024752,12350931356,11.49,tertiary,,,,,,UNKNOWN
T+30min,R-1190,2897024753,12350931356,9.43,tertiary,,,,,,UNKNOWN
T+30min,R-1191,2897024753,2897024759,11.78,tertiary,,,,,,UNKNOWN
T+30min,R-1192,2897024777,2897024753,106.64,tertiary,,,,,,UNKNOWN
T+30min,R-1193,2897024777,6491469979,104.67,tertiary,,,,,,UNKNOWN
T+30min,R-1194,2897024795,10279771627,346.77,primary,0.091,0.117,0.6445,0.234,0.3982,MODERATE
T+30min,R-1195,2897024795,2897024798,17.97,tertiary,0.084,0.086,0.5274,0.172,0.3142,MODERATE
T+30min,R-1196,2897024798,631507993,8.0,primary,0.089,0.091,0.5296,0.182,0.321,MODERATE
T+30min,R-1197,2897024862,7366246698,11.91,trunk,0.057,0.061,0.4117,0.122,0.2379,LOW
T+30min,R-1198,2897024865,2897024862,13.22,trunk,0.057,0.06,0.4202,0.12,0.2401,LOW
T+30min,R-1199,2897024865,2897024870,19.33,secondary,0.057,0.06,0.439,0.12,0.2476,LOW
T+30min,R-1200,2897024866,13619457125,9.61,trunk_link,0.071,0.076,0.4889,0.152,0.2868,MODERATE
T+30min,R-1201,2897024866,2897024865,42.35,trunk,0.072,0.076,0.5023,0.152,0.2921,MODERATE
T+30min,R-1202,2897024870,13618347449,18.77,secondary,0.045,0.055,0.3832,0.11,0.2193,LOW
T+30min,R-1203,296853790,11271580571,23.73,primary,0.058,0.058,0.5122,0.116,0.2745,MODERATE
T+30min,R-1204,296853793,13619939784,6.85,primary,0.047,0.047,0.4551,0.094,0.2384,LOW
T+30min,R-1205,296853816,2897024648,27.68,primary,0.034,0.035,0.3981,0.07,0.2012,LOW
T+30min,R-1206,296853816,2897024656,18.18,tertiary,0.036,0.037,0.4136,0.074,0.2098,LOW
T+30min,R-1207,296857806,2897024601,36.97,primary,0.052,0.057,0.5188,0.114,0.2759,MODERATE
T+30min,R-1208,296857806,2897024614,18.07,secondary,0.056,0.057,0.5825,0.114,0.3014,MODERATE
T+30min,R-1209,296857831,2897024519,49.6,primary,0.047,0.051,0.476,0.102,0.2516,MODERATE
T+30min,R-1210,296857831,296853793,17.93,secondary,0.045,0.047,0.4549,0.094,0.2384,LOW
T+30min,R-1211,3193827831,10091403662,7.59,residential,0.087,0.087,0.5406,0.174,0.3206,MODERATE
T+30min,R-1212,3193827831,245666370,35.93,tertiary,0.09,0.092,0.5451,0.184,0.3284,MODERATE
T+30min,R-1213,3641869342,245665874,23.74,tertiary,0.066,0.068,0.466,0.136,0.268,MODERATE
T+30min,R-1214,3743617937,10564373799,148.61,trunk,0.072,0.09,0.5343,0.18,0.3217,MODERATE
T+30min,R-1215,3743617937,13614467518,34.2,residential,0.082,0.09,0.531,0.18,0.3204,MODERATE
T+30min,R-1216,3743617940,11054614468,13.33,residential,0.057,0.057,0.4753,0.114,0.2585,MODERATE
T+30min,R-1217,3743617940,13503191895,12.31,residential,0.058,0.059,0.4944,0.118,0.2686,MODERATE
T+30min,R-1218,3743617940,13614467518,37.51,residential,0.061,0.071,0.4662,0.142,0.2717,MODERATE
T+30min,R-1219,3803643818,13616325516,5.12,residential,0.088,0.088,0.5466,0.176,0.3242,MODERATE
T+30min,R-1220,3803643818,13617040695,31.18,tertiary,0.092,0.097,0.5568,0.194,0.3391,MODERATE
T+30min,R-1221,3803645219,12313982253,213.14,residential,0.096,0.123,0.6655,0.246,0.4138,MODERATE
T+30min,R-1222,3803645219,13616287394,18.6,tertiary,0.078,0.084,0.5305,0.168,0.313,MODERATE
T+30min,R-1223,3803645219,6428617352,8.08,residential,0.073,0.073,0.5105,0.146,0.2918,MODERATE
T+30min,R-1224,4342420383,2244637026,43.76,residential,0.054,0.071,0.4286,0.142,0.2566,MODERATE
T+30min,R-1225,4342420383,2244637034,83.76,residential,0.083,0.09,0.5691,0.18,0.3356,MODERATE
T+30min,R-1226,4342420383,6491091371,90.34,residential,0.072,0.076,0.5079,0.152,0.2944,MODERATE
T+30min,R-1227,4342420489,6598052694,44.3,residential,0.062,0.064,0.4942,0.128,0.2745,MODERATE
T+30min,R-1228,4342420490,2244637034,83.59,residential,0.097,0.108,0.6361,0.216,0.384,MODERATE
T+30min,R-1229,4342420490,622060802,145.96,residential,0.089,0.101,0.5481,0.202,0.3404,MODERATE
T+30min,R-1230,4342420490,7404711408,92.78,residential,0.107,0.142,0.666,0.284,0.4368,MODERATE
T+30min,R-1231,4342420515,10925931781,46.46,secondary,0.087,0.096,0.5687,0.192,0.3427,MODERATE
T+30min,R-1232,4342420515,245668038,64.09,residential,0.053,0.075,0.4368,0.15,0.2647,MODERATE
T+30min,R-1233,4342420515,621966589,353.9,secondary,0.051,0.075,0.4309,0.15,0.2624,MODERATE
T+30min,R-1234,4342420517,9914206292,78.72,residential,0.077,0.093,0.5191,0.186,0.3192,MODERATE
T+30min,R-1235,4342420553,245668000,69.13,residential,0.089,0.097,0.5756,0.194,0.3466,MODERATE
T+30min,R-1236,4342420553,245668226,194.56,residential,,,,,,UNKNOWN
T+30min,R-1237,4342420553,6554236455,74.37,residential,,,,,,UNKNOWN
T+30min,R-1238,4674280890,7104101070,164.64,trunk,0.122,0.13,0.6093,0.26,0.3997,MODERATE
T+30min,R-1239,473698889,473698890,49.94,residential,0.032,0.047,0.3568,0.094,0.1991,LOW
T+30min,R-1240,473698890,10653501374,69.48,residential,0.033,0.054,0.3567,0.108,0.2075,LOW
T+30min,R-1241,473698890,10653501375,29.16,residential,0.024,0.027,0.3364,0.054,0.167,LOW
T+30min,R-1242,473698890,473698889,49.94,residential,0.032,0.047,0.3568,0.094,0.1991,LOW
T+30min,R-1243,476480258,245666448,333.56,tertiary,0.042,0.067,0.483,0.134,0.2736,MODERATE
T+30min,R-1244,476480258,2897024642,98.6,tertiary,0.063,0.075,0.5451,0.15,0.308,MODERATE
T+30min,R-1245,476480258,476480287,306.86,tertiary,0.053,0.07,0.5511,0.14,0.3044,MODERATE
T+30min,R-1246,476480287,13615156523,90.26,secondary,0.036,0.045,0.4128,0.09,0.2191,LOW
T+30min,R-1247,476480287,476480258,306.86,tertiary,0.053,0.07,0.5511,0.14,0.3044,MODERATE
T+30min,R-1248,476488948,245666078,194.93,tertiary,0.051,0.067,0.4566,0.134,0.263,MODERATE
T+30min,R-1249,476488948,245666337,202.37,unclassified,0.063,0.067,0.5486,0.134,0.2998,MODERATE
T+30min,R-1250,476489029,2897024517,27.97,tertiary,0.045,0.046,0.4631,0.092,0.2404,LOW
T+30min,R-1251,5424387223,5424387232,182.28,residential,0.058,0.07,0.5032,0.14,0.2853,MODERATE
T+30min,R-1252,5424387232,5424387223,182.28,residential,0.058,0.07,0.5032,0.14,0.2853,MODERATE
T+30min,R-1253,5424387232,6490861784,90.96,residential,0.052,0.066,0.4959,0.132,0.2776,MODERATE
T+30min,R-1254,5424387232,6490861784,150.46,residential,0.053,0.066,0.4974,0.132,0.2782,MODERATE
T+30min,R-1255,5470238123,10044201331,128.41,trunk,0.1,0.108,0.6976,0.216,0.4086,MODERATE
T+30min,R-1256,5470238123,9691859215,23.99,trunk_link,0.099,0.1,0.6775,0.2,0.391,MODERATE
T+30min,R-1257,5896564331,2897024751,238.6,tertiary,0.111,0.147,0.7166,0.294,0.463,MODERATE
T+30min,R-1258,5896564331,6590384792,9.22,tertiary,0.105,0.11,0.5627,0.22,0.3571,MODERATE
T+30min,R-1259,5896564331,8443532426,497.89,tertiary,0.095,0.119,0.5868,0.238,0.3775,MODERATE
T+30min,R-1260,5911310862,5911310869,218.06,trunk,0.073,0.084,0.5548,0.168,0.3227,MODERATE
T+30min,R-1261,5911310869,1375251567,430.52,tertiary,0.065,0.08,0.5225,0.16,0.305,MODERATE
T+30min,R-1262,5911310869,245667803,13.75,tertiary,0.079,0.08,0.5789,0.16,0.3276,MODERATE
T+30min,R-1263,5911310869,5911310870,17.94,trunk,0.078,0.08,0.5819,0.16,0.3288,MODERATE
T+30min,R-1264,5911310870,5911310871,172.37,trunk,0.08,0.098,0.6193,0.196,0.3653,MODERATE
T+30min,R-1265,5911310870,622039341,271.18,residential,0.084,0.105,0.5821,0.21,0.3588,MODERATE
T+30min,R-1266,5911310871,12406104882,38.0,trunk,0.086,0.093,0.6431,0.186,0.3688,MODERATE
T+30min,R-1267,5911310871,13618399201,121.31,residential,0.097,0.117,0.7294,0.234,0.4322,MODERATE
T+30min,R-1268,5911310878,10384248274,36.52,trunk,0.074,0.077,0.6076,0.154,0.3354,MODERATE
T+30min,R-1269,5911310878,13622393246,29.93,residential,0.074,0.077,0.6201,0.154,0.3404,MODERATE
T+30min,R-1270,5911310880,13618374657,39.28,residential,0.066,0.068,0.5342,0.136,0.2953,MODERATE
T+30min,R-1271,5911310880,13618374670,65.19,residential,0.069,0.072,0.5539,0.144,0.308,MODERATE
T+30min,R-1272,5911310880,13618374676,18.15,residential,0.066,0.066,0.5159,0.132,0.2856,MODERATE
T+30min,R-1273,621966589,4342420515,353.9,secondary,0.051,0.075,0.4309,0.15,0.2624,MODERATE
T+30min,R-1274,622039341,13601073293,110.41,residential,0.113,0.117,0.7272,0.234,0.4313,MODERATE
T+30min,R-1275,622039341,13619536866,12.47,residential,0.108,0.111,0.6391,0.222,0.3888,MODERATE
T+30min,R-1276,622039341,5911310870,271.18,residential,0.084,0.105,0.5821,0.21,0.3588,MODERATE
T+30min,R-1277,622039341,622039345,20.41,residential,0.099,0.105,0.5806,0.21,0.3582,MODERATE
T+30min,R-1278,622039345,13618414607,7.6,residential,0.092,0.093,0.5447,0.186,0.3295,MODERATE
T+30min,R-1279,622039345,13619237610,8.4,residential,0.089,0.093,0.5331,0.186,0.3248,MODERATE
T+30min,R-1280,622039345,622039341,20.41,residential,0.099,0.105,0.5806,0.21,0.3582,MODERATE
T+30min,R-1281,622039354,10923438752,34.51,residential,0.095,0.103,0.654,0.206,0.3852,MODERATE
T+30min,R-1282,622039354,13619237603,70.45,residential,0.095,0.104,0.5666,0.208,0.3514,MODERATE
T+30min,R-1283,622039354,7384246086,11.49,residential,0.087,0.09,0.5216,0.18,0.3166,MODERATE
T+30min,R-1284,622039357,622039360,35.27,residential,,,,,,UNKNOWN
T+30min,R-1285,622039360,245668197,19.56,residential,,,,,,UNKNOWN
T+30min,R-1286,622039360,622039357,35.27,residential,,,,,,UNKNOWN
T+30min,R-1287,622039360,6576335804,88.93,residential,0.091,0.102,0.5657,0.204,0.3487,MODERATE
T+30min,R-1288,622042581,12406085638,23.16,trunk,0.079,0.081,0.5144,0.162,0.303,MODERATE
T+30min,R-1289,622042582,2897024865,10.89,trunk,0.067,0.074,0.4728,0.148,0.2779,MODERATE
T+30min,R-1290,622042582,622042581,50.92,trunk,0.079,0.084,0.525,0.168,0.3108,MODERATE
T+30min,R-1291,622060792,11054646813,14.23,residential,0.053,0.056,0.423,0.112,0.2364,LOW
T+30min,R-1292,622060792,245667423,187.57,residential,0.065,0.081,0.5076,0.162,0.3002,MODERATE
T+30min,R-1293,622060792,9198946025,212.64,residential,0.08,0.116,0.5633,0.232,0.3645,MODERATE
T+30min,R-1294,622060802,2244637068,19.11,residential,,,,,,UNKNOWN
T+30min,R-1295,622060802,4342420490,145.96,residential,0.089,0.101,0.5481,0.202,0.3404,MODERATE
T+30min,R-1296,622060802,622060872,141.73,residential,0.069,0.069,0.4708,0.138,0.2711,MODERATE
T+30min,R-1297,622060872,2244637056,101.59,residential,,,,,,UNKNOWN
T+30min,R-1298,622060872,245667960,43.75,residential,,,,,,UNKNOWN
T+30min,R-1299,622060872,622060802,141.73,residential,0.069,0.069,0.4708,0.138,0.2711,MODERATE
T+30min,R-1300,623895377,245667685,201.78,residential,0.048,0.069,0.4526,0.138,0.2638,MODERATE
T+30min,R-1301,623895377,6490968308,64.07,residential,0.024,0.045,0.3035,0.09,0.1754,LOW
T+30min,R-1302,623895377,6554206834,100.49,residential,0.04,0.06,0.3924,0.12,0.229,LOW
T+30min,R-1303,623895532,13617292729,50.08,residential,,,,,,UNKNOWN
T+30min,R-1304,623895532,6430481233,76.08,tertiary,,,,,,UNKNOWN
T+30min,R-1305,623895532,7404757837,82.42,tertiary,,,,,,UNKNOWN
T+30min,R-1306,623895533,245668029,58.72,tertiary,,,,,,UNKNOWN
T+30min,R-1307,623895533,6554236449,191.44,residential,,,,,,UNKNOWN
T+30min,R-1308,623895533,7404757837,2.4,tertiary,,,,,,UNKNOWN
T+30min,R-1309,631507968,10292442915,205.53,secondary,0.045,0.056,0.5374,0.112,0.2822,MODERATE
T+30min,R-1310,631507968,2897024595,201.69,secondary,0.035,0.056,0.4485,0.112,0.2466,LOW
T+30min,R-1311,631507969,2897024696,35.9,secondary,0.06,0.06,0.5061,0.12,0.2744,MODERATE
T+30min,R-1312,631507969,2897024711,7.99,tertiary,0.059,0.06,0.4821,0.12,0.2648,MODERATE
T+30min,R-1313,631507969,631525440,141.03,tertiary,0.069,0.078,0.5244,0.156,0.3034,MODERATE
T+30min,R-1314,631507991,11976374939,141.9,tertiary,0.078,0.087,0.627,0.174,0.3552,MODERATE
T+30min,R-1315,631507991,2897024734,10.02,tertiary,,,,,,UNKNOWN
T+30min,R-1316,631507992,10279771626,28.73,tertiary,0.083,0.087,0.5446,0.174,0.3222,MODERATE
T+30min,R-1317,631507992,2897024795,7.99,primary,0.085,0.085,0.5353,0.17,0.3161,MODERATE
T+30min,R-1318,631507993,10265837613,172.34,primary,0.107,0.118,0.6053,0.236,0.3837,MODERATE
T+30min,R-1319,631507993,631507992,17.98,tertiary,0.088,0.091,0.5371,0.182,0.324,MODERATE
T+30min,R-1320,631525434,2897024676,72.3,tertiary,0.066,0.07,0.5509,0.14,0.3044,MODERATE
T+30min,R-1321,631525434,2897024687,8.19,tertiary,0.061,0.063,0.4976,0.126,0.2746,MODERATE
T+30min,R-1322,631525434,631525440,138.0,tertiary,0.066,0.078,0.5163,0.156,0.3001,MODERATE
T+30min,R-1323,631525438,245666966,18.3,secondary,0.045,0.048,0.4097,0.096,0.2215,LOW
T+30min,R-1324,631525438,2897024798,385.32,primary,0.084,0.106,0.5982,0.212,0.3665,MODERATE
T+30min,R-1325,631525440,2897024734,214.13,tertiary,0.09,0.1,0.6535,0.2,0.3814,MODERATE
T+30min,R-1326,631525440,631507969,141.03,tertiary,0.069,0.078,0.5244,0.156,0.3034,MODERATE
T+30min,R-1327,631525440,631525434,138.0,tertiary,0.066,0.078,0.5163,0.156,0.3001,MODERATE
T+30min,R-1328,6428381511,7372035744,115.39,residential,0.104,0.111,0.6202,0.222,0.3813,MODERATE
T+30min,R-1329,6428382636,10265662126,15.66,residential,0.091,0.092,0.5818,0.184,0.3431,MODERATE
T+30min,R-1330,6428382636,12406104885,156.17,residential,0.093,0.12,0.6763,0.24,0.4145,MODERATE
T+30min,R-1331,6428382636,12756633089,95.51,residential,0.081,0.093,0.5296,0.186,0.3234,MODERATE
T+30min,R-1332,6428617352,13616287395,36.02,tertiary,0.065,0.073,0.4869,0.146,0.2824,MODERATE
T+30min,R-1333,6428617352,3803645219,8.08,residential,0.073,0.073,0.5105,0.146,0.2918,MODERATE
T+30min,R-1334,6428792684,6428792684,233.2,residential,0.028,0.052,0.363,0.104,0.2076,LOW
T+30min,R-1335,6428792684,6428792684,233.2,residential,0.028,0.052,0.363,0.104,0.2076,LOW
T+30min,R-1336,6428792684,6428793085,22.47,residential,0.058,0.064,0.5435,0.128,0.2942,MODERATE
T+30min,R-1337,6428793085,10316548327,65.39,residential,0.062,0.069,0.5619,0.138,0.3076,MODERATE
T+30min,R-1338,6428793085,245667685,38.34,residential,0.053,0.064,0.4701,0.128,0.2648,MODERATE
T+30min,R-1339,6428793085,6428792684,22.47,residential,0.058,0.064,0.5435,0.128,0.2942,MODERATE
T+30min,R-1340,6428811261,12486614582,4.7,tertiary,0.069,0.069,0.4691,0.138,0.2704,MODERATE
T+30min,R-1341,6428811261,6428811262,97.3,tertiary,0.086,0.093,0.5847,0.186,0.3455,MODERATE
T+30min,R-1342,6428811261,6428811270,9.52,tertiary,0.068,0.069,0.4968,0.138,0.2815,MODERATE
T+30min,R-1343,6428811262,13617092839,2.21,tertiary,0.093,0.093,0.6164,0.186,0.3582,MODERATE
T+30min,R-1344,6428811263,13621901231,32.82,tertiary,0.091,0.094,0.6061,0.188,0.3552,MODERATE
T+30min,R-1345,6428811263,6428811268,7.16,tertiary,0.094,0.094,0.6334,0.188,0.3662,MODERATE
T+30min,R-1346,6428811268,245665910,5.09,tertiary,0.094,0.094,0.6475,0.188,0.3718,MODERATE
T+30min,R-1347,6428811270,13621886865,42.25,tertiary,0.074,0.077,0.5407,0.154,0.3087,MODERATE
T+30min,R-1348,6428811270,245665874,16.3,tertiary,0.066,0.069,0.4922,0.138,0.2797,MODERATE
T+30min,R-1349,6428811270,6428811261,9.52,tertiary,0.068,0.069,0.4968,0.138,0.2815,MODERATE
T+30min,R-1350,6430481233,623895532,76.08,tertiary,,,,,,UNKNOWN
T+30min,R-1351,6489058155,13622435420,52.42,residential,,,,,,UNKNOWN
T+30min,R-1352,6489058155,13622445936,9.93,residential,,,,,,UNKNOWN
T+30min,R-1353,6489058155,9445072347,42.55,residential,,,,,,UNKNOWN
T+30min,R-1354,6490591812,6490591813,113.49,residential,0.019,0.067,0.1929,0.134,0.1576,LOW
T+30min,R-1355,6490591813,13619374592,77.33,trunk,0.079,0.084,0.6114,0.168,0.3454,MODERATE
T+30min,R-1356,6490591813,6490591812,113.49,residential,0.019,0.067,0.1929,0.134,0.1576,LOW
T+30min,R-1357,6490861784,245667933,77.54,residential,0.083,0.094,0.5677,0.188,0.3399,MODERATE
T+30min,R-1358,6490861784,5424387232,90.96,residential,0.052,0.066,0.4959,0.132,0.2776,MODERATE
T+30min,R-1359,6490861784,5424387232,150.46,residential,0.053,0.066,0.4974,0.132,0.2782,MODERATE
T+30min,R-1360,6490872923,12378368422,67.3,residential,0.016,0.041,0.2355,0.082,0.1434,LOW
T+30min,R-1361,6490872923,1934627523,21.5,residential,0.051,0.061,0.4078,0.122,0.2363,LOW
T+30min,R-1362,6490872923,6490872925,29.59,residential,0.033,0.041,0.3172,0.082,0.1761,LOW
T+30min,R-1363,6490872924,6490872925,58.83,residential,0.012,0.027,0.2254,0.054,0.1226,LOW
T+30min,R-1364,6490872924,6490872925,112.98,residential,0.014,0.027,0.2503,0.054,0.1325,LOW
T+30min,R-1365,6490872924,6490872930,10.02,residential,0.005,0.005,0.2241,0.01,0.0956,LOW
T+30min,R-1366,6490872925,6490872923,29.59,residential,0.033,0.041,0.3168,0.082,0.1759,LOW
T+30min,R-1367,6490872925,6490872924,58.83,residential,0.012,0.027,0.2254,0.054,0.1226,LOW
T+30min,R-1368,6490872925,6490872924,112.98,residential,0.014,0.027,0.2503,0.054,0.1325,LOW
T+30min,R-1369,6490872930,12378368427,6.18,residential,0.005,0.005,0.2287,0.01,0.0975,LOW
T+30min,R-1370,6490872930,6490872924,10.02,residential,0.005,0.005,0.2241,0.01,0.0956,LOW
T+30min,R-1371,6490968306,6490968308,49.96,residential,0.041,0.045,0.3614,0.09,0.1986,LOW
T+30min,R-1372,6490968308,2244637027,168.17,residential,0.087,0.101,0.6348,0.202,0.3751,MODERATE
T+30min,R-1373,6490968308,623895377,64.07,residential,0.024,0.045,0.3035,0.09,0.1754,LOW
T+30min,R-1374,6490968308,6490968306,49.96,residential,0.041,0.045,0.3614,0.09,0.1986,LOW
T+30min,R-1375,6491091371,2244637012,66.53,residential,0.084,0.091,0.5268,0.182,0.3199,MODERATE
T+30min,R-1376,6491091371,4342420383,90.34,residential,0.072,0.076,0.5079,0.152,0.2944,MODERATE
T+30min,R-1377,6491091371,6491091372,31.64,residential,0.068,0.076,0.4656,0.152,0.2774,MODERATE
T+30min,R-1378,6491091372,2244637012,66.0,residential,0.072,0.087,0.4838,0.174,0.2979,MODERATE
T+30min,R-1379,6491091372,6491091371,31.64,residential,0.068,0.076,0.4656,0.152,0.2774,MODERATE
T+30min,R-1380,6491091372,6554206834,78.03,residential,0.062,0.066,0.4725,0.132,0.2682,MODERATE
T+30min,R-1381,6491469979,2897024777,104.67,tertiary,,,,,,UNKNOWN
T+30min,R-1382,6552594955,2897024677,79.69,tertiary,0.043,0.045,0.489,0.09,0.2496,LOW
T+30min,R-1383,6552594957,2897024656,27.1,primary,0.036,0.037,0.4122,0.074,0.2093,LOW
T+30min,R-1384,6552594957,6552594955,32.94,primary_link,0.038,0.041,0.4321,0.082,0.222,LOW
T+30min,R-1385,6554206834,2244637026,113.08,residential,0.064,0.075,0.4986,0.15,0.2894,MODERATE
T+30min,R-1386,6554206834,623895377,100.49,residential,0.04,0.06,0.3924,0.12,0.229,LOW
T+30min,R-1387,6554206834,6491091372,78.03,residential,0.062,0.066,0.4725,0.132,0.2682,MODERATE
T+30min,R-1388,6554236425,6554236440,27.36,tertiary,0.061,0.072,0.4345,0.144,0.2602,MODERATE
T+30min,R-1389,6554236425,6554236455,163.01,residential,0.056,0.07,0.435,0.14,0.258,MODERATE
T+30min,R-1390,6554236425,7404711455,78.82,tertiary,0.045,0.057,0.4278,0.114,0.2395,LOW
T+30min,R-1391,6554236425,7404711465,126.02,residential,0.067,0.093,0.4904,0.186,0.3078,MODERATE
T+30min,R-1392,6554236429,10923690283,13.34,residential,,,,,,UNKNOWN
T+30min,R-1393,6554236440,2244637067,32.92,tertiary,0.085,0.095,0.5158,0.19,0.3203,MODERATE
T+30min,R-1394,6554236440,6554236425,27.36,tertiary,0.061,0.072,0.4345,0.144,0.2602,MODERATE
T+30min,R-1395,6554236440,6554236451,130.04,residential,0.087,0.098,0.5391,0.196,0.3332,MODERATE
T+30min,R-1396,6554236441,2244637067,210.33,tertiary,0.108,0.12,0.5923,0.24,0.3809,MODERATE
T+30min,R-1397,6554236441,245668029,12.21,tertiary,,,,,,UNKNOWN
T+30min,R-1398,6554236441,6554236449,140.04,residential,,,,,,UNKNOWN
T+30min,R-1399,6554236449,623895533,191.44,residential,,,,,,UNKNOWN
T+30min,R-1400,6554236449,6554236441,140.04,residential,,,,,,UNKNOWN
T+30min,R-1401,6554236449,6554236451,64.09,residential,,,,,,UNKNOWN
T+30min,R-1402,6554236451,10923690270,93.08,residential,,,,,,UNKNOWN
T+30min,R-1403,6554236451,10923690283,112.47,residential,,,,,,UNKNOWN
T+30min,R-1404,6554236451,6554236440,130.04,residential,0.087,0.098,0.5391,0.196,0.3332,MODERATE
T+30min,R-1405,6554236451,6554236449,64.09,residential,,,,,,UNKNOWN
T+30min,R-1406,6554236455,10923690270,37.36,residential,,,,,,UNKNOWN
T+30min,R-1407,6554236455,4342420553,74.37,residential,,,,,,UNKNOWN
T+30min,R-1408,6554236455,6554236425,163.01,residential,0.056,0.07,0.435,0.14,0.258,MODERATE
T+30min,R-1409,6554271017,13619401780,12.32,residential,0.0,0.0,0.0246,0.0,0.0098,LOW
T+30min,R-1410,6554271024,13619401780,82.48,residential,0.029,0.065,0.2675,0.13,0.185,LOW
T+30min,R-1411,6554271024,2244637013,71.18,residential,0.062,0.066,0.4944,0.132,0.277,MODERATE
T+30min,R-1412,6554271024,2244637021,67.22,residential,0.071,0.077,0.5444,0.154,0.3102,MODERATE
T+30min,R-1413,6554302593,2897024683,102.16,tertiary,0.038,0.043,0.4589,0.086,0.2352,LOW
T+30min,R-1414,6554384670,245666386,83.86,tertiary,0.041,0.052,0.4156,0.104,0.2286,LOW
T+30min,R-1415,6576335804,622039360,88.93,residential,0.091,0.102,0.5657,0.204,0.3487,MODERATE
T+30min,R-1416,6585962883,13614337242,16.14,residential,0.035,0.035,0.4159,0.07,0.2084,LOW
T+30min,R-1417,6585962883,13614337247,14.99,residential,0.035,0.035,0.4196,0.07,0.2098,LOW
T+30min,R-1418,6585962883,13614337249,27.32,residential,0.036,0.036,0.4173,0.072,0.2101,LOW
T+30min,R-1419,6585998686,13614337247,76.41,residential,0.041,0.048,0.5155,0.096,0.2638,MODERATE
T+30min,R-1420,6590384792,10055232024,28.08,tertiary,0.109,0.115,0.5648,0.23,0.3639,MODERATE
T+30min,R-1421,6590384792,5896564331,9.22,tertiary,0.105,0.11,0.5627,0.22,0.3571,MODERATE
T+30min,R-1422,6598052694,13618374655,16.18,residential,0.065,0.066,0.5104,0.132,0.2834,MODERATE
T+30min,R-1423,6598052694,4342420489,44.3,residential,0.062,0.064,0.4942,0.128,0.2745,MODERATE
T+30min,R-1424,6598052694,7404711477,23.25,residential,0.065,0.067,0.5202,0.134,0.2885,MODERATE
T+30min,R-1425,6926279716,13798210725,26.82,residential,0.107,0.124,0.6573,0.248,0.4117,MODERATE
T+30min,R-1426,6926279716,13798210730,56.49,residential,0.129,0.144,0.7294,0.288,0.4646,MODERATE
T+30min,R-1427,6926279716,13798210738,18.95,residential,0.138,0.145,0.7615,0.29,0.4786,MODERATE
T+30min,R-1428,6926279717,13798210723,56.29,residential,0.074,0.076,0.4846,0.152,0.285,MODERATE
T+30min,R-1429,6926279717,13798210725,28.31,residential,0.084,0.091,0.5106,0.182,0.3134,MODERATE
T+30min,R-1430,6926279717,13798210735,15.95,residential,0.079,0.082,0.5112,0.164,0.3029,MODERATE
T+30min,R-1431,6926279721,10772904744,52.24,trunk,0.142,0.142,0.7352,0.284,0.4645,MODERATE
T+30min,R-1432,6926279721,13798210738,8.99,residential,0.143,0.145,0.7563,0.29,0.4765,MODERATE
T+30min,R-1433,6926279722,2804481652,104.56,residential,0.069,0.08,0.569,0.16,0.3236,MODERATE
T+30min,R-1434,6926279727,6926279727,276.37,residential,0.131,0.136,0.6442,0.272,0.4209,MODERATE
T+30min,R-1435,6926279727,6926279727,276.37,residential,0.131,0.136,0.6442,0.272,0.4209,MODERATE
T+30min,R-1436,6926279727,7104101070,59.41,residential,0.126,0.13,0.6402,0.26,0.4121,MODERATE
T+30min,R-1437,7104101070,13433910625,95.51,trunk,0.096,0.131,0.5361,0.262,0.3716,MODERATE
T+30min,R-1438,7104101070,6926279727,59.41,residential,0.126,0.13,0.6402,0.26,0.4121,MODERATE
T+30min,R-1439,7200666559,2897024597,234.99,tertiary,0.028,0.031,0.4,0.062,0.1972,LOW
T+30min,R-1440,7365813760,13618414606,13.43,residential,0.078,0.079,0.5017,0.158,0.2955,MODERATE
T+30min,R-1441,7365813760,13619237610,16.55,residential,0.082,0.085,0.512,0.17,0.3068,MODERATE
T+30min,R-1442,7365813760,7384246086,30.09,residential,0.081,0.084,0.5076,0.168,0.3038,MODERATE
T+30min,R-1443,7365871208,13617483789,26.78,tertiary,0.087,0.093,0.5454,0.186,0.3298,MODERATE
T+30min,R-1444,7365871208,13617550915,7.27,tertiary_link,0.075,0.079,0.4872,0.158,0.2897,MODERATE
T+30min,R-1445,7366153523,7372035744,495.95,residential,0.098,0.124,0.6828,0.248,0.4219,MODERATE
T+30min,R-1446,7366246694,13618347449,174.97,residential,0.049,0.066,0.421,0.132,0.2476,LOW
T+30min,R-1447,7366246694,2897024870,26.56,trunk_link,0.061,0.066,0.4663,0.132,0.2657,MODERATE
T+30min,R-1448,7366246698,622042582,13.71,trunk,0.067,0.074,0.4618,0.148,0.2735,MODERATE
T+30min,R-1449,7366246698,6490591813,48.04,trunk,0.064,0.079,0.4134,0.158,0.2602,MODERATE
T+30min,R-1450,7372035744,13617040678,13.12,tertiary,0.102,0.105,0.5718,0.21,0.3547,MODERATE
T+30min,R-1451,7372035744,245666801,85.2,tertiary,0.114,0.124,0.8049,0.248,0.4708,MODERATE
T+30min,R-1452,7372035744,6428381511,115.39,residential,0.104,0.111,0.6202,0.222,0.3813,MODERATE
T+30min,R-1453,7372035744,7366153523,495.95,residential,0.098,0.124,0.6828,0.248,0.4219,MODERATE
T+30min,R-1454,7384246086,13619515794,5.6,residential,0.084,0.084,0.5417,0.168,0.3175,MODERATE
T+30min,R-1455,7384246086,622039354,11.49,residential,0.087,0.09,0.5216,0.18,0.3166,MODERATE
T+30min,R-1456,7384246086,7365813760,30.09,residential,0.081,0.084,0.5076,0.168,0.3038,MODERATE
T+30min,R-1457,7404711408,4342420490,92.78,residential,0.107,0.142,0.666,0.284,0.4368,MODERATE
T+30min,R-1458,7404711443,11045926287,269.44,residential,0.051,0.056,0.4601,0.112,0.2512,MODERATE
T+30min,R-1459,7404711443,245668038,19.69,residential,0.051,0.056,0.4613,0.112,0.2517,MODERATE
T+30min,R-1460,7404711443,245668141,156.42,residential,0.049,0.056,0.4502,0.112,0.2473,LOW
T+30min,R-1461,7404711447,245668015,9.51,secondary,0.099,0.1,0.6627,0.2,0.3851,MODERATE
T+30min,R-1462,7404711447,245668039,18.91,secondary,0.099,0.1,0.6946,0.2,0.3978,MODERATE
T+30min,R-1463,7404711453,7404711454,16.27,residential,0.054,0.055,0.4363,0.11,0.2405,LOW
T+30min,R-1464,7404711454,7404711453,16.27,residential,0.054,0.055,0.4363,0.11,0.2405,LOW
T+30min,R-1465,7404711454,7404711455,27.01,residential,0.055,0.057,0.4625,0.114,0.2534,MODERATE
T+30min,R-1466,7404711454,7787253967,7.42,residential,0.05,0.053,0.4252,0.106,0.2337,LOW
T+30min,R-1467,7404711455,1375215119,95.82,tertiary,0.07,0.086,0.5203,0.172,0.3113,MODERATE
T+30min,R-1468,7404711455,6554236425,78.82,tertiary,0.045,0.057,0.4278,0.114,0.2395,LOW
T+30min,R-1469,7404711455,7404711454,27.01,residential,0.055,0.057,0.4625,0.114,0.2534,MODERATE
T+30min,R-1470,7404711465,6554236425,126.02,residential,0.067,0.093,0.4904,0.186,0.3078,MODERATE
T+30min,R-1471,7404711477,11368130746,113.44,residential,0.066,0.069,0.5661,0.138,0.3092,MODERATE
T+30min,R-1472,7404711477,13617327485,52.26,residential,0.066,0.068,0.534,0.136,0.2952,MODERATE
T+30min,R-1473,7404711477,6598052694,23.25,residential,0.065,0.067,0.5202,0.134,0.2885,MODERATE
T+30min,R-1474,7404757836,7404757837,53.95,residential,,,,,,UNKNOWN
T+30min,R-1475,7404757837,623895532,82.42,tertiary,,,,,,UNKNOWN
T+30min,R-1476,7404757837,623895533,2.4,tertiary,,,,,,UNKNOWN
T+30min,R-1477,7404757837,7404757836,53.95,residential,,,,,,UNKNOWN
T+30min,R-1478,7749797394,13615156518,144.88,tertiary,0.041,0.047,0.4543,0.094,0.2381,LOW
T+30min,R-1479,7749797394,6554302593,17.4,tertiary,0.045,0.047,0.4984,0.094,0.2558,MODERATE
T+30min,R-1480,7787253967,7404711454,7.42,residential,0.05,0.053,0.4252,0.106,0.2337,LOW
T+30min,R-1481,8443491310,245666651,77.22,residential,0.091,0.099,0.5504,0.198,0.339,MODERATE
T+30min,R-1482,8443532426,5896564331,497.89,tertiary,0.095,0.119,0.5868,0.238,0.3775,MODERATE
T+30min,R-1483,8570027362,13617092839,42.87,residential,0.089,0.093,0.5767,0.186,0.3423,MODERATE
T+30min,R-1484,9171835705,13619396529,19.0,residential,,,,,,UNKNOWN
T+30min,R-1485,9171835705,13619396536,17.29,residential,,,,,,UNKNOWN
T+30min,R-1486,9171835705,13619678859,53.15,residential,,,,,,UNKNOWN
T+30min,R-1487,9171835708,13619491182,24.98,residential,,,,,,UNKNOWN
T+30min,R-1488,9171835708,13619491183,84.09,residential,,,,,,UNKNOWN
T+30min,R-1489,9171835708,13619491193,36.45,residential,,,,,,UNKNOWN
T+30min,R-1490,9171835708,13619491193,99.37,residential,,,,,,UNKNOWN
T+30min,R-1491,9198946025,622060792,212.64,residential,0.08,0.116,0.5633,0.232,0.3645,MODERATE
T+30min,R-1492,9445072347,13619243522,55.21,residential,,,,,,UNKNOWN
T+30min,R-1493,9445072347,13619463498,9.05,residential,,,,,,UNKNOWN
T+30min,R-1494,9445072347,245668373,17.59,residential,,,,,,UNKNOWN
T+30min,R-1495,9445072347,6489058155,42.55,residential,,,,,,UNKNOWN
T+30min,R-1496,9469495781,2897024627,388.68,secondary,0.068,0.078,0.581,0.156,0.326,MODERATE
T+30min,R-1497,9469495781,9469495782,7.89,secondary,0.058,0.059,0.5123,0.118,0.2757,MODERATE
T+30min,R-1498,9469495782,2897024696,8.32,secondary,0.059,0.059,0.514,0.118,0.2764,MODERATE
T+30min,R-1499,9469495782,2897024711,35.43,secondary,0.058,0.059,0.4992,0.118,0.2705,MODERATE
T+30min,R-1500,9469523484,13615172965,5.42,residential,0.107,0.108,0.7875,0.216,0.4446,MODERATE
T+30min,R-1501,9469523484,13616325515,32.86,tertiary,0.107,0.108,0.7973,0.216,0.4485,MODERATE
T+30min,R-1502,9684698224,10924156281,68.54,residential,,,,,,UNKNOWN
T+30min,R-1503,9684698224,14130497014,20.89,residential,,,,,,UNKNOWN
T+30min,R-1504,9684698224,14130497022,12.76,residential,,,,,,UNKNOWN
T+30min,R-1505,9684698224,245668449,16.58,residential,,,,,,UNKNOWN
T+30min,R-1506,9691859215,3743617937,32.75,trunk,0.094,0.097,0.6076,0.194,0.3594,MODERATE
T+30min,R-1507,9691859215,5470238123,23.99,trunk_link,0.099,0.1,0.6775,0.2,0.391,MODERATE
T+30min,R-1508,9771116360,13619368460,35.05,residential,0.078,0.086,0.5491,0.172,0.3228,MODERATE
T+30min,R-1509,9771116360,13619368466,58.73,residential,0.077,0.086,0.5108,0.172,0.3075,MODERATE
T+30min,R-1510,9771116360,2897024660,47.48,residential,0.064,0.07,0.4818,0.14,0.2767,MODERATE
T+30min,R-1511,9914206292,13619604480,28.2,residential,0.096,0.099,0.6042,0.198,0.3605,MODERATE
T+30min,R-1512,9914206292,13622528191,79.32,residential,0.09,0.093,0.5598,0.186,0.3355,MODERATE
T+30min,R-1513,9914206292,4342420517,78.72,residential,0.077,0.093,0.5191,0.186,0.3192,MODERATE
T+60min,R-001,10044201331,12243225438,31.35,trunk,0.241,0.255,0.6112,0.51,0.5505,HIGH
T+60min,R-002,10044201331,13615156515,103.69,tertiary,0.266,0.272,0.7433,0.544,0.6237,HIGH
T+60min,R-003,10055232024,13616287392,9.75,residential,0.287,0.288,0.574,0.576,0.5752,HIGH
T+60min,R-004,10055232024,13626183259,7.16,residential,0.286,0.286,0.5725,0.572,0.5722,HIGH
T+60min,R-005,10055232024,13639959260,22.82,tertiary,0.304,0.321,0.6537,0.642,0.6467,HIGH
T+60min,R-006,10055232027,13626183259,90.39,residential,0.245,0.286,0.5675,0.572,0.5702,HIGH
T+60min,R-007,10091403656,13615172965,33.31,tertiary,0.267,0.271,0.8043,0.542,0.6469,HIGH
T+60min,R-008,10091403656,13616325515,6.09,tertiary_link,0.259,0.259,0.751,0.518,0.6112,HIGH
T+60min,R-009,10091403659,296853793,74.13,primary,0.132,0.147,0.498,0.294,0.3756,MODERATE
T+60min,R-010,10091403662,13617040694,36.49,tertiary,0.221,0.235,0.5426,0.47,0.499,MODERATE
T+60min,R-011,10091403662,3193827831,7.59,residential,0.218,0.218,0.5406,0.436,0.4778,MODERATE
T+60min,R-012,10091403664,10091403656,29.95,tertiary,0.251,0.259,0.7436,0.518,0.6082,HIGH
T+60min,R-013,10091403664,245666192,6.21,residential,0.246,0.246,0.768,0.492,0.6024,HIGH
T+60min,R-014,10111287875,13618292025,47.89,residential,0.018,0.054,0.1573,0.108,0.1277,LOW
T+60min,R-015,10213907200,11027088421,342.73,unclassified,0.185,0.263,0.549,0.526,0.5352,HIGH
T+60min,R-016,10245790327,10245790331,31.71,trunk,0.155,0.16,0.4702,0.32,0.3801,MODERATE
T+60min,R-017,10245790331,13798210715,64.09,trunk,0.23,0.341,0.6129,0.682,0.6544,HIGH
T+60min,R-018,10245790331,13798244195,9.33,residential,0.161,0.162,0.4586,0.324,0.3778,MODERATE
T+60min,R-019,10265662124,12406104883,82.88,trunk,0.163,0.173,0.5111,0.346,0.412,MODERATE
T+60min,R-020,10265662124,12406104885,13.21,residential,0.169,0.171,0.4981,0.342,0.4044,MODERATE
T+60min,R-021,10265662126,10265662124,147.7,trunk,0.228,0.275,0.6781,0.55,0.6012,HIGH
T+60min,R-022,10265662126,6428382636,15.66,residential,0.226,0.231,0.5818,0.462,0.5099,HIGH
T+60min,R-023,10265662174,622042581,86.75,trunk_link,0.216,0.24,0.5588,0.48,0.5115,HIGH
T+60min,R-024,10265662174,622042582,45.31,trunk,0.202,0.222,0.5235,0.444,0.4758,MODERATE
T+60min,R-025,10265662175,10265662174,41.47,trunk,0.223,0.236,0.6355,0.472,0.5374,HIGH
T+60min,R-026,10265662175,12406085638,134.01,trunk_link,0.232,0.267,0.6298,0.534,0.5723,HIGH
T+60min,R-027,10279771623,10279771626,41.31,primary_link,0.226,0.26,0.5724,0.52,0.541,HIGH
T+60min,R-028,10279771623,631507992,28.4,primary,0.24,0.26,0.5789,0.52,0.5436,HIGH
T+60min,R-029,10279771626,2897024777,70.02,tertiary,0.193,0.198,0.544,0.396,0.4552,MODERATE
T+60min,R-030,10279771627,10279771631,54.54,primary_link,0.129,0.155,0.4217,0.31,0.3547,MODERATE
T+60min,R-031,10279771627,245666966,35.27,primary,0.123,0.155,0.4115,0.31,0.3506,MODERATE
T+60min,R-032,10279771631,631507969,76.02,secondary,0.136,0.15,0.4493,0.3,0.3597,MODERATE
T+60min,R-033,10292442915,13383144370,76.65,secondary,0.093,0.1,0.446,0.2,0.2984,MODERATE
T+60min,R-034,10294725029,12350425034,184.13,tertiary,0.207,0.277,0.5356,0.554,0.5466,HIGH
T+60min,R-035,10294725029,13638535682,24.64,residential,0.199,0.203,0.5114,0.406,0.4482,MODERATE
T+60min,R-036,10316548327,6428793085,65.39,residential,0.156,0.173,0.5619,0.346,0.4324,MODERATE
T+60min,R-037,10384248274,10384248275,22.33,trunk_link,0.191,0.214,0.5804,0.428,0.489,MODERATE
T+60min,R-038,10384248274,2897024866,30.44,trunk,0.179,0.19,0.4874,0.38,0.423,MODERATE
T+60min,R-039,10384248275,10384248274,22.33,trunk_link,0.191,0.214,0.5804,0.428,0.489,MODERATE
T+60min,R-040,10384248275,12406104884,257.8,trunk,0.181,0.242,0.6008,0.484,0.5307,HIGH
T+60min,R-041,10564373799,10564373800,16.79,residential,0.18,0.186,0.5525,0.372,0.4442,MODERATE
T+60min,R-042,10564373799,245667361,48.5,trunk,0.196,0.209,0.5316,0.418,0.4634,MODERATE
T+60min,R-043,10564373800,10564373799,16.79,residential,0.18,0.186,0.5525,0.372,0.4442,MODERATE
T+60min,R-044,10653501374,10653501375,64.59,residential,0.089,0.136,0.356,0.272,0.3056,MODERATE
T+60min,R-045,10653501374,245665910,119.23,residential,0.212,0.241,0.6197,0.482,0.5371,HIGH
T+60min,R-046,10653501374,473698890,69.48,residential,0.083,0.136,0.3567,0.272,0.3059,MODERATE
T+60min,R-047,10653501375,10653501374,64.59,residential,0.089,0.136,0.356,0.272,0.3056,MODERATE
T+60min,R-048,10653501375,10696472308,7.52,residential,0.076,0.084,0.3508,0.168,0.2411,LOW
T+60min,R-049,10653501375,245666351,155.72,residential,0.141,0.185,0.4554,0.37,0.4042,MODERATE
T+60min,R-050,10653501375,473698890,29.16,residential,0.06,0.067,0.3364,0.134,0.215,LOW
T+60min,R-051,10696472306,13638535670,39.79,residential,0.183,0.185,0.544,0.37,0.4396,MODERATE
T+60min,R-052,10696472306,13638535675,29.79,residential,0.183,0.191,0.5401,0.382,0.4452,MODERATE
T+60min,R-053,10696472306,245666367,71.59,residential,0.199,0.209,0.61,0.418,0.4948,MODERATE
T+60min,R-054,10696472307,10696472308,48.33,residential,0.09,0.117,0.3672,0.234,0.2873,MODERATE
T+60min,R-055,10696472307,13638535675,33.56,residential,0.141,0.173,0.4436,0.346,0.385,MODERATE
T+60min,R-056,10696472307,245666323,69.45,residential,0.142,0.158,0.4726,0.316,0.3786,MODERATE
T+60min,R-057,10696472308,10653501375,7.52,residential,0.076,0.084,0.3508,0.168,0.2411,LOW
T+60min,R-058,10696472308,10696472307,48.33,residential,0.09,0.117,0.3672,0.234,0.2873,MODERATE
T+60min,R-059,10696472308,13638535652,64.73,residential,0.097,0.153,0.3684,0.306,0.331,MODERATE
T+60min,R-060,10696472308,245666260,71.83,residential,0.116,0.128,0.4326,0.256,0.3266,MODERATE
T+60min,R-061,10696472309,13638535652,3.19,residential,0.153,0.153,0.4442,0.306,0.3613,MODERATE
T+60min,R-062,10696472347,10696472356,48.98,residential,0.236,0.25,0.7019,0.5,0.5808,HIGH
T+60min,R-063,10696472347,13638535683,64.81,residential,0.194,0.236,0.5435,0.472,0.5006,HIGH
T+60min,R-064,10696472347,245666482,74.32,residential,0.243,0.249,0.7583,0.498,0.6021,HIGH
T+60min,R-065,10696472349,10696472350,66.34,residential,0.141,0.16,0.467,0.32,0.3788,MODERATE
T+60min,R-066,10696472349,13638535686,74.14,residential,0.191,0.228,0.5482,0.456,0.4929,MODERATE
T+60min,R-067,10696472349,2439333822,119.0,residential,0.198,0.209,0.5907,0.418,0.4871,MODERATE
T+60min,R-068,10696472349,245666190,28.07,residential,0.165,0.171,0.488,0.342,0.4004,MODERATE
T+60min,R-069,10696472350,10696472349,66.34,residential,0.141,0.16,0.467,0.32,0.3788,MODERATE
T+60min,R-070,10696472350,13638535683,64.98,residential,0.146,0.153,0.4788,0.306,0.3751,MODERATE
T+60min,R-071,10696472350,13638535685,72.75,residential,0.175,0.225,0.5134,0.45,0.4754,MODERATE
T+60min,R-072,10696472350,245666260,30.74,residential,0.133,0.138,0.4788,0.276,0.3571,MODERATE
T+60min,R-073,10696472351,13638535681,16.07,residential,0.202,0.21,0.5545,0.42,0.4738,MODERATE
T+60min,R-074,10696472356,10696472347,48.98,residential,0.236,0.25,0.7019,0.5,0.5808,HIGH
T+60min,R-075,10696472356,13638535681,14.31,residential,0.213,0.22,0.5801,0.44,0.496,MODERATE
T+60min,R-076,10696472356,245666446,29.73,residential,0.213,0.22,0.5907,0.44,0.5003,HIGH
T+60min,R-077,10724726259,11047568171,11.43,tertiary,0.247,0.248,0.603,0.496,0.5388,HIGH
T+60min,R-078,10724726259,13617040682,6.53,residential,0.245,0.245,0.6116,0.49,0.5386,HIGH
T+60min,R-079,10724781030,13617040686,34.9,tertiary,0.305,0.314,0.8441,0.628,0.7144,HIGH
T+60min,R-080,10724781030,245666801,7.12,tertiary,0.298,0.299,0.8067,0.598,0.6815,HIGH
T+60min,R-081,10772904744,2804481649,69.76,trunk,,,,,,UNKNOWN
T+60min,R-082,10840042416,13619396536,18.54,residential,,,,,,UNKNOWN
T+60min,R-083,10923438752,622039354,34.51,residential,0.237,0.259,0.654,0.518,0.5724,HIGH
T+60min,R-084,10923690270,10923690281,153.14,residential,,,,,,UNKNOWN
T+60min,R-085,10923690270,6554236451,93.08,residential,,,,,,UNKNOWN
T+60min,R-086,10923690270,6554236455,37.36,residential,,,,,,UNKNOWN
T+60min,R-087,10923690281,10923690270,153.14,residential,,,,,,UNKNOWN
T+60min,R-088,10923690283,10923690287,29.89,residential,,,,,,UNKNOWN
T+60min,R-089,10923690283,6554236429,13.34,residential,,,,,,UNKNOWN
T+60min,R-090,10923690283,6554236451,112.47,residential,,,,,,UNKNOWN
T+60min,R-091,10923690287,10923690283,29.89,residential,,,,,,UNKNOWN
T+60min,R-092,10923690293,13617292726,6.68,residential,,,,,,UNKNOWN
T+60min,R-093,10923690293,13617292729,36.91,residential,,,,,,UNKNOWN
T+60min,R-094,10923690293,2244637068,48.3,residential,,,,,,UNKNOWN
T+60min,R-095,10924156281,9684698224,68.54,residential,,,,,,UNKNOWN
T+60min,R-096,10924277272,10924277275,31.57,residential,0.212,0.236,0.5666,0.472,0.5098,HIGH
T+60min,R-097,10924277272,12756633089,92.32,residential,0.167,0.193,0.462,0.386,0.4164,MODERATE
T+60min,R-098,10924277272,12756633089,156.13,residential,0.224,0.266,0.5697,0.532,0.5471,HIGH
T+60min,R-099,10924277275,10924277272,31.57,residential,0.212,0.236,0.5666,0.472,0.5098,HIGH
T+60min,R-100,10924277275,10924277275,339.19,residential,0.236,0.25,0.6545,0.5,0.5618,HIGH
T+60min,R-101,10924277275,10924277275,339.19,residential,0.236,0.25,0.6545,0.5,0.5618,HIGH
T+60min,R-102,10925931739,11046205760,18.27,residential,0.194,0.197,0.5158,0.394,0.4427,MODERATE
T+60min,R-103,10925931739,13619485526,8.68,residential,0.194,0.197,0.5134,0.394,0.4418,MODERATE
T+60min,R-104,10925931739,2244797686,51.06,residential,0.227,0.26,0.5478,0.52,0.5311,HIGH
T+60min,R-105,10925931740,13619485519,103.44,residential,0.196,0.214,0.5331,0.428,0.47,MODERATE
T+60min,R-106,10925931740,13619485519,10.53,residential,0.195,0.198,0.5188,0.396,0.4451,MODERATE
T+60min,R-107,10925931740,13619485526,12.82,residential,0.19,0.191,0.5106,0.382,0.4334,MODERATE
T+60min,R-108,10925931781,245667933,125.58,residential,0.205,0.24,0.5604,0.48,0.5122,HIGH
T+60min,R-109,10925931781,245668039,8.27,secondary,0.244,0.247,0.6739,0.494,0.566,HIGH
T+60min,R-110,10925931781,4342420515,46.46,secondary,0.217,0.24,0.5687,0.48,0.5155,HIGH
T+60min,R-111,10925941296,10925941300,34.66,residential,0.209,0.217,0.5412,0.434,0.4769,MODERATE
T+60min,R-112,10925941300,10925941296,34.66,residential,0.209,0.217,0.5412,0.434,0.4769,MODERATE
T+60min,R-113,10925941300,13619412997,44.77,residential,0.204,0.217,0.5378,0.434,0.4755,MODERATE
T+60min,R-114,10925941300,13622503093,33.46,residential,0.22,0.223,0.5821,0.446,0.5004,HIGH
T+60min,R-115,10925943006,13619500841,47.23,residential,,,,,,UNKNOWN
T+60min,R-116,10925943006,13622503093,9.08,residential,,,,,,UNKNOWN
T+60min,R-117,10925943006,13622528191,15.5,residential,,,,,,UNKNOWN
T+60min,R-118,11027088421,10213907200,342.73,unclassified,0.185,0.263,0.549,0.526,0.5352,HIGH
T+60min,R-119,11027088421,2897024682,481.95,unclassified,0.16,0.23,0.5826,0.46,0.509,HIGH
T+60min,R-120,11045926287,7404711443,269.44,residential,0.128,0.141,0.4601,0.282,0.3532,MODERATE
T+60min,R-121,11046194844,11046194845,19.74,residential,0.287,0.29,0.6331,0.58,0.6012,HIGH
T+60min,R-122,11046194845,11046194844,19.74,residential,0.287,0.29,0.6327,0.58,0.6011,HIGH
T+60min,R-123,11046194845,13619396529,29.14,residential,0.281,0.281,0.6163,0.562,0.5837,HIGH
T+60min,R-124,11046194845,2244797686,23.64,residential,0.271,0.281,0.6193,0.562,0.5849,HIGH
T+60min,R-125,11046205758,11046205759,24.89,residential,0.173,0.182,0.4988,0.364,0.4179,MODERATE
T+60min,R-126,11046205759,11046205758,24.89,residential,0.173,0.182,0.4988,0.364,0.4179,MODERATE
T+60min,R-127,11046205759,11046205760,20.9,residential,0.186,0.191,0.5085,0.382,0.4326,MODERATE
T+60min,R-128,11046205759,13622492455,2.71,residential,0.182,0.182,0.5071,0.364,0.4212,MODERATE
T+60min,R-129,11046205760,10925931739,18.27,residential,0.194,0.197,0.5158,0.394,0.4427,MODERATE
T+60min,R-130,11046205760,11046205759,20.9,residential,0.186,0.191,0.5085,0.382,0.4326,MODERATE
T+60min,R-131,11046205760,13622492459,27.53,residential,0.198,0.205,0.5173,0.41,0.4529,MODERATE
T+60min,R-132,11047568171,13617040683,46.74,tertiary,0.249,0.25,0.6317,0.5,0.5527,HIGH
T+60min,R-133,11047568171,13626183257,126.95,residential,0.242,0.25,0.6199,0.5,0.548,HIGH
T+60min,R-134,11047597219,13619318851,57.84,residential,0.184,0.214,0.4893,0.428,0.4525,MODERATE
T+60min,R-135,11047597219,13619318852,25.35,residential,0.182,0.192,0.4918,0.384,0.4271,MODERATE
T+60min,R-136,11047597219,13619318864,14.89,residential,0.208,0.225,0.5185,0.45,0.4774,MODERATE
T+60min,R-137,11054614468,11054614468,200.97,residential,0.157,0.173,0.5107,0.346,0.4119,MODERATE
T+60min,R-138,11054614468,11054614468,200.97,residential,0.157,0.173,0.5107,0.346,0.4119,MODERATE
T+60min,R-139,11054614468,3743617940,13.33,residential,0.141,0.141,0.4753,0.282,0.3593,MODERATE
T+60min,R-140,11054646813,11054646825,16.11,residential,0.127,0.133,0.4127,0.266,0.3247,MODERATE
T+60min,R-141,11054646813,2244637012,57.63,residential,0.171,0.217,0.4587,0.434,0.4439,MODERATE
T+60min,R-142,11054646813,622060792,14.23,residential,0.133,0.141,0.423,0.282,0.3384,MODERATE
T+60min,R-143,11054646825,11054646813,16.11,residential,0.127,0.133,0.4127,0.266,0.3247,MODERATE
T+60min,R-144,11054646825,11054646825,107.16,residential,0.11,0.134,0.4011,0.268,0.3212,MODERATE
T+60min,R-145,11054646825,11054646825,107.16,residential,0.11,0.134,0.4011,0.268,0.3212,MODERATE
T+60min,R-146,11054673420,2244637056,46.64,residential,,,,,,UNKNOWN
T+60min,R-147,11271580571,10091403659,6.71,primary,0.146,0.146,0.5246,0.292,0.385,MODERATE
T+60min,R-148,11271580571,13617067002,61.72,tertiary,0.157,0.175,0.5112,0.35,0.4145,MODERATE
T+60min,R-149,11368130746,7404711477,113.44,residential,0.164,0.173,0.5661,0.346,0.434,MODERATE
T+60min,R-150,11976374939,13622308166,65.09,tertiary,0.186,0.191,0.6464,0.382,0.4878,MODERATE
T+60min,R-151,11976374939,245666426,36.9,tertiary,0.185,0.191,0.6223,0.382,0.4781,MODERATE
T+60min,R-152,12079741513,2897024615,17.64,secondary,0.14,0.141,0.6061,0.282,0.4116,MODERATE
T+60min,R-153,12079741513,6552594957,398.69,primary,0.09,0.141,0.4721,0.282,0.358,MODERATE
T+60min,R-154,12084454212,631525434,42.28,tertiary,0.143,0.148,0.4912,0.296,0.3741,MODERATE
T+60min,R-155,12084454212,9469495781,9.2,secondary,0.145,0.147,0.5075,0.294,0.3794,MODERATE
T+60min,R-156,12243225438,245667542,141.67,trunk,0.19,0.228,0.5427,0.456,0.4907,MODERATE
T+60min,R-157,12311766936,2897024667,12.64,tertiary,0.157,0.161,0.5266,0.322,0.4038,MODERATE
T+60min,R-158,12311766936,476488948,198.12,tertiary,0.133,0.155,0.4879,0.31,0.3812,MODERATE
T+60min,R-159,12313982248,13615172966,7.68,residential,0.271,0.271,0.641,0.542,0.5816,HIGH
T+60min,R-160,12313982248,13617040693,31.44,tertiary,0.258,0.271,0.6045,0.542,0.567,HIGH
T+60min,R-161,12313982248,13619368472,36.88,residential,0.275,0.277,0.6465,0.554,0.591,HIGH
T+60min,R-162,12313982253,12313982254,8.92,residential,0.295,0.307,0.8477,0.614,0.7075,HIGH
T+60min,R-163,12313982253,13617040688,39.95,tertiary,0.285,0.307,0.7994,0.614,0.6882,HIGH
T+60min,R-164,12313982253,3803645219,213.14,residential,0.24,0.307,0.6655,0.614,0.6346,HIGH
T+60min,R-165,12313982254,12313982253,8.92,residential,0.295,0.307,0.8477,0.614,0.7075,HIGH
T+60min,R-166,12313982254,13617040685,16.07,tertiary,0.304,0.314,0.8843,0.628,0.7305,HIGH
T+60min,R-167,12334925193,2804520131,48.26,trunk,0.207,0.217,0.6028,0.434,0.5015,HIGH
T+60min,R-168,12334925204,10265648752,1919.79,trunk,0.195,0.3,0.5969,0.6,0.5988,HIGH
T+60min,R-169,12334925204,12334925193,324.23,trunk_link,0.149,0.228,0.4716,0.456,0.4622,MODERATE
T+60min,R-170,12350301184,245666579,14.74,tertiary,0.284,0.291,0.6131,0.582,0.5944,HIGH
T+60min,R-171,12350391111,10294725029,8.95,tertiary,0.201,0.205,0.5129,0.41,0.4512,MODERATE
T+60min,R-172,12350391111,12350391112,8.29,tertiary_link,0.205,0.206,0.5198,0.412,0.4551,MODERATE
T+60min,R-173,12350391112,12350391111,8.29,tertiary_link,0.205,0.206,0.5198,0.412,0.4551,MODERATE
T+60min,R-174,12350391112,13617092826,85.79,tertiary,0.237,0.25,0.5883,0.5,0.5353,HIGH
T+60min,R-175,12350425034,245666579,7.73,residential,0.276,0.277,0.5978,0.554,0.5715,HIGH
T+60min,R-176,12350446596,12350446597,7.21,tertiary_link,0.163,0.165,0.5209,0.33,0.4064,MODERATE
T+60min,R-177,12350446596,13621901230,54.21,tertiary,0.196,0.223,0.5708,0.446,0.4959,MODERATE
T+60min,R-178,12350446597,12350446596,7.21,tertiary_link,0.163,0.165,0.5209,0.33,0.4064,MODERATE
T+60min,R-179,12350446597,13621901233,51.22,tertiary,0.146,0.162,0.5003,0.324,0.3945,MODERATE
T+60min,R-180,12350931355,2897024749,9.82,tertiary,,,,,,UNKNOWN
T+60min,R-181,12350931355,631507991,96.86,tertiary,,,,,,UNKNOWN
T+60min,R-182,12350931356,12350931355,8.27,tertiary,,,,,,UNKNOWN
T+60min,R-183,12378368422,12378368426,5.99,residential,0.008,0.008,0.1729,0.016,0.0788,LOW
T+60min,R-184,12378368422,6490872923,67.3,residential,0.041,0.102,0.2355,0.204,0.2166,LOW
T+60min,R-185,12378368422,6490872930,25.19,residential,0.009,0.012,0.1986,0.024,0.0938,LOW
T+60min,R-186,12378368426,12378368422,5.99,residential,0.008,0.008,0.1729,0.016,0.0788,LOW
T+60min,R-187,12378368426,245667468,17.87,residential,0.007,0.008,0.1798,0.016,0.0815,LOW
T+60min,R-188,12378368427,12378368426,25.09,residential,0.009,0.012,0.1987,0.024,0.0939,LOW
T+60min,R-189,12378368427,6490872930,6.18,residential,0.012,0.012,0.2287,0.024,0.1059,LOW
T+60min,R-190,12406085638,10384248275,2.73,trunk,0.202,0.214,0.6098,0.428,0.5007,HIGH
T+60min,R-191,12406104882,10265662126,45.18,trunk,0.216,0.221,0.5685,0.442,0.4926,MODERATE
T+60min,R-192,12406104882,10772904744,1804.27,trunk,0.193,0.346,0.5819,0.692,0.648,HIGH
T+60min,R-193,12406104883,12406104884,28.17,trunk_link,0.173,0.173,0.5562,0.346,0.4301,MODERATE
T+60min,R-194,12406104883,5911310878,221.94,trunk,0.171,0.192,0.556,0.384,0.4528,MODERATE
T+60min,R-195,12406104884,12406104883,28.17,trunk_link,0.173,0.173,0.5562,0.346,0.4301,MODERATE
T+60min,R-196,12406104884,245667803,483.15,trunk,0.199,0.298,0.636,0.596,0.612,HIGH
T+60min,R-197,12406104885,10265662124,13.21,residential,0.169,0.171,0.4981,0.342,0.4044,MODERATE
T+60min,R-198,12406104885,13618374677,76.32,residential,0.171,0.177,0.5276,0.354,0.4234,MODERATE
T+60min,R-199,12406104885,6428382636,156.17,residential,0.233,0.299,0.6763,0.598,0.6293,HIGH
T+60min,R-200,12486614582,11187458034,9.33,tertiary,0.174,0.174,0.4691,0.348,0.3964,MODERATE
T+60min,R-201,12486614582,6428811261,4.7,tertiary,0.174,0.174,0.4691,0.348,0.3964,MODERATE
T+60min,R-202,12486614584,12486614582,7.27,tertiary,0.174,0.174,0.4691,0.348,0.3964,MODERATE
T+60min,R-203,12756633089,10924277272,92.32,residential,0.167,0.193,0.462,0.386,0.4164,MODERATE
T+60min,R-204,12756633089,10924277272,156.13,residential,0.224,0.266,0.5697,0.532,0.5471,HIGH
T+60min,R-205,12756633089,6428382636,95.51,residential,0.203,0.233,0.5296,0.466,0.4914,MODERATE
T+60min,R-206,13093786757,12334925204,88.97,trunk,0.151,0.16,0.5039,0.32,0.3936,MODERATE
T+60min,R-207,13398075180,13398075181,14.55,tertiary_link,0.218,0.23,0.6197,0.46,0.5239,HIGH
T+60min,R-208,13398075180,13615156514,94.7,tertiary,0.24,0.257,0.6821,0.514,0.5812,HIGH
T+60min,R-209,13398075181,13398075180,14.55,tertiary_link,0.218,0.23,0.6197,0.46,0.5239,HIGH
T+60min,R-210,13398075181,13615156517,225.3,tertiary,0.24,0.291,0.6937,0.582,0.6267,HIGH
T+60min,R-211,13408237102,13408237103,70.39,residential,0.074,0.177,0.2863,0.354,0.3269,MODERATE
T+60min,R-212,13408237102,13408237104,42.66,residential,0.176,0.186,0.542,0.372,0.44,MODERATE
T+60min,R-213,13408237102,2244637007,132.8,residential,0.139,0.193,0.469,0.386,0.4192,MODERATE
T+60min,R-214,13408237103,13408237102,70.39,residential,0.074,0.177,0.2863,0.354,0.3269,MODERATE
T+60min,R-215,13408237104,13408237102,42.66,residential,0.176,0.186,0.542,0.372,0.44,MODERATE
T+60min,R-216,13408237104,13408237105,47.79,residential,0.159,0.174,0.5112,0.348,0.4133,MODERATE
T+60min,R-217,13408237104,13503191895,25.54,residential,0.159,0.17,0.5401,0.34,0.42,MODERATE
T+60min,R-218,13408237105,13408237104,47.79,residential,0.159,0.174,0.5112,0.348,0.4133,MODERATE
T+60min,R-219,13433910625,13433910629,61.65,residential,0.194,0.209,0.526,0.418,0.4612,MODERATE
T+60min,R-220,13433910625,2804481652,96.83,trunk,0.159,0.173,0.5027,0.346,0.4087,MODERATE
T+60min,R-221,13433910628,13433910629,44.95,residential,0.242,0.281,0.5707,0.562,0.5655,HIGH
T+60min,R-222,13433910629,13433910625,61.65,residential,0.194,0.209,0.526,0.418,0.4612,MODERATE
T+60min,R-223,13433910629,13433910628,44.95,residential,0.242,0.281,0.5707,0.562,0.5655,HIGH
T+60min,R-224,13433910629,13433910631,74.18,residential,0.197,0.209,0.6028,0.418,0.4919,MODERATE
T+60min,R-225,13433910631,13433910629,74.18,residential,0.197,0.209,0.6028,0.418,0.4919,MODERATE
T+60min,R-226,13503191895,13408237104,25.54,residential,0.159,0.17,0.5401,0.34,0.42,MODERATE
T+60min,R-227,13503191895,13503253504,105.22,residential,0.166,0.186,0.5158,0.372,0.4295,MODERATE
T+60min,R-228,13503191895,3743617940,12.31,residential,0.145,0.149,0.4944,0.298,0.3766,MODERATE
T+60min,R-229,13503253504,13503191895,105.22,residential,0.166,0.186,0.5157,0.372,0.4295,MODERATE
T+60min,R-230,13601073293,13619507487,103.13,residential,0.276,0.292,0.6966,0.584,0.629,HIGH
T+60min,R-231,13601073293,2244797686,20.6,residential,0.27,0.283,0.6713,0.566,0.6081,HIGH
T+60min,R-232,13601073293,622039341,110.41,residential,0.283,0.293,0.7272,0.586,0.6425,HIGH
T+60min,R-233,13614337239,13614337241,98.86,residential,0.126,0.176,0.4453,0.352,0.3893,MODERATE
T+60min,R-234,13614337239,13614337242,79.05,residential,0.114,0.159,0.4207,0.318,0.3591,MODERATE
T+60min,R-235,13614337239,245666192,132.84,residential,0.207,0.246,0.6408,0.492,0.5515,HIGH
T+60min,R-236,13614337241,13614337239,98.86,residential,0.126,0.176,0.4453,0.352,0.3893,MODERATE
T+60min,R-237,13614337241,13614337242,21.79,residential,0.089,0.09,0.4171,0.18,0.2748,MODERATE
T+60min,R-238,13614337241,13614337249,19.66,residential,0.091,0.092,0.4194,0.184,0.2782,MODERATE
T+60min,R-239,13614337242,13614337239,79.05,residential,0.114,0.159,0.4207,0.318,0.3591,MODERATE
T+60min,R-240,13614337242,13614337241,21.79,residential,0.089,0.09,0.4171,0.18,0.2748,MODERATE
T+60min,R-241,13614337242,6585962883,16.14,residential,0.088,0.088,0.4159,0.176,0.272,MODERATE
T+60min,R-242,13614337247,13614337249,39.04,residential,0.093,0.097,0.4256,0.194,0.2866,MODERATE
T+60min,R-243,13614337247,6585962883,14.99,residential,0.088,0.088,0.4196,0.176,0.2734,MODERATE
T+60min,R-244,13614337247,6585998686,76.41,residential,0.103,0.121,0.5155,0.242,0.3514,MODERATE
T+60min,R-245,13614337249,13614337241,19.66,residential,0.091,0.092,0.4194,0.184,0.2782,MODERATE
T+60min,R-246,13614337249,13614337247,39.04,residential,0.093,0.097,0.4256,0.194,0.2866,MODERATE
T+60min,R-247,13614337249,6585962883,27.32,residential,0.089,0.091,0.4173,0.182,0.2761,MODERATE
T+60min,R-248,13614452347,13614452359,54.31,trunk,0.254,0.262,0.6866,0.524,0.589,HIGH
T+60min,R-249,13614452347,13614452359,139.79,residential,0.225,0.262,0.6267,0.524,0.5651,HIGH
T+60min,R-250,13614452359,13614452347,139.79,residential,0.225,0.262,0.6267,0.524,0.5651,HIGH
T+60min,R-251,13614452359,9691859215,22.47,trunk,0.246,0.249,0.6501,0.498,0.5588,HIGH
T+60min,R-252,13614466650,13614466653,18.75,residential,0.187,0.197,0.4899,0.394,0.4324,MODERATE
T+60min,R-253,13614466650,13614466656,25.02,residential,0.171,0.18,0.4664,0.36,0.4026,MODERATE
T+60min,R-254,13614466650,13614467518,4.31,residential,0.177,0.177,0.4818,0.354,0.4051,MODERATE
T+60min,R-255,13614466653,13614466650,18.75,residential,0.187,0.197,0.4899,0.394,0.4324,MODERATE
T+60min,R-256,13614466656,13614466650,25.02,residential,0.171,0.18,0.4664,0.36,0.4026,MODERATE
T+60min,R-257,13614467518,13614466650,4.31,residential,0.177,0.177,0.4818,0.354,0.4051,MODERATE
T+60min,R-258,13614467518,3743617937,34.2,residential,0.204,0.225,0.531,0.45,0.4824,MODERATE
T+60min,R-259,13614467518,3743617940,37.51,residential,0.152,0.177,0.4662,0.354,0.3989,MODERATE
T+60min,R-260,13615156514,12243225438,121.44,tertiary,0.26,0.272,0.7111,0.544,0.6108,HIGH
T+60min,R-261,13615156514,13615156515,14.84,tertiary_link,0.255,0.257,0.7156,0.514,0.5946,HIGH
T+60min,R-262,13615156515,13398075181,93.56,tertiary,0.224,0.251,0.5789,0.502,0.5328,HIGH
T+60min,R-263,13615156515,13615156514,14.84,tertiary_link,0.255,0.257,0.7156,0.514,0.5946,HIGH
T+60min,R-264,13615156516,13398075180,222.42,tertiary,0.246,0.291,0.7252,0.582,0.6393,HIGH
T+60min,R-265,13615156516,13615156517,13.96,tertiary_link,0.159,0.159,0.4702,0.318,0.3789,MODERATE
T+60min,R-266,13615156517,13615156516,13.96,tertiary_link,0.159,0.159,0.4702,0.318,0.3789,MODERATE
T+60min,R-267,13615156517,13615156519,71.54,tertiary,0.117,0.159,0.4166,0.318,0.3574,MODERATE
T+60min,R-268,13615156518,13615156516,70.36,tertiary,0.116,0.159,0.4227,0.318,0.3599,MODERATE
T+60min,R-269,13615156518,13615156519,14.51,tertiary_link,0.083,0.089,0.3817,0.178,0.2595,MODERATE
T+60min,R-270,13615156519,13615156518,14.51,tertiary_link,0.083,0.089,0.3817,0.178,0.2595,MODERATE
T+60min,R-271,13615156519,6554302593,140.77,tertiary,0.094,0.108,0.4343,0.216,0.3033,MODERATE
T+60min,R-272,13615156523,245666274,24.14,secondary,0.083,0.085,0.4127,0.17,0.2671,MODERATE
T+60min,R-273,13615156523,2897024625,234.8,secondary,0.112,0.152,0.4435,0.304,0.3598,MODERATE
T+60min,R-274,13615172965,13617040696,36.73,tertiary,0.252,0.266,0.6811,0.532,0.5916,HIGH
T+60min,R-275,13615172965,9469523484,5.42,residential,0.268,0.269,0.7875,0.538,0.6378,HIGH
T+60min,R-276,13615172966,12313982248,7.68,residential,0.271,0.271,0.641,0.542,0.5816,HIGH
T+60min,R-277,13615172966,13617040692,56.23,tertiary,0.267,0.272,0.6219,0.544,0.5752,HIGH
T+60min,R-278,13616287392,10055232024,9.75,residential,0.287,0.288,0.574,0.576,0.5752,HIGH
T+60min,R-279,13616287392,5896564331,27.84,tertiary,0.283,0.288,0.577,0.576,0.5764,HIGH
T+60min,R-280,13616287393,13616287394,7.99,tertiary_link,0.211,0.212,0.5528,0.424,0.4755,MODERATE
T+60min,R-281,13616287393,6428617352,19.54,tertiary,0.197,0.212,0.5343,0.424,0.4681,MODERATE
T+60min,R-282,13616287394,13616287393,7.99,tertiary_link,0.211,0.212,0.5528,0.424,0.4755,MODERATE
T+60min,R-283,13616287394,2897024748,235.5,tertiary,0.242,0.263,0.5934,0.526,0.553,HIGH
T+60min,R-284,13616287395,2897024710,60.06,tertiary,0.144,0.158,0.4904,0.316,0.3858,MODERATE
T+60min,R-285,13616287395,2897024713,8.37,residential,0.143,0.145,0.4778,0.29,0.3651,MODERATE
T+60min,R-286,13616325515,10091403656,6.09,tertiary_link,0.259,0.259,0.751,0.518,0.6112,HIGH
T+60min,R-287,13616325515,245666192,30.94,tertiary,0.253,0.259,0.7534,0.518,0.6122,HIGH
T+60min,R-288,13616325516,13617040697,25.39,tertiary,0.219,0.231,0.5404,0.462,0.4934,MODERATE
T+60min,R-289,13616325516,3803643818,5.12,residential,0.219,0.219,0.5466,0.438,0.4814,MODERATE
T+60min,R-290,13617034594,631507968,130.89,secondary,0.11,0.136,0.5139,0.272,0.3688,MODERATE
T+60min,R-291,13617040678,13617040684,74.61,tertiary,0.243,0.248,0.5928,0.496,0.5347,HIGH
T+60min,R-292,13617040678,7372035744,13.12,tertiary,0.254,0.262,0.5718,0.524,0.5431,HIGH
T+60min,R-293,13617040682,10724726259,6.53,residential,0.245,0.245,0.6116,0.49,0.5386,HIGH
T+60min,R-294,13617040682,13617092827,10.26,tertiary,0.245,0.247,0.6268,0.494,0.5471,HIGH
T+60min,R-295,13617040682,13617092837,22.96,residential,0.239,0.245,0.6006,0.49,0.5342,HIGH
T+60min,R-296,13617040683,13617040678,75.06,tertiary,0.245,0.249,0.5962,0.498,0.5373,HIGH
T+60min,R-297,13617040683,13617040684,5.21,tertiary_link,0.248,0.248,0.6111,0.496,0.542,HIGH
T+60min,R-298,13617040684,13617040682,57.9,tertiary,0.247,0.25,0.6118,0.5,0.5447,HIGH
T+60min,R-299,13617040684,13617040683,5.21,tertiary_link,0.248,0.248,0.6111,0.496,0.542,HIGH
T+60min,R-300,13617040685,10724781030,33.11,tertiary,0.308,0.314,0.8783,0.628,0.7281,HIGH
T+60min,R-301,13617040685,13617040686,7.84,tertiary_link,0.314,0.314,0.9184,0.628,0.7442,HIGH
T+60min,R-302,13617040686,12313982253,16.49,tertiary,0.312,0.314,0.9032,0.628,0.7381,HIGH
T+60min,R-303,13617040686,13617040685,7.84,tertiary_link,0.314,0.314,0.9184,0.628,0.7442,HIGH
T+60min,R-304,13617040687,12313982254,40.09,tertiary,0.268,0.284,0.7451,0.568,0.6388,HIGH
T+60min,R-305,13617040687,13617040688,8.16,tertiary_link,0.253,0.253,0.7397,0.506,0.5995,HIGH
T+60min,R-306,13617040688,13617040687,8.16,tertiary_link,0.253,0.253,0.7397,0.506,0.5995,HIGH
T+60min,R-307,13617040688,13617040689,79.85,tertiary,0.247,0.266,0.6995,0.532,0.599,HIGH
T+60min,R-308,13617040689,13617040690,8.4,tertiary_link,0.266,0.266,0.6509,0.532,0.5796,HIGH
T+60min,R-309,13617040689,13617040691,24.3,tertiary,0.27,0.272,0.6637,0.544,0.5919,HIGH
T+60min,R-310,13617040690,13617040687,79.46,tertiary,0.241,0.266,0.659,0.532,0.5828,HIGH
T+60min,R-311,13617040690,13617040689,8.4,tertiary_link,0.266,0.266,0.6509,0.532,0.5796,HIGH
T+60min,R-312,13617040691,12313982248,56.77,tertiary,0.271,0.274,0.6236,0.548,0.5782,HIGH
T+60min,R-313,13617040691,13617040692,8.25,tertiary_link,0.268,0.269,0.6113,0.538,0.5673,HIGH
T+60min,R-314,13617040692,13617040690,24.5,tertiary,0.268,0.27,0.6433,0.54,0.5813,HIGH
T+60min,R-315,13617040692,13617040691,8.25,tertiary_link,0.268,0.269,0.6113,0.538,0.5673,HIGH
T+60min,R-316,13617040693,13617040694,7.62,tertiary_link,0.238,0.242,0.5603,0.484,0.5145,HIGH
T+60min,R-317,13617040693,3193827831,35.57,tertiary,0.225,0.242,0.5447,0.484,0.5083,HIGH
T+60min,R-318,13617040694,13615172966,31.47,tertiary,0.253,0.271,0.6003,0.542,0.5653,HIGH
T+60min,R-319,13617040694,13617040693,7.62,tertiary_link,0.238,0.242,0.5603,0.484,0.5145,HIGH
T+60min,R-320,13617040695,13617040696,5.23,tertiary_link,0.24,0.243,0.5629,0.486,0.5168,HIGH
T+60min,R-321,13617040695,9469523484,37.41,tertiary,0.256,0.269,0.6898,0.538,0.5987,HIGH
T+60min,R-322,13617040696,13616325516,32.27,tertiary,0.223,0.236,0.5432,0.472,0.5005,HIGH
T+60min,R-323,13617040696,13617040695,5.23,tertiary_link,0.24,0.243,0.5629,0.486,0.5168,HIGH
T+60min,R-324,13617040697,10091403662,35.41,tertiary,0.215,0.218,0.5394,0.436,0.4774,MODERATE
T+60min,R-325,13617040697,245666370,6.68,tertiary_link,0.223,0.231,0.5431,0.462,0.4944,MODERATE
T+60min,R-326,13617067002,10091403664,125.59,tertiary,0.22,0.246,0.7127,0.492,0.5803,HIGH
T+60min,R-327,13617067002,245666077,5.65,tertiary_link,0.179,0.182,0.5326,0.364,0.4314,MODERATE
T+60min,R-328,13617092826,10724726259,9.92,tertiary,0.247,0.248,0.6221,0.496,0.5464,HIGH
T+60min,R-329,13617092826,13617092827,6.9,residential,0.248,0.248,0.6405,0.496,0.5538,HIGH
T+60min,R-330,13617092827,12350391111,86.31,tertiary,0.235,0.251,0.5815,0.502,0.5338,HIGH
T+60min,R-331,13617092827,13617092826,6.9,residential,0.248,0.248,0.6405,0.496,0.5538,HIGH
T+60min,R-332,13617092827,13617092838,23.35,residential,0.246,0.249,0.6323,0.498,0.5517,HIGH
T+60min,R-333,13617092832,13617092835,63.86,residential,0.222,0.24,0.5573,0.48,0.5109,HIGH
T+60min,R-334,13617092832,13617092836,59.88,residential,0.224,0.24,0.5595,0.48,0.5118,HIGH
T+60min,R-335,13617092832,13617550909,156.58,residential,0.288,0.317,0.7102,0.634,0.6645,HIGH
T+60min,R-336,13617092835,13617092832,63.86,residential,0.222,0.24,0.5573,0.48,0.5109,HIGH
T+60min,R-337,13617092835,13617092836,6.33,residential,0.223,0.223,0.5595,0.446,0.4914,MODERATE
T+60min,R-338,13617092835,13617092838,176.09,residential,0.243,0.291,0.6576,0.582,0.6122,HIGH
T+60min,R-339,13617092836,13617092832,59.88,residential,0.224,0.24,0.5595,0.48,0.5118,HIGH
T+60min,R-340,13617092836,13617092835,6.33,residential,0.223,0.223,0.5595,0.446,0.4914,MODERATE
T+60min,R-341,13617092836,13617092837,176.37,residential,0.238,0.29,0.6495,0.58,0.6078,HIGH
T+60min,R-342,13617092837,13617040682,22.96,residential,0.239,0.245,0.6006,0.49,0.5342,HIGH
T+60min,R-343,13617092837,13617092836,176.37,residential,0.238,0.29,0.6495,0.58,0.6078,HIGH
T+60min,R-344,13617092837,13617092838,9.69,residential,0.242,0.249,0.6056,0.498,0.541,HIGH
T+60min,R-345,13617092838,13617092827,23.35,residential,0.246,0.249,0.6323,0.498,0.5517,HIGH
T+60min,R-346,13617092838,13617092835,176.09,residential,0.243,0.291,0.6576,0.582,0.6122,HIGH
T+60min,R-347,13617092838,13617092837,9.69,residential,0.242,0.249,0.6056,0.498,0.541,HIGH
T+60min,R-348,13617092839,6428811263,5.46,tertiary,0.232,0.232,0.6164,0.464,0.525,HIGH
T+60min,R-349,13617092839,8570027362,42.87,residential,0.223,0.232,0.5766,0.464,0.509,HIGH
T+60min,R-350,13617092840,6428811262,6.78,tertiary,0.231,0.232,0.6082,0.464,0.5217,HIGH
T+60min,R-351,13617092840,6428811270,95.73,tertiary,0.212,0.23,0.5802,0.46,0.5081,HIGH
T+60min,R-352,13617280082,13617280087,38.42,residential,,,,,,UNKNOWN
T+60min,R-353,13617280082,13617327485,128.75,residential,0.199,0.247,0.5462,0.494,0.5149,HIGH
T+60min,R-354,13617280082,245668208,44.67,residential,,,,,,UNKNOWN
T+60min,R-355,13617280087,13617280082,38.42,residential,,,,,,UNKNOWN
T+60min,R-356,13617292720,13617292726,31.17,residential,,,,,,UNKNOWN
T+60min,R-357,13617292720,13617292726,44.62,residential,,,,,,UNKNOWN
T+60min,R-358,13617292720,13617292729,12.94,residential,,,,,,UNKNOWN
T+60min,R-359,13617292726,10923690293,6.68,residential,,,,,,UNKNOWN
T+60min,R-360,13617292726,13617292720,44.62,residential,,,,,,UNKNOWN
T+60min,R-361,13617292726,13617292720,31.17,residential,,,,,,UNKNOWN
T+60min,R-362,13617292729,10923690293,36.91,residential,,,,,,UNKNOWN
T+60min,R-363,13617292729,13617292720,12.94,residential,,,,,,UNKNOWN
T+60min,R-364,13617292729,623895532,50.08,residential,,,,,,UNKNOWN
T+60min,R-365,13617327485,13617280082,128.75,residential,0.199,0.247,0.5462,0.494,0.5149,HIGH
T+60min,R-366,13617327485,13617327487,13.04,residential,0.155,0.158,0.4955,0.316,0.3878,MODERATE
T+60min,R-367,13617327485,7404711477,52.26,residential,0.165,0.17,0.534,0.34,0.4176,MODERATE
T+60min,R-368,13617327487,13617327485,13.04,residential,0.155,0.158,0.4955,0.316,0.3878,MODERATE
T+60min,R-369,13617327487,13617327487,99.62,residential,0.156,0.167,0.4821,0.334,0.3932,MODERATE
T+60min,R-370,13617327487,13617327487,99.62,residential,0.156,0.167,0.4821,0.334,0.3932,MODERATE
T+60min,R-371,13617483789,13617483791,5.29,tertiary,0.244,0.255,0.6152,0.51,0.5521,HIGH
T+60min,R-372,13617483791,13617483792,2.64,tertiary,0.255,0.255,0.6306,0.51,0.5582,HIGH
T+60min,R-373,13617483791,13619318866,100.36,residential,0.247,0.308,0.5852,0.616,0.6037,HIGH
T+60min,R-374,13617483792,13617550909,20.4,residential,0.266,0.283,0.6628,0.566,0.6047,HIGH
T+60min,R-375,13617483792,13617550913,9.91,tertiary,0.252,0.261,0.6426,0.522,0.5702,HIGH
T+60min,R-376,13617483794,13617550919,9.35,tertiary,0.23,0.24,0.6171,0.48,0.5348,HIGH
T+60min,R-377,13617483794,13617550927,24.58,tertiary,0.221,0.24,0.6138,0.48,0.5335,HIGH
T+60min,R-378,13617550905,13617483789,8.06,tertiary,0.232,0.232,0.5993,0.464,0.5181,HIGH
T+60min,R-379,13617550905,13617550915,26.3,tertiary,0.201,0.232,0.5324,0.464,0.4914,MODERATE
T+60min,R-380,13617550909,13617092832,156.58,residential,0.288,0.317,0.7102,0.634,0.6645,HIGH
T+60min,R-381,13617550909,13617550913,21.05,residential,0.261,0.283,0.663,0.566,0.6048,HIGH
T+60min,R-382,13617550913,13617483794,3.32,tertiary,0.24,0.24,0.6339,0.48,0.5416,HIGH
T+60min,R-383,13617550915,245666158,28.38,tertiary,0.162,0.179,0.4665,0.358,0.4014,MODERATE
T+60min,R-384,13617550915,7365871208,7.27,tertiary_link,0.188,0.197,0.4872,0.394,0.4313,MODERATE
T+60min,R-385,13617550919,13617550905,12.15,tertiary,0.221,0.232,0.5885,0.464,0.5138,HIGH
T+60min,R-386,13617550926,13617550919,19.52,tertiary,0.21,0.22,0.5892,0.44,0.4997,MODERATE
T+60min,R-387,13617550926,13617550927,7.96,tertiary_link,0.199,0.2,0.591,0.4,0.4764,MODERATE
T+60min,R-388,13617550927,13617550926,7.96,tertiary_link,0.199,0.2,0.591,0.4,0.4764,MODERATE
T+60min,R-389,13617550927,13617550929,85.37,tertiary,0.167,0.198,0.5309,0.396,0.45,MODERATE
T+60min,R-390,13617550928,13617550926,86.76,tertiary,0.164,0.2,0.5268,0.4,0.4507,MODERATE
T+60min,R-391,13617550928,13617550929,14.72,residential,0.138,0.14,0.4521,0.28,0.3488,MODERATE
T+60min,R-392,13617550928,13618123059,16.53,residential,0.134,0.136,0.452,0.272,0.344,MODERATE
T+60min,R-393,13617550929,13617550923,27.06,tertiary,0.138,0.141,0.483,0.282,0.3624,MODERATE
T+60min,R-394,13617550929,13617550928,14.72,residential,0.138,0.14,0.4521,0.28,0.3488,MODERATE
T+60min,R-395,13618123059,13617550928,16.53,residential,0.134,0.136,0.452,0.272,0.344,MODERATE
T+60min,R-396,13618123059,13618123066,49.46,residential,0.135,0.141,0.4662,0.282,0.3557,MODERATE
T+60min,R-397,13618123059,13618123089,18.89,residential,0.129,0.131,0.4489,0.262,0.3368,MODERATE
T+60min,R-398,13618123066,13618123059,49.46,residential,0.135,0.141,0.4662,0.282,0.3557,MODERATE
T+60min,R-399,13618123066,13618123089,14.18,residential,0.13,0.132,0.4591,0.264,0.342,MODERATE
T+60min,R-400,13618123066,13618123089,137.56,residential,0.117,0.132,0.4416,0.264,0.335,MODERATE
T+60min,R-401,13618123089,13618123059,18.89,residential,0.129,0.131,0.4489,0.262,0.3368,MODERATE
T+60min,R-402,13618123089,13618123066,14.18,residential,0.13,0.132,0.4591,0.264,0.342,MODERATE
T+60min,R-403,13618123089,13618123066,137.56,residential,0.117,0.132,0.4416,0.264,0.335,MODERATE
T+60min,R-404,13618156305,13618156307,29.01,residential,0.104,0.109,0.3963,0.218,0.2893,MODERATE
T+60min,R-405,13618156307,13617550928,62.17,tertiary,0.125,0.136,0.4561,0.272,0.3456,MODERATE
T+60min,R-406,13618156307,13618156305,29.01,residential,0.104,0.109,0.3962,0.218,0.2893,MODERATE
T+60min,R-407,13618292019,13618292025,19.65,residential,0.005,0.006,0.1554,0.012,0.0694,LOW
T+60min,R-408,13618292019,13618292027,7.85,residential,0.006,0.007,0.166,0.014,0.0748,LOW
T+60min,R-409,13618292019,245667468,4.23,residential,0.006,0.007,0.1804,0.014,0.0806,LOW
T+60min,R-410,13618292025,10111287875,47.89,residential,0.018,0.054,0.1573,0.108,0.1277,LOW
T+60min,R-411,13618292025,13618292019,19.65,residential,0.005,0.006,0.1554,0.012,0.0694,LOW
T+60min,R-412,13618292025,13618292030,12.03,residential,0.004,0.004,0.1223,0.008,0.0537,LOW
T+60min,R-413,13618292027,13618292019,7.85,residential,0.006,0.007,0.166,0.014,0.0748,LOW
T+60min,R-414,13618292027,13618292030,51.24,residential,0.01,0.019,0.1448,0.038,0.0807,LOW
T+60min,R-415,13618292027,13618292030,20.74,residential,0.005,0.007,0.1348,0.014,0.0623,LOW
T+60min,R-416,13618292030,13618292025,12.03,residential,0.004,0.004,0.1223,0.008,0.0537,LOW
T+60min,R-417,13618292030,13618292027,51.24,residential,0.01,0.019,0.1448,0.038,0.0807,LOW
T+60min,R-418,13618292030,13618292027,20.74,residential,0.005,0.007,0.1348,0.014,0.0623,LOW
T+60min,R-419,13618347449,245667863,266.41,secondary,0.146,0.25,0.494,0.5,0.4976,MODERATE
T+60min,R-420,13618347449,7366246694,174.97,residential,0.122,0.165,0.421,0.33,0.3664,MODERATE
T+60min,R-421,13618374654,13618374655,19.09,residential,0.165,0.166,0.5171,0.332,0.406,MODERATE
T+60min,R-422,13618374655,13618374654,19.09,residential,0.165,0.166,0.5171,0.332,0.406,MODERATE
T+60min,R-423,13618374655,13618374657,21.38,residential,0.17,0.171,0.5376,0.342,0.4202,MODERATE
T+60min,R-424,13618374655,13618374664,69.05,residential,0.172,0.173,0.575,0.346,0.4376,MODERATE
T+60min,R-425,13618374655,6598052694,16.18,residential,0.163,0.166,0.5104,0.332,0.4034,MODERATE
T+60min,R-426,13618374656,13618374657,15.18,residential,0.171,0.172,0.5539,0.344,0.428,MODERATE
T+60min,R-427,13618374657,13618374655,21.38,residential,0.17,0.171,0.5376,0.342,0.4202,MODERATE
T+60min,R-428,13618374657,13618374656,15.18,residential,0.171,0.172,0.5539,0.344,0.428,MODERATE
T+60min,R-429,13618374657,5911310880,39.28,residential,0.165,0.171,0.5342,0.342,0.4189,MODERATE
T+60min,R-430,13618374664,13618374655,69.05,residential,0.172,0.173,0.575,0.346,0.4376,MODERATE
T+60min,R-431,13618374670,5911310880,65.19,residential,0.174,0.18,0.5539,0.36,0.4376,MODERATE
T+60min,R-432,13618374671,13618374676,66.12,residential,0.178,0.188,0.591,0.376,0.462,MODERATE
T+60min,R-433,13618374671,13618374677,45.51,residential,0.181,0.186,0.6557,0.372,0.4855,MODERATE
T+60min,R-434,13618374671,13618374681,26.7,residential,0.178,0.186,0.6176,0.372,0.4702,MODERATE
T+60min,R-435,13618374676,13618374671,66.12,residential,0.178,0.188,0.591,0.376,0.462,MODERATE
T+60min,R-436,13618374676,13618374681,42.66,residential,0.164,0.168,0.5199,0.336,0.4096,MODERATE
T+60min,R-437,13618374676,5911310880,18.15,residential,0.165,0.165,0.5159,0.33,0.4044,MODERATE
T+60min,R-438,13618374677,12406104885,76.32,residential,0.171,0.177,0.5276,0.354,0.4234,MODERATE
T+60min,R-439,13618374677,13618374671,45.51,residential,0.181,0.186,0.6557,0.372,0.4855,MODERATE
T+60min,R-440,13618374677,13618374681,71.66,residential,0.178,0.185,0.6489,0.37,0.4816,MODERATE
T+60min,R-441,13618374677,13618374689,57.67,residential,0.194,0.232,0.5778,0.464,0.5095,HIGH
T+60min,R-442,13618374681,13618374671,26.7,residential,0.178,0.186,0.6176,0.372,0.4702,MODERATE
T+60min,R-443,13618374681,13618374676,42.66,residential,0.164,0.168,0.5199,0.336,0.4096,MODERATE
T+60min,R-444,13618374681,13618374677,71.66,residential,0.178,0.185,0.6489,0.37,0.4816,MODERATE
T+60min,R-445,13618374689,13618374677,57.67,residential,0.194,0.232,0.5778,0.464,0.5095,HIGH
T+60min,R-446,13618395293,13618395297,51.09,residential,0.275,0.29,0.8065,0.58,0.6706,HIGH
T+60min,R-447,13618395297,13618395293,51.09,residential,0.275,0.29,0.8065,0.58,0.6706,HIGH
T+60min,R-448,13618395297,13618395298,20.21,residential,0.275,0.285,0.7724,0.57,0.651,HIGH
T+60min,R-449,13618395297,13618399201,8.18,residential,0.289,0.293,0.8363,0.586,0.6861,HIGH
T+60min,R-450,13618395298,13618395297,20.21,residential,0.275,0.285,0.7724,0.57,0.651,HIGH
T+60min,R-451,13618399201,13618395297,8.18,residential,0.289,0.293,0.8363,0.586,0.6861,HIGH
T+60min,R-452,13618399201,13619536860,52.8,residential,0.287,0.293,0.7904,0.586,0.6678,HIGH
T+60min,R-453,13618399201,5911310871,121.31,residential,0.243,0.293,0.7294,0.586,0.6434,HIGH
T+60min,R-454,13618414606,13618414607,23.83,residential,0.208,0.226,0.5204,0.452,0.4794,MODERATE
T+60min,R-455,13618414606,13618414607,62.6,residential,0.209,0.226,0.5361,0.452,0.4856,MODERATE
T+60min,R-456,13618414606,7365813760,13.43,residential,0.194,0.197,0.5017,0.394,0.4371,MODERATE
T+60min,R-457,13618414607,13618414606,23.83,residential,0.208,0.226,0.5204,0.452,0.4794,MODERATE
T+60min,R-458,13618414607,13618414606,62.6,residential,0.209,0.226,0.5361,0.452,0.4856,MODERATE
T+60min,R-459,13618414607,622039345,7.6,residential,0.229,0.233,0.5447,0.466,0.4975,MODERATE
T+60min,R-460,13619237603,13619237606,18.82,residential,0.211,0.219,0.5149,0.438,0.4688,MODERATE
T+60min,R-461,13619237603,13619237610,13.31,residential,0.216,0.219,0.5216,0.438,0.4714,MODERATE
T+60min,R-462,13619237603,622039354,70.45,residential,0.238,0.261,0.5666,0.522,0.5398,HIGH
T+60min,R-463,13619237606,13619237603,18.82,residential,0.211,0.219,0.5149,0.438,0.4688,MODERATE
T+60min,R-464,13619237610,13619237603,13.31,residential,0.216,0.219,0.5216,0.438,0.4714,MODERATE
T+60min,R-465,13619237610,622039345,8.4,residential,0.223,0.233,0.5331,0.466,0.4928,MODERATE
T+60min,R-466,13619237610,7365813760,16.55,residential,0.205,0.212,0.512,0.424,0.4592,MODERATE
T+60min,R-467,13619239364,13619239365,12.26,residential,,,,,,UNKNOWN
T+60min,R-468,13619239364,13619239367,21.43,residential,,,,,,UNKNOWN
T+60min,R-469,13619239364,13619239369,8.07,residential,,,,,,UNKNOWN
T+60min,R-470,13619239365,13619239364,12.26,residential,,,,,,UNKNOWN
T+60min,R-471,13619239367,13619239364,21.43,residential,,,,,,UNKNOWN
T+60min,R-472,13619239367,13619239369,15.13,residential,,,,,,UNKNOWN
T+60min,R-473,13619239367,245668277,186.93,tertiary,0.177,0.177,0.4876,0.354,0.4074,MODERATE
T+60min,R-474,13619239369,13619239364,8.07,residential,,,,,,UNKNOWN
T+60min,R-475,13619239369,13619239367,15.13,residential,,,,,,UNKNOWN
T+60min,R-476,13619239369,245668324,14.91,residential,,,,,,UNKNOWN
T+60min,R-477,13619243522,13619243523,12.05,residential,,,,,,UNKNOWN
T+60min,R-478,13619243522,13619243545,57.33,residential,,,,,,UNKNOWN
T+60min,R-479,13619243522,9445072347,55.21,residential,,,,,,UNKNOWN
T+60min,R-480,13619243523,13619243551,124.29,residential,,,,,,UNKNOWN
T+60min,R-481,13619243544,13619243551,17.82,residential,,,,,,UNKNOWN
T+60min,R-482,13619243545,13619243522,57.33,residential,,,,,,UNKNOWN
T+60min,R-483,13619243545,245668324,58.86,residential,,,,,,UNKNOWN
T+60min,R-484,13619243551,13619243523,124.29,residential,,,,,,UNKNOWN
T+60min,R-485,13619243551,13619243544,17.82,residential,,,,,,UNKNOWN
T+60min,R-486,13619243551,13619243558,33.83,residential,,,,,,UNKNOWN
T+60min,R-487,13619243558,13619243545,14.22,residential,,,,,,UNKNOWN
T+60min,R-488,13619243558,13619243551,33.83,residential,,,,,,UNKNOWN
T+60min,R-489,13619318851,11047597219,57.84,residential,0.184,0.214,0.4893,0.428,0.4525,MODERATE
T+60min,R-490,13619318851,13619318852,35.19,residential,0.163,0.177,0.4675,0.354,0.3994,MODERATE
T+60min,R-491,13619318851,13619318853,26.52,residential,0.143,0.147,0.4562,0.294,0.3589,MODERATE
T+60min,R-492,13619318852,11047597219,25.35,residential,0.182,0.192,0.4918,0.384,0.4271,MODERATE
T+60min,R-493,13619318852,13619318851,35.19,residential,0.163,0.177,0.4675,0.354,0.3994,MODERATE
T+60min,R-494,13619318852,245666191,13.1,residential,0.173,0.177,0.4765,0.354,0.403,MODERATE
T+60min,R-495,13619318853,13619318851,26.52,residential,0.143,0.147,0.4562,0.294,0.3589,MODERATE
T+60min,R-496,13619318853,13619318854,10.45,tertiary,0.137,0.14,0.4615,0.28,0.3526,MODERATE
T+60min,R-497,13619318853,245666158,9.0,tertiary,0.144,0.148,0.4593,0.296,0.3613,MODERATE
T+60min,R-498,13619318854,13619318853,10.45,tertiary,0.137,0.14,0.4615,0.28,0.3526,MODERATE
T+60min,R-499,13619318854,13621886870,97.18,tertiary,0.152,0.18,0.4839,0.36,0.4096,MODERATE
T+60min,R-500,13619318854,245666191,61.43,residential,0.145,0.168,0.4603,0.336,0.3857,MODERATE
T+60min,R-501,13619318864,11047597219,14.89,residential,0.208,0.225,0.5185,0.45,0.4774,MODERATE
T+60min,R-502,13619318864,13619318864,89.56,residential,0.255,0.301,0.5788,0.602,0.5927,HIGH
T+60min,R-503,13619318864,13619318864,89.56,residential,0.255,0.301,0.5788,0.602,0.5927,HIGH
T+60min,R-504,13619318866,13617483791,100.36,residential,0.247,0.308,0.5852,0.616,0.6037,HIGH
T+60min,R-505,13619318866,7365871208,6.89,tertiary,0.189,0.197,0.4857,0.394,0.4307,MODERATE
T+60min,R-506,13619368459,13619368460,19.68,residential,0.227,0.24,0.6604,0.48,0.5522,HIGH
T+60min,R-507,13619368459,13619368466,71.23,residential,0.213,0.24,0.5607,0.48,0.5123,HIGH
T+60min,R-508,13619368459,13619368471,19.88,residential,0.25,0.26,0.6847,0.52,0.5859,HIGH
T+60min,R-509,13619368460,13619368459,19.68,residential,0.227,0.24,0.6604,0.48,0.5522,HIGH
T+60min,R-510,13619368460,13619368498,137.34,residential,0.264,0.29,0.7597,0.58,0.6519,HIGH
T+60min,R-511,13619368460,9771116360,35.05,residential,0.196,0.214,0.5491,0.428,0.4764,MODERATE
T+60min,R-512,13619368466,13619368459,71.23,residential,0.213,0.24,0.5607,0.48,0.5123,HIGH
T+60min,R-513,13619368466,13619368487,32.86,residential,0.226,0.246,0.6335,0.492,0.5486,HIGH
T+60min,R-514,13619368466,9771116360,58.73,residential,0.193,0.216,0.5108,0.432,0.4635,MODERATE
T+60min,R-515,13619368471,13619368459,19.88,residential,0.25,0.26,0.6847,0.52,0.5859,HIGH
T+60min,R-516,13619368471,13619368487,58.63,residential,0.244,0.26,0.6832,0.52,0.5853,HIGH
T+60min,R-517,13619368471,13620896407,93.24,residential,0.255,0.274,0.7408,0.548,0.6251,HIGH
T+60min,R-518,13619368472,12313982248,36.88,residential,0.275,0.277,0.6459,0.554,0.5908,HIGH
T+60min,R-519,13619368472,13619368475,27.84,residential,0.277,0.284,0.6489,0.568,0.6004,HIGH
T+60min,R-520,13619368472,13620896407,24.35,residential,0.268,0.277,0.6247,0.554,0.5823,HIGH
T+60min,R-521,13619368475,13619368472,27.84,residential,0.277,0.284,0.6489,0.568,0.6004,HIGH
T+60min,R-522,13619368475,13619368487,135.86,residential,0.269,0.29,0.7396,0.58,0.6438,HIGH
T+60min,R-523,13619368475,13620896407,8.53,residential,0.26,0.268,0.6184,0.536,0.569,HIGH
T+60min,R-524,13619368487,13619368466,32.86,residential,0.226,0.246,0.6335,0.492,0.5486,HIGH
T+60min,R-525,13619368487,13619368471,58.63,residential,0.244,0.26,0.6832,0.52,0.5853,HIGH
T+60min,R-526,13619368487,13619368475,135.86,residential,0.269,0.29,0.7396,0.58,0.6438,HIGH
T+60min,R-527,13619368498,13619368460,137.34,residential,0.264,0.29,0.7597,0.58,0.6519,HIGH
T+60min,R-528,13619374592,13619374593,14.32,residential,0.209,0.21,0.6964,0.42,0.5306,HIGH
T+60min,R-529,13619374592,2244637004,43.06,trunk,0.21,0.21,0.6643,0.42,0.5177,HIGH
T+60min,R-530,13619374593,13619374592,14.32,residential,0.209,0.21,0.6964,0.42,0.5306,HIGH
T+60min,R-531,13619374593,13619374596,37.21,residential,0.207,0.209,0.656,0.418,0.5132,HIGH
T+60min,R-532,13619374593,13619374597,15.61,residential,0.209,0.21,0.6596,0.42,0.5158,HIGH
T+60min,R-533,13619374596,13619374593,37.21,residential,0.207,0.209,0.656,0.418,0.5132,HIGH
T+60min,R-534,13619374597,13619374593,15.61,residential,0.209,0.21,0.6596,0.42,0.5158,HIGH
T+60min,R-535,13619396529,11046194845,29.14,residential,0.281,0.281,0.6163,0.562,0.5837,HIGH
T+60min,R-536,13619396529,13619396536,36.49,residential,,,,,,UNKNOWN
T+60min,R-537,13619396529,9171835705,19.0,residential,,,,,,UNKNOWN
T+60min,R-538,13619396536,10840042416,18.54,residential,,,,,,UNKNOWN
T+60min,R-539,13619396536,13619396529,36.49,residential,,,,,,UNKNOWN
T+60min,R-540,13619396536,9171835705,17.29,residential,,,,,,UNKNOWN
T+60min,R-541,13619400539,245668039,29.34,secondary_link,0.248,0.25,0.6912,0.5,0.5765,HIGH
T+60min,R-542,13619400539,7404711447,26.99,secondary,0.25,0.25,0.6776,0.5,0.571,HIGH
T+60min,R-543,13619401780,13619401781,15.74,residential,0.001,0.001,0.0507,0.002,0.0215,LOW
T+60min,R-544,13619401780,6554271017,12.32,residential,0.001,0.001,0.0246,0.002,0.011,LOW
T+60min,R-545,13619401780,6554271024,82.48,residential,0.073,0.163,0.2675,0.326,0.3026,MODERATE
T+60min,R-546,13619401781,13619401780,15.74,residential,0.001,0.001,0.0507,0.002,0.0215,LOW
T+60min,R-547,13619401781,13619401781,164.97,residential,0.018,0.053,0.144,0.106,0.1212,LOW
T+60min,R-548,13619401781,13619401781,164.97,residential,0.018,0.053,0.144,0.106,0.1212,LOW
T+60min,R-549,13619403785,13619403794,32.31,residential,,,,,,UNKNOWN
T+60min,R-550,13619403785,13619678849,18.09,residential,,,,,,UNKNOWN
T+60min,R-551,13619403785,245668197,22.99,residential,,,,,,UNKNOWN
T+60min,R-552,13619403787,13619433317,3.94,residential,,,,,,UNKNOWN
T+60min,R-553,13619403787,13619678849,2.55,residential,,,,,,UNKNOWN
T+60min,R-554,13619403787,245668286,71.42,residential,,,,,,UNKNOWN
T+60min,R-555,13619403788,13619403789,21.13,residential,,,,,,UNKNOWN
T+60min,R-556,13619403788,245668197,28.94,residential,,,,,,UNKNOWN
T+60min,R-557,13619403788,245668324,104.46,residential,,,,,,UNKNOWN
T+60min,R-558,13619403789,13619403788,21.13,residential,,,,,,UNKNOWN
T+60min,R-559,13619403794,13619403785,32.31,residential,,,,,,UNKNOWN
T+60min,R-560,13619412997,10925941300,44.77,residential,0.204,0.217,0.5379,0.434,0.4756,MODERATE
T+60min,R-561,13619412997,13619412997,128.29,residential,0.203,0.227,0.5476,0.454,0.4914,MODERATE
T+60min,R-562,13619412997,13619412997,128.29,residential,0.203,0.227,0.5476,0.454,0.4914,MODERATE
T+60min,R-563,13619433317,13619403787,3.94,residential,,,,,,UNKNOWN
T+60min,R-564,13619433317,13619433317,140.77,residential,,,,,,UNKNOWN
T+60min,R-565,13619433317,13619433317,140.77,residential,,,,,,UNKNOWN
T+60min,R-566,13619457121,13619457123,47.22,residential,0.155,0.167,0.4545,0.334,0.3822,MODERATE
T+60min,R-567,13619457122,13619457123,29.91,residential,0.165,0.173,0.4642,0.346,0.3933,MODERATE
T+60min,R-568,13619457123,13619457121,47.22,residential,0.155,0.167,0.4545,0.334,0.3822,MODERATE
T+60min,R-569,13619457123,13619457122,29.91,residential,0.165,0.173,0.4642,0.346,0.3933,MODERATE
T+60min,R-570,13619457123,13619457125,11.12,residential,0.163,0.169,0.4695,0.338,0.3906,MODERATE
T+60min,R-571,13619457125,13619457123,11.12,residential,0.163,0.169,0.4695,0.338,0.3906,MODERATE
T+60min,R-572,13619457125,7366246694,11.46,trunk_link,0.167,0.169,0.4886,0.338,0.3982,MODERATE
T+60min,R-573,13619463498,9445072347,9.05,residential,,,,,,UNKNOWN
T+60min,R-574,13619485519,10925931740,10.53,residential,0.195,0.198,0.5188,0.396,0.4451,MODERATE
T+60min,R-575,13619485519,10925931740,103.44,residential,0.196,0.214,0.5331,0.428,0.47,MODERATE
T+60min,R-576,13619485519,13619485526,7.17,residential,0.194,0.197,0.5115,0.394,0.441,MODERATE
T+60min,R-577,13619485526,10925931739,8.68,residential,0.194,0.197,0.5134,0.394,0.4418,MODERATE
T+60min,R-578,13619485526,10925931740,12.82,residential,0.19,0.191,0.5106,0.382,0.4334,MODERATE
T+60min,R-579,13619485526,13619485519,7.17,residential,0.194,0.197,0.5115,0.394,0.441,MODERATE
T+60min,R-580,13619491182,13619491183,59.67,residential,,,,,,UNKNOWN
T+60min,R-581,13619491182,13619500839,0.85,residential,,,,,,UNKNOWN
T+60min,R-582,13619491182,9171835708,24.98,residential,,,,,,UNKNOWN
T+60min,R-583,13619491183,13619491182,59.67,residential,,,,,,UNKNOWN
T+60min,R-584,13619491183,13619500841,11.05,residential,,,,,,UNKNOWN
T+60min,R-585,13619491183,9171835708,84.09,residential,,,,,,UNKNOWN
T+60min,R-586,13619491193,13619500813,22.86,residential,,,,,,UNKNOWN
T+60min,R-587,13619491193,9171835708,36.45,residential,,,,,,UNKNOWN
T+60min,R-588,13619491193,9171835708,99.37,residential,,,,,,UNKNOWN
T+60min,R-589,13619500809,13619500813,28.95,residential,,,,,,UNKNOWN
T+60min,R-590,13619500809,13619500813,96.19,residential,,,,,,UNKNOWN
T+60min,R-591,13619500809,13619500813,122.89,residential,,,,,,UNKNOWN
T+60min,R-592,13619500813,13619491193,22.86,residential,,,,,,UNKNOWN
T+60min,R-593,13619500813,13619500809,28.95,residential,,,,,,UNKNOWN
T+60min,R-594,13619500813,13619500809,96.19,residential,,,,,,UNKNOWN
T+60min,R-595,13619500813,13619500809,122.89,residential,,,,,,UNKNOWN
T+60min,R-596,13619500839,13619491182,0.85,residential,,,,,,UNKNOWN
T+60min,R-597,13619500841,10925943006,47.23,residential,,,,,,UNKNOWN
T+60min,R-598,13619500841,245668374,60.13,residential,,,,,,UNKNOWN
T+60min,R-599,13619507487,13601073293,103.13,residential,0.276,0.292,0.6966,0.584,0.629,HIGH
T+60min,R-600,13619515794,13619515794,103.82,residential,0.19,0.211,0.5374,0.422,0.4682,MODERATE
T+60min,R-601,13619515794,13619515794,103.82,residential,0.19,0.211,0.5374,0.422,0.4682,MODERATE
T+60min,R-602,13619515794,7384246086,5.6,residential,0.21,0.211,0.5417,0.422,0.4699,MODERATE
T+60min,R-603,13619536860,13618399201,52.8,residential,0.287,0.293,0.7904,0.586,0.6678,HIGH
T+60min,R-604,13619536860,13619536866,18.21,residential,0.282,0.287,0.63,0.574,0.5964,HIGH
T+60min,R-605,13619536866,13619536860,18.21,residential,0.282,0.287,0.63,0.574,0.5964,HIGH
T+60min,R-606,13619536866,13619536860,78.51,residential,0.298,0.314,0.7895,0.628,0.6926,HIGH
T+60min,R-607,13619536866,622039341,12.47,residential,0.271,0.279,0.6391,0.558,0.5904,HIGH
T+60min,R-608,13619539391,13619539396,14.57,residential,,,,,,UNKNOWN
T+60min,R-609,13619539391,13619539396,47.37,residential,,,,,,UNKNOWN
T+60min,R-610,13619539391,13622435420,16.31,residential,,,,,,UNKNOWN
T+60min,R-611,13619539396,13619539391,14.57,residential,,,,,,UNKNOWN
T+60min,R-612,13619539396,13619539391,47.37,residential,,,,,,UNKNOWN
T+60min,R-613,13619539396,2244797706,35.28,residential,,,,,,UNKNOWN
T+60min,R-614,13619570121,13619570121,191.6,residential,,,,,,UNKNOWN
T+60min,R-615,13619570121,13619570121,191.6,residential,,,,,,UNKNOWN
T+60min,R-616,13619570121,2244797706,14.73,residential,,,,,,UNKNOWN
T+60min,R-617,13619604480,13622528188,6.51,residential,0.244,0.244,0.6167,0.488,0.5395,HIGH
T+60min,R-618,13619604480,13622528191,1.56,residential,,,,,,UNKNOWN
T+60min,R-619,13619604480,9914206292,28.2,residential,0.24,0.247,0.6042,0.494,0.5381,HIGH
T+60min,R-620,13619678849,13619403785,18.09,residential,,,,,,UNKNOWN
T+60min,R-621,13619678849,13619403787,2.55,residential,,,,,,UNKNOWN
T+60min,R-622,13619678849,13619678859,83.26,residential,,,,,,UNKNOWN
T+60min,R-623,13619678859,13619678849,83.26,residential,,,,,,UNKNOWN
T+60min,R-624,13619678859,13622445020,12.85,residential,,,,,,UNKNOWN
T+60min,R-625,13619678859,9171835705,53.15,residential,,,,,,UNKNOWN
T+60min,R-626,13619939784,2897024523,18.49,secondary,0.11,0.117,0.4439,0.234,0.318,MODERATE
T+60min,R-627,13619939784,2897024614,230.93,primary,0.114,0.136,0.4834,0.272,0.3566,MODERATE
T+60min,R-628,13620657537,245666801,134.61,residential,0.286,0.301,0.8174,0.602,0.6882,HIGH
T+60min,R-629,13620896407,13619368471,93.24,residential,0.255,0.274,0.7408,0.548,0.6251,HIGH
T+60min,R-630,13620896407,13619368472,24.35,residential,0.268,0.277,0.6247,0.554,0.5823,HIGH
T+60min,R-631,13620896407,13619368475,8.53,residential,0.26,0.268,0.6184,0.536,0.569,HIGH
T+60min,R-632,13620903019,13622445031,7.81,residential,,,,,,UNKNOWN
T+60min,R-633,13620903019,13622445936,24.83,residential,,,,,,UNKNOWN
T+60min,R-634,13620903019,13622450251,38.98,residential,,,,,,UNKNOWN
T+60min,R-635,13620903026,13622450256,3.89,residential,,,,,,UNKNOWN
T+60min,R-636,13621749580,13621749581,12.68,residential,0.158,0.158,0.4614,0.316,0.3742,MODERATE
T+60min,R-637,13621749581,13621749580,12.68,residential,0.158,0.158,0.4614,0.316,0.3742,MODERATE
T+60min,R-638,13621749581,13621749583,2.65,residential,0.158,0.158,0.4614,0.316,0.3742,MODERATE
T+60min,R-639,13621749581,245668277,25.79,residential,0.167,0.177,0.4708,0.354,0.4007,MODERATE
T+60min,R-640,13621749583,13621749581,2.65,residential,0.158,0.158,0.4614,0.316,0.3742,MODERATE
T+60min,R-641,13621749583,13621749584,13.09,residential,0.158,0.158,0.4614,0.316,0.3742,MODERATE
T+60min,R-642,13621749583,13621749587,2.96,residential,0.158,0.158,0.4614,0.316,0.3742,MODERATE
T+60min,R-643,13621749584,13621749583,13.09,residential,0.158,0.158,0.4614,0.316,0.3742,MODERATE
T+60min,R-644,13621749585,13621749587,12.85,residential,0.157,0.158,0.4602,0.316,0.3737,MODERATE
T+60min,R-645,13621749587,13621749583,2.96,residential,0.158,0.158,0.4614,0.316,0.3742,MODERATE
T+60min,R-646,13621749587,13621749585,12.85,residential,0.157,0.158,0.4602,0.316,0.3737,MODERATE
T+60min,R-647,13621749587,13621749595,33.6,residential,0.157,0.158,0.456,0.316,0.372,MODERATE
T+60min,R-648,13621749595,13621749587,33.6,residential,0.157,0.158,0.456,0.316,0.372,MODERATE
T+60min,R-649,13621749595,13621749598,17.1,residential,0.179,0.179,0.4882,0.358,0.4101,MODERATE
T+60min,R-650,13621749595,13621749599,6.5,residential,0.167,0.167,0.4675,0.334,0.3874,MODERATE
T+60min,R-651,13621749598,13621749595,17.1,residential,0.179,0.179,0.4882,0.358,0.4101,MODERATE
T+60min,R-652,13621749598,13621749599,11.9,residential,0.173,0.179,0.4773,0.358,0.4057,MODERATE
T+60min,R-653,13621749598,13621749599,84.01,residential,0.184,0.202,0.5588,0.404,0.4659,MODERATE
T+60min,R-654,13621749599,13621749595,6.5,residential,0.167,0.167,0.4675,0.334,0.3874,MODERATE
T+60min,R-655,13621749599,13621749598,11.9,residential,0.173,0.179,0.4773,0.358,0.4057,MODERATE
T+60min,R-656,13621749599,13621749598,84.01,residential,0.184,0.202,0.5588,0.404,0.4659,MODERATE
T+60min,R-657,13621886865,13621886866,61.16,residential,0.202,0.209,0.6204,0.418,0.499,MODERATE
T+60min,R-658,13621886865,13621886870,28.86,tertiary,0.186,0.189,0.5773,0.378,0.4577,MODERATE
T+60min,R-659,13621886865,6428811270,42.25,tertiary,0.186,0.193,0.5405,0.386,0.4478,MODERATE
T+60min,R-660,13621886866,13621886865,61.16,residential,0.202,0.209,0.6204,0.418,0.499,MODERATE
T+60min,R-661,13621886869,13621886870,36.93,residential,0.188,0.201,0.5521,0.402,0.462,MODERATE
T+60min,R-662,13621886870,13619318854,97.18,tertiary,0.152,0.18,0.4839,0.36,0.4096,MODERATE
T+60min,R-663,13621886870,13621886865,28.86,tertiary,0.186,0.189,0.5773,0.378,0.4577,MODERATE
T+60min,R-664,13621886870,13621886869,36.93,residential,0.188,0.201,0.5521,0.402,0.462,MODERATE
T+60min,R-665,13621901230,13621901231,7.57,tertiary_link,0.22,0.223,0.595,0.446,0.5056,HIGH
T+60min,R-666,13621901230,6428811268,34.8,tertiary,0.233,0.241,0.6483,0.482,0.5485,HIGH
T+60min,R-667,13621901231,12350446597,54.55,tertiary,0.193,0.216,0.5482,0.432,0.4785,MODERATE
T+60min,R-668,13621901231,13621901230,7.57,tertiary_link,0.22,0.223,0.595,0.446,0.5056,HIGH
T+60min,R-669,13621901232,12350446596,51.38,tertiary,0.149,0.165,0.5108,0.33,0.4023,MODERATE
T+60min,R-670,13621901232,13621901233,7.31,tertiary_link,0.141,0.141,0.4708,0.282,0.3575,MODERATE
T+60min,R-671,13621901233,13621901232,7.31,tertiary_link,0.141,0.141,0.4708,0.282,0.3575,MODERATE
T+60min,R-672,13622308157,13622308160,36.75,tertiary,,,,,,UNKNOWN
T+60min,R-673,13622308160,13622308157,36.75,tertiary,,,,,,UNKNOWN
T+60min,R-674,13622308160,13622308161,36.39,residential,,,,,,UNKNOWN
T+60min,R-675,13622308160,13622308163,93.79,tertiary,,,,,,UNKNOWN
T+60min,R-676,13622308161,13622308160,36.39,residential,,,,,,UNKNOWN
T+60min,R-677,13622308163,13622308160,93.79,tertiary,,,,,,UNKNOWN
T+60min,R-678,13622308163,13622308164,43.63,residential,,,,,,UNKNOWN
T+60min,R-679,13622308163,13622308171,53.68,tertiary,0.156,0.156,0.4503,0.312,0.3673,MODERATE
T+60min,R-680,13622308164,13622308163,43.63,residential,,,,,,UNKNOWN
T+60min,R-681,13622308166,11976374939,65.09,tertiary,0.186,0.191,0.6464,0.382,0.4878,MODERATE
T+60min,R-682,13622308166,13622308171,26.02,tertiary,0.162,0.173,0.5406,0.346,0.4238,MODERATE
T+60min,R-683,13622308166,13622308171,39.49,residential,0.169,0.18,0.5679,0.36,0.4432,MODERATE
T+60min,R-684,13622308171,13622308163,53.68,tertiary,0.156,0.156,0.4503,0.312,0.3673,MODERATE
T+60min,R-685,13622308171,13622308166,26.02,tertiary,0.162,0.173,0.5406,0.346,0.4238,MODERATE
T+60min,R-686,13622308171,13622308166,39.49,residential,0.169,0.18,0.5679,0.36,0.4432,MODERATE
T+60min,R-687,13622393246,13622393246,87.86,residential,0.182,0.191,0.6278,0.382,0.4803,MODERATE
T+60min,R-688,13622393246,13622393246,87.86,residential,0.182,0.191,0.6278,0.382,0.4803,MODERATE
T+60min,R-689,13622393246,5911310878,29.93,residential,0.185,0.192,0.6201,0.384,0.4784,MODERATE
T+60min,R-690,13622435420,13619539391,16.31,residential,,,,,,UNKNOWN
T+60min,R-691,13622435420,13622435423,8.32,residential,,,,,,UNKNOWN
T+60min,R-692,13622435420,6489058155,52.42,residential,,,,,,UNKNOWN
T+60min,R-693,13622435423,13622435420,8.32,residential,,,,,,UNKNOWN
T+60min,R-694,13622435423,13622435424,14.06,residential,,,,,,UNKNOWN
T+60min,R-695,13622435423,13622450250,27.16,residential,,,,,,UNKNOWN
T+60min,R-696,13622435424,13622435423,14.06,residential,,,,,,UNKNOWN
T+60min,R-697,13622445020,13619678859,12.85,residential,,,,,,UNKNOWN
T+60min,R-698,13622445020,13622445031,89.79,residential,,,,,,UNKNOWN
T+60min,R-699,13622445020,245668286,9.07,residential,,,,,,UNKNOWN
T+60min,R-700,13622445031,13620903019,7.81,residential,,,,,,UNKNOWN
T+60min,R-701,13622445031,13622445020,89.79,residential,,,,,,UNKNOWN
T+60min,R-702,13622445031,13622445933,3.46,residential,,,,,,UNKNOWN
T+60min,R-703,13622445933,13622445031,3.46,residential,,,,,,UNKNOWN
T+60min,R-704,13622445933,13622445935,31.17,residential,,,,,,UNKNOWN
T+60min,R-705,13622445933,245668286,2.71,residential,,,,,,UNKNOWN
T+60min,R-706,13622445935,13622445933,31.17,residential,,,,,,UNKNOWN
T+60min,R-707,13622445936,13620903019,24.83,residential,,,,,,UNKNOWN
T+60min,R-708,13622445936,13622445937,12.05,residential,,,,,,UNKNOWN
T+60min,R-709,13622445936,6489058155,9.93,residential,,,,,,UNKNOWN
T+60min,R-710,13622445937,13622445936,12.05,residential,,,,,,UNKNOWN
T+60min,R-711,13622450250,13622435423,27.16,residential,,,,,,UNKNOWN
T+60min,R-712,13622450251,13620903019,38.98,residential,,,,,,UNKNOWN
T+60min,R-713,13622450251,13622450256,17.73,residential,,,,,,UNKNOWN
T+60min,R-714,13622450251,13622450256,49.66,residential,,,,,,UNKNOWN
T+60min,R-715,13622450256,13620903026,3.89,residential,,,,,,UNKNOWN
T+60min,R-716,13622450256,13622450251,17.73,residential,,,,,,UNKNOWN
T+60min,R-717,13622450256,13622450251,49.66,residential,,,,,,UNKNOWN
T+60min,R-718,13622492455,11046205759,2.71,residential,0.182,0.182,0.5071,0.364,0.4212,MODERATE
T+60min,R-719,13622492455,13622492455,70.2,residential,0.171,0.182,0.498,0.364,0.4176,MODERATE
T+60min,R-720,13622492455,13622492455,70.2,residential,0.171,0.182,0.498,0.364,0.4176,MODERATE
T+60min,R-721,13622492459,11046205760,27.53,residential,0.198,0.205,0.5173,0.41,0.4529,MODERATE
T+60min,R-722,13622503093,10925941300,33.46,residential,0.22,0.223,0.5826,0.446,0.5006,HIGH
T+60min,R-723,13622503093,10925943006,9.08,residential,,,,,,UNKNOWN
T+60min,R-724,13622503093,13622531608,11.41,residential,,,,,,UNKNOWN
T+60min,R-725,13622528187,13622528188,26.61,residential,0.239,0.244,0.6352,0.488,0.5469,HIGH
T+60min,R-726,13622528188,13619604480,6.51,residential,0.244,0.244,0.6167,0.488,0.5395,HIGH
T+60min,R-727,13622528188,13622528187,26.61,residential,0.239,0.244,0.6352,0.488,0.5469,HIGH
T+60min,R-728,13622528188,13622528189,15.17,residential,0.237,0.244,0.5943,0.488,0.5305,HIGH
T+60min,R-729,13622528189,13622528188,15.17,residential,0.237,0.244,0.5943,0.488,0.5305,HIGH
T+60min,R-730,13622528191,10925943006,15.5,residential,,,,,,UNKNOWN
T+60min,R-731,13622528191,13619604480,1.56,residential,,,,,,UNKNOWN
T+60min,R-732,13622528191,9914206292,79.32,residential,0.226,0.233,0.5598,0.466,0.5035,HIGH
T+60min,R-733,13622531608,13622503093,11.41,residential,,,,,,UNKNOWN
T+60min,R-734,13622531608,13622531608,97.62,residential,0.206,0.217,0.5256,0.434,0.4706,MODERATE
T+60min,R-735,13622531608,13622531608,97.62,residential,0.206,0.217,0.5256,0.434,0.4706,MODERATE
T+60min,R-736,13626183249,13626183260,6.93,residential,0.332,0.336,0.7666,0.672,0.7098,HIGH
T+60min,R-737,13626183249,245666901,29.88,tertiary,0.331,0.336,0.7441,0.672,0.7008,HIGH
T+60min,R-738,13626183257,11047568171,126.95,residential,0.242,0.25,0.6199,0.5,0.548,HIGH
T+60min,R-739,13626183257,13626183258,55.37,residential,0.256,0.27,0.6552,0.54,0.5861,HIGH
T+60min,R-740,13626183257,245666901,111.52,residential,0.286,0.325,0.6372,0.65,0.6449,HIGH
T+60min,R-741,13626183258,13626183257,55.37,residential,0.256,0.27,0.6552,0.54,0.5861,HIGH
T+60min,R-742,13626183259,10055232024,7.16,residential,0.286,0.286,0.5725,0.572,0.5722,HIGH
T+60min,R-743,13626183259,10055232027,90.39,residential,0.245,0.286,0.5675,0.572,0.5702,HIGH
T+60min,R-744,13626183259,13639959261,22.54,residential,0.299,0.313,0.6494,0.626,0.6354,HIGH
T+60min,R-745,13626183260,13626183250,4.87,residential,0.325,0.327,0.7567,0.654,0.6951,HIGH
T+60min,R-746,13626183260,13639959261,19.36,residential,0.324,0.33,0.7436,0.66,0.6934,HIGH
T+60min,R-747,13638081803,13638081804,73.08,residential,0.24,0.266,0.5448,0.532,0.5371,HIGH
T+60min,R-748,13638081803,13638081811,9.23,residential,0.224,0.232,0.543,0.464,0.4956,MODERATE
T+60min,R-749,13638081803,13638081813,8.65,residential,0.214,0.216,0.5262,0.432,0.4697,MODERATE
T+60min,R-750,13638081804,13638081803,73.08,residential,0.24,0.266,0.5448,0.532,0.5371,HIGH
T+60min,R-751,13638081805,13638081806,74.6,residential,0.281,0.311,0.6352,0.622,0.6273,HIGH
T+60min,R-752,13638081805,13638081807,125.54,residential,0.286,0.32,0.6429,0.64,0.6412,HIGH
T+60min,R-753,13638081805,13638081809,31.06,residential,0.239,0.246,0.5761,0.492,0.5256,HIGH
T+60min,R-754,13638081805,13638081811,19.75,residential,0.237,0.246,0.5656,0.492,0.5214,HIGH
T+60min,R-755,13638081806,13638081805,74.6,residential,0.281,0.311,0.6352,0.622,0.6273,HIGH
T+60min,R-756,13638081807,13638081805,125.54,residential,0.286,0.32,0.6429,0.64,0.6412,HIGH
T+60min,R-757,13638081807,13638081817,38.09,tertiary,0.308,0.319,0.6927,0.638,0.6599,HIGH
T+60min,R-758,13638081807,245666901,20.6,tertiary,0.322,0.325,0.7216,0.65,0.6786,HIGH
T+60min,R-759,13638081809,13638081805,31.06,residential,0.239,0.246,0.5761,0.492,0.5256,HIGH
T+60min,R-760,13638081810,13638081811,31.39,residential,0.228,0.232,0.5543,0.464,0.5001,HIGH
T+60min,R-761,13638081811,13638081803,9.23,residential,0.224,0.232,0.543,0.464,0.4956,MODERATE
T+60min,R-762,13638081811,13638081805,19.75,residential,0.237,0.246,0.5656,0.492,0.5214,HIGH
T+60min,R-763,13638081811,13638081810,31.39,residential,0.228,0.232,0.5543,0.464,0.5001,HIGH
T+60min,R-764,13638081813,13638081803,8.65,residential,0.214,0.216,0.5262,0.432,0.4697,MODERATE
T+60min,R-765,13638081816,13638081817,13.27,residential,0.287,0.296,0.5958,0.592,0.5935,HIGH
T+60min,R-766,13638081817,13638081807,38.09,tertiary,0.308,0.319,0.6927,0.638,0.6599,HIGH
T+60min,R-767,13638081817,13638081816,13.27,residential,0.287,0.296,0.5958,0.592,0.5935,HIGH
T+60min,R-768,13638081817,245666881,44.87,tertiary,0.293,0.307,0.5942,0.614,0.6061,HIGH
T+60min,R-769,13638081818,13638081819,10.0,residential,0.248,0.253,0.5449,0.506,0.5216,HIGH
T+60min,R-770,13638081818,13638081821,40.15,residential,0.219,0.242,0.5206,0.484,0.4986,MODERATE
T+60min,R-771,13638081818,245666881,25.11,residential,0.279,0.307,0.5851,0.614,0.6024,HIGH
T+60min,R-772,13638081819,13638081818,10.0,residential,0.248,0.253,0.5449,0.506,0.5216,HIGH
T+60min,R-773,13638081821,13638081818,40.15,residential,0.219,0.242,0.5206,0.484,0.4986,MODERATE
T+60min,R-774,13638530342,245666351,13.01,residential,0.18,0.18,0.5428,0.36,0.4331,MODERATE
T+60min,R-775,13638535652,10696472308,64.73,residential,0.097,0.153,0.3684,0.306,0.331,MODERATE
T+60min,R-776,13638535652,10696472309,3.19,residential,0.153,0.153,0.4442,0.306,0.3613,MODERATE
T+60min,R-777,13638535652,13638535654,45.47,residential,0.185,0.206,0.5112,0.412,0.4517,MODERATE
T+60min,R-778,13638535652,245666190,74.18,residential,0.166,0.173,0.5097,0.346,0.4115,MODERATE
T+60min,R-779,13638535653,13638535654,39.0,residential,0.22,0.234,0.6599,0.468,0.5448,HIGH
T+60min,R-780,13638535654,13638535652,45.47,residential,0.185,0.206,0.5112,0.412,0.4517,MODERATE
T+60min,R-781,13638535654,13638535653,39.0,residential,0.22,0.234,0.6599,0.468,0.5448,HIGH
T+60min,R-782,13638535654,13638535655,73.26,residential,0.191,0.206,0.5688,0.412,0.4747,MODERATE
T+60min,R-783,13638535655,13638535654,73.26,residential,0.191,0.206,0.5687,0.412,0.4747,MODERATE
T+60min,R-784,13638535655,2439333822,45.9,residential,0.198,0.201,0.5945,0.402,0.479,MODERATE
T+60min,R-785,13638535655,245666190,46.91,residential,0.181,0.201,0.5597,0.402,0.4651,MODERATE
T+60min,R-786,13638535656,2439333822,61.17,residential,0.207,0.224,0.6048,0.448,0.5107,HIGH
T+60min,R-787,13638535661,245666446,65.41,residential,0.193,0.202,0.5312,0.404,0.4549,MODERATE
T+60min,R-788,13638535670,10696472306,39.79,residential,0.183,0.185,0.544,0.37,0.4396,MODERATE
T+60min,R-789,13638535670,13638535674,53.61,residential,0.182,0.186,0.535,0.372,0.4372,MODERATE
T+60min,R-790,13638535670,245666446,97.55,residential,0.185,0.2,0.5421,0.4,0.4568,MODERATE
T+60min,R-791,13638535674,13638535670,53.61,residential,0.182,0.186,0.535,0.372,0.4372,MODERATE
T+60min,R-792,13638535675,10696472306,29.79,residential,0.183,0.191,0.5401,0.382,0.4452,MODERATE
T+60min,R-793,13638535675,10696472307,33.56,residential,0.141,0.173,0.4436,0.346,0.385,MODERATE
T+60min,R-794,13638535675,13638535679,46.38,residential,0.186,0.196,0.5657,0.392,0.4615,MODERATE
T+60min,R-795,13638535679,13638535675,46.38,residential,0.186,0.196,0.5657,0.392,0.4615,MODERATE
T+60min,R-796,13638535681,10696472351,16.07,residential,0.202,0.21,0.5545,0.42,0.4738,MODERATE
T+60min,R-797,13638535681,10696472356,14.31,residential,0.213,0.22,0.5801,0.44,0.496,MODERATE
T+60min,R-798,13638535681,13638535682,74.05,residential,0.198,0.211,0.5281,0.422,0.4644,MODERATE
T+60min,R-799,13638535682,10294725029,24.64,residential,0.199,0.203,0.5114,0.406,0.4482,MODERATE
T+60min,R-800,13638535682,13638535681,74.05,residential,0.198,0.211,0.5281,0.422,0.4644,MODERATE
T+60min,R-801,13638535682,13638535685,350.21,residential,0.244,0.291,0.6384,0.582,0.6046,HIGH
T+60min,R-802,13638535682,13638546110,45.74,residential,0.221,0.239,0.5339,0.478,0.5004,HIGH
T+60min,R-803,13638535683,10696472347,64.81,residential,0.194,0.236,0.5435,0.472,0.5006,HIGH
T+60min,R-804,13638535683,10696472350,64.98,residential,0.146,0.153,0.4788,0.306,0.3751,MODERATE
T+60min,R-805,13638535683,13638535684,73.54,residential,0.197,0.238,0.5206,0.476,0.4938,MODERATE
T+60min,R-806,13638535684,13638535683,73.54,residential,0.197,0.238,0.5206,0.476,0.4938,MODERATE
T+60min,R-807,13638535684,13638546112,36.29,residential,0.244,0.253,0.6129,0.506,0.5488,HIGH
T+60min,R-808,13638535684,13638546126,11.87,residential,0.236,0.242,0.5888,0.484,0.5259,HIGH
T+60min,R-809,13638535685,10696472350,72.75,residential,0.175,0.225,0.5134,0.45,0.4754,MODERATE
T+60min,R-810,13638535685,13638535682,350.21,residential,0.244,0.291,0.6384,0.582,0.6046,HIGH
T+60min,R-811,13638535685,13638535686,66.86,residential,0.213,0.228,0.5667,0.456,0.5003,HIGH
T+60min,R-812,13638535685,13638546126,53.41,residential,0.234,0.241,0.6075,0.482,0.5322,HIGH
T+60min,R-813,13638535686,10696472349,74.14,residential,0.191,0.228,0.5482,0.456,0.4929,MODERATE
T+60min,R-814,13638535686,13638535685,66.86,residential,0.213,0.228,0.5667,0.456,0.5003,HIGH
T+60min,R-815,13638535686,245666191,66.58,residential,0.204,0.228,0.5928,0.456,0.5107,HIGH
T+60min,R-816,13638546109,13638546109,99.63,residential,0.281,0.294,0.7383,0.588,0.6481,HIGH
T+60min,R-817,13638546109,13638546109,99.63,residential,0.281,0.294,0.7383,0.588,0.6481,HIGH
T+60min,R-818,13638546109,13638546110,26.52,residential,0.255,0.274,0.6353,0.548,0.5829,HIGH
T+60min,R-819,13638546110,13638535682,45.74,residential,0.221,0.239,0.5339,0.478,0.5004,HIGH
T+60min,R-820,13638546110,13638546109,26.52,residential,0.255,0.274,0.6353,0.548,0.5829,HIGH
T+60min,R-821,13638546110,245666482,17.87,residential,0.244,0.248,0.6513,0.496,0.5581,HIGH
T+60min,R-822,13638546111,13638546111,99.61,residential,0.27,0.282,0.7118,0.564,0.6231,HIGH
T+60min,R-823,13638546111,13638546111,99.61,residential,0.27,0.282,0.7118,0.564,0.6231,HIGH
T+60min,R-824,13638546111,13638546112,25.62,residential,0.263,0.271,0.6695,0.542,0.593,HIGH
T+60min,R-825,13638546112,13638535684,36.29,residential,0.244,0.253,0.6129,0.506,0.5488,HIGH
T+60min,R-826,13638546112,13638546111,25.62,residential,0.263,0.271,0.6695,0.542,0.593,HIGH
T+60min,R-827,13638546112,245666482,29.08,residential,0.25,0.253,0.6974,0.506,0.5826,HIGH
T+60min,R-828,13638546125,13638546125,94.87,residential,0.263,0.268,0.6983,0.536,0.6009,HIGH
T+60min,R-829,13638546125,13638546125,94.87,residential,0.263,0.268,0.6983,0.536,0.6009,HIGH
T+60min,R-830,13638546125,13638546126,27.14,residential,0.249,0.267,0.6533,0.534,0.5817,HIGH
T+60min,R-831,13638546126,13638535684,11.87,residential,0.236,0.242,0.5882,0.484,0.5257,HIGH
T+60min,R-832,13638546126,13638535685,53.41,residential,0.234,0.241,0.6075,0.482,0.5322,HIGH
T+60min,R-833,13638546126,13638546125,27.14,residential,0.249,0.267,0.6533,0.534,0.5817,HIGH
T+60min,R-834,13639959260,13626183249,18.8,tertiary,0.329,0.336,0.7499,0.672,0.7032,HIGH
T+60min,R-835,13639959260,13639959261,7.09,residential,0.317,0.321,0.7098,0.642,0.6691,HIGH
T+60min,R-836,13639959261,13626183259,22.54,residential,0.299,0.313,0.6494,0.626,0.6354,HIGH
T+60min,R-837,13639959261,13626183260,19.36,residential,0.324,0.33,0.7436,0.66,0.6934,HIGH
T+60min,R-838,13639959261,13639959260,7.09,residential,0.317,0.321,0.7098,0.642,0.6691,HIGH
T+60min,R-839,1375215100,1375215119,153.45,residential,0.233,0.246,0.635,0.492,0.5492,HIGH
T+60min,R-840,1375215100,14104987804,39.68,residential,0.239,0.247,0.6028,0.494,0.5375,HIGH
T+60min,R-841,1375215100,2244637027,35.49,residential,0.207,0.222,0.5616,0.444,0.491,MODERATE
T+60min,R-842,1375215119,1375215100,153.45,residential,0.233,0.246,0.635,0.492,0.5492,HIGH
T+60min,R-843,1375215119,245668000,42.9,tertiary,0.23,0.244,0.597,0.488,0.5316,HIGH
T+60min,R-844,1375215119,7404711455,95.82,tertiary,0.174,0.214,0.5203,0.428,0.4649,MODERATE
T+60min,R-845,1375251567,245668185,40.24,residential,0.151,0.16,0.4768,0.32,0.3827,MODERATE
T+60min,R-846,1375251567,245668277,150.21,tertiary,0.158,0.177,0.4932,0.354,0.4097,MODERATE
T+60min,R-847,1375251567,5911310869,430.52,tertiary,0.163,0.2,0.5225,0.4,0.449,MODERATE
T+60min,R-848,13798210715,13798210737,8.15,residential,0.327,0.341,0.7713,0.682,0.7177,HIGH
T+60min,R-849,13798210715,6926279721,49.99,trunk,0.346,0.354,0.7525,0.708,0.7258,HIGH
T+60min,R-850,13798210723,6926279717,56.29,residential,0.184,0.191,0.4846,0.382,0.423,MODERATE
T+60min,R-851,13798210725,13798210735,31.96,residential,0.215,0.228,0.5179,0.456,0.4808,MODERATE
T+60min,R-852,13798210725,6926279716,26.82,residential,0.268,0.311,0.6573,0.622,0.6361,HIGH
T+60min,R-853,13798210725,6926279717,28.31,residential,0.209,0.228,0.5112,0.456,0.4781,MODERATE
T+60min,R-854,13798210730,6926279716,56.49,residential,0.324,0.36,0.7294,0.72,0.7238,HIGH
T+60min,R-855,13798210735,13798210725,31.96,residential,0.215,0.228,0.5179,0.456,0.4808,MODERATE
T+60min,R-856,13798210735,13798210737,155.84,residential,0.249,0.314,0.6139,0.628,0.6224,HIGH
T+60min,R-857,13798210735,6926279717,15.95,residential,0.197,0.204,0.5112,0.408,0.4493,MODERATE
T+60min,R-858,13798210737,13798210715,8.15,residential,0.327,0.341,0.7713,0.682,0.7177,HIGH
T+60min,R-859,13798210737,13798210735,155.84,residential,0.249,0.314,0.6139,0.628,0.6224,HIGH
T+60min,R-860,13798210737,13798210738,51.18,residential,0.343,0.363,0.7676,0.726,0.7426,HIGH
T+60min,R-861,13798210738,13798210737,51.18,residential,0.343,0.363,0.7676,0.726,0.7426,HIGH
T+60min,R-862,13798210738,6926279716,18.95,residential,0.344,0.363,0.7615,0.726,0.7402,HIGH
T+60min,R-863,13798210738,6926279721,8.99,residential,0.359,0.363,0.7563,0.726,0.7381,HIGH
T+60min,R-864,13798244194,10245790327,10.55,residential,0.157,0.166,0.4792,0.332,0.3909,MODERATE
T+60min,R-865,13798244194,13798244195,31.94,residential,0.161,0.166,0.4718,0.332,0.3879,MODERATE
T+60min,R-866,13798244195,13798244194,31.94,residential,0.161,0.166,0.4718,0.332,0.3879,MODERATE
T+60min,R-867,13798244195,13798244196,156.29,residential,0.213,0.245,0.635,0.49,0.548,HIGH
T+60min,R-868,13798244196,13798244194,27.04,residential,0.184,0.205,0.5552,0.41,0.4681,MODERATE
T+60min,R-869,13798244196,13798244197,24.98,residential,0.195,0.205,0.5807,0.41,0.4783,MODERATE
T+60min,R-870,13798244197,13798244196,24.98,residential,0.195,0.205,0.5801,0.41,0.478,MODERATE
T+60min,R-871,13798296276,13798296277,6.17,residential,0.178,0.178,0.5137,0.356,0.4191,MODERATE
T+60min,R-872,13798296276,13798296286,48.23,trunk,0.163,0.178,0.4876,0.356,0.4086,MODERATE
T+60min,R-873,13798296277,13798296276,6.17,residential,0.178,0.178,0.5137,0.356,0.4191,MODERATE
T+60min,R-874,13798296277,13798296287,13.51,residential,0.179,0.182,0.5095,0.364,0.4222,MODERATE
T+60min,R-875,13798296277,13798296297,19.63,residential,0.192,0.207,0.5375,0.414,0.4634,MODERATE
T+60min,R-876,13798296286,10245790327,5.22,trunk,0.154,0.158,0.482,0.316,0.3824,MODERATE
T+60min,R-877,13798296286,13798296288,7.22,residential,0.158,0.158,0.479,0.316,0.3812,MODERATE
T+60min,R-878,13798296287,13798296277,13.51,residential,0.179,0.182,0.5095,0.364,0.4222,MODERATE
T+60min,R-879,13798296288,13798296286,7.22,residential,0.158,0.158,0.479,0.316,0.3812,MODERATE
T+60min,R-880,13798296288,13798296289,87.25,residential,0.214,0.247,0.6345,0.494,0.5502,HIGH
T+60min,R-881,13798296288,13815611429,23.66,residential,0.167,0.177,0.4794,0.354,0.4042,MODERATE
T+60min,R-882,13798296289,13798296288,87.25,residential,0.214,0.247,0.6345,0.494,0.5502,HIGH
T+60min,R-883,13798296289,13798296297,14.44,residential,0.223,0.238,0.5986,0.476,0.525,HIGH
T+60min,R-884,13798296289,13798296297,63.43,residential,0.213,0.238,0.5842,0.476,0.5193,HIGH
T+60min,R-885,13798296297,13798296277,19.63,residential,0.192,0.207,0.5375,0.414,0.4634,MODERATE
T+60min,R-886,13798296297,13798296289,14.44,residential,0.223,0.238,0.5986,0.476,0.525,HIGH
T+60min,R-887,13798296297,13798296289,63.43,residential,0.213,0.238,0.5842,0.476,0.5193,HIGH
T+60min,R-888,13815611429,13798296288,23.66,residential,0.167,0.177,0.4795,0.354,0.4042,MODERATE
T+60min,R-889,14090541020,10279771623,45.09,primary,0.26,0.26,0.5865,0.52,0.5466,HIGH
T+60min,R-890,14104987804,1375215100,39.68,residential,0.239,0.247,0.6028,0.494,0.5375,HIGH
T+60min,R-891,14104987804,245667863,4.84,residential,0.246,0.247,0.598,0.494,0.5356,HIGH
T+60min,R-892,14104987804,2897024862,300.37,secondary,0.137,0.25,0.4572,0.5,0.4829,MODERATE
T+60min,R-893,14104987809,2244637021,74.16,residential,0.198,0.218,0.5536,0.436,0.483,MODERATE
T+60min,R-894,14130497014,14130497015,20.82,residential,,,,,,UNKNOWN
T+60min,R-895,14130497014,245668208,194.59,residential,,,,,,UNKNOWN
T+60min,R-896,14130497014,9684698224,20.89,residential,,,,,,UNKNOWN
T+60min,R-897,14130497015,14130497014,20.82,residential,,,,,,UNKNOWN
T+60min,R-898,14130497022,9684698224,12.76,residential,,,,,,UNKNOWN
T+60min,R-899,1934627523,245667676,129.94,residential,0.192,0.229,0.6147,0.458,0.5207,HIGH
T+60min,R-900,1934627523,245667685,78.23,residential,0.136,0.157,0.4226,0.314,0.3574,MODERATE
T+60min,R-901,1934627523,6490872923,21.5,residential,0.129,0.152,0.4078,0.304,0.3455,MODERATE
T+60min,R-902,2244637004,13614452347,193.91,trunk,0.214,0.262,0.6101,0.524,0.5584,HIGH
T+60min,R-903,2244637004,2244637007,89.18,residential,0.17,0.21,0.5133,0.42,0.4573,MODERATE
T+60min,R-904,2244637004,245667542,25.01,residential,0.208,0.21,0.6216,0.42,0.5006,HIGH
T+60min,R-905,2244637007,13408237102,132.8,residential,0.139,0.193,0.469,0.386,0.4192,MODERATE
T+60min,R-906,2244637007,2244637004,89.18,residential,0.17,0.21,0.5138,0.42,0.4575,MODERATE
T+60min,R-907,2244637007,245667730,204.59,residential,0.069,0.133,0.3229,0.266,0.2888,MODERATE
T+60min,R-908,2244637012,11054646813,57.63,residential,0.171,0.217,0.4587,0.434,0.4439,MODERATE
T+60min,R-909,2244637012,6491091371,66.53,residential,0.209,0.228,0.5268,0.456,0.4843,MODERATE
T+60min,R-910,2244637012,6491091372,66.0,residential,0.18,0.217,0.4838,0.434,0.4539,MODERATE
T+60min,R-911,2244637013,245667730,33.76,residential,0.15,0.164,0.4897,0.328,0.3927,MODERATE
T+60min,R-912,2244637013,245667764,7.33,residential,0.164,0.164,0.502,0.328,0.3976,MODERATE
T+60min,R-913,2244637013,6554271024,71.18,residential,0.154,0.165,0.4944,0.33,0.3958,MODERATE
T+60min,R-914,2244637021,14104987809,74.16,residential,0.198,0.218,0.5536,0.436,0.483,MODERATE
T+60min,R-915,2244637021,2244637027,74.94,residential,0.198,0.206,0.5637,0.412,0.4727,MODERATE
T+60min,R-916,2244637021,245667764,103.45,residential,0.188,0.198,0.554,0.396,0.4592,MODERATE
T+60min,R-917,2244637021,6554271024,67.22,residential,0.179,0.192,0.5444,0.384,0.4482,MODERATE
T+60min,R-918,2244637026,2244637067,191.26,residential,0.225,0.312,0.5572,0.624,0.5973,HIGH
T+60min,R-919,2244637026,4342420383,43.76,residential,0.135,0.178,0.4286,0.356,0.385,MODERATE
T+60min,R-920,2244637026,6554206834,113.08,residential,0.16,0.188,0.4986,0.376,0.425,MODERATE
T+60min,R-921,2244637027,1375215100,35.49,residential,0.207,0.222,0.5616,0.444,0.491,MODERATE
T+60min,R-922,2244637027,2244637021,74.94,residential,0.198,0.206,0.5637,0.412,0.4727,MODERATE
T+60min,R-923,2244637027,6490968308,168.17,residential,0.218,0.253,0.6348,0.506,0.5575,HIGH
T+60min,R-924,2244637034,2244637056,315.81,residential,0.184,0.253,0.5099,0.506,0.5076,HIGH
T+60min,R-925,2244637034,4342420383,83.76,residential,0.207,0.224,0.5691,0.448,0.4964,MODERATE
T+60min,R-926,2244637034,4342420490,83.59,residential,0.243,0.27,0.6361,0.54,0.5784,HIGH
T+60min,R-927,2244637056,11054673420,46.64,residential,,,,,,UNKNOWN
T+60min,R-928,2244637056,2244637034,315.81,residential,0.184,0.253,0.5099,0.506,0.5076,HIGH
T+60min,R-929,2244637056,622060872,101.59,residential,,,,,,UNKNOWN
T+60min,R-930,2244637067,2244637026,191.26,residential,0.225,0.312,0.5572,0.624,0.5973,HIGH
T+60min,R-931,2244637067,6554236440,32.92,tertiary,0.213,0.238,0.5162,0.476,0.4921,MODERATE
T+60min,R-932,2244637067,6554236441,210.33,tertiary,0.269,0.301,0.5924,0.602,0.5982,HIGH
T+60min,R-933,2244637068,10923690293,48.3,residential,,,,,,UNKNOWN
T+60min,R-934,2244637068,245668029,141.2,residential,,,,,,UNKNOWN
T+60min,R-935,2244637068,622060802,19.11,residential,,,,,,UNKNOWN
T+60min,R-936,2244797470,2804520131,226.51,residential,0.204,0.269,0.557,0.538,0.5456,HIGH
T+60min,R-937,2244797686,10925931739,51.06,residential,0.227,0.26,0.5478,0.52,0.5311,HIGH
T+60min,R-938,2244797686,11046194845,23.64,residential,0.271,0.281,0.6192,0.562,0.5849,HIGH
T+60min,R-939,2244797686,13601073293,20.6,residential,0.27,0.283,0.6713,0.566,0.6081,HIGH
T+60min,R-940,2244797706,13619539396,35.28,residential,,,,,,UNKNOWN
T+60min,R-941,2244797706,13619570121,14.73,residential,,,,,,UNKNOWN
T+60min,R-942,2244797706,245668374,37.97,residential,,,,,,UNKNOWN
T+60min,R-943,2439333822,10696472349,119.0,residential,0.198,0.209,0.5907,0.418,0.4871,MODERATE
T+60min,R-944,2439333822,13638535655,45.9,residential,0.198,0.201,0.5945,0.402,0.479,MODERATE
T+60min,R-945,2439333822,13638535656,61.17,residential,0.207,0.224,0.6048,0.448,0.5107,HIGH
T+60min,R-946,245665874,3641869342,23.74,tertiary,0.164,0.171,0.466,0.342,0.3916,MODERATE
T+60min,R-947,245665874,6428811261,15.69,tertiary,0.165,0.174,0.4602,0.348,0.3929,MODERATE
T+60min,R-948,245665910,10653501374,119.23,residential,0.212,0.241,0.6197,0.482,0.5371,HIGH
T+60min,R-949,245665910,13617092840,6.78,tertiary,0.233,0.236,0.6266,0.472,0.5338,HIGH
T+60min,R-950,245666041,245666337,213.16,tertiary,,,,,,UNKNOWN
T+60min,R-951,245666041,2897024596,11.16,tertiary,,,,,,UNKNOWN
T+60min,R-952,245666077,10091403659,64.63,tertiary,0.161,0.182,0.5223,0.364,0.4273,MODERATE
T+60min,R-953,245666077,13617067002,5.65,tertiary_link,0.179,0.182,0.5326,0.364,0.4314,MODERATE
T+60min,R-954,245666078,245666041,109.96,tertiary,0.179,0.19,0.5458,0.38,0.4463,MODERATE
T+60min,R-955,245666078,2897024594,8.02,tertiary,0.161,0.162,0.4945,0.324,0.3922,MODERATE
T+60min,R-956,245666141,2897024627,11.81,tertiary,0.153,0.158,0.4855,0.316,0.3838,MODERATE
T+60min,R-957,245666141,9469495782,392.7,secondary,0.172,0.204,0.5788,0.408,0.4763,MODERATE
T+60min,R-958,245666158,13619318853,9.0,tertiary,0.144,0.148,0.4593,0.296,0.3613,MODERATE
T+60min,R-959,245666158,13619318866,23.09,tertiary,0.163,0.18,0.466,0.36,0.4024,MODERATE
T+60min,R-960,245666190,10696472349,28.07,residential,0.165,0.171,0.488,0.342,0.4004,MODERATE
T+60min,R-961,245666190,13638535652,74.18,residential,0.166,0.173,0.5097,0.346,0.4115,MODERATE
T+60min,R-962,245666190,13638535655,46.91,residential,0.181,0.201,0.5597,0.402,0.4651,MODERATE
T+60min,R-963,245666190,245666260,65.45,residential,0.143,0.168,0.4774,0.336,0.3926,MODERATE
T+60min,R-964,245666191,13619318852,13.1,residential,0.173,0.177,0.4765,0.354,0.403,MODERATE
T+60min,R-965,245666191,13619318854,61.43,residential,0.145,0.168,0.4603,0.336,0.3857,MODERATE
T+60min,R-966,245666191,13638535686,66.58,residential,0.204,0.228,0.5928,0.456,0.5107,HIGH
T+60min,R-967,245666192,10091403664,6.21,residential,0.246,0.246,0.768,0.492,0.6024,HIGH
T+60min,R-968,245666192,13614337239,132.84,residential,0.207,0.246,0.6408,0.492,0.5515,HIGH
T+60min,R-969,245666192,245666077,122.53,tertiary,0.218,0.246,0.7018,0.492,0.5759,HIGH
T+60min,R-970,245666260,10696472308,71.83,residential,0.116,0.128,0.4326,0.256,0.3266,MODERATE
T+60min,R-971,245666260,10696472350,30.74,residential,0.133,0.138,0.4788,0.276,0.3571,MODERATE
T+60min,R-972,245666260,245666190,65.45,residential,0.143,0.168,0.4774,0.336,0.3926,MODERATE
T+60min,R-973,245666260,245666323,46.8,residential,0.137,0.141,0.4696,0.282,0.357,MODERATE
T+60min,R-974,245666274,10292442915,11.26,secondary,0.086,0.089,0.4062,0.178,0.2693,MODERATE
T+60min,R-975,245666274,12409410388,80.29,secondary,0.092,0.1,0.4431,0.2,0.2972,MODERATE
T+60min,R-976,245666323,10696472307,69.45,residential,0.142,0.158,0.4726,0.316,0.3786,MODERATE
T+60min,R-977,245666323,245666260,46.8,residential,0.137,0.141,0.4696,0.282,0.357,MODERATE
T+60min,R-978,245666323,245666367,64.51,residential,0.173,0.203,0.5129,0.406,0.4488,MODERATE
T+60min,R-979,245666337,245666041,213.16,tertiary,,,,,,UNKNOWN
T+60min,R-980,245666351,10653501375,155.72,residential,0.141,0.185,0.4554,0.37,0.4042,MODERATE
T+60min,R-981,245666351,13638530342,13.01,residential,0.18,0.18,0.5428,0.36,0.4331,MODERATE
T+60min,R-982,245666351,245666385,23.02,residential,0.185,0.191,0.5563,0.382,0.4517,MODERATE
T+60min,R-983,245666367,10696472306,71.59,residential,0.199,0.209,0.61,0.418,0.4948,MODERATE
T+60min,R-984,245666367,245666323,64.51,residential,0.173,0.203,0.5129,0.406,0.4488,MODERATE
T+60min,R-985,245666367,245666446,67.69,residential,0.208,0.219,0.598,0.438,0.502,HIGH
T+60min,R-986,245666370,13617040697,6.68,tertiary_link,0.223,0.231,0.5431,0.462,0.4944,MODERATE
T+60min,R-987,245666370,3803643818,26.19,tertiary,0.225,0.231,0.5481,0.462,0.4964,MODERATE
T+60min,R-988,245666371,245666141,219.36,tertiary,0.144,0.157,0.5323,0.314,0.4013,MODERATE
T+60min,R-989,245666371,2897024642,10.98,tertiary,0.132,0.132,0.4643,0.264,0.3441,MODERATE
T+60min,R-990,245666385,245666351,23.02,residential,0.185,0.191,0.5563,0.382,0.4517,MODERATE
T+60min,R-991,245666386,245666830,107.91,tertiary,0.125,0.135,0.5195,0.27,0.3698,MODERATE
T+60min,R-992,245666386,2897024660,251.12,tertiary,0.169,0.226,0.6289,0.452,0.5228,HIGH
T+60min,R-993,245666386,6554384670,83.86,tertiary,0.103,0.13,0.4156,0.26,0.3222,MODERATE
T+60min,R-994,245666426,12311766936,10.15,tertiary,0.162,0.171,0.5544,0.342,0.427,MODERATE
T+60min,R-995,245666446,10696472356,29.73,residential,0.213,0.22,0.5907,0.44,0.5003,HIGH
T+60min,R-996,245666446,13638535661,65.41,residential,0.193,0.202,0.5312,0.404,0.4549,MODERATE
T+60min,R-997,245666446,13638535670,97.55,residential,0.185,0.2,0.5421,0.4,0.4568,MODERATE
T+60min,R-998,245666446,245666367,67.69,residential,0.208,0.219,0.598,0.438,0.502,HIGH
T+60min,R-999,245666448,476480258,333.56,tertiary,0.105,0.169,0.483,0.338,0.396,MODERATE
T+60min,R-1000,245666448,476480287,301.33,secondary,0.105,0.151,0.517,0.302,0.388,MODERATE
T+60min,R-1001,245666482,10696472347,74.32,residential,0.243,0.249,0.7583,0.498,0.6021,HIGH
T+60min,R-1002,245666482,13638546110,17.87,residential,0.244,0.248,0.6513,0.496,0.5581,HIGH
T+60min,R-1003,245666482,13638546112,29.08,residential,0.25,0.253,0.6974,0.506,0.5826,HIGH
T+60min,R-1004,245666579,12350391112,182.63,tertiary,0.213,0.283,0.5476,0.566,0.5586,HIGH
T+60min,R-1005,245666579,12350425034,7.73,residential,0.276,0.277,0.5978,0.554,0.5715,HIGH
T+60min,R-1006,245666579,245666651,97.11,residential,0.284,0.294,0.6776,0.588,0.6238,HIGH
T+60min,R-1007,245666651,245666579,97.11,residential,0.284,0.294,0.6776,0.588,0.6238,HIGH
T+60min,R-1008,245666651,245666881,141.24,residential,0.302,0.338,0.6601,0.676,0.6696,HIGH
T+60min,R-1009,245666651,8443491310,77.22,residential,0.228,0.247,0.5504,0.494,0.5166,HIGH
T+60min,R-1010,245666801,10724781030,7.12,tertiary,0.298,0.299,0.8067,0.598,0.6815,HIGH
T+60min,R-1011,245666801,13620657537,134.61,residential,0.286,0.301,0.8174,0.602,0.6882,HIGH
T+60min,R-1012,245666801,7372035744,85.2,tertiary,0.286,0.31,0.8049,0.62,0.694,HIGH
T+60min,R-1013,245666830,245666386,107.91,tertiary,0.125,0.135,0.5195,0.27,0.3698,MODERATE
T+60min,R-1014,245666830,245666882,247.89,tertiary,0.136,0.177,0.4997,0.354,0.4123,MODERATE
T+60min,R-1015,245666830,2897024695,7.98,tertiary,0.127,0.13,0.4982,0.26,0.3553,MODERATE
T+60min,R-1016,245666831,245666830,175.07,tertiary,0.106,0.13,0.4791,0.26,0.3476,MODERATE
T+60min,R-1017,245666831,2897024683,8.09,unclassified,0.091,0.093,0.4362,0.186,0.2861,MODERATE
T+60min,R-1018,245666881,13638081817,44.87,tertiary,0.293,0.307,0.5942,0.614,0.6061,HIGH
T+60min,R-1019,245666881,13638081818,25.11,residential,0.279,0.307,0.5851,0.614,0.6024,HIGH
T+60min,R-1020,245666881,245666651,141.24,residential,0.302,0.338,0.6601,0.676,0.6696,HIGH
T+60min,R-1021,245666882,2897024660,92.96,tertiary,0.159,0.175,0.4922,0.35,0.4069,MODERATE
T+60min,R-1022,245666882,2897024710,8.15,tertiary,0.158,0.158,0.5006,0.316,0.3898,MODERATE
T+60min,R-1023,245666882,2897024713,60.67,tertiary,0.14,0.158,0.483,0.316,0.3828,MODERATE
T+60min,R-1024,245666901,13616287392,72.28,tertiary,0.327,0.344,0.7323,0.688,0.7057,HIGH
T+60min,R-1025,245666901,13626183257,111.52,residential,0.286,0.325,0.6373,0.65,0.6449,HIGH
T+60min,R-1026,245666901,13638081807,20.6,tertiary,0.322,0.325,0.7216,0.65,0.6786,HIGH
T+60min,R-1027,245666901,245667237,238.41,residential,0.281,0.331,0.6067,0.662,0.6399,HIGH
T+60min,R-1028,245666966,10279771631,47.09,secondary,0.111,0.126,0.4091,0.252,0.3148,MODERATE
T+60min,R-1029,245666966,2897024737,8.19,primary,0.102,0.102,0.3925,0.204,0.2794,MODERATE
T+60min,R-1030,245667237,245666901,238.41,residential,0.281,0.331,0.6067,0.662,0.6399,HIGH
T+60min,R-1031,245667361,245667423,226.08,trunk,0.114,0.175,0.4103,0.35,0.3741,MODERATE
T+60min,R-1032,245667361,245667468,151.02,residential,0.051,0.175,0.2609,0.35,0.3144,MODERATE
T+60min,R-1033,245667423,13798296276,46.96,trunk,0.161,0.178,0.4931,0.356,0.4108,MODERATE
T+60min,R-1034,245667423,2804481652,36.04,residential,0.145,0.149,0.4946,0.298,0.3766,MODERATE
T+60min,R-1035,245667423,622060792,187.57,residential,0.162,0.203,0.5076,0.406,0.4466,MODERATE
T+60min,R-1036,245667468,12378368426,17.87,residential,0.007,0.008,0.1798,0.016,0.0815,LOW
T+60min,R-1037,245667468,13618292019,4.23,residential,0.006,0.007,0.1804,0.014,0.0806,LOW
T+60min,R-1038,245667468,245667361,151.02,residential,0.051,0.175,0.261,0.35,0.3144,MODERATE
T+60min,R-1039,245667542,10265662175,84.99,trunk,0.202,0.209,0.6449,0.418,0.5088,HIGH
T+60min,R-1040,245667542,2244637004,25.01,residential,0.208,0.21,0.6216,0.42,0.5006,HIGH
T+60min,R-1041,245667676,1934627523,129.94,residential,0.192,0.229,0.6147,0.458,0.5207,HIGH
T+60min,R-1042,245667676,245667730,74.15,residential,0.134,0.152,0.4148,0.304,0.3483,MODERATE
T+60min,R-1043,245667676,245667764,98.77,residential,0.195,0.236,0.5775,0.472,0.5142,HIGH
T+60min,R-1044,245667685,1934627523,78.23,residential,0.136,0.157,0.4226,0.314,0.3574,MODERATE
T+60min,R-1045,245667685,623895377,201.78,residential,0.12,0.173,0.4526,0.346,0.3886,MODERATE
T+60min,R-1046,245667685,6428793085,38.34,residential,0.133,0.16,0.4701,0.32,0.38,MODERATE
T+60min,R-1047,245667730,2244637007,204.59,residential,0.069,0.133,0.3229,0.266,0.2888,MODERATE
T+60min,R-1048,245667730,2244637013,33.76,residential,0.15,0.164,0.4897,0.328,0.3927,MODERATE
T+60min,R-1049,245667730,245667676,74.15,residential,0.134,0.152,0.4148,0.304,0.3483,MODERATE
T+60min,R-1050,245667764,2244637013,7.33,residential,0.164,0.164,0.502,0.328,0.3976,MODERATE
T+60min,R-1051,245667764,2244637021,103.45,residential,0.188,0.198,0.554,0.396,0.4592,MODERATE
T+60min,R-1052,245667764,245667676,98.77,residential,0.195,0.236,0.5775,0.472,0.5142,HIGH
T+60min,R-1053,245667803,245667757,255.38,trunk,0.19,0.224,0.5713,0.448,0.4973,MODERATE
T+60min,R-1054,245667803,5911310869,13.75,tertiary,0.198,0.2,0.5789,0.4,0.4716,MODERATE
T+60min,R-1055,245667863,13619400539,98.56,secondary,0.24,0.25,0.5998,0.5,0.5399,HIGH
T+60min,R-1056,245667863,14104987804,4.84,residential,0.246,0.247,0.598,0.494,0.5356,HIGH
T+60min,R-1057,245667863,245667933,47.83,residential,0.241,0.25,0.6468,0.5,0.5587,HIGH
T+60min,R-1058,245667933,10925931781,125.58,residential,0.205,0.24,0.5604,0.48,0.5122,HIGH
T+60min,R-1059,245667933,245667863,47.83,residential,0.241,0.25,0.6468,0.5,0.5587,HIGH
T+60min,R-1060,245667933,245668038,114.17,residential,0.169,0.228,0.5464,0.456,0.4922,MODERATE
T+60min,R-1061,245667933,6490861784,77.54,residential,0.207,0.236,0.5677,0.472,0.5103,HIGH
T+60min,R-1062,245667958,245668141,125.66,residential,0.151,0.168,0.4961,0.336,0.4,MODERATE
T+60min,R-1063,245667960,622060872,43.75,residential,,,,,,UNKNOWN
T+60min,R-1064,245668000,1375215119,42.9,tertiary,0.23,0.244,0.597,0.488,0.5316,HIGH
T+60min,R-1065,245668000,245668015,6.76,tertiary,0.246,0.248,0.6345,0.496,0.5514,HIGH
T+60min,R-1066,245668000,4342420553,69.13,residential,0.222,0.244,0.5755,0.488,0.523,HIGH
T+60min,R-1067,245668015,14104987804,130.23,secondary,0.243,0.25,0.6197,0.5,0.5479,HIGH
T+60min,R-1068,245668015,245668000,6.76,tertiary,0.246,0.248,0.6345,0.496,0.5514,HIGH
T+60min,R-1069,245668015,7404711447,9.51,secondary,0.249,0.249,0.6627,0.498,0.5639,HIGH
T+60min,R-1070,245668029,2244637068,141.2,residential,,,,,,UNKNOWN
T+60min,R-1071,245668029,623895533,58.72,tertiary,,,,,,UNKNOWN
T+60min,R-1072,245668029,6554236441,12.21,tertiary,,,,,,UNKNOWN
T+60min,R-1073,245668038,245667933,114.17,residential,0.169,0.228,0.5464,0.456,0.4922,MODERATE
T+60min,R-1074,245668038,4342420515,64.09,residential,0.133,0.188,0.4368,0.376,0.4003,MODERATE
T+60min,R-1075,245668038,7404711443,19.69,residential,0.128,0.141,0.4613,0.282,0.3537,MODERATE
T+60min,R-1076,245668039,10925931781,8.27,secondary,0.244,0.247,0.6739,0.494,0.566,HIGH
T+60min,R-1077,245668039,7404711447,18.91,secondary,0.249,0.249,0.6946,0.498,0.5766,HIGH
T+60min,R-1078,245668141,245667958,125.66,residential,0.151,0.168,0.4961,0.336,0.4,MODERATE
T+60min,R-1079,245668141,245668208,104.5,residential,,,,,,UNKNOWN
T+60min,R-1080,245668141,7404711443,156.42,residential,0.122,0.141,0.4503,0.282,0.3493,MODERATE
T+60min,R-1081,245668185,1375251567,40.24,residential,0.151,0.16,0.4768,0.32,0.3827,MODERATE
T+60min,R-1082,245668197,13619403785,22.99,residential,,,,,,UNKNOWN
T+60min,R-1083,245668197,13619403788,28.94,residential,,,,,,UNKNOWN
T+60min,R-1084,245668197,622039360,19.56,residential,,,,,,UNKNOWN
T+60min,R-1085,245668208,13617280082,44.67,residential,,,,,,UNKNOWN
T+60min,R-1086,245668208,14130497014,194.59,residential,,,,,,UNKNOWN
T+60min,R-1087,245668208,245668141,104.5,residential,,,,,,UNKNOWN
T+60min,R-1088,245668226,4342420553,194.56,residential,,,,,,UNKNOWN
T+60min,R-1089,245668277,13619239367,186.93,tertiary,0.177,0.177,0.4876,0.354,0.4074,MODERATE
T+60min,R-1090,245668277,13621749581,25.79,residential,0.167,0.177,0.4708,0.354,0.4007,MODERATE
T+60min,R-1091,245668277,1375251567,150.21,tertiary,0.158,0.177,0.4932,0.354,0.4097,MODERATE
T+60min,R-1092,245668286,13619403787,71.42,residential,,,,,,UNKNOWN
T+60min,R-1093,245668286,13622445020,9.07,residential,,,,,,UNKNOWN
T+60min,R-1094,245668286,13622445933,2.71,residential,,,,,,UNKNOWN
T+60min,R-1095,245668324,13619239369,14.91,residential,,,,,,UNKNOWN
T+60min,R-1096,245668324,13619243545,58.86,residential,,,,,,UNKNOWN
T+60min,R-1097,245668324,13619403788,104.46,residential,,,,,,UNKNOWN
T+60min,R-1098,245668373,9445072347,17.59,residential,,,,,,UNKNOWN
T+60min,R-1099,245668374,13619500839,8.05,residential,,,,,,UNKNOWN
T+60min,R-1100,245668374,13619500841,60.13,residential,,,,,,UNKNOWN
T+60min,R-1101,245668374,2244797706,37.97,residential,,,,,,UNKNOWN
T+60min,R-1102,245668449,9684698224,16.58,residential,,,,,,UNKNOWN
T+60min,R-1103,2804481652,12334925193,362.75,trunk,0.15,0.231,0.4772,0.462,0.4681,MODERATE
T+60min,R-1104,2804481652,245667423,36.04,residential,0.145,0.149,0.4946,0.298,0.3766,MODERATE
T+60min,R-1105,2804481652,6926279722,104.56,residential,0.174,0.201,0.569,0.402,0.4688,MODERATE
T+60min,R-1106,2804520131,2244797470,226.51,residential,0.204,0.269,0.557,0.538,0.5456,HIGH
T+60min,R-1107,2804520131,5470238123,64.33,trunk,0.237,0.25,0.6686,0.5,0.5674,HIGH
T+60min,R-1108,2897022098,2897024519,92.09,primary_link,0.107,0.127,0.4687,0.254,0.3399,MODERATE
T+60min,R-1109,2897022098,296857831,61.85,secondary,0.1,0.109,0.4521,0.218,0.3116,MODERATE
T+60min,R-1110,2897024501,2897024596,235.36,tertiary,0.188,0.229,0.5773,0.458,0.5057,HIGH
T+60min,R-1111,2897024506,2897022099,22.66,secondary,0.088,0.089,0.4026,0.178,0.2678,MODERATE
T+60min,R-1112,2897024517,2897024636,404.85,tertiary,0.132,0.178,0.4991,0.356,0.4132,MODERATE
T+60min,R-1113,2897024517,476489029,11.98,unclassified,0.114,0.116,0.4595,0.232,0.323,MODERATE
T+60min,R-1114,2897024519,476465252,53.37,primary,0.133,0.137,0.4909,0.274,0.3608,MODERATE
T+60min,R-1115,2897024523,2897024506,45.51,secondary,0.095,0.104,0.434,0.208,0.2984,MODERATE
T+60min,R-1116,2897024523,296857831,7.92,primary,0.107,0.109,0.4444,0.218,0.3086,MODERATE
T+60min,R-1117,2897024540,2897024506,59.55,primary_link,0.093,0.1,0.4233,0.2,0.2893,MODERATE
T+60min,R-1118,2897024540,2897024523,36.76,primary,0.102,0.104,0.4277,0.208,0.2959,MODERATE
T+60min,R-1119,2897024594,476489029,208.98,tertiary,0.152,0.184,0.5571,0.368,0.4436,MODERATE
T+60min,R-1120,2897024595,2897024597,9.02,secondary,0.059,0.061,0.3409,0.122,0.2096,LOW
T+60min,R-1121,2897024595,476480400,221.79,tertiary,0.068,0.078,0.3975,0.156,0.2526,MODERATE
T+60min,R-1122,2897024596,245666041,11.16,tertiary,,,,,,UNKNOWN
T+60min,R-1123,2897024596,2897024501,235.36,tertiary,0.188,0.229,0.5773,0.458,0.5057,HIGH
T+60min,R-1124,2897024596,2897024594,104.69,tertiary,0.173,0.184,0.5255,0.368,0.431,MODERATE
T+60min,R-1125,2897024597,2897024609,68.22,secondary,0.091,0.125,0.415,0.25,0.316,MODERATE
T+60min,R-1126,2897024601,2897024540,170.92,primary,0.105,0.125,0.4618,0.25,0.3347,MODERATE
T+60min,R-1127,2897024609,2897024601,56.78,primary_link,0.127,0.135,0.5188,0.27,0.3695,MODERATE
T+60min,R-1128,2897024609,296857806,46.19,secondary,0.136,0.141,0.5605,0.282,0.3934,MODERATE
T+60min,R-1129,2897024611,245666448,77.45,secondary,0.097,0.131,0.4331,0.262,0.3304,MODERATE
T+60min,R-1130,2897024614,12079741513,6.96,primary,0.136,0.136,0.5837,0.272,0.3967,MODERATE
T+60min,R-1131,2897024615,2897024611,41.55,secondary,0.138,0.141,0.5793,0.282,0.4009,MODERATE
T+60min,R-1132,2897024615,296857806,8.19,primary,0.141,0.141,0.5919,0.282,0.406,MODERATE
T+60min,R-1133,2897024623,245666274,233.6,secondary,0.124,0.185,0.4693,0.37,0.4097,MODERATE
T+60min,R-1134,2897024623,2897024625,11.8,tertiary,0.133,0.138,0.4458,0.276,0.3439,MODERATE
T+60min,R-1135,2897024625,245666141,10.97,secondary,0.138,0.148,0.4596,0.296,0.3614,MODERATE
T+60min,R-1136,2897024625,2897024642,223.77,tertiary,0.142,0.157,0.5727,0.314,0.4175,MODERATE
T+60min,R-1137,2897024627,2897024623,10.97,secondary,0.148,0.158,0.4721,0.316,0.3784,MODERATE
T+60min,R-1138,2897024628,2897024611,68.06,primary_link,0.131,0.141,0.5734,0.282,0.3986,MODERATE
T+60min,R-1139,2897024628,2897024615,47.23,primary,0.131,0.141,0.5883,0.282,0.4045,MODERATE
T+60min,R-1140,2897024636,2897024667,203.56,tertiary,0.129,0.157,0.4789,0.314,0.38,MODERATE
T+60min,R-1141,2897024636,476488948,11.98,unclassified,0.139,0.141,0.5122,0.282,0.3741,MODERATE
T+60min,R-1142,2897024642,245666371,10.98,tertiary,0.132,0.132,0.4643,0.264,0.3441,MODERATE
T+60min,R-1143,2897024642,2897024644,139.0,tertiary,0.13,0.17,0.4913,0.34,0.4005,MODERATE
T+60min,R-1144,2897024642,476480258,98.6,tertiary,0.158,0.187,0.5451,0.374,0.4424,MODERATE
T+60min,R-1145,2897024644,2897024648,48.67,primary_link,0.081,0.083,0.3936,0.166,0.257,MODERATE
T+60min,R-1146,2897024644,296853816,34.75,tertiary,0.083,0.087,0.4008,0.174,0.2647,MODERATE
T+60min,R-1147,2897024648,2897024628,340.79,primary,0.08,0.11,0.424,0.22,0.3016,MODERATE
T+60min,R-1148,2897024651,245666371,171.79,tertiary,0.123,0.175,0.4902,0.35,0.4061,MODERATE
T+60min,R-1149,2897024651,296853816,8.12,primary,0.088,0.089,0.4146,0.178,0.2726,MODERATE
T+60min,R-1150,2897024656,2897024658,8.31,primary,0.092,0.093,0.4245,0.186,0.2814,MODERATE
T+60min,R-1151,2897024656,6552594955,26.66,tertiary,0.098,0.103,0.4386,0.206,0.299,MODERATE
T+60min,R-1152,2897024658,2897024651,18.15,tertiary,0.09,0.091,0.4226,0.182,0.2782,MODERATE
T+60min,R-1153,2897024658,2897024742,383.65,primary,0.113,0.137,0.462,0.274,0.3492,MODERATE
T+60min,R-1154,2897024660,245666386,251.12,tertiary,0.169,0.226,0.6289,0.452,0.5228,HIGH
T+60min,R-1155,2897024660,245666882,92.96,tertiary,0.159,0.175,0.4922,0.35,0.4069,MODERATE
T+60min,R-1156,2897024660,9771116360,47.48,residential,0.16,0.176,0.4824,0.352,0.4042,MODERATE
T+60min,R-1157,2897024667,2897024676,9.67,tertiary,0.16,0.163,0.5329,0.326,0.4088,MODERATE
T+60min,R-1158,2897024667,2897024687,75.77,tertiary,0.171,0.186,0.5717,0.372,0.4519,MODERATE
T+60min,R-1159,2897024676,245666426,12.12,tertiary,0.168,0.171,0.5751,0.342,0.4352,MODERATE
T+60min,R-1160,2897024676,2897024734,183.57,tertiary,0.192,0.223,0.5922,0.446,0.5045,HIGH
T+60min,R-1161,2897024677,245666831,8.08,tertiary,0.091,0.093,0.4251,0.186,0.2816,MODERATE
T+60min,R-1162,2897024682,2897024658,114.45,tertiary,0.104,0.113,0.4884,0.226,0.331,MODERATE
T+60min,R-1163,2897024682,2897024677,8.07,unclassified,0.095,0.096,0.4447,0.192,0.2931,MODERATE
T+60min,R-1164,2897024683,11027088421,488.66,unclassified,0.157,0.23,0.5703,0.46,0.5041,HIGH
T+60min,R-1165,2897024683,2897024682,8.08,tertiary,0.094,0.096,0.4547,0.192,0.2971,MODERATE
T+60min,R-1166,2897024687,631525434,8.19,tertiary,0.153,0.159,0.4976,0.318,0.3898,MODERATE
T+60min,R-1167,2897024687,9469495781,44.22,tertiary,0.147,0.159,0.4957,0.318,0.3891,MODERATE
T+60min,R-1168,2897024695,245666830,7.98,tertiary,0.127,0.13,0.4982,0.26,0.3553,MODERATE
T+60min,R-1169,2897024695,7749797394,54.4,tertiary,0.123,0.125,0.483,0.25,0.3432,MODERATE
T+60min,R-1170,2897024696,12084454212,7.67,secondary,0.146,0.147,0.5075,0.294,0.3794,MODERATE
T+60min,R-1171,2897024710,245666882,8.15,tertiary,0.158,0.158,0.5006,0.316,0.3898,MODERATE
T+60min,R-1172,2897024710,2897024695,247.3,tertiary,0.133,0.173,0.4967,0.346,0.4063,MODERATE
T+60min,R-1173,2897024711,2897024737,125.16,secondary,0.122,0.145,0.4379,0.29,0.3492,MODERATE
T+60min,R-1174,2897024711,631507969,7.99,tertiary,0.147,0.15,0.4821,0.3,0.3728,MODERATE
T+60min,R-1175,2897024713,13616287395,8.37,residential,0.143,0.145,0.4778,0.29,0.3651,MODERATE
T+60min,R-1176,2897024713,3803645219,36.4,tertiary,0.161,0.182,0.4846,0.364,0.4122,MODERATE
T+60min,R-1177,2897024734,2897024749,99.11,tertiary,,,,,,UNKNOWN
T+60min,R-1178,2897024734,631507991,10.02,tertiary,,,,,,UNKNOWN
T+60min,R-1179,2897024734,631525440,214.13,tertiary,0.224,0.25,0.6535,0.5,0.5614,HIGH
T+60min,R-1180,2897024737,2897024651,386.36,primary,0.115,0.14,0.4503,0.28,0.3481,MODERATE
T+60min,R-1181,2897024737,2897024742,18.7,secondary,0.112,0.123,0.4119,0.246,0.3124,MODERATE
T+60min,R-1182,2897024742,631525438,9.99,primary,0.122,0.123,0.4276,0.246,0.3186,MODERATE
T+60min,R-1183,2897024748,2897024751,8.0,tertiary_link,0.24,0.244,0.5689,0.488,0.5204,HIGH
T+60min,R-1184,2897024748,6590384792,229.76,tertiary,0.284,0.369,0.7328,0.738,0.7359,HIGH
T+60min,R-1185,2897024749,2897024753,7.99,tertiary,,,,,,UNKNOWN
T+60min,R-1186,2897024749,2897024795,205.85,tertiary,0.195,0.211,0.5424,0.422,0.4702,MODERATE
T+60min,R-1187,2897024751,13616287393,231.94,tertiary,0.239,0.267,0.5889,0.534,0.556,HIGH
T+60min,R-1188,2897024751,2897024748,8.0,tertiary_link,0.24,0.244,0.5689,0.488,0.5204,HIGH
T+60min,R-1189,2897024752,12350931356,11.49,tertiary,,,,,,UNKNOWN
T+60min,R-1190,2897024753,12350931356,9.43,tertiary,,,,,,UNKNOWN
T+60min,R-1191,2897024753,2897024759,11.78,tertiary,,,,,,UNKNOWN
T+60min,R-1192,2897024777,2897024753,106.64,tertiary,,,,,,UNKNOWN
T+60min,R-1193,2897024777,6491469979,104.67,tertiary,,,,,,UNKNOWN
T+60min,R-1194,2897024795,10279771627,346.77,primary,0.226,0.292,0.6445,0.584,0.6082,HIGH
T+60min,R-1195,2897024795,2897024798,17.97,tertiary,0.211,0.215,0.5274,0.43,0.469,MODERATE
T+60min,R-1196,2897024798,631507993,8.0,primary,0.221,0.228,0.5296,0.456,0.4854,MODERATE
T+60min,R-1197,2897024862,7366246698,11.91,trunk,0.143,0.152,0.4117,0.304,0.3471,MODERATE
T+60min,R-1198,2897024865,2897024862,13.22,trunk,0.142,0.151,0.4202,0.302,0.3493,MODERATE
T+60min,R-1199,2897024865,2897024870,19.33,secondary,0.144,0.151,0.439,0.302,0.3568,MODERATE
T+60min,R-1200,2897024866,13619457125,9.61,trunk_link,0.178,0.19,0.4889,0.38,0.4236,MODERATE
T+60min,R-1201,2897024866,2897024865,42.35,trunk,0.179,0.19,0.5023,0.38,0.4289,MODERATE
T+60min,R-1202,2897024870,13618347449,18.77,secondary,0.114,0.137,0.3832,0.274,0.3177,MODERATE
T+60min,R-1203,296853790,11271580571,23.73,primary,0.144,0.146,0.5122,0.292,0.3801,MODERATE
T+60min,R-1204,296853793,13619939784,6.85,primary,0.117,0.117,0.4551,0.234,0.3224,MODERATE
T+60min,R-1205,296853816,2897024648,27.68,primary,0.085,0.087,0.3981,0.174,0.2636,MODERATE
T+60min,R-1206,296853816,2897024656,18.18,tertiary,0.09,0.093,0.4136,0.186,0.277,MODERATE
T+60min,R-1207,296857806,2897024601,36.97,primary,0.13,0.141,0.5188,0.282,0.3767,MODERATE
T+60min,R-1208,296857806,2897024614,18.07,secondary,0.14,0.141,0.5825,0.282,0.4022,MODERATE
T+60min,R-1209,296857831,2897024519,49.6,primary,0.117,0.127,0.476,0.254,0.3428,MODERATE
T+60min,R-1210,296857831,296853793,17.93,secondary,0.113,0.117,0.4549,0.234,0.3224,MODERATE
T+60min,R-1211,3193827831,10091403662,7.59,residential,0.218,0.218,0.5406,0.436,0.4778,MODERATE
T+60min,R-1212,3193827831,245666370,35.93,tertiary,0.224,0.231,0.5451,0.462,0.4952,MODERATE
T+60min,R-1213,3641869342,245665874,23.74,tertiary,0.164,0.171,0.466,0.342,0.3916,MODERATE
T+60min,R-1214,3743617937,10564373799,148.61,trunk,0.179,0.225,0.5343,0.45,0.4837,MODERATE
T+60min,R-1215,3743617937,13614467518,34.2,residential,0.204,0.225,0.531,0.45,0.4824,MODERATE
T+60min,R-1216,3743617940,11054614468,13.33,residential,0.141,0.141,0.4753,0.282,0.3593,MODERATE
T+60min,R-1217,3743617940,13503191895,12.31,residential,0.145,0.149,0.4944,0.298,0.3766,MODERATE
T+60min,R-1218,3743617940,13614467518,37.51,residential,0.152,0.177,0.4662,0.354,0.3989,MODERATE
T+60min,R-1219,3803643818,13616325516,5.12,residential,0.219,0.219,0.5466,0.438,0.4814,MODERATE
T+60min,R-1220,3803643818,13617040695,31.18,tertiary,0.229,0.243,0.5568,0.486,0.5143,HIGH
T+60min,R-1221,3803645219,12313982253,213.14,residential,0.24,0.307,0.6655,0.614,0.6346,HIGH
T+60min,R-1222,3803645219,13616287394,18.6,tertiary,0.196,0.21,0.5305,0.42,0.4642,MODERATE
T+60min,R-1223,3803645219,6428617352,8.08,residential,0.182,0.182,0.5105,0.364,0.4226,MODERATE
T+60min,R-1224,4342420383,2244637026,43.76,residential,0.135,0.178,0.4286,0.356,0.385,MODERATE
T+60min,R-1225,4342420383,2244637034,83.76,residential,0.207,0.224,0.5691,0.448,0.4964,MODERATE
T+60min,R-1226,4342420383,6491091371,90.34,residential,0.18,0.19,0.5079,0.38,0.4312,MODERATE
T+60min,R-1227,4342420489,6598052694,44.3,residential,0.156,0.161,0.4942,0.322,0.3909,MODERATE
T+60min,R-1228,4342420490,2244637034,83.59,residential,0.243,0.27,0.6361,0.54,0.5784,HIGH
T+60min,R-1229,4342420490,622060802,145.96,residential,0.222,0.253,0.5481,0.506,0.5228,HIGH
T+60min,R-1230,4342420490,7404711408,92.78,residential,0.267,0.355,0.666,0.71,0.6924,HIGH
T+60min,R-1231,4342420515,10925931781,46.46,secondary,0.217,0.24,0.5687,0.48,0.5155,HIGH
T+60min,R-1232,4342420515,245668038,64.09,residential,0.133,0.188,0.4368,0.376,0.4003,MODERATE
T+60min,R-1233,4342420515,621966589,353.9,secondary,0.127,0.188,0.4309,0.376,0.398,MODERATE
T+60min,R-1234,4342420517,9914206292,78.72,residential,0.193,0.233,0.5191,0.466,0.4872,MODERATE
T+60min,R-1235,4342420553,245668000,69.13,residential,0.222,0.244,0.5756,0.488,0.523,HIGH
T+60min,R-1236,4342420553,245668226,194.56,residential,,,,,,UNKNOWN
T+60min,R-1237,4342420553,6554236455,74.37,residential,,,,,,UNKNOWN
T+60min,R-1238,4674280890,7104101070,164.64,trunk,0.306,0.324,0.6093,0.648,0.6325,HIGH
T+60min,R-1239,473698889,473698890,49.94,residential,0.081,0.118,0.3568,0.236,0.2843,MODERATE
T+60min,R-1240,473698890,10653501374,69.48,residential,0.083,0.136,0.3567,0.272,0.3059,MODERATE
T+60min,R-1241,473698890,10653501375,29.16,residential,0.06,0.067,0.3364,0.134,0.215,LOW
T+60min,R-1242,473698890,473698889,49.94,residential,0.081,0.118,0.3568,0.236,0.2843,MODERATE
T+60min,R-1243,476480258,245666448,333.56,tertiary,0.105,0.169,0.483,0.338,0.396,MODERATE
T+60min,R-1244,476480258,2897024642,98.6,tertiary,0.158,0.187,0.5451,0.374,0.4424,MODERATE
T+60min,R-1245,476480258,476480287,306.86,tertiary,0.132,0.175,0.5511,0.35,0.4304,MODERATE
T+60min,R-1246,476480287,13615156523,90.26,secondary,0.09,0.112,0.4128,0.224,0.2995,MODERATE
T+60min,R-1247,476480287,476480258,306.86,tertiary,0.132,0.175,0.5511,0.35,0.4304,MODERATE
T+60min,R-1248,476488948,245666078,194.93,tertiary,0.127,0.168,0.4566,0.336,0.3842,MODERATE
T+60min,R-1249,476488948,245666337,202.37,unclassified,0.157,0.168,0.5486,0.336,0.421,MODERATE
T+60min,R-1250,476489029,2897024517,27.97,tertiary,0.114,0.116,0.4631,0.232,0.3244,MODERATE
T+60min,R-1251,5424387223,5424387232,182.28,residential,0.146,0.175,0.5032,0.35,0.4113,MODERATE
T+60min,R-1252,5424387232,5424387223,182.28,residential,0.146,0.175,0.5032,0.35,0.4113,MODERATE
T+60min,R-1253,5424387232,6490861784,90.96,residential,0.13,0.165,0.4959,0.33,0.3964,MODERATE
T+60min,R-1254,5424387232,6490861784,150.46,residential,0.133,0.165,0.4974,0.33,0.397,MODERATE
T+60min,R-1255,5470238123,10044201331,128.41,trunk,0.251,0.269,0.6976,0.538,0.6018,HIGH
T+60min,R-1256,5470238123,9691859215,23.99,trunk_link,0.247,0.25,0.6775,0.5,0.571,HIGH
T+60min,R-1257,5896564331,2897024751,238.6,tertiary,0.278,0.368,0.7166,0.736,0.7282,HIGH
T+60min,R-1258,5896564331,6590384792,9.22,tertiary,0.263,0.276,0.5627,0.552,0.5563,HIGH
T+60min,R-1259,5896564331,8443532426,497.89,tertiary,0.238,0.298,0.5868,0.596,0.5923,HIGH
T+60min,R-1260,5911310862,5911310869,218.06,trunk,0.183,0.209,0.5548,0.418,0.4727,MODERATE
T+60min,R-1261,5911310869,1375251567,430.52,tertiary,0.163,0.2,0.5225,0.4,0.449,MODERATE
T+60min,R-1262,5911310869,245667803,13.75,tertiary,0.198,0.2,0.5789,0.4,0.4716,MODERATE
T+60min,R-1263,5911310869,5911310870,17.94,trunk,0.195,0.2,0.5819,0.4,0.4728,MODERATE
T+60min,R-1264,5911310870,5911310871,172.37,trunk,0.201,0.245,0.6193,0.49,0.5417,HIGH
T+60min,R-1265,5911310870,622039341,271.18,residential,0.211,0.264,0.5821,0.528,0.5496,HIGH
T+60min,R-1266,5911310871,12406104882,38.0,trunk,0.216,0.233,0.6431,0.466,0.5368,HIGH
T+60min,R-1267,5911310871,13618399201,121.31,residential,0.243,0.293,0.7294,0.586,0.6434,HIGH
T+60min,R-1268,5911310878,10384248274,36.52,trunk,0.184,0.192,0.6076,0.384,0.4734,MODERATE
T+60min,R-1269,5911310878,13622393246,29.93,residential,0.185,0.192,0.6201,0.384,0.4784,MODERATE
T+60min,R-1270,5911310880,13618374657,39.28,residential,0.165,0.171,0.5342,0.342,0.4189,MODERATE
T+60min,R-1271,5911310880,13618374670,65.19,residential,0.174,0.18,0.5539,0.36,0.4376,MODERATE
T+60min,R-1272,5911310880,13618374676,18.15,residential,0.165,0.165,0.5159,0.33,0.4044,MODERATE
T+60min,R-1273,621966589,4342420515,353.9,secondary,0.127,0.188,0.4309,0.376,0.398,MODERATE
T+60min,R-1274,622039341,13601073293,110.41,residential,0.283,0.293,0.7272,0.586,0.6425,HIGH
T+60min,R-1275,622039341,13619536866,12.47,residential,0.271,0.279,0.6391,0.558,0.5904,HIGH
T+60min,R-1276,622039341,5911310870,271.18,residential,0.211,0.264,0.5821,0.528,0.5496,HIGH
T+60min,R-1277,622039341,622039345,20.41,residential,0.248,0.264,0.5806,0.528,0.549,HIGH
T+60min,R-1278,622039345,13618414607,7.6,residential,0.229,0.233,0.5447,0.466,0.4975,MODERATE
T+60min,R-1279,622039345,13619237610,8.4,residential,0.223,0.233,0.5331,0.466,0.4928,MODERATE
T+60min,R-1280,622039345,622039341,20.41,residential,0.248,0.264,0.5806,0.528,0.549,HIGH
T+60min,R-1281,622039354,10923438752,34.51,residential,0.237,0.259,0.654,0.518,0.5724,HIGH
T+60min,R-1282,622039354,13619237603,70.45,residential,0.238,0.261,0.5666,0.522,0.5398,HIGH
T+60min,R-1283,622039354,7384246086,11.49,residential,0.217,0.224,0.5216,0.448,0.4774,MODERATE
T+60min,R-1284,622039357,622039360,35.27,residential,,,,,,UNKNOWN
T+60min,R-1285,622039360,245668197,19.56,residential,,,,,,UNKNOWN
T+60min,R-1286,622039360,622039357,35.27,residential,,,,,,UNKNOWN
T+60min,R-1287,622039360,6576335804,88.93,residential,0.227,0.254,0.5657,0.508,0.5311,HIGH
T+60min,R-1288,622042581,12406085638,23.16,trunk,0.197,0.203,0.5144,0.406,0.4494,MODERATE
T+60min,R-1289,622042582,2897024865,10.89,trunk,0.167,0.184,0.4728,0.368,0.4099,MODERATE
T+60min,R-1290,622042582,622042581,50.92,trunk,0.197,0.209,0.525,0.418,0.4608,MODERATE
T+60min,R-1291,622060792,11054646813,14.23,residential,0.133,0.141,0.423,0.282,0.3384,MODERATE
T+60min,R-1292,622060792,245667423,187.57,residential,0.162,0.203,0.5076,0.406,0.4466,MODERATE
T+60min,R-1293,622060792,9198946025,212.64,residential,0.2,0.289,0.5633,0.578,0.5721,HIGH
T+60min,R-1294,622060802,2244637068,19.11,residential,,,,,,UNKNOWN
T+60min,R-1295,622060802,4342420490,145.96,residential,0.222,0.253,0.5481,0.506,0.5228,HIGH
T+60min,R-1296,622060802,622060872,141.73,residential,0.173,0.173,0.4708,0.346,0.3959,MODERATE
T+60min,R-1297,622060872,2244637056,101.59,residential,,,,,,UNKNOWN
T+60min,R-1298,622060872,245667960,43.75,residential,,,,,,UNKNOWN
T+60min,R-1299,622060872,622060802,141.73,residential,0.173,0.173,0.4708,0.346,0.3959,MODERATE
T+60min,R-1300,623895377,245667685,201.78,residential,0.12,0.173,0.4526,0.346,0.3886,MODERATE
T+60min,R-1301,623895377,6490968308,64.07,residential,0.061,0.113,0.3035,0.226,0.257,MODERATE
T+60min,R-1302,623895377,6554206834,100.49,residential,0.101,0.15,0.3924,0.3,0.337,MODERATE
T+60min,R-1303,623895532,13617292729,50.08,residential,,,,,,UNKNOWN
T+60min,R-1304,623895532,6430481233,76.08,tertiary,,,,,,UNKNOWN
T+60min,R-1305,623895532,7404757837,82.42,tertiary,,,,,,UNKNOWN
T+60min,R-1306,623895533,245668029,58.72,tertiary,,,,,,UNKNOWN
T+60min,R-1307,623895533,6554236449,191.44,residential,,,,,,UNKNOWN
T+60min,R-1308,623895533,7404757837,2.4,tertiary,,,,,,UNKNOWN
T+60min,R-1309,631507968,10292442915,205.53,secondary,0.112,0.141,0.5374,0.282,0.3842,MODERATE
T+60min,R-1310,631507968,2897024595,201.69,secondary,0.088,0.14,0.4485,0.28,0.3474,MODERATE
T+60min,R-1311,631507969,2897024696,35.9,secondary,0.15,0.151,0.5061,0.302,0.3836,MODERATE
T+60min,R-1312,631507969,2897024711,7.99,tertiary,0.147,0.15,0.4821,0.3,0.3728,MODERATE
T+60min,R-1313,631507969,631525440,141.03,tertiary,0.174,0.194,0.5244,0.388,0.4426,MODERATE
T+60min,R-1314,631507991,11976374939,141.9,tertiary,0.196,0.217,0.627,0.434,0.5112,HIGH
T+60min,R-1315,631507991,2897024734,10.02,tertiary,,,,,,UNKNOWN
T+60min,R-1316,631507992,10279771626,28.73,tertiary,0.208,0.217,0.5446,0.434,0.4782,MODERATE
T+60min,R-1317,631507992,2897024795,7.99,primary,0.211,0.211,0.5353,0.422,0.4673,MODERATE
T+60min,R-1318,631507993,10265837613,172.34,primary,0.267,0.294,0.6053,0.588,0.5949,HIGH
T+60min,R-1319,631507993,631507992,17.98,tertiary,0.221,0.228,0.5371,0.456,0.4884,MODERATE
T+60min,R-1320,631525434,2897024676,72.3,tertiary,0.164,0.174,0.5509,0.348,0.4292,MODERATE
T+60min,R-1321,631525434,2897024687,8.19,tertiary,0.153,0.159,0.4976,0.318,0.3898,MODERATE
T+60min,R-1322,631525434,631525440,138.0,tertiary,0.164,0.194,0.5163,0.388,0.4393,MODERATE
T+60min,R-1323,631525438,245666966,18.3,secondary,0.114,0.12,0.4097,0.24,0.3079,MODERATE
T+60min,R-1324,631525438,2897024798,385.32,primary,0.211,0.266,0.5982,0.532,0.5585,HIGH
T+60min,R-1325,631525440,2897024734,214.13,tertiary,0.224,0.25,0.6535,0.5,0.5614,HIGH
T+60min,R-1326,631525440,631507969,141.03,tertiary,0.174,0.194,0.5244,0.388,0.4426,MODERATE
T+60min,R-1327,631525440,631525434,138.0,tertiary,0.164,0.194,0.5163,0.388,0.4393,MODERATE
T+60min,R-1328,6428381511,7372035744,115.39,residential,0.26,0.278,0.6202,0.556,0.5817,HIGH
T+60min,R-1329,6428382636,10265662126,15.66,residential,0.226,0.231,0.5818,0.462,0.5099,HIGH
T+60min,R-1330,6428382636,12406104885,156.17,residential,0.233,0.299,0.6763,0.598,0.6293,HIGH
T+60min,R-1331,6428382636,12756633089,95.51,residential,0.203,0.233,0.5296,0.466,0.4914,MODERATE
T+60min,R-1332,6428617352,13616287395,36.02,tertiary,0.162,0.182,0.4869,0.364,0.4132,MODERATE
T+60min,R-1333,6428617352,3803645219,8.08,residential,0.182,0.182,0.5105,0.364,0.4226,MODERATE
T+60min,R-1334,6428792684,6428792684,233.2,residential,0.07,0.129,0.363,0.258,0.3,MODERATE
T+60min,R-1335,6428792684,6428792684,233.2,residential,0.07,0.129,0.363,0.258,0.3,MODERATE
T+60min,R-1336,6428792684,6428793085,22.47,residential,0.145,0.16,0.5435,0.32,0.4094,MODERATE
T+60min,R-1337,6428793085,10316548327,65.39,residential,0.156,0.173,0.5619,0.346,0.4324,MODERATE
T+60min,R-1338,6428793085,245667685,38.34,residential,0.133,0.16,0.4701,0.32,0.38,MODERATE
T+60min,R-1339,6428793085,6428792684,22.47,residential,0.145,0.16,0.5435,0.32,0.4094,MODERATE
T+60min,R-1340,6428811261,12486614582,4.7,tertiary,0.174,0.174,0.4691,0.348,0.3964,MODERATE
T+60min,R-1341,6428811261,6428811262,97.3,tertiary,0.215,0.232,0.5847,0.464,0.5123,HIGH
T+60min,R-1342,6428811261,6428811270,9.52,tertiary,0.169,0.174,0.4968,0.348,0.4075,MODERATE
T+60min,R-1343,6428811262,13617092839,2.21,tertiary,0.232,0.232,0.6164,0.464,0.525,HIGH
T+60min,R-1344,6428811263,13621901231,32.82,tertiary,0.227,0.234,0.6061,0.468,0.5232,HIGH
T+60min,R-1345,6428811263,6428811268,7.16,tertiary,0.234,0.236,0.6334,0.472,0.5366,HIGH
T+60min,R-1346,6428811268,245665910,5.09,tertiary,0.236,0.236,0.6475,0.472,0.5422,HIGH
T+60min,R-1347,6428811270,13621886865,42.25,tertiary,0.186,0.193,0.5407,0.386,0.4479,MODERATE
T+60min,R-1348,6428811270,245665874,16.3,tertiary,0.165,0.172,0.4922,0.344,0.4033,MODERATE
T+60min,R-1349,6428811270,6428811261,9.52,tertiary,0.169,0.174,0.4968,0.348,0.4075,MODERATE
T+60min,R-1350,6430481233,623895532,76.08,tertiary,,,,,,UNKNOWN
T+60min,R-1351,6489058155,13622435420,52.42,residential,,,,,,UNKNOWN
T+60min,R-1352,6489058155,13622445936,9.93,residential,,,,,,UNKNOWN
T+60min,R-1353,6489058155,9445072347,42.55,residential,,,,,,UNKNOWN
T+60min,R-1354,6490591812,6490591813,113.49,residential,0.048,0.169,0.1929,0.338,0.28,MODERATE
T+60min,R-1355,6490591813,13619374592,77.33,trunk,0.198,0.21,0.6114,0.42,0.4966,MODERATE
T+60min,R-1356,6490591813,6490591812,113.49,residential,0.048,0.169,0.1929,0.338,0.28,MODERATE
T+60min,R-1357,6490861784,245667933,77.54,residential,0.207,0.236,0.5677,0.472,0.5103,HIGH
T+60min,R-1358,6490861784,5424387232,90.96,residential,0.13,0.165,0.4959,0.33,0.3964,MODERATE
T+60min,R-1359,6490861784,5424387232,150.46,residential,0.133,0.165,0.4974,0.33,0.397,MODERATE
T+60min,R-1360,6490872923,12378368422,67.3,residential,0.041,0.102,0.2355,0.204,0.2166,LOW
T+60min,R-1361,6490872923,1934627523,21.5,residential,0.129,0.152,0.4078,0.304,0.3455,MODERATE
T+60min,R-1362,6490872923,6490872925,29.59,residential,0.083,0.102,0.3172,0.204,0.2493,LOW
T+60min,R-1363,6490872924,6490872925,58.83,residential,0.029,0.066,0.2254,0.132,0.1694,LOW
T+60min,R-1364,6490872924,6490872925,112.98,residential,0.034,0.066,0.2503,0.132,0.1793,LOW
T+60min,R-1365,6490872924,6490872930,10.02,residential,0.012,0.013,0.2241,0.026,0.1052,LOW
T+60min,R-1366,6490872925,6490872923,29.59,residential,0.083,0.102,0.3168,0.204,0.2491,LOW
T+60min,R-1367,6490872925,6490872924,58.83,residential,0.029,0.066,0.2254,0.132,0.1694,LOW
T+60min,R-1368,6490872925,6490872924,112.98,residential,0.034,0.066,0.2503,0.132,0.1793,LOW
T+60min,R-1369,6490872930,12378368427,6.18,residential,0.012,0.012,0.2287,0.024,0.1059,LOW
T+60min,R-1370,6490872930,6490872924,10.02,residential,0.012,0.013,0.2241,0.026,0.1052,LOW
T+60min,R-1371,6490968306,6490968308,49.96,residential,0.101,0.113,0.3614,0.226,0.2802,MODERATE
T+60min,R-1372,6490968308,2244637027,168.17,residential,0.218,0.253,0.6348,0.506,0.5575,HIGH
T+60min,R-1373,6490968308,623895377,64.07,residential,0.061,0.113,0.3035,0.226,0.257,MODERATE
T+60min,R-1374,6490968308,6490968306,49.96,residential,0.101,0.113,0.3614,0.226,0.2802,MODERATE
T+60min,R-1375,6491091371,2244637012,66.53,residential,0.209,0.228,0.5268,0.456,0.4843,MODERATE
T+60min,R-1376,6491091371,4342420383,90.34,residential,0.18,0.19,0.5079,0.38,0.4312,MODERATE
T+60min,R-1377,6491091371,6491091372,31.64,residential,0.17,0.19,0.4656,0.38,0.4142,MODERATE
T+60min,R-1378,6491091372,2244637012,66.0,residential,0.18,0.217,0.4838,0.434,0.4539,MODERATE
T+60min,R-1379,6491091372,6491091371,31.64,residential,0.17,0.19,0.4656,0.38,0.4142,MODERATE
T+60min,R-1380,6491091372,6554206834,78.03,residential,0.154,0.165,0.4725,0.33,0.387,MODERATE
T+60min,R-1381,6491469979,2897024777,104.67,tertiary,,,,,,UNKNOWN
T+60min,R-1382,6552594955,2897024677,79.69,tertiary,0.107,0.113,0.489,0.226,0.3312,MODERATE
T+60min,R-1383,6552594957,2897024656,27.1,primary,0.09,0.093,0.4122,0.186,0.2765,MODERATE
T+60min,R-1384,6552594957,6552594955,32.94,primary_link,0.094,0.103,0.4321,0.206,0.2964,MODERATE
T+60min,R-1385,6554206834,2244637026,113.08,residential,0.16,0.188,0.4986,0.376,0.425,MODERATE
T+60min,R-1386,6554206834,623895377,100.49,residential,0.101,0.15,0.3924,0.3,0.337,MODERATE
T+60min,R-1387,6554206834,6491091372,78.03,residential,0.154,0.165,0.4725,0.33,0.387,MODERATE
T+60min,R-1388,6554236425,6554236440,27.36,tertiary,0.151,0.181,0.4345,0.362,0.391,MODERATE
T+60min,R-1389,6554236425,6554236455,163.01,residential,0.141,0.175,0.435,0.35,0.384,MODERATE
T+60min,R-1390,6554236425,7404711455,78.82,tertiary,0.112,0.142,0.4278,0.284,0.3415,MODERATE
T+60min,R-1391,6554236425,7404711465,126.02,residential,0.167,0.232,0.4904,0.464,0.4746,MODERATE
T+60min,R-1392,6554236429,10923690283,13.34,residential,,,,,,UNKNOWN
T+60min,R-1393,6554236440,2244637067,32.92,tertiary,0.213,0.238,0.5158,0.476,0.4919,MODERATE
T+60min,R-1394,6554236440,6554236425,27.36,tertiary,0.151,0.181,0.4345,0.362,0.391,MODERATE
T+60min,R-1395,6554236440,6554236451,130.04,residential,0.218,0.245,0.5391,0.49,0.5096,HIGH
T+60min,R-1396,6554236441,2244637067,210.33,tertiary,0.269,0.301,0.5923,0.602,0.5981,HIGH
T+60min,R-1397,6554236441,245668029,12.21,tertiary,,,,,,UNKNOWN
T+60min,R-1398,6554236441,6554236449,140.04,residential,,,,,,UNKNOWN
T+60min,R-1399,6554236449,623895533,191.44,residential,,,,,,UNKNOWN
T+60min,R-1400,6554236449,6554236441,140.04,residential,,,,,,UNKNOWN
T+60min,R-1401,6554236449,6554236451,64.09,residential,,,,,,UNKNOWN
T+60min,R-1402,6554236451,10923690270,93.08,residential,,,,,,UNKNOWN
T+60min,R-1403,6554236451,10923690283,112.47,residential,,,,,,UNKNOWN
T+60min,R-1404,6554236451,6554236440,130.04,residential,0.218,0.245,0.5391,0.49,0.5096,HIGH
T+60min,R-1405,6554236451,6554236449,64.09,residential,,,,,,UNKNOWN
T+60min,R-1406,6554236455,10923690270,37.36,residential,,,,,,UNKNOWN
T+60min,R-1407,6554236455,4342420553,74.37,residential,,,,,,UNKNOWN
T+60min,R-1408,6554236455,6554236425,163.01,residential,0.141,0.175,0.435,0.35,0.384,MODERATE
T+60min,R-1409,6554271017,13619401780,12.32,residential,0.001,0.001,0.0246,0.002,0.011,LOW
T+60min,R-1410,6554271024,13619401780,82.48,residential,0.073,0.163,0.2675,0.326,0.3026,MODERATE
T+60min,R-1411,6554271024,2244637013,71.18,residential,0.154,0.165,0.4944,0.33,0.3958,MODERATE
T+60min,R-1412,6554271024,2244637021,67.22,residential,0.179,0.192,0.5444,0.384,0.4482,MODERATE
T+60min,R-1413,6554302593,2897024683,102.16,tertiary,0.095,0.107,0.4589,0.214,0.312,MODERATE
T+60min,R-1414,6554384670,245666386,83.86,tertiary,0.103,0.13,0.4156,0.26,0.3222,MODERATE
T+60min,R-1415,6576335804,622039360,88.93,residential,0.227,0.254,0.5657,0.508,0.5311,HIGH
T+60min,R-1416,6585962883,13614337242,16.14,residential,0.088,0.088,0.4159,0.176,0.272,MODERATE
T+60min,R-1417,6585962883,13614337247,14.99,residential,0.088,0.088,0.4196,0.176,0.2734,MODERATE
T+60min,R-1418,6585962883,13614337249,27.32,residential,0.089,0.091,0.4173,0.182,0.2761,MODERATE
T+60min,R-1419,6585998686,13614337247,76.41,residential,0.103,0.121,0.5155,0.242,0.3514,MODERATE
T+60min,R-1420,6590384792,10055232024,28.08,tertiary,0.271,0.288,0.5648,0.576,0.5715,HIGH
T+60min,R-1421,6590384792,5896564331,9.22,tertiary,0.263,0.276,0.5627,0.552,0.5563,HIGH
T+60min,R-1422,6598052694,13618374655,16.18,residential,0.163,0.166,0.5104,0.332,0.4034,MODERATE
T+60min,R-1423,6598052694,4342420489,44.3,residential,0.156,0.161,0.4942,0.322,0.3909,MODERATE
T+60min,R-1424,6598052694,7404711477,23.25,residential,0.163,0.168,0.5202,0.336,0.4097,MODERATE
T+60min,R-1425,6926279716,13798210725,26.82,residential,0.268,0.311,0.6573,0.622,0.6361,HIGH
T+60min,R-1426,6926279716,13798210730,56.49,residential,0.324,0.36,0.7294,0.72,0.7238,HIGH
T+60min,R-1427,6926279716,13798210738,18.95,residential,0.344,0.363,0.7615,0.726,0.7402,HIGH
T+60min,R-1428,6926279717,13798210723,56.29,residential,0.184,0.191,0.4846,0.382,0.423,MODERATE
T+60min,R-1429,6926279717,13798210725,28.31,residential,0.209,0.228,0.5106,0.456,0.4778,MODERATE
T+60min,R-1430,6926279717,13798210735,15.95,residential,0.197,0.204,0.5112,0.408,0.4493,MODERATE
T+60min,R-1431,6926279721,10772904744,52.24,trunk,0.354,0.354,0.7352,0.708,0.7189,HIGH
T+60min,R-1432,6926279721,13798210738,8.99,residential,0.359,0.363,0.7563,0.726,0.7381,HIGH
T+60min,R-1433,6926279722,2804481652,104.56,residential,0.174,0.201,0.569,0.402,0.4688,MODERATE
T+60min,R-1434,6926279727,6926279727,276.37,residential,0.328,0.34,0.6442,0.68,0.6657,HIGH
T+60min,R-1435,6926279727,6926279727,276.37,residential,0.328,0.34,0.6442,0.68,0.6657,HIGH
T+60min,R-1436,6926279727,7104101070,59.41,residential,0.314,0.324,0.6402,0.648,0.6449,HIGH
T+60min,R-1437,7104101070,13433910625,95.51,trunk,0.241,0.327,0.5361,0.654,0.6068,HIGH
T+60min,R-1438,7104101070,6926279727,59.41,residential,0.314,0.324,0.6402,0.648,0.6449,HIGH
T+60min,R-1439,7200666559,2897024597,234.99,tertiary,0.07,0.078,0.4,0.156,0.2536,MODERATE
T+60min,R-1440,7365813760,13618414606,13.43,residential,0.194,0.197,0.5017,0.394,0.4371,MODERATE
T+60min,R-1441,7365813760,13619237610,16.55,residential,0.205,0.212,0.512,0.424,0.4592,MODERATE
T+60min,R-1442,7365813760,7384246086,30.09,residential,0.202,0.211,0.5076,0.422,0.4562,MODERATE
T+60min,R-1443,7365871208,13617483789,26.78,tertiary,0.217,0.232,0.5454,0.464,0.4966,MODERATE
T+60min,R-1444,7365871208,13617550915,7.27,tertiary_link,0.188,0.197,0.4872,0.394,0.4313,MODERATE
T+60min,R-1445,7366153523,7372035744,495.95,residential,0.246,0.31,0.6828,0.62,0.6451,HIGH
T+60min,R-1446,7366246694,13618347449,174.97,residential,0.122,0.165,0.421,0.33,0.3664,MODERATE
T+60min,R-1447,7366246694,2897024870,26.56,trunk_link,0.153,0.165,0.4663,0.33,0.3845,MODERATE
T+60min,R-1448,7366246698,622042582,13.71,trunk,0.168,0.184,0.4618,0.368,0.4055,MODERATE
T+60min,R-1449,7366246698,6490591813,48.04,trunk,0.159,0.198,0.4134,0.396,0.403,MODERATE
T+60min,R-1450,7372035744,13617040678,13.12,tertiary,0.254,0.262,0.5718,0.524,0.5431,HIGH
T+60min,R-1451,7372035744,245666801,85.2,tertiary,0.286,0.31,0.8049,0.62,0.694,HIGH
T+60min,R-1452,7372035744,6428381511,115.39,residential,0.26,0.278,0.6202,0.556,0.5817,HIGH
T+60min,R-1453,7372035744,7366153523,495.95,residential,0.246,0.31,0.6828,0.62,0.6451,HIGH
T+60min,R-1454,7384246086,13619515794,5.6,residential,0.21,0.211,0.5417,0.422,0.4699,MODERATE
T+60min,R-1455,7384246086,622039354,11.49,residential,0.217,0.224,0.5216,0.448,0.4774,MODERATE
T+60min,R-1456,7384246086,7365813760,30.09,residential,0.202,0.211,0.5076,0.422,0.4562,MODERATE
T+60min,R-1457,7404711408,4342420490,92.78,residential,0.267,0.355,0.666,0.71,0.6924,HIGH
T+60min,R-1458,7404711443,11045926287,269.44,residential,0.128,0.141,0.4601,0.282,0.3532,MODERATE
T+60min,R-1459,7404711443,245668038,19.69,residential,0.128,0.141,0.4613,0.282,0.3537,MODERATE
T+60min,R-1460,7404711443,245668141,156.42,residential,0.122,0.141,0.4502,0.282,0.3493,MODERATE
T+60min,R-1461,7404711447,245668015,9.51,secondary,0.249,0.249,0.6627,0.498,0.5639,HIGH
T+60min,R-1462,7404711447,245668039,18.91,secondary,0.249,0.249,0.6946,0.498,0.5766,HIGH
T+60min,R-1463,7404711453,7404711454,16.27,residential,0.135,0.138,0.4363,0.276,0.3401,MODERATE
T+60min,R-1464,7404711454,7404711453,16.27,residential,0.135,0.138,0.4363,0.276,0.3401,MODERATE
T+60min,R-1465,7404711454,7404711455,27.01,residential,0.138,0.142,0.4625,0.284,0.3554,MODERATE
T+60min,R-1466,7404711454,7787253967,7.42,residential,0.124,0.133,0.4252,0.266,0.3297,MODERATE
T+60min,R-1467,7404711455,1375215119,95.82,tertiary,0.174,0.214,0.5203,0.428,0.4649,MODERATE
T+60min,R-1468,7404711455,6554236425,78.82,tertiary,0.112,0.142,0.4278,0.284,0.3415,MODERATE
T+60min,R-1469,7404711455,7404711454,27.01,residential,0.138,0.142,0.4625,0.284,0.3554,MODERATE
T+60min,R-1470,7404711465,6554236425,126.02,residential,0.167,0.232,0.4904,0.464,0.4746,MODERATE
T+60min,R-1471,7404711477,11368130746,113.44,residential,0.164,0.173,0.5661,0.346,0.434,MODERATE
T+60min,R-1472,7404711477,13617327485,52.26,residential,0.165,0.17,0.534,0.34,0.4176,MODERATE
T+60min,R-1473,7404711477,6598052694,23.25,residential,0.163,0.168,0.5202,0.336,0.4097,MODERATE
T+60min,R-1474,7404757836,7404757837,53.95,residential,,,,,,UNKNOWN
T+60min,R-1475,7404757837,623895532,82.42,tertiary,,,,,,UNKNOWN
T+60min,R-1476,7404757837,623895533,2.4,tertiary,,,,,,UNKNOWN
T+60min,R-1477,7404757837,7404757836,53.95,residential,,,,,,UNKNOWN
T+60min,R-1478,7749797394,13615156518,144.88,tertiary,0.104,0.118,0.4543,0.236,0.3233,MODERATE
T+60min,R-1479,7749797394,6554302593,17.4,tertiary,0.112,0.118,0.4984,0.236,0.341,MODERATE
T+60min,R-1480,7787253967,7404711454,7.42,residential,0.124,0.133,0.4252,0.266,0.3297,MODERATE
T+60min,R-1481,8443491310,245666651,77.22,residential,0.228,0.247,0.5504,0.494,0.5166,HIGH
T+60min,R-1482,8443532426,5896564331,497.89,tertiary,0.238,0.298,0.5868,0.596,0.5923,HIGH
T+60min,R-1483,8570027362,13617092839,42.87,residential,0.223,0.232,0.5767,0.464,0.5091,HIGH
T+60min,R-1484,9171835705,13619396529,19.0,residential,,,,,,UNKNOWN
T+60min,R-1485,9171835705,13619396536,17.29,residential,,,,,,UNKNOWN
T+60min,R-1486,9171835705,13619678859,53.15,residential,,,,,,UNKNOWN
T+60min,R-1487,9171835708,13619491182,24.98,residential,,,,,,UNKNOWN
T+60min,R-1488,9171835708,13619491183,84.09,residential,,,,,,UNKNOWN
T+60min,R-1489,9171835708,13619491193,36.45,residential,,,,,,UNKNOWN
T+60min,R-1490,9171835708,13619491193,99.37,residential,,,,,,UNKNOWN
T+60min,R-1491,9198946025,622060792,212.64,residential,0.2,0.289,0.5633,0.578,0.5721,HIGH
T+60min,R-1492,9445072347,13619243522,55.21,residential,,,,,,UNKNOWN
T+60min,R-1493,9445072347,13619463498,9.05,residential,,,,,,UNKNOWN
T+60min,R-1494,9445072347,245668373,17.59,residential,,,,,,UNKNOWN
T+60min,R-1495,9445072347,6489058155,42.55,residential,,,,,,UNKNOWN
T+60min,R-1496,9469495781,2897024627,388.68,secondary,0.17,0.194,0.581,0.388,0.4652,MODERATE
T+60min,R-1497,9469495781,9469495782,7.89,secondary,0.145,0.147,0.5123,0.294,0.3813,MODERATE
T+60min,R-1498,9469495782,2897024696,8.32,secondary,0.147,0.147,0.514,0.294,0.382,MODERATE
T+60min,R-1499,9469495782,2897024711,35.43,secondary,0.146,0.147,0.4992,0.294,0.3761,MODERATE
T+60min,R-1500,9469523484,13615172965,5.42,residential,0.268,0.269,0.7875,0.538,0.6378,HIGH
T+60min,R-1501,9469523484,13616325515,32.86,tertiary,0.267,0.271,0.7973,0.542,0.6441,HIGH
T+60min,R-1502,9684698224,10924156281,68.54,residential,,,,,,UNKNOWN
T+60min,R-1503,9684698224,14130497014,20.89,residential,,,,,,UNKNOWN
T+60min,R-1504,9684698224,14130497022,12.76,residential,,,,,,UNKNOWN
T+60min,R-1505,9684698224,245668449,16.58,residential,,,,,,UNKNOWN
T+60min,R-1506,9691859215,3743617937,32.75,trunk,0.234,0.242,0.6076,0.484,0.5334,HIGH
T+60min,R-1507,9691859215,5470238123,23.99,trunk_link,0.247,0.25,0.6775,0.5,0.571,HIGH
T+60min,R-1508,9771116360,13619368460,35.05,residential,0.196,0.214,0.5491,0.428,0.4764,MODERATE
T+60min,R-1509,9771116360,13619368466,58.73,residential,0.193,0.216,0.5108,0.432,0.4635,MODERATE
T+60min,R-1510,9771116360,2897024660,47.48,residential,0.16,0.176,0.4818,0.352,0.4039,MODERATE
T+60min,R-1511,9914206292,13619604480,28.2,residential,0.24,0.247,0.6042,0.494,0.5381,HIGH
T+60min,R-1512,9914206292,13622528191,79.32,residential,0.226,0.233,0.5598,0.466,0.5035,HIGH
T+60min,R-1513,9914206292,4342420517,78.72,residential,0.193,0.233,0.5191,0.466,0.4872,MODERATE
T+90min,R-001,10044201331,12243225438,31.35,trunk,0.311,0.329,0.6112,0.658,0.6393,HIGH
T+90min,R-002,10044201331,13615156515,103.69,tertiary,0.343,0.35,0.7433,0.7,0.7173,HIGH
T+90min,R-003,10055232024,13616287392,9.75,residential,0.37,0.372,0.574,0.744,0.676,HIGH
T+90min,R-004,10055232024,13626183259,7.16,residential,0.368,0.368,0.5725,0.736,0.6706,HIGH
T+90min,R-005,10055232024,13639959260,22.82,tertiary,0.391,0.414,0.6537,0.828,0.7583,VERY_HIGH
T+90min,R-006,10055232027,13626183259,90.39,residential,0.316,0.368,0.5675,0.736,0.6686,HIGH
T+90min,R-007,10091403656,13615172965,33.31,tertiary,0.344,0.349,0.8043,0.698,0.7405,HIGH
T+90min,R-008,10091403656,13616325515,6.09,tertiary_link,0.334,0.334,0.751,0.668,0.7012,HIGH
T+90min,R-009,10091403659,296853793,74.13,primary,0.17,0.19,0.498,0.38,0.4272,MODERATE
T+90min,R-010,10091403662,13617040694,36.49,tertiary,0.285,0.303,0.5426,0.606,0.5806,HIGH
T+90min,R-011,10091403662,3193827831,7.59,residential,0.28,0.28,0.5406,0.56,0.5522,HIGH
T+90min,R-012,10091403664,10091403656,29.95,tertiary,0.323,0.334,0.7436,0.668,0.6982,HIGH
T+90min,R-013,10091403664,245666192,6.21,residential,0.318,0.318,0.768,0.636,0.6888,HIGH
T+90min,R-014,10111287875,13618292025,47.89,residential,0.024,0.069,0.1573,0.138,0.1457,LOW
T+90min,R-015,10213907200,11027088421,342.73,unclassified,0.238,0.339,0.549,0.678,0.6264,HIGH
T+90min,R-016,10245790327,10245790331,31.71,trunk,0.2,0.206,0.4702,0.412,0.4353,MODERATE
T+90min,R-017,10245790331,13798210715,64.09,trunk,0.296,0.439,0.6129,0.878,0.772,VERY_HIGH
T+90min,R-018,10245790331,13798244195,9.33,residential,0.208,0.209,0.4586,0.418,0.4342,MODERATE
T+90min,R-019,10265662124,12406104883,82.88,trunk,0.21,0.223,0.5111,0.446,0.472,MODERATE
T+90min,R-020,10265662124,12406104885,13.21,residential,0.218,0.22,0.4981,0.44,0.4632,MODERATE
T+90min,R-021,10265662126,10265662124,147.7,trunk,0.294,0.354,0.6781,0.708,0.696,HIGH
T+90min,R-022,10265662126,6428382636,15.66,residential,0.292,0.298,0.5818,0.596,0.5903,HIGH
T+90min,R-023,10265662174,622042581,86.75,trunk_link,0.278,0.309,0.5588,0.618,0.5943,HIGH
T+90min,R-024,10265662174,622042582,45.31,trunk,0.26,0.286,0.5235,0.572,0.5526,HIGH
T+90min,R-025,10265662175,10265662174,41.47,trunk,0.287,0.305,0.6355,0.61,0.6202,HIGH
T+90min,R-026,10265662175,12406085638,134.01,trunk_link,0.299,0.344,0.6298,0.688,0.6647,HIGH
T+90min,R-027,10279771623,10279771626,41.31,primary_link,0.291,0.335,0.5724,0.67,0.631,HIGH
T+90min,R-028,10279771623,631507992,28.4,primary,0.309,0.335,0.5789,0.67,0.6336,HIGH
T+90min,R-029,10279771626,2897024777,70.02,tertiary,0.248,0.255,0.544,0.51,0.5236,HIGH
T+90min,R-030,10279771627,10279771631,54.54,primary_link,0.166,0.2,0.4217,0.4,0.4087,MODERATE
T+90min,R-031,10279771627,245666966,35.27,primary,0.159,0.2,0.4115,0.4,0.4046,MODERATE
T+90min,R-032,10279771631,631507969,76.02,secondary,0.175,0.193,0.4493,0.386,0.4113,MODERATE
T+90min,R-033,10292442915,13383144370,76.65,secondary,0.12,0.129,0.446,0.258,0.3332,MODERATE
T+90min,R-034,10294725029,12350425034,184.13,tertiary,0.267,0.356,0.5356,0.712,0.6414,HIGH
T+90min,R-035,10294725029,13638535682,24.64,residential,0.257,0.262,0.5114,0.524,0.519,HIGH
T+90min,R-036,10316548327,6428793085,65.39,residential,0.201,0.223,0.5619,0.446,0.4924,MODERATE
T+90min,R-037,10384248274,10384248275,22.33,trunk_link,0.246,0.275,0.5804,0.55,0.5622,HIGH
T+90min,R-038,10384248274,2897024866,30.44,trunk,0.231,0.245,0.4874,0.49,0.489,MODERATE
T+90min,R-039,10384248275,10384248274,22.33,trunk_link,0.246,0.275,0.5804,0.55,0.5622,HIGH
T+90min,R-040,10384248275,12406104884,257.8,trunk,0.233,0.312,0.6008,0.624,0.6147,HIGH
T+90min,R-041,10564373799,10564373800,16.79,residential,0.232,0.239,0.5525,0.478,0.5078,HIGH
T+90min,R-042,10564373799,245667361,48.5,trunk,0.252,0.27,0.5316,0.54,0.5366,HIGH
T+90min,R-043,10564373800,10564373799,16.79,residential,0.232,0.239,0.5525,0.478,0.5078,HIGH
T+90min,R-044,10653501374,10653501375,64.59,residential,0.115,0.175,0.356,0.35,0.3524,MODERATE
T+90min,R-045,10653501374,245665910,119.23,residential,0.273,0.31,0.6197,0.62,0.6199,HIGH
T+90min,R-046,10653501374,473698890,69.48,residential,0.107,0.175,0.3567,0.35,0.3527,MODERATE
T+90min,R-047,10653501375,10653501374,64.59,residential,0.115,0.175,0.356,0.35,0.3524,MODERATE
T+90min,R-048,10653501375,10696472308,7.52,residential,0.097,0.108,0.3508,0.216,0.2699,MODERATE
T+90min,R-049,10653501375,245666351,155.72,residential,0.181,0.239,0.4554,0.478,0.469,MODERATE
T+90min,R-050,10653501375,473698890,29.16,residential,0.077,0.087,0.3364,0.174,0.239,LOW
T+90min,R-051,10696472306,13638535670,39.79,residential,0.236,0.239,0.544,0.478,0.5044,HIGH
T+90min,R-052,10696472306,13638535675,29.79,residential,0.236,0.247,0.5401,0.494,0.5124,HIGH
T+90min,R-053,10696472306,245666367,71.59,residential,0.256,0.269,0.61,0.538,0.5668,HIGH
T+90min,R-054,10696472307,10696472308,48.33,residential,0.116,0.15,0.3672,0.3,0.3269,MODERATE
T+90min,R-055,10696472307,13638535675,33.56,residential,0.182,0.223,0.4436,0.446,0.445,MODERATE
T+90min,R-056,10696472307,245666323,69.45,residential,0.184,0.204,0.4726,0.408,0.4338,MODERATE
T+90min,R-057,10696472308,10653501375,7.52,residential,0.097,0.108,0.3508,0.216,0.2699,MODERATE
T+90min,R-058,10696472308,10696472307,48.33,residential,0.116,0.15,0.3672,0.3,0.3269,MODERATE
T+90min,R-059,10696472308,13638535652,64.73,residential,0.125,0.198,0.3684,0.396,0.385,MODERATE
T+90min,R-060,10696472308,245666260,71.83,residential,0.149,0.165,0.4326,0.33,0.371,MODERATE
T+90min,R-061,10696472309,13638535652,3.19,residential,0.198,0.198,0.4442,0.396,0.4153,MODERATE
T+90min,R-062,10696472347,10696472356,48.98,residential,0.304,0.322,0.7019,0.644,0.6672,HIGH
T+90min,R-063,10696472347,13638535683,64.81,residential,0.25,0.304,0.5435,0.608,0.5822,HIGH
T+90min,R-064,10696472347,245666482,74.32,residential,0.313,0.321,0.7583,0.642,0.6885,HIGH
T+90min,R-065,10696472349,10696472350,66.34,residential,0.182,0.206,0.467,0.412,0.434,MODERATE
T+90min,R-066,10696472349,13638535686,74.14,residential,0.246,0.294,0.5482,0.588,0.5721,HIGH
T+90min,R-067,10696472349,2439333822,119.0,residential,0.256,0.269,0.5907,0.538,0.5591,HIGH
T+90min,R-068,10696472349,245666190,28.07,residential,0.212,0.22,0.488,0.44,0.4592,MODERATE
T+90min,R-069,10696472350,10696472349,66.34,residential,0.182,0.206,0.467,0.412,0.434,MODERATE
T+90min,R-070,10696472350,13638535683,64.98,residential,0.188,0.198,0.4788,0.396,0.4291,MODERATE
T+90min,R-071,10696472350,13638535685,72.75,residential,0.225,0.29,0.5134,0.58,0.5534,HIGH
T+90min,R-072,10696472350,245666260,30.74,residential,0.171,0.178,0.4788,0.356,0.4051,MODERATE
T+90min,R-073,10696472351,13638535681,16.07,residential,0.26,0.271,0.5545,0.542,0.547,HIGH
T+90min,R-074,10696472356,10696472347,48.98,residential,0.304,0.322,0.7019,0.644,0.6672,HIGH
T+90min,R-075,10696472356,13638535681,14.31,residential,0.275,0.283,0.5801,0.566,0.5716,HIGH
T+90min,R-076,10696472356,245666446,29.73,residential,0.274,0.283,0.5907,0.566,0.5759,HIGH
T+90min,R-077,10724726259,11047568171,11.43,tertiary,0.318,0.32,0.603,0.64,0.6252,HIGH
T+90min,R-078,10724726259,13617040682,6.53,residential,0.316,0.316,0.6116,0.632,0.6238,HIGH
T+90min,R-079,10724781030,13617040686,34.9,tertiary,0.393,0.405,0.8441,0.81,0.8236,VERY_HIGH
T+90min,R-080,10724781030,245666801,7.12,tertiary,0.384,0.386,0.8067,0.772,0.7859,VERY_HIGH
T+90min,R-081,10772904744,2804481649,69.76,trunk,,,,,,UNKNOWN
T+90min,R-082,10840042416,13619396536,18.54,residential,,,,,,UNKNOWN
T+90min,R-083,10923438752,622039354,34.51,residential,0.306,0.333,0.654,0.666,0.6612,HIGH
T+90min,R-084,10923690270,10923690281,153.14,residential,,,,,,UNKNOWN
T+90min,R-085,10923690270,6554236451,93.08,residential,,,,,,UNKNOWN
T+90min,R-086,10923690270,6554236455,37.36,residential,,,,,,UNKNOWN
T+90min,R-087,10923690281,10923690270,153.14,residential,,,,,,UNKNOWN
T+90min,R-088,10923690283,10923690287,29.89,residential,,,,,,UNKNOWN
T+90min,R-089,10923690283,6554236429,13.34,residential,,,,,,UNKNOWN
T+90min,R-090,10923690283,6554236451,112.47,residential,,,,,,UNKNOWN
T+90min,R-091,10923690287,10923690283,29.89,residential,,,,,,UNKNOWN
T+90min,R-092,10923690293,13617292726,6.68,residential,,,,,,UNKNOWN
T+90min,R-093,10923690293,13617292729,36.91,residential,,,,,,UNKNOWN
T+90min,R-094,10923690293,2244637068,48.3,residential,,,,,,UNKNOWN
T+90min,R-095,10924156281,9684698224,68.54,residential,,,,,,UNKNOWN
T+90min,R-096,10924277272,10924277275,31.57,residential,0.273,0.304,0.5666,0.608,0.5914,HIGH
T+90min,R-097,10924277272,12756633089,92.32,residential,0.216,0.248,0.462,0.496,0.4824,MODERATE
T+90min,R-098,10924277272,12756633089,156.13,residential,0.289,0.343,0.5697,0.686,0.6395,HIGH
T+90min,R-099,10924277275,10924277272,31.57,residential,0.273,0.304,0.5666,0.608,0.5914,HIGH
T+90min,R-100,10924277275,10924277275,339.19,residential,0.304,0.322,0.6545,0.644,0.6482,HIGH
T+90min,R-101,10924277275,10924277275,339.19,residential,0.304,0.322,0.6545,0.644,0.6482,HIGH
T+90min,R-102,10925931739,11046205760,18.27,residential,0.25,0.254,0.5158,0.508,0.5111,HIGH
T+90min,R-103,10925931739,13619485526,8.68,residential,0.25,0.254,0.5134,0.508,0.5102,HIGH
T+90min,R-104,10925931739,2244797686,51.06,residential,0.292,0.335,0.5478,0.67,0.6211,HIGH
T+90min,R-105,10925931740,13619485519,103.44,residential,0.252,0.275,0.5331,0.55,0.5432,HIGH
T+90min,R-106,10925931740,13619485519,10.53,residential,0.251,0.255,0.5188,0.51,0.5135,HIGH
T+90min,R-107,10925931740,13619485526,12.82,residential,0.245,0.246,0.5106,0.492,0.4994,MODERATE
T+90min,R-108,10925931781,245667933,125.58,residential,0.264,0.309,0.5604,0.618,0.595,HIGH
T+90min,R-109,10925931781,245668039,8.27,secondary,0.314,0.318,0.6739,0.636,0.6512,HIGH
T+90min,R-110,10925931781,4342420515,46.46,secondary,0.28,0.309,0.5687,0.618,0.5983,HIGH
T+90min,R-111,10925941296,10925941300,34.66,residential,0.269,0.279,0.5412,0.558,0.5513,HIGH
T+90min,R-112,10925941300,10925941296,34.66,residential,0.269,0.279,0.5412,0.558,0.5513,HIGH
T+90min,R-113,10925941300,13619412997,44.77,residential,0.263,0.279,0.5378,0.558,0.5499,HIGH
T+90min,R-114,10925941300,13622503093,33.46,residential,0.284,0.288,0.5821,0.576,0.5784,HIGH
T+90min,R-115,10925943006,13619500841,47.23,residential,,,,,,UNKNOWN
T+90min,R-116,10925943006,13622503093,9.08,residential,,,,,,UNKNOWN
T+90min,R-117,10925943006,13622528191,15.5,residential,,,,,,UNKNOWN
T+90min,R-118,11027088421,10213907200,342.73,unclassified,0.238,0.339,0.549,0.678,0.6264,HIGH
T+90min,R-119,11027088421,2897024682,481.95,unclassified,0.207,0.296,0.5826,0.592,0.5882,HIGH
T+90min,R-120,11045926287,7404711443,269.44,residential,0.165,0.182,0.4601,0.364,0.4024,MODERATE
T+90min,R-121,11046194844,11046194845,19.74,residential,0.37,0.374,0.6331,0.748,0.702,HIGH
T+90min,R-122,11046194845,11046194844,19.74,residential,0.37,0.374,0.6327,0.748,0.7019,HIGH
T+90min,R-123,11046194845,13619396529,29.14,residential,0.362,0.362,0.6163,0.724,0.6809,HIGH
T+90min,R-124,11046194845,2244797686,23.64,residential,0.349,0.362,0.6193,0.724,0.6821,HIGH
T+90min,R-125,11046205758,11046205759,24.89,residential,0.224,0.235,0.4988,0.47,0.4815,MODERATE
T+90min,R-126,11046205759,11046205758,24.89,residential,0.224,0.235,0.4988,0.47,0.4815,MODERATE
T+90min,R-127,11046205759,11046205760,20.9,residential,0.24,0.246,0.5085,0.492,0.4986,MODERATE
T+90min,R-128,11046205759,13622492455,2.71,residential,0.235,0.235,0.5071,0.47,0.4848,MODERATE
T+90min,R-129,11046205760,10925931739,18.27,residential,0.25,0.254,0.5158,0.508,0.5111,HIGH
T+90min,R-130,11046205760,11046205759,20.9,residential,0.24,0.246,0.5085,0.492,0.4986,MODERATE
T+90min,R-131,11046205760,13622492459,27.53,residential,0.255,0.265,0.5173,0.53,0.5249,HIGH
T+90min,R-132,11047568171,13617040683,46.74,tertiary,0.321,0.322,0.6317,0.644,0.6391,HIGH
T+90min,R-133,11047568171,13626183257,126.95,residential,0.313,0.322,0.6199,0.644,0.6344,HIGH
T+90min,R-134,11047597219,13619318851,57.84,residential,0.237,0.276,0.4893,0.552,0.5269,HIGH
T+90min,R-135,11047597219,13619318852,25.35,residential,0.235,0.248,0.4918,0.496,0.4943,MODERATE
T+90min,R-136,11047597219,13619318864,14.89,residential,0.269,0.29,0.5185,0.58,0.5554,HIGH
T+90min,R-137,11054614468,11054614468,200.97,residential,0.203,0.223,0.5107,0.446,0.4719,MODERATE
T+90min,R-138,11054614468,11054614468,200.97,residential,0.203,0.223,0.5107,0.446,0.4719,MODERATE
T+90min,R-139,11054614468,3743617940,13.33,residential,0.182,0.182,0.4753,0.364,0.4085,MODERATE
T+90min,R-140,11054646813,11054646825,16.11,residential,0.164,0.171,0.4127,0.342,0.3703,MODERATE
T+90min,R-141,11054646813,2244637012,57.63,residential,0.221,0.28,0.4587,0.56,0.5195,HIGH
T+90min,R-142,11054646813,622060792,14.23,residential,0.172,0.181,0.423,0.362,0.3864,MODERATE
T+90min,R-143,11054646825,11054646813,16.11,residential,0.164,0.171,0.4127,0.342,0.3703,MODERATE
T+90min,R-144,11054646825,11054646825,107.16,residential,0.141,0.172,0.4011,0.344,0.3668,MODERATE
T+90min,R-145,11054646825,11054646825,107.16,residential,0.141,0.172,0.4011,0.344,0.3668,MODERATE
T+90min,R-146,11054673420,2244637056,46.64,residential,,,,,,UNKNOWN
T+90min,R-147,11271580571,10091403659,6.71,primary,0.188,0.188,0.5246,0.376,0.4354,MODERATE
T+90min,R-148,11271580571,13617067002,61.72,tertiary,0.203,0.226,0.5112,0.452,0.4757,MODERATE
T+90min,R-149,11368130746,7404711477,113.44,residential,0.211,0.223,0.5661,0.446,0.494,MODERATE
T+90min,R-150,11976374939,13622308166,65.09,tertiary,0.24,0.246,0.6464,0.492,0.5538,HIGH
T+90min,R-151,11976374939,245666426,36.9,tertiary,0.238,0.246,0.6223,0.492,0.5441,HIGH
T+90min,R-152,12079741513,2897024615,17.64,secondary,0.181,0.182,0.6061,0.364,0.4608,MODERATE
T+90min,R-153,12079741513,6552594957,398.69,primary,0.117,0.182,0.4721,0.364,0.4072,MODERATE
T+90min,R-154,12084454212,631525434,42.28,tertiary,0.185,0.191,0.4912,0.382,0.4257,MODERATE
T+90min,R-155,12084454212,9469495781,9.2,secondary,0.186,0.189,0.5075,0.378,0.4298,MODERATE
T+90min,R-156,12243225438,245667542,141.67,trunk,0.245,0.294,0.5427,0.588,0.5699,HIGH
T+90min,R-157,12311766936,2897024667,12.64,tertiary,0.203,0.208,0.5266,0.416,0.4602,MODERATE
T+90min,R-158,12311766936,476488948,198.12,tertiary,0.171,0.199,0.4879,0.398,0.434,MODERATE
T+90min,R-159,12313982248,13615172966,7.68,residential,0.35,0.35,0.641,0.7,0.6764,HIGH
T+90min,R-160,12313982248,13617040693,31.44,tertiary,0.332,0.35,0.6045,0.7,0.6618,HIGH
T+90min,R-161,12313982248,13619368472,36.88,residential,0.355,0.357,0.6465,0.714,0.687,HIGH
T+90min,R-162,12313982253,12313982254,8.92,residential,0.381,0.395,0.8477,0.79,0.8131,VERY_HIGH
T+90min,R-163,12313982253,13617040688,39.95,tertiary,0.367,0.395,0.7994,0.79,0.7938,VERY_HIGH
T+90min,R-164,12313982253,3803645219,213.14,residential,0.31,0.395,0.6655,0.79,0.7402,HIGH
T+90min,R-165,12313982254,12313982253,8.92,residential,0.381,0.395,0.8477,0.79,0.8131,VERY_HIGH
T+90min,R-166,12313982254,13617040685,16.07,tertiary,0.392,0.405,0.8843,0.81,0.8397,VERY_HIGH
T+90min,R-167,12334925193,2804520131,48.26,trunk,0.267,0.279,0.6028,0.558,0.5759,HIGH
T+90min,R-168,12334925204,10265648752,1919.79,trunk,0.251,0.386,0.5969,0.772,0.702,HIGH
T+90min,R-169,12334925204,12334925193,324.23,trunk_link,0.192,0.294,0.4716,0.588,0.5414,HIGH
T+90min,R-170,12350301184,245666579,14.74,tertiary,0.366,0.375,0.6131,0.75,0.6952,HIGH
T+90min,R-171,12350391111,10294725029,8.95,tertiary,0.259,0.264,0.5129,0.528,0.522,HIGH
T+90min,R-172,12350391111,12350391112,8.29,tertiary_link,0.265,0.265,0.5198,0.53,0.5259,HIGH
T+90min,R-173,12350391112,12350391111,8.29,tertiary_link,0.265,0.265,0.5198,0.53,0.5259,HIGH
T+90min,R-174,12350391112,13617092826,85.79,tertiary,0.305,0.322,0.5883,0.644,0.6217,HIGH
T+90min,R-175,12350425034,245666579,7.73,residential,0.356,0.356,0.5978,0.712,0.6663,HIGH
T+90min,R-176,12350446596,12350446597,7.21,tertiary_link,0.21,0.213,0.5209,0.426,0.464,MODERATE
T+90min,R-177,12350446596,13621901230,54.21,tertiary,0.252,0.287,0.5708,0.574,0.5727,HIGH
T+90min,R-178,12350446597,12350446596,7.21,tertiary_link,0.21,0.213,0.5209,0.426,0.464,MODERATE
T+90min,R-179,12350446597,13621901233,51.22,tertiary,0.189,0.208,0.5003,0.416,0.4497,MODERATE
T+90min,R-180,12350931355,2897024749,9.82,tertiary,,,,,,UNKNOWN
T+90min,R-181,12350931355,631507991,96.86,tertiary,,,,,,UNKNOWN
T+90min,R-182,12350931356,12350931355,8.27,tertiary,,,,,,UNKNOWN
T+90min,R-183,12378368422,12378368426,5.99,residential,0.011,0.011,0.1729,0.022,0.0824,LOW
T+90min,R-184,12378368422,6490872923,67.3,residential,0.053,0.131,0.2355,0.262,0.2514,MODERATE
T+90min,R-185,12378368422,6490872930,25.19,residential,0.012,0.015,0.1986,0.03,0.0974,LOW
T+90min,R-186,12378368426,12378368422,5.99,residential,0.011,0.011,0.1729,0.022,0.0824,LOW
T+90min,R-187,12378368426,245667468,17.87,residential,0.009,0.011,0.1798,0.022,0.0851,LOW
T+90min,R-188,12378368427,12378368426,25.09,residential,0.012,0.015,0.1987,0.03,0.0975,LOW
T+90min,R-189,12378368427,6490872930,6.18,residential,0.015,0.015,0.2287,0.03,0.1095,LOW
T+90min,R-190,12406085638,10384248275,2.73,trunk,0.261,0.275,0.6098,0.55,0.5739,HIGH
T+90min,R-191,12406104882,10265662126,45.18,trunk,0.278,0.285,0.5685,0.57,0.5694,HIGH
T+90min,R-192,12406104882,10772904744,1804.27,trunk,0.249,0.446,0.5819,0.892,0.768,VERY_HIGH
T+90min,R-193,12406104883,12406104884,28.17,trunk_link,0.223,0.223,0.5562,0.446,0.4901,MODERATE
T+90min,R-194,12406104883,5911310878,221.94,trunk,0.22,0.247,0.556,0.494,0.5188,HIGH
T+90min,R-195,12406104884,12406104883,28.17,trunk_link,0.223,0.223,0.5562,0.446,0.4901,MODERATE
T+90min,R-196,12406104884,245667803,483.15,trunk,0.256,0.384,0.636,0.768,0.7152,HIGH
T+90min,R-197,12406104885,10265662124,13.21,residential,0.218,0.22,0.4981,0.44,0.4632,MODERATE
T+90min,R-198,12406104885,13618374677,76.32,residential,0.221,0.228,0.5276,0.456,0.4846,MODERATE
T+90min,R-199,12406104885,6428382636,156.17,residential,0.3,0.385,0.6763,0.77,0.7325,HIGH
T+90min,R-200,12486614582,11187458034,9.33,tertiary,0.224,0.224,0.4691,0.448,0.4564,MODERATE
T+90min,R-201,12486614582,6428811261,4.7,tertiary,0.224,0.224,0.4691,0.448,0.4564,MODERATE
T+90min,R-202,12486614584,12486614582,7.27,tertiary,0.224,0.224,0.4691,0.448,0.4564,MODERATE
T+90min,R-203,12756633089,10924277272,92.32,residential,0.216,0.248,0.462,0.496,0.4824,MODERATE
T+90min,R-204,12756633089,10924277272,156.13,residential,0.289,0.343,0.5697,0.686,0.6395,HIGH
T+90min,R-205,12756633089,6428382636,95.51,residential,0.262,0.301,0.5296,0.602,0.573,HIGH
T+90min,R-206,13093786757,12334925204,88.97,trunk,0.195,0.206,0.5039,0.412,0.4488,MODERATE
T+90min,R-207,13398075180,13398075181,14.55,tertiary_link,0.281,0.296,0.6197,0.592,0.6031,HIGH
T+90min,R-208,13398075180,13615156514,94.7,tertiary,0.31,0.332,0.6821,0.664,0.6712,HIGH
T+90min,R-209,13398075181,13398075180,14.55,tertiary_link,0.281,0.296,0.6197,0.592,0.6031,HIGH
T+90min,R-210,13398075181,13615156517,225.3,tertiary,0.31,0.375,0.6937,0.75,0.7275,HIGH
T+90min,R-211,13408237102,13408237103,70.39,residential,0.096,0.228,0.2863,0.456,0.3881,MODERATE
T+90min,R-212,13408237102,13408237104,42.66,residential,0.227,0.239,0.542,0.478,0.5036,HIGH
T+90min,R-213,13408237102,2244637007,132.8,residential,0.179,0.248,0.469,0.496,0.4852,MODERATE
T+90min,R-214,13408237103,13408237102,70.39,residential,0.096,0.228,0.2863,0.456,0.3881,MODERATE
T+90min,R-215,13408237104,13408237102,42.66,residential,0.227,0.239,0.542,0.478,0.5036,HIGH
T+90min,R-216,13408237104,13408237105,47.79,residential,0.205,0.224,0.5112,0.448,0.4733,MODERATE
T+90min,R-217,13408237104,13503191895,25.54,residential,0.205,0.219,0.5401,0.438,0.4788,MODERATE
T+90min,R-218,13408237105,13408237104,47.79,residential,0.205,0.224,0.5112,0.448,0.4733,MODERATE
T+90min,R-219,13433910625,13433910629,61.65,residential,0.25,0.269,0.526,0.538,0.5332,HIGH
T+90min,R-220,13433910625,2804481652,96.83,trunk,0.205,0.223,0.5027,0.446,0.4687,MODERATE
T+90min,R-221,13433910628,13433910629,44.95,residential,0.312,0.362,0.5707,0.724,0.6627,HIGH
T+90min,R-222,13433910629,13433910625,61.65,residential,0.25,0.269,0.526,0.538,0.5332,HIGH
T+90min,R-223,13433910629,13433910628,44.95,residential,0.312,0.362,0.5707,0.724,0.6627,HIGH
T+90min,R-224,13433910629,13433910631,74.18,residential,0.254,0.269,0.6028,0.538,0.5639,HIGH
T+90min,R-225,13433910631,13433910629,74.18,residential,0.254,0.269,0.6028,0.538,0.5639,HIGH
T+90min,R-226,13503191895,13408237104,25.54,residential,0.205,0.219,0.5401,0.438,0.4788,MODERATE
T+90min,R-227,13503191895,13503253504,105.22,residential,0.214,0.239,0.5158,0.478,0.4931,MODERATE
T+90min,R-228,13503191895,3743617940,12.31,residential,0.187,0.191,0.4944,0.382,0.427,MODERATE
T+90min,R-229,13503253504,13503191895,105.22,residential,0.214,0.239,0.5157,0.478,0.4931,MODERATE
T+90min,R-230,13601073293,13619507487,103.13,residential,0.355,0.377,0.6966,0.754,0.731,HIGH
T+90min,R-231,13601073293,2244797686,20.6,residential,0.348,0.365,0.6713,0.73,0.7065,HIGH
T+90min,R-232,13601073293,622039341,110.41,residential,0.365,0.378,0.7272,0.756,0.7445,HIGH
T+90min,R-233,13614337239,13614337241,98.86,residential,0.162,0.227,0.4453,0.454,0.4505,MODERATE
T+90min,R-234,13614337239,13614337242,79.05,residential,0.146,0.205,0.4207,0.41,0.4143,MODERATE
T+90min,R-235,13614337239,245666192,132.84,residential,0.267,0.318,0.6408,0.636,0.6379,HIGH
T+90min,R-236,13614337241,13614337239,98.86,residential,0.162,0.227,0.4453,0.454,0.4505,MODERATE
T+90min,R-237,13614337241,13614337242,21.79,residential,0.115,0.116,0.4171,0.232,0.306,MODERATE
T+90min,R-238,13614337241,13614337249,19.66,residential,0.118,0.119,0.4194,0.238,0.3106,MODERATE
T+90min,R-239,13614337242,13614337239,79.05,residential,0.146,0.205,0.4207,0.41,0.4143,MODERATE
T+90min,R-240,13614337242,13614337241,21.79,residential,0.115,0.116,0.4171,0.232,0.306,MODERATE
T+90min,R-241,13614337242,6585962883,16.14,residential,0.114,0.114,0.4159,0.228,0.3032,MODERATE
T+90min,R-242,13614337247,13614337249,39.04,residential,0.12,0.125,0.4256,0.25,0.3202,MODERATE
T+90min,R-243,13614337247,6585962883,14.99,residential,0.114,0.114,0.4196,0.228,0.3046,MODERATE
T+90min,R-244,13614337247,6585998686,76.41,residential,0.132,0.156,0.5155,0.312,0.3934,MODERATE
T+90min,R-245,13614337249,13614337241,19.66,residential,0.118,0.119,0.4194,0.238,0.3106,MODERATE
T+90min,R-246,13614337249,13614337247,39.04,residential,0.12,0.125,0.4256,0.25,0.3202,MODERATE
T+90min,R-247,13614337249,6585962883,27.32,residential,0.115,0.117,0.4173,0.234,0.3073,MODERATE
T+90min,R-248,13614452347,13614452359,54.31,trunk,0.328,0.338,0.6866,0.676,0.6802,HIGH
T+90min,R-249,13614452347,13614452359,139.79,residential,0.29,0.338,0.6267,0.676,0.6563,HIGH
T+90min,R-250,13614452359,13614452347,139.79,residential,0.29,0.338,0.6267,0.676,0.6563,HIGH
T+90min,R-251,13614452359,9691859215,22.47,trunk,0.317,0.321,0.6501,0.642,0.6452,HIGH
T+90min,R-252,13614466650,13614466653,18.75,residential,0.241,0.253,0.4899,0.506,0.4996,MODERATE
T+90min,R-253,13614466650,13614466656,25.02,residential,0.22,0.232,0.4664,0.464,0.465,MODERATE
T+90min,R-254,13614466650,13614467518,4.31,residential,0.228,0.228,0.4818,0.456,0.4663,MODERATE
T+90min,R-255,13614466653,13614466650,18.75,residential,0.241,0.253,0.4899,0.506,0.4996,MODERATE
T+90min,R-256,13614466656,13614466650,25.02,residential,0.22,0.232,0.4664,0.464,0.465,MODERATE
T+90min,R-257,13614467518,13614466650,4.31,residential,0.228,0.228,0.4818,0.456,0.4663,MODERATE
T+90min,R-258,13614467518,3743617937,34.2,residential,0.263,0.289,0.531,0.578,0.5592,HIGH
T+90min,R-259,13614467518,3743617940,37.51,residential,0.196,0.228,0.4662,0.456,0.4601,MODERATE
T+90min,R-260,13615156514,12243225438,121.44,tertiary,0.335,0.35,0.7111,0.7,0.7044,HIGH
T+90min,R-261,13615156514,13615156515,14.84,tertiary_link,0.328,0.332,0.7156,0.664,0.6846,HIGH
T+90min,R-262,13615156515,13398075181,93.56,tertiary,0.288,0.324,0.5789,0.648,0.6204,HIGH
T+90min,R-263,13615156515,13615156514,14.84,tertiary_link,0.328,0.332,0.7156,0.664,0.6846,HIGH
T+90min,R-264,13615156516,13398075180,222.42,tertiary,0.317,0.375,0.7252,0.75,0.7401,HIGH
T+90min,R-265,13615156516,13615156517,13.96,tertiary_link,0.205,0.205,0.4702,0.41,0.4341,MODERATE
T+90min,R-266,13615156517,13615156516,13.96,tertiary_link,0.205,0.205,0.4702,0.41,0.4341,MODERATE
T+90min,R-267,13615156517,13615156519,71.54,tertiary,0.151,0.205,0.4166,0.41,0.4126,MODERATE
T+90min,R-268,13615156518,13615156516,70.36,tertiary,0.149,0.205,0.4227,0.41,0.4151,MODERATE
T+90min,R-269,13615156518,13615156519,14.51,tertiary_link,0.107,0.114,0.3817,0.228,0.2895,MODERATE
T+90min,R-270,13615156519,13615156518,14.51,tertiary_link,0.107,0.114,0.3817,0.228,0.2895,MODERATE
T+90min,R-271,13615156519,6554302593,140.77,tertiary,0.121,0.14,0.4343,0.28,0.3417,MODERATE
T+90min,R-272,13615156523,245666274,24.14,secondary,0.107,0.11,0.4127,0.22,0.2971,MODERATE
T+90min,R-273,13615156523,2897024625,234.8,secondary,0.144,0.196,0.4435,0.392,0.4126,MODERATE
T+90min,R-274,13615172965,13617040696,36.73,tertiary,0.325,0.343,0.6811,0.686,0.684,HIGH
T+90min,R-275,13615172965,9469523484,5.42,residential,0.345,0.347,0.7875,0.694,0.7314,HIGH
T+90min,R-276,13615172966,12313982248,7.68,residential,0.35,0.35,0.641,0.7,0.6764,HIGH
T+90min,R-277,13615172966,13617040692,56.23,tertiary,0.344,0.351,0.6219,0.702,0.67,HIGH
T+90min,R-278,13616287392,10055232024,9.75,residential,0.37,0.372,0.574,0.744,0.676,HIGH
T+90min,R-279,13616287392,5896564331,27.84,tertiary,0.364,0.372,0.577,0.744,0.6772,HIGH
T+90min,R-280,13616287393,13616287394,7.99,tertiary_link,0.272,0.274,0.5528,0.548,0.5499,HIGH
T+90min,R-281,13616287393,6428617352,19.54,tertiary,0.254,0.274,0.5343,0.548,0.5425,HIGH
T+90min,R-282,13616287394,13616287393,7.99,tertiary_link,0.272,0.274,0.5528,0.548,0.5499,HIGH
T+90min,R-283,13616287394,2897024748,235.5,tertiary,0.311,0.339,0.5934,0.678,0.6442,HIGH
T+90min,R-284,13616287395,2897024710,60.06,tertiary,0.186,0.203,0.4904,0.406,0.4398,MODERATE
T+90min,R-285,13616287395,2897024713,8.37,residential,0.184,0.187,0.4778,0.374,0.4155,MODERATE
T+90min,R-286,13616325515,10091403656,6.09,tertiary_link,0.334,0.334,0.751,0.668,0.7012,HIGH
T+90min,R-287,13616325515,245666192,30.94,tertiary,0.326,0.334,0.7534,0.668,0.7022,HIGH
T+90min,R-288,13616325516,13617040697,25.39,tertiary,0.282,0.298,0.5404,0.596,0.5738,HIGH
T+90min,R-289,13616325516,3803643818,5.12,residential,0.283,0.283,0.5466,0.566,0.5582,HIGH
T+90min,R-290,13617034594,631507968,130.89,secondary,0.142,0.175,0.5139,0.35,0.4156,MODERATE
T+90min,R-291,13617040678,13617040684,74.61,tertiary,0.313,0.319,0.5928,0.638,0.6199,HIGH
T+90min,R-292,13617040678,7372035744,13.12,tertiary,0.328,0.337,0.5718,0.674,0.6331,HIGH
T+90min,R-293,13617040682,10724726259,6.53,residential,0.316,0.316,0.6116,0.632,0.6238,HIGH
T+90min,R-294,13617040682,13617092827,10.26,tertiary,0.315,0.319,0.6268,0.638,0.6335,HIGH
T+90min,R-295,13617040682,13617092837,22.96,residential,0.309,0.316,0.6006,0.632,0.6194,HIGH
T+90min,R-296,13617040683,13617040678,75.06,tertiary,0.316,0.321,0.5962,0.642,0.6237,HIGH
T+90min,R-297,13617040683,13617040684,5.21,tertiary_link,0.319,0.319,0.6111,0.638,0.6272,HIGH
T+90min,R-298,13617040684,13617040682,57.9,tertiary,0.318,0.322,0.6118,0.644,0.6311,HIGH
T+90min,R-299,13617040684,13617040683,5.21,tertiary_link,0.319,0.319,0.6111,0.638,0.6272,HIGH
T+90min,R-300,13617040685,10724781030,33.11,tertiary,0.397,0.405,0.8783,0.81,0.8373,VERY_HIGH
T+90min,R-301,13617040685,13617040686,7.84,tertiary_link,0.405,0.405,0.9184,0.81,0.8534,VERY_HIGH
T+90min,R-302,13617040686,12313982253,16.49,tertiary,0.402,0.405,0.9032,0.81,0.8473,VERY_HIGH
T+90min,R-303,13617040686,13617040685,7.84,tertiary_link,0.405,0.405,0.9184,0.81,0.8534,VERY_HIGH
T+90min,R-304,13617040687,12313982254,40.09,tertiary,0.346,0.366,0.7451,0.732,0.7372,HIGH
T+90min,R-305,13617040687,13617040688,8.16,tertiary_link,0.326,0.326,0.7397,0.652,0.6871,HIGH
T+90min,R-306,13617040688,13617040687,8.16,tertiary_link,0.326,0.326,0.7397,0.652,0.6871,HIGH
T+90min,R-307,13617040688,13617040689,79.85,tertiary,0.319,0.343,0.6995,0.686,0.6914,HIGH
T+90min,R-308,13617040689,13617040690,8.4,tertiary_link,0.343,0.343,0.6509,0.686,0.672,HIGH
T+90min,R-309,13617040689,13617040691,24.3,tertiary,0.347,0.351,0.6637,0.702,0.6867,HIGH
T+90min,R-310,13617040690,13617040687,79.46,tertiary,0.311,0.343,0.659,0.686,0.6752,HIGH
T+90min,R-311,13617040690,13617040689,8.4,tertiary_link,0.343,0.343,0.6509,0.686,0.672,HIGH
T+90min,R-312,13617040691,12313982248,56.77,tertiary,0.349,0.354,0.6236,0.708,0.6742,HIGH
T+90min,R-313,13617040691,13617040692,8.25,tertiary_link,0.345,0.347,0.6113,0.694,0.6609,HIGH
T+90min,R-314,13617040692,13617040690,24.5,tertiary,0.345,0.348,0.6433,0.696,0.6749,HIGH
T+90min,R-315,13617040692,13617040691,8.25,tertiary_link,0.345,0.347,0.6113,0.694,0.6609,HIGH
T+90min,R-316,13617040693,13617040694,7.62,tertiary_link,0.307,0.311,0.5603,0.622,0.5973,HIGH
T+90min,R-317,13617040693,3193827831,35.57,tertiary,0.29,0.311,0.5447,0.622,0.5911,HIGH
T+90min,R-318,13617040694,13615172966,31.47,tertiary,0.326,0.35,0.6003,0.7,0.6601,HIGH
T+90min,R-319,13617040694,13617040693,7.62,tertiary_link,0.307,0.311,0.5603,0.622,0.5973,HIGH
T+90min,R-320,13617040695,13617040696,5.23,tertiary_link,0.309,0.313,0.5629,0.626,0.6008,HIGH
T+90min,R-321,13617040695,9469523484,37.41,tertiary,0.33,0.347,0.6898,0.694,0.6923,HIGH
T+90min,R-322,13617040696,13616325516,32.27,tertiary,0.287,0.305,0.5432,0.61,0.5833,HIGH
T+90min,R-323,13617040696,13617040695,5.23,tertiary_link,0.309,0.313,0.5629,0.626,0.6008,HIGH
T+90min,R-324,13617040697,10091403662,35.41,tertiary,0.278,0.281,0.5394,0.562,0.553,HIGH
T+90min,R-325,13617040697,245666370,6.68,tertiary_link,0.287,0.298,0.5431,0.596,0.5748,HIGH
T+90min,R-326,13617067002,10091403664,125.59,tertiary,0.284,0.318,0.7127,0.636,0.6667,HIGH
T+90min,R-327,13617067002,245666077,5.65,tertiary_link,0.231,0.235,0.5326,0.47,0.495,MODERATE
T+90min,R-328,13617092826,10724726259,9.92,tertiary,0.318,0.32,0.6221,0.64,0.6328,HIGH
T+90min,R-329,13617092826,13617092827,6.9,residential,0.319,0.32,0.6405,0.64,0.6402,HIGH
T+90min,R-330,13617092827,12350391111,86.31,tertiary,0.303,0.324,0.5815,0.648,0.6214,HIGH
T+90min,R-331,13617092827,13617092826,6.9,residential,0.319,0.32,0.6405,0.64,0.6402,HIGH
T+90min,R-332,13617092827,13617092838,23.35,residential,0.317,0.321,0.6323,0.642,0.6381,HIGH
T+90min,R-333,13617092832,13617092835,63.86,residential,0.286,0.309,0.5573,0.618,0.5937,HIGH
T+90min,R-334,13617092832,13617092836,59.88,residential,0.289,0.309,0.5595,0.618,0.5946,HIGH
T+90min,R-335,13617092832,13617550909,156.58,residential,0.372,0.408,0.7102,0.816,0.7737,VERY_HIGH
T+90min,R-336,13617092835,13617092832,63.86,residential,0.286,0.309,0.5573,0.618,0.5937,HIGH
T+90min,R-337,13617092835,13617092836,6.33,residential,0.287,0.287,0.5595,0.574,0.5682,HIGH
T+90min,R-338,13617092835,13617092838,176.09,residential,0.314,0.375,0.6576,0.75,0.713,HIGH
T+90min,R-339,13617092836,13617092832,59.88,residential,0.289,0.309,0.5595,0.618,0.5946,HIGH
T+90min,R-340,13617092836,13617092835,6.33,residential,0.287,0.287,0.5595,0.574,0.5682,HIGH
T+90min,R-341,13617092836,13617092837,176.37,residential,0.306,0.374,0.6495,0.748,0.7086,HIGH
T+90min,R-342,13617092837,13617040682,22.96,residential,0.309,0.316,0.6006,0.632,0.6194,HIGH
T+90min,R-343,13617092837,13617092836,176.37,residential,0.306,0.374,0.6495,0.748,0.7086,HIGH
T+90min,R-344,13617092837,13617092838,9.69,residential,0.312,0.321,0.6056,0.642,0.6274,HIGH
T+90min,R-345,13617092838,13617092827,23.35,residential,0.317,0.321,0.6323,0.642,0.6381,HIGH
T+90min,R-346,13617092838,13617092835,176.09,residential,0.314,0.375,0.6576,0.75,0.713,HIGH
T+90min,R-347,13617092838,13617092837,9.69,residential,0.312,0.321,0.6056,0.642,0.6274,HIGH
T+90min,R-348,13617092839,6428811263,5.46,tertiary,0.3,0.3,0.6164,0.6,0.6066,HIGH
T+90min,R-349,13617092839,8570027362,42.87,residential,0.287,0.3,0.5766,0.6,0.5906,HIGH
T+90min,R-350,13617092840,6428811262,6.78,tertiary,0.298,0.3,0.6082,0.6,0.6033,HIGH
T+90min,R-351,13617092840,6428811270,95.73,tertiary,0.273,0.297,0.5802,0.594,0.5885,HIGH
T+90min,R-352,13617280082,13617280087,38.42,residential,,,,,,UNKNOWN
T+90min,R-353,13617280082,13617327485,128.75,residential,0.257,0.318,0.5462,0.636,0.6001,HIGH
T+90min,R-354,13617280082,245668208,44.67,residential,,,,,,UNKNOWN
T+90min,R-355,13617280087,13617280082,38.42,residential,,,,,,UNKNOWN
T+90min,R-356,13617292720,13617292726,31.17,residential,,,,,,UNKNOWN
T+90min,R-357,13617292720,13617292726,44.62,residential,,,,,,UNKNOWN
T+90min,R-358,13617292720,13617292729,12.94,residential,,,,,,UNKNOWN
T+90min,R-359,13617292726,10923690293,6.68,residential,,,,,,UNKNOWN
T+90min,R-360,13617292726,13617292720,44.62,residential,,,,,,UNKNOWN
T+90min,R-361,13617292726,13617292720,31.17,residential,,,,,,UNKNOWN
T+90min,R-362,13617292729,10923690293,36.91,residential,,,,,,UNKNOWN
T+90min,R-363,13617292729,13617292720,12.94,residential,,,,,,UNKNOWN
T+90min,R-364,13617292729,623895532,50.08,residential,,,,,,UNKNOWN
T+90min,R-365,13617327485,13617280082,128.75,residential,0.257,0.318,0.5462,0.636,0.6001,HIGH
T+90min,R-366,13617327485,13617327487,13.04,residential,0.2,0.204,0.4955,0.408,0.443,MODERATE
T+90min,R-367,13617327485,7404711477,52.26,residential,0.212,0.22,0.534,0.44,0.4776,MODERATE
T+90min,R-368,13617327487,13617327485,13.04,residential,0.2,0.204,0.4955,0.408,0.443,MODERATE
T+90min,R-369,13617327487,13617327487,99.62,residential,0.201,0.215,0.4821,0.43,0.4508,MODERATE
T+90min,R-370,13617327487,13617327487,99.62,residential,0.201,0.215,0.4821,0.43,0.4508,MODERATE
T+90min,R-371,13617483789,13617483791,5.29,tertiary,0.314,0.329,0.6152,0.658,0.6409,HIGH
T+90min,R-372,13617483791,13617483792,2.64,tertiary,0.329,0.329,0.6306,0.658,0.647,HIGH
T+90min,R-373,13617483791,13619318866,100.36,residential,0.318,0.397,0.5852,0.794,0.7105,HIGH
T+90min,R-374,13617483792,13617550909,20.4,residential,0.343,0.365,0.6628,0.73,0.7031,HIGH
T+90min,R-375,13617483792,13617550913,9.91,tertiary,0.325,0.336,0.6426,0.672,0.6602,HIGH
T+90min,R-376,13617483794,13617550919,9.35,tertiary,0.296,0.309,0.6171,0.618,0.6176,HIGH
T+90min,R-377,13617483794,13617550927,24.58,tertiary,0.285,0.309,0.6138,0.618,0.6163,HIGH
T+90min,R-378,13617550905,13617483789,8.06,tertiary,0.299,0.299,0.5993,0.598,0.5985,HIGH
T+90min,R-379,13617550905,13617550915,26.3,tertiary,0.259,0.299,0.5324,0.598,0.5718,HIGH
T+90min,R-380,13617550909,13617092832,156.58,residential,0.372,0.408,0.7102,0.816,0.7737,VERY_HIGH
T+90min,R-381,13617550909,13617550913,21.05,residential,0.337,0.365,0.663,0.73,0.7032,HIGH
T+90min,R-382,13617550913,13617483794,3.32,tertiary,0.309,0.309,0.6339,0.618,0.6244,HIGH
T+90min,R-383,13617550915,245666158,28.38,tertiary,0.209,0.23,0.4665,0.46,0.4626,MODERATE
T+90min,R-384,13617550915,7365871208,7.27,tertiary_link,0.242,0.254,0.4872,0.508,0.4997,MODERATE
T+90min,R-385,13617550919,13617550905,12.15,tertiary,0.285,0.299,0.5885,0.598,0.5942,HIGH
T+90min,R-386,13617550926,13617550919,19.52,tertiary,0.271,0.284,0.5892,0.568,0.5765,HIGH
T+90min,R-387,13617550926,13617550927,7.96,tertiary_link,0.257,0.258,0.591,0.516,0.546,HIGH
T+90min,R-388,13617550927,13617550926,7.96,tertiary_link,0.257,0.258,0.591,0.516,0.546,HIGH
T+90min,R-389,13617550927,13617550929,85.37,tertiary,0.216,0.255,0.5309,0.51,0.5184,HIGH
T+90min,R-390,13617550928,13617550926,86.76,tertiary,0.212,0.258,0.5268,0.516,0.5203,HIGH
T+90min,R-391,13617550928,13617550929,14.72,residential,0.178,0.181,0.4521,0.362,0.398,MODERATE
T+90min,R-392,13617550928,13618123059,16.53,residential,0.173,0.175,0.452,0.35,0.3908,MODERATE
T+90min,R-393,13617550929,13617550923,27.06,tertiary,0.179,0.181,0.483,0.362,0.4104,MODERATE
T+90min,R-394,13617550929,13617550928,14.72,residential,0.178,0.181,0.4521,0.362,0.398,MODERATE
T+90min,R-395,13618123059,13617550928,16.53,residential,0.173,0.175,0.452,0.35,0.3908,MODERATE
T+90min,R-396,13618123059,13618123066,49.46,residential,0.175,0.182,0.4662,0.364,0.4049,MODERATE
T+90min,R-397,13618123059,13618123089,18.89,residential,0.166,0.169,0.4489,0.338,0.3824,MODERATE
T+90min,R-398,13618123066,13618123059,49.46,residential,0.175,0.182,0.4662,0.364,0.4049,MODERATE
T+90min,R-399,13618123066,13618123089,14.18,residential,0.167,0.17,0.4591,0.34,0.3876,MODERATE
T+90min,R-400,13618123066,13618123089,137.56,residential,0.151,0.17,0.4416,0.34,0.3806,MODERATE
T+90min,R-401,13618123089,13618123059,18.89,residential,0.166,0.169,0.4489,0.338,0.3824,MODERATE
T+90min,R-402,13618123089,13618123066,14.18,residential,0.167,0.17,0.4591,0.34,0.3876,MODERATE
T+90min,R-403,13618123089,13618123066,137.56,residential,0.151,0.17,0.4416,0.34,0.3806,MODERATE
T+90min,R-404,13618156305,13618156307,29.01,residential,0.135,0.14,0.3963,0.28,0.3265,MODERATE
T+90min,R-405,13618156307,13617550928,62.17,tertiary,0.161,0.175,0.4561,0.35,0.3924,MODERATE
T+90min,R-406,13618156307,13618156305,29.01,residential,0.135,0.14,0.3962,0.28,0.3265,MODERATE
T+90min,R-407,13618292019,13618292025,19.65,residential,0.006,0.007,0.1554,0.014,0.0706,LOW
T+90min,R-408,13618292019,13618292027,7.85,residential,0.008,0.009,0.166,0.018,0.0772,LOW
T+90min,R-409,13618292019,245667468,4.23,residential,0.008,0.009,0.1804,0.018,0.083,LOW
T+90min,R-410,13618292025,10111287875,47.89,residential,0.024,0.069,0.1573,0.138,0.1457,LOW
T+90min,R-411,13618292025,13618292019,19.65,residential,0.006,0.007,0.1554,0.014,0.0706,LOW
T+90min,R-412,13618292025,13618292030,12.03,residential,0.005,0.005,0.1223,0.01,0.0549,LOW
T+90min,R-413,13618292027,13618292019,7.85,residential,0.008,0.009,0.166,0.018,0.0772,LOW
T+90min,R-414,13618292027,13618292030,51.24,residential,0.013,0.025,0.1448,0.05,0.0879,LOW
T+90min,R-415,13618292027,13618292030,20.74,residential,0.007,0.009,0.1348,0.018,0.0647,LOW
T+90min,R-416,13618292030,13618292025,12.03,residential,0.005,0.005,0.1223,0.01,0.0549,LOW
T+90min,R-417,13618292030,13618292027,51.24,residential,0.013,0.025,0.1448,0.05,0.0879,LOW
T+90min,R-418,13618292030,13618292027,20.74,residential,0.007,0.009,0.1348,0.018,0.0647,LOW
T+90min,R-419,13618347449,245667863,266.41,secondary,0.188,0.322,0.494,0.644,0.584,HIGH
T+90min,R-420,13618347449,7366246694,174.97,residential,0.157,0.213,0.421,0.426,0.424,MODERATE
T+90min,R-421,13618374654,13618374655,19.09,residential,0.213,0.214,0.5171,0.428,0.4636,MODERATE
T+90min,R-422,13618374655,13618374654,19.09,residential,0.213,0.214,0.5171,0.428,0.4636,MODERATE
T+90min,R-423,13618374655,13618374657,21.38,residential,0.219,0.221,0.5376,0.442,0.4802,MODERATE
T+90min,R-424,13618374655,13618374664,69.05,residential,0.222,0.223,0.575,0.446,0.4976,MODERATE
T+90min,R-425,13618374655,6598052694,16.18,residential,0.211,0.214,0.5104,0.428,0.461,MODERATE
T+90min,R-426,13618374656,13618374657,15.18,residential,0.221,0.222,0.5539,0.444,0.488,MODERATE
T+90min,R-427,13618374657,13618374655,21.38,residential,0.219,0.221,0.5376,0.442,0.4802,MODERATE
T+90min,R-428,13618374657,13618374656,15.18,residential,0.221,0.222,0.5539,0.444,0.488,MODERATE
T+90min,R-429,13618374657,5911310880,39.28,residential,0.213,0.22,0.5342,0.44,0.4777,MODERATE
T+90min,R-430,13618374664,13618374655,69.05,residential,0.222,0.223,0.575,0.446,0.4976,MODERATE
T+90min,R-431,13618374670,5911310880,65.19,residential,0.224,0.232,0.5539,0.464,0.5,HIGH
T+90min,R-432,13618374671,13618374676,66.12,residential,0.229,0.242,0.591,0.484,0.5268,HIGH
T+90min,R-433,13618374671,13618374677,45.51,residential,0.234,0.24,0.6557,0.48,0.5503,HIGH
T+90min,R-434,13618374671,13618374681,26.7,residential,0.229,0.24,0.6176,0.48,0.535,HIGH
T+90min,R-435,13618374676,13618374671,66.12,residential,0.229,0.242,0.591,0.484,0.5268,HIGH
T+90min,R-436,13618374676,13618374681,42.66,residential,0.212,0.216,0.5199,0.432,0.4672,MODERATE
T+90min,R-437,13618374676,5911310880,18.15,residential,0.213,0.213,0.5159,0.426,0.462,MODERATE
T+90min,R-438,13618374677,12406104885,76.32,residential,0.221,0.228,0.5276,0.456,0.4846,MODERATE
T+90min,R-439,13618374677,13618374671,45.51,residential,0.234,0.24,0.6557,0.48,0.5503,HIGH
T+90min,R-440,13618374677,13618374681,71.66,residential,0.23,0.238,0.6489,0.476,0.5452,HIGH
T+90min,R-441,13618374677,13618374689,57.67,residential,0.25,0.299,0.5778,0.598,0.5899,HIGH
T+90min,R-442,13618374681,13618374671,26.7,residential,0.229,0.24,0.6176,0.48,0.535,HIGH
T+90min,R-443,13618374681,13618374676,42.66,residential,0.212,0.216,0.5199,0.432,0.4672,MODERATE
T+90min,R-444,13618374681,13618374677,71.66,residential,0.23,0.238,0.6489,0.476,0.5452,HIGH
T+90min,R-445,13618374689,13618374677,57.67,residential,0.25,0.299,0.5778,0.598,0.5899,HIGH
T+90min,R-446,13618395293,13618395297,51.09,residential,0.354,0.374,0.8065,0.748,0.7714,VERY_HIGH
T+90min,R-447,13618395297,13618395293,51.09,residential,0.354,0.374,0.8065,0.748,0.7714,VERY_HIGH
T+90min,R-448,13618395297,13618395298,20.21,residential,0.354,0.368,0.7724,0.736,0.7506,VERY_HIGH
T+90min,R-449,13618395297,13618399201,8.18,residential,0.373,0.378,0.8363,0.756,0.7881,VERY_HIGH
T+90min,R-450,13618395298,13618395297,20.21,residential,0.354,0.368,0.7724,0.736,0.7506,VERY_HIGH
T+90min,R-451,13618399201,13618395297,8.18,residential,0.373,0.378,0.8363,0.756,0.7881,VERY_HIGH
T+90min,R-452,13618399201,13619536860,52.8,residential,0.37,0.378,0.7904,0.756,0.7698,VERY_HIGH
T+90min,R-453,13618399201,5911310871,121.31,residential,0.314,0.378,0.7294,0.756,0.7454,HIGH
T+90min,R-454,13618414606,13618414607,23.83,residential,0.268,0.291,0.5204,0.582,0.5574,HIGH
T+90min,R-455,13618414606,13618414607,62.6,residential,0.269,0.291,0.5361,0.582,0.5636,HIGH
T+90min,R-456,13618414606,7365813760,13.43,residential,0.251,0.254,0.5017,0.508,0.5055,HIGH
T+90min,R-457,13618414607,13618414606,23.83,residential,0.268,0.291,0.5204,0.582,0.5574,HIGH
T+90min,R-458,13618414607,13618414606,62.6,residential,0.269,0.291,0.5361,0.582,0.5636,HIGH
T+90min,R-459,13618414607,622039345,7.6,residential,0.296,0.3,0.5447,0.6,0.5779,HIGH
T+90min,R-460,13619237603,13619237606,18.82,residential,0.272,0.282,0.5149,0.564,0.5444,HIGH
T+90min,R-461,13619237603,13619237610,13.31,residential,0.278,0.282,0.5216,0.564,0.547,HIGH
T+90min,R-462,13619237603,622039354,70.45,residential,0.307,0.337,0.5666,0.674,0.631,HIGH
T+90min,R-463,13619237606,13619237603,18.82,residential,0.272,0.282,0.5149,0.564,0.5444,HIGH
T+90min,R-464,13619237610,13619237603,13.31,residential,0.278,0.282,0.5216,0.564,0.547,HIGH
T+90min,R-465,13619237610,622039345,8.4,residential,0.287,0.3,0.5331,0.6,0.5732,HIGH
T+90min,R-466,13619237610,7365813760,16.55,residential,0.264,0.274,0.512,0.548,0.5336,HIGH
T+90min,R-467,13619239364,13619239365,12.26,residential,,,,,,UNKNOWN
T+90min,R-468,13619239364,13619239367,21.43,residential,,,,,,UNKNOWN
T+90min,R-469,13619239364,13619239369,8.07,residential,,,,,,UNKNOWN
T+90min,R-470,13619239365,13619239364,12.26,residential,,,,,,UNKNOWN
T+90min,R-471,13619239367,13619239364,21.43,residential,,,,,,UNKNOWN
T+90min,R-472,13619239367,13619239369,15.13,residential,,,,,,UNKNOWN
T+90min,R-473,13619239367,245668277,186.93,tertiary,0.228,0.228,0.4876,0.456,0.4686,MODERATE
T+90min,R-474,13619239369,13619239364,8.07,residential,,,,,,UNKNOWN
T+90min,R-475,13619239369,13619239367,15.13,residential,,,,,,UNKNOWN
T+90min,R-476,13619239369,245668324,14.91,residential,,,,,,UNKNOWN
T+90min,R-477,13619243522,13619243523,12.05,residential,,,,,,UNKNOWN
T+90min,R-478,13619243522,13619243545,57.33,residential,,,,,,UNKNOWN
T+90min,R-479,13619243522,9445072347,55.21,residential,,,,,,UNKNOWN
T+90min,R-480,13619243523,13619243551,124.29,residential,,,,,,UNKNOWN
T+90min,R-481,13619243544,13619243551,17.82,residential,,,,,,UNKNOWN
T+90min,R-482,13619243545,13619243522,57.33,residential,,,,,,UNKNOWN
T+90min,R-483,13619243545,245668324,58.86,residential,,,,,,UNKNOWN
T+90min,R-484,13619243551,13619243523,124.29,residential,,,,,,UNKNOWN
T+90min,R-485,13619243551,13619243544,17.82,residential,,,,,,UNKNOWN
T+90min,R-486,13619243551,13619243558,33.83,residential,,,,,,UNKNOWN
T+90min,R-487,13619243558,13619243545,14.22,residential,,,,,,UNKNOWN
T+90min,R-488,13619243558,13619243551,33.83,residential,,,,,,UNKNOWN
T+90min,R-489,13619318851,11047597219,57.84,residential,0.237,0.276,0.4893,0.552,0.5269,HIGH
T+90min,R-490,13619318851,13619318852,35.19,residential,0.211,0.229,0.4675,0.458,0.4618,MODERATE
T+90min,R-491,13619318851,13619318853,26.52,residential,0.184,0.189,0.4562,0.378,0.4093,MODERATE
T+90min,R-492,13619318852,11047597219,25.35,residential,0.235,0.248,0.4918,0.496,0.4943,MODERATE
T+90min,R-493,13619318852,13619318851,35.19,residential,0.211,0.229,0.4675,0.458,0.4618,MODERATE
T+90min,R-494,13619318852,245666191,13.1,residential,0.223,0.229,0.4765,0.458,0.4654,MODERATE
T+90min,R-495,13619318853,13619318851,26.52,residential,0.184,0.189,0.4562,0.378,0.4093,MODERATE
T+90min,R-496,13619318853,13619318854,10.45,tertiary,0.176,0.18,0.4615,0.36,0.4006,MODERATE
T+90min,R-497,13619318853,245666158,9.0,tertiary,0.185,0.19,0.4593,0.38,0.4117,MODERATE
T+90min,R-498,13619318854,13619318853,10.45,tertiary,0.176,0.18,0.4615,0.36,0.4006,MODERATE
T+90min,R-499,13619318854,13621886870,97.18,tertiary,0.196,0.231,0.4839,0.462,0.4708,MODERATE
T+90min,R-500,13619318854,245666191,61.43,residential,0.187,0.216,0.4603,0.432,0.4433,MODERATE
T+90min,R-501,13619318864,11047597219,14.89,residential,0.269,0.29,0.5185,0.58,0.5554,HIGH
T+90min,R-502,13619318864,13619318864,89.56,residential,0.328,0.388,0.5788,0.776,0.6971,HIGH
T+90min,R-503,13619318864,13619318864,89.56,residential,0.328,0.388,0.5788,0.776,0.6971,HIGH
T+90min,R-504,13619318866,13617483791,100.36,residential,0.318,0.397,0.5852,0.794,0.7105,HIGH
T+90min,R-505,13619318866,7365871208,6.89,tertiary,0.243,0.254,0.4857,0.508,0.4991,MODERATE
T+90min,R-506,13619368459,13619368460,19.68,residential,0.292,0.309,0.6604,0.618,0.635,HIGH
T+90min,R-507,13619368459,13619368466,71.23,residential,0.274,0.309,0.5607,0.618,0.5951,HIGH
T+90min,R-508,13619368459,13619368471,19.88,residential,0.322,0.336,0.6847,0.672,0.6771,HIGH
T+90min,R-509,13619368460,13619368459,19.68,residential,0.292,0.309,0.6604,0.618,0.635,HIGH
T+90min,R-510,13619368460,13619368498,137.34,residential,0.341,0.374,0.7597,0.748,0.7527,VERY_HIGH
T+90min,R-511,13619368460,9771116360,35.05,residential,0.253,0.276,0.5491,0.552,0.5508,HIGH
T+90min,R-512,13619368466,13619368459,71.23,residential,0.274,0.309,0.5607,0.618,0.5951,HIGH
T+90min,R-513,13619368466,13619368487,32.86,residential,0.292,0.317,0.6335,0.634,0.6338,HIGH
T+90min,R-514,13619368466,9771116360,58.73,residential,0.249,0.279,0.5108,0.558,0.5391,HIGH
T+90min,R-515,13619368471,13619368459,19.88,residential,0.322,0.336,0.6847,0.672,0.6771,HIGH
T+90min,R-516,13619368471,13619368487,58.63,residential,0.314,0.336,0.6832,0.672,0.6765,HIGH
T+90min,R-517,13619368471,13620896407,93.24,residential,0.329,0.354,0.7408,0.708,0.7211,HIGH
T+90min,R-518,13619368472,12313982248,36.88,residential,0.355,0.357,0.6459,0.714,0.6868,HIGH
T+90min,R-519,13619368472,13619368475,27.84,residential,0.357,0.366,0.6489,0.732,0.6988,HIGH
T+90min,R-520,13619368472,13620896407,24.35,residential,0.346,0.357,0.6247,0.714,0.6783,HIGH
T+90min,R-521,13619368475,13619368472,27.84,residential,0.357,0.366,0.6489,0.732,0.6988,HIGH
T+90min,R-522,13619368475,13619368487,135.86,residential,0.346,0.374,0.7396,0.748,0.7446,HIGH
T+90min,R-523,13619368475,13620896407,8.53,residential,0.335,0.345,0.6184,0.69,0.6614,HIGH
T+90min,R-524,13619368487,13619368466,32.86,residential,0.292,0.317,0.6335,0.634,0.6338,HIGH
T+90min,R-525,13619368487,13619368471,58.63,residential,0.314,0.336,0.6832,0.672,0.6765,HIGH
T+90min,R-526,13619368487,13619368475,135.86,residential,0.346,0.374,0.7396,0.748,0.7446,HIGH
T+90min,R-527,13619368498,13619368460,137.34,residential,0.341,0.374,0.7597,0.748,0.7527,VERY_HIGH
T+90min,R-528,13619374592,13619374593,14.32,residential,0.269,0.27,0.6964,0.54,0.6026,HIGH
T+90min,R-529,13619374592,2244637004,43.06,trunk,0.27,0.27,0.6643,0.54,0.5897,HIGH
T+90min,R-530,13619374593,13619374592,14.32,residential,0.269,0.27,0.6964,0.54,0.6026,HIGH
T+90min,R-531,13619374593,13619374596,37.21,residential,0.267,0.269,0.656,0.538,0.5852,HIGH
T+90min,R-532,13619374593,13619374597,15.61,residential,0.27,0.27,0.6596,0.54,0.5878,HIGH
T+90min,R-533,13619374596,13619374593,37.21,residential,0.267,0.269,0.656,0.538,0.5852,HIGH
T+90min,R-534,13619374597,13619374593,15.61,residential,0.27,0.27,0.6596,0.54,0.5878,HIGH
T+90min,R-535,13619396529,11046194845,29.14,residential,0.362,0.362,0.6163,0.724,0.6809,HIGH
T+90min,R-536,13619396529,13619396536,36.49,residential,,,,,,UNKNOWN
T+90min,R-537,13619396529,9171835705,19.0,residential,,,,,,UNKNOWN
T+90min,R-538,13619396536,10840042416,18.54,residential,,,,,,UNKNOWN
T+90min,R-539,13619396536,13619396529,36.49,residential,,,,,,UNKNOWN
T+90min,R-540,13619396536,9171835705,17.29,residential,,,,,,UNKNOWN
T+90min,R-541,13619400539,245668039,29.34,secondary_link,0.32,0.322,0.6912,0.644,0.6629,HIGH
T+90min,R-542,13619400539,7404711447,26.99,secondary,0.322,0.322,0.6776,0.644,0.6574,HIGH
T+90min,R-543,13619401780,13619401781,15.74,residential,0.002,0.002,0.0507,0.004,0.0227,LOW
T+90min,R-544,13619401780,6554271017,12.32,residential,0.001,0.001,0.0246,0.002,0.011,LOW
T+90min,R-545,13619401780,6554271024,82.48,residential,0.094,0.21,0.2675,0.42,0.359,MODERATE
T+90min,R-546,13619401781,13619401780,15.74,residential,0.002,0.002,0.0507,0.004,0.0227,LOW
T+90min,R-547,13619401781,13619401781,164.97,residential,0.024,0.068,0.144,0.136,0.1392,LOW
T+90min,R-548,13619401781,13619401781,164.97,residential,0.024,0.068,0.144,0.136,0.1392,LOW
T+90min,R-549,13619403785,13619403794,32.31,residential,,,,,,UNKNOWN
T+90min,R-550,13619403785,13619678849,18.09,residential,,,,,,UNKNOWN
T+90min,R-551,13619403785,245668197,22.99,residential,,,,,,UNKNOWN
T+90min,R-552,13619403787,13619433317,3.94,residential,,,,,,UNKNOWN
T+90min,R-553,13619403787,13619678849,2.55,residential,,,,,,UNKNOWN
T+90min,R-554,13619403787,245668286,71.42,residential,,,,,,UNKNOWN
T+90min,R-555,13619403788,13619403789,21.13,residential,,,,,,UNKNOWN
T+90min,R-556,13619403788,245668197,28.94,residential,,,,,,UNKNOWN
T+90min,R-557,13619403788,245668324,104.46,residential,,,,,,UNKNOWN
T+90min,R-558,13619403789,13619403788,21.13,residential,,,,,,UNKNOWN
T+90min,R-559,13619403794,13619403785,32.31,residential,,,,,,UNKNOWN
T+90min,R-560,13619412997,10925941300,44.77,residential,0.263,0.279,0.5379,0.558,0.55,HIGH
T+90min,R-561,13619412997,13619412997,128.29,residential,0.262,0.292,0.5476,0.584,0.5694,HIGH
T+90min,R-562,13619412997,13619412997,128.29,residential,0.262,0.292,0.5476,0.584,0.5694,HIGH
T+90min,R-563,13619433317,13619403787,3.94,residential,,,,,,UNKNOWN
T+90min,R-564,13619433317,13619433317,140.77,residential,,,,,,UNKNOWN
T+90min,R-565,13619433317,13619433317,140.77,residential,,,,,,UNKNOWN
T+90min,R-566,13619457121,13619457123,47.22,residential,0.199,0.216,0.4545,0.432,0.441,MODERATE
T+90min,R-567,13619457122,13619457123,29.91,residential,0.212,0.223,0.4642,0.446,0.4533,MODERATE
T+90min,R-568,13619457123,13619457121,47.22,residential,0.199,0.216,0.4545,0.432,0.441,MODERATE
T+90min,R-569,13619457123,13619457122,29.91,residential,0.212,0.223,0.4642,0.446,0.4533,MODERATE
T+90min,R-570,13619457123,13619457125,11.12,residential,0.21,0.218,0.4695,0.436,0.4494,MODERATE
T+90min,R-571,13619457125,13619457123,11.12,residential,0.21,0.218,0.4695,0.436,0.4494,MODERATE
T+90min,R-572,13619457125,7366246694,11.46,trunk_link,0.216,0.218,0.4886,0.436,0.457,MODERATE
T+90min,R-573,13619463498,9445072347,9.05,residential,,,,,,UNKNOWN
T+90min,R-574,13619485519,10925931740,10.53,residential,0.251,0.255,0.5188,0.51,0.5135,HIGH
T+90min,R-575,13619485519,10925931740,103.44,residential,0.252,0.275,0.5331,0.55,0.5432,HIGH
T+90min,R-576,13619485519,13619485526,7.17,residential,0.25,0.254,0.5115,0.508,0.5094,HIGH
T+90min,R-577,13619485526,10925931739,8.68,residential,0.25,0.254,0.5134,0.508,0.5102,HIGH
T+90min,R-578,13619485526,10925931740,12.82,residential,0.245,0.246,0.5106,0.492,0.4994,MODERATE
T+90min,R-579,13619485526,13619485519,7.17,residential,0.25,0.254,0.5115,0.508,0.5094,HIGH
T+90min,R-580,13619491182,13619491183,59.67,residential,,,,,,UNKNOWN
T+90min,R-581,13619491182,13619500839,0.85,residential,,,,,,UNKNOWN
T+90min,R-582,13619491182,9171835708,24.98,residential,,,,,,UNKNOWN
T+90min,R-583,13619491183,13619491182,59.67,residential,,,,,,UNKNOWN
T+90min,R-584,13619491183,13619500841,11.05,residential,,,,,,UNKNOWN
T+90min,R-585,13619491183,9171835708,84.09,residential,,,,,,UNKNOWN
T+90min,R-586,13619491193,13619500813,22.86,residential,,,,,,UNKNOWN
T+90min,R-587,13619491193,9171835708,36.45,residential,,,,,,UNKNOWN
T+90min,R-588,13619491193,9171835708,99.37,residential,,,,,,UNKNOWN
T+90min,R-589,13619500809,13619500813,28.95,residential,,,,,,UNKNOWN
T+90min,R-590,13619500809,13619500813,96.19,residential,,,,,,UNKNOWN
T+90min,R-591,13619500809,13619500813,122.89,residential,,,,,,UNKNOWN
T+90min,R-592,13619500813,13619491193,22.86,residential,,,,,,UNKNOWN
T+90min,R-593,13619500813,13619500809,28.95,residential,,,,,,UNKNOWN
T+90min,R-594,13619500813,13619500809,96.19,residential,,,,,,UNKNOWN
T+90min,R-595,13619500813,13619500809,122.89,residential,,,,,,UNKNOWN
T+90min,R-596,13619500839,13619491182,0.85,residential,,,,,,UNKNOWN
T+90min,R-597,13619500841,10925943006,47.23,residential,,,,,,UNKNOWN
T+90min,R-598,13619500841,245668374,60.13,residential,,,,,,UNKNOWN
T+90min,R-599,13619507487,13601073293,103.13,residential,0.355,0.377,0.6966,0.754,0.731,HIGH
T+90min,R-600,13619515794,13619515794,103.82,residential,0.245,0.272,0.5374,0.544,0.5414,HIGH
T+90min,R-601,13619515794,13619515794,103.82,residential,0.245,0.272,0.5374,0.544,0.5414,HIGH
T+90min,R-602,13619515794,7384246086,5.6,residential,0.27,0.272,0.5417,0.544,0.5431,HIGH
T+90min,R-603,13619536860,13618399201,52.8,residential,0.37,0.378,0.7904,0.756,0.7698,VERY_HIGH
T+90min,R-604,13619536860,13619536866,18.21,residential,0.363,0.37,0.63,0.74,0.696,HIGH
T+90min,R-605,13619536866,13619536860,18.21,residential,0.363,0.37,0.63,0.74,0.696,HIGH
T+90min,R-606,13619536866,13619536860,78.51,residential,0.384,0.405,0.7895,0.81,0.8018,VERY_HIGH
T+90min,R-607,13619536866,622039341,12.47,residential,0.349,0.359,0.6391,0.718,0.6864,HIGH
T+90min,R-608,13619539391,13619539396,14.57,residential,,,,,,UNKNOWN
T+90min,R-609,13619539391,13619539396,47.37,residential,,,,,,UNKNOWN
T+90min,R-610,13619539391,13622435420,16.31,residential,,,,,,UNKNOWN
T+90min,R-611,13619539396,13619539391,14.57,residential,,,,,,UNKNOWN
T+90min,R-612,13619539396,13619539391,47.37,residential,,,,,,UNKNOWN
T+90min,R-613,13619539396,2244797706,35.28,residential,,,,,,UNKNOWN
T+90min,R-614,13619570121,13619570121,191.6,residential,,,,,,UNKNOWN
T+90min,R-615,13619570121,13619570121,191.6,residential,,,,,,UNKNOWN
T+90min,R-616,13619570121,2244797706,14.73,residential,,,,,,UNKNOWN
T+90min,R-617,13619604480,13622528188,6.51,residential,0.315,0.315,0.6167,0.63,0.6247,HIGH
T+90min,R-618,13619604480,13622528191,1.56,residential,,,,,,UNKNOWN
T+90min,R-619,13619604480,9914206292,28.2,residential,0.309,0.318,0.6042,0.636,0.6233,HIGH
T+90min,R-620,13619678849,13619403785,18.09,residential,,,,,,UNKNOWN
T+90min,R-621,13619678849,13619403787,2.55,residential,,,,,,UNKNOWN
T+90min,R-622,13619678849,13619678859,83.26,residential,,,,,,UNKNOWN
T+90min,R-623,13619678859,13619678849,83.26,residential,,,,,,UNKNOWN
T+90min,R-624,13619678859,13622445020,12.85,residential,,,,,,UNKNOWN
T+90min,R-625,13619678859,9171835705,53.15,residential,,,,,,UNKNOWN
T+90min,R-626,13619939784,2897024523,18.49,secondary,0.142,0.151,0.4439,0.302,0.3588,MODERATE
T+90min,R-627,13619939784,2897024614,230.93,primary,0.147,0.176,0.4834,0.352,0.4046,MODERATE
T+90min,R-628,13620657537,245666801,134.61,residential,0.369,0.387,0.8174,0.774,0.7914,VERY_HIGH
T+90min,R-629,13620896407,13619368471,93.24,residential,0.329,0.354,0.7408,0.708,0.7211,HIGH
T+90min,R-630,13620896407,13619368472,24.35,residential,0.346,0.357,0.6247,0.714,0.6783,HIGH
T+90min,R-631,13620896407,13619368475,8.53,residential,0.335,0.345,0.6184,0.69,0.6614,HIGH
T+90min,R-632,13620903019,13622445031,7.81,residential,,,,,,UNKNOWN
T+90min,R-633,13620903019,13622445936,24.83,residential,,,,,,UNKNOWN
T+90min,R-634,13620903019,13622450251,38.98,residential,,,,,,UNKNOWN
T+90min,R-635,13620903026,13622450256,3.89,residential,,,,,,UNKNOWN
T+90min,R-636,13621749580,13621749581,12.68,residential,0.203,0.203,0.4614,0.406,0.4282,MODERATE
T+90min,R-637,13621749581,13621749580,12.68,residential,0.203,0.203,0.4614,0.406,0.4282,MODERATE
T+90min,R-638,13621749581,13621749583,2.65,residential,0.203,0.203,0.4614,0.406,0.4282,MODERATE
T+90min,R-639,13621749581,245668277,25.79,residential,0.215,0.228,0.4708,0.456,0.4619,MODERATE
T+90min,R-640,13621749583,13621749581,2.65,residential,0.203,0.203,0.4614,0.406,0.4282,MODERATE
T+90min,R-641,13621749583,13621749584,13.09,residential,0.203,0.203,0.4614,0.406,0.4282,MODERATE
T+90min,R-642,13621749583,13621749587,2.96,residential,0.203,0.203,0.4614,0.406,0.4282,MODERATE
T+90min,R-643,13621749584,13621749583,13.09,residential,0.203,0.203,0.4614,0.406,0.4282,MODERATE
T+90min,R-644,13621749585,13621749587,12.85,residential,0.203,0.203,0.4602,0.406,0.4277,MODERATE
T+90min,R-645,13621749587,13621749583,2.96,residential,0.203,0.203,0.4614,0.406,0.4282,MODERATE
T+90min,R-646,13621749587,13621749585,12.85,residential,0.203,0.203,0.4602,0.406,0.4277,MODERATE
T+90min,R-647,13621749587,13621749595,33.6,residential,0.202,0.203,0.456,0.406,0.426,MODERATE
T+90min,R-648,13621749595,13621749587,33.6,residential,0.202,0.203,0.456,0.406,0.426,MODERATE
T+90min,R-649,13621749595,13621749598,17.1,residential,0.23,0.23,0.4882,0.46,0.4713,MODERATE
T+90min,R-650,13621749595,13621749599,6.5,residential,0.215,0.215,0.4675,0.43,0.445,MODERATE
T+90min,R-651,13621749598,13621749595,17.1,residential,0.23,0.23,0.4882,0.46,0.4713,MODERATE
T+90min,R-652,13621749598,13621749599,11.9,residential,0.223,0.23,0.4773,0.46,0.4669,MODERATE
T+90min,R-653,13621749598,13621749599,84.01,residential,0.238,0.261,0.5588,0.522,0.5367,HIGH
T+90min,R-654,13621749599,13621749595,6.5,residential,0.215,0.215,0.4675,0.43,0.445,MODERATE
T+90min,R-655,13621749599,13621749598,11.9,residential,0.223,0.23,0.4773,0.46,0.4669,MODERATE
T+90min,R-656,13621749599,13621749598,84.01,residential,0.238,0.261,0.5588,0.522,0.5367,HIGH
T+90min,R-657,13621886865,13621886866,61.16,residential,0.261,0.27,0.6204,0.54,0.5722,HIGH
T+90min,R-658,13621886865,13621886870,28.86,tertiary,0.239,0.244,0.5773,0.488,0.5237,HIGH
T+90min,R-659,13621886865,6428811270,42.25,tertiary,0.24,0.248,0.5405,0.496,0.5138,HIGH
T+90min,R-660,13621886866,13621886865,61.16,residential,0.261,0.27,0.6204,0.54,0.5722,HIGH
T+90min,R-661,13621886869,13621886870,36.93,residential,0.242,0.259,0.5521,0.518,0.5316,HIGH
T+90min,R-662,13621886870,13619318854,97.18,tertiary,0.196,0.231,0.4839,0.462,0.4708,MODERATE
T+90min,R-663,13621886870,13621886865,28.86,tertiary,0.239,0.244,0.5773,0.488,0.5237,HIGH
T+90min,R-664,13621886870,13621886869,36.93,residential,0.242,0.259,0.5521,0.518,0.5316,HIGH
T+90min,R-665,13621901230,13621901231,7.57,tertiary_link,0.283,0.287,0.595,0.574,0.5824,HIGH
T+90min,R-666,13621901230,6428811268,34.8,tertiary,0.3,0.31,0.6483,0.62,0.6313,HIGH
T+90min,R-667,13621901231,12350446597,54.55,tertiary,0.248,0.279,0.5482,0.558,0.5541,HIGH
T+90min,R-668,13621901231,13621901230,7.57,tertiary_link,0.283,0.287,0.595,0.574,0.5824,HIGH
T+90min,R-669,13621901232,12350446596,51.38,tertiary,0.192,0.213,0.5108,0.426,0.4599,MODERATE
T+90min,R-670,13621901232,13621901233,7.31,tertiary_link,0.182,0.182,0.4708,0.364,0.4067,MODERATE
T+90min,R-671,13621901233,13621901232,7.31,tertiary_link,0.182,0.182,0.4708,0.364,0.4067,MODERATE
T+90min,R-672,13622308157,13622308160,36.75,tertiary,,,,,,UNKNOWN
T+90min,R-673,13622308160,13622308157,36.75,tertiary,,,,,,UNKNOWN
T+90min,R-674,13622308160,13622308161,36.39,residential,,,,,,UNKNOWN
T+90min,R-675,13622308160,13622308163,93.79,tertiary,,,,,,UNKNOWN
T+90min,R-676,13622308161,13622308160,36.39,residential,,,,,,UNKNOWN
T+90min,R-677,13622308163,13622308160,93.79,tertiary,,,,,,UNKNOWN
T+90min,R-678,13622308163,13622308164,43.63,residential,,,,,,UNKNOWN
T+90min,R-679,13622308163,13622308171,53.68,tertiary,0.201,0.201,0.4503,0.402,0.4213,MODERATE
T+90min,R-680,13622308164,13622308163,43.63,residential,,,,,,UNKNOWN
T+90min,R-681,13622308166,11976374939,65.09,tertiary,0.24,0.246,0.6464,0.492,0.5538,HIGH
T+90min,R-682,13622308166,13622308171,26.02,tertiary,0.209,0.223,0.5406,0.446,0.4838,MODERATE
T+90min,R-683,13622308166,13622308171,39.49,residential,0.218,0.233,0.5679,0.466,0.5068,HIGH
T+90min,R-684,13622308171,13622308163,53.68,tertiary,0.201,0.201,0.4503,0.402,0.4213,MODERATE
T+90min,R-685,13622308171,13622308166,26.02,tertiary,0.209,0.223,0.5406,0.446,0.4838,MODERATE
T+90min,R-686,13622308171,13622308166,39.49,residential,0.218,0.233,0.5679,0.466,0.5068,HIGH
T+90min,R-687,13622393246,13622393246,87.86,residential,0.235,0.246,0.6278,0.492,0.5463,HIGH
T+90min,R-688,13622393246,13622393246,87.86,residential,0.235,0.246,0.6278,0.492,0.5463,HIGH
T+90min,R-689,13622393246,5911310878,29.93,residential,0.239,0.247,0.6201,0.494,0.5444,HIGH
T+90min,R-690,13622435420,13619539391,16.31,residential,,,,,,UNKNOWN
T+90min,R-691,13622435420,13622435423,8.32,residential,,,,,,UNKNOWN
T+90min,R-692,13622435420,6489058155,52.42,residential,,,,,,UNKNOWN
T+90min,R-693,13622435423,13622435420,8.32,residential,,,,,,UNKNOWN
T+90min,R-694,13622435423,13622435424,14.06,residential,,,,,,UNKNOWN
T+90min,R-695,13622435423,13622450250,27.16,residential,,,,,,UNKNOWN
T+90min,R-696,13622435424,13622435423,14.06,residential,,,,,,UNKNOWN
T+90min,R-697,13622445020,13619678859,12.85,residential,,,,,,UNKNOWN
T+90min,R-698,13622445020,13622445031,89.79,residential,,,,,,UNKNOWN
T+90min,R-699,13622445020,245668286,9.07,residential,,,,,,UNKNOWN
T+90min,R-700,13622445031,13620903019,7.81,residential,,,,,,UNKNOWN
T+90min,R-701,13622445031,13622445020,89.79,residential,,,,,,UNKNOWN
T+90min,R-702,13622445031,13622445933,3.46,residential,,,,,,UNKNOWN
T+90min,R-703,13622445933,13622445031,3.46,residential,,,,,,UNKNOWN
T+90min,R-704,13622445933,13622445935,31.17,residential,,,,,,UNKNOWN
T+90min,R-705,13622445933,245668286,2.71,residential,,,,,,UNKNOWN
T+90min,R-706,13622445935,13622445933,31.17,residential,,,,,,UNKNOWN
T+90min,R-707,13622445936,13620903019,24.83,residential,,,,,,UNKNOWN
T+90min,R-708,13622445936,13622445937,12.05,residential,,,,,,UNKNOWN
T+90min,R-709,13622445936,6489058155,9.93,residential,,,,,,UNKNOWN
T+90min,R-710,13622445937,13622445936,12.05,residential,,,,,,UNKNOWN
T+90min,R-711,13622450250,13622435423,27.16,residential,,,,,,UNKNOWN
T+90min,R-712,13622450251,13620903019,38.98,residential,,,,,,UNKNOWN
T+90min,R-713,13622450251,13622450256,17.73,residential,,,,,,UNKNOWN
T+90min,R-714,13622450251,13622450256,49.66,residential,,,,,,UNKNOWN
T+90min,R-715,13622450256,13620903026,3.89,residential,,,,,,UNKNOWN
T+90min,R-716,13622450256,13622450251,17.73,residential,,,,,,UNKNOWN
T+90min,R-717,13622450256,13622450251,49.66,residential,,,,,,UNKNOWN
T+90min,R-718,13622492455,11046205759,2.71,residential,0.235,0.235,0.5071,0.47,0.4848,MODERATE
T+90min,R-719,13622492455,13622492455,70.2,residential,0.221,0.235,0.498,0.47,0.4812,MODERATE
T+90min,R-720,13622492455,13622492455,70.2,residential,0.221,0.235,0.498,0.47,0.4812,MODERATE
T+90min,R-721,13622492459,11046205760,27.53,residential,0.255,0.265,0.5173,0.53,0.5249,HIGH
T+90min,R-722,13622503093,10925941300,33.46,residential,0.284,0.288,0.5826,0.576,0.5786,HIGH
T+90min,R-723,13622503093,10925943006,9.08,residential,,,,,,UNKNOWN
T+90min,R-724,13622503093,13622531608,11.41,residential,,,,,,UNKNOWN
T+90min,R-725,13622528187,13622528188,26.61,residential,0.308,0.315,0.6352,0.63,0.6321,HIGH
T+90min,R-726,13622528188,13619604480,6.51,residential,0.315,0.315,0.6167,0.63,0.6247,HIGH
T+90min,R-727,13622528188,13622528187,26.61,residential,0.308,0.315,0.6352,0.63,0.6321,HIGH
T+90min,R-728,13622528188,13622528189,15.17,residential,0.306,0.315,0.5943,0.63,0.6157,HIGH
T+90min,R-729,13622528189,13622528188,15.17,residential,0.306,0.315,0.5943,0.63,0.6157,HIGH
T+90min,R-730,13622528191,10925943006,15.5,residential,,,,,,UNKNOWN
T+90min,R-731,13622528191,13619604480,1.56,residential,,,,,,UNKNOWN
T+90min,R-732,13622528191,9914206292,79.32,residential,0.291,0.3,0.5598,0.6,0.5839,HIGH
T+90min,R-733,13622531608,13622503093,11.41,residential,,,,,,UNKNOWN
T+90min,R-734,13622531608,13622531608,97.62,residential,0.266,0.279,0.5256,0.558,0.545,HIGH
T+90min,R-735,13622531608,13622531608,97.62,residential,0.266,0.279,0.5256,0.558,0.545,HIGH
T+90min,R-736,13626183249,13626183260,6.93,residential,0.427,0.433,0.7666,0.866,0.8262,VERY_HIGH
T+90min,R-737,13626183249,245666901,29.88,tertiary,0.427,0.433,0.7441,0.866,0.8172,VERY_HIGH
T+90min,R-738,13626183257,11047568171,126.95,residential,0.313,0.322,0.6199,0.644,0.6344,HIGH
T+90min,R-739,13626183257,13626183258,55.37,residential,0.33,0.348,0.6552,0.696,0.6797,HIGH
T+90min,R-740,13626183257,245666901,111.52,residential,0.369,0.419,0.6372,0.838,0.7577,VERY_HIGH
T+90min,R-741,13626183258,13626183257,55.37,residential,0.33,0.348,0.6552,0.696,0.6797,HIGH
T+90min,R-742,13626183259,10055232024,7.16,residential,0.368,0.368,0.5725,0.736,0.6706,HIGH
T+90min,R-743,13626183259,10055232027,90.39,residential,0.316,0.368,0.5675,0.736,0.6686,HIGH
T+90min,R-744,13626183259,13639959261,22.54,residential,0.385,0.404,0.6494,0.808,0.7446,HIGH
T+90min,R-745,13626183260,13626183250,4.87,residential,0.418,0.422,0.7567,0.844,0.8091,VERY_HIGH
T+90min,R-746,13626183260,13639959261,19.36,residential,0.417,0.425,0.7436,0.85,0.8074,VERY_HIGH
T+90min,R-747,13638081803,13638081804,73.08,residential,0.31,0.343,0.5448,0.686,0.6295,HIGH
T+90min,R-748,13638081803,13638081811,9.23,residential,0.289,0.299,0.543,0.598,0.576,HIGH
T+90min,R-749,13638081803,13638081813,8.65,residential,0.275,0.278,0.5262,0.556,0.5441,HIGH
T+90min,R-750,13638081804,13638081803,73.08,residential,0.31,0.343,0.5448,0.686,0.6295,HIGH
T+90min,R-751,13638081805,13638081806,74.6,residential,0.363,0.401,0.6352,0.802,0.7353,HIGH
T+90min,R-752,13638081805,13638081807,125.54,residential,0.369,0.412,0.6429,0.824,0.7516,VERY_HIGH
T+90min,R-753,13638081805,13638081809,31.06,residential,0.308,0.317,0.5761,0.634,0.6108,HIGH
T+90min,R-754,13638081805,13638081811,19.75,residential,0.306,0.317,0.5656,0.634,0.6066,HIGH
T+90min,R-755,13638081806,13638081805,74.6,residential,0.363,0.401,0.6352,0.802,0.7353,HIGH
T+90min,R-756,13638081807,13638081805,125.54,residential,0.369,0.412,0.6429,0.824,0.7516,VERY_HIGH
T+90min,R-757,13638081807,13638081817,38.09,tertiary,0.397,0.411,0.6927,0.822,0.7703,VERY_HIGH
T+90min,R-758,13638081807,245666901,20.6,tertiary,0.415,0.419,0.7216,0.838,0.7914,VERY_HIGH
T+90min,R-759,13638081809,13638081805,31.06,residential,0.308,0.317,0.5761,0.634,0.6108,HIGH
T+90min,R-760,13638081810,13638081811,31.39,residential,0.294,0.299,0.5543,0.598,0.5805,HIGH
T+90min,R-761,13638081811,13638081803,9.23,residential,0.289,0.299,0.543,0.598,0.576,HIGH
T+90min,R-762,13638081811,13638081805,19.75,residential,0.306,0.317,0.5656,0.634,0.6066,HIGH
T+90min,R-763,13638081811,13638081810,31.39,residential,0.294,0.299,0.5543,0.598,0.5805,HIGH
T+90min,R-764,13638081813,13638081803,8.65,residential,0.275,0.278,0.5262,0.556,0.5441,HIGH
T+90min,R-765,13638081816,13638081817,13.27,residential,0.371,0.381,0.5958,0.762,0.6955,HIGH
T+90min,R-766,13638081817,13638081807,38.09,tertiary,0.397,0.411,0.6927,0.822,0.7703,VERY_HIGH
T+90min,R-767,13638081817,13638081816,13.27,residential,0.371,0.381,0.5958,0.762,0.6955,HIGH
T+90min,R-768,13638081817,245666881,44.87,tertiary,0.377,0.396,0.5942,0.792,0.7129,HIGH
T+90min,R-769,13638081818,13638081819,10.0,residential,0.319,0.326,0.5449,0.652,0.6092,HIGH
T+90min,R-770,13638081818,13638081821,40.15,residential,0.282,0.312,0.5206,0.624,0.5826,HIGH
T+90min,R-771,13638081818,245666881,25.11,residential,0.36,0.396,0.5851,0.792,0.7092,HIGH
T+90min,R-772,13638081819,13638081818,10.0,residential,0.319,0.326,0.5449,0.652,0.6092,HIGH
T+90min,R-773,13638081821,13638081818,40.15,residential,0.282,0.312,0.5206,0.624,0.5826,HIGH
T+90min,R-774,13638530342,245666351,13.01,residential,0.232,0.232,0.5428,0.464,0.4955,MODERATE
T+90min,R-775,13638535652,10696472308,64.73,residential,0.125,0.198,0.3684,0.396,0.385,MODERATE
T+90min,R-776,13638535652,10696472309,3.19,residential,0.198,0.198,0.4442,0.396,0.4153,MODERATE
T+90min,R-777,13638535652,13638535654,45.47,residential,0.238,0.265,0.5112,0.53,0.5225,HIGH
T+90min,R-778,13638535652,245666190,74.18,residential,0.214,0.223,0.5097,0.446,0.4715,MODERATE
T+90min,R-779,13638535653,13638535654,39.0,residential,0.284,0.301,0.6599,0.602,0.6252,HIGH
T+90min,R-780,13638535654,13638535652,45.47,residential,0.238,0.265,0.5112,0.53,0.5225,HIGH
T+90min,R-781,13638535654,13638535653,39.0,residential,0.284,0.301,0.6599,0.602,0.6252,HIGH
T+90min,R-782,13638535654,13638535655,73.26,residential,0.246,0.265,0.5688,0.53,0.5455,HIGH
T+90min,R-783,13638535655,13638535654,73.26,residential,0.246,0.265,0.5687,0.53,0.5455,HIGH
T+90min,R-784,13638535655,2439333822,45.9,residential,0.255,0.259,0.5945,0.518,0.5486,HIGH
T+90min,R-785,13638535655,245666190,46.91,residential,0.233,0.259,0.5597,0.518,0.5347,HIGH
T+90min,R-786,13638535656,2439333822,61.17,residential,0.267,0.289,0.6048,0.578,0.5887,HIGH
T+90min,R-787,13638535661,245666446,65.41,residential,0.249,0.26,0.5312,0.52,0.5245,HIGH
T+90min,R-788,13638535670,10696472306,39.79,residential,0.236,0.239,0.544,0.478,0.5044,HIGH
T+90min,R-789,13638535670,13638535674,53.61,residential,0.235,0.24,0.535,0.48,0.502,HIGH
T+90min,R-790,13638535670,245666446,97.55,residential,0.238,0.258,0.5421,0.516,0.5264,HIGH
T+90min,R-791,13638535674,13638535670,53.61,residential,0.235,0.24,0.535,0.48,0.502,HIGH
T+90min,R-792,13638535675,10696472306,29.79,residential,0.236,0.247,0.5401,0.494,0.5124,HIGH
T+90min,R-793,13638535675,10696472307,33.56,residential,0.182,0.223,0.4436,0.446,0.445,MODERATE
T+90min,R-794,13638535675,13638535679,46.38,residential,0.239,0.252,0.5657,0.504,0.5287,HIGH
T+90min,R-795,13638535679,13638535675,46.38,residential,0.239,0.252,0.5657,0.504,0.5287,HIGH
T+90min,R-796,13638535681,10696472351,16.07,residential,0.26,0.271,0.5545,0.542,0.547,HIGH
T+90min,R-797,13638535681,10696472356,14.31,residential,0.275,0.283,0.5801,0.566,0.5716,HIGH
T+90min,R-798,13638535681,13638535682,74.05,residential,0.256,0.271,0.5281,0.542,0.5364,HIGH
T+90min,R-799,13638535682,10294725029,24.64,residential,0.257,0.262,0.5114,0.524,0.519,HIGH
T+90min,R-800,13638535682,13638535681,74.05,residential,0.256,0.271,0.5281,0.542,0.5364,HIGH
T+90min,R-801,13638535682,13638535685,350.21,residential,0.315,0.375,0.6384,0.75,0.7054,HIGH
T+90min,R-802,13638535682,13638546110,45.74,residential,0.285,0.308,0.5339,0.616,0.5832,HIGH
T+90min,R-803,13638535683,10696472347,64.81,residential,0.25,0.304,0.5435,0.608,0.5822,HIGH
T+90min,R-804,13638535683,10696472350,64.98,residential,0.188,0.198,0.4788,0.396,0.4291,MODERATE
T+90min,R-805,13638535683,13638535684,73.54,residential,0.254,0.307,0.5206,0.614,0.5766,HIGH
T+90min,R-806,13638535684,13638535683,73.54,residential,0.254,0.307,0.5206,0.614,0.5766,HIGH
T+90min,R-807,13638535684,13638546112,36.29,residential,0.315,0.326,0.6129,0.652,0.6364,HIGH
T+90min,R-808,13638535684,13638546126,11.87,residential,0.305,0.311,0.5888,0.622,0.6087,HIGH
T+90min,R-809,13638535685,10696472350,72.75,residential,0.225,0.29,0.5134,0.58,0.5534,HIGH
T+90min,R-810,13638535685,13638535682,350.21,residential,0.315,0.375,0.6384,0.75,0.7054,HIGH
T+90min,R-811,13638535685,13638535686,66.86,residential,0.274,0.294,0.5667,0.588,0.5795,HIGH
T+90min,R-812,13638535685,13638546126,53.41,residential,0.302,0.31,0.6075,0.62,0.615,HIGH
T+90min,R-813,13638535686,10696472349,74.14,residential,0.246,0.294,0.5482,0.588,0.5721,HIGH
T+90min,R-814,13638535686,13638535685,66.86,residential,0.274,0.294,0.5667,0.588,0.5795,HIGH
T+90min,R-815,13638535686,245666191,66.58,residential,0.263,0.294,0.5928,0.588,0.5899,HIGH
T+90min,R-816,13638546109,13638546109,99.63,residential,0.362,0.379,0.7383,0.758,0.7501,VERY_HIGH
T+90min,R-817,13638546109,13638546109,99.63,residential,0.362,0.379,0.7383,0.758,0.7501,VERY_HIGH
T+90min,R-818,13638546109,13638546110,26.52,residential,0.328,0.353,0.6353,0.706,0.6777,HIGH
T+90min,R-819,13638546110,13638535682,45.74,residential,0.285,0.308,0.5339,0.616,0.5832,HIGH
T+90min,R-820,13638546110,13638546109,26.52,residential,0.328,0.353,0.6353,0.706,0.6777,HIGH
T+90min,R-821,13638546110,245666482,17.87,residential,0.315,0.32,0.6513,0.64,0.6445,HIGH
T+90min,R-822,13638546111,13638546111,99.61,residential,0.347,0.363,0.7118,0.726,0.7203,HIGH
T+90min,R-823,13638546111,13638546111,99.61,residential,0.347,0.363,0.7118,0.726,0.7203,HIGH
T+90min,R-824,13638546111,13638546112,25.62,residential,0.339,0.35,0.6695,0.7,0.6878,HIGH
T+90min,R-825,13638546112,13638535684,36.29,residential,0.315,0.326,0.6129,0.652,0.6364,HIGH
T+90min,R-826,13638546112,13638546111,25.62,residential,0.339,0.35,0.6695,0.7,0.6878,HIGH
T+90min,R-827,13638546112,245666482,29.08,residential,0.322,0.326,0.6974,0.652,0.6702,HIGH
T+90min,R-828,13638546125,13638546125,94.87,residential,0.338,0.345,0.6983,0.69,0.6933,HIGH
T+90min,R-829,13638546125,13638546125,94.87,residential,0.338,0.345,0.6983,0.69,0.6933,HIGH
T+90min,R-830,13638546125,13638546126,27.14,residential,0.321,0.344,0.6533,0.688,0.6741,HIGH
T+90min,R-831,13638546126,13638535684,11.87,residential,0.305,0.311,0.5882,0.622,0.6085,HIGH
T+90min,R-832,13638546126,13638535685,53.41,residential,0.302,0.31,0.6075,0.62,0.615,HIGH
T+90min,R-833,13638546126,13638546125,27.14,residential,0.321,0.344,0.6533,0.688,0.6741,HIGH
T+90min,R-834,13639959260,13626183249,18.8,tertiary,0.424,0.433,0.7499,0.866,0.8196,VERY_HIGH
T+90min,R-835,13639959260,13639959261,7.09,residential,0.409,0.414,0.7098,0.828,0.7807,VERY_HIGH
T+90min,R-836,13639959261,13626183259,22.54,residential,0.385,0.404,0.6494,0.808,0.7446,HIGH
T+90min,R-837,13639959261,13626183260,19.36,residential,0.417,0.425,0.7436,0.85,0.8074,VERY_HIGH
T+90min,R-838,13639959261,13639959260,7.09,residential,0.409,0.414,0.7098,0.828,0.7807,VERY_HIGH
T+90min,R-839,1375215100,1375215119,153.45,residential,0.301,0.317,0.635,0.634,0.6344,HIGH
T+90min,R-840,1375215100,14104987804,39.68,residential,0.308,0.319,0.6028,0.638,0.6239,HIGH
T+90min,R-841,1375215100,2244637027,35.49,residential,0.267,0.287,0.5616,0.574,0.569,HIGH
T+90min,R-842,1375215119,1375215100,153.45,residential,0.301,0.317,0.635,0.634,0.6344,HIGH
T+90min,R-843,1375215119,245668000,42.9,tertiary,0.296,0.314,0.597,0.628,0.6156,HIGH
T+90min,R-844,1375215119,7404711455,95.82,tertiary,0.225,0.276,0.5203,0.552,0.5393,HIGH
T+90min,R-845,1375251567,245668185,40.24,residential,0.195,0.206,0.4768,0.412,0.4379,MODERATE
T+90min,R-846,1375251567,245668277,150.21,tertiary,0.203,0.228,0.4932,0.456,0.4709,MODERATE
T+90min,R-847,1375251567,5911310869,430.52,tertiary,0.21,0.258,0.5225,0.516,0.5186,HIGH
T+90min,R-848,13798210715,13798210737,8.15,residential,0.422,0.439,0.7713,0.878,0.8353,VERY_HIGH
T+90min,R-849,13798210715,6926279721,49.99,trunk,0.446,0.457,0.7525,0.914,0.8494,VERY_HIGH
T+90min,R-850,13798210723,6926279717,56.29,residential,0.237,0.246,0.4846,0.492,0.489,MODERATE
T+90min,R-851,13798210725,13798210735,31.96,residential,0.277,0.294,0.5179,0.588,0.56,HIGH
T+90min,R-852,13798210725,6926279716,26.82,residential,0.345,0.4,0.6573,0.8,0.7429,HIGH
T+90min,R-853,13798210725,6926279717,28.31,residential,0.27,0.294,0.5112,0.588,0.5573,HIGH
T+90min,R-854,13798210730,6926279716,56.49,residential,0.417,0.464,0.7294,0.928,0.8486,VERY_HIGH
T+90min,R-855,13798210735,13798210725,31.96,residential,0.277,0.294,0.5179,0.588,0.56,HIGH
T+90min,R-856,13798210735,13798210737,155.84,residential,0.321,0.404,0.6139,0.808,0.7304,HIGH
T+90min,R-857,13798210735,6926279717,15.95,residential,0.254,0.263,0.5112,0.526,0.5201,HIGH
T+90min,R-858,13798210737,13798210715,8.15,residential,0.422,0.439,0.7713,0.878,0.8353,VERY_HIGH
T+90min,R-859,13798210737,13798210735,155.84,residential,0.321,0.404,0.6139,0.808,0.7304,HIGH
T+90min,R-860,13798210737,13798210738,51.18,residential,0.442,0.468,0.7676,0.936,0.8686,VERY_HIGH
T+90min,R-861,13798210738,13798210737,51.18,residential,0.442,0.468,0.7676,0.936,0.8686,VERY_HIGH
T+90min,R-862,13798210738,6926279716,18.95,residential,0.444,0.468,0.7615,0.936,0.8662,VERY_HIGH
T+90min,R-863,13798210738,6926279721,8.99,residential,0.462,0.468,0.7563,0.936,0.8641,VERY_HIGH
T+90min,R-864,13798244194,10245790327,10.55,residential,0.203,0.214,0.4792,0.428,0.4485,MODERATE
T+90min,R-865,13798244194,13798244195,31.94,residential,0.208,0.214,0.4718,0.428,0.4455,MODERATE
T+90min,R-866,13798244195,13798244194,31.94,residential,0.208,0.214,0.4718,0.428,0.4455,MODERATE
T+90min,R-867,13798244195,13798244196,156.29,residential,0.274,0.316,0.635,0.632,0.6332,HIGH
T+90min,R-868,13798244196,13798244194,27.04,residential,0.237,0.264,0.5552,0.528,0.5389,HIGH
T+90min,R-869,13798244196,13798244197,24.98,residential,0.252,0.264,0.5807,0.528,0.5491,HIGH
T+90min,R-870,13798244197,13798244196,24.98,residential,0.252,0.264,0.5801,0.528,0.5488,HIGH
T+90min,R-871,13798296276,13798296277,6.17,residential,0.23,0.23,0.5137,0.46,0.4815,MODERATE
T+90min,R-872,13798296276,13798296286,48.23,trunk,0.21,0.23,0.4876,0.46,0.471,MODERATE
T+90min,R-873,13798296277,13798296276,6.17,residential,0.23,0.23,0.5137,0.46,0.4815,MODERATE
T+90min,R-874,13798296277,13798296287,13.51,residential,0.23,0.235,0.5095,0.47,0.4858,MODERATE
T+90min,R-875,13798296277,13798296297,19.63,residential,0.247,0.267,0.5375,0.534,0.5354,HIGH
T+90min,R-876,13798296286,10245790327,5.22,trunk,0.199,0.204,0.482,0.408,0.4376,MODERATE
T+90min,R-877,13798296286,13798296288,7.22,residential,0.204,0.204,0.479,0.408,0.4364,MODERATE
T+90min,R-878,13798296287,13798296277,13.51,residential,0.23,0.235,0.5095,0.47,0.4858,MODERATE
T+90min,R-879,13798296288,13798296286,7.22,residential,0.204,0.204,0.479,0.408,0.4364,MODERATE
T+90min,R-880,13798296288,13798296289,87.25,residential,0.276,0.318,0.6345,0.636,0.6354,HIGH
T+90min,R-881,13798296288,13815611429,23.66,residential,0.215,0.228,0.4794,0.456,0.4654,MODERATE
T+90min,R-882,13798296289,13798296288,87.25,residential,0.276,0.318,0.6345,0.636,0.6354,HIGH
T+90min,R-883,13798296289,13798296297,14.44,residential,0.288,0.307,0.5986,0.614,0.6078,HIGH
T+90min,R-884,13798296289,13798296297,63.43,residential,0.275,0.307,0.5842,0.614,0.6021,HIGH
T+90min,R-885,13798296297,13798296277,19.63,residential,0.247,0.267,0.5375,0.534,0.5354,HIGH
T+90min,R-886,13798296297,13798296289,14.44,residential,0.288,0.307,0.5986,0.614,0.6078,HIGH
T+90min,R-887,13798296297,13798296289,63.43,residential,0.275,0.307,0.5842,0.614,0.6021,HIGH
T+90min,R-888,13815611429,13798296288,23.66,residential,0.215,0.228,0.4795,0.456,0.4654,MODERATE
T+90min,R-889,14090541020,10279771623,45.09,primary,0.335,0.335,0.5865,0.67,0.6366,HIGH
T+90min,R-890,14104987804,1375215100,39.68,residential,0.308,0.319,0.6028,0.638,0.6239,HIGH
T+90min,R-891,14104987804,245667863,4.84,residential,0.317,0.318,0.598,0.636,0.6208,HIGH
T+90min,R-892,14104987804,2897024862,300.37,secondary,0.176,0.322,0.4572,0.644,0.5693,HIGH
T+90min,R-893,14104987809,2244637021,74.16,residential,0.255,0.282,0.5536,0.564,0.5598,HIGH
T+90min,R-894,14130497014,14130497015,20.82,residential,,,,,,UNKNOWN
T+90min,R-895,14130497014,245668208,194.59,residential,,,,,,UNKNOWN
T+90min,R-896,14130497014,9684698224,20.89,residential,,,,,,UNKNOWN
T+90min,R-897,14130497015,14130497014,20.82,residential,,,,,,UNKNOWN
T+90min,R-898,14130497022,9684698224,12.76,residential,,,,,,UNKNOWN
T+90min,R-899,1934627523,245667676,129.94,residential,0.248,0.295,0.6147,0.59,0.5999,HIGH
T+90min,R-900,1934627523,245667685,78.23,residential,0.176,0.202,0.4226,0.404,0.4114,MODERATE
T+90min,R-901,1934627523,6490872923,21.5,residential,0.166,0.196,0.4078,0.392,0.3983,MODERATE
T+90min,R-902,2244637004,13614452347,193.91,trunk,0.276,0.338,0.6101,0.676,0.6496,HIGH
T+90min,R-903,2244637004,2244637007,89.18,residential,0.219,0.27,0.5133,0.54,0.5293,HIGH
T+90min,R-904,2244637004,245667542,25.01,residential,0.268,0.27,0.6216,0.54,0.5726,HIGH
T+90min,R-905,2244637007,13408237102,132.8,residential,0.179,0.248,0.469,0.496,0.4852,MODERATE
T+90min,R-906,2244637007,2244637004,89.18,residential,0.219,0.27,0.5138,0.54,0.5295,HIGH
T+90min,R-907,2244637007,245667730,204.59,residential,0.088,0.171,0.3229,0.342,0.3344,MODERATE
T+90min,R-908,2244637012,11054646813,57.63,residential,0.221,0.28,0.4587,0.56,0.5195,HIGH
T+90min,R-909,2244637012,6491091371,66.53,residential,0.27,0.294,0.5268,0.588,0.5635,HIGH
T+90min,R-910,2244637012,6491091372,66.0,residential,0.231,0.28,0.4838,0.56,0.5295,HIGH
T+90min,R-911,2244637013,245667730,33.76,residential,0.194,0.211,0.4897,0.422,0.4491,MODERATE
T+90min,R-912,2244637013,245667764,7.33,residential,0.211,0.211,0.502,0.422,0.454,MODERATE
T+90min,R-913,2244637013,6554271024,71.18,residential,0.199,0.212,0.4944,0.424,0.4522,MODERATE
T+90min,R-914,2244637021,14104987809,74.16,residential,0.255,0.282,0.5536,0.564,0.5598,HIGH
T+90min,R-915,2244637021,2244637027,74.94,residential,0.255,0.265,0.5637,0.53,0.5435,HIGH
T+90min,R-916,2244637021,245667764,103.45,residential,0.242,0.256,0.554,0.512,0.5288,HIGH
T+90min,R-917,2244637021,6554271024,67.22,residential,0.23,0.248,0.5444,0.496,0.5154,HIGH
T+90min,R-918,2244637026,2244637067,191.26,residential,0.29,0.402,0.5572,0.804,0.7053,HIGH
T+90min,R-919,2244637026,4342420383,43.76,residential,0.174,0.23,0.4286,0.46,0.4474,MODERATE
T+90min,R-920,2244637026,6554206834,113.08,residential,0.207,0.242,0.4986,0.484,0.4898,MODERATE
T+90min,R-921,2244637027,1375215100,35.49,residential,0.267,0.287,0.5616,0.574,0.569,HIGH
T+90min,R-922,2244637027,2244637021,74.94,residential,0.255,0.265,0.5637,0.53,0.5435,HIGH
T+90min,R-923,2244637027,6490968308,168.17,residential,0.282,0.326,0.6348,0.652,0.6451,HIGH
T+90min,R-924,2244637034,2244637056,315.81,residential,0.237,0.326,0.5099,0.652,0.5952,HIGH
T+90min,R-925,2244637034,4342420383,83.76,residential,0.266,0.289,0.5691,0.578,0.5744,HIGH
T+90min,R-926,2244637034,4342420490,83.59,residential,0.313,0.349,0.6361,0.698,0.6732,HIGH
T+90min,R-927,2244637056,11054673420,46.64,residential,,,,,,UNKNOWN
T+90min,R-928,2244637056,2244637034,315.81,residential,0.237,0.326,0.5099,0.652,0.5952,HIGH
T+90min,R-929,2244637056,622060872,101.59,residential,,,,,,UNKNOWN
T+90min,R-930,2244637067,2244637026,191.26,residential,0.29,0.402,0.5572,0.804,0.7053,HIGH
T+90min,R-931,2244637067,6554236440,32.92,tertiary,0.275,0.306,0.5162,0.612,0.5737,HIGH
T+90min,R-932,2244637067,6554236441,210.33,tertiary,0.347,0.388,0.5924,0.776,0.7026,HIGH
T+90min,R-933,2244637068,10923690293,48.3,residential,,,,,,UNKNOWN
T+90min,R-934,2244637068,245668029,141.2,residential,,,,,,UNKNOWN
T+90min,R-935,2244637068,622060802,19.11,residential,,,,,,UNKNOWN
T+90min,R-936,2244797470,2804520131,226.51,residential,0.262,0.347,0.557,0.694,0.6392,HIGH
T+90min,R-937,2244797686,10925931739,51.06,residential,0.292,0.335,0.5478,0.67,0.6211,HIGH
T+90min,R-938,2244797686,11046194845,23.64,residential,0.349,0.362,0.6192,0.724,0.6821,HIGH
T+90min,R-939,2244797686,13601073293,20.6,residential,0.348,0.365,0.6713,0.73,0.7065,HIGH
T+90min,R-940,2244797706,13619539396,35.28,residential,,,,,,UNKNOWN
T+90min,R-941,2244797706,13619570121,14.73,residential,,,,,,UNKNOWN
T+90min,R-942,2244797706,245668374,37.97,residential,,,,,,UNKNOWN
T+90min,R-943,2439333822,10696472349,119.0,residential,0.256,0.269,0.5907,0.538,0.5591,HIGH
T+90min,R-944,2439333822,13638535655,45.9,residential,0.255,0.259,0.5945,0.518,0.5486,HIGH
T+90min,R-945,2439333822,13638535656,61.17,residential,0.267,0.289,0.6048,0.578,0.5887,HIGH
T+90min,R-946,245665874,3641869342,23.74,tertiary,0.211,0.22,0.466,0.44,0.4504,MODERATE
T+90min,R-947,245665874,6428811261,15.69,tertiary,0.213,0.224,0.4602,0.448,0.4529,MODERATE
T+90min,R-948,245665910,10653501374,119.23,residential,0.273,0.31,0.6197,0.62,0.6199,HIGH
T+90min,R-949,245665910,13617092840,6.78,tertiary,0.301,0.304,0.6266,0.608,0.6154,HIGH
T+90min,R-950,245666041,245666337,213.16,tertiary,,,,,,UNKNOWN
T+90min,R-951,245666041,2897024596,11.16,tertiary,,,,,,UNKNOWN
T+90min,R-952,245666077,10091403659,64.63,tertiary,0.208,0.235,0.5223,0.47,0.4909,MODERATE
T+90min,R-953,245666077,13617067002,5.65,tertiary_link,0.231,0.235,0.5326,0.47,0.495,MODERATE
T+90min,R-954,245666078,245666041,109.96,tertiary,0.231,0.246,0.5458,0.492,0.5135,HIGH
T+90min,R-955,245666078,2897024594,8.02,tertiary,0.207,0.208,0.4945,0.416,0.4474,MODERATE
T+90min,R-956,245666141,2897024627,11.81,tertiary,0.197,0.203,0.4855,0.406,0.4378,MODERATE
T+90min,R-957,245666141,9469495782,392.7,secondary,0.222,0.263,0.5788,0.526,0.5471,HIGH
T+90min,R-958,245666158,13619318853,9.0,tertiary,0.185,0.19,0.4593,0.38,0.4117,MODERATE
T+90min,R-959,245666158,13619318866,23.09,tertiary,0.21,0.233,0.466,0.466,0.466,MODERATE
T+90min,R-960,245666190,10696472349,28.07,residential,0.212,0.22,0.488,0.44,0.4592,MODERATE
T+90min,R-961,245666190,13638535652,74.18,residential,0.214,0.223,0.5097,0.446,0.4715,MODERATE
T+90min,R-962,245666190,13638535655,46.91,residential,0.233,0.259,0.5597,0.518,0.5347,HIGH
T+90min,R-963,245666190,245666260,65.45,residential,0.184,0.216,0.4774,0.432,0.4502,MODERATE
T+90min,R-964,245666191,13619318852,13.1,residential,0.223,0.229,0.4765,0.458,0.4654,MODERATE
T+90min,R-965,245666191,13619318854,61.43,residential,0.187,0.216,0.4603,0.432,0.4433,MODERATE
T+90min,R-966,245666191,13638535686,66.58,residential,0.263,0.294,0.5928,0.588,0.5899,HIGH
T+90min,R-967,245666192,10091403664,6.21,residential,0.318,0.318,0.768,0.636,0.6888,HIGH
T+90min,R-968,245666192,13614337239,132.84,residential,0.267,0.318,0.6408,0.636,0.6379,HIGH
T+90min,R-969,245666192,245666077,122.53,tertiary,0.281,0.318,0.7018,0.636,0.6623,HIGH
T+90min,R-970,245666260,10696472308,71.83,residential,0.149,0.165,0.4326,0.33,0.371,MODERATE
T+90min,R-971,245666260,10696472350,30.74,residential,0.171,0.178,0.4788,0.356,0.4051,MODERATE
T+90min,R-972,245666260,245666190,65.45,residential,0.184,0.216,0.4774,0.432,0.4502,MODERATE
T+90min,R-973,245666260,245666323,46.8,residential,0.176,0.182,0.4696,0.364,0.4062,MODERATE
T+90min,R-974,245666274,10292442915,11.26,secondary,0.111,0.115,0.4062,0.23,0.3005,MODERATE
T+90min,R-975,245666274,12409410388,80.29,secondary,0.118,0.129,0.4431,0.258,0.332,MODERATE
T+90min,R-976,245666323,10696472307,69.45,residential,0.184,0.204,0.4726,0.408,0.4338,MODERATE
T+90min,R-977,245666323,245666260,46.8,residential,0.176,0.182,0.4696,0.364,0.4062,MODERATE
T+90min,R-978,245666323,245666367,64.51,residential,0.223,0.262,0.5129,0.524,0.5196,HIGH
T+90min,R-979,245666337,245666041,213.16,tertiary,,,,,,UNKNOWN
T+90min,R-980,245666351,10653501375,155.72,residential,0.181,0.239,0.4554,0.478,0.469,MODERATE
T+90min,R-981,245666351,13638530342,13.01,residential,0.232,0.232,0.5428,0.464,0.4955,MODERATE
T+90min,R-982,245666351,245666385,23.02,residential,0.239,0.246,0.5563,0.492,0.5177,HIGH
T+90min,R-983,245666367,10696472306,71.59,residential,0.256,0.269,0.61,0.538,0.5668,HIGH
T+90min,R-984,245666367,245666323,64.51,residential,0.223,0.262,0.5129,0.524,0.5196,HIGH
T+90min,R-985,245666367,245666446,67.69,residential,0.268,0.282,0.598,0.564,0.5776,HIGH
T+90min,R-986,245666370,13617040697,6.68,tertiary_link,0.287,0.298,0.5431,0.596,0.5748,HIGH
T+90min,R-987,245666370,3803643818,26.19,tertiary,0.29,0.298,0.5481,0.596,0.5768,HIGH
T+90min,R-988,245666371,245666141,219.36,tertiary,0.185,0.202,0.5323,0.404,0.4553,MODERATE
T+90min,R-989,245666371,2897024642,10.98,tertiary,0.17,0.17,0.4643,0.34,0.3897,MODERATE
T+90min,R-990,245666385,245666351,23.02,residential,0.239,0.246,0.5563,0.492,0.5177,HIGH
T+90min,R-991,245666386,245666830,107.91,tertiary,0.162,0.174,0.5195,0.348,0.4166,MODERATE
T+90min,R-992,245666386,2897024660,251.12,tertiary,0.218,0.291,0.6289,0.582,0.6008,HIGH
T+90min,R-993,245666386,6554384670,83.86,tertiary,0.132,0.168,0.4156,0.336,0.3678,MODERATE
T+90min,R-994,245666426,12311766936,10.15,tertiary,0.209,0.221,0.5544,0.442,0.487,MODERATE
T+90min,R-995,245666446,10696472356,29.73,residential,0.274,0.283,0.5907,0.566,0.5759,HIGH
T+90min,R-996,245666446,13638535661,65.41,residential,0.249,0.26,0.5312,0.52,0.5245,HIGH
T+90min,R-997,245666446,13638535670,97.55,residential,0.238,0.258,0.5421,0.516,0.5264,HIGH
T+90min,R-998,245666446,245666367,67.69,residential,0.268,0.282,0.598,0.564,0.5776,HIGH
T+90min,R-999,245666448,476480258,333.56,tertiary,0.135,0.217,0.483,0.434,0.4536,MODERATE
T+90min,R-1000,245666448,476480287,301.33,secondary,0.135,0.194,0.517,0.388,0.4396,MODERATE
T+90min,R-1001,245666482,10696472347,74.32,residential,0.313,0.321,0.7583,0.642,0.6885,HIGH
T+90min,R-1002,245666482,13638546110,17.87,residential,0.315,0.32,0.6513,0.64,0.6445,HIGH
T+90min,R-1003,245666482,13638546112,29.08,residential,0.322,0.326,0.6974,0.652,0.6702,HIGH
T+90min,R-1004,245666579,12350391112,182.63,tertiary,0.275,0.364,0.5476,0.728,0.6558,HIGH
T+90min,R-1005,245666579,12350425034,7.73,residential,0.356,0.356,0.5978,0.712,0.6663,HIGH
T+90min,R-1006,245666579,245666651,97.11,residential,0.366,0.38,0.6776,0.76,0.727,HIGH
T+90min,R-1007,245666651,245666579,97.11,residential,0.366,0.38,0.6776,0.76,0.727,HIGH
T+90min,R-1008,245666651,245666881,141.24,residential,0.389,0.436,0.6601,0.872,0.7872,VERY_HIGH
T+90min,R-1009,245666651,8443491310,77.22,residential,0.293,0.318,0.5504,0.636,0.6018,HIGH
T+90min,R-1010,245666801,10724781030,7.12,tertiary,0.384,0.386,0.8067,0.772,0.7859,VERY_HIGH
T+90min,R-1011,245666801,13620657537,134.61,residential,0.369,0.387,0.8174,0.774,0.7914,VERY_HIGH
T+90min,R-1012,245666801,7372035744,85.2,tertiary,0.368,0.4,0.8049,0.8,0.802,VERY_HIGH
T+90min,R-1013,245666830,245666386,107.91,tertiary,0.162,0.174,0.5195,0.348,0.4166,MODERATE
T+90min,R-1014,245666830,245666882,247.89,tertiary,0.175,0.229,0.4997,0.458,0.4747,MODERATE
T+90min,R-1015,245666830,2897024695,7.98,tertiary,0.164,0.167,0.4982,0.334,0.3997,MODERATE
T+90min,R-1016,245666831,245666830,175.07,tertiary,0.137,0.167,0.4791,0.334,0.392,MODERATE
T+90min,R-1017,245666831,2897024683,8.09,unclassified,0.118,0.119,0.4362,0.238,0.3173,MODERATE
T+90min,R-1018,245666881,13638081817,44.87,tertiary,0.377,0.396,0.5942,0.792,0.7129,HIGH
T+90min,R-1019,245666881,13638081818,25.11,residential,0.36,0.396,0.5851,0.792,0.7092,HIGH
T+90min,R-1020,245666881,245666651,141.24,residential,0.389,0.436,0.6601,0.872,0.7872,VERY_HIGH
T+90min,R-1021,245666882,2897024660,92.96,tertiary,0.204,0.225,0.4922,0.45,0.4669,MODERATE
T+90min,R-1022,245666882,2897024710,8.15,tertiary,0.203,0.203,0.5006,0.406,0.4438,MODERATE
T+90min,R-1023,245666882,2897024713,60.67,tertiary,0.18,0.203,0.483,0.406,0.4368,MODERATE
T+90min,R-1024,245666901,13616287392,72.28,tertiary,0.421,0.443,0.7323,0.886,0.8245,VERY_HIGH
T+90min,R-1025,245666901,13626183257,111.52,residential,0.369,0.419,0.6373,0.838,0.7577,VERY_HIGH
T+90min,R-1026,245666901,13638081807,20.6,tertiary,0.415,0.419,0.7216,0.838,0.7914,VERY_HIGH
T+90min,R-1027,245666901,245667237,238.41,residential,0.362,0.427,0.6067,0.854,0.7551,VERY_HIGH
T+90min,R-1028,245666966,10279771631,47.09,secondary,0.143,0.162,0.4091,0.324,0.358,MODERATE
T+90min,R-1029,245666966,2897024737,8.19,primary,0.132,0.132,0.3925,0.264,0.3154,MODERATE
T+90min,R-1030,245667237,245666901,238.41,residential,0.362,0.427,0.6067,0.854,0.7551,VERY_HIGH
T+90min,R-1031,245667361,245667423,226.08,trunk,0.146,0.226,0.4103,0.452,0.4353,MODERATE
T+90min,R-1032,245667361,245667468,151.02,residential,0.065,0.226,0.2609,0.452,0.3756,MODERATE
T+90min,R-1033,245667423,13798296276,46.96,trunk,0.208,0.23,0.4931,0.46,0.4732,MODERATE
T+90min,R-1034,245667423,2804481652,36.04,residential,0.187,0.193,0.4946,0.386,0.4294,MODERATE
T+90min,R-1035,245667423,622060792,187.57,residential,0.208,0.261,0.5076,0.522,0.5162,HIGH
T+90min,R-1036,245667468,12378368426,17.87,residential,0.009,0.011,0.1798,0.022,0.0851,LOW
T+90min,R-1037,245667468,13618292019,4.23,residential,0.008,0.009,0.1804,0.018,0.083,LOW
T+90min,R-1038,245667468,245667361,151.02,residential,0.065,0.226,0.261,0.452,0.3756,MODERATE
T+90min,R-1039,245667542,10265662175,84.99,trunk,0.26,0.27,0.6449,0.54,0.582,HIGH
T+90min,R-1040,245667542,2244637004,25.01,residential,0.268,0.27,0.6216,0.54,0.5726,HIGH
T+90min,R-1041,245667676,1934627523,129.94,residential,0.248,0.295,0.6147,0.59,0.5999,HIGH
T+90min,R-1042,245667676,245667730,74.15,residential,0.173,0.196,0.4148,0.392,0.4011,MODERATE
T+90min,R-1043,245667676,245667764,98.77,residential,0.251,0.305,0.5775,0.61,0.597,HIGH
T+90min,R-1044,245667685,1934627523,78.23,residential,0.176,0.202,0.4226,0.404,0.4114,MODERATE
T+90min,R-1045,245667685,623895377,201.78,residential,0.155,0.223,0.4526,0.446,0.4486,MODERATE
T+90min,R-1046,245667685,6428793085,38.34,residential,0.171,0.206,0.4701,0.412,0.4352,MODERATE
T+90min,R-1047,245667730,2244637007,204.59,residential,0.088,0.171,0.3229,0.342,0.3344,MODERATE
T+90min,R-1048,245667730,2244637013,33.76,residential,0.194,0.211,0.4897,0.422,0.4491,MODERATE
T+90min,R-1049,245667730,245667676,74.15,residential,0.173,0.196,0.4148,0.392,0.4011,MODERATE
T+90min,R-1050,245667764,2244637013,7.33,residential,0.211,0.211,0.502,0.422,0.454,MODERATE
T+90min,R-1051,245667764,2244637021,103.45,residential,0.242,0.256,0.554,0.512,0.5288,HIGH
T+90min,R-1052,245667764,245667676,98.77,residential,0.251,0.305,0.5775,0.61,0.597,HIGH
T+90min,R-1053,245667803,245667757,255.38,trunk,0.245,0.288,0.5713,0.576,0.5741,HIGH
T+90min,R-1054,245667803,5911310869,13.75,tertiary,0.256,0.258,0.5789,0.516,0.5412,HIGH
T+90min,R-1055,245667863,13619400539,98.56,secondary,0.309,0.322,0.5998,0.644,0.6263,HIGH
T+90min,R-1056,245667863,14104987804,4.84,residential,0.317,0.318,0.598,0.636,0.6208,HIGH
T+90min,R-1057,245667863,245667933,47.83,residential,0.311,0.322,0.6468,0.644,0.6451,HIGH
T+90min,R-1058,245667933,10925931781,125.58,residential,0.264,0.309,0.5604,0.618,0.595,HIGH
T+90min,R-1059,245667933,245667863,47.83,residential,0.311,0.322,0.6468,0.644,0.6451,HIGH
T+90min,R-1060,245667933,245668038,114.17,residential,0.217,0.294,0.5464,0.588,0.5714,HIGH
T+90min,R-1061,245667933,6490861784,77.54,residential,0.267,0.304,0.5677,0.608,0.5919,HIGH
T+90min,R-1062,245667958,245668141,125.66,residential,0.195,0.216,0.4961,0.432,0.4576,MODERATE
T+90min,R-1063,245667960,622060872,43.75,residential,,,,,,UNKNOWN
T+90min,R-1064,245668000,1375215119,42.9,tertiary,0.296,0.314,0.597,0.628,0.6156,HIGH
T+90min,R-1065,245668000,245668015,6.76,tertiary,0.317,0.32,0.6345,0.64,0.6378,HIGH
T+90min,R-1066,245668000,4342420553,69.13,residential,0.286,0.314,0.5755,0.628,0.607,HIGH
T+90min,R-1067,245668015,14104987804,130.23,secondary,0.313,0.322,0.6197,0.644,0.6343,HIGH
T+90min,R-1068,245668015,245668000,6.76,tertiary,0.317,0.32,0.6345,0.64,0.6378,HIGH
T+90min,R-1069,245668015,7404711447,9.51,secondary,0.321,0.321,0.6627,0.642,0.6503,HIGH
T+90min,R-1070,245668029,2244637068,141.2,residential,,,,,,UNKNOWN
T+90min,R-1071,245668029,623895533,58.72,tertiary,,,,,,UNKNOWN
T+90min,R-1072,245668029,6554236441,12.21,tertiary,,,,,,UNKNOWN
T+90min,R-1073,245668038,245667933,114.17,residential,0.217,0.294,0.5464,0.588,0.5714,HIGH
T+90min,R-1074,245668038,4342420515,64.09,residential,0.171,0.242,0.4368,0.484,0.4651,MODERATE
T+90min,R-1075,245668038,7404711443,19.69,residential,0.165,0.182,0.4613,0.364,0.4029,MODERATE
T+90min,R-1076,245668039,10925931781,8.27,secondary,0.314,0.318,0.6739,0.636,0.6512,HIGH
T+90min,R-1077,245668039,7404711447,18.91,secondary,0.32,0.322,0.6946,0.644,0.6642,HIGH
T+90min,R-1078,245668141,245667958,125.66,residential,0.195,0.216,0.4961,0.432,0.4576,MODERATE
T+90min,R-1079,245668141,245668208,104.5,residential,,,,,,UNKNOWN
T+90min,R-1080,245668141,7404711443,156.42,residential,0.158,0.182,0.4503,0.364,0.3985,MODERATE
T+90min,R-1081,245668185,1375251567,40.24,residential,0.195,0.206,0.4768,0.412,0.4379,MODERATE
T+90min,R-1082,245668197,13619403785,22.99,residential,,,,,,UNKNOWN
T+90min,R-1083,245668197,13619403788,28.94,residential,,,,,,UNKNOWN
T+90min,R-1084,245668197,622039360,19.56,residential,,,,,,UNKNOWN
T+90min,R-1085,245668208,13617280082,44.67,residential,,,,,,UNKNOWN
T+90min,R-1086,245668208,14130497014,194.59,residential,,,,,,UNKNOWN
T+90min,R-1087,245668208,245668141,104.5,residential,,,,,,UNKNOWN
T+90min,R-1088,245668226,4342420553,194.56,residential,,,,,,UNKNOWN
T+90min,R-1089,245668277,13619239367,186.93,tertiary,0.228,0.228,0.4876,0.456,0.4686,MODERATE
T+90min,R-1090,245668277,13621749581,25.79,residential,0.215,0.228,0.4708,0.456,0.4619,MODERATE
T+90min,R-1091,245668277,1375251567,150.21,tertiary,0.203,0.228,0.4932,0.456,0.4709,MODERATE
T+90min,R-1092,245668286,13619403787,71.42,residential,,,,,,UNKNOWN
T+90min,R-1093,245668286,13622445020,9.07,residential,,,,,,UNKNOWN
T+90min,R-1094,245668286,13622445933,2.71,residential,,,,,,UNKNOWN
T+90min,R-1095,245668324,13619239369,14.91,residential,,,,,,UNKNOWN
T+90min,R-1096,245668324,13619243545,58.86,residential,,,,,,UNKNOWN
T+90min,R-1097,245668324,13619403788,104.46,residential,,,,,,UNKNOWN
T+90min,R-1098,245668373,9445072347,17.59,residential,,,,,,UNKNOWN
T+90min,R-1099,245668374,13619500839,8.05,residential,,,,,,UNKNOWN
T+90min,R-1100,245668374,13619500841,60.13,residential,,,,,,UNKNOWN
T+90min,R-1101,245668374,2244797706,37.97,residential,,,,,,UNKNOWN
T+90min,R-1102,245668449,9684698224,16.58,residential,,,,,,UNKNOWN
T+90min,R-1103,2804481652,12334925193,362.75,trunk,0.193,0.298,0.4772,0.596,0.5485,HIGH
T+90min,R-1104,2804481652,245667423,36.04,residential,0.187,0.193,0.4946,0.386,0.4294,MODERATE
T+90min,R-1105,2804481652,6926279722,104.56,residential,0.224,0.259,0.569,0.518,0.5384,HIGH
T+90min,R-1106,2804520131,2244797470,226.51,residential,0.262,0.347,0.557,0.694,0.6392,HIGH
T+90min,R-1107,2804520131,5470238123,64.33,trunk,0.305,0.322,0.6686,0.644,0.6538,HIGH
T+90min,R-1108,2897022098,2897024519,92.09,primary_link,0.138,0.164,0.4687,0.328,0.3843,MODERATE
T+90min,R-1109,2897022098,296857831,61.85,secondary,0.129,0.14,0.4521,0.28,0.3488,MODERATE
T+90min,R-1110,2897024501,2897024596,235.36,tertiary,0.243,0.295,0.5773,0.59,0.5849,HIGH
T+90min,R-1111,2897024506,2897022099,22.66,secondary,0.113,0.114,0.4026,0.228,0.2978,MODERATE
T+90min,R-1112,2897024517,2897024636,404.85,tertiary,0.171,0.229,0.4991,0.458,0.4744,MODERATE
T+90min,R-1113,2897024517,476489029,11.98,unclassified,0.146,0.149,0.4595,0.298,0.3626,MODERATE
T+90min,R-1114,2897024519,476465252,53.37,primary,0.172,0.177,0.4909,0.354,0.4088,MODERATE
T+90min,R-1115,2897024523,2897024506,45.51,secondary,0.123,0.135,0.434,0.27,0.3356,MODERATE
T+90min,R-1116,2897024523,296857831,7.92,primary,0.137,0.14,0.4444,0.28,0.3458,MODERATE
T+90min,R-1117,2897024540,2897024506,59.55,primary_link,0.119,0.129,0.4233,0.258,0.3241,MODERATE
T+90min,R-1118,2897024540,2897024523,36.76,primary,0.131,0.135,0.4277,0.27,0.3331,MODERATE
T+90min,R-1119,2897024594,476489029,208.98,tertiary,0.196,0.237,0.5571,0.474,0.5072,HIGH
T+90min,R-1120,2897024595,2897024597,9.02,secondary,0.076,0.079,0.3409,0.158,0.2312,LOW
T+90min,R-1121,2897024595,476480400,221.79,tertiary,0.088,0.101,0.3975,0.202,0.2802,MODERATE
T+90min,R-1122,2897024596,245666041,11.16,tertiary,,,,,,UNKNOWN
T+90min,R-1123,2897024596,2897024501,235.36,tertiary,0.243,0.295,0.5773,0.59,0.5849,HIGH
T+90min,R-1124,2897024596,2897024594,104.69,tertiary,0.224,0.237,0.5255,0.474,0.4946,MODERATE
T+90min,R-1125,2897024597,2897024609,68.22,secondary,0.118,0.161,0.415,0.322,0.3592,MODERATE
T+90min,R-1126,2897024601,2897024540,170.92,primary,0.136,0.161,0.4618,0.322,0.3779,MODERATE
T+90min,R-1127,2897024609,2897024601,56.78,primary_link,0.164,0.174,0.5188,0.348,0.4163,MODERATE
T+90min,R-1128,2897024609,296857806,46.19,secondary,0.176,0.182,0.5605,0.364,0.4426,MODERATE
T+90min,R-1129,2897024611,245666448,77.45,secondary,0.125,0.169,0.4331,0.338,0.376,MODERATE
T+90min,R-1130,2897024614,12079741513,6.96,primary,0.176,0.176,0.5837,0.352,0.4447,MODERATE
T+90min,R-1131,2897024615,2897024611,41.55,secondary,0.178,0.182,0.5793,0.364,0.4501,MODERATE
T+90min,R-1132,2897024615,296857806,8.19,primary,0.182,0.182,0.5919,0.364,0.4552,MODERATE
T+90min,R-1133,2897024623,245666274,233.6,secondary,0.16,0.239,0.4693,0.478,0.4745,MODERATE
T+90min,R-1134,2897024623,2897024625,11.8,tertiary,0.172,0.178,0.4458,0.356,0.3919,MODERATE
T+90min,R-1135,2897024625,245666141,10.97,secondary,0.178,0.19,0.4596,0.38,0.4118,MODERATE
T+90min,R-1136,2897024625,2897024642,223.77,tertiary,0.183,0.202,0.5727,0.404,0.4715,MODERATE
T+90min,R-1137,2897024627,2897024623,10.97,secondary,0.191,0.203,0.4721,0.406,0.4324,MODERATE
T+90min,R-1138,2897024628,2897024611,68.06,primary_link,0.169,0.182,0.5734,0.364,0.4478,MODERATE
T+90min,R-1139,2897024628,2897024615,47.23,primary,0.169,0.182,0.5883,0.364,0.4537,MODERATE
T+90min,R-1140,2897024636,2897024667,203.56,tertiary,0.167,0.202,0.4789,0.404,0.434,MODERATE
T+90min,R-1141,2897024636,476488948,11.98,unclassified,0.179,0.181,0.5122,0.362,0.4221,MODERATE
T+90min,R-1142,2897024642,245666371,10.98,tertiary,0.17,0.17,0.4643,0.34,0.3897,MODERATE
T+90min,R-1143,2897024642,2897024644,139.0,tertiary,0.167,0.219,0.4913,0.438,0.4593,MODERATE
T+90min,R-1144,2897024642,476480258,98.6,tertiary,0.204,0.241,0.5451,0.482,0.5072,HIGH
T+90min,R-1145,2897024644,2897024648,48.67,primary_link,0.104,0.107,0.3936,0.214,0.2858,MODERATE
T+90min,R-1146,2897024644,296853816,34.75,tertiary,0.107,0.112,0.4008,0.224,0.2947,MODERATE
T+90min,R-1147,2897024648,2897024628,340.79,primary,0.103,0.142,0.424,0.284,0.34,MODERATE
T+90min,R-1148,2897024651,245666371,171.79,tertiary,0.159,0.226,0.4902,0.452,0.4673,MODERATE
T+90min,R-1149,2897024651,296853816,8.12,primary,0.113,0.114,0.4146,0.228,0.3026,MODERATE
T+90min,R-1150,2897024656,2897024658,8.31,primary,0.119,0.12,0.4245,0.24,0.3138,MODERATE
T+90min,R-1151,2897024656,6552594955,26.66,tertiary,0.126,0.133,0.4386,0.266,0.335,MODERATE
T+90min,R-1152,2897024658,2897024651,18.15,tertiary,0.116,0.118,0.4226,0.236,0.3106,MODERATE
T+90min,R-1153,2897024658,2897024742,383.65,primary,0.145,0.177,0.462,0.354,0.3972,MODERATE
T+90min,R-1154,2897024660,245666386,251.12,tertiary,0.218,0.291,0.6289,0.582,0.6008,HIGH
T+90min,R-1155,2897024660,245666882,92.96,tertiary,0.204,0.225,0.4922,0.45,0.4669,MODERATE
T+90min,R-1156,2897024660,9771116360,47.48,residential,0.206,0.227,0.4824,0.454,0.4654,MODERATE
T+90min,R-1157,2897024667,2897024676,9.67,tertiary,0.206,0.211,0.5329,0.422,0.4664,MODERATE
T+90min,R-1158,2897024667,2897024687,75.77,tertiary,0.22,0.239,0.5717,0.478,0.5155,HIGH
T+90min,R-1159,2897024676,245666426,12.12,tertiary,0.216,0.221,0.5751,0.442,0.4952,MODERATE
T+90min,R-1160,2897024676,2897024734,183.57,tertiary,0.247,0.288,0.5922,0.576,0.5825,HIGH
T+90min,R-1161,2897024677,245666831,8.08,tertiary,0.118,0.12,0.4251,0.24,0.314,MODERATE
T+90min,R-1162,2897024682,2897024658,114.45,tertiary,0.134,0.146,0.4884,0.292,0.3706,MODERATE
T+90min,R-1163,2897024682,2897024677,8.07,unclassified,0.122,0.124,0.4447,0.248,0.3267,MODERATE
T+90min,R-1164,2897024683,11027088421,488.66,unclassified,0.203,0.296,0.5703,0.592,0.5833,HIGH
T+90min,R-1165,2897024683,2897024682,8.08,tertiary,0.122,0.124,0.4547,0.248,0.3307,MODERATE
T+90min,R-1166,2897024687,631525434,8.19,tertiary,0.198,0.204,0.4976,0.408,0.4438,MODERATE
T+90min,R-1167,2897024687,9469495781,44.22,tertiary,0.189,0.204,0.4957,0.408,0.4431,MODERATE
T+90min,R-1168,2897024695,245666830,7.98,tertiary,0.164,0.167,0.4982,0.334,0.3997,MODERATE
T+90min,R-1169,2897024695,7749797394,54.4,tertiary,0.159,0.161,0.483,0.322,0.3864,MODERATE
T+90min,R-1170,2897024696,12084454212,7.67,secondary,0.188,0.189,0.5075,0.378,0.4298,MODERATE
T+90min,R-1171,2897024710,245666882,8.15,tertiary,0.203,0.203,0.5006,0.406,0.4438,MODERATE
T+90min,R-1172,2897024710,2897024695,247.3,tertiary,0.172,0.223,0.4967,0.446,0.4663,MODERATE
T+90min,R-1173,2897024711,2897024737,125.16,secondary,0.157,0.187,0.4379,0.374,0.3996,MODERATE
T+90min,R-1174,2897024711,631507969,7.99,tertiary,0.19,0.193,0.4821,0.386,0.4244,MODERATE
T+90min,R-1175,2897024713,13616287395,8.37,residential,0.184,0.187,0.4778,0.374,0.4155,MODERATE
T+90min,R-1176,2897024713,3803645219,36.4,tertiary,0.207,0.235,0.4846,0.47,0.4758,MODERATE
T+90min,R-1177,2897024734,2897024749,99.11,tertiary,,,,,,UNKNOWN
T+90min,R-1178,2897024734,631507991,10.02,tertiary,,,,,,UNKNOWN
T+90min,R-1179,2897024734,631525440,214.13,tertiary,0.289,0.322,0.6535,0.644,0.6478,HIGH
T+90min,R-1180,2897024737,2897024651,386.36,primary,0.148,0.181,0.4503,0.362,0.3973,MODERATE
T+90min,R-1181,2897024737,2897024742,18.7,secondary,0.145,0.159,0.4119,0.318,0.3556,MODERATE
T+90min,R-1182,2897024742,631525438,9.99,primary,0.157,0.159,0.4276,0.318,0.3618,MODERATE
T+90min,R-1183,2897024748,2897024751,8.0,tertiary_link,0.31,0.314,0.5689,0.628,0.6044,HIGH
T+90min,R-1184,2897024748,6590384792,229.76,tertiary,0.366,0.475,0.7328,0.95,0.8631,VERY_HIGH
T+90min,R-1185,2897024749,2897024753,7.99,tertiary,,,,,,UNKNOWN
T+90min,R-1186,2897024749,2897024795,205.85,tertiary,0.252,0.272,0.5424,0.544,0.5434,HIGH
T+90min,R-1187,2897024751,13616287393,231.94,tertiary,0.308,0.344,0.5889,0.688,0.6484,HIGH
T+90min,R-1188,2897024751,2897024748,8.0,tertiary_link,0.31,0.314,0.5689,0.628,0.6044,HIGH
T+90min,R-1189,2897024752,12350931356,11.49,tertiary,,,,,,UNKNOWN
T+90min,R-1190,2897024753,12350931356,9.43,tertiary,,,,,,UNKNOWN
T+90min,R-1191,2897024753,2897024759,11.78,tertiary,,,,,,UNKNOWN
T+90min,R-1192,2897024777,2897024753,106.64,tertiary,,,,,,UNKNOWN
T+90min,R-1193,2897024777,6491469979,104.67,tertiary,,,,,,UNKNOWN
T+90min,R-1194,2897024795,10279771627,346.77,primary,0.292,0.376,0.6445,0.752,0.709,HIGH
T+90min,R-1195,2897024795,2897024798,17.97,tertiary,0.272,0.277,0.5274,0.554,0.5434,HIGH
T+90min,R-1196,2897024798,631507993,8.0,primary,0.285,0.294,0.5296,0.588,0.5646,HIGH
T+90min,R-1197,2897024862,7366246698,11.91,trunk,0.184,0.195,0.4117,0.39,0.3987,MODERATE
T+90min,R-1198,2897024865,2897024862,13.22,trunk,0.183,0.194,0.4202,0.388,0.4009,MODERATE
T+90min,R-1199,2897024865,2897024870,19.33,secondary,0.185,0.194,0.439,0.388,0.4084,MODERATE
T+90min,R-1200,2897024866,13619457125,9.61,trunk_link,0.229,0.245,0.4889,0.49,0.4896,MODERATE
T+90min,R-1201,2897024866,2897024865,42.35,trunk,0.231,0.245,0.5023,0.49,0.4949,MODERATE
T+90min,R-1202,2897024870,13618347449,18.77,secondary,0.147,0.176,0.3832,0.352,0.3645,MODERATE
T+90min,R-1203,296853790,11271580571,23.73,primary,0.186,0.188,0.5122,0.376,0.4305,MODERATE
T+90min,R-1204,296853793,13619939784,6.85,primary,0.151,0.151,0.4551,0.302,0.3632,MODERATE
T+90min,R-1205,296853816,2897024648,27.68,primary,0.109,0.112,0.3981,0.224,0.2936,MODERATE
T+90min,R-1206,296853816,2897024656,18.18,tertiary,0.116,0.12,0.4136,0.24,0.3094,MODERATE
T+90min,R-1207,296857806,2897024601,36.97,primary,0.167,0.182,0.5188,0.364,0.4259,MODERATE
T+90min,R-1208,296857806,2897024614,18.07,secondary,0.18,0.182,0.5825,0.364,0.4514,MODERATE
T+90min,R-1209,296857831,2897024519,49.6,primary,0.151,0.164,0.476,0.328,0.3872,MODERATE
T+90min,R-1210,296857831,296853793,17.93,secondary,0.146,0.151,0.4549,0.302,0.3632,MODERATE
T+90min,R-1211,3193827831,10091403662,7.59,residential,0.28,0.28,0.5406,0.56,0.5522,HIGH
T+90min,R-1212,3193827831,245666370,35.93,tertiary,0.288,0.298,0.5451,0.596,0.5756,HIGH
T+90min,R-1213,3641869342,245665874,23.74,tertiary,0.211,0.22,0.466,0.44,0.4504,MODERATE
T+90min,R-1214,3743617937,10564373799,148.61,trunk,0.231,0.289,0.5343,0.578,0.5605,HIGH
T+90min,R-1215,3743617937,13614467518,34.2,residential,0.263,0.289,0.531,0.578,0.5592,HIGH
T+90min,R-1216,3743617940,11054614468,13.33,residential,0.182,0.182,0.4753,0.364,0.4085,MODERATE
T+90min,R-1217,3743617940,13503191895,12.31,residential,0.187,0.191,0.4944,0.382,0.427,MODERATE
T+90min,R-1218,3743617940,13614467518,37.51,residential,0.196,0.228,0.4662,0.456,0.4601,MODERATE
T+90min,R-1219,3803643818,13616325516,5.12,residential,0.283,0.283,0.5466,0.566,0.5582,HIGH
T+90min,R-1220,3803643818,13617040695,31.18,tertiary,0.296,0.313,0.5568,0.626,0.5983,HIGH
T+90min,R-1221,3803645219,12313982253,213.14,residential,0.31,0.395,0.6655,0.79,0.7402,HIGH
T+90min,R-1222,3803645219,13616287394,18.6,tertiary,0.253,0.271,0.5305,0.542,0.5374,HIGH
T+90min,R-1223,3803645219,6428617352,8.08,residential,0.235,0.235,0.5105,0.47,0.4862,MODERATE
T+90min,R-1224,4342420383,2244637026,43.76,residential,0.174,0.23,0.4286,0.46,0.4474,MODERATE
T+90min,R-1225,4342420383,2244637034,83.76,residential,0.266,0.289,0.5691,0.578,0.5744,HIGH
T+90min,R-1226,4342420383,6491091371,90.34,residential,0.232,0.245,0.5079,0.49,0.4972,MODERATE
T+90min,R-1227,4342420489,6598052694,44.3,residential,0.201,0.207,0.4942,0.414,0.4461,MODERATE
T+90min,R-1228,4342420490,2244637034,83.59,residential,0.313,0.349,0.6361,0.698,0.6732,HIGH
T+90min,R-1229,4342420490,622060802,145.96,residential,0.286,0.327,0.5481,0.654,0.6116,HIGH
T+90min,R-1230,4342420490,7404711408,92.78,residential,0.344,0.457,0.666,0.914,0.8148,VERY_HIGH
T+90min,R-1231,4342420515,10925931781,46.46,secondary,0.28,0.309,0.5687,0.618,0.5983,HIGH
T+90min,R-1232,4342420515,245668038,64.09,residential,0.171,0.242,0.4368,0.484,0.4651,MODERATE
T+90min,R-1233,4342420515,621966589,353.9,secondary,0.164,0.242,0.4309,0.484,0.4628,MODERATE
T+90min,R-1234,4342420517,9914206292,78.72,residential,0.249,0.3,0.5191,0.6,0.5676,HIGH
T+90min,R-1235,4342420553,245668000,69.13,residential,0.286,0.314,0.5756,0.628,0.607,HIGH
T+90min,R-1236,4342420553,245668226,194.56,residential,,,,,,UNKNOWN
T+90min,R-1237,4342420553,6554236455,74.37,residential,,,,,,UNKNOWN
T+90min,R-1238,4674280890,7104101070,164.64,trunk,0.394,0.418,0.6093,0.836,0.7453,HIGH
T+90min,R-1239,473698889,473698890,49.94,residential,0.105,0.152,0.3568,0.304,0.3251,MODERATE
T+90min,R-1240,473698890,10653501374,69.48,residential,0.107,0.175,0.3567,0.35,0.3527,MODERATE
T+90min,R-1241,473698890,10653501375,29.16,residential,0.077,0.087,0.3364,0.174,0.239,LOW
T+90min,R-1242,473698890,473698889,49.94,residential,0.105,0.152,0.3568,0.304,0.3251,MODERATE
T+90min,R-1243,476480258,245666448,333.56,tertiary,0.135,0.217,0.483,0.434,0.4536,MODERATE
T+90min,R-1244,476480258,2897024642,98.6,tertiary,0.204,0.241,0.5451,0.482,0.5072,HIGH
T+90min,R-1245,476480258,476480287,306.86,tertiary,0.17,0.226,0.5511,0.452,0.4916,MODERATE
T+90min,R-1246,476480287,13615156523,90.26,secondary,0.117,0.144,0.4128,0.288,0.3379,MODERATE
T+90min,R-1247,476480287,476480258,306.86,tertiary,0.17,0.226,0.5511,0.452,0.4916,MODERATE
T+90min,R-1248,476488948,245666078,194.93,tertiary,0.164,0.217,0.4566,0.434,0.443,MODERATE
T+90min,R-1249,476488948,245666337,202.37,unclassified,0.202,0.217,0.5486,0.434,0.4798,MODERATE
T+90min,R-1250,476489029,2897024517,27.97,tertiary,0.146,0.149,0.4631,0.298,0.364,MODERATE
T+90min,R-1251,5424387223,5424387232,182.28,residential,0.188,0.226,0.5032,0.452,0.4725,MODERATE
T+90min,R-1252,5424387232,5424387223,182.28,residential,0.188,0.226,0.5032,0.452,0.4725,MODERATE
T+90min,R-1253,5424387232,6490861784,90.96,residential,0.168,0.213,0.4959,0.426,0.454,MODERATE
T+90min,R-1254,5424387232,6490861784,150.46,residential,0.172,0.213,0.4974,0.426,0.4546,MODERATE
T+90min,R-1255,5470238123,10044201331,128.41,trunk,0.324,0.347,0.6976,0.694,0.6954,HIGH
T+90min,R-1256,5470238123,9691859215,23.99,trunk_link,0.318,0.322,0.6775,0.644,0.6574,HIGH
T+90min,R-1257,5896564331,2897024751,238.6,tertiary,0.359,0.475,0.7166,0.95,0.8566,VERY_HIGH
T+90min,R-1258,5896564331,6590384792,9.22,tertiary,0.339,0.355,0.5627,0.71,0.6511,HIGH
T+90min,R-1259,5896564331,8443532426,497.89,tertiary,0.307,0.385,0.5868,0.77,0.6967,HIGH
T+90min,R-1260,5911310862,5911310869,218.06,trunk,0.236,0.269,0.5548,0.538,0.5447,HIGH
T+90min,R-1261,5911310869,1375251567,430.52,tertiary,0.21,0.258,0.5225,0.516,0.5186,HIGH
T+90min,R-1262,5911310869,245667803,13.75,tertiary,0.256,0.258,0.5789,0.516,0.5412,HIGH
T+90min,R-1263,5911310869,5911310870,17.94,trunk,0.251,0.258,0.5819,0.516,0.5424,HIGH
T+90min,R-1264,5911310870,5911310871,172.37,trunk,0.259,0.315,0.6193,0.63,0.6257,HIGH
T+90min,R-1265,5911310870,622039341,271.18,residential,0.272,0.34,0.5821,0.68,0.6408,HIGH
T+90min,R-1266,5911310871,12406104882,38.0,trunk,0.278,0.3,0.6431,0.6,0.6172,HIGH
T+90min,R-1267,5911310871,13618399201,121.31,residential,0.314,0.378,0.7294,0.756,0.7454,HIGH
T+90min,R-1268,5911310878,10384248274,36.52,trunk,0.237,0.247,0.6076,0.494,0.5394,HIGH
T+90min,R-1269,5911310878,13622393246,29.93,residential,0.239,0.247,0.6201,0.494,0.5444,HIGH
T+90min,R-1270,5911310880,13618374657,39.28,residential,0.213,0.22,0.5342,0.44,0.4777,MODERATE
T+90min,R-1271,5911310880,13618374670,65.19,residential,0.224,0.232,0.5539,0.464,0.5,HIGH
T+90min,R-1272,5911310880,13618374676,18.15,residential,0.213,0.213,0.5159,0.426,0.462,MODERATE
T+90min,R-1273,621966589,4342420515,353.9,secondary,0.164,0.242,0.4309,0.484,0.4628,MODERATE
T+90min,R-1274,622039341,13601073293,110.41,residential,0.365,0.378,0.7272,0.756,0.7445,HIGH
T+90min,R-1275,622039341,13619536866,12.47,residential,0.349,0.359,0.6391,0.718,0.6864,HIGH
T+90min,R-1276,622039341,5911310870,271.18,residential,0.272,0.34,0.5821,0.68,0.6408,HIGH
T+90min,R-1277,622039341,622039345,20.41,residential,0.319,0.34,0.5806,0.68,0.6402,HIGH
T+90min,R-1278,622039345,13618414607,7.6,residential,0.296,0.3,0.5447,0.6,0.5779,HIGH
T+90min,R-1279,622039345,13619237610,8.4,residential,0.287,0.3,0.5331,0.6,0.5732,HIGH
T+90min,R-1280,622039345,622039341,20.41,residential,0.319,0.34,0.5806,0.68,0.6402,HIGH
T+90min,R-1281,622039354,10923438752,34.51,residential,0.306,0.333,0.654,0.666,0.6612,HIGH
T+90min,R-1282,622039354,13619237603,70.45,residential,0.307,0.337,0.5666,0.674,0.631,HIGH
T+90min,R-1283,622039354,7384246086,11.49,residential,0.28,0.289,0.5216,0.578,0.5554,HIGH
T+90min,R-1284,622039357,622039360,35.27,residential,,,,,,UNKNOWN
T+90min,R-1285,622039360,245668197,19.56,residential,,,,,,UNKNOWN
T+90min,R-1286,622039360,622039357,35.27,residential,,,,,,UNKNOWN
T+90min,R-1287,622039360,6576335804,88.93,residential,0.292,0.327,0.5657,0.654,0.6187,HIGH
T+90min,R-1288,622042581,12406085638,23.16,trunk,0.254,0.262,0.5144,0.524,0.5202,HIGH
T+90min,R-1289,622042582,2897024865,10.89,trunk,0.215,0.237,0.4728,0.474,0.4735,MODERATE
T+90min,R-1290,622042582,622042581,50.92,trunk,0.254,0.269,0.525,0.538,0.5328,HIGH
T+90min,R-1291,622060792,11054646813,14.23,residential,0.172,0.181,0.423,0.362,0.3864,MODERATE
T+90min,R-1292,622060792,245667423,187.57,residential,0.208,0.261,0.5076,0.522,0.5162,HIGH
T+90min,R-1293,622060792,9198946025,212.64,residential,0.258,0.372,0.5633,0.744,0.6717,HIGH
T+90min,R-1294,622060802,2244637068,19.11,residential,,,,,,UNKNOWN
T+90min,R-1295,622060802,4342420490,145.96,residential,0.286,0.327,0.5481,0.654,0.6116,HIGH
T+90min,R-1296,622060802,622060872,141.73,residential,0.223,0.223,0.4708,0.446,0.4559,MODERATE
T+90min,R-1297,622060872,2244637056,101.59,residential,,,,,,UNKNOWN
T+90min,R-1298,622060872,245667960,43.75,residential,,,,,,UNKNOWN
T+90min,R-1299,622060872,622060802,141.73,residential,0.223,0.223,0.4708,0.446,0.4559,MODERATE
T+90min,R-1300,623895377,245667685,201.78,residential,0.155,0.223,0.4526,0.446,0.4486,MODERATE
T+90min,R-1301,623895377,6490968308,64.07,residential,0.078,0.146,0.3035,0.292,0.2966,MODERATE
T+90min,R-1302,623895377,6554206834,100.49,residential,0.13,0.193,0.3924,0.386,0.3886,MODERATE
T+90min,R-1303,623895532,13617292729,50.08,residential,,,,,,UNKNOWN
T+90min,R-1304,623895532,6430481233,76.08,tertiary,,,,,,UNKNOWN
T+90min,R-1305,623895532,7404757837,82.42,tertiary,,,,,,UNKNOWN
T+90min,R-1306,623895533,245668029,58.72,tertiary,,,,,,UNKNOWN
T+90min,R-1307,623895533,6554236449,191.44,residential,,,,,,UNKNOWN
T+90min,R-1308,623895533,7404757837,2.4,tertiary,,,,,,UNKNOWN
T+90min,R-1309,631507968,10292442915,205.53,secondary,0.145,0.181,0.5374,0.362,0.4322,MODERATE
T+90min,R-1310,631507968,2897024595,201.69,secondary,0.114,0.181,0.4485,0.362,0.3966,MODERATE
T+90min,R-1311,631507969,2897024696,35.9,secondary,0.193,0.195,0.5061,0.39,0.4364,MODERATE
T+90min,R-1312,631507969,2897024711,7.99,tertiary,0.19,0.193,0.4821,0.386,0.4244,MODERATE
T+90min,R-1313,631507969,631525440,141.03,tertiary,0.224,0.25,0.5244,0.5,0.5098,HIGH
T+90min,R-1314,631507991,11976374939,141.9,tertiary,0.253,0.28,0.627,0.56,0.5868,HIGH
T+90min,R-1315,631507991,2897024734,10.02,tertiary,,,,,,UNKNOWN
T+90min,R-1316,631507992,10279771626,28.73,tertiary,0.268,0.28,0.5446,0.56,0.5538,HIGH
T+90min,R-1317,631507992,2897024795,7.99,primary,0.272,0.272,0.5353,0.544,0.5405,HIGH
T+90min,R-1318,631507993,10265837613,172.34,primary,0.344,0.38,0.6053,0.76,0.6981,HIGH
T+90min,R-1319,631507993,631507992,17.98,tertiary,0.284,0.294,0.5371,0.588,0.5676,HIGH
T+90min,R-1320,631525434,2897024676,72.3,tertiary,0.211,0.224,0.5509,0.448,0.4892,MODERATE
T+90min,R-1321,631525434,2897024687,8.19,tertiary,0.198,0.204,0.4976,0.408,0.4438,MODERATE
T+90min,R-1322,631525434,631525440,138.0,tertiary,0.211,0.25,0.5163,0.5,0.5065,HIGH
T+90min,R-1323,631525438,245666966,18.3,secondary,0.146,0.155,0.4097,0.31,0.3499,MODERATE
T+90min,R-1324,631525438,2897024798,385.32,primary,0.272,0.342,0.5982,0.684,0.6497,HIGH
T+90min,R-1325,631525440,2897024734,214.13,tertiary,0.289,0.322,0.6535,0.644,0.6478,HIGH
T+90min,R-1326,631525440,631507969,141.03,tertiary,0.224,0.25,0.5244,0.5,0.5098,HIGH
T+90min,R-1327,631525440,631525434,138.0,tertiary,0.211,0.25,0.5163,0.5,0.5065,HIGH
T+90min,R-1328,6428381511,7372035744,115.39,residential,0.336,0.359,0.6202,0.718,0.6789,HIGH
T+90min,R-1329,6428382636,10265662126,15.66,residential,0.292,0.298,0.5818,0.596,0.5903,HIGH
T+90min,R-1330,6428382636,12406104885,156.17,residential,0.3,0.385,0.6763,0.77,0.7325,HIGH
T+90min,R-1331,6428382636,12756633089,95.51,residential,0.262,0.301,0.5296,0.602,0.573,HIGH
T+90min,R-1332,6428617352,13616287395,36.02,tertiary,0.208,0.235,0.4869,0.47,0.4768,MODERATE
T+90min,R-1333,6428617352,3803645219,8.08,residential,0.235,0.235,0.5105,0.47,0.4862,MODERATE
T+90min,R-1334,6428792684,6428792684,233.2,residential,0.09,0.167,0.363,0.334,0.3456,MODERATE
T+90min,R-1335,6428792684,6428792684,233.2,residential,0.09,0.167,0.363,0.334,0.3456,MODERATE
T+90min,R-1336,6428792684,6428793085,22.47,residential,0.187,0.206,0.5435,0.412,0.4646,MODERATE
T+90min,R-1337,6428793085,10316548327,65.39,residential,0.201,0.223,0.5619,0.446,0.4924,MODERATE
T+90min,R-1338,6428793085,245667685,38.34,residential,0.171,0.206,0.4701,0.412,0.4352,MODERATE
T+90min,R-1339,6428793085,6428792684,22.47,residential,0.187,0.206,0.5435,0.412,0.4646,MODERATE
T+90min,R-1340,6428811261,12486614582,4.7,tertiary,0.224,0.224,0.4691,0.448,0.4564,MODERATE
T+90min,R-1341,6428811261,6428811262,97.3,tertiary,0.277,0.3,0.5847,0.6,0.5939,HIGH
T+90min,R-1342,6428811261,6428811270,9.52,tertiary,0.218,0.224,0.4968,0.448,0.4675,MODERATE
T+90min,R-1343,6428811262,13617092839,2.21,tertiary,0.3,0.3,0.6164,0.6,0.6066,HIGH
T+90min,R-1344,6428811263,13621901231,32.82,tertiary,0.293,0.302,0.6061,0.604,0.6048,HIGH
T+90min,R-1345,6428811263,6428811268,7.16,tertiary,0.302,0.304,0.6334,0.608,0.6182,HIGH
T+90min,R-1346,6428811268,245665910,5.09,tertiary,0.304,0.304,0.6475,0.608,0.6238,HIGH
T+90min,R-1347,6428811270,13621886865,42.25,tertiary,0.24,0.248,0.5407,0.496,0.5139,HIGH
T+90min,R-1348,6428811270,245665874,16.3,tertiary,0.212,0.222,0.4922,0.444,0.4633,MODERATE
T+90min,R-1349,6428811270,6428811261,9.52,tertiary,0.218,0.224,0.4968,0.448,0.4675,MODERATE
T+90min,R-1350,6430481233,623895532,76.08,tertiary,,,,,,UNKNOWN
T+90min,R-1351,6489058155,13622435420,52.42,residential,,,,,,UNKNOWN
T+90min,R-1352,6489058155,13622445936,9.93,residential,,,,,,UNKNOWN
T+90min,R-1353,6489058155,9445072347,42.55,residential,,,,,,UNKNOWN
T+90min,R-1354,6490591812,6490591813,113.49,residential,0.061,0.217,0.1929,0.434,0.3376,MODERATE
T+90min,R-1355,6490591813,13619374592,77.33,trunk,0.255,0.27,0.6114,0.54,0.5686,HIGH
T+90min,R-1356,6490591813,6490591812,113.49,residential,0.061,0.217,0.1929,0.434,0.3376,MODERATE
T+90min,R-1357,6490861784,245667933,77.54,residential,0.267,0.304,0.5677,0.608,0.5919,HIGH
T+90min,R-1358,6490861784,5424387232,90.96,residential,0.168,0.213,0.4959,0.426,0.454,MODERATE
T+90min,R-1359,6490861784,5424387232,150.46,residential,0.172,0.213,0.4974,0.426,0.4546,MODERATE
T+90min,R-1360,6490872923,12378368422,67.3,residential,0.053,0.131,0.2355,0.262,0.2514,MODERATE
T+90min,R-1361,6490872923,1934627523,21.5,residential,0.166,0.196,0.4078,0.392,0.3983,MODERATE
T+90min,R-1362,6490872923,6490872925,29.59,residential,0.107,0.131,0.3172,0.262,0.2841,MODERATE
T+90min,R-1363,6490872924,6490872925,58.83,residential,0.037,0.086,0.2254,0.172,0.1934,LOW
T+90min,R-1364,6490872924,6490872925,112.98,residential,0.044,0.086,0.2503,0.172,0.2033,LOW
T+90min,R-1365,6490872924,6490872930,10.02,residential,0.016,0.016,0.2241,0.032,0.1088,LOW
T+90min,R-1366,6490872925,6490872923,29.59,residential,0.107,0.131,0.3168,0.262,0.2839,MODERATE
T+90min,R-1367,6490872925,6490872924,58.83,residential,0.037,0.086,0.2254,0.172,0.1934,LOW
T+90min,R-1368,6490872925,6490872924,112.98,residential,0.044,0.086,0.2503,0.172,0.2033,LOW
T+90min,R-1369,6490872930,12378368427,6.18,residential,0.015,0.015,0.2287,0.03,0.1095,LOW
T+90min,R-1370,6490872930,6490872924,10.02,residential,0.016,0.016,0.2241,0.032,0.1088,LOW
T+90min,R-1371,6490968306,6490968308,49.96,residential,0.131,0.146,0.3614,0.292,0.3198,MODERATE
T+90min,R-1372,6490968308,2244637027,168.17,residential,0.282,0.326,0.6348,0.652,0.6451,HIGH
T+90min,R-1373,6490968308,623895377,64.07,residential,0.078,0.146,0.3035,0.292,0.2966,MODERATE
T+90min,R-1374,6490968308,6490968306,49.96,residential,0.131,0.146,0.3614,0.292,0.3198,MODERATE
T+90min,R-1375,6491091371,2244637012,66.53,residential,0.27,0.294,0.5268,0.588,0.5635,HIGH
T+90min,R-1376,6491091371,4342420383,90.34,residential,0.232,0.245,0.5079,0.49,0.4972,MODERATE
T+90min,R-1377,6491091371,6491091372,31.64,residential,0.219,0.245,0.4656,0.49,0.4802,MODERATE
T+90min,R-1378,6491091372,2244637012,66.0,residential,0.231,0.28,0.4838,0.56,0.5295,HIGH
T+90min,R-1379,6491091372,6491091371,31.64,residential,0.219,0.245,0.4656,0.49,0.4802,MODERATE
T+90min,R-1380,6491091372,6554206834,78.03,residential,0.198,0.213,0.4725,0.426,0.4446,MODERATE
T+90min,R-1381,6491469979,2897024777,104.67,tertiary,,,,,,UNKNOWN
T+90min,R-1382,6552594955,2897024677,79.69,tertiary,0.138,0.146,0.489,0.292,0.3708,MODERATE
T+90min,R-1383,6552594957,2897024656,27.1,primary,0.116,0.12,0.4122,0.24,0.3089,MODERATE
T+90min,R-1384,6552594957,6552594955,32.94,primary_link,0.122,0.133,0.4321,0.266,0.3324,MODERATE
T+90min,R-1385,6554206834,2244637026,113.08,residential,0.207,0.242,0.4986,0.484,0.4898,MODERATE
T+90min,R-1386,6554206834,623895377,100.49,residential,0.13,0.193,0.3924,0.386,0.3886,MODERATE
T+90min,R-1387,6554206834,6491091372,78.03,residential,0.198,0.213,0.4725,0.426,0.4446,MODERATE
T+90min,R-1388,6554236425,6554236440,27.36,tertiary,0.195,0.233,0.4345,0.466,0.4534,MODERATE
T+90min,R-1389,6554236425,6554236455,163.01,residential,0.182,0.225,0.435,0.45,0.444,MODERATE
T+90min,R-1390,6554236425,7404711455,78.82,tertiary,0.145,0.183,0.4278,0.366,0.3907,MODERATE
T+90min,R-1391,6554236425,7404711465,126.02,residential,0.216,0.299,0.4904,0.598,0.555,HIGH
T+90min,R-1392,6554236429,10923690283,13.34,residential,,,,,,UNKNOWN
T+90min,R-1393,6554236440,2244637067,32.92,tertiary,0.275,0.306,0.5158,0.612,0.5735,HIGH
T+90min,R-1394,6554236440,6554236425,27.36,tertiary,0.195,0.233,0.4345,0.466,0.4534,MODERATE
T+90min,R-1395,6554236440,6554236451,130.04,residential,0.28,0.316,0.5391,0.632,0.5948,HIGH
T+90min,R-1396,6554236441,2244637067,210.33,tertiary,0.347,0.388,0.5923,0.776,0.7025,HIGH
T+90min,R-1397,6554236441,245668029,12.21,tertiary,,,,,,UNKNOWN
T+90min,R-1398,6554236441,6554236449,140.04,residential,,,,,,UNKNOWN
T+90min,R-1399,6554236449,623895533,191.44,residential,,,,,,UNKNOWN
T+90min,R-1400,6554236449,6554236441,140.04,residential,,,,,,UNKNOWN
T+90min,R-1401,6554236449,6554236451,64.09,residential,,,,,,UNKNOWN
T+90min,R-1402,6554236451,10923690270,93.08,residential,,,,,,UNKNOWN
T+90min,R-1403,6554236451,10923690283,112.47,residential,,,,,,UNKNOWN
T+90min,R-1404,6554236451,6554236440,130.04,residential,0.28,0.316,0.5391,0.632,0.5948,HIGH
T+90min,R-1405,6554236451,6554236449,64.09,residential,,,,,,UNKNOWN
T+90min,R-1406,6554236455,10923690270,37.36,residential,,,,,,UNKNOWN
T+90min,R-1407,6554236455,4342420553,74.37,residential,,,,,,UNKNOWN
T+90min,R-1408,6554236455,6554236425,163.01,residential,0.182,0.225,0.435,0.45,0.444,MODERATE
T+90min,R-1409,6554271017,13619401780,12.32,residential,0.001,0.001,0.0246,0.002,0.011,LOW
T+90min,R-1410,6554271024,13619401780,82.48,residential,0.094,0.21,0.2675,0.42,0.359,MODERATE
T+90min,R-1411,6554271024,2244637013,71.18,residential,0.199,0.212,0.4944,0.424,0.4522,MODERATE
T+90min,R-1412,6554271024,2244637021,67.22,residential,0.23,0.248,0.5444,0.496,0.5154,HIGH
T+90min,R-1413,6554302593,2897024683,102.16,tertiary,0.123,0.138,0.4589,0.276,0.3492,MODERATE
T+90min,R-1414,6554384670,245666386,83.86,tertiary,0.132,0.168,0.4156,0.336,0.3678,MODERATE
T+90min,R-1415,6576335804,622039360,88.93,residential,0.292,0.327,0.5657,0.654,0.6187,HIGH
T+90min,R-1416,6585962883,13614337242,16.14,residential,0.114,0.114,0.4159,0.228,0.3032,MODERATE
T+90min,R-1417,6585962883,13614337247,14.99,residential,0.114,0.114,0.4196,0.228,0.3046,MODERATE
T+90min,R-1418,6585962883,13614337249,27.32,residential,0.115,0.117,0.4173,0.234,0.3073,MODERATE
T+90min,R-1419,6585998686,13614337247,76.41,residential,0.132,0.156,0.5155,0.312,0.3934,MODERATE
T+90min,R-1420,6590384792,10055232024,28.08,tertiary,0.35,0.372,0.5648,0.744,0.6723,HIGH
T+90min,R-1421,6590384792,5896564331,9.22,tertiary,0.339,0.355,0.5627,0.71,0.6511,HIGH
T+90min,R-1422,6598052694,13618374655,16.18,residential,0.211,0.214,0.5104,0.428,0.461,MODERATE
T+90min,R-1423,6598052694,4342420489,44.3,residential,0.201,0.207,0.4942,0.414,0.4461,MODERATE
T+90min,R-1424,6598052694,7404711477,23.25,residential,0.21,0.216,0.5202,0.432,0.4673,MODERATE
T+90min,R-1425,6926279716,13798210725,26.82,residential,0.345,0.4,0.6573,0.8,0.7429,HIGH
T+90min,R-1426,6926279716,13798210730,56.49,residential,0.417,0.464,0.7294,0.928,0.8486,VERY_HIGH
T+90min,R-1427,6926279716,13798210738,18.95,residential,0.444,0.468,0.7615,0.936,0.8662,VERY_HIGH
T+90min,R-1428,6926279717,13798210723,56.29,residential,0.237,0.246,0.4846,0.492,0.489,MODERATE
T+90min,R-1429,6926279717,13798210725,28.31,residential,0.27,0.294,0.5106,0.588,0.557,HIGH
T+90min,R-1430,6926279717,13798210735,15.95,residential,0.254,0.263,0.5112,0.526,0.5201,HIGH
T+90min,R-1431,6926279721,10772904744,52.24,trunk,0.457,0.457,0.7352,0.914,0.8425,VERY_HIGH
T+90min,R-1432,6926279721,13798210738,8.99,residential,0.462,0.468,0.7563,0.936,0.8641,VERY_HIGH
T+90min,R-1433,6926279722,2804481652,104.56,residential,0.224,0.259,0.569,0.518,0.5384,HIGH
T+90min,R-1434,6926279727,6926279727,276.37,residential,0.423,0.438,0.6442,0.876,0.7833,VERY_HIGH
T+90min,R-1435,6926279727,6926279727,276.37,residential,0.423,0.438,0.6442,0.876,0.7833,VERY_HIGH
T+90min,R-1436,6926279727,7104101070,59.41,residential,0.405,0.418,0.6402,0.836,0.7577,VERY_HIGH
T+90min,R-1437,7104101070,13433910625,95.51,trunk,0.311,0.421,0.5361,0.842,0.7196,HIGH
T+90min,R-1438,7104101070,6926279727,59.41,residential,0.405,0.418,0.6402,0.836,0.7577,VERY_HIGH
T+90min,R-1439,7200666559,2897024597,234.99,tertiary,0.09,0.1,0.4,0.2,0.28,MODERATE
T+90min,R-1440,7365813760,13618414606,13.43,residential,0.251,0.254,0.5017,0.508,0.5055,HIGH
T+90min,R-1441,7365813760,13619237610,16.55,residential,0.264,0.274,0.512,0.548,0.5336,HIGH
T+90min,R-1442,7365813760,7384246086,30.09,residential,0.26,0.272,0.5076,0.544,0.5294,HIGH
T+90min,R-1443,7365871208,13617483789,26.78,tertiary,0.28,0.299,0.5454,0.598,0.577,HIGH
T+90min,R-1444,7365871208,13617550915,7.27,tertiary_link,0.242,0.254,0.4872,0.508,0.4997,MODERATE
T+90min,R-1445,7366153523,7372035744,495.95,residential,0.317,0.399,0.6828,0.798,0.7519,VERY_HIGH
T+90min,R-1446,7366246694,13618347449,174.97,residential,0.157,0.213,0.421,0.426,0.424,MODERATE
T+90min,R-1447,7366246694,2897024870,26.56,trunk_link,0.198,0.213,0.4663,0.426,0.4421,MODERATE
T+90min,R-1448,7366246698,622042582,13.71,trunk,0.216,0.237,0.4618,0.474,0.4691,MODERATE
T+90min,R-1449,7366246698,6490591813,48.04,trunk,0.205,0.255,0.4134,0.51,0.4714,MODERATE
T+90min,R-1450,7372035744,13617040678,13.12,tertiary,0.328,0.337,0.5718,0.674,0.6331,HIGH
T+90min,R-1451,7372035744,245666801,85.2,tertiary,0.368,0.4,0.8049,0.8,0.802,VERY_HIGH
T+90min,R-1452,7372035744,6428381511,115.39,residential,0.336,0.359,0.6202,0.718,0.6789,HIGH
T+90min,R-1453,7372035744,7366153523,495.95,residential,0.317,0.399,0.6828,0.798,0.7519,VERY_HIGH
T+90min,R-1454,7384246086,13619515794,5.6,residential,0.27,0.272,0.5417,0.544,0.5431,HIGH
T+90min,R-1455,7384246086,622039354,11.49,residential,0.28,0.289,0.5216,0.578,0.5554,HIGH
T+90min,R-1456,7384246086,7365813760,30.09,residential,0.26,0.272,0.5076,0.544,0.5294,HIGH
T+90min,R-1457,7404711408,4342420490,92.78,residential,0.344,0.457,0.666,0.914,0.8148,VERY_HIGH
T+90min,R-1458,7404711443,11045926287,269.44,residential,0.165,0.182,0.4601,0.364,0.4024,MODERATE
T+90min,R-1459,7404711443,245668038,19.69,residential,0.165,0.182,0.4613,0.364,0.4029,MODERATE
T+90min,R-1460,7404711443,245668141,156.42,residential,0.158,0.182,0.4502,0.364,0.3985,MODERATE
T+90min,R-1461,7404711447,245668015,9.51,secondary,0.321,0.321,0.6627,0.642,0.6503,HIGH
T+90min,R-1462,7404711447,245668039,18.91,secondary,0.32,0.322,0.6946,0.644,0.6642,HIGH
T+90min,R-1463,7404711453,7404711454,16.27,residential,0.174,0.178,0.4363,0.356,0.3881,MODERATE
T+90min,R-1464,7404711454,7404711453,16.27,residential,0.174,0.178,0.4363,0.356,0.3881,MODERATE
T+90min,R-1465,7404711454,7404711455,27.01,residential,0.177,0.183,0.4625,0.366,0.4046,MODERATE
T+90min,R-1466,7404711454,7787253967,7.42,residential,0.16,0.172,0.4252,0.344,0.3765,MODERATE
T+90min,R-1467,7404711455,1375215119,95.82,tertiary,0.225,0.276,0.5203,0.552,0.5393,HIGH
T+90min,R-1468,7404711455,6554236425,78.82,tertiary,0.145,0.183,0.4278,0.366,0.3907,MODERATE
T+90min,R-1469,7404711455,7404711454,27.01,residential,0.177,0.183,0.4625,0.366,0.4046,MODERATE
T+90min,R-1470,7404711465,6554236425,126.02,residential,0.216,0.299,0.4904,0.598,0.555,HIGH
T+90min,R-1471,7404711477,11368130746,113.44,residential,0.211,0.223,0.5661,0.446,0.494,MODERATE
T+90min,R-1472,7404711477,13617327485,52.26,residential,0.212,0.22,0.534,0.44,0.4776,MODERATE
T+90min,R-1473,7404711477,6598052694,23.25,residential,0.21,0.216,0.5202,0.432,0.4673,MODERATE
T+90min,R-1474,7404757836,7404757837,53.95,residential,,,,,,UNKNOWN
T+90min,R-1475,7404757837,623895532,82.42,tertiary,,,,,,UNKNOWN
T+90min,R-1476,7404757837,623895533,2.4,tertiary,,,,,,UNKNOWN
T+90min,R-1477,7404757837,7404757836,53.95,residential,,,,,,UNKNOWN
T+90min,R-1478,7749797394,13615156518,144.88,tertiary,0.133,0.152,0.4543,0.304,0.3641,MODERATE
T+90min,R-1479,7749797394,6554302593,17.4,tertiary,0.145,0.152,0.4984,0.304,0.3818,MODERATE
T+90min,R-1480,7787253967,7404711454,7.42,residential,0.16,0.172,0.4252,0.344,0.3765,MODERATE
T+90min,R-1481,8443491310,245666651,77.22,residential,0.293,0.318,0.5504,0.636,0.6018,HIGH
T+90min,R-1482,8443532426,5896564331,497.89,tertiary,0.307,0.385,0.5868,0.77,0.6967,HIGH
T+90min,R-1483,8570027362,13617092839,42.87,residential,0.287,0.3,0.5767,0.6,0.5907,HIGH
T+90min,R-1484,9171835705,13619396529,19.0,residential,,,,,,UNKNOWN
T+90min,R-1485,9171835705,13619396536,17.29,residential,,,,,,UNKNOWN
T+90min,R-1486,9171835705,13619678859,53.15,residential,,,,,,UNKNOWN
T+90min,R-1487,9171835708,13619491182,24.98,residential,,,,,,UNKNOWN
T+90min,R-1488,9171835708,13619491183,84.09,residential,,,,,,UNKNOWN
T+90min,R-1489,9171835708,13619491193,36.45,residential,,,,,,UNKNOWN
T+90min,R-1490,9171835708,13619491193,99.37,residential,,,,,,UNKNOWN
T+90min,R-1491,9198946025,622060792,212.64,residential,0.258,0.372,0.5633,0.744,0.6717,HIGH
T+90min,R-1492,9445072347,13619243522,55.21,residential,,,,,,UNKNOWN
T+90min,R-1493,9445072347,13619463498,9.05,residential,,,,,,UNKNOWN
T+90min,R-1494,9445072347,245668373,17.59,residential,,,,,,UNKNOWN
T+90min,R-1495,9445072347,6489058155,42.55,residential,,,,,,UNKNOWN
T+90min,R-1496,9469495781,2897024627,388.68,secondary,0.22,0.251,0.581,0.502,0.5336,HIGH
T+90min,R-1497,9469495781,9469495782,7.89,secondary,0.187,0.189,0.5123,0.378,0.4317,MODERATE
T+90min,R-1498,9469495782,2897024696,8.32,secondary,0.189,0.189,0.514,0.378,0.4324,MODERATE
T+90min,R-1499,9469495782,2897024711,35.43,secondary,0.188,0.189,0.4992,0.378,0.4265,MODERATE
T+90min,R-1500,9469523484,13615172965,5.42,residential,0.345,0.347,0.7875,0.694,0.7314,HIGH
T+90min,R-1501,9469523484,13616325515,32.86,tertiary,0.344,0.349,0.7973,0.698,0.7377,HIGH
T+90min,R-1502,9684698224,10924156281,68.54,residential,,,,,,UNKNOWN
T+90min,R-1503,9684698224,14130497014,20.89,residential,,,,,,UNKNOWN
T+90min,R-1504,9684698224,14130497022,12.76,residential,,,,,,UNKNOWN
T+90min,R-1505,9684698224,245668449,16.58,residential,,,,,,UNKNOWN
T+90min,R-1506,9691859215,3743617937,32.75,trunk,0.302,0.312,0.6076,0.624,0.6174,HIGH
T+90min,R-1507,9691859215,5470238123,23.99,trunk_link,0.318,0.322,0.6775,0.644,0.6574,HIGH
T+90min,R-1508,9771116360,13619368460,35.05,residential,0.253,0.276,0.5491,0.552,0.5508,HIGH
T+90min,R-1509,9771116360,13619368466,58.73,residential,0.249,0.279,0.5108,0.558,0.5391,HIGH
T+90min,R-1510,9771116360,2897024660,47.48,residential,0.206,0.227,0.4818,0.454,0.4651,MODERATE
T+90min,R-1511,9914206292,13619604480,28.2,residential,0.309,0.318,0.6042,0.636,0.6233,HIGH
T+90min,R-1512,9914206292,13622528191,79.32,residential,0.291,0.3,0.5598,0.6,0.5839,HIGH
T+90min,R-1513,9914206292,4342420517,78.72,residential,0.249,0.3,0.5191,0.6,0.5676,HIGH
T+120min,R-001,10044201331,12243225438,31.35,trunk,0.204,0.215,0.6112,0.43,0.5025,HIGH
T+120min,R-002,10044201331,13615156515,103.69,tertiary,0.225,0.229,0.7433,0.458,0.5721,HIGH
T+120min,R-003,10055232024,13616287392,9.75,residential,0.242,0.244,0.574,0.488,0.5224,HIGH
T+120min,R-004,10055232024,13626183259,7.16,residential,0.241,0.241,0.5725,0.482,0.5182,HIGH
T+120min,R-005,10055232024,13639959260,22.82,tertiary,0.256,0.271,0.6537,0.542,0.5867,HIGH
T+120min,R-006,10055232027,13626183259,90.39,residential,0.207,0.241,0.5675,0.482,0.5162,HIGH
T+120min,R-007,10091403656,13615172965,33.31,tertiary,0.225,0.229,0.8043,0.458,0.5965,HIGH
T+120min,R-008,10091403656,13616325515,6.09,tertiary_link,0.219,0.219,0.751,0.438,0.5632,HIGH
T+120min,R-009,10091403659,296853793,74.13,primary,0.111,0.124,0.498,0.248,0.348,MODERATE
T+120min,R-010,10091403662,13617040694,36.49,tertiary,0.187,0.199,0.5426,0.398,0.4558,MODERATE
T+120min,R-011,10091403662,3193827831,7.59,residential,0.184,0.184,0.5406,0.368,0.437,MODERATE
T+120min,R-012,10091403664,10091403656,29.95,tertiary,0.212,0.219,0.7436,0.438,0.5602,HIGH
T+120min,R-013,10091403664,245666192,6.21,residential,0.208,0.208,0.768,0.416,0.5568,HIGH
T+120min,R-014,10111287875,13618292025,47.89,residential,0.015,0.045,0.1573,0.09,0.1169,LOW
T+120min,R-015,10213907200,11027088421,342.73,unclassified,0.156,0.222,0.549,0.444,0.486,MODERATE
T+120min,R-016,10245790327,10245790331,31.71,trunk,0.131,0.135,0.4702,0.27,0.3501,MODERATE
T+120min,R-017,10245790331,13798210715,64.09,trunk,0.194,0.288,0.6129,0.576,0.5908,HIGH
T+120min,R-018,10245790331,13798244195,9.33,residential,0.136,0.137,0.4586,0.274,0.3478,MODERATE
T+120min,R-019,10265662124,12406104883,82.88,trunk,0.137,0.146,0.5111,0.292,0.3796,MODERATE
T+120min,R-020,10265662124,12406104885,13.21,residential,0.143,0.144,0.4981,0.288,0.372,MODERATE
T+120min,R-021,10265662126,10265662124,147.7,trunk,0.193,0.232,0.6781,0.464,0.5496,HIGH
T+120min,R-022,10265662126,6428382636,15.66,residential,0.191,0.195,0.5818,0.39,0.4667,MODERATE
T+120min,R-023,10265662174,622042581,86.75,trunk_link,0.182,0.203,0.5588,0.406,0.4671,MODERATE
T+120min,R-024,10265662174,622042582,45.31,trunk,0.171,0.187,0.5235,0.374,0.4338,MODERATE
T+120min,R-025,10265662175,10265662174,41.47,trunk,0.188,0.2,0.6355,0.4,0.4942,MODERATE
T+120min,R-026,10265662175,12406085638,134.01,trunk_link,0.196,0.225,0.6298,0.45,0.5219,HIGH
T+120min,R-027,10279771623,10279771626,41.31,primary_link,0.191,0.219,0.5724,0.438,0.4918,MODERATE
T+120min,R-028,10279771623,631507992,28.4,primary,0.203,0.219,0.5789,0.438,0.4944,MODERATE
T+120min,R-029,10279771626,2897024777,70.02,tertiary,0.163,0.167,0.544,0.334,0.418,MODERATE
T+120min,R-030,10279771627,10279771631,54.54,primary_link,0.109,0.131,0.4217,0.262,0.3259,MODERATE
T+120min,R-031,10279771627,245666966,35.27,primary,0.104,0.131,0.4115,0.262,0.3218,MODERATE
T+120min,R-032,10279771631,631507969,76.02,secondary,0.115,0.127,0.4493,0.254,0.3321,MODERATE
T+120min,R-033,10292442915,13383144370,76.65,secondary,0.078,0.084,0.446,0.168,0.2792,MODERATE
T+120min,R-034,10294725029,12350425034,184.13,tertiary,0.175,0.234,0.5356,0.468,0.495,MODERATE
T+120min,R-035,10294725029,13638535682,24.64,residential,0.168,0.172,0.5114,0.344,0.411,MODERATE
T+120min,R-036,10316548327,6428793085,65.39,residential,0.132,0.146,0.5619,0.292,0.4,MODERATE
T+120min,R-037,10384248274,10384248275,22.33,trunk_link,0.161,0.18,0.5804,0.36,0.4482,MODERATE
T+120min,R-038,10384248274,2897024866,30.44,trunk,0.151,0.161,0.4874,0.322,0.3882,MODERATE
T+120min,R-039,10384248275,10384248274,22.33,trunk_link,0.161,0.18,0.5804,0.36,0.4482,MODERATE
T+120min,R-040,10384248275,12406104884,257.8,trunk,0.153,0.204,0.6008,0.408,0.4851,MODERATE
T+120min,R-041,10564373799,10564373800,16.79,residential,0.152,0.157,0.5525,0.314,0.4094,MODERATE
T+120min,R-042,10564373799,245667361,48.5,trunk,0.165,0.177,0.5316,0.354,0.425,MODERATE
T+120min,R-043,10564373800,10564373799,16.79,residential,0.152,0.157,0.5525,0.314,0.4094,MODERATE
T+120min,R-044,10653501374,10653501375,64.59,residential,0.075,0.115,0.356,0.23,0.2804,MODERATE
T+120min,R-045,10653501374,245665910,119.23,residential,0.179,0.203,0.6197,0.406,0.4915,MODERATE
T+120min,R-046,10653501374,473698890,69.48,residential,0.07,0.115,0.3567,0.23,0.2807,MODERATE
T+120min,R-047,10653501375,10653501374,64.59,residential,0.075,0.115,0.356,0.23,0.2804,MODERATE
T+120min,R-048,10653501375,10696472308,7.52,residential,0.064,0.071,0.3508,0.142,0.2255,LOW
T+120min,R-049,10653501375,245666351,155.72,residential,0.119,0.157,0.4554,0.314,0.3706,MODERATE
T+120min,R-050,10653501375,473698890,29.16,residential,0.05,0.057,0.3364,0.114,0.203,LOW
T+120min,R-051,10696472306,13638535670,39.79,residential,0.154,0.157,0.544,0.314,0.406,MODERATE
T+120min,R-052,10696472306,13638535675,29.79,residential,0.155,0.162,0.5401,0.324,0.4104,MODERATE
T+120min,R-053,10696472306,245666367,71.59,residential,0.168,0.176,0.61,0.352,0.4552,MODERATE
T+120min,R-054,10696472307,10696472308,48.33,residential,0.076,0.099,0.3672,0.198,0.2657,MODERATE
T+120min,R-055,10696472307,13638535675,33.56,residential,0.119,0.146,0.4436,0.292,0.3526,MODERATE
T+120min,R-056,10696472307,245666323,69.45,residential,0.12,0.134,0.4726,0.268,0.3498,MODERATE
T+120min,R-057,10696472308,10653501375,7.52,residential,0.064,0.071,0.3508,0.142,0.2255,LOW
T+120min,R-058,10696472308,10696472307,48.33,residential,0.076,0.099,0.3672,0.198,0.2657,MODERATE
T+120min,R-059,10696472308,13638535652,64.73,residential,0.082,0.129,0.3684,0.258,0.3022,MODERATE
T+120min,R-060,10696472308,245666260,71.83,residential,0.098,0.108,0.4326,0.216,0.3026,MODERATE
T+120min,R-061,10696472309,13638535652,3.19,residential,0.129,0.129,0.4442,0.258,0.3325,MODERATE
T+120min,R-062,10696472347,10696472356,48.98,residential,0.199,0.211,0.7019,0.422,0.534,HIGH
T+120min,R-063,10696472347,13638535683,64.81,residential,0.164,0.199,0.5435,0.398,0.4562,MODERATE
T+120min,R-064,10696472347,245666482,74.32,residential,0.205,0.211,0.7583,0.422,0.5565,HIGH
T+120min,R-065,10696472349,10696472350,66.34,residential,0.119,0.135,0.467,0.27,0.3488,MODERATE
T+120min,R-066,10696472349,13638535686,74.14,residential,0.161,0.193,0.5482,0.386,0.4509,MODERATE
T+120min,R-067,10696472349,2439333822,119.0,residential,0.168,0.177,0.5907,0.354,0.4487,MODERATE
T+120min,R-068,10696472349,245666190,28.07,residential,0.139,0.144,0.488,0.288,0.368,MODERATE
T+120min,R-069,10696472350,10696472349,66.34,residential,0.119,0.135,0.467,0.27,0.3488,MODERATE
T+120min,R-070,10696472350,13638535683,64.98,residential,0.123,0.129,0.4788,0.258,0.3463,MODERATE
T+120min,R-071,10696472350,13638535685,72.75,residential,0.148,0.19,0.5134,0.38,0.4334,MODERATE
T+120min,R-072,10696472350,245666260,30.74,residential,0.112,0.117,0.4788,0.234,0.3319,MODERATE
T+120min,R-073,10696472351,13638535681,16.07,residential,0.17,0.177,0.5545,0.354,0.4342,MODERATE
T+120min,R-074,10696472356,10696472347,48.98,residential,0.199,0.211,0.7019,0.422,0.534,HIGH
T+120min,R-075,10696472356,13638535681,14.31,residential,0.18,0.186,0.5801,0.372,0.4552,MODERATE
T+120min,R-076,10696472356,245666446,29.73,residential,0.18,0.186,0.5907,0.372,0.4595,MODERATE
T+120min,R-077,10724726259,11047568171,11.43,tertiary,0.209,0.21,0.603,0.42,0.4932,MODERATE
T+120min,R-078,10724726259,13617040682,6.53,residential,0.207,0.207,0.6116,0.414,0.493,MODERATE
T+120min,R-079,10724781030,13617040686,34.9,tertiary,0.258,0.266,0.8441,0.532,0.6568,HIGH
T+120min,R-080,10724781030,245666801,7.12,tertiary,0.252,0.253,0.8067,0.506,0.6263,HIGH
T+120min,R-081,10772904744,2804481649,69.76,trunk,,,,,,UNKNOWN
T+120min,R-082,10840042416,13619396536,18.54,residential,,,,,,UNKNOWN
T+120min,R-083,10923438752,622039354,34.51,residential,0.2,0.218,0.654,0.436,0.5232,HIGH
T+120min,R-084,10923690270,10923690281,153.14,residential,,,,,,UNKNOWN
T+120min,R-085,10923690270,6554236451,93.08,residential,,,,,,UNKNOWN
T+120min,R-086,10923690270,6554236455,37.36,residential,,,,,,UNKNOWN
T+120min,R-087,10923690281,10923690270,153.14,residential,,,,,,UNKNOWN
T+120min,R-088,10923690283,10923690287,29.89,residential,,,,,,UNKNOWN
T+120min,R-089,10923690283,6554236429,13.34,residential,,,,,,UNKNOWN
T+120min,R-090,10923690283,6554236451,112.47,residential,,,,,,UNKNOWN
T+120min,R-091,10923690287,10923690283,29.89,residential,,,,,,UNKNOWN
T+120min,R-092,10923690293,13617292726,6.68,residential,,,,,,UNKNOWN
T+120min,R-093,10923690293,13617292729,36.91,residential,,,,,,UNKNOWN
T+120min,R-094,10923690293,2244637068,48.3,residential,,,,,,UNKNOWN
T+120min,R-095,10924156281,9684698224,68.54,residential,,,,,,UNKNOWN
T+120min,R-096,10924277272,10924277275,31.57,residential,0.179,0.199,0.5666,0.398,0.4654,MODERATE
T+120min,R-097,10924277272,12756633089,92.32,residential,0.141,0.163,0.462,0.326,0.3804,MODERATE
T+120min,R-098,10924277272,12756633089,156.13,residential,0.189,0.224,0.5697,0.448,0.4967,MODERATE
T+120min,R-099,10924277275,10924277272,31.57,residential,0.179,0.199,0.5666,0.398,0.4654,MODERATE
T+120min,R-100,10924277275,10924277275,339.19,residential,0.199,0.211,0.6545,0.422,0.515,HIGH
T+120min,R-101,10924277275,10924277275,339.19,residential,0.199,0.211,0.6545,0.422,0.515,HIGH
T+120min,R-102,10925931739,11046205760,18.27,residential,0.164,0.166,0.5158,0.332,0.4055,MODERATE
T+120min,R-103,10925931739,13619485526,8.68,residential,0.164,0.166,0.5134,0.332,0.4046,MODERATE
T+120min,R-104,10925931739,2244797686,51.06,residential,0.192,0.22,0.5478,0.44,0.4831,MODERATE
T+120min,R-105,10925931740,13619485519,103.44,residential,0.165,0.18,0.5331,0.36,0.4292,MODERATE
T+120min,R-106,10925931740,13619485519,10.53,residential,0.165,0.167,0.5188,0.334,0.4079,MODERATE
T+120min,R-107,10925931740,13619485526,12.82,residential,0.161,0.161,0.5106,0.322,0.3974,MODERATE
T+120min,R-108,10925931781,245667933,125.58,residential,0.173,0.203,0.5604,0.406,0.4678,MODERATE
T+120min,R-109,10925931781,245668039,8.27,secondary,0.206,0.209,0.6739,0.418,0.5204,HIGH
T+120min,R-110,10925931781,4342420515,46.46,secondary,0.183,0.203,0.5687,0.406,0.4711,MODERATE
T+120min,R-111,10925941296,10925941300,34.66,residential,0.176,0.183,0.5412,0.366,0.4361,MODERATE
T+120min,R-112,10925941300,10925941296,34.66,residential,0.176,0.183,0.5412,0.366,0.4361,MODERATE
T+120min,R-113,10925941300,13619412997,44.77,residential,0.172,0.183,0.5378,0.366,0.4347,MODERATE
T+120min,R-114,10925941300,13622503093,33.46,residential,0.186,0.189,0.5821,0.378,0.4596,MODERATE
T+120min,R-115,10925943006,13619500841,47.23,residential,,,,,,UNKNOWN
T+120min,R-116,10925943006,13622503093,9.08,residential,,,,,,UNKNOWN
T+120min,R-117,10925943006,13622528191,15.5,residential,,,,,,UNKNOWN
T+120min,R-118,11027088421,10213907200,342.73,unclassified,0.156,0.222,0.549,0.444,0.486,MODERATE
T+120min,R-119,11027088421,2897024682,481.95,unclassified,0.135,0.194,0.5826,0.388,0.4658,MODERATE
T+120min,R-120,11045926287,7404711443,269.44,residential,0.108,0.119,0.4601,0.238,0.3268,MODERATE
T+120min,R-121,11046194844,11046194845,19.74,residential,0.242,0.245,0.6331,0.49,0.5472,HIGH
T+120min,R-122,11046194845,11046194844,19.74,residential,0.242,0.245,0.6327,0.49,0.5471,HIGH
T+120min,R-123,11046194845,13619396529,29.14,residential,0.237,0.237,0.6163,0.474,0.5309,HIGH
T+120min,R-124,11046194845,2244797686,23.64,residential,0.229,0.237,0.6193,0.474,0.5321,HIGH
T+120min,R-125,11046205758,11046205759,24.89,residential,0.146,0.154,0.4988,0.308,0.3843,MODERATE
T+120min,R-126,11046205759,11046205758,24.89,residential,0.146,0.154,0.4988,0.308,0.3843,MODERATE
T+120min,R-127,11046205759,11046205760,20.9,residential,0.157,0.161,0.5085,0.322,0.3966,MODERATE
T+120min,R-128,11046205759,13622492455,2.71,residential,0.154,0.154,0.5071,0.308,0.3876,MODERATE
T+120min,R-129,11046205760,10925931739,18.27,residential,0.164,0.166,0.5158,0.332,0.4055,MODERATE
T+120min,R-130,11046205760,11046205759,20.9,residential,0.157,0.161,0.5085,0.322,0.3966,MODERATE
T+120min,R-131,11046205760,13622492459,27.53,residential,0.167,0.173,0.5173,0.346,0.4145,MODERATE
T+120min,R-132,11047568171,13617040683,46.74,tertiary,0.21,0.211,0.6317,0.422,0.5059,HIGH
T+120min,R-133,11047568171,13626183257,126.95,residential,0.205,0.211,0.6199,0.422,0.5012,HIGH
T+120min,R-134,11047597219,13619318851,57.84,residential,0.155,0.181,0.4893,0.362,0.4129,MODERATE
T+120min,R-135,11047597219,13619318852,25.35,residential,0.154,0.162,0.4918,0.324,0.3911,MODERATE
T+120min,R-136,11047597219,13619318864,14.89,residential,0.176,0.19,0.5185,0.38,0.4354,MODERATE
T+120min,R-137,11054614468,11054614468,200.97,residential,0.133,0.146,0.5107,0.292,0.3795,MODERATE
T+120min,R-138,11054614468,11054614468,200.97,residential,0.133,0.146,0.5107,0.292,0.3795,MODERATE
T+120min,R-139,11054614468,3743617940,13.33,residential,0.119,0.119,0.4753,0.238,0.3329,MODERATE
T+120min,R-140,11054646813,11054646825,16.11,residential,0.107,0.112,0.4127,0.224,0.2995,MODERATE
T+120min,R-141,11054646813,2244637012,57.63,residential,0.145,0.184,0.4587,0.368,0.4043,MODERATE
T+120min,R-142,11054646813,622060792,14.23,residential,0.113,0.119,0.423,0.238,0.312,MODERATE
T+120min,R-143,11054646825,11054646813,16.11,residential,0.107,0.112,0.4127,0.224,0.2995,MODERATE
T+120min,R-144,11054646825,11054646825,107.16,residential,0.093,0.113,0.4011,0.226,0.296,MODERATE
T+120min,R-145,11054646825,11054646825,107.16,residential,0.093,0.113,0.4011,0.226,0.296,MODERATE
T+120min,R-146,11054673420,2244637056,46.64,residential,,,,,,UNKNOWN
T+120min,R-147,11271580571,10091403659,6.71,primary,0.123,0.123,0.5246,0.246,0.3574,MODERATE
T+120min,R-148,11271580571,13617067002,61.72,tertiary,0.133,0.148,0.5112,0.296,0.3821,MODERATE
T+120min,R-149,11368130746,7404711477,113.44,residential,0.138,0.146,0.5661,0.292,0.4016,MODERATE
T+120min,R-150,11976374939,13622308166,65.09,tertiary,0.157,0.161,0.6464,0.322,0.4518,MODERATE
T+120min,R-151,11976374939,245666426,36.9,tertiary,0.156,0.161,0.6223,0.322,0.4421,MODERATE
T+120min,R-152,12079741513,2897024615,17.64,secondary,0.118,0.119,0.6061,0.238,0.3852,MODERATE
T+120min,R-153,12079741513,6552594957,398.69,primary,0.076,0.119,0.4721,0.238,0.3316,MODERATE
T+120min,R-154,12084454212,631525434,42.28,tertiary,0.121,0.125,0.4912,0.25,0.3465,MODERATE
T+120min,R-155,12084454212,9469495781,9.2,secondary,0.122,0.124,0.5075,0.248,0.3518,MODERATE
T+120min,R-156,12243225438,245667542,141.67,trunk,0.161,0.193,0.5427,0.386,0.4487,MODERATE
T+120min,R-157,12311766936,2897024667,12.64,tertiary,0.133,0.136,0.5266,0.272,0.3738,MODERATE
T+120min,R-158,12311766936,476488948,198.12,tertiary,0.112,0.131,0.4879,0.262,0.3524,MODERATE
T+120min,R-159,12313982248,13615172966,7.68,residential,0.229,0.229,0.641,0.458,0.5312,HIGH
T+120min,R-160,12313982248,13617040693,31.44,tertiary,0.218,0.229,0.6045,0.458,0.5166,HIGH
T+120min,R-161,12313982248,13619368472,36.88,residential,0.233,0.234,0.6465,0.468,0.5394,HIGH
T+120min,R-162,12313982253,12313982254,8.92,residential,0.249,0.259,0.8477,0.518,0.6499,HIGH
T+120min,R-163,12313982253,13617040688,39.95,tertiary,0.24,0.259,0.7994,0.518,0.6306,HIGH
T+120min,R-164,12313982253,3803645219,213.14,residential,0.203,0.259,0.6655,0.518,0.577,HIGH
T+120min,R-165,12313982254,12313982253,8.92,residential,0.249,0.259,0.8477,0.518,0.6499,HIGH
T+120min,R-166,12313982254,13617040685,16.07,tertiary,0.257,0.266,0.8843,0.532,0.6729,HIGH
T+120min,R-167,12334925193,2804520131,48.26,trunk,0.175,0.183,0.6028,0.366,0.4607,MODERATE
T+120min,R-168,12334925204,10265648752,1919.79,trunk,0.164,0.253,0.5969,0.506,0.5424,HIGH
T+120min,R-169,12334925204,12334925193,324.23,trunk_link,0.126,0.193,0.4716,0.386,0.4202,MODERATE
T+120min,R-170,12350301184,245666579,14.74,tertiary,0.24,0.246,0.6131,0.492,0.5404,HIGH
T+120min,R-171,12350391111,10294725029,8.95,tertiary,0.17,0.173,0.5129,0.346,0.4128,MODERATE
T+120min,R-172,12350391111,12350391112,8.29,tertiary_link,0.173,0.174,0.5198,0.348,0.4167,MODERATE
T+120min,R-173,12350391112,12350391111,8.29,tertiary_link,0.173,0.174,0.5198,0.348,0.4167,MODERATE
T+120min,R-174,12350391112,13617092826,85.79,tertiary,0.2,0.211,0.5883,0.422,0.4885,MODERATE
T+120min,R-175,12350425034,245666579,7.73,residential,0.233,0.234,0.5978,0.468,0.5199,HIGH
T+120min,R-176,12350446596,12350446597,7.21,tertiary_link,0.138,0.139,0.5209,0.278,0.3752,MODERATE
T+120min,R-177,12350446596,13621901230,54.21,tertiary,0.165,0.188,0.5708,0.376,0.4539,MODERATE
T+120min,R-178,12350446597,12350446596,7.21,tertiary_link,0.138,0.139,0.5209,0.278,0.3752,MODERATE
T+120min,R-179,12350446597,13621901233,51.22,tertiary,0.124,0.136,0.5003,0.272,0.3633,MODERATE
T+120min,R-180,12350931355,2897024749,9.82,tertiary,,,,,,UNKNOWN
T+120min,R-181,12350931355,631507991,96.86,tertiary,,,,,,UNKNOWN
T+120min,R-182,12350931356,12350931355,8.27,tertiary,,,,,,UNKNOWN
T+120min,R-183,12378368422,12378368426,5.99,residential,0.007,0.007,0.1729,0.014,0.0776,LOW
T+120min,R-184,12378368422,6490872923,67.3,residential,0.035,0.086,0.2355,0.172,0.1974,LOW
T+120min,R-185,12378368422,6490872930,25.19,residential,0.008,0.01,0.1986,0.02,0.0914,LOW
T+120min,R-186,12378368426,12378368422,5.99,residential,0.007,0.007,0.1729,0.014,0.0776,LOW
T+120min,R-187,12378368426,245667468,17.87,residential,0.006,0.007,0.1798,0.014,0.0803,LOW
T+120min,R-188,12378368427,12378368426,25.09,residential,0.008,0.01,0.1987,0.02,0.0915,LOW
T+120min,R-189,12378368427,6490872930,6.18,residential,0.01,0.01,0.2287,0.02,0.1035,LOW
T+120min,R-190,12406085638,10384248275,2.73,trunk,0.171,0.18,0.6098,0.36,0.4599,MODERATE
T+120min,R-191,12406104882,10265662126,45.18,trunk,0.182,0.187,0.5685,0.374,0.4518,MODERATE
T+120min,R-192,12406104882,10772904744,1804.27,trunk,0.163,0.292,0.5819,0.584,0.5832,HIGH
T+120min,R-193,12406104883,12406104884,28.17,trunk_link,0.146,0.146,0.5562,0.292,0.3977,MODERATE
T+120min,R-194,12406104883,5911310878,221.94,trunk,0.144,0.162,0.556,0.324,0.4168,MODERATE
T+120min,R-195,12406104884,12406104883,28.17,trunk_link,0.146,0.146,0.5562,0.292,0.3977,MODERATE
T+120min,R-196,12406104884,245667803,483.15,trunk,0.168,0.252,0.636,0.504,0.5568,HIGH
T+120min,R-197,12406104885,10265662124,13.21,residential,0.143,0.144,0.4981,0.288,0.372,MODERATE
T+120min,R-198,12406104885,13618374677,76.32,residential,0.145,0.149,0.5276,0.298,0.3898,MODERATE
T+120min,R-199,12406104885,6428382636,156.17,residential,0.196,0.252,0.6763,0.504,0.5729,HIGH
T+120min,R-200,12486614582,11187458034,9.33,tertiary,0.147,0.147,0.4691,0.294,0.364,MODERATE
T+120min,R-201,12486614582,6428811261,4.7,tertiary,0.147,0.147,0.4691,0.294,0.364,MODERATE
T+120min,R-202,12486614584,12486614582,7.27,tertiary,0.147,0.147,0.4691,0.294,0.364,MODERATE
T+120min,R-203,12756633089,10924277272,92.32,residential,0.141,0.163,0.462,0.326,0.3804,MODERATE
T+120min,R-204,12756633089,10924277272,156.13,residential,0.189,0.224,0.5697,0.448,0.4967,MODERATE
T+120min,R-205,12756633089,6428382636,95.51,residential,0.171,0.197,0.5296,0.394,0.4482,MODERATE
T+120min,R-206,13093786757,12334925204,88.97,trunk,0.128,0.135,0.5039,0.27,0.3636,MODERATE
T+120min,R-207,13398075180,13398075181,14.55,tertiary_link,0.184,0.194,0.6197,0.388,0.4807,MODERATE
T+120min,R-208,13398075180,13615156514,94.7,tertiary,0.203,0.217,0.6821,0.434,0.5332,HIGH
T+120min,R-209,13398075181,13398075180,14.55,tertiary_link,0.184,0.194,0.6197,0.388,0.4807,MODERATE
T+120min,R-210,13398075181,13615156517,225.3,tertiary,0.203,0.245,0.6937,0.49,0.5715,HIGH
T+120min,R-211,13408237102,13408237103,70.39,residential,0.063,0.149,0.2863,0.298,0.2933,MODERATE
T+120min,R-212,13408237102,13408237104,42.66,residential,0.149,0.157,0.542,0.314,0.4052,MODERATE
T+120min,R-213,13408237102,2244637007,132.8,residential,0.117,0.163,0.469,0.326,0.3832,MODERATE
T+120min,R-214,13408237103,13408237102,70.39,residential,0.063,0.149,0.2863,0.298,0.2933,MODERATE
T+120min,R-215,13408237104,13408237102,42.66,residential,0.149,0.157,0.542,0.314,0.4052,MODERATE
T+120min,R-216,13408237104,13408237105,47.79,residential,0.134,0.147,0.5112,0.294,0.3809,MODERATE
T+120min,R-217,13408237104,13503191895,25.54,residential,0.134,0.143,0.5401,0.286,0.3876,MODERATE
T+120min,R-218,13408237105,13408237104,47.79,residential,0.134,0.147,0.5112,0.294,0.3809,MODERATE
T+120min,R-219,13433910625,13433910629,61.65,residential,0.164,0.176,0.526,0.352,0.4216,MODERATE
T+120min,R-220,13433910625,2804481652,96.83,trunk,0.134,0.146,0.5027,0.292,0.3763,MODERATE
T+120min,R-221,13433910628,13433910629,44.95,residential,0.205,0.237,0.5707,0.474,0.5127,HIGH
T+120min,R-222,13433910629,13433910625,61.65,residential,0.164,0.176,0.526,0.352,0.4216,MODERATE
T+120min,R-223,13433910629,13433910628,44.95,residential,0.205,0.237,0.5707,0.474,0.5127,HIGH
T+120min,R-224,13433910629,13433910631,74.18,residential,0.167,0.176,0.6028,0.352,0.4523,MODERATE
T+120min,R-225,13433910631,13433910629,74.18,residential,0.167,0.176,0.6028,0.352,0.4523,MODERATE
T+120min,R-226,13503191895,13408237104,25.54,residential,0.134,0.143,0.5401,0.286,0.3876,MODERATE
T+120min,R-227,13503191895,13503253504,105.22,residential,0.14,0.157,0.5158,0.314,0.3947,MODERATE
T+120min,R-228,13503191895,3743617940,12.31,residential,0.122,0.125,0.4944,0.25,0.3478,MODERATE
T+120min,R-229,13503253504,13503191895,105.22,residential,0.14,0.157,0.5157,0.314,0.3947,MODERATE
T+120min,R-230,13601073293,13619507487,103.13,residential,0.233,0.247,0.6966,0.494,0.575,HIGH
T+120min,R-231,13601073293,2244797686,20.6,residential,0.228,0.239,0.6713,0.478,0.5553,HIGH
T+120min,R-232,13601073293,622039341,110.41,residential,0.239,0.248,0.7272,0.496,0.5885,HIGH
T+120min,R-233,13614337239,13614337241,98.86,residential,0.106,0.149,0.4453,0.298,0.3569,MODERATE
T+120min,R-234,13614337239,13614337242,79.05,residential,0.096,0.134,0.4207,0.268,0.3291,MODERATE
T+120min,R-235,13614337239,245666192,132.84,residential,0.175,0.208,0.6408,0.416,0.5059,HIGH
T+120min,R-236,13614337241,13614337239,98.86,residential,0.106,0.149,0.4453,0.298,0.3569,MODERATE
T+120min,R-237,13614337241,13614337242,21.79,residential,0.075,0.076,0.4171,0.152,0.258,MODERATE
T+120min,R-238,13614337241,13614337249,19.66,residential,0.077,0.078,0.4194,0.156,0.2614,MODERATE
T+120min,R-239,13614337242,13614337239,79.05,residential,0.096,0.134,0.4207,0.268,0.3291,MODERATE
T+120min,R-240,13614337242,13614337241,21.79,residential,0.075,0.076,0.4171,0.152,0.258,MODERATE
T+120min,R-241,13614337242,6585962883,16.14,residential,0.075,0.075,0.4159,0.15,0.2564,MODERATE
T+120min,R-242,13614337247,13614337249,39.04,residential,0.079,0.082,0.4256,0.164,0.2686,MODERATE
T+120min,R-243,13614337247,6585962883,14.99,residential,0.075,0.075,0.4196,0.15,0.2578,MODERATE
T+120min,R-244,13614337247,6585998686,76.41,residential,0.087,0.102,0.5155,0.204,0.3286,MODERATE
T+120min,R-245,13614337249,13614337241,19.66,residential,0.077,0.078,0.4194,0.156,0.2614,MODERATE
T+120min,R-246,13614337249,13614337247,39.04,residential,0.079,0.082,0.4256,0.164,0.2686,MODERATE
T+120min,R-247,13614337249,6585962883,27.32,residential,0.075,0.077,0.4173,0.154,0.2593,MODERATE
T+120min,R-248,13614452347,13614452359,54.31,trunk,0.215,0.221,0.6866,0.442,0.5398,HIGH
T+120min,R-249,13614452347,13614452359,139.79,residential,0.19,0.221,0.6267,0.442,0.5159,HIGH
T+120min,R-250,13614452359,13614452347,139.79,residential,0.19,0.221,0.6267,0.442,0.5159,HIGH
T+120min,R-251,13614452359,9691859215,22.47,trunk,0.208,0.21,0.6501,0.42,0.512,HIGH
T+120min,R-252,13614466650,13614466653,18.75,residential,0.158,0.166,0.4899,0.332,0.3952,MODERATE
T+120min,R-253,13614466650,13614466656,25.02,residential,0.144,0.152,0.4664,0.304,0.369,MODERATE
T+120min,R-254,13614466650,13614467518,4.31,residential,0.149,0.149,0.4818,0.298,0.3715,MODERATE
T+120min,R-255,13614466653,13614466650,18.75,residential,0.158,0.166,0.4899,0.332,0.3952,MODERATE
T+120min,R-256,13614466656,13614466650,25.02,residential,0.144,0.152,0.4664,0.304,0.369,MODERATE
T+120min,R-257,13614467518,13614466650,4.31,residential,0.149,0.149,0.4818,0.298,0.3715,MODERATE
T+120min,R-258,13614467518,3743617937,34.2,residential,0.173,0.19,0.531,0.38,0.4404,MODERATE
T+120min,R-259,13614467518,3743617940,37.51,residential,0.129,0.149,0.4662,0.298,0.3653,MODERATE
T+120min,R-260,13615156514,12243225438,121.44,tertiary,0.219,0.229,0.7111,0.458,0.5592,HIGH
T+120min,R-261,13615156514,13615156515,14.84,tertiary_link,0.215,0.217,0.7156,0.434,0.5466,HIGH
T+120min,R-262,13615156515,13398075181,93.56,tertiary,0.189,0.212,0.5789,0.424,0.486,MODERATE
T+120min,R-263,13615156515,13615156514,14.84,tertiary_link,0.215,0.217,0.7156,0.434,0.5466,HIGH
T+120min,R-264,13615156516,13398075180,222.42,tertiary,0.208,0.245,0.7252,0.49,0.5841,HIGH
T+120min,R-265,13615156516,13615156517,13.96,tertiary_link,0.134,0.134,0.4702,0.268,0.3489,MODERATE
T+120min,R-266,13615156517,13615156516,13.96,tertiary_link,0.134,0.134,0.4702,0.268,0.3489,MODERATE
T+120min,R-267,13615156517,13615156519,71.54,tertiary,0.099,0.134,0.4166,0.268,0.3274,MODERATE
T+120min,R-268,13615156518,13615156516,70.36,tertiary,0.098,0.134,0.4227,0.268,0.3299,MODERATE
T+120min,R-269,13615156518,13615156519,14.51,tertiary_link,0.07,0.075,0.3817,0.15,0.2427,LOW
T+120min,R-270,13615156519,13615156518,14.51,tertiary_link,0.07,0.075,0.3817,0.15,0.2427,LOW
T+120min,R-271,13615156519,6554302593,140.77,tertiary,0.079,0.091,0.4343,0.182,0.2829,MODERATE
T+120min,R-272,13615156523,245666274,24.14,secondary,0.07,0.072,0.4127,0.144,0.2515,MODERATE
T+120min,R-273,13615156523,2897024625,234.8,secondary,0.095,0.128,0.4435,0.256,0.331,MODERATE
T+120min,R-274,13615172965,13617040696,36.73,tertiary,0.213,0.225,0.6811,0.45,0.5424,HIGH
T+120min,R-275,13615172965,9469523484,5.42,residential,0.226,0.228,0.7875,0.456,0.5886,HIGH
T+120min,R-276,13615172966,12313982248,7.68,residential,0.229,0.229,0.641,0.458,0.5312,HIGH
T+120min,R-277,13615172966,13617040692,56.23,tertiary,0.226,0.23,0.6219,0.46,0.5248,HIGH
T+120min,R-278,13616287392,10055232024,9.75,residential,0.242,0.244,0.574,0.488,0.5224,HIGH
T+120min,R-279,13616287392,5896564331,27.84,tertiary,0.239,0.244,0.577,0.488,0.5236,HIGH
T+120min,R-280,13616287393,13616287394,7.99,tertiary_link,0.178,0.179,0.5528,0.358,0.4359,MODERATE
T+120min,R-281,13616287393,6428617352,19.54,tertiary,0.167,0.179,0.5343,0.358,0.4285,MODERATE
T+120min,R-282,13616287394,13616287393,7.99,tertiary_link,0.178,0.179,0.5528,0.358,0.4359,MODERATE
T+120min,R-283,13616287394,2897024748,235.5,tertiary,0.204,0.222,0.5934,0.444,0.5038,HIGH
T+120min,R-284,13616287395,2897024710,60.06,tertiary,0.122,0.133,0.4904,0.266,0.3558,MODERATE
T+120min,R-285,13616287395,2897024713,8.37,residential,0.121,0.123,0.4778,0.246,0.3387,MODERATE
T+120min,R-286,13616325515,10091403656,6.09,tertiary_link,0.219,0.219,0.751,0.438,0.5632,HIGH
T+120min,R-287,13616325515,245666192,30.94,tertiary,0.213,0.219,0.7534,0.438,0.5642,HIGH
T+120min,R-288,13616325516,13617040697,25.39,tertiary,0.185,0.195,0.5404,0.39,0.4502,MODERATE
T+120min,R-289,13616325516,3803643818,5.12,residential,0.185,0.185,0.5466,0.37,0.4406,MODERATE
T+120min,R-290,13617034594,631507968,130.89,secondary,0.093,0.115,0.5139,0.23,0.3436,MODERATE
T+120min,R-291,13617040678,13617040684,74.61,tertiary,0.205,0.209,0.5928,0.418,0.4879,MODERATE
T+120min,R-292,13617040678,7372035744,13.12,tertiary,0.215,0.221,0.5718,0.442,0.4939,MODERATE
T+120min,R-293,13617040682,10724726259,6.53,residential,0.207,0.207,0.6116,0.414,0.493,MODERATE
T+120min,R-294,13617040682,13617092827,10.26,tertiary,0.207,0.209,0.6268,0.418,0.5015,HIGH
T+120min,R-295,13617040682,13617092837,22.96,residential,0.202,0.207,0.6006,0.414,0.4886,MODERATE
T+120min,R-296,13617040683,13617040678,75.06,tertiary,0.207,0.21,0.5962,0.42,0.4905,MODERATE
T+120min,R-297,13617040683,13617040684,5.21,tertiary_link,0.209,0.209,0.6111,0.418,0.4952,MODERATE
T+120min,R-298,13617040684,13617040682,57.9,tertiary,0.208,0.211,0.6118,0.422,0.4979,MODERATE
T+120min,R-299,13617040684,13617040683,5.21,tertiary_link,0.209,0.209,0.6111,0.418,0.4952,MODERATE
T+120min,R-300,13617040685,10724781030,33.11,tertiary,0.26,0.266,0.8783,0.532,0.6705,HIGH
T+120min,R-301,13617040685,13617040686,7.84,tertiary_link,0.266,0.266,0.9184,0.532,0.6866,HIGH
T+120min,R-302,13617040686,12313982253,16.49,tertiary,0.263,0.266,0.9032,0.532,0.6805,HIGH
T+120min,R-303,13617040686,13617040685,7.84,tertiary_link,0.266,0.266,0.9184,0.532,0.6866,HIGH
T+120min,R-304,13617040687,12313982254,40.09,tertiary,0.226,0.24,0.7451,0.48,0.586,HIGH
T+120min,R-305,13617040687,13617040688,8.16,tertiary_link,0.214,0.214,0.7397,0.428,0.5527,HIGH
T+120min,R-306,13617040688,13617040687,8.16,tertiary_link,0.214,0.214,0.7397,0.428,0.5527,HIGH
T+120min,R-307,13617040688,13617040689,79.85,tertiary,0.209,0.225,0.6995,0.45,0.5498,HIGH
T+120min,R-308,13617040689,13617040690,8.4,tertiary_link,0.225,0.225,0.6509,0.45,0.5304,HIGH
T+120min,R-309,13617040689,13617040691,24.3,tertiary,0.228,0.23,0.6637,0.46,0.5415,HIGH
T+120min,R-310,13617040690,13617040687,79.46,tertiary,0.203,0.225,0.659,0.45,0.5336,HIGH
T+120min,R-311,13617040690,13617040689,8.4,tertiary_link,0.225,0.225,0.6509,0.45,0.5304,HIGH
T+120min,R-312,13617040691,12313982248,56.77,tertiary,0.229,0.232,0.6236,0.464,0.5278,HIGH
T+120min,R-313,13617040691,13617040692,8.25,tertiary_link,0.226,0.227,0.6113,0.454,0.5169,HIGH
T+120min,R-314,13617040692,13617040690,24.5,tertiary,0.226,0.228,0.6433,0.456,0.5309,HIGH
T+120min,R-315,13617040692,13617040691,8.25,tertiary_link,0.226,0.227,0.6113,0.454,0.5169,HIGH
T+120min,R-316,13617040693,13617040694,7.62,tertiary_link,0.201,0.204,0.5603,0.408,0.4689,MODERATE
T+120min,R-317,13617040693,3193827831,35.57,tertiary,0.19,0.204,0.5447,0.408,0.4627,MODERATE
T+120min,R-318,13617040694,13615172966,31.47,tertiary,0.214,0.229,0.6003,0.458,0.5149,HIGH
T+120min,R-319,13617040694,13617040693,7.62,tertiary_link,0.201,0.204,0.5603,0.408,0.4689,MODERATE
T+120min,R-320,13617040695,13617040696,5.23,tertiary_link,0.202,0.205,0.5629,0.41,0.4712,MODERATE
T+120min,R-321,13617040695,9469523484,37.41,tertiary,0.216,0.228,0.6898,0.456,0.5495,HIGH
T+120min,R-322,13617040696,13616325516,32.27,tertiary,0.188,0.2,0.5432,0.4,0.4573,MODERATE
T+120min,R-323,13617040696,13617040695,5.23,tertiary_link,0.202,0.205,0.5629,0.41,0.4712,MODERATE
T+120min,R-324,13617040697,10091403662,35.41,tertiary,0.182,0.184,0.5394,0.368,0.4366,MODERATE
T+120min,R-325,13617040697,245666370,6.68,tertiary_link,0.188,0.195,0.5431,0.39,0.4512,MODERATE
T+120min,R-326,13617067002,10091403664,125.59,tertiary,0.186,0.208,0.7127,0.416,0.5347,HIGH
T+120min,R-327,13617067002,245666077,5.65,tertiary_link,0.151,0.154,0.5326,0.308,0.3978,MODERATE
T+120min,R-328,13617092826,10724726259,9.92,tertiary,0.208,0.21,0.6221,0.42,0.5008,HIGH
T+120min,R-329,13617092826,13617092827,6.9,residential,0.209,0.21,0.6405,0.42,0.5082,HIGH
T+120min,R-330,13617092827,12350391111,86.31,tertiary,0.199,0.212,0.5815,0.424,0.487,MODERATE
T+120min,R-331,13617092827,13617092826,6.9,residential,0.209,0.21,0.6405,0.42,0.5082,HIGH
T+120min,R-332,13617092827,13617092838,23.35,residential,0.208,0.21,0.6323,0.42,0.5049,HIGH
T+120min,R-333,13617092832,13617092835,63.86,residential,0.187,0.202,0.5573,0.404,0.4653,MODERATE
T+120min,R-334,13617092832,13617092836,59.88,residential,0.189,0.202,0.5595,0.404,0.4662,MODERATE
T+120min,R-335,13617092832,13617550909,156.58,residential,0.243,0.268,0.7102,0.536,0.6057,HIGH
T+120min,R-336,13617092835,13617092832,63.86,residential,0.187,0.202,0.5573,0.404,0.4653,MODERATE
T+120min,R-337,13617092835,13617092836,6.33,residential,0.188,0.188,0.5595,0.376,0.4494,MODERATE
T+120min,R-338,13617092835,13617092838,176.09,residential,0.205,0.246,0.6576,0.492,0.5582,HIGH
T+120min,R-339,13617092836,13617092832,59.88,residential,0.189,0.202,0.5595,0.404,0.4662,MODERATE
T+120min,R-340,13617092836,13617092835,6.33,residential,0.188,0.188,0.5595,0.376,0.4494,MODERATE
T+120min,R-341,13617092836,13617092837,176.37,residential,0.201,0.245,0.6495,0.49,0.5538,HIGH
T+120min,R-342,13617092837,13617040682,22.96,residential,0.202,0.207,0.6006,0.414,0.4886,MODERATE
T+120min,R-343,13617092837,13617092836,176.37,residential,0.201,0.245,0.6495,0.49,0.5538,HIGH
T+120min,R-344,13617092837,13617092838,9.69,residential,0.204,0.21,0.6056,0.42,0.4942,MODERATE
T+120min,R-345,13617092838,13617092827,23.35,residential,0.208,0.21,0.6323,0.42,0.5049,HIGH
T+120min,R-346,13617092838,13617092835,176.09,residential,0.205,0.246,0.6576,0.492,0.5582,HIGH
T+120min,R-347,13617092838,13617092837,9.69,residential,0.204,0.21,0.6056,0.42,0.4942,MODERATE
T+120min,R-348,13617092839,6428811263,5.46,tertiary,0.196,0.196,0.6164,0.392,0.4818,MODERATE
T+120min,R-349,13617092839,8570027362,42.87,residential,0.188,0.196,0.5766,0.392,0.4658,MODERATE
T+120min,R-350,13617092840,6428811262,6.78,tertiary,0.195,0.196,0.6082,0.392,0.4785,MODERATE
T+120min,R-351,13617092840,6428811270,95.73,tertiary,0.179,0.195,0.5802,0.39,0.4661,MODERATE
T+120min,R-352,13617280082,13617280087,38.42,residential,,,,,,UNKNOWN
T+120min,R-353,13617280082,13617327485,128.75,residential,0.168,0.208,0.5462,0.416,0.4681,MODERATE
T+120min,R-354,13617280082,245668208,44.67,residential,,,,,,UNKNOWN
T+120min,R-355,13617280087,13617280082,38.42,residential,,,,,,UNKNOWN
T+120min,R-356,13617292720,13617292726,31.17,residential,,,,,,UNKNOWN
T+120min,R-357,13617292720,13617292726,44.62,residential,,,,,,UNKNOWN
T+120min,R-358,13617292720,13617292729,12.94,residential,,,,,,UNKNOWN
T+120min,R-359,13617292726,10923690293,6.68,residential,,,,,,UNKNOWN
T+120min,R-360,13617292726,13617292720,44.62,residential,,,,,,UNKNOWN
T+120min,R-361,13617292726,13617292720,31.17,residential,,,,,,UNKNOWN
T+120min,R-362,13617292729,10923690293,36.91,residential,,,,,,UNKNOWN
T+120min,R-363,13617292729,13617292720,12.94,residential,,,,,,UNKNOWN
T+120min,R-364,13617292729,623895532,50.08,residential,,,,,,UNKNOWN
T+120min,R-365,13617327485,13617280082,128.75,residential,0.168,0.208,0.5462,0.416,0.4681,MODERATE
T+120min,R-366,13617327485,13617327487,13.04,residential,0.131,0.134,0.4955,0.268,0.359,MODERATE
T+120min,R-367,13617327485,7404711477,52.26,residential,0.139,0.144,0.534,0.288,0.3864,MODERATE
T+120min,R-368,13617327487,13617327485,13.04,residential,0.131,0.134,0.4955,0.268,0.359,MODERATE
T+120min,R-369,13617327487,13617327487,99.62,residential,0.132,0.141,0.4821,0.282,0.362,MODERATE
T+120min,R-370,13617327487,13617327487,99.62,residential,0.132,0.141,0.4821,0.282,0.362,MODERATE
T+120min,R-371,13617483789,13617483791,5.29,tertiary,0.206,0.215,0.6152,0.43,0.5041,HIGH
T+120min,R-372,13617483791,13617483792,2.64,tertiary,0.215,0.215,0.6306,0.43,0.5102,HIGH
T+120min,R-373,13617483791,13619318866,100.36,residential,0.209,0.26,0.5852,0.52,0.5461,HIGH
T+120min,R-374,13617483792,13617550909,20.4,residential,0.225,0.239,0.6628,0.478,0.5519,HIGH
T+120min,R-375,13617483792,13617550913,9.91,tertiary,0.213,0.22,0.6426,0.44,0.521,HIGH
T+120min,R-376,13617483794,13617550919,9.35,tertiary,0.194,0.203,0.6171,0.406,0.4904,MODERATE
T+120min,R-377,13617483794,13617550927,24.58,tertiary,0.187,0.203,0.6138,0.406,0.4891,MODERATE
T+120min,R-378,13617550905,13617483789,8.06,tertiary,0.196,0.196,0.5993,0.392,0.4749,MODERATE
T+120min,R-379,13617550905,13617550915,26.3,tertiary,0.169,0.196,0.5324,0.392,0.4482,MODERATE
T+120min,R-380,13617550909,13617092832,156.58,residential,0.243,0.268,0.7102,0.536,0.6057,HIGH
T+120min,R-381,13617550909,13617550913,21.05,residential,0.221,0.239,0.663,0.478,0.552,HIGH
T+120min,R-382,13617550913,13617483794,3.32,tertiary,0.203,0.203,0.6339,0.406,0.4972,MODERATE
T+120min,R-383,13617550915,245666158,28.38,tertiary,0.137,0.151,0.4665,0.302,0.3678,MODERATE
T+120min,R-384,13617550915,7365871208,7.27,tertiary_link,0.159,0.166,0.4872,0.332,0.3941,MODERATE
T+120min,R-385,13617550919,13617550905,12.15,tertiary,0.186,0.196,0.5885,0.392,0.4706,MODERATE
T+120min,R-386,13617550926,13617550919,19.52,tertiary,0.177,0.186,0.5892,0.372,0.4589,MODERATE
T+120min,R-387,13617550926,13617550927,7.96,tertiary_link,0.168,0.169,0.591,0.338,0.4392,MODERATE
T+120min,R-388,13617550927,13617550926,7.96,tertiary_link,0.168,0.169,0.591,0.338,0.4392,MODERATE
T+120min,R-389,13617550927,13617550929,85.37,tertiary,0.141,0.167,0.5309,0.334,0.4128,MODERATE
T+120min,R-390,13617550928,13617550926,86.76,tertiary,0.139,0.169,0.5268,0.338,0.4135,MODERATE
T+120min,R-391,13617550928,13617550929,14.72,residential,0.116,0.119,0.4521,0.238,0.3236,MODERATE
T+120min,R-392,13617550928,13618123059,16.53,residential,0.113,0.114,0.452,0.228,0.3176,MODERATE
T+120min,R-393,13617550929,13617550923,27.06,tertiary,0.117,0.119,0.483,0.238,0.336,MODERATE
T+120min,R-394,13617550929,13617550928,14.72,residential,0.116,0.119,0.4521,0.238,0.3236,MODERATE
T+120min,R-395,13618123059,13617550928,16.53,residential,0.113,0.114,0.452,0.228,0.3176,MODERATE
T+120min,R-396,13618123059,13618123066,49.46,residential,0.114,0.119,0.4662,0.238,0.3293,MODERATE
T+120min,R-397,13618123059,13618123089,18.89,residential,0.109,0.11,0.4489,0.22,0.3116,MODERATE
T+120min,R-398,13618123066,13618123059,49.46,residential,0.114,0.119,0.4662,0.238,0.3293,MODERATE
T+120min,R-399,13618123066,13618123089,14.18,residential,0.11,0.111,0.4591,0.222,0.3168,MODERATE
T+120min,R-400,13618123066,13618123089,137.56,residential,0.099,0.111,0.4416,0.222,0.3098,MODERATE
T+120min,R-401,13618123089,13618123059,18.89,residential,0.109,0.11,0.4489,0.22,0.3116,MODERATE
T+120min,R-402,13618123089,13618123066,14.18,residential,0.11,0.111,0.4591,0.222,0.3168,MODERATE
T+120min,R-403,13618123089,13618123066,137.56,residential,0.099,0.111,0.4416,0.222,0.3098,MODERATE
T+120min,R-404,13618156305,13618156307,29.01,residential,0.088,0.092,0.3963,0.184,0.2689,MODERATE
T+120min,R-405,13618156307,13617550928,62.17,tertiary,0.106,0.114,0.4561,0.228,0.3192,MODERATE
T+120min,R-406,13618156307,13618156305,29.01,residential,0.088,0.092,0.3962,0.184,0.2689,MODERATE
T+120min,R-407,13618292019,13618292025,19.65,residential,0.004,0.005,0.1554,0.01,0.0682,LOW
T+120min,R-408,13618292019,13618292027,7.85,residential,0.005,0.006,0.166,0.012,0.0736,LOW
T+120min,R-409,13618292019,245667468,4.23,residential,0.005,0.006,0.1804,0.012,0.0794,LOW
T+120min,R-410,13618292025,10111287875,47.89,residential,0.015,0.045,0.1573,0.09,0.1169,LOW
T+120min,R-411,13618292025,13618292019,19.65,residential,0.004,0.005,0.1554,0.01,0.0682,LOW
T+120min,R-412,13618292025,13618292030,12.03,residential,0.003,0.003,0.1223,0.006,0.0525,LOW
T+120min,R-413,13618292027,13618292019,7.85,residential,0.005,0.006,0.166,0.012,0.0736,LOW
T+120min,R-414,13618292027,13618292030,51.24,residential,0.008,0.016,0.1448,0.032,0.0771,LOW
T+120min,R-415,13618292027,13618292030,20.74,residential,0.005,0.006,0.1348,0.012,0.0611,LOW
T+120min,R-416,13618292030,13618292025,12.03,residential,0.003,0.003,0.1223,0.006,0.0525,LOW
T+120min,R-417,13618292030,13618292027,51.24,residential,0.008,0.016,0.1448,0.032,0.0771,LOW
T+120min,R-418,13618292030,13618292027,20.74,residential,0.005,0.006,0.1348,0.012,0.0611,LOW
T+120min,R-419,13618347449,245667863,266.41,secondary,0.123,0.211,0.494,0.422,0.4508,MODERATE
T+120min,R-420,13618347449,7366246694,174.97,residential,0.103,0.14,0.421,0.28,0.3364,MODERATE
T+120min,R-421,13618374654,13618374655,19.09,residential,0.139,0.14,0.5171,0.28,0.3748,MODERATE
T+120min,R-422,13618374655,13618374654,19.09,residential,0.139,0.14,0.5171,0.28,0.3748,MODERATE
T+120min,R-423,13618374655,13618374657,21.38,residential,0.143,0.145,0.5376,0.29,0.389,MODERATE
T+120min,R-424,13618374655,13618374664,69.05,residential,0.145,0.146,0.575,0.292,0.4052,MODERATE
T+120min,R-425,13618374655,6598052694,16.18,residential,0.138,0.14,0.5104,0.28,0.3722,MODERATE
T+120min,R-426,13618374656,13618374657,15.18,residential,0.145,0.145,0.5539,0.29,0.3956,MODERATE
T+120min,R-427,13618374657,13618374655,21.38,residential,0.143,0.145,0.5376,0.29,0.389,MODERATE
T+120min,R-428,13618374657,13618374656,15.18,residential,0.145,0.145,0.5539,0.29,0.3956,MODERATE
T+120min,R-429,13618374657,5911310880,39.28,residential,0.14,0.144,0.5342,0.288,0.3865,MODERATE
T+120min,R-430,13618374664,13618374655,69.05,residential,0.145,0.146,0.575,0.292,0.4052,MODERATE
T+120min,R-431,13618374670,5911310880,65.19,residential,0.147,0.152,0.5539,0.304,0.404,MODERATE
T+120min,R-432,13618374671,13618374676,66.12,residential,0.15,0.159,0.591,0.318,0.4272,MODERATE
T+120min,R-433,13618374671,13618374677,45.51,residential,0.153,0.157,0.6557,0.314,0.4507,MODERATE
T+120min,R-434,13618374671,13618374681,26.7,residential,0.15,0.157,0.6176,0.314,0.4354,MODERATE
T+120min,R-435,13618374676,13618374671,66.12,residential,0.15,0.159,0.591,0.318,0.4272,MODERATE
T+120min,R-436,13618374676,13618374681,42.66,residential,0.139,0.141,0.5199,0.282,0.3772,MODERATE
T+120min,R-437,13618374676,5911310880,18.15,residential,0.139,0.139,0.5159,0.278,0.3732,MODERATE
T+120min,R-438,13618374677,12406104885,76.32,residential,0.145,0.149,0.5276,0.298,0.3898,MODERATE
T+120min,R-439,13618374677,13618374671,45.51,residential,0.153,0.157,0.6557,0.314,0.4507,MODERATE
T+120min,R-440,13618374677,13618374681,71.66,residential,0.151,0.156,0.6489,0.312,0.4468,MODERATE
T+120min,R-441,13618374677,13618374689,57.67,residential,0.163,0.196,0.5778,0.392,0.4663,MODERATE
T+120min,R-442,13618374681,13618374671,26.7,residential,0.15,0.157,0.6176,0.314,0.4354,MODERATE
T+120min,R-443,13618374681,13618374676,42.66,residential,0.139,0.141,0.5199,0.282,0.3772,MODERATE
T+120min,R-444,13618374681,13618374677,71.66,residential,0.151,0.156,0.6489,0.312,0.4468,MODERATE
T+120min,R-445,13618374689,13618374677,57.67,residential,0.163,0.196,0.5778,0.392,0.4663,MODERATE
T+120min,R-446,13618395293,13618395297,51.09,residential,0.232,0.245,0.8065,0.49,0.6166,HIGH
T+120min,R-447,13618395297,13618395293,51.09,residential,0.232,0.245,0.8065,0.49,0.6166,HIGH
T+120min,R-448,13618395297,13618395298,20.21,residential,0.232,0.241,0.7724,0.482,0.5982,HIGH
T+120min,R-449,13618395297,13618399201,8.18,residential,0.244,0.248,0.8363,0.496,0.6321,HIGH
T+120min,R-450,13618395298,13618395297,20.21,residential,0.232,0.241,0.7724,0.482,0.5982,HIGH
T+120min,R-451,13618399201,13618395297,8.18,residential,0.244,0.248,0.8363,0.496,0.6321,HIGH
T+120min,R-452,13618399201,13619536860,52.8,residential,0.242,0.248,0.7904,0.496,0.6138,HIGH
T+120min,R-453,13618399201,5911310871,121.31,residential,0.206,0.248,0.7294,0.496,0.5894,HIGH
T+120min,R-454,13618414606,13618414607,23.83,residential,0.176,0.191,0.5204,0.382,0.4374,MODERATE
T+120min,R-455,13618414606,13618414607,62.6,residential,0.176,0.191,0.5361,0.382,0.4436,MODERATE
T+120min,R-456,13618414606,7365813760,13.43,residential,0.164,0.167,0.5017,0.334,0.4011,MODERATE
T+120min,R-457,13618414607,13618414606,23.83,residential,0.176,0.191,0.5204,0.382,0.4374,MODERATE
T+120min,R-458,13618414607,13618414606,62.6,residential,0.176,0.191,0.5361,0.382,0.4436,MODERATE
T+120min,R-459,13618414607,622039345,7.6,residential,0.194,0.196,0.5447,0.392,0.4531,MODERATE
T+120min,R-460,13619237603,13619237606,18.82,residential,0.178,0.185,0.5149,0.37,0.428,MODERATE
T+120min,R-461,13619237603,13619237610,13.31,residential,0.182,0.185,0.5216,0.37,0.4306,MODERATE
T+120min,R-462,13619237603,622039354,70.45,residential,0.201,0.221,0.5666,0.442,0.4918,MODERATE
T+120min,R-463,13619237606,13619237603,18.82,residential,0.178,0.185,0.5149,0.37,0.428,MODERATE
T+120min,R-464,13619237610,13619237603,13.31,residential,0.182,0.185,0.5216,0.37,0.4306,MODERATE
T+120min,R-465,13619237610,622039345,8.4,residential,0.188,0.196,0.5331,0.392,0.4484,MODERATE
T+120min,R-466,13619237610,7365813760,16.55,residential,0.173,0.179,0.512,0.358,0.4196,MODERATE
T+120min,R-467,13619239364,13619239365,12.26,residential,,,,,,UNKNOWN
T+120min,R-468,13619239364,13619239367,21.43,residential,,,,,,UNKNOWN
T+120min,R-469,13619239364,13619239369,8.07,residential,,,,,,UNKNOWN
T+120min,R-470,13619239365,13619239364,12.26,residential,,,,,,UNKNOWN
T+120min,R-471,13619239367,13619239364,21.43,residential,,,,,,UNKNOWN
T+120min,R-472,13619239367,13619239369,15.13,residential,,,,,,UNKNOWN
T+120min,R-473,13619239367,245668277,186.93,tertiary,0.149,0.149,0.4876,0.298,0.3738,MODERATE
T+120min,R-474,13619239369,13619239364,8.07,residential,,,,,,UNKNOWN
T+120min,R-475,13619239369,13619239367,15.13,residential,,,,,,UNKNOWN
T+120min,R-476,13619239369,245668324,14.91,residential,,,,,,UNKNOWN
T+120min,R-477,13619243522,13619243523,12.05,residential,,,,,,UNKNOWN
T+120min,R-478,13619243522,13619243545,57.33,residential,,,,,,UNKNOWN
T+120min,R-479,13619243522,9445072347,55.21,residential,,,,,,UNKNOWN
T+120min,R-480,13619243523,13619243551,124.29,residential,,,,,,UNKNOWN
T+120min,R-481,13619243544,13619243551,17.82,residential,,,,,,UNKNOWN
T+120min,R-482,13619243545,13619243522,57.33,residential,,,,,,UNKNOWN
T+120min,R-483,13619243545,245668324,58.86,residential,,,,,,UNKNOWN
T+120min,R-484,13619243551,13619243523,124.29,residential,,,,,,UNKNOWN
T+120min,R-485,13619243551,13619243544,17.82,residential,,,,,,UNKNOWN
T+120min,R-486,13619243551,13619243558,33.83,residential,,,,,,UNKNOWN
T+120min,R-487,13619243558,13619243545,14.22,residential,,,,,,UNKNOWN
T+120min,R-488,13619243558,13619243551,33.83,residential,,,,,,UNKNOWN
T+120min,R-489,13619318851,11047597219,57.84,residential,0.155,0.181,0.4893,0.362,0.4129,MODERATE
T+120min,R-490,13619318851,13619318852,35.19,residential,0.138,0.15,0.4675,0.3,0.367,MODERATE
T+120min,R-491,13619318851,13619318853,26.52,residential,0.121,0.124,0.4562,0.248,0.3313,MODERATE
T+120min,R-492,13619318852,11047597219,25.35,residential,0.154,0.162,0.4918,0.324,0.3911,MODERATE
T+120min,R-493,13619318852,13619318851,35.19,residential,0.138,0.15,0.4675,0.3,0.367,MODERATE
T+120min,R-494,13619318852,245666191,13.1,residential,0.146,0.15,0.4765,0.3,0.3706,MODERATE
T+120min,R-495,13619318853,13619318851,26.52,residential,0.121,0.124,0.4562,0.248,0.3313,MODERATE
T+120min,R-496,13619318853,13619318854,10.45,tertiary,0.116,0.118,0.4615,0.236,0.3262,MODERATE
T+120min,R-497,13619318853,245666158,9.0,tertiary,0.121,0.125,0.4593,0.25,0.3337,MODERATE
T+120min,R-498,13619318854,13619318853,10.45,tertiary,0.116,0.118,0.4615,0.236,0.3262,MODERATE
T+120min,R-499,13619318854,13621886870,97.18,tertiary,0.128,0.152,0.4839,0.304,0.376,MODERATE
T+120min,R-500,13619318854,245666191,61.43,residential,0.123,0.142,0.4603,0.284,0.3545,MODERATE
T+120min,R-501,13619318864,11047597219,14.89,residential,0.176,0.19,0.5185,0.38,0.4354,MODERATE
T+120min,R-502,13619318864,13619318864,89.56,residential,0.215,0.254,0.5788,0.508,0.5363,HIGH
T+120min,R-503,13619318864,13619318864,89.56,residential,0.215,0.254,0.5788,0.508,0.5363,HIGH
T+120min,R-504,13619318866,13617483791,100.36,residential,0.209,0.26,0.5852,0.52,0.5461,HIGH
T+120min,R-505,13619318866,7365871208,6.89,tertiary,0.159,0.166,0.4857,0.332,0.3935,MODERATE
T+120min,R-506,13619368459,13619368460,19.68,residential,0.191,0.203,0.6604,0.406,0.5078,HIGH
T+120min,R-507,13619368459,13619368466,71.23,residential,0.18,0.203,0.5607,0.406,0.4679,MODERATE
T+120min,R-508,13619368459,13619368471,19.88,residential,0.211,0.22,0.6847,0.44,0.5379,HIGH
T+120min,R-509,13619368460,13619368459,19.68,residential,0.191,0.203,0.6604,0.406,0.5078,HIGH
T+120min,R-510,13619368460,13619368498,137.34,residential,0.223,0.245,0.7597,0.49,0.5979,HIGH
T+120min,R-511,13619368460,9771116360,35.05,residential,0.166,0.181,0.5491,0.362,0.4368,MODERATE
T+120min,R-512,13619368466,13619368459,71.23,residential,0.18,0.203,0.5607,0.406,0.4679,MODERATE
T+120min,R-513,13619368466,13619368487,32.86,residential,0.191,0.208,0.6335,0.416,0.503,HIGH
T+120min,R-514,13619368466,9771116360,58.73,residential,0.163,0.182,0.5108,0.364,0.4227,MODERATE
T+120min,R-515,13619368471,13619368459,19.88,residential,0.211,0.22,0.6847,0.44,0.5379,HIGH
T+120min,R-516,13619368471,13619368487,58.63,residential,0.206,0.22,0.6832,0.44,0.5373,HIGH
T+120min,R-517,13619368471,13620896407,93.24,residential,0.215,0.232,0.7408,0.464,0.5747,HIGH
T+120min,R-518,13619368472,12313982248,36.88,residential,0.233,0.234,0.6459,0.468,0.5392,HIGH
T+120min,R-519,13619368472,13619368475,27.84,residential,0.234,0.24,0.6489,0.48,0.5476,HIGH
T+120min,R-520,13619368472,13620896407,24.35,residential,0.227,0.234,0.6247,0.468,0.5307,HIGH
T+120min,R-521,13619368475,13619368472,27.84,residential,0.234,0.24,0.6489,0.48,0.5476,HIGH
T+120min,R-522,13619368475,13619368487,135.86,residential,0.227,0.245,0.7396,0.49,0.5898,HIGH
T+120min,R-523,13619368475,13620896407,8.53,residential,0.22,0.226,0.6184,0.452,0.5186,HIGH
T+120min,R-524,13619368487,13619368466,32.86,residential,0.191,0.208,0.6335,0.416,0.503,HIGH
T+120min,R-525,13619368487,13619368471,58.63,residential,0.206,0.22,0.6832,0.44,0.5373,HIGH
T+120min,R-526,13619368487,13619368475,135.86,residential,0.227,0.245,0.7396,0.49,0.5898,HIGH
T+120min,R-527,13619368498,13619368460,137.34,residential,0.223,0.245,0.7597,0.49,0.5979,HIGH
T+120min,R-528,13619374592,13619374593,14.32,residential,0.176,0.177,0.6964,0.354,0.491,MODERATE
T+120min,R-529,13619374592,2244637004,43.06,trunk,0.177,0.177,0.6643,0.354,0.4781,MODERATE
T+120min,R-530,13619374593,13619374592,14.32,residential,0.176,0.177,0.6964,0.354,0.491,MODERATE
T+120min,R-531,13619374593,13619374596,37.21,residential,0.175,0.177,0.656,0.354,0.4748,MODERATE
T+120min,R-532,13619374593,13619374597,15.61,residential,0.177,0.177,0.6596,0.354,0.4762,MODERATE
T+120min,R-533,13619374596,13619374593,37.21,residential,0.175,0.177,0.656,0.354,0.4748,MODERATE
T+120min,R-534,13619374597,13619374593,15.61,residential,0.177,0.177,0.6596,0.354,0.4762,MODERATE
T+120min,R-535,13619396529,11046194845,29.14,residential,0.237,0.237,0.6163,0.474,0.5309,HIGH
T+120min,R-536,13619396529,13619396536,36.49,residential,,,,,,UNKNOWN
T+120min,R-537,13619396529,9171835705,19.0,residential,,,,,,UNKNOWN
T+120min,R-538,13619396536,10840042416,18.54,residential,,,,,,UNKNOWN
T+120min,R-539,13619396536,13619396529,36.49,residential,,,,,,UNKNOWN
T+120min,R-540,13619396536,9171835705,17.29,residential,,,,,,UNKNOWN
T+120min,R-541,13619400539,245668039,29.34,secondary_link,0.21,0.211,0.6912,0.422,0.5297,HIGH
T+120min,R-542,13619400539,7404711447,26.99,secondary,0.211,0.211,0.6776,0.422,0.5242,HIGH
T+120min,R-543,13619401780,13619401781,15.74,residential,0.001,0.001,0.0507,0.002,0.0215,LOW
T+120min,R-544,13619401780,6554271017,12.32,residential,0.0,0.001,0.0246,0.002,0.011,LOW
T+120min,R-545,13619401780,6554271024,82.48,residential,0.062,0.138,0.2675,0.276,0.2726,MODERATE
T+120min,R-546,13619401781,13619401780,15.74,residential,0.001,0.001,0.0507,0.002,0.0215,LOW
T+120min,R-547,13619401781,13619401781,164.97,residential,0.016,0.045,0.144,0.09,0.1116,LOW
T+120min,R-548,13619401781,13619401781,164.97,residential,0.016,0.045,0.144,0.09,0.1116,LOW
T+120min,R-549,13619403785,13619403794,32.31,residential,,,,,,UNKNOWN
T+120min,R-550,13619403785,13619678849,18.09,residential,,,,,,UNKNOWN
T+120min,R-551,13619403785,245668197,22.99,residential,,,,,,UNKNOWN
T+120min,R-552,13619403787,13619433317,3.94,residential,,,,,,UNKNOWN
T+120min,R-553,13619403787,13619678849,2.55,residential,,,,,,UNKNOWN
T+120min,R-554,13619403787,245668286,71.42,residential,,,,,,UNKNOWN
T+120min,R-555,13619403788,13619403789,21.13,residential,,,,,,UNKNOWN
T+120min,R-556,13619403788,245668197,28.94,residential,,,,,,UNKNOWN
T+120min,R-557,13619403788,245668324,104.46,residential,,,,,,UNKNOWN
T+120min,R-558,13619403789,13619403788,21.13,residential,,,,,,UNKNOWN
T+120min,R-559,13619403794,13619403785,32.31,residential,,,,,,UNKNOWN
T+120min,R-560,13619412997,10925941300,44.77,residential,0.172,0.183,0.5379,0.366,0.4348,MODERATE
T+120min,R-561,13619412997,13619412997,128.29,residential,0.171,0.191,0.5476,0.382,0.4482,MODERATE
T+120min,R-562,13619412997,13619412997,128.29,residential,0.171,0.191,0.5476,0.382,0.4482,MODERATE
T+120min,R-563,13619433317,13619403787,3.94,residential,,,,,,UNKNOWN
T+120min,R-564,13619433317,13619433317,140.77,residential,,,,,,UNKNOWN
T+120min,R-565,13619433317,13619433317,140.77,residential,,,,,,UNKNOWN
T+120min,R-566,13619457121,13619457123,47.22,residential,0.131,0.141,0.4545,0.282,0.351,MODERATE
T+120min,R-567,13619457122,13619457123,29.91,residential,0.139,0.146,0.4642,0.292,0.3609,MODERATE
T+120min,R-568,13619457123,13619457121,47.22,residential,0.131,0.141,0.4545,0.282,0.351,MODERATE
T+120min,R-569,13619457123,13619457122,29.91,residential,0.139,0.146,0.4642,0.292,0.3609,MODERATE
T+120min,R-570,13619457123,13619457125,11.12,residential,0.138,0.143,0.4695,0.286,0.3594,MODERATE
T+120min,R-571,13619457125,13619457123,11.12,residential,0.138,0.143,0.4695,0.286,0.3594,MODERATE
T+120min,R-572,13619457125,7366246694,11.46,trunk_link,0.141,0.143,0.4886,0.286,0.367,MODERATE
T+120min,R-573,13619463498,9445072347,9.05,residential,,,,,,UNKNOWN
T+120min,R-574,13619485519,10925931740,10.53,residential,0.165,0.167,0.5188,0.334,0.4079,MODERATE
T+120min,R-575,13619485519,10925931740,103.44,residential,0.165,0.18,0.5331,0.36,0.4292,MODERATE
T+120min,R-576,13619485519,13619485526,7.17,residential,0.164,0.166,0.5115,0.332,0.4038,MODERATE
T+120min,R-577,13619485526,10925931739,8.68,residential,0.164,0.166,0.5134,0.332,0.4046,MODERATE
T+120min,R-578,13619485526,10925931740,12.82,residential,0.161,0.161,0.5106,0.322,0.3974,MODERATE
T+120min,R-579,13619485526,13619485519,7.17,residential,0.164,0.166,0.5115,0.332,0.4038,MODERATE
T+120min,R-580,13619491182,13619491183,59.67,residential,,,,,,UNKNOWN
T+120min,R-581,13619491182,13619500839,0.85,residential,,,,,,UNKNOWN
T+120min,R-582,13619491182,9171835708,24.98,residential,,,,,,UNKNOWN
T+120min,R-583,13619491183,13619491182,59.67,residential,,,,,,UNKNOWN
T+120min,R-584,13619491183,13619500841,11.05,residential,,,,,,UNKNOWN
T+120min,R-585,13619491183,9171835708,84.09,residential,,,,,,UNKNOWN
T+120min,R-586,13619491193,13619500813,22.86,residential,,,,,,UNKNOWN
T+120min,R-587,13619491193,9171835708,36.45,residential,,,,,,UNKNOWN
T+120min,R-588,13619491193,9171835708,99.37,residential,,,,,,UNKNOWN
T+120min,R-589,13619500809,13619500813,28.95,residential,,,,,,UNKNOWN
T+120min,R-590,13619500809,13619500813,96.19,residential,,,,,,UNKNOWN
T+120min,R-591,13619500809,13619500813,122.89,residential,,,,,,UNKNOWN
T+120min,R-592,13619500813,13619491193,22.86,residential,,,,,,UNKNOWN
T+120min,R-593,13619500813,13619500809,28.95,residential,,,,,,UNKNOWN
T+120min,R-594,13619500813,13619500809,96.19,residential,,,,,,UNKNOWN
T+120min,R-595,13619500813,13619500809,122.89,residential,,,,,,UNKNOWN
T+120min,R-596,13619500839,13619491182,0.85,residential,,,,,,UNKNOWN
T+120min,R-597,13619500841,10925943006,47.23,residential,,,,,,UNKNOWN
T+120min,R-598,13619500841,245668374,60.13,residential,,,,,,UNKNOWN
T+120min,R-599,13619507487,13601073293,103.13,residential,0.233,0.247,0.6966,0.494,0.575,HIGH
T+120min,R-600,13619515794,13619515794,103.82,residential,0.16,0.178,0.5374,0.356,0.4286,MODERATE
T+120min,R-601,13619515794,13619515794,103.82,residential,0.16,0.178,0.5374,0.356,0.4286,MODERATE
T+120min,R-602,13619515794,7384246086,5.6,residential,0.177,0.178,0.5417,0.356,0.4303,MODERATE
T+120min,R-603,13619536860,13618399201,52.8,residential,0.242,0.248,0.7904,0.496,0.6138,HIGH
T+120min,R-604,13619536860,13619536866,18.21,residential,0.238,0.242,0.63,0.484,0.5424,HIGH
T+120min,R-605,13619536866,13619536860,18.21,residential,0.238,0.242,0.63,0.484,0.5424,HIGH
T+120min,R-606,13619536866,13619536860,78.51,residential,0.252,0.265,0.7895,0.53,0.6338,HIGH
T+120min,R-607,13619536866,622039341,12.47,residential,0.229,0.235,0.6391,0.47,0.5376,HIGH
T+120min,R-608,13619539391,13619539396,14.57,residential,,,,,,UNKNOWN
T+120min,R-609,13619539391,13619539396,47.37,residential,,,,,,UNKNOWN
T+120min,R-610,13619539391,13622435420,16.31,residential,,,,,,UNKNOWN
T+120min,R-611,13619539396,13619539391,14.57,residential,,,,,,UNKNOWN
T+120min,R-612,13619539396,13619539391,47.37,residential,,,,,,UNKNOWN
T+120min,R-613,13619539396,2244797706,35.28,residential,,,,,,UNKNOWN
T+120min,R-614,13619570121,13619570121,191.6,residential,,,,,,UNKNOWN
T+120min,R-615,13619570121,13619570121,191.6,residential,,,,,,UNKNOWN
T+120min,R-616,13619570121,2244797706,14.73,residential,,,,,,UNKNOWN
T+120min,R-617,13619604480,13622528188,6.51,residential,0.206,0.206,0.6167,0.412,0.4939,MODERATE
T+120min,R-618,13619604480,13622528191,1.56,residential,,,,,,UNKNOWN
T+120min,R-619,13619604480,9914206292,28.2,residential,0.203,0.208,0.6042,0.416,0.4913,MODERATE
T+120min,R-620,13619678849,13619403785,18.09,residential,,,,,,UNKNOWN
T+120min,R-621,13619678849,13619403787,2.55,residential,,,,,,UNKNOWN
T+120min,R-622,13619678849,13619678859,83.26,residential,,,,,,UNKNOWN
T+120min,R-623,13619678859,13619678849,83.26,residential,,,,,,UNKNOWN
T+120min,R-624,13619678859,13622445020,12.85,residential,,,,,,UNKNOWN
T+120min,R-625,13619678859,9171835705,53.15,residential,,,,,,UNKNOWN
T+120min,R-626,13619939784,2897024523,18.49,secondary,0.093,0.099,0.4439,0.198,0.2964,MODERATE
T+120min,R-627,13619939784,2897024614,230.93,primary,0.096,0.115,0.4834,0.23,0.3314,MODERATE
T+120min,R-628,13620657537,245666801,134.61,residential,0.242,0.254,0.8174,0.508,0.6318,HIGH
T+120min,R-629,13620896407,13619368471,93.24,residential,0.215,0.232,0.7408,0.464,0.5747,HIGH
T+120min,R-630,13620896407,13619368472,24.35,residential,0.227,0.234,0.6247,0.468,0.5307,HIGH
T+120min,R-631,13620896407,13619368475,8.53,residential,0.22,0.226,0.6184,0.452,0.5186,HIGH
T+120min,R-632,13620903019,13622445031,7.81,residential,,,,,,UNKNOWN
T+120min,R-633,13620903019,13622445936,24.83,residential,,,,,,UNKNOWN
T+120min,R-634,13620903019,13622450251,38.98,residential,,,,,,UNKNOWN
T+120min,R-635,13620903026,13622450256,3.89,residential,,,,,,UNKNOWN
T+120min,R-636,13621749580,13621749581,12.68,residential,0.133,0.133,0.4614,0.266,0.3442,MODERATE
T+120min,R-637,13621749581,13621749580,12.68,residential,0.133,0.133,0.4614,0.266,0.3442,MODERATE
T+120min,R-638,13621749581,13621749583,2.65,residential,0.133,0.133,0.4614,0.266,0.3442,MODERATE
T+120min,R-639,13621749581,245668277,25.79,residential,0.141,0.149,0.4708,0.298,0.3671,MODERATE
T+120min,R-640,13621749583,13621749581,2.65,residential,0.133,0.133,0.4614,0.266,0.3442,MODERATE
T+120min,R-641,13621749583,13621749584,13.09,residential,0.133,0.133,0.4614,0.266,0.3442,MODERATE
T+120min,R-642,13621749583,13621749587,2.96,residential,0.133,0.133,0.4614,0.266,0.3442,MODERATE
T+120min,R-643,13621749584,13621749583,13.09,residential,0.133,0.133,0.4614,0.266,0.3442,MODERATE
T+120min,R-644,13621749585,13621749587,12.85,residential,0.133,0.133,0.4602,0.266,0.3437,MODERATE
T+120min,R-645,13621749587,13621749583,2.96,residential,0.133,0.133,0.4614,0.266,0.3442,MODERATE
T+120min,R-646,13621749587,13621749585,12.85,residential,0.133,0.133,0.4602,0.266,0.3437,MODERATE
T+120min,R-647,13621749587,13621749595,33.6,residential,0.133,0.133,0.456,0.266,0.342,MODERATE
T+120min,R-648,13621749595,13621749587,33.6,residential,0.133,0.133,0.456,0.266,0.342,MODERATE
T+120min,R-649,13621749595,13621749598,17.1,residential,0.151,0.151,0.4882,0.302,0.3765,MODERATE
T+120min,R-650,13621749595,13621749599,6.5,residential,0.141,0.141,0.4675,0.282,0.3562,MODERATE
T+120min,R-651,13621749598,13621749595,17.1,residential,0.151,0.151,0.4882,0.302,0.3765,MODERATE
T+120min,R-652,13621749598,13621749599,11.9,residential,0.146,0.151,0.4773,0.302,0.3721,MODERATE
T+120min,R-653,13621749598,13621749599,84.01,residential,0.156,0.171,0.5588,0.342,0.4287,MODERATE
T+120min,R-654,13621749599,13621749595,6.5,residential,0.141,0.141,0.4675,0.282,0.3562,MODERATE
T+120min,R-655,13621749599,13621749598,11.9,residential,0.146,0.151,0.4773,0.302,0.3721,MODERATE
T+120min,R-656,13621749599,13621749598,84.01,residential,0.156,0.171,0.5588,0.342,0.4287,MODERATE
T+120min,R-657,13621886865,13621886866,61.16,residential,0.171,0.177,0.6204,0.354,0.4606,MODERATE
T+120min,R-658,13621886865,13621886870,28.86,tertiary,0.157,0.16,0.5773,0.32,0.4229,MODERATE
T+120min,R-659,13621886865,6428811270,42.25,tertiary,0.157,0.163,0.5405,0.326,0.4118,MODERATE
T+120min,R-660,13621886866,13621886865,61.16,residential,0.171,0.177,0.6204,0.354,0.4606,MODERATE
T+120min,R-661,13621886869,13621886870,36.93,residential,0.159,0.17,0.5521,0.34,0.4248,MODERATE
T+120min,R-662,13621886870,13619318854,97.18,tertiary,0.128,0.152,0.4839,0.304,0.376,MODERATE
T+120min,R-663,13621886870,13621886865,28.86,tertiary,0.157,0.16,0.5773,0.32,0.4229,MODERATE
T+120min,R-664,13621886870,13621886869,36.93,residential,0.159,0.17,0.5521,0.34,0.4248,MODERATE
T+120min,R-665,13621901230,13621901231,7.57,tertiary_link,0.185,0.188,0.595,0.376,0.4636,MODERATE
T+120min,R-666,13621901230,6428811268,34.8,tertiary,0.197,0.203,0.6483,0.406,0.5029,HIGH
T+120min,R-667,13621901231,12350446597,54.55,tertiary,0.163,0.183,0.5482,0.366,0.4389,MODERATE
T+120min,R-668,13621901231,13621901230,7.57,tertiary_link,0.185,0.188,0.595,0.376,0.4636,MODERATE
T+120min,R-669,13621901232,12350446596,51.38,tertiary,0.125,0.139,0.5108,0.278,0.3711,MODERATE
T+120min,R-670,13621901232,13621901233,7.31,tertiary_link,0.119,0.119,0.4708,0.238,0.3311,MODERATE
T+120min,R-671,13621901233,13621901232,7.31,tertiary_link,0.119,0.119,0.4708,0.238,0.3311,MODERATE
T+120min,R-672,13622308157,13622308160,36.75,tertiary,,,,,,UNKNOWN
T+120min,R-673,13622308160,13622308157,36.75,tertiary,,,,,,UNKNOWN
T+120min,R-674,13622308160,13622308161,36.39,residential,,,,,,UNKNOWN
T+120min,R-675,13622308160,13622308163,93.79,tertiary,,,,,,UNKNOWN
T+120min,R-676,13622308161,13622308160,36.39,residential,,,,,,UNKNOWN
T+120min,R-677,13622308163,13622308160,93.79,tertiary,,,,,,UNKNOWN
T+120min,R-678,13622308163,13622308164,43.63,residential,,,,,,UNKNOWN
T+120min,R-679,13622308163,13622308171,53.68,tertiary,0.131,0.131,0.4503,0.262,0.3373,MODERATE
T+120min,R-680,13622308164,13622308163,43.63,residential,,,,,,UNKNOWN
T+120min,R-681,13622308166,11976374939,65.09,tertiary,0.157,0.161,0.6464,0.322,0.4518,MODERATE
T+120min,R-682,13622308166,13622308171,26.02,tertiary,0.137,0.146,0.5406,0.292,0.3914,MODERATE
T+120min,R-683,13622308166,13622308171,39.49,residential,0.143,0.152,0.5679,0.304,0.4096,MODERATE
T+120min,R-684,13622308171,13622308163,53.68,tertiary,0.131,0.131,0.4503,0.262,0.3373,MODERATE
T+120min,R-685,13622308171,13622308166,26.02,tertiary,0.137,0.146,0.5406,0.292,0.3914,MODERATE
T+120min,R-686,13622308171,13622308166,39.49,residential,0.143,0.152,0.5679,0.304,0.4096,MODERATE
T+120min,R-687,13622393246,13622393246,87.86,residential,0.154,0.161,0.6278,0.322,0.4443,MODERATE
T+120min,R-688,13622393246,13622393246,87.86,residential,0.154,0.161,0.6278,0.322,0.4443,MODERATE
T+120min,R-689,13622393246,5911310878,29.93,residential,0.157,0.162,0.6201,0.324,0.4424,MODERATE
T+120min,R-690,13622435420,13619539391,16.31,residential,,,,,,UNKNOWN
T+120min,R-691,13622435420,13622435423,8.32,residential,,,,,,UNKNOWN
T+120min,R-692,13622435420,6489058155,52.42,residential,,,,,,UNKNOWN
T+120min,R-693,13622435423,13622435420,8.32,residential,,,,,,UNKNOWN
T+120min,R-694,13622435423,13622435424,14.06,residential,,,,,,UNKNOWN
T+120min,R-695,13622435423,13622450250,27.16,residential,,,,,,UNKNOWN
T+120min,R-696,13622435424,13622435423,14.06,residential,,,,,,UNKNOWN
T+120min,R-697,13622445020,13619678859,12.85,residential,,,,,,UNKNOWN
T+120min,R-698,13622445020,13622445031,89.79,residential,,,,,,UNKNOWN
T+120min,R-699,13622445020,245668286,9.07,residential,,,,,,UNKNOWN
T+120min,R-700,13622445031,13620903019,7.81,residential,,,,,,UNKNOWN
T+120min,R-701,13622445031,13622445020,89.79,residential,,,,,,UNKNOWN
T+120min,R-702,13622445031,13622445933,3.46,residential,,,,,,UNKNOWN
T+120min,R-703,13622445933,13622445031,3.46,residential,,,,,,UNKNOWN
T+120min,R-704,13622445933,13622445935,31.17,residential,,,,,,UNKNOWN
T+120min,R-705,13622445933,245668286,2.71,residential,,,,,,UNKNOWN
T+120min,R-706,13622445935,13622445933,31.17,residential,,,,,,UNKNOWN
T+120min,R-707,13622445936,13620903019,24.83,residential,,,,,,UNKNOWN
T+120min,R-708,13622445936,13622445937,12.05,residential,,,,,,UNKNOWN
T+120min,R-709,13622445936,6489058155,9.93,residential,,,,,,UNKNOWN
T+120min,R-710,13622445937,13622445936,12.05,residential,,,,,,UNKNOWN
T+120min,R-711,13622450250,13622435423,27.16,residential,,,,,,UNKNOWN
T+120min,R-712,13622450251,13620903019,38.98,residential,,,,,,UNKNOWN
T+120min,R-713,13622450251,13622450256,17.73,residential,,,,,,UNKNOWN
T+120min,R-714,13622450251,13622450256,49.66,residential,,,,,,UNKNOWN
T+120min,R-715,13622450256,13620903026,3.89,residential,,,,,,UNKNOWN
T+120min,R-716,13622450256,13622450251,17.73,residential,,,,,,UNKNOWN
T+120min,R-717,13622450256,13622450251,49.66,residential,,,,,,UNKNOWN
T+120min,R-718,13622492455,11046205759,2.71,residential,0.154,0.154,0.5071,0.308,0.3876,MODERATE
T+120min,R-719,13622492455,13622492455,70.2,residential,0.145,0.154,0.498,0.308,0.384,MODERATE
T+120min,R-720,13622492455,13622492455,70.2,residential,0.145,0.154,0.498,0.308,0.384,MODERATE
T+120min,R-721,13622492459,11046205760,27.53,residential,0.167,0.173,0.5173,0.346,0.4145,MODERATE
T+120min,R-722,13622503093,10925941300,33.46,residential,0.186,0.189,0.5826,0.378,0.4598,MODERATE
T+120min,R-723,13622503093,10925943006,9.08,residential,,,,,,UNKNOWN
T+120min,R-724,13622503093,13622531608,11.41,residential,,,,,,UNKNOWN
T+120min,R-725,13622528187,13622528188,26.61,residential,0.202,0.206,0.6352,0.412,0.5013,HIGH
T+120min,R-726,13622528188,13619604480,6.51,residential,0.206,0.206,0.6167,0.412,0.4939,MODERATE
T+120min,R-727,13622528188,13622528187,26.61,residential,0.202,0.206,0.6352,0.412,0.5013,HIGH
T+120min,R-728,13622528188,13622528189,15.17,residential,0.2,0.206,0.5943,0.412,0.4849,MODERATE
T+120min,R-729,13622528189,13622528188,15.17,residential,0.2,0.206,0.5943,0.412,0.4849,MODERATE
T+120min,R-730,13622528191,10925943006,15.5,residential,,,,,,UNKNOWN
T+120min,R-731,13622528191,13619604480,1.56,residential,,,,,,UNKNOWN
T+120min,R-732,13622528191,9914206292,79.32,residential,0.191,0.197,0.5598,0.394,0.4603,MODERATE
T+120min,R-733,13622531608,13622503093,11.41,residential,,,,,,UNKNOWN
T+120min,R-734,13622531608,13622531608,97.62,residential,0.174,0.183,0.5256,0.366,0.4298,MODERATE
T+120min,R-735,13622531608,13622531608,97.62,residential,0.174,0.183,0.5256,0.366,0.4298,MODERATE
T+120min,R-736,13626183249,13626183260,6.93,residential,0.28,0.283,0.7666,0.566,0.6462,HIGH
T+120min,R-737,13626183249,245666901,29.88,tertiary,0.279,0.283,0.7441,0.566,0.6372,HIGH
T+120min,R-738,13626183257,11047568171,126.95,residential,0.205,0.211,0.6199,0.422,0.5012,HIGH
T+120min,R-739,13626183257,13626183258,55.37,residential,0.216,0.228,0.6552,0.456,0.5357,HIGH
T+120min,R-740,13626183257,245666901,111.52,residential,0.242,0.275,0.6372,0.55,0.5849,HIGH
T+120min,R-741,13626183258,13626183257,55.37,residential,0.216,0.228,0.6552,0.456,0.5357,HIGH
T+120min,R-742,13626183259,10055232024,7.16,residential,0.241,0.241,0.5725,0.482,0.5182,HIGH
T+120min,R-743,13626183259,10055232027,90.39,residential,0.207,0.241,0.5675,0.482,0.5162,HIGH
T+120min,R-744,13626183259,13639959261,22.54,residential,0.252,0.265,0.6494,0.53,0.5778,HIGH
T+120min,R-745,13626183260,13626183250,4.87,residential,0.274,0.276,0.7567,0.552,0.6339,HIGH
T+120min,R-746,13626183260,13639959261,19.36,residential,0.273,0.279,0.7436,0.558,0.6322,HIGH
T+120min,R-747,13638081803,13638081804,73.08,residential,0.203,0.225,0.5448,0.45,0.4879,MODERATE
T+120min,R-748,13638081803,13638081811,9.23,residential,0.189,0.196,0.543,0.392,0.4524,MODERATE
T+120min,R-749,13638081803,13638081813,8.65,residential,0.18,0.182,0.5262,0.364,0.4289,MODERATE
T+120min,R-750,13638081804,13638081803,73.08,residential,0.203,0.225,0.5448,0.45,0.4879,MODERATE
T+120min,R-751,13638081805,13638081806,74.6,residential,0.238,0.263,0.6352,0.526,0.5697,HIGH
T+120min,R-752,13638081805,13638081807,125.54,residential,0.241,0.27,0.6429,0.54,0.5812,HIGH
T+120min,R-753,13638081805,13638081809,31.06,residential,0.202,0.208,0.5761,0.416,0.48,MODERATE
T+120min,R-754,13638081805,13638081811,19.75,residential,0.2,0.208,0.5656,0.416,0.4758,MODERATE
T+120min,R-755,13638081806,13638081805,74.6,residential,0.238,0.263,0.6352,0.526,0.5697,HIGH
T+120min,R-756,13638081807,13638081805,125.54,residential,0.241,0.27,0.6429,0.54,0.5812,HIGH
T+120min,R-757,13638081807,13638081817,38.09,tertiary,0.26,0.269,0.6927,0.538,0.5999,HIGH
T+120min,R-758,13638081807,245666901,20.6,tertiary,0.272,0.275,0.7216,0.55,0.6186,HIGH
T+120min,R-759,13638081809,13638081805,31.06,residential,0.202,0.208,0.5761,0.416,0.48,MODERATE
T+120min,R-760,13638081810,13638081811,31.39,residential,0.193,0.196,0.5543,0.392,0.4569,MODERATE
T+120min,R-761,13638081811,13638081803,9.23,residential,0.189,0.196,0.543,0.392,0.4524,MODERATE
T+120min,R-762,13638081811,13638081805,19.75,residential,0.2,0.208,0.5656,0.416,0.4758,MODERATE
T+120min,R-763,13638081811,13638081810,31.39,residential,0.193,0.196,0.5543,0.392,0.4569,MODERATE
T+120min,R-764,13638081813,13638081803,8.65,residential,0.18,0.182,0.5262,0.364,0.4289,MODERATE
T+120min,R-765,13638081816,13638081817,13.27,residential,0.243,0.25,0.5958,0.5,0.5383,HIGH
T+120min,R-766,13638081817,13638081807,38.09,tertiary,0.26,0.269,0.6927,0.538,0.5999,HIGH
T+120min,R-767,13638081817,13638081816,13.27,residential,0.243,0.25,0.5958,0.5,0.5383,HIGH
T+120min,R-768,13638081817,245666881,44.87,tertiary,0.247,0.259,0.5942,0.518,0.5485,HIGH
T+120min,R-769,13638081818,13638081819,10.0,residential,0.209,0.213,0.5449,0.426,0.4736,MODERATE
T+120min,R-770,13638081818,13638081821,40.15,residential,0.185,0.205,0.5206,0.41,0.4542,MODERATE
T+120min,R-771,13638081818,245666881,25.11,residential,0.236,0.259,0.5851,0.518,0.5448,HIGH
T+120min,R-772,13638081819,13638081818,10.0,residential,0.209,0.213,0.5449,0.426,0.4736,MODERATE
T+120min,R-773,13638081821,13638081818,40.15,residential,0.185,0.205,0.5206,0.41,0.4542,MODERATE
T+120min,R-774,13638530342,245666351,13.01,residential,0.152,0.152,0.5428,0.304,0.3995,MODERATE
T+120min,R-775,13638535652,10696472308,64.73,residential,0.082,0.129,0.3684,0.258,0.3022,MODERATE
T+120min,R-776,13638535652,10696472309,3.19,residential,0.129,0.129,0.4442,0.258,0.3325,MODERATE
T+120min,R-777,13638535652,13638535654,45.47,residential,0.156,0.174,0.5112,0.348,0.4133,MODERATE
T+120min,R-778,13638535652,245666190,74.18,residential,0.14,0.146,0.5097,0.292,0.3791,MODERATE
T+120min,R-779,13638535653,13638535654,39.0,residential,0.186,0.197,0.6599,0.394,0.5004,HIGH
T+120min,R-780,13638535654,13638535652,45.47,residential,0.156,0.174,0.5112,0.348,0.4133,MODERATE
T+120min,R-781,13638535654,13638535653,39.0,residential,0.186,0.197,0.6599,0.394,0.5004,HIGH
T+120min,R-782,13638535654,13638535655,73.26,residential,0.161,0.174,0.5688,0.348,0.4363,MODERATE
T+120min,R-783,13638535655,13638535654,73.26,residential,0.161,0.174,0.5687,0.348,0.4363,MODERATE
T+120min,R-784,13638535655,2439333822,45.9,residential,0.167,0.17,0.5945,0.34,0.4418,MODERATE
T+120min,R-785,13638535655,245666190,46.91,residential,0.153,0.17,0.5597,0.34,0.4279,MODERATE
T+120min,R-786,13638535656,2439333822,61.17,residential,0.175,0.189,0.6048,0.378,0.4687,MODERATE
T+120min,R-787,13638535661,245666446,65.41,residential,0.163,0.171,0.5312,0.342,0.4177,MODERATE
T+120min,R-788,13638535670,10696472306,39.79,residential,0.154,0.157,0.544,0.314,0.406,MODERATE
T+120min,R-789,13638535670,13638535674,53.61,residential,0.154,0.157,0.535,0.314,0.4024,MODERATE
T+120min,R-790,13638535670,245666446,97.55,residential,0.156,0.169,0.5421,0.338,0.4196,MODERATE
T+120min,R-791,13638535674,13638535670,53.61,residential,0.154,0.157,0.535,0.314,0.4024,MODERATE
T+120min,R-792,13638535675,10696472306,29.79,residential,0.155,0.162,0.5401,0.324,0.4104,MODERATE
T+120min,R-793,13638535675,10696472307,33.56,residential,0.119,0.146,0.4436,0.292,0.3526,MODERATE
T+120min,R-794,13638535675,13638535679,46.38,residential,0.157,0.165,0.5657,0.33,0.4243,MODERATE
T+120min,R-795,13638535679,13638535675,46.38,residential,0.157,0.165,0.5657,0.33,0.4243,MODERATE
T+120min,R-796,13638535681,10696472351,16.07,residential,0.17,0.177,0.5545,0.354,0.4342,MODERATE
T+120min,R-797,13638535681,10696472356,14.31,residential,0.18,0.186,0.5801,0.372,0.4552,MODERATE
T+120min,R-798,13638535681,13638535682,74.05,residential,0.167,0.178,0.5281,0.356,0.4248,MODERATE
T+120min,R-799,13638535682,10294725029,24.64,residential,0.168,0.172,0.5114,0.344,0.411,MODERATE
T+120min,R-800,13638535682,13638535681,74.05,residential,0.167,0.178,0.5281,0.356,0.4248,MODERATE
T+120min,R-801,13638535682,13638535685,350.21,residential,0.206,0.246,0.6384,0.492,0.5506,HIGH
T+120min,R-802,13638535682,13638546110,45.74,residential,0.187,0.202,0.5339,0.404,0.456,MODERATE
T+120min,R-803,13638535683,10696472347,64.81,residential,0.164,0.199,0.5435,0.398,0.4562,MODERATE
T+120min,R-804,13638535683,10696472350,64.98,residential,0.123,0.129,0.4788,0.258,0.3463,MODERATE
T+120min,R-805,13638535683,13638535684,73.54,residential,0.166,0.201,0.5206,0.402,0.4494,MODERATE
T+120min,R-806,13638535684,13638535683,73.54,residential,0.166,0.201,0.5206,0.402,0.4494,MODERATE
T+120min,R-807,13638535684,13638546112,36.29,residential,0.206,0.213,0.6129,0.426,0.5008,HIGH
T+120min,R-808,13638535684,13638546126,11.87,residential,0.2,0.204,0.5888,0.408,0.4803,MODERATE
T+120min,R-809,13638535685,10696472350,72.75,residential,0.148,0.19,0.5134,0.38,0.4334,MODERATE
T+120min,R-810,13638535685,13638535682,350.21,residential,0.206,0.246,0.6384,0.492,0.5506,HIGH
T+120min,R-811,13638535685,13638535686,66.86,residential,0.18,0.193,0.5667,0.386,0.4583,MODERATE
T+120min,R-812,13638535685,13638546126,53.41,residential,0.198,0.203,0.6075,0.406,0.4866,MODERATE
T+120min,R-813,13638535686,10696472349,74.14,residential,0.161,0.193,0.5482,0.386,0.4509,MODERATE
T+120min,R-814,13638535686,13638535685,66.86,residential,0.18,0.193,0.5667,0.386,0.4583,MODERATE
T+120min,R-815,13638535686,245666191,66.58,residential,0.172,0.193,0.5928,0.386,0.4687,MODERATE
T+120min,R-816,13638546109,13638546109,99.63,residential,0.237,0.248,0.7383,0.496,0.5929,HIGH
T+120min,R-817,13638546109,13638546109,99.63,residential,0.237,0.248,0.7383,0.496,0.5929,HIGH
T+120min,R-818,13638546109,13638546110,26.52,residential,0.215,0.231,0.6353,0.462,0.5313,HIGH
T+120min,R-819,13638546110,13638535682,45.74,residential,0.187,0.202,0.5339,0.404,0.456,MODERATE
T+120min,R-820,13638546110,13638546109,26.52,residential,0.215,0.231,0.6353,0.462,0.5313,HIGH
T+120min,R-821,13638546110,245666482,17.87,residential,0.206,0.21,0.6513,0.42,0.5125,HIGH
T+120min,R-822,13638546111,13638546111,99.61,residential,0.228,0.238,0.7118,0.476,0.5703,HIGH
T+120min,R-823,13638546111,13638546111,99.61,residential,0.228,0.238,0.7118,0.476,0.5703,HIGH
T+120min,R-824,13638546111,13638546112,25.62,residential,0.222,0.229,0.6695,0.458,0.5426,HIGH
T+120min,R-825,13638546112,13638535684,36.29,residential,0.206,0.213,0.6129,0.426,0.5008,HIGH
T+120min,R-826,13638546112,13638546111,25.62,residential,0.222,0.229,0.6695,0.458,0.5426,HIGH
T+120min,R-827,13638546112,245666482,29.08,residential,0.211,0.213,0.6974,0.426,0.5346,HIGH
T+120min,R-828,13638546125,13638546125,94.87,residential,0.222,0.226,0.6983,0.452,0.5505,HIGH
T+120min,R-829,13638546125,13638546125,94.87,residential,0.222,0.226,0.6983,0.452,0.5505,HIGH
T+120min,R-830,13638546125,13638546126,27.14,residential,0.211,0.225,0.6533,0.45,0.5313,HIGH
T+120min,R-831,13638546126,13638535684,11.87,residential,0.2,0.204,0.5882,0.408,0.4801,MODERATE
T+120min,R-832,13638546126,13638535685,53.41,residential,0.198,0.203,0.6075,0.406,0.4866,MODERATE
T+120min,R-833,13638546126,13638546125,27.14,residential,0.211,0.225,0.6533,0.45,0.5313,HIGH
T+120min,R-834,13639959260,13626183249,18.8,tertiary,0.278,0.283,0.7499,0.566,0.6396,HIGH
T+120min,R-835,13639959260,13639959261,7.09,residential,0.268,0.271,0.7098,0.542,0.6091,HIGH
T+120min,R-836,13639959261,13626183259,22.54,residential,0.252,0.265,0.6494,0.53,0.5778,HIGH
T+120min,R-837,13639959261,13626183260,19.36,residential,0.273,0.279,0.7436,0.558,0.6322,HIGH
T+120min,R-838,13639959261,13639959260,7.09,residential,0.268,0.271,0.7098,0.542,0.6091,HIGH
T+120min,R-839,1375215100,1375215119,153.45,residential,0.197,0.208,0.635,0.416,0.5036,HIGH
T+120min,R-840,1375215100,14104987804,39.68,residential,0.201,0.209,0.6028,0.418,0.4919,MODERATE
T+120min,R-841,1375215100,2244637027,35.49,residential,0.175,0.188,0.5616,0.376,0.4502,MODERATE
T+120min,R-842,1375215119,1375215100,153.45,residential,0.197,0.208,0.635,0.416,0.5036,HIGH
T+120min,R-843,1375215119,245668000,42.9,tertiary,0.194,0.206,0.597,0.412,0.486,MODERATE
T+120min,R-844,1375215119,7404711455,95.82,tertiary,0.147,0.181,0.5203,0.362,0.4253,MODERATE
T+120min,R-845,1375251567,245668185,40.24,residential,0.128,0.135,0.4768,0.27,0.3527,MODERATE
T+120min,R-846,1375251567,245668277,150.21,tertiary,0.133,0.149,0.4932,0.298,0.3761,MODERATE
T+120min,R-847,1375251567,5911310869,430.52,tertiary,0.138,0.169,0.5225,0.338,0.4118,MODERATE
T+120min,R-848,13798210715,13798210737,8.15,residential,0.276,0.288,0.7713,0.576,0.6541,HIGH
T+120min,R-849,13798210715,6926279721,49.99,trunk,0.292,0.299,0.7525,0.598,0.6598,HIGH
T+120min,R-850,13798210723,6926279717,56.29,residential,0.155,0.161,0.4846,0.322,0.387,MODERATE
T+120min,R-851,13798210725,13798210735,31.96,residential,0.182,0.192,0.5179,0.384,0.4376,MODERATE
T+120min,R-852,13798210725,6926279716,26.82,residential,0.226,0.262,0.6573,0.524,0.5773,HIGH
T+120min,R-853,13798210725,6926279717,28.31,residential,0.177,0.192,0.5112,0.384,0.4349,MODERATE
T+120min,R-854,13798210730,6926279716,56.49,residential,0.273,0.304,0.7294,0.608,0.6566,HIGH
T+120min,R-855,13798210735,13798210725,31.96,residential,0.182,0.192,0.5179,0.384,0.4376,MODERATE
T+120min,R-856,13798210735,13798210737,155.84,residential,0.211,0.265,0.6139,0.53,0.5636,HIGH
T+120min,R-857,13798210735,6926279717,15.95,residential,0.167,0.172,0.5112,0.344,0.4109,MODERATE
T+120min,R-858,13798210737,13798210715,8.15,residential,0.276,0.288,0.7713,0.576,0.6541,HIGH
T+120min,R-859,13798210737,13798210735,155.84,residential,0.211,0.265,0.6139,0.53,0.5636,HIGH
T+120min,R-860,13798210737,13798210738,51.18,residential,0.289,0.306,0.7676,0.612,0.6742,HIGH
T+120min,R-861,13798210738,13798210737,51.18,residential,0.289,0.306,0.7676,0.612,0.6742,HIGH
T+120min,R-862,13798210738,6926279716,18.95,residential,0.291,0.306,0.7615,0.612,0.6718,HIGH
T+120min,R-863,13798210738,6926279721,8.99,residential,0.303,0.306,0.7563,0.612,0.6697,HIGH
T+120min,R-864,13798244194,10245790327,10.55,residential,0.133,0.14,0.4792,0.28,0.3597,MODERATE
T+120min,R-865,13798244194,13798244195,31.94,residential,0.136,0.14,0.4718,0.28,0.3567,MODERATE
T+120min,R-866,13798244195,13798244194,31.94,residential,0.136,0.14,0.4718,0.28,0.3567,MODERATE
T+120min,R-867,13798244195,13798244196,156.29,residential,0.18,0.207,0.635,0.414,0.5024,HIGH
T+120min,R-868,13798244196,13798244194,27.04,residential,0.155,0.173,0.5552,0.346,0.4297,MODERATE
T+120min,R-869,13798244196,13798244197,24.98,residential,0.165,0.173,0.5807,0.346,0.4399,MODERATE
T+120min,R-870,13798244197,13798244196,24.98,residential,0.165,0.173,0.5801,0.346,0.4396,MODERATE
T+120min,R-871,13798296276,13798296277,6.17,residential,0.151,0.151,0.5137,0.302,0.3867,MODERATE
T+120min,R-872,13798296276,13798296286,48.23,trunk,0.138,0.151,0.4876,0.302,0.3762,MODERATE
T+120min,R-873,13798296277,13798296276,6.17,residential,0.151,0.151,0.5137,0.302,0.3867,MODERATE
T+120min,R-874,13798296277,13798296287,13.51,residential,0.151,0.154,0.5095,0.308,0.3886,MODERATE
T+120min,R-875,13798296277,13798296297,19.63,residential,0.162,0.175,0.5375,0.35,0.425,MODERATE
T+120min,R-876,13798296286,10245790327,5.22,trunk,0.13,0.134,0.482,0.268,0.3536,MODERATE
T+120min,R-877,13798296286,13798296288,7.22,residential,0.134,0.134,0.479,0.268,0.3524,MODERATE
T+120min,R-878,13798296287,13798296277,13.51,residential,0.151,0.154,0.5095,0.308,0.3886,MODERATE
T+120min,R-879,13798296288,13798296286,7.22,residential,0.134,0.134,0.479,0.268,0.3524,MODERATE
T+120min,R-880,13798296288,13798296289,87.25,residential,0.181,0.208,0.6345,0.416,0.5034,HIGH
T+120min,R-881,13798296288,13815611429,23.66,residential,0.141,0.149,0.4794,0.298,0.3706,MODERATE
T+120min,R-882,13798296289,13798296288,87.25,residential,0.181,0.208,0.6345,0.416,0.5034,HIGH
T+120min,R-883,13798296289,13798296297,14.44,residential,0.189,0.201,0.5986,0.402,0.4806,MODERATE
T+120min,R-884,13798296289,13798296297,63.43,residential,0.18,0.201,0.5842,0.402,0.4749,MODERATE
T+120min,R-885,13798296297,13798296277,19.63,residential,0.162,0.175,0.5375,0.35,0.425,MODERATE
T+120min,R-886,13798296297,13798296289,14.44,residential,0.189,0.201,0.5986,0.402,0.4806,MODERATE
T+120min,R-887,13798296297,13798296289,63.43,residential,0.18,0.201,0.5842,0.402,0.4749,MODERATE
T+120min,R-888,13815611429,13798296288,23.66,residential,0.141,0.149,0.4795,0.298,0.3706,MODERATE
T+120min,R-889,14090541020,10279771623,45.09,primary,0.219,0.219,0.5865,0.438,0.4974,MODERATE
T+120min,R-890,14104987804,1375215100,39.68,residential,0.201,0.209,0.6028,0.418,0.4919,MODERATE
T+120min,R-891,14104987804,245667863,4.84,residential,0.208,0.209,0.598,0.418,0.49,MODERATE
T+120min,R-892,14104987804,2897024862,300.37,secondary,0.116,0.211,0.4572,0.422,0.4361,MODERATE
T+120min,R-893,14104987809,2244637021,74.16,residential,0.167,0.184,0.5536,0.368,0.4422,MODERATE
T+120min,R-894,14130497014,14130497015,20.82,residential,,,,,,UNKNOWN
T+120min,R-895,14130497014,245668208,194.59,residential,,,,,,UNKNOWN
T+120min,R-896,14130497014,9684698224,20.89,residential,,,,,,UNKNOWN
T+120min,R-897,14130497015,14130497014,20.82,residential,,,,,,UNKNOWN
T+120min,R-898,14130497022,9684698224,12.76,residential,,,,,,UNKNOWN
T+120min,R-899,1934627523,245667676,129.94,residential,0.162,0.193,0.6147,0.386,0.4775,MODERATE
T+120min,R-900,1934627523,245667685,78.23,residential,0.115,0.132,0.4226,0.264,0.3274,MODERATE
T+120min,R-901,1934627523,6490872923,21.5,residential,0.109,0.129,0.4078,0.258,0.3179,MODERATE
T+120min,R-902,2244637004,13614452347,193.91,trunk,0.181,0.221,0.6101,0.442,0.5092,HIGH
T+120min,R-903,2244637004,2244637007,89.18,residential,0.144,0.177,0.5133,0.354,0.4177,MODERATE
T+120min,R-904,2244637004,245667542,25.01,residential,0.176,0.177,0.6216,0.354,0.461,MODERATE
T+120min,R-905,2244637007,13408237102,132.8,residential,0.117,0.163,0.469,0.326,0.3832,MODERATE
T+120min,R-906,2244637007,2244637004,89.18,residential,0.144,0.177,0.5138,0.354,0.4179,MODERATE
T+120min,R-907,2244637007,245667730,204.59,residential,0.058,0.112,0.3229,0.224,0.2636,MODERATE
T+120min,R-908,2244637012,11054646813,57.63,residential,0.145,0.184,0.4587,0.368,0.4043,MODERATE
T+120min,R-909,2244637012,6491091371,66.53,residential,0.177,0.193,0.5268,0.386,0.4423,MODERATE
T+120min,R-910,2244637012,6491091372,66.0,residential,0.152,0.184,0.4838,0.368,0.4143,MODERATE
T+120min,R-911,2244637013,245667730,33.76,residential,0.127,0.138,0.4897,0.276,0.3615,MODERATE
T+120min,R-912,2244637013,245667764,7.33,residential,0.138,0.138,0.502,0.276,0.3664,MODERATE
T+120min,R-913,2244637013,6554271024,71.18,residential,0.13,0.139,0.4944,0.278,0.3646,MODERATE
T+120min,R-914,2244637021,14104987809,74.16,residential,0.167,0.184,0.5536,0.368,0.4422,MODERATE
T+120min,R-915,2244637021,2244637027,74.94,residential,0.167,0.174,0.5637,0.348,0.4343,MODERATE
T+120min,R-916,2244637021,245667764,103.45,residential,0.158,0.168,0.554,0.336,0.4232,MODERATE
T+120min,R-917,2244637021,6554271024,67.22,residential,0.151,0.162,0.5444,0.324,0.4122,MODERATE
T+120min,R-918,2244637026,2244637067,191.26,residential,0.19,0.263,0.5572,0.526,0.5385,HIGH
T+120min,R-919,2244637026,4342420383,43.76,residential,0.114,0.15,0.4286,0.3,0.3514,MODERATE
T+120min,R-920,2244637026,6554206834,113.08,residential,0.135,0.159,0.4986,0.318,0.3902,MODERATE
T+120min,R-921,2244637027,1375215100,35.49,residential,0.175,0.188,0.5616,0.376,0.4502,MODERATE
T+120min,R-922,2244637027,2244637021,74.94,residential,0.167,0.174,0.5637,0.348,0.4343,MODERATE
T+120min,R-923,2244637027,6490968308,168.17,residential,0.184,0.213,0.6348,0.426,0.5095,HIGH
T+120min,R-924,2244637034,2244637056,315.81,residential,0.155,0.213,0.5099,0.426,0.4596,MODERATE
T+120min,R-925,2244637034,4342420383,83.76,residential,0.174,0.189,0.5691,0.378,0.4544,MODERATE
T+120min,R-926,2244637034,4342420490,83.59,residential,0.205,0.228,0.6361,0.456,0.528,HIGH
T+120min,R-927,2244637056,11054673420,46.64,residential,,,,,,UNKNOWN
T+120min,R-928,2244637056,2244637034,315.81,residential,0.155,0.213,0.5099,0.426,0.4596,MODERATE
T+120min,R-929,2244637056,622060872,101.59,residential,,,,,,UNKNOWN
T+120min,R-930,2244637067,2244637026,191.26,residential,0.19,0.263,0.5572,0.526,0.5385,HIGH
T+120min,R-931,2244637067,6554236440,32.92,tertiary,0.18,0.201,0.5162,0.402,0.4477,MODERATE
T+120min,R-932,2244637067,6554236441,210.33,tertiary,0.227,0.254,0.5924,0.508,0.5418,HIGH
T+120min,R-933,2244637068,10923690293,48.3,residential,,,,,,UNKNOWN
T+120min,R-934,2244637068,245668029,141.2,residential,,,,,,UNKNOWN
T+120min,R-935,2244637068,622060802,19.11,residential,,,,,,UNKNOWN
T+120min,R-936,2244797470,2804520131,226.51,residential,0.172,0.227,0.557,0.454,0.4952,MODERATE
T+120min,R-937,2244797686,10925931739,51.06,residential,0.192,0.22,0.5478,0.44,0.4831,MODERATE
T+120min,R-938,2244797686,11046194845,23.64,residential,0.229,0.237,0.6192,0.474,0.5321,HIGH
T+120min,R-939,2244797686,13601073293,20.6,residential,0.228,0.239,0.6713,0.478,0.5553,HIGH
T+120min,R-940,2244797706,13619539396,35.28,residential,,,,,,UNKNOWN
T+120min,R-941,2244797706,13619570121,14.73,residential,,,,,,UNKNOWN
T+120min,R-942,2244797706,245668374,37.97,residential,,,,,,UNKNOWN
T+120min,R-943,2439333822,10696472349,119.0,residential,0.168,0.177,0.5907,0.354,0.4487,MODERATE
T+120min,R-944,2439333822,13638535655,45.9,residential,0.167,0.17,0.5945,0.34,0.4418,MODERATE
T+120min,R-945,2439333822,13638535656,61.17,residential,0.175,0.189,0.6048,0.378,0.4687,MODERATE
T+120min,R-946,245665874,3641869342,23.74,tertiary,0.138,0.144,0.466,0.288,0.3592,MODERATE
T+120min,R-947,245665874,6428811261,15.69,tertiary,0.14,0.147,0.4602,0.294,0.3605,MODERATE
T+120min,R-948,245665910,10653501374,119.23,residential,0.179,0.203,0.6197,0.406,0.4915,MODERATE
T+120min,R-949,245665910,13617092840,6.78,tertiary,0.197,0.199,0.6266,0.398,0.4894,MODERATE
T+120min,R-950,245666041,245666337,213.16,tertiary,,,,,,UNKNOWN
T+120min,R-951,245666041,2897024596,11.16,tertiary,,,,,,UNKNOWN
T+120min,R-952,245666077,10091403659,64.63,tertiary,0.136,0.154,0.5223,0.308,0.3937,MODERATE
T+120min,R-953,245666077,13617067002,5.65,tertiary_link,0.151,0.154,0.5326,0.308,0.3978,MODERATE
T+120min,R-954,245666078,245666041,109.96,tertiary,0.151,0.161,0.5458,0.322,0.4115,MODERATE
T+120min,R-955,245666078,2897024594,8.02,tertiary,0.136,0.137,0.4945,0.274,0.3622,MODERATE
T+120min,R-956,245666141,2897024627,11.81,tertiary,0.129,0.133,0.4855,0.266,0.3538,MODERATE
T+120min,R-957,245666141,9469495782,392.7,secondary,0.145,0.172,0.5788,0.344,0.4379,MODERATE
T+120min,R-958,245666158,13619318853,9.0,tertiary,0.121,0.125,0.4593,0.25,0.3337,MODERATE
T+120min,R-959,245666158,13619318866,23.09,tertiary,0.137,0.152,0.466,0.304,0.3688,MODERATE
T+120min,R-960,245666190,10696472349,28.07,residential,0.139,0.144,0.488,0.288,0.368,MODERATE
T+120min,R-961,245666190,13638535652,74.18,residential,0.14,0.146,0.5097,0.292,0.3791,MODERATE
T+120min,R-962,245666190,13638535655,46.91,residential,0.153,0.17,0.5597,0.34,0.4279,MODERATE
T+120min,R-963,245666190,245666260,65.45,residential,0.121,0.142,0.4774,0.284,0.3614,MODERATE
T+120min,R-964,245666191,13619318852,13.1,residential,0.146,0.15,0.4765,0.3,0.3706,MODERATE
T+120min,R-965,245666191,13619318854,61.43,residential,0.123,0.142,0.4603,0.284,0.3545,MODERATE
T+120min,R-966,245666191,13638535686,66.58,residential,0.172,0.193,0.5928,0.386,0.4687,MODERATE
T+120min,R-967,245666192,10091403664,6.21,residential,0.208,0.208,0.768,0.416,0.5568,HIGH
T+120min,R-968,245666192,13614337239,132.84,residential,0.175,0.208,0.6408,0.416,0.5059,HIGH
T+120min,R-969,245666192,245666077,122.53,tertiary,0.184,0.208,0.7018,0.416,0.5303,HIGH
T+120min,R-970,245666260,10696472308,71.83,residential,0.098,0.108,0.4326,0.216,0.3026,MODERATE
T+120min,R-971,245666260,10696472350,30.74,residential,0.112,0.117,0.4788,0.234,0.3319,MODERATE
T+120min,R-972,245666260,245666190,65.45,residential,0.121,0.142,0.4774,0.284,0.3614,MODERATE
T+120min,R-973,245666260,245666323,46.8,residential,0.115,0.119,0.4696,0.238,0.3306,MODERATE
T+120min,R-974,245666274,10292442915,11.26,secondary,0.073,0.075,0.4062,0.15,0.2525,MODERATE
T+120min,R-975,245666274,12409410388,80.29,secondary,0.078,0.084,0.4431,0.168,0.278,MODERATE
T+120min,R-976,245666323,10696472307,69.45,residential,0.12,0.134,0.4726,0.268,0.3498,MODERATE
T+120min,R-977,245666323,245666260,46.8,residential,0.115,0.119,0.4696,0.238,0.3306,MODERATE
T+120min,R-978,245666323,245666367,64.51,residential,0.146,0.172,0.5129,0.344,0.4116,MODERATE
T+120min,R-979,245666337,245666041,213.16,tertiary,,,,,,UNKNOWN
T+120min,R-980,245666351,10653501375,155.72,residential,0.119,0.157,0.4554,0.314,0.3706,MODERATE
T+120min,R-981,245666351,13638530342,13.01,residential,0.152,0.152,0.5428,0.304,0.3995,MODERATE
T+120min,R-982,245666351,245666385,23.02,residential,0.156,0.161,0.5563,0.322,0.4157,MODERATE
T+120min,R-983,245666367,10696472306,71.59,residential,0.168,0.176,0.61,0.352,0.4552,MODERATE
T+120min,R-984,245666367,245666323,64.51,residential,0.146,0.172,0.5129,0.344,0.4116,MODERATE
T+120min,R-985,245666367,245666446,67.69,residential,0.176,0.185,0.598,0.37,0.4612,MODERATE
T+120min,R-986,245666370,13617040697,6.68,tertiary_link,0.188,0.195,0.5431,0.39,0.4512,MODERATE
T+120min,R-987,245666370,3803643818,26.19,tertiary,0.19,0.195,0.5481,0.39,0.4532,MODERATE
T+120min,R-988,245666371,245666141,219.36,tertiary,0.121,0.132,0.5323,0.264,0.3713,MODERATE
T+120min,R-989,245666371,2897024642,10.98,tertiary,0.111,0.111,0.4643,0.222,0.3189,MODERATE
T+120min,R-990,245666385,245666351,23.02,residential,0.156,0.161,0.5563,0.322,0.4157,MODERATE
T+120min,R-991,245666386,245666830,107.91,tertiary,0.106,0.114,0.5195,0.228,0.3446,MODERATE
T+120min,R-992,245666386,2897024660,251.12,tertiary,0.143,0.191,0.6289,0.382,0.4808,MODERATE
T+120min,R-993,245666386,6554384670,83.86,tertiary,0.087,0.11,0.4156,0.22,0.2982,MODERATE
T+120min,R-994,245666426,12311766936,10.15,tertiary,0.137,0.145,0.5544,0.29,0.3958,MODERATE
T+120min,R-995,245666446,10696472356,29.73,residential,0.18,0.186,0.5907,0.372,0.4595,MODERATE
T+120min,R-996,245666446,13638535661,65.41,residential,0.163,0.171,0.5312,0.342,0.4177,MODERATE
T+120min,R-997,245666446,13638535670,97.55,residential,0.156,0.169,0.5421,0.338,0.4196,MODERATE
T+120min,R-998,245666446,245666367,67.69,residential,0.176,0.185,0.598,0.37,0.4612,MODERATE
T+120min,R-999,245666448,476480258,333.56,tertiary,0.089,0.142,0.483,0.284,0.3636,MODERATE
T+120min,R-1000,245666448,476480287,301.33,secondary,0.088,0.127,0.517,0.254,0.3592,MODERATE
T+120min,R-1001,245666482,10696472347,74.32,residential,0.205,0.211,0.7583,0.422,0.5565,HIGH
T+120min,R-1002,245666482,13638546110,17.87,residential,0.206,0.21,0.6513,0.42,0.5125,HIGH
T+120min,R-1003,245666482,13638546112,29.08,residential,0.211,0.213,0.6974,0.426,0.5346,HIGH
T+120min,R-1004,245666579,12350391112,182.63,tertiary,0.18,0.239,0.5476,0.478,0.5058,HIGH
T+120min,R-1005,245666579,12350425034,7.73,residential,0.233,0.234,0.5978,0.468,0.5199,HIGH
T+120min,R-1006,245666579,245666651,97.11,residential,0.24,0.249,0.6776,0.498,0.5698,HIGH
T+120min,R-1007,245666651,245666579,97.11,residential,0.24,0.249,0.6776,0.498,0.5698,HIGH
T+120min,R-1008,245666651,245666881,141.24,residential,0.255,0.286,0.6601,0.572,0.6072,HIGH
T+120min,R-1009,245666651,8443491310,77.22,residential,0.192,0.208,0.5504,0.416,0.4698,MODERATE
T+120min,R-1010,245666801,10724781030,7.12,tertiary,0.252,0.253,0.8067,0.506,0.6263,HIGH
T+120min,R-1011,245666801,13620657537,134.61,residential,0.242,0.254,0.8174,0.508,0.6318,HIGH
T+120min,R-1012,245666801,7372035744,85.2,tertiary,0.241,0.262,0.8049,0.524,0.6364,HIGH
T+120min,R-1013,245666830,245666386,107.91,tertiary,0.106,0.114,0.5195,0.228,0.3446,MODERATE
T+120min,R-1014,245666830,245666882,247.89,tertiary,0.115,0.15,0.4997,0.3,0.3799,MODERATE
T+120min,R-1015,245666830,2897024695,7.98,tertiary,0.108,0.11,0.4982,0.22,0.3313,MODERATE
T+120min,R-1016,245666831,245666830,175.07,tertiary,0.09,0.11,0.4791,0.22,0.3236,MODERATE
T+120min,R-1017,245666831,2897024683,8.09,unclassified,0.077,0.078,0.4362,0.156,0.2681,MODERATE
T+120min,R-1018,245666881,13638081817,44.87,tertiary,0.247,0.259,0.5942,0.518,0.5485,HIGH
T+120min,R-1019,245666881,13638081818,25.11,residential,0.236,0.259,0.5851,0.518,0.5448,HIGH
T+120min,R-1020,245666881,245666651,141.24,residential,0.255,0.286,0.6601,0.572,0.6072,HIGH
T+120min,R-1021,245666882,2897024660,92.96,tertiary,0.134,0.148,0.4922,0.296,0.3745,MODERATE
T+120min,R-1022,245666882,2897024710,8.15,tertiary,0.133,0.133,0.5006,0.266,0.3598,MODERATE
T+120min,R-1023,245666882,2897024713,60.67,tertiary,0.118,0.133,0.483,0.266,0.3528,MODERATE
T+120min,R-1024,245666901,13616287392,72.28,tertiary,0.276,0.29,0.7323,0.58,0.6409,HIGH
T+120min,R-1025,245666901,13626183257,111.52,residential,0.242,0.275,0.6373,0.55,0.5849,HIGH
T+120min,R-1026,245666901,13638081807,20.6,tertiary,0.272,0.275,0.7216,0.55,0.6186,HIGH
T+120min,R-1027,245666901,245667237,238.41,residential,0.237,0.28,0.6067,0.56,0.5787,HIGH
T+120min,R-1028,245666966,10279771631,47.09,secondary,0.094,0.106,0.4091,0.212,0.2908,MODERATE
T+120min,R-1029,245666966,2897024737,8.19,primary,0.086,0.086,0.3925,0.172,0.2602,MODERATE
T+120min,R-1030,245667237,245666901,238.41,residential,0.237,0.28,0.6067,0.56,0.5787,HIGH
T+120min,R-1031,245667361,245667423,226.08,trunk,0.096,0.148,0.4103,0.296,0.3417,MODERATE
T+120min,R-1032,245667361,245667468,151.02,residential,0.043,0.148,0.2609,0.296,0.282,MODERATE
T+120min,R-1033,245667423,13798296276,46.96,trunk,0.136,0.151,0.4931,0.302,0.3784,MODERATE
T+120min,R-1034,245667423,2804481652,36.04,residential,0.122,0.126,0.4946,0.252,0.349,MODERATE
T+120min,R-1035,245667423,622060792,187.57,residential,0.136,0.171,0.5076,0.342,0.4082,MODERATE
T+120min,R-1036,245667468,12378368426,17.87,residential,0.006,0.007,0.1798,0.014,0.0803,LOW
T+120min,R-1037,245667468,13618292019,4.23,residential,0.005,0.006,0.1804,0.012,0.0794,LOW
T+120min,R-1038,245667468,245667361,151.02,residential,0.043,0.148,0.261,0.296,0.282,MODERATE
T+120min,R-1039,245667542,10265662175,84.99,trunk,0.171,0.177,0.6449,0.354,0.4704,MODERATE
T+120min,R-1040,245667542,2244637004,25.01,residential,0.176,0.177,0.6216,0.354,0.461,MODERATE
T+120min,R-1041,245667676,1934627523,129.94,residential,0.162,0.193,0.6147,0.386,0.4775,MODERATE
T+120min,R-1042,245667676,245667730,74.15,residential,0.113,0.128,0.4148,0.256,0.3195,MODERATE
T+120min,R-1043,245667676,245667764,98.77,residential,0.164,0.2,0.5775,0.4,0.471,MODERATE
T+120min,R-1044,245667685,1934627523,78.23,residential,0.115,0.132,0.4226,0.264,0.3274,MODERATE
T+120min,R-1045,245667685,623895377,201.78,residential,0.101,0.146,0.4526,0.292,0.3562,MODERATE
T+120min,R-1046,245667685,6428793085,38.34,residential,0.112,0.135,0.4701,0.27,0.35,MODERATE
T+120min,R-1047,245667730,2244637007,204.59,residential,0.058,0.112,0.3229,0.224,0.2636,MODERATE
T+120min,R-1048,245667730,2244637013,33.76,residential,0.127,0.138,0.4897,0.276,0.3615,MODERATE
T+120min,R-1049,245667730,245667676,74.15,residential,0.113,0.128,0.4148,0.256,0.3195,MODERATE
T+120min,R-1050,245667764,2244637013,7.33,residential,0.138,0.138,0.502,0.276,0.3664,MODERATE
T+120min,R-1051,245667764,2244637021,103.45,residential,0.158,0.168,0.554,0.336,0.4232,MODERATE
T+120min,R-1052,245667764,245667676,98.77,residential,0.164,0.2,0.5775,0.4,0.471,MODERATE
T+120min,R-1053,245667803,245667757,255.38,trunk,0.16,0.189,0.5713,0.378,0.4553,MODERATE
T+120min,R-1054,245667803,5911310869,13.75,tertiary,0.168,0.169,0.5789,0.338,0.4344,MODERATE
T+120min,R-1055,245667863,13619400539,98.56,secondary,0.203,0.211,0.5998,0.422,0.4931,MODERATE
T+120min,R-1056,245667863,14104987804,4.84,residential,0.208,0.209,0.598,0.418,0.49,MODERATE
T+120min,R-1057,245667863,245667933,47.83,residential,0.204,0.211,0.6468,0.422,0.5119,HIGH
T+120min,R-1058,245667933,10925931781,125.58,residential,0.173,0.203,0.5604,0.406,0.4678,MODERATE
T+120min,R-1059,245667933,245667863,47.83,residential,0.204,0.211,0.6468,0.422,0.5119,HIGH
T+120min,R-1060,245667933,245668038,114.17,residential,0.142,0.192,0.5464,0.384,0.449,MODERATE
T+120min,R-1061,245667933,6490861784,77.54,residential,0.175,0.199,0.5677,0.398,0.4659,MODERATE
T+120min,R-1062,245667958,245668141,125.66,residential,0.128,0.142,0.4961,0.284,0.3688,MODERATE
T+120min,R-1063,245667960,622060872,43.75,residential,,,,,,UNKNOWN
T+120min,R-1064,245668000,1375215119,42.9,tertiary,0.194,0.206,0.597,0.412,0.486,MODERATE
T+120min,R-1065,245668000,245668015,6.76,tertiary,0.208,0.21,0.6345,0.42,0.5058,HIGH
T+120min,R-1066,245668000,4342420553,69.13,residential,0.188,0.206,0.5755,0.412,0.4774,MODERATE
T+120min,R-1067,245668015,14104987804,130.23,secondary,0.205,0.211,0.6197,0.422,0.5011,HIGH
T+120min,R-1068,245668015,245668000,6.76,tertiary,0.208,0.21,0.6345,0.42,0.5058,HIGH
T+120min,R-1069,245668015,7404711447,9.51,secondary,0.21,0.21,0.6627,0.42,0.5171,HIGH
T+120min,R-1070,245668029,2244637068,141.2,residential,,,,,,UNKNOWN
T+120min,R-1071,245668029,623895533,58.72,tertiary,,,,,,UNKNOWN
T+120min,R-1072,245668029,6554236441,12.21,tertiary,,,,,,UNKNOWN
T+120min,R-1073,245668038,245667933,114.17,residential,0.142,0.192,0.5464,0.384,0.449,MODERATE
T+120min,R-1074,245668038,4342420515,64.09,residential,0.112,0.158,0.4368,0.316,0.3643,MODERATE
T+120min,R-1075,245668038,7404711443,19.69,residential,0.108,0.119,0.4613,0.238,0.3273,MODERATE
T+120min,R-1076,245668039,10925931781,8.27,secondary,0.206,0.209,0.6739,0.418,0.5204,HIGH
T+120min,R-1077,245668039,7404711447,18.91,secondary,0.21,0.211,0.6946,0.422,0.531,HIGH
T+120min,R-1078,245668141,245667958,125.66,residential,0.128,0.142,0.4961,0.284,0.3688,MODERATE
T+120min,R-1079,245668141,245668208,104.5,residential,,,,,,UNKNOWN
T+120min,R-1080,245668141,7404711443,156.42,residential,0.103,0.119,0.4503,0.238,0.3229,MODERATE
T+120min,R-1081,245668185,1375251567,40.24,residential,0.128,0.135,0.4768,0.27,0.3527,MODERATE
T+120min,R-1082,245668197,13619403785,22.99,residential,,,,,,UNKNOWN
T+120min,R-1083,245668197,13619403788,28.94,residential,,,,,,UNKNOWN
T+120min,R-1084,245668197,622039360,19.56,residential,,,,,,UNKNOWN
T+120min,R-1085,245668208,13617280082,44.67,residential,,,,,,UNKNOWN
T+120min,R-1086,245668208,14130497014,194.59,residential,,,,,,UNKNOWN
T+120min,R-1087,245668208,245668141,104.5,residential,,,,,,UNKNOWN
T+120min,R-1088,245668226,4342420553,194.56,residential,,,,,,UNKNOWN
T+120min,R-1089,245668277,13619239367,186.93,tertiary,0.149,0.149,0.4876,0.298,0.3738,MODERATE
T+120min,R-1090,245668277,13621749581,25.79,residential,0.141,0.149,0.4708,0.298,0.3671,MODERATE
T+120min,R-1091,245668277,1375251567,150.21,tertiary,0.133,0.149,0.4932,0.298,0.3761,MODERATE
T+120min,R-1092,245668286,13619403787,71.42,residential,,,,,,UNKNOWN
T+120min,R-1093,245668286,13622445020,9.07,residential,,,,,,UNKNOWN
T+120min,R-1094,245668286,13622445933,2.71,residential,,,,,,UNKNOWN
T+120min,R-1095,245668324,13619239369,14.91,residential,,,,,,UNKNOWN
T+120min,R-1096,245668324,13619243545,58.86,residential,,,,,,UNKNOWN
T+120min,R-1097,245668324,13619403788,104.46,residential,,,,,,UNKNOWN
T+120min,R-1098,245668373,9445072347,17.59,residential,,,,,,UNKNOWN
T+120min,R-1099,245668374,13619500839,8.05,residential,,,,,,UNKNOWN
T+120min,R-1100,245668374,13619500841,60.13,residential,,,,,,UNKNOWN
T+120min,R-1101,245668374,2244797706,37.97,residential,,,,,,UNKNOWN
T+120min,R-1102,245668449,9684698224,16.58,residential,,,,,,UNKNOWN
T+120min,R-1103,2804481652,12334925193,362.75,trunk,0.126,0.195,0.4772,0.39,0.4249,MODERATE
T+120min,R-1104,2804481652,245667423,36.04,residential,0.122,0.126,0.4946,0.252,0.349,MODERATE
T+120min,R-1105,2804481652,6926279722,104.56,residential,0.147,0.17,0.569,0.34,0.4316,MODERATE
T+120min,R-1106,2804520131,2244797470,226.51,residential,0.172,0.227,0.557,0.454,0.4952,MODERATE
T+120min,R-1107,2804520131,5470238123,64.33,trunk,0.2,0.211,0.6686,0.422,0.5206,HIGH
T+120min,R-1108,2897022098,2897024519,92.09,primary_link,0.09,0.108,0.4687,0.216,0.3171,MODERATE
T+120min,R-1109,2897022098,296857831,61.85,secondary,0.085,0.092,0.4521,0.184,0.2912,MODERATE
T+120min,R-1110,2897024501,2897024596,235.36,tertiary,0.159,0.193,0.5773,0.386,0.4625,MODERATE
T+120min,R-1111,2897024506,2897022099,22.66,secondary,0.074,0.075,0.4026,0.15,0.251,MODERATE
T+120min,R-1112,2897024517,2897024636,404.85,tertiary,0.112,0.15,0.4991,0.3,0.3796,MODERATE
T+120min,R-1113,2897024517,476489029,11.98,unclassified,0.096,0.098,0.4595,0.196,0.3014,MODERATE
T+120min,R-1114,2897024519,476465252,53.37,primary,0.112,0.116,0.4909,0.232,0.3356,MODERATE
T+120min,R-1115,2897024523,2897024506,45.51,secondary,0.081,0.088,0.434,0.176,0.2792,MODERATE
T+120min,R-1116,2897024523,296857831,7.92,primary,0.09,0.092,0.4444,0.184,0.2882,MODERATE
T+120min,R-1117,2897024540,2897024506,59.55,primary_link,0.078,0.084,0.4233,0.168,0.2701,MODERATE
T+120min,R-1118,2897024540,2897024523,36.76,primary,0.086,0.088,0.4277,0.176,0.2767,MODERATE
T+120min,R-1119,2897024594,476489029,208.98,tertiary,0.129,0.155,0.5571,0.31,0.4088,MODERATE
T+120min,R-1120,2897024595,2897024597,9.02,secondary,0.05,0.052,0.3409,0.104,0.1988,LOW
T+120min,R-1121,2897024595,476480400,221.79,tertiary,0.057,0.066,0.3975,0.132,0.2382,LOW
T+120min,R-1122,2897024596,245666041,11.16,tertiary,,,,,,UNKNOWN
T+120min,R-1123,2897024596,2897024501,235.36,tertiary,0.159,0.193,0.5773,0.386,0.4625,MODERATE
T+120min,R-1124,2897024596,2897024594,104.69,tertiary,0.146,0.155,0.5255,0.31,0.3962,MODERATE
T+120min,R-1125,2897024597,2897024609,68.22,secondary,0.077,0.105,0.415,0.21,0.292,MODERATE
T+120min,R-1126,2897024601,2897024540,170.92,primary,0.089,0.106,0.4618,0.212,0.3119,MODERATE
T+120min,R-1127,2897024609,2897024601,56.78,primary_link,0.107,0.114,0.5188,0.228,0.3443,MODERATE
T+120min,R-1128,2897024609,296857806,46.19,secondary,0.115,0.119,0.5605,0.238,0.367,MODERATE
T+120min,R-1129,2897024611,245666448,77.45,secondary,0.082,0.11,0.4331,0.22,0.3052,MODERATE
T+120min,R-1130,2897024614,12079741513,6.96,primary,0.115,0.115,0.5837,0.23,0.3715,MODERATE
T+120min,R-1131,2897024615,2897024611,41.55,secondary,0.117,0.119,0.5793,0.238,0.3745,MODERATE
T+120min,R-1132,2897024615,296857806,8.19,primary,0.119,0.119,0.5919,0.238,0.3796,MODERATE
T+120min,R-1133,2897024623,245666274,233.6,secondary,0.105,0.156,0.4693,0.312,0.3749,MODERATE
T+120min,R-1134,2897024623,2897024625,11.8,tertiary,0.113,0.117,0.4458,0.234,0.3187,MODERATE
T+120min,R-1135,2897024625,245666141,10.97,secondary,0.116,0.125,0.4596,0.25,0.3338,MODERATE
T+120min,R-1136,2897024625,2897024642,223.77,tertiary,0.12,0.132,0.5727,0.264,0.3875,MODERATE
T+120min,R-1137,2897024627,2897024623,10.97,secondary,0.125,0.133,0.4721,0.266,0.3484,MODERATE
T+120min,R-1138,2897024628,2897024611,68.06,primary_link,0.111,0.119,0.5734,0.238,0.3722,MODERATE
T+120min,R-1139,2897024628,2897024615,47.23,primary,0.111,0.119,0.5883,0.238,0.3781,MODERATE
T+120min,R-1140,2897024636,2897024667,203.56,tertiary,0.109,0.132,0.4789,0.264,0.35,MODERATE
T+120min,R-1141,2897024636,476488948,11.98,unclassified,0.117,0.119,0.5122,0.238,0.3477,MODERATE
T+120min,R-1142,2897024642,245666371,10.98,tertiary,0.111,0.111,0.4643,0.222,0.3189,MODERATE
T+120min,R-1143,2897024642,2897024644,139.0,tertiary,0.11,0.144,0.4913,0.288,0.3693,MODERATE
T+120min,R-1144,2897024642,476480258,98.6,tertiary,0.133,0.158,0.5451,0.316,0.4076,MODERATE
T+120min,R-1145,2897024644,2897024648,48.67,primary_link,0.068,0.07,0.3936,0.14,0.2414,LOW
T+120min,R-1146,2897024644,296853816,34.75,tertiary,0.07,0.073,0.4008,0.146,0.2479,LOW
T+120min,R-1147,2897024648,2897024628,340.79,primary,0.067,0.093,0.424,0.186,0.2812,MODERATE
T+120min,R-1148,2897024651,245666371,171.79,tertiary,0.104,0.148,0.4902,0.296,0.3737,MODERATE
T+120min,R-1149,2897024651,296853816,8.12,primary,0.074,0.075,0.4146,0.15,0.2558,MODERATE
T+120min,R-1150,2897024656,2897024658,8.31,primary,0.078,0.079,0.4245,0.158,0.2646,MODERATE
T+120min,R-1151,2897024656,6552594955,26.66,tertiary,0.083,0.087,0.4386,0.174,0.2798,MODERATE
T+120min,R-1152,2897024658,2897024651,18.15,tertiary,0.076,0.077,0.4226,0.154,0.2614,MODERATE
T+120min,R-1153,2897024658,2897024742,383.65,primary,0.095,0.116,0.462,0.232,0.324,MODERATE
T+120min,R-1154,2897024660,245666386,251.12,tertiary,0.143,0.191,0.6289,0.382,0.4808,MODERATE
T+120min,R-1155,2897024660,245666882,92.96,tertiary,0.134,0.148,0.4922,0.296,0.3745,MODERATE
T+120min,R-1156,2897024660,9771116360,47.48,residential,0.135,0.149,0.4824,0.298,0.3718,MODERATE
T+120min,R-1157,2897024667,2897024676,9.67,tertiary,0.135,0.138,0.5329,0.276,0.3788,MODERATE
T+120min,R-1158,2897024667,2897024687,75.77,tertiary,0.144,0.157,0.5717,0.314,0.4171,MODERATE
T+120min,R-1159,2897024676,245666426,12.12,tertiary,0.142,0.145,0.5751,0.29,0.404,MODERATE
T+120min,R-1160,2897024676,2897024734,183.57,tertiary,0.162,0.189,0.5922,0.378,0.4637,MODERATE
T+120min,R-1161,2897024677,245666831,8.08,tertiary,0.077,0.078,0.4251,0.156,0.2636,MODERATE
T+120min,R-1162,2897024682,2897024658,114.45,tertiary,0.088,0.095,0.4884,0.19,0.3094,MODERATE
T+120min,R-1163,2897024682,2897024677,8.07,unclassified,0.08,0.081,0.4447,0.162,0.2751,MODERATE
T+120min,R-1164,2897024683,11027088421,488.66,unclassified,0.133,0.194,0.5703,0.388,0.4609,MODERATE
T+120min,R-1165,2897024683,2897024682,8.08,tertiary,0.08,0.081,0.4547,0.162,0.2791,MODERATE
T+120min,R-1166,2897024687,631525434,8.19,tertiary,0.129,0.134,0.4976,0.268,0.3598,MODERATE
T+120min,R-1167,2897024687,9469495781,44.22,tertiary,0.124,0.134,0.4957,0.268,0.3591,MODERATE
T+120min,R-1168,2897024695,245666830,7.98,tertiary,0.108,0.11,0.4982,0.22,0.3313,MODERATE
T+120min,R-1169,2897024695,7749797394,54.4,tertiary,0.104,0.106,0.483,0.212,0.3204,MODERATE
T+120min,R-1170,2897024696,12084454212,7.67,secondary,0.123,0.124,0.5075,0.248,0.3518,MODERATE
T+120min,R-1171,2897024710,245666882,8.15,tertiary,0.133,0.133,0.5006,0.266,0.3598,MODERATE
T+120min,R-1172,2897024710,2897024695,247.3,tertiary,0.112,0.146,0.4967,0.292,0.3739,MODERATE
T+120min,R-1173,2897024711,2897024737,125.16,secondary,0.103,0.122,0.4379,0.244,0.3216,MODERATE
T+120min,R-1174,2897024711,631507969,7.99,tertiary,0.124,0.127,0.4821,0.254,0.3452,MODERATE
T+120min,R-1175,2897024713,13616287395,8.37,residential,0.121,0.123,0.4778,0.246,0.3387,MODERATE
T+120min,R-1176,2897024713,3803645219,36.4,tertiary,0.136,0.154,0.4846,0.308,0.3786,MODERATE
T+120min,R-1177,2897024734,2897024749,99.11,tertiary,,,,,,UNKNOWN
T+120min,R-1178,2897024734,631507991,10.02,tertiary,,,,,,UNKNOWN
T+120min,R-1179,2897024734,631525440,214.13,tertiary,0.189,0.211,0.6535,0.422,0.5146,HIGH
T+120min,R-1180,2897024737,2897024651,386.36,primary,0.097,0.118,0.4503,0.236,0.3217,MODERATE
T+120min,R-1181,2897024737,2897024742,18.7,secondary,0.095,0.104,0.4119,0.208,0.2896,MODERATE
T+120min,R-1182,2897024742,631525438,9.99,primary,0.103,0.104,0.4276,0.208,0.2958,MODERATE
T+120min,R-1183,2897024748,2897024751,8.0,tertiary_link,0.203,0.206,0.5689,0.412,0.4748,MODERATE
T+120min,R-1184,2897024748,6590384792,229.76,tertiary,0.24,0.312,0.7328,0.624,0.6675,HIGH
T+120min,R-1185,2897024749,2897024753,7.99,tertiary,,,,,,UNKNOWN
T+120min,R-1186,2897024749,2897024795,205.85,tertiary,0.165,0.178,0.5424,0.356,0.4306,MODERATE
T+120min,R-1187,2897024751,13616287393,231.94,tertiary,0.202,0.226,0.5889,0.452,0.5068,HIGH
T+120min,R-1188,2897024751,2897024748,8.0,tertiary_link,0.203,0.206,0.5689,0.412,0.4748,MODERATE
T+120min,R-1189,2897024752,12350931356,11.49,tertiary,,,,,,UNKNOWN
T+120min,R-1190,2897024753,12350931356,9.43,tertiary,,,,,,UNKNOWN
T+120min,R-1191,2897024753,2897024759,11.78,tertiary,,,,,,UNKNOWN
T+120min,R-1192,2897024777,2897024753,106.64,tertiary,,,,,,UNKNOWN
T+120min,R-1193,2897024777,6491469979,104.67,tertiary,,,,,,UNKNOWN
T+120min,R-1194,2897024795,10279771627,346.77,primary,0.191,0.246,0.6445,0.492,0.553,HIGH
T+120min,R-1195,2897024795,2897024798,17.97,tertiary,0.178,0.182,0.5274,0.364,0.4294,MODERATE
T+120min,R-1196,2897024798,631507993,8.0,primary,0.187,0.192,0.5296,0.384,0.4422,MODERATE
T+120min,R-1197,2897024862,7366246698,11.91,trunk,0.12,0.128,0.4117,0.256,0.3183,MODERATE
T+120min,R-1198,2897024865,2897024862,13.22,trunk,0.12,0.127,0.4202,0.254,0.3205,MODERATE
T+120min,R-1199,2897024865,2897024870,19.33,secondary,0.121,0.127,0.439,0.254,0.328,MODERATE
T+120min,R-1200,2897024866,13619457125,9.61,trunk_link,0.15,0.161,0.4889,0.322,0.3888,MODERATE
T+120min,R-1201,2897024866,2897024865,42.35,trunk,0.151,0.161,0.5023,0.322,0.3941,MODERATE
T+120min,R-1202,2897024870,13618347449,18.77,secondary,0.096,0.116,0.3832,0.232,0.2925,MODERATE
T+120min,R-1203,296853790,11271580571,23.73,primary,0.122,0.123,0.5122,0.246,0.3525,MODERATE
T+120min,R-1204,296853793,13619939784,6.85,primary,0.099,0.099,0.4551,0.198,0.3008,MODERATE
T+120min,R-1205,296853816,2897024648,27.68,primary,0.072,0.073,0.3981,0.146,0.2468,LOW
T+120min,R-1206,296853816,2897024656,18.18,tertiary,0.076,0.079,0.4136,0.158,0.2602,MODERATE
T+120min,R-1207,296857806,2897024601,36.97,primary,0.109,0.119,0.5188,0.238,0.3503,MODERATE
T+120min,R-1208,296857806,2897024614,18.07,secondary,0.118,0.119,0.5825,0.238,0.3758,MODERATE
T+120min,R-1209,296857831,2897024519,49.6,primary,0.099,0.108,0.476,0.216,0.32,MODERATE
T+120min,R-1210,296857831,296853793,17.93,secondary,0.096,0.099,0.4549,0.198,0.3008,MODERATE
T+120min,R-1211,3193827831,10091403662,7.59,residential,0.184,0.184,0.5406,0.368,0.437,MODERATE
T+120min,R-1212,3193827831,245666370,35.93,tertiary,0.189,0.195,0.5451,0.39,0.452,MODERATE
T+120min,R-1213,3641869342,245665874,23.74,tertiary,0.138,0.144,0.466,0.288,0.3592,MODERATE
T+120min,R-1214,3743617937,10564373799,148.61,trunk,0.151,0.19,0.5343,0.38,0.4417,MODERATE
T+120min,R-1215,3743617937,13614467518,34.2,residential,0.173,0.19,0.531,0.38,0.4404,MODERATE
T+120min,R-1216,3743617940,11054614468,13.33,residential,0.119,0.119,0.4753,0.238,0.3329,MODERATE
T+120min,R-1217,3743617940,13503191895,12.31,residential,0.122,0.125,0.4944,0.25,0.3478,MODERATE
T+120min,R-1218,3743617940,13614467518,37.51,residential,0.129,0.149,0.4662,0.298,0.3653,MODERATE
T+120min,R-1219,3803643818,13616325516,5.12,residential,0.185,0.185,0.5466,0.37,0.4406,MODERATE
T+120min,R-1220,3803643818,13617040695,31.18,tertiary,0.194,0.205,0.5568,0.41,0.4687,MODERATE
T+120min,R-1221,3803645219,12313982253,213.14,residential,0.203,0.259,0.6655,0.518,0.577,HIGH
T+120min,R-1222,3803645219,13616287394,18.6,tertiary,0.166,0.177,0.5305,0.354,0.4246,MODERATE
T+120min,R-1223,3803645219,6428617352,8.08,residential,0.154,0.154,0.5105,0.308,0.389,MODERATE
T+120min,R-1224,4342420383,2244637026,43.76,residential,0.114,0.15,0.4286,0.3,0.3514,MODERATE
T+120min,R-1225,4342420383,2244637034,83.76,residential,0.174,0.189,0.5691,0.378,0.4544,MODERATE
T+120min,R-1226,4342420383,6491091371,90.34,residential,0.152,0.16,0.5079,0.32,0.3952,MODERATE
T+120min,R-1227,4342420489,6598052694,44.3,residential,0.132,0.136,0.4942,0.272,0.3609,MODERATE
T+120min,R-1228,4342420490,2244637034,83.59,residential,0.205,0.228,0.6361,0.456,0.528,HIGH
T+120min,R-1229,4342420490,622060802,145.96,residential,0.187,0.214,0.5481,0.428,0.476,MODERATE
T+120min,R-1230,4342420490,7404711408,92.78,residential,0.225,0.299,0.666,0.598,0.6252,HIGH
T+120min,R-1231,4342420515,10925931781,46.46,secondary,0.183,0.203,0.5687,0.406,0.4711,MODERATE
T+120min,R-1232,4342420515,245668038,64.09,residential,0.112,0.158,0.4368,0.316,0.3643,MODERATE
T+120min,R-1233,4342420515,621966589,353.9,secondary,0.108,0.158,0.4309,0.316,0.362,MODERATE
T+120min,R-1234,4342420517,9914206292,78.72,residential,0.163,0.197,0.5191,0.394,0.444,MODERATE
T+120min,R-1235,4342420553,245668000,69.13,residential,0.188,0.206,0.5756,0.412,0.4774,MODERATE
T+120min,R-1236,4342420553,245668226,194.56,residential,,,,,,UNKNOWN
T+120min,R-1237,4342420553,6554236455,74.37,residential,,,,,,UNKNOWN
T+120min,R-1238,4674280890,7104101070,164.64,trunk,0.258,0.274,0.6093,0.548,0.5725,HIGH
T+120min,R-1239,473698889,473698890,49.94,residential,0.069,0.1,0.3568,0.2,0.2627,MODERATE
T+120min,R-1240,473698890,10653501374,69.48,residential,0.07,0.115,0.3567,0.23,0.2807,MODERATE
T+120min,R-1241,473698890,10653501375,29.16,residential,0.05,0.057,0.3364,0.114,0.203,LOW
T+120min,R-1242,473698890,473698889,49.94,residential,0.069,0.1,0.3568,0.2,0.2627,MODERATE
T+120min,R-1243,476480258,245666448,333.56,tertiary,0.089,0.142,0.483,0.284,0.3636,MODERATE
T+120min,R-1244,476480258,2897024642,98.6,tertiary,0.133,0.158,0.5451,0.316,0.4076,MODERATE
T+120min,R-1245,476480258,476480287,306.86,tertiary,0.111,0.148,0.5511,0.296,0.398,MODERATE
T+120min,R-1246,476480287,13615156523,90.26,secondary,0.076,0.094,0.4128,0.188,0.2779,MODERATE
T+120min,R-1247,476480287,476480258,306.86,tertiary,0.111,0.148,0.5511,0.296,0.398,MODERATE
T+120min,R-1248,476488948,245666078,194.93,tertiary,0.107,0.142,0.4566,0.284,0.353,MODERATE
T+120min,R-1249,476488948,245666337,202.37,unclassified,0.133,0.142,0.5486,0.284,0.3898,MODERATE
T+120min,R-1250,476489029,2897024517,27.97,tertiary,0.096,0.098,0.4631,0.196,0.3028,MODERATE
T+120min,R-1251,5424387223,5424387232,182.28,residential,0.123,0.148,0.5032,0.296,0.3789,MODERATE
T+120min,R-1252,5424387232,5424387223,182.28,residential,0.123,0.148,0.5032,0.296,0.3789,MODERATE
T+120min,R-1253,5424387232,6490861784,90.96,residential,0.11,0.139,0.4959,0.278,0.3652,MODERATE
T+120min,R-1254,5424387232,6490861784,150.46,residential,0.113,0.139,0.4974,0.278,0.3658,MODERATE
T+120min,R-1255,5470238123,10044201331,128.41,trunk,0.212,0.228,0.6976,0.456,0.5526,HIGH
T+120min,R-1256,5470238123,9691859215,23.99,trunk_link,0.208,0.211,0.6775,0.422,0.5242,HIGH
T+120min,R-1257,5896564331,2897024751,238.6,tertiary,0.235,0.311,0.7166,0.622,0.6598,HIGH
T+120min,R-1258,5896564331,6590384792,9.22,tertiary,0.222,0.233,0.5627,0.466,0.5047,HIGH
T+120min,R-1259,5896564331,8443532426,497.89,tertiary,0.201,0.252,0.5868,0.504,0.5371,HIGH
T+120min,R-1260,5911310862,5911310869,218.06,trunk,0.155,0.176,0.5548,0.352,0.4331,MODERATE
T+120min,R-1261,5911310869,1375251567,430.52,tertiary,0.138,0.169,0.5225,0.338,0.4118,MODERATE
T+120min,R-1262,5911310869,245667803,13.75,tertiary,0.168,0.169,0.5789,0.338,0.4344,MODERATE
T+120min,R-1263,5911310869,5911310870,17.94,trunk,0.165,0.169,0.5819,0.338,0.4356,MODERATE
T+120min,R-1264,5911310870,5911310871,172.37,trunk,0.17,0.207,0.6193,0.414,0.4961,MODERATE
T+120min,R-1265,5911310870,622039341,271.18,residential,0.178,0.223,0.5821,0.446,0.5004,HIGH
T+120min,R-1266,5911310871,12406104882,38.0,trunk,0.182,0.196,0.6431,0.392,0.4924,MODERATE
T+120min,R-1267,5911310871,13618399201,121.31,residential,0.206,0.248,0.7294,0.496,0.5894,HIGH
T+120min,R-1268,5911310878,10384248274,36.52,trunk,0.156,0.162,0.6076,0.324,0.4374,MODERATE
T+120min,R-1269,5911310878,13622393246,29.93,residential,0.157,0.162,0.6201,0.324,0.4424,MODERATE
T+120min,R-1270,5911310880,13618374657,39.28,residential,0.14,0.144,0.5342,0.288,0.3865,MODERATE
T+120min,R-1271,5911310880,13618374670,65.19,residential,0.147,0.152,0.5539,0.304,0.404,MODERATE
T+120min,R-1272,5911310880,13618374676,18.15,residential,0.139,0.139,0.5159,0.278,0.3732,MODERATE
T+120min,R-1273,621966589,4342420515,353.9,secondary,0.108,0.158,0.4309,0.316,0.362,MODERATE
T+120min,R-1274,622039341,13601073293,110.41,residential,0.239,0.248,0.7272,0.496,0.5885,HIGH
T+120min,R-1275,622039341,13619536866,12.47,residential,0.229,0.235,0.6391,0.47,0.5376,HIGH
T+120min,R-1276,622039341,5911310870,271.18,residential,0.178,0.223,0.5821,0.446,0.5004,HIGH
T+120min,R-1277,622039341,622039345,20.41,residential,0.209,0.223,0.5806,0.446,0.4998,MODERATE
T+120min,R-1278,622039345,13618414607,7.6,residential,0.194,0.196,0.5447,0.392,0.4531,MODERATE
T+120min,R-1279,622039345,13619237610,8.4,residential,0.188,0.196,0.5331,0.392,0.4484,MODERATE
T+120min,R-1280,622039345,622039341,20.41,residential,0.209,0.223,0.5806,0.446,0.4998,MODERATE
T+120min,R-1281,622039354,10923438752,34.51,residential,0.2,0.218,0.654,0.436,0.5232,HIGH
T+120min,R-1282,622039354,13619237603,70.45,residential,0.201,0.221,0.5666,0.442,0.4918,MODERATE
T+120min,R-1283,622039354,7384246086,11.49,residential,0.184,0.189,0.5216,0.378,0.4354,MODERATE
T+120min,R-1284,622039357,622039360,35.27,residential,,,,,,UNKNOWN
T+120min,R-1285,622039360,245668197,19.56,residential,,,,,,UNKNOWN
T+120min,R-1286,622039360,622039357,35.27,residential,,,,,,UNKNOWN
T+120min,R-1287,622039360,6576335804,88.93,residential,0.191,0.214,0.5657,0.428,0.4831,MODERATE
T+120min,R-1288,622042581,12406085638,23.16,trunk,0.167,0.172,0.5144,0.344,0.4122,MODERATE
T+120min,R-1289,622042582,2897024865,10.89,trunk,0.141,0.155,0.4728,0.31,0.3751,MODERATE
T+120min,R-1290,622042582,622042581,50.92,trunk,0.166,0.176,0.525,0.352,0.4212,MODERATE
T+120min,R-1291,622060792,11054646813,14.23,residential,0.113,0.119,0.423,0.238,0.312,MODERATE
T+120min,R-1292,622060792,245667423,187.57,residential,0.136,0.171,0.5076,0.342,0.4082,MODERATE
T+120min,R-1293,622060792,9198946025,212.64,residential,0.169,0.244,0.5633,0.488,0.5181,HIGH
T+120min,R-1294,622060802,2244637068,19.11,residential,,,,,,UNKNOWN
T+120min,R-1295,622060802,4342420490,145.96,residential,0.187,0.214,0.5481,0.428,0.476,MODERATE
T+120min,R-1296,622060802,622060872,141.73,residential,0.146,0.146,0.4708,0.292,0.3635,MODERATE
T+120min,R-1297,622060872,2244637056,101.59,residential,,,,,,UNKNOWN
T+120min,R-1298,622060872,245667960,43.75,residential,,,,,,UNKNOWN
T+120min,R-1299,622060872,622060802,141.73,residential,0.146,0.146,0.4708,0.292,0.3635,MODERATE
T+120min,R-1300,623895377,245667685,201.78,residential,0.101,0.146,0.4526,0.292,0.3562,MODERATE
T+120min,R-1301,623895377,6490968308,64.07,residential,0.051,0.096,0.3035,0.192,0.2366,LOW
T+120min,R-1302,623895377,6554206834,100.49,residential,0.085,0.126,0.3924,0.252,0.3082,MODERATE
T+120min,R-1303,623895532,13617292729,50.08,residential,,,,,,UNKNOWN
T+120min,R-1304,623895532,6430481233,76.08,tertiary,,,,,,UNKNOWN
T+120min,R-1305,623895532,7404757837,82.42,tertiary,,,,,,UNKNOWN
T+120min,R-1306,623895533,245668029,58.72,tertiary,,,,,,UNKNOWN
T+120min,R-1307,623895533,6554236449,191.44,residential,,,,,,UNKNOWN
T+120min,R-1308,623895533,7404757837,2.4,tertiary,,,,,,UNKNOWN
T+120min,R-1309,631507968,10292442915,205.53,secondary,0.095,0.119,0.5374,0.238,0.3578,MODERATE
T+120min,R-1310,631507968,2897024595,201.69,secondary,0.075,0.118,0.4485,0.236,0.321,MODERATE
T+120min,R-1311,631507969,2897024696,35.9,secondary,0.126,0.128,0.5061,0.256,0.356,MODERATE
T+120min,R-1312,631507969,2897024711,7.99,tertiary,0.124,0.127,0.4821,0.254,0.3452,MODERATE
T+120min,R-1313,631507969,631525440,141.03,tertiary,0.147,0.164,0.5244,0.328,0.4066,MODERATE
T+120min,R-1314,631507991,11976374939,141.9,tertiary,0.166,0.183,0.627,0.366,0.4704,MODERATE
T+120min,R-1315,631507991,2897024734,10.02,tertiary,,,,,,UNKNOWN
T+120min,R-1316,631507992,10279771626,28.73,tertiary,0.176,0.183,0.5446,0.366,0.4374,MODERATE
T+120min,R-1317,631507992,2897024795,7.99,primary,0.178,0.178,0.5353,0.356,0.4277,MODERATE
T+120min,R-1318,631507993,10265837613,172.34,primary,0.226,0.249,0.6053,0.498,0.5409,HIGH
T+120min,R-1319,631507993,631507992,17.98,tertiary,0.186,0.192,0.5371,0.384,0.4452,MODERATE
T+120min,R-1320,631525434,2897024676,72.3,tertiary,0.138,0.147,0.5509,0.294,0.3968,MODERATE
T+120min,R-1321,631525434,2897024687,8.19,tertiary,0.129,0.134,0.4976,0.268,0.3598,MODERATE
T+120min,R-1322,631525434,631525440,138.0,tertiary,0.138,0.164,0.5163,0.328,0.4033,MODERATE
T+120min,R-1323,631525438,245666966,18.3,secondary,0.096,0.101,0.4097,0.202,0.2851,MODERATE
T+120min,R-1324,631525438,2897024798,385.32,primary,0.178,0.224,0.5982,0.448,0.5081,HIGH
T+120min,R-1325,631525440,2897024734,214.13,tertiary,0.189,0.211,0.6535,0.422,0.5146,HIGH
T+120min,R-1326,631525440,631507969,141.03,tertiary,0.147,0.164,0.5244,0.328,0.4066,MODERATE
T+120min,R-1327,631525440,631525434,138.0,tertiary,0.138,0.164,0.5163,0.328,0.4033,MODERATE
T+120min,R-1328,6428381511,7372035744,115.39,residential,0.22,0.235,0.6202,0.47,0.5301,HIGH
T+120min,R-1329,6428382636,10265662126,15.66,residential,0.191,0.195,0.5818,0.39,0.4667,MODERATE
T+120min,R-1330,6428382636,12406104885,156.17,residential,0.196,0.252,0.6763,0.504,0.5729,HIGH
T+120min,R-1331,6428382636,12756633089,95.51,residential,0.171,0.197,0.5296,0.394,0.4482,MODERATE
T+120min,R-1332,6428617352,13616287395,36.02,tertiary,0.137,0.154,0.4869,0.308,0.3796,MODERATE
T+120min,R-1333,6428617352,3803645219,8.08,residential,0.154,0.154,0.5105,0.308,0.389,MODERATE
T+120min,R-1334,6428792684,6428792684,233.2,residential,0.059,0.109,0.363,0.218,0.276,MODERATE
T+120min,R-1335,6428792684,6428792684,233.2,residential,0.059,0.109,0.363,0.218,0.276,MODERATE
T+120min,R-1336,6428792684,6428793085,22.47,residential,0.122,0.135,0.5435,0.27,0.3794,MODERATE
T+120min,R-1337,6428793085,10316548327,65.39,residential,0.132,0.146,0.5619,0.292,0.4,MODERATE
T+120min,R-1338,6428793085,245667685,38.34,residential,0.112,0.135,0.4701,0.27,0.35,MODERATE
T+120min,R-1339,6428793085,6428792684,22.47,residential,0.122,0.135,0.5435,0.27,0.3794,MODERATE
T+120min,R-1340,6428811261,12486614582,4.7,tertiary,0.147,0.147,0.4691,0.294,0.364,MODERATE
T+120min,R-1341,6428811261,6428811262,97.3,tertiary,0.182,0.196,0.5847,0.392,0.4691,MODERATE
T+120min,R-1342,6428811261,6428811270,9.52,tertiary,0.143,0.147,0.4968,0.294,0.3751,MODERATE
T+120min,R-1343,6428811262,13617092839,2.21,tertiary,0.196,0.196,0.6164,0.392,0.4818,MODERATE
T+120min,R-1344,6428811263,13621901231,32.82,tertiary,0.192,0.198,0.6061,0.396,0.48,MODERATE
T+120min,R-1345,6428811263,6428811268,7.16,tertiary,0.198,0.199,0.6334,0.398,0.4922,MODERATE
T+120min,R-1346,6428811268,245665910,5.09,tertiary,0.199,0.199,0.6475,0.398,0.4978,MODERATE
T+120min,R-1347,6428811270,13621886865,42.25,tertiary,0.157,0.163,0.5407,0.326,0.4119,MODERATE
T+120min,R-1348,6428811270,245665874,16.3,tertiary,0.139,0.145,0.4922,0.29,0.3709,MODERATE
T+120min,R-1349,6428811270,6428811261,9.52,tertiary,0.143,0.147,0.4968,0.294,0.3751,MODERATE
T+120min,R-1350,6430481233,623895532,76.08,tertiary,,,,,,UNKNOWN
T+120min,R-1351,6489058155,13622435420,52.42,residential,,,,,,UNKNOWN
T+120min,R-1352,6489058155,13622445936,9.93,residential,,,,,,UNKNOWN
T+120min,R-1353,6489058155,9445072347,42.55,residential,,,,,,UNKNOWN
T+120min,R-1354,6490591812,6490591813,113.49,residential,0.04,0.142,0.1929,0.284,0.2476,LOW
T+120min,R-1355,6490591813,13619374592,77.33,trunk,0.167,0.177,0.6114,0.354,0.457,MODERATE
T+120min,R-1356,6490591813,6490591812,113.49,residential,0.04,0.142,0.1929,0.284,0.2476,LOW
T+120min,R-1357,6490861784,245667933,77.54,residential,0.175,0.199,0.5677,0.398,0.4659,MODERATE
T+120min,R-1358,6490861784,5424387232,90.96,residential,0.11,0.139,0.4959,0.278,0.3652,MODERATE
T+120min,R-1359,6490861784,5424387232,150.46,residential,0.113,0.139,0.4974,0.278,0.3658,MODERATE
T+120min,R-1360,6490872923,12378368422,67.3,residential,0.035,0.086,0.2355,0.172,0.1974,LOW
T+120min,R-1361,6490872923,1934627523,21.5,residential,0.109,0.129,0.4078,0.258,0.3179,MODERATE
T+120min,R-1362,6490872923,6490872925,29.59,residential,0.07,0.086,0.3172,0.172,0.2301,LOW
T+120min,R-1363,6490872924,6490872925,58.83,residential,0.024,0.056,0.2254,0.112,0.1574,LOW
T+120min,R-1364,6490872924,6490872925,112.98,residential,0.029,0.056,0.2503,0.112,0.1673,LOW
T+120min,R-1365,6490872924,6490872930,10.02,residential,0.01,0.011,0.2241,0.022,0.1028,LOW
T+120min,R-1366,6490872925,6490872923,29.59,residential,0.07,0.086,0.3168,0.172,0.2299,LOW
T+120min,R-1367,6490872925,6490872924,58.83,residential,0.024,0.056,0.2254,0.112,0.1574,LOW
T+120min,R-1368,6490872925,6490872924,112.98,residential,0.029,0.056,0.2503,0.112,0.1673,LOW
T+120min,R-1369,6490872930,12378368427,6.18,residential,0.01,0.01,0.2287,0.02,0.1035,LOW
T+120min,R-1370,6490872930,6490872924,10.02,residential,0.01,0.011,0.2241,0.022,0.1028,LOW
T+120min,R-1371,6490968306,6490968308,49.96,residential,0.086,0.096,0.3614,0.192,0.2598,MODERATE
T+120min,R-1372,6490968308,2244637027,168.17,residential,0.184,0.213,0.6348,0.426,0.5095,HIGH
T+120min,R-1373,6490968308,623895377,64.07,residential,0.051,0.096,0.3035,0.192,0.2366,LOW
T+120min,R-1374,6490968308,6490968306,49.96,residential,0.086,0.096,0.3614,0.192,0.2598,MODERATE
T+120min,R-1375,6491091371,2244637012,66.53,residential,0.177,0.193,0.5268,0.386,0.4423,MODERATE
T+120min,R-1376,6491091371,4342420383,90.34,residential,0.152,0.16,0.5079,0.32,0.3952,MODERATE
T+120min,R-1377,6491091371,6491091372,31.64,residential,0.144,0.16,0.4656,0.32,0.3782,MODERATE
T+120min,R-1378,6491091372,2244637012,66.0,residential,0.152,0.184,0.4838,0.368,0.4143,MODERATE
T+120min,R-1379,6491091372,6491091371,31.64,residential,0.144,0.16,0.4656,0.32,0.3782,MODERATE
T+120min,R-1380,6491091372,6554206834,78.03,residential,0.13,0.14,0.4725,0.28,0.357,MODERATE
T+120min,R-1381,6491469979,2897024777,104.67,tertiary,,,,,,UNKNOWN
T+120min,R-1382,6552594955,2897024677,79.69,tertiary,0.09,0.095,0.489,0.19,0.3096,MODERATE
T+120min,R-1383,6552594957,2897024656,27.1,primary,0.076,0.079,0.4122,0.158,0.2597,MODERATE
T+120min,R-1384,6552594957,6552594955,32.94,primary_link,0.08,0.087,0.4321,0.174,0.2772,MODERATE
T+120min,R-1385,6554206834,2244637026,113.08,residential,0.135,0.159,0.4986,0.318,0.3902,MODERATE
T+120min,R-1386,6554206834,623895377,100.49,residential,0.085,0.126,0.3924,0.252,0.3082,MODERATE
T+120min,R-1387,6554206834,6491091372,78.03,residential,0.13,0.14,0.4725,0.28,0.357,MODERATE
T+120min,R-1388,6554236425,6554236440,27.36,tertiary,0.128,0.153,0.4345,0.306,0.3574,MODERATE
T+120min,R-1389,6554236425,6554236455,163.01,residential,0.119,0.147,0.435,0.294,0.3504,MODERATE
T+120min,R-1390,6554236425,7404711455,78.82,tertiary,0.095,0.12,0.4278,0.24,0.3151,MODERATE
T+120min,R-1391,6554236425,7404711465,126.02,residential,0.141,0.196,0.4904,0.392,0.4314,MODERATE
T+120min,R-1392,6554236429,10923690283,13.34,residential,,,,,,UNKNOWN
T+120min,R-1393,6554236440,2244637067,32.92,tertiary,0.18,0.201,0.5158,0.402,0.4475,MODERATE
T+120min,R-1394,6554236440,6554236425,27.36,tertiary,0.128,0.153,0.4345,0.306,0.3574,MODERATE
T+120min,R-1395,6554236440,6554236451,130.04,residential,0.184,0.207,0.5391,0.414,0.464,MODERATE
T+120min,R-1396,6554236441,2244637067,210.33,tertiary,0.227,0.254,0.5923,0.508,0.5417,HIGH
T+120min,R-1397,6554236441,245668029,12.21,tertiary,,,,,,UNKNOWN
T+120min,R-1398,6554236441,6554236449,140.04,residential,,,,,,UNKNOWN
T+120min,R-1399,6554236449,623895533,191.44,residential,,,,,,UNKNOWN
T+120min,R-1400,6554236449,6554236441,140.04,residential,,,,,,UNKNOWN
T+120min,R-1401,6554236449,6554236451,64.09,residential,,,,,,UNKNOWN
T+120min,R-1402,6554236451,10923690270,93.08,residential,,,,,,UNKNOWN
T+120min,R-1403,6554236451,10923690283,112.47,residential,,,,,,UNKNOWN
T+120min,R-1404,6554236451,6554236440,130.04,residential,0.184,0.207,0.5391,0.414,0.464,MODERATE
T+120min,R-1405,6554236451,6554236449,64.09,residential,,,,,,UNKNOWN
T+120min,R-1406,6554236455,10923690270,37.36,residential,,,,,,UNKNOWN
T+120min,R-1407,6554236455,4342420553,74.37,residential,,,,,,UNKNOWN
T+120min,R-1408,6554236455,6554236425,163.01,residential,0.119,0.147,0.435,0.294,0.3504,MODERATE
T+120min,R-1409,6554271017,13619401780,12.32,residential,0.0,0.001,0.0246,0.002,0.011,LOW
T+120min,R-1410,6554271024,13619401780,82.48,residential,0.062,0.138,0.2675,0.276,0.2726,MODERATE
T+120min,R-1411,6554271024,2244637013,71.18,residential,0.13,0.139,0.4944,0.278,0.3646,MODERATE
T+120min,R-1412,6554271024,2244637021,67.22,residential,0.151,0.162,0.5444,0.324,0.4122,MODERATE
T+120min,R-1413,6554302593,2897024683,102.16,tertiary,0.081,0.09,0.4589,0.18,0.2916,MODERATE
T+120min,R-1414,6554384670,245666386,83.86,tertiary,0.087,0.11,0.4156,0.22,0.2982,MODERATE
T+120min,R-1415,6576335804,622039360,88.93,residential,0.191,0.214,0.5657,0.428,0.4831,MODERATE
T+120min,R-1416,6585962883,13614337242,16.14,residential,0.075,0.075,0.4159,0.15,0.2564,MODERATE
T+120min,R-1417,6585962883,13614337247,14.99,residential,0.075,0.075,0.4196,0.15,0.2578,MODERATE
T+120min,R-1418,6585962883,13614337249,27.32,residential,0.075,0.077,0.4173,0.154,0.2593,MODERATE
T+120min,R-1419,6585998686,13614337247,76.41,residential,0.087,0.102,0.5155,0.204,0.3286,MODERATE
T+120min,R-1420,6590384792,10055232024,28.08,tertiary,0.229,0.244,0.5648,0.488,0.5187,HIGH
T+120min,R-1421,6590384792,5896564331,9.22,tertiary,0.222,0.233,0.5627,0.466,0.5047,HIGH
T+120min,R-1422,6598052694,13618374655,16.18,residential,0.138,0.14,0.5104,0.28,0.3722,MODERATE
T+120min,R-1423,6598052694,4342420489,44.3,residential,0.132,0.136,0.4942,0.272,0.3609,MODERATE
T+120min,R-1424,6598052694,7404711477,23.25,residential,0.138,0.142,0.5202,0.284,0.3785,MODERATE
T+120min,R-1425,6926279716,13798210725,26.82,residential,0.226,0.262,0.6573,0.524,0.5773,HIGH
T+120min,R-1426,6926279716,13798210730,56.49,residential,0.273,0.304,0.7294,0.608,0.6566,HIGH
T+120min,R-1427,6926279716,13798210738,18.95,residential,0.291,0.306,0.7615,0.612,0.6718,HIGH
T+120min,R-1428,6926279717,13798210723,56.29,residential,0.155,0.161,0.4846,0.322,0.387,MODERATE
T+120min,R-1429,6926279717,13798210725,28.31,residential,0.177,0.192,0.5106,0.384,0.4346,MODERATE
T+120min,R-1430,6926279717,13798210735,15.95,residential,0.167,0.172,0.5112,0.344,0.4109,MODERATE
T+120min,R-1431,6926279721,10772904744,52.24,trunk,0.299,0.299,0.7352,0.598,0.6529,HIGH
T+120min,R-1432,6926279721,13798210738,8.99,residential,0.303,0.306,0.7563,0.612,0.6697,HIGH
T+120min,R-1433,6926279722,2804481652,104.56,residential,0.147,0.17,0.569,0.34,0.4316,MODERATE
T+120min,R-1434,6926279727,6926279727,276.37,residential,0.277,0.287,0.6442,0.574,0.6021,HIGH
T+120min,R-1435,6926279727,6926279727,276.37,residential,0.277,0.287,0.6442,0.574,0.6021,HIGH
T+120min,R-1436,6926279727,7104101070,59.41,residential,0.265,0.274,0.6402,0.548,0.5849,HIGH
T+120min,R-1437,7104101070,13433910625,95.51,trunk,0.204,0.276,0.5361,0.552,0.5456,HIGH
T+120min,R-1438,7104101070,6926279727,59.41,residential,0.265,0.274,0.6402,0.548,0.5849,HIGH
T+120min,R-1439,7200666559,2897024597,234.99,tertiary,0.059,0.065,0.4,0.13,0.238,LOW
T+120min,R-1440,7365813760,13618414606,13.43,residential,0.164,0.167,0.5017,0.334,0.4011,MODERATE
T+120min,R-1441,7365813760,13619237610,16.55,residential,0.173,0.179,0.512,0.358,0.4196,MODERATE
T+120min,R-1442,7365813760,7384246086,30.09,residential,0.171,0.178,0.5076,0.356,0.4166,MODERATE
T+120min,R-1443,7365871208,13617483789,26.78,tertiary,0.183,0.196,0.5454,0.392,0.4534,MODERATE
T+120min,R-1444,7365871208,13617550915,7.27,tertiary_link,0.159,0.166,0.4872,0.332,0.3941,MODERATE
T+120min,R-1445,7366153523,7372035744,495.95,residential,0.208,0.262,0.6828,0.524,0.5875,HIGH
T+120min,R-1446,7366246694,13618347449,174.97,residential,0.103,0.14,0.421,0.28,0.3364,MODERATE
T+120min,R-1447,7366246694,2897024870,26.56,trunk_link,0.13,0.14,0.4663,0.28,0.3545,MODERATE
T+120min,R-1448,7366246698,622042582,13.71,trunk,0.142,0.155,0.4618,0.31,0.3707,MODERATE
T+120min,R-1449,7366246698,6490591813,48.04,trunk,0.134,0.167,0.4134,0.334,0.3658,MODERATE
T+120min,R-1450,7372035744,13617040678,13.12,tertiary,0.215,0.221,0.5718,0.442,0.4939,MODERATE
T+120min,R-1451,7372035744,245666801,85.2,tertiary,0.241,0.262,0.8049,0.524,0.6364,HIGH
T+120min,R-1452,7372035744,6428381511,115.39,residential,0.22,0.235,0.6202,0.47,0.5301,HIGH
T+120min,R-1453,7372035744,7366153523,495.95,residential,0.208,0.262,0.6828,0.524,0.5875,HIGH
T+120min,R-1454,7384246086,13619515794,5.6,residential,0.177,0.178,0.5417,0.356,0.4303,MODERATE
T+120min,R-1455,7384246086,622039354,11.49,residential,0.184,0.189,0.5216,0.378,0.4354,MODERATE
T+120min,R-1456,7384246086,7365813760,30.09,residential,0.171,0.178,0.5076,0.356,0.4166,MODERATE
T+120min,R-1457,7404711408,4342420490,92.78,residential,0.225,0.299,0.666,0.598,0.6252,HIGH
T+120min,R-1458,7404711443,11045926287,269.44,residential,0.108,0.119,0.4601,0.238,0.3268,MODERATE
T+120min,R-1459,7404711443,245668038,19.69,residential,0.108,0.119,0.4613,0.238,0.3273,MODERATE
T+120min,R-1460,7404711443,245668141,156.42,residential,0.103,0.119,0.4502,0.238,0.3229,MODERATE
T+120min,R-1461,7404711447,245668015,9.51,secondary,0.21,0.21,0.6627,0.42,0.5171,HIGH
T+120min,R-1462,7404711447,245668039,18.91,secondary,0.21,0.211,0.6946,0.422,0.531,HIGH
T+120min,R-1463,7404711453,7404711454,16.27,residential,0.114,0.116,0.4363,0.232,0.3137,MODERATE
T+120min,R-1464,7404711454,7404711453,16.27,residential,0.114,0.116,0.4363,0.232,0.3137,MODERATE
T+120min,R-1465,7404711454,7404711455,27.01,residential,0.116,0.12,0.4625,0.24,0.329,MODERATE
T+120min,R-1466,7404711454,7787253967,7.42,residential,0.105,0.113,0.4252,0.226,0.3057,MODERATE
T+120min,R-1467,7404711455,1375215119,95.82,tertiary,0.147,0.181,0.5203,0.362,0.4253,MODERATE
T+120min,R-1468,7404711455,6554236425,78.82,tertiary,0.095,0.12,0.4278,0.24,0.3151,MODERATE
T+120min,R-1469,7404711455,7404711454,27.01,residential,0.116,0.12,0.4625,0.24,0.329,MODERATE
T+120min,R-1470,7404711465,6554236425,126.02,residential,0.141,0.196,0.4904,0.392,0.4314,MODERATE
T+120min,R-1471,7404711477,11368130746,113.44,residential,0.138,0.146,0.5661,0.292,0.4016,MODERATE
T+120min,R-1472,7404711477,13617327485,52.26,residential,0.139,0.144,0.534,0.288,0.3864,MODERATE
T+120min,R-1473,7404711477,6598052694,23.25,residential,0.138,0.142,0.5202,0.284,0.3785,MODERATE
T+120min,R-1474,7404757836,7404757837,53.95,residential,,,,,,UNKNOWN
T+120min,R-1475,7404757837,623895532,82.42,tertiary,,,,,,UNKNOWN
T+120min,R-1476,7404757837,623895533,2.4,tertiary,,,,,,UNKNOWN
T+120min,R-1477,7404757837,7404757836,53.95,residential,,,,,,UNKNOWN
T+120min,R-1478,7749797394,13615156518,144.88,tertiary,0.087,0.099,0.4543,0.198,0.3005,MODERATE
T+120min,R-1479,7749797394,6554302593,17.4,tertiary,0.095,0.099,0.4984,0.198,0.3182,MODERATE
T+120min,R-1480,7787253967,7404711454,7.42,residential,0.105,0.113,0.4252,0.226,0.3057,MODERATE
T+120min,R-1481,8443491310,245666651,77.22,residential,0.192,0.208,0.5504,0.416,0.4698,MODERATE
T+120min,R-1482,8443532426,5896564331,497.89,tertiary,0.201,0.252,0.5868,0.504,0.5371,HIGH
T+120min,R-1483,8570027362,13617092839,42.87,residential,0.188,0.196,0.5767,0.392,0.4659,MODERATE
T+120min,R-1484,9171835705,13619396529,19.0,residential,,,,,,UNKNOWN
T+120min,R-1485,9171835705,13619396536,17.29,residential,,,,,,UNKNOWN
T+120min,R-1486,9171835705,13619678859,53.15,residential,,,,,,UNKNOWN
T+120min,R-1487,9171835708,13619491182,24.98,residential,,,,,,UNKNOWN
T+120min,R-1488,9171835708,13619491183,84.09,residential,,,,,,UNKNOWN
T+120min,R-1489,9171835708,13619491193,36.45,residential,,,,,,UNKNOWN
T+120min,R-1490,9171835708,13619491193,99.37,residential,,,,,,UNKNOWN
T+120min,R-1491,9198946025,622060792,212.64,residential,0.169,0.244,0.5633,0.488,0.5181,HIGH
T+120min,R-1492,9445072347,13619243522,55.21,residential,,,,,,UNKNOWN
T+120min,R-1493,9445072347,13619463498,9.05,residential,,,,,,UNKNOWN
T+120min,R-1494,9445072347,245668373,17.59,residential,,,,,,UNKNOWN
T+120min,R-1495,9445072347,6489058155,42.55,residential,,,,,,UNKNOWN
T+120min,R-1496,9469495781,2897024627,388.68,secondary,0.144,0.164,0.581,0.328,0.4292,MODERATE
T+120min,R-1497,9469495781,9469495782,7.89,secondary,0.123,0.124,0.5123,0.248,0.3537,MODERATE
T+120min,R-1498,9469495782,2897024696,8.32,secondary,0.124,0.124,0.514,0.248,0.3544,MODERATE
T+120min,R-1499,9469495782,2897024711,35.43,secondary,0.123,0.124,0.4992,0.248,0.3485,MODERATE
T+120min,R-1500,9469523484,13615172965,5.42,residential,0.226,0.228,0.7875,0.456,0.5886,HIGH
T+120min,R-1501,9469523484,13616325515,32.86,tertiary,0.225,0.229,0.7973,0.458,0.5937,HIGH
T+120min,R-1502,9684698224,10924156281,68.54,residential,,,,,,UNKNOWN
T+120min,R-1503,9684698224,14130497014,20.89,residential,,,,,,UNKNOWN
T+120min,R-1504,9684698224,14130497022,12.76,residential,,,,,,UNKNOWN
T+120min,R-1505,9684698224,245668449,16.58,residential,,,,,,UNKNOWN
T+120min,R-1506,9691859215,3743617937,32.75,trunk,0.198,0.205,0.6076,0.41,0.489,MODERATE
T+120min,R-1507,9691859215,5470238123,23.99,trunk_link,0.208,0.211,0.6775,0.422,0.5242,HIGH
T+120min,R-1508,9771116360,13619368460,35.05,residential,0.166,0.181,0.5491,0.362,0.4368,MODERATE
T+120min,R-1509,9771116360,13619368466,58.73,residential,0.163,0.182,0.5108,0.364,0.4227,MODERATE
T+120min,R-1510,9771116360,2897024660,47.48,residential,0.135,0.149,0.4818,0.298,0.3715,MODERATE
T+120min,R-1511,9914206292,13619604480,28.2,residential,0.203,0.208,0.6042,0.416,0.4913,MODERATE
T+120min,R-1512,9914206292,13622528191,79.32,residential,0.191,0.197,0.5598,0.394,0.4603,MODERATE
T+120min,R-1513,9914206292,4342420517,78.72,residential,0.163,0.197,0.5191,0.394,0.444,MODERATE
T+180min,R-001,10044201331,12243225438,31.35,trunk,0.08,0.085,0.6112,0.17,0.3465,MODERATE
T+180min,R-002,10044201331,13615156515,103.69,tertiary,0.089,0.091,0.7433,0.182,0.4065,MODERATE
T+180min,R-003,10055232024,13616287392,9.75,residential,0.096,0.096,0.574,0.192,0.3448,MODERATE
T+180min,R-004,10055232024,13626183259,7.16,residential,0.095,0.095,0.5725,0.19,0.343,MODERATE
T+180min,R-005,10055232024,13639959260,22.82,tertiary,0.101,0.107,0.6537,0.214,0.3899,MODERATE
T+180min,R-006,10055232027,13626183259,90.39,residential,0.082,0.095,0.5675,0.19,0.341,MODERATE
T+180min,R-007,10091403656,13615172965,33.31,tertiary,0.089,0.09,0.8043,0.18,0.4297,MODERATE
T+180min,R-008,10091403656,13616325515,6.09,tertiary_link,0.086,0.086,0.751,0.172,0.4036,MODERATE
T+180min,R-009,10091403659,296853793,74.13,primary,0.044,0.049,0.498,0.098,0.258,MODERATE
T+180min,R-010,10091403662,13617040694,36.49,tertiary,0.074,0.078,0.5426,0.156,0.3106,MODERATE
T+180min,R-011,10091403662,3193827831,7.59,residential,0.073,0.073,0.5406,0.146,0.3038,MODERATE
T+180min,R-012,10091403664,10091403656,29.95,tertiary,0.084,0.086,0.7436,0.172,0.4006,MODERATE
T+180min,R-013,10091403664,245666192,6.21,residential,0.082,0.082,0.768,0.164,0.4056,MODERATE
T+180min,R-014,10111287875,13618292025,47.89,residential,0.006,0.018,0.1573,0.036,0.0845,LOW
T+180min,R-015,10213907200,11027088421,342.73,unclassified,0.062,0.088,0.549,0.176,0.3252,MODERATE
T+180min,R-016,10245790327,10245790331,31.71,trunk,0.052,0.053,0.4702,0.106,0.2517,MODERATE
T+180min,R-017,10245790331,13798210715,64.09,trunk,0.077,0.114,0.6129,0.228,0.382,MODERATE
T+180min,R-018,10245790331,13798244195,9.33,residential,0.054,0.054,0.4586,0.108,0.2482,LOW
T+180min,R-019,10265662124,12406104883,82.88,trunk,0.054,0.058,0.5111,0.116,0.274,MODERATE
T+180min,R-020,10265662124,12406104885,13.21,residential,0.056,0.057,0.4981,0.114,0.2676,MODERATE
T+180min,R-021,10265662126,10265662124,147.7,trunk,0.076,0.092,0.6781,0.184,0.3816,MODERATE
T+180min,R-022,10265662126,6428382636,15.66,residential,0.075,0.077,0.5818,0.154,0.3251,MODERATE
T+180min,R-023,10265662174,622042581,86.75,trunk_link,0.072,0.08,0.5588,0.16,0.3195,MODERATE
T+180min,R-024,10265662174,622042582,45.31,trunk,0.067,0.074,0.5235,0.148,0.2982,MODERATE
T+180min,R-025,10265662175,10265662174,41.47,trunk,0.074,0.079,0.6355,0.158,0.349,MODERATE
T+180min,R-026,10265662175,12406085638,134.01,trunk_link,0.077,0.089,0.6298,0.178,0.3587,MODERATE
T+180min,R-027,10279771623,10279771626,41.31,primary_link,0.075,0.087,0.5724,0.174,0.3334,MODERATE
T+180min,R-028,10279771623,631507992,28.4,primary,0.08,0.087,0.5789,0.174,0.336,MODERATE
T+180min,R-029,10279771626,2897024777,70.02,tertiary,0.064,0.066,0.544,0.132,0.2968,MODERATE
T+180min,R-030,10279771627,10279771631,54.54,primary_link,0.043,0.052,0.4217,0.104,0.2311,LOW
T+180min,R-031,10279771627,245666966,35.27,primary,0.041,0.052,0.4115,0.104,0.227,LOW
T+180min,R-032,10279771631,631507969,76.02,secondary,0.045,0.05,0.4493,0.1,0.2397,LOW
T+180min,R-033,10292442915,13383144370,76.65,secondary,0.031,0.033,0.446,0.066,0.218,LOW
T+180min,R-034,10294725029,12350425034,184.13,tertiary,0.069,0.092,0.5356,0.184,0.3246,MODERATE
T+180min,R-035,10294725029,13638535682,24.64,residential,0.066,0.068,0.5114,0.136,0.2862,MODERATE
T+180min,R-036,10316548327,6428793085,65.39,residential,0.052,0.058,0.5619,0.116,0.2944,MODERATE
T+180min,R-037,10384248274,10384248275,22.33,trunk_link,0.064,0.071,0.5804,0.142,0.3174,MODERATE
T+180min,R-038,10384248274,2897024866,30.44,trunk,0.06,0.063,0.4874,0.126,0.2706,MODERATE
T+180min,R-039,10384248275,10384248274,22.33,trunk_link,0.064,0.071,0.5804,0.142,0.3174,MODERATE
T+180min,R-040,10384248275,12406104884,257.8,trunk,0.06,0.081,0.6008,0.162,0.3375,MODERATE
T+180min,R-041,10564373799,10564373800,16.79,residential,0.06,0.062,0.5525,0.124,0.2954,MODERATE
T+180min,R-042,10564373799,245667361,48.5,trunk,0.065,0.07,0.5316,0.14,0.2966,MODERATE
T+180min,R-043,10564373800,10564373799,16.79,residential,0.06,0.062,0.5525,0.124,0.2954,MODERATE
T+180min,R-044,10653501374,10653501375,64.59,residential,0.03,0.045,0.356,0.09,0.1964,LOW
T+180min,R-045,10653501374,245665910,119.23,residential,0.071,0.08,0.6197,0.16,0.3439,MODERATE
T+180min,R-046,10653501374,473698890,69.48,residential,0.028,0.045,0.3567,0.09,0.1967,LOW
T+180min,R-047,10653501375,10653501374,64.59,residential,0.03,0.045,0.356,0.09,0.1964,LOW
T+180min,R-048,10653501375,10696472308,7.52,residential,0.025,0.028,0.3508,0.056,0.1739,LOW
T+180min,R-049,10653501375,245666351,155.72,residential,0.047,0.062,0.4554,0.124,0.2566,MODERATE
T+180min,R-050,10653501375,473698890,29.16,residential,0.02,0.022,0.3364,0.044,0.161,LOW
T+180min,R-051,10696472306,13638535670,39.79,residential,0.061,0.062,0.544,0.124,0.292,MODERATE
T+180min,R-052,10696472306,13638535675,29.79,residential,0.061,0.064,0.5401,0.128,0.2928,MODERATE
T+180min,R-053,10696472306,245666367,71.59,residential,0.066,0.07,0.61,0.14,0.328,MODERATE
T+180min,R-054,10696472307,10696472308,48.33,residential,0.03,0.039,0.3672,0.078,0.1937,LOW
T+180min,R-055,10696472307,13638535675,33.56,residential,0.047,0.058,0.4436,0.116,0.247,LOW
T+180min,R-056,10696472307,245666323,69.45,residential,0.047,0.053,0.4726,0.106,0.2526,MODERATE
T+180min,R-057,10696472308,10653501375,7.52,residential,0.025,0.028,0.3508,0.056,0.1739,LOW
T+180min,R-058,10696472308,10696472307,48.33,residential,0.03,0.039,0.3672,0.078,0.1937,LOW
T+180min,R-059,10696472308,13638535652,64.73,residential,0.032,0.051,0.3684,0.102,0.2086,LOW
T+180min,R-060,10696472308,245666260,71.83,residential,0.039,0.043,0.4326,0.086,0.2246,LOW
T+180min,R-061,10696472309,13638535652,3.19,residential,0.051,0.051,0.4442,0.102,0.2389,LOW
T+180min,R-062,10696472347,10696472356,48.98,residential,0.079,0.083,0.7019,0.166,0.3804,MODERATE
T+180min,R-063,10696472347,13638535683,64.81,residential,0.065,0.079,0.5435,0.158,0.3122,MODERATE
T+180min,R-064,10696472347,245666482,74.32,residential,0.081,0.083,0.7583,0.166,0.4029,MODERATE
T+180min,R-065,10696472349,10696472350,66.34,residential,0.047,0.053,0.467,0.106,0.2504,MODERATE
T+180min,R-066,10696472349,13638535686,74.14,residential,0.064,0.076,0.5482,0.152,0.3105,MODERATE
T+180min,R-067,10696472349,2439333822,119.0,residential,0.066,0.07,0.5907,0.14,0.3203,MODERATE
T+180min,R-068,10696472349,245666190,28.07,residential,0.055,0.057,0.488,0.114,0.2636,MODERATE
T+180min,R-069,10696472350,10696472349,66.34,residential,0.047,0.053,0.467,0.106,0.2504,MODERATE
T+180min,R-070,10696472350,13638535683,64.98,residential,0.049,0.051,0.4788,0.102,0.2527,MODERATE
T+180min,R-071,10696472350,13638535685,72.75,residential,0.058,0.075,0.5134,0.15,0.2954,MODERATE
T+180min,R-072,10696472350,245666260,30.74,residential,0.044,0.046,0.4788,0.092,0.2467,LOW
T+180min,R-073,10696472351,13638535681,16.07,residential,0.067,0.07,0.5545,0.14,0.3058,MODERATE
T+180min,R-074,10696472356,10696472347,48.98,residential,0.079,0.083,0.7019,0.166,0.3804,MODERATE
T+180min,R-075,10696472356,13638535681,14.31,residential,0.071,0.073,0.5801,0.146,0.3196,MODERATE
T+180min,R-076,10696472356,245666446,29.73,residential,0.071,0.073,0.5907,0.146,0.3239,MODERATE
T+180min,R-077,10724726259,11047568171,11.43,tertiary,0.082,0.083,0.603,0.166,0.3408,MODERATE
T+180min,R-078,10724726259,13617040682,6.53,residential,0.082,0.082,0.6116,0.164,0.343,MODERATE
T+180min,R-079,10724781030,13617040686,34.9,tertiary,0.102,0.105,0.8441,0.21,0.4636,MODERATE
T+180min,R-080,10724781030,245666801,7.12,tertiary,0.099,0.1,0.8067,0.2,0.4427,MODERATE
T+180min,R-081,10772904744,2804481649,69.76,trunk,,,,,,UNKNOWN
T+180min,R-082,10840042416,13619396536,18.54,residential,,,,,,UNKNOWN
T+180min,R-083,10923438752,622039354,34.51,residential,0.079,0.086,0.654,0.172,0.3648,MODERATE
T+180min,R-084,10923690270,10923690281,153.14,residential,,,,,,UNKNOWN
T+180min,R-085,10923690270,6554236451,93.08,residential,,,,,,UNKNOWN
T+180min,R-086,10923690270,6554236455,37.36,residential,,,,,,UNKNOWN
T+180min,R-087,10923690281,10923690270,153.14,residential,,,,,,UNKNOWN
T+180min,R-088,10923690283,10923690287,29.89,residential,,,,,,UNKNOWN
T+180min,R-089,10923690283,6554236429,13.34,residential,,,,,,UNKNOWN
T+180min,R-090,10923690283,6554236451,112.47,residential,,,,,,UNKNOWN
T+180min,R-091,10923690287,10923690283,29.89,residential,,,,,,UNKNOWN
T+180min,R-092,10923690293,13617292726,6.68,residential,,,,,,UNKNOWN
T+180min,R-093,10923690293,13617292729,36.91,residential,,,,,,UNKNOWN
T+180min,R-094,10923690293,2244637068,48.3,residential,,,,,,UNKNOWN
T+180min,R-095,10924156281,9684698224,68.54,residential,,,,,,UNKNOWN
T+180min,R-096,10924277272,10924277275,31.57,residential,0.071,0.079,0.5666,0.158,0.3214,MODERATE
T+180min,R-097,10924277272,12756633089,92.32,residential,0.056,0.064,0.462,0.128,0.2616,MODERATE
T+180min,R-098,10924277272,12756633089,156.13,residential,0.075,0.089,0.5697,0.178,0.3347,MODERATE
T+180min,R-099,10924277275,10924277272,31.57,residential,0.071,0.079,0.5666,0.158,0.3214,MODERATE
T+180min,R-100,10924277275,10924277275,339.19,residential,0.079,0.083,0.6545,0.166,0.3614,MODERATE
T+180min,R-101,10924277275,10924277275,339.19,residential,0.079,0.083,0.6545,0.166,0.3614,MODERATE
T+180min,R-102,10925931739,11046205760,18.27,residential,0.065,0.066,0.5158,0.132,0.2855,MODERATE
T+180min,R-103,10925931739,13619485526,8.68,residential,0.065,0.066,0.5134,0.132,0.2846,MODERATE
T+180min,R-104,10925931739,2244797686,51.06,residential,0.076,0.087,0.5478,0.174,0.3235,MODERATE
T+180min,R-105,10925931740,13619485519,103.44,residential,0.065,0.071,0.5331,0.142,0.2984,MODERATE
T+180min,R-106,10925931740,13619485519,10.53,residential,0.065,0.066,0.5188,0.132,0.2867,MODERATE
T+180min,R-107,10925931740,13619485526,12.82,residential,0.063,0.064,0.5106,0.128,0.281,MODERATE
T+180min,R-108,10925931781,245667933,125.58,residential,0.068,0.08,0.5604,0.16,0.3202,MODERATE
T+180min,R-109,10925931781,245668039,8.27,secondary,0.081,0.082,0.6739,0.164,0.368,MODERATE
T+180min,R-110,10925931781,4342420515,46.46,secondary,0.072,0.08,0.5687,0.16,0.3235,MODERATE
T+180min,R-111,10925941296,10925941300,34.66,residential,0.07,0.072,0.5412,0.144,0.3029,MODERATE
T+180min,R-112,10925941300,10925941296,34.66,residential,0.07,0.072,0.5412,0.144,0.3029,MODERATE
T+180min,R-113,10925941300,13619412997,44.77,residential,0.068,0.072,0.5378,0.144,0.3015,MODERATE
T+180min,R-114,10925941300,13622503093,33.46,residential,0.073,0.074,0.5821,0.148,0.3216,MODERATE
T+180min,R-115,10925943006,13619500841,47.23,residential,,,,,,UNKNOWN
T+180min,R-116,10925943006,13622503093,9.08,residential,,,,,,UNKNOWN
T+180min,R-117,10925943006,13622528191,15.5,residential,,,,,,UNKNOWN
T+180min,R-118,11027088421,10213907200,342.73,unclassified,0.062,0.088,0.549,0.176,0.3252,MODERATE
T+180min,R-119,11027088421,2897024682,481.95,unclassified,0.053,0.077,0.5826,0.154,0.3254,MODERATE
T+180min,R-120,11045926287,7404711443,269.44,residential,0.043,0.047,0.4601,0.094,0.2404,LOW
T+180min,R-121,11046194844,11046194845,19.74,residential,0.096,0.097,0.6331,0.194,0.3696,MODERATE
T+180min,R-122,11046194845,11046194844,19.74,residential,0.096,0.097,0.6327,0.194,0.3695,MODERATE
T+180min,R-123,11046194845,13619396529,29.14,residential,0.094,0.094,0.6163,0.188,0.3593,MODERATE
T+180min,R-124,11046194845,2244797686,23.64,residential,0.09,0.094,0.6193,0.188,0.3605,MODERATE
T+180min,R-125,11046205758,11046205759,24.89,residential,0.058,0.061,0.4988,0.122,0.2727,MODERATE
T+180min,R-126,11046205759,11046205758,24.89,residential,0.058,0.061,0.4988,0.122,0.2727,MODERATE
T+180min,R-127,11046205759,11046205760,20.9,residential,0.062,0.064,0.5085,0.128,0.2802,MODERATE
T+180min,R-128,11046205759,13622492455,2.71,residential,0.061,0.061,0.5071,0.122,0.276,MODERATE
T+180min,R-129,11046205760,10925931739,18.27,residential,0.065,0.066,0.5158,0.132,0.2855,MODERATE
T+180min,R-130,11046205760,11046205759,20.9,residential,0.062,0.064,0.5085,0.128,0.2802,MODERATE
T+180min,R-131,11046205760,13622492459,27.53,residential,0.066,0.068,0.5173,0.136,0.2885,MODERATE
T+180min,R-132,11047568171,13617040683,46.74,tertiary,0.083,0.083,0.6317,0.166,0.3523,MODERATE
T+180min,R-133,11047568171,13626183257,126.95,residential,0.081,0.083,0.6199,0.166,0.3476,MODERATE
T+180min,R-134,11047597219,13619318851,57.84,residential,0.061,0.071,0.4893,0.142,0.2809,MODERATE
T+180min,R-135,11047597219,13619318852,25.35,residential,0.061,0.064,0.4918,0.128,0.2735,MODERATE
T+180min,R-136,11047597219,13619318864,14.89,residential,0.069,0.075,0.5185,0.15,0.2974,MODERATE
T+180min,R-137,11054614468,11054614468,200.97,residential,0.052,0.058,0.5107,0.116,0.2739,MODERATE
T+180min,R-138,11054614468,11054614468,200.97,residential,0.052,0.058,0.5107,0.116,0.2739,MODERATE
T+180min,R-139,11054614468,3743617940,13.33,residential,0.047,0.047,0.4753,0.094,0.2465,LOW
T+180min,R-140,11054646813,11054646825,16.11,residential,0.042,0.044,0.4127,0.088,0.2179,LOW
T+180min,R-141,11054646813,2244637012,57.63,residential,0.057,0.072,0.4587,0.144,0.2699,MODERATE
T+180min,R-142,11054646813,622060792,14.23,residential,0.044,0.047,0.423,0.094,0.2256,LOW
T+180min,R-143,11054646825,11054646813,16.11,residential,0.042,0.044,0.4127,0.088,0.2179,LOW
T+180min,R-144,11054646825,11054646825,107.16,residential,0.037,0.045,0.4011,0.09,0.2144,LOW
T+180min,R-145,11054646825,11054646825,107.16,residential,0.037,0.045,0.4011,0.09,0.2144,LOW
T+180min,R-146,11054673420,2244637056,46.64,residential,,,,,,UNKNOWN
T+180min,R-147,11271580571,10091403659,6.71,primary,0.049,0.049,0.5246,0.098,0.2686,MODERATE
T+180min,R-148,11271580571,13617067002,61.72,tertiary,0.052,0.058,0.5112,0.116,0.2741,MODERATE
T+180min,R-149,11368130746,7404711477,113.44,residential,0.055,0.058,0.5661,0.116,0.296,MODERATE
T+180min,R-150,11976374939,13622308166,65.09,tertiary,0.062,0.064,0.6464,0.128,0.3354,MODERATE
T+180min,R-151,11976374939,245666426,36.9,tertiary,0.062,0.064,0.6223,0.128,0.3257,MODERATE
T+180min,R-152,12079741513,2897024615,17.64,secondary,0.047,0.047,0.6061,0.094,0.2988,MODERATE
T+180min,R-153,12079741513,6552594957,398.69,primary,0.03,0.047,0.4721,0.094,0.2452,LOW
T+180min,R-154,12084454212,631525434,42.28,tertiary,0.048,0.049,0.4912,0.098,0.2553,MODERATE
T+180min,R-155,12084454212,9469495781,9.2,secondary,0.048,0.049,0.5075,0.098,0.2618,MODERATE
T+180min,R-156,12243225438,245667542,141.67,trunk,0.063,0.076,0.5427,0.152,0.3083,MODERATE
T+180min,R-157,12311766936,2897024667,12.64,tertiary,0.052,0.054,0.5266,0.108,0.2754,MODERATE
T+180min,R-158,12311766936,476488948,198.12,tertiary,0.044,0.052,0.4879,0.104,0.2576,MODERATE
T+180min,R-159,12313982248,13615172966,7.68,residential,0.09,0.09,0.641,0.18,0.3644,MODERATE
T+180min,R-160,12313982248,13617040693,31.44,tertiary,0.086,0.09,0.6045,0.18,0.3498,MODERATE
T+180min,R-161,12313982248,13619368472,36.88,residential,0.092,0.092,0.6465,0.184,0.369,MODERATE
T+180min,R-162,12313982253,12313982254,8.92,residential,0.098,0.102,0.8477,0.204,0.4615,MODERATE
T+180min,R-163,12313982253,13617040688,39.95,tertiary,0.095,0.102,0.7994,0.204,0.4422,MODERATE
T+180min,R-164,12313982253,3803645219,213.14,residential,0.08,0.102,0.6655,0.204,0.3886,MODERATE
T+180min,R-165,12313982254,12313982253,8.92,residential,0.098,0.102,0.8477,0.204,0.4615,MODERATE
T+180min,R-166,12313982254,13617040685,16.07,tertiary,0.101,0.105,0.8843,0.21,0.4797,MODERATE
T+180min,R-167,12334925193,2804520131,48.26,trunk,0.069,0.072,0.6028,0.144,0.3275,MODERATE
T+180min,R-168,12334925204,10265648752,1919.79,trunk,0.065,0.1,0.5969,0.2,0.3588,MODERATE
T+180min,R-169,12334925204,12334925193,324.23,trunk_link,0.05,0.076,0.4716,0.152,0.2798,MODERATE
T+180min,R-170,12350301184,245666579,14.74,tertiary,0.095,0.097,0.6131,0.194,0.3616,MODERATE
T+180min,R-171,12350391111,10294725029,8.95,tertiary,0.067,0.068,0.5129,0.136,0.2868,MODERATE
T+180min,R-172,12350391111,12350391112,8.29,tertiary_link,0.068,0.069,0.5198,0.138,0.2907,MODERATE
T+180min,R-173,12350391112,12350391111,8.29,tertiary_link,0.068,0.069,0.5198,0.138,0.2907,MODERATE
T+180min,R-174,12350391112,13617092826,85.79,tertiary,0.079,0.083,0.5883,0.166,0.3349,MODERATE
T+180min,R-175,12350425034,245666579,7.73,residential,0.092,0.092,0.5978,0.184,0.3495,MODERATE
T+180min,R-176,12350446596,12350446597,7.21,tertiary_link,0.054,0.055,0.5209,0.11,0.2744,MODERATE
T+180min,R-177,12350446596,13621901230,54.21,tertiary,0.065,0.074,0.5708,0.148,0.3171,MODERATE
T+180min,R-178,12350446597,12350446596,7.21,tertiary_link,0.054,0.055,0.5209,0.11,0.2744,MODERATE
T+180min,R-179,12350446597,13621901233,51.22,tertiary,0.049,0.054,0.5003,0.108,0.2649,MODERATE
T+180min,R-180,12350931355,2897024749,9.82,tertiary,,,,,,UNKNOWN
T+180min,R-181,12350931355,631507991,96.86,tertiary,,,,,,UNKNOWN
T+180min,R-182,12350931356,12350931355,8.27,tertiary,,,,,,UNKNOWN
T+180min,R-183,12378368422,12378368426,5.99,residential,0.003,0.003,0.1729,0.006,0.0728,LOW
T+180min,R-184,12378368422,6490872923,67.3,residential,0.014,0.034,0.2355,0.068,0.135,LOW
T+180min,R-185,12378368422,6490872930,25.19,residential,0.003,0.004,0.1986,0.008,0.0842,LOW
T+180min,R-186,12378368426,12378368422,5.99,residential,0.003,0.003,0.1729,0.006,0.0728,LOW
T+180min,R-187,12378368426,245667468,17.87,residential,0.002,0.003,0.1798,0.006,0.0755,LOW
T+180min,R-188,12378368427,12378368426,25.09,residential,0.003,0.004,0.1987,0.008,0.0843,LOW
T+180min,R-189,12378368427,6490872930,6.18,residential,0.004,0.004,0.2287,0.008,0.0963,LOW
T+180min,R-190,12406085638,10384248275,2.73,trunk,0.067,0.071,0.6098,0.142,0.3291,MODERATE
T+180min,R-191,12406104882,10265662126,45.18,trunk,0.072,0.074,0.5685,0.148,0.3162,MODERATE
T+180min,R-192,12406104882,10772904744,1804.27,trunk,0.064,0.115,0.5819,0.23,0.3708,MODERATE
T+180min,R-193,12406104883,12406104884,28.17,trunk_link,0.058,0.058,0.5562,0.116,0.2921,MODERATE
T+180min,R-194,12406104883,5911310878,221.94,trunk,0.057,0.064,0.556,0.128,0.2992,MODERATE
T+180min,R-195,12406104884,12406104883,28.17,trunk_link,0.058,0.058,0.5562,0.116,0.2921,MODERATE
T+180min,R-196,12406104884,245667803,483.15,trunk,0.066,0.099,0.636,0.198,0.3732,MODERATE
T+180min,R-197,12406104885,10265662124,13.21,residential,0.056,0.057,0.4981,0.114,0.2676,MODERATE
T+180min,R-198,12406104885,13618374677,76.32,residential,0.057,0.059,0.5276,0.118,0.2818,MODERATE
T+180min,R-199,12406104885,6428382636,156.17,residential,0.078,0.1,0.6763,0.2,0.3905,MODERATE
T+180min,R-200,12486614582,11187458034,9.33,tertiary,0.058,0.058,0.4691,0.116,0.2572,MODERATE
T+180min,R-201,12486614582,6428811261,4.7,tertiary,0.058,0.058,0.4691,0.116,0.2572,MODERATE
T+180min,R-202,12486614584,12486614582,7.27,tertiary,0.058,0.058,0.4691,0.116,0.2572,MODERATE
T+180min,R-203,12756633089,10924277272,92.32,residential,0.056,0.064,0.462,0.128,0.2616,MODERATE
T+180min,R-204,12756633089,10924277272,156.13,residential,0.075,0.089,0.5697,0.178,0.3347,MODERATE
T+180min,R-205,12756633089,6428382636,95.51,residential,0.068,0.078,0.5296,0.156,0.3054,MODERATE
T+180min,R-206,13093786757,12334925204,88.97,trunk,0.05,0.053,0.5039,0.106,0.2652,MODERATE
T+180min,R-207,13398075180,13398075181,14.55,tertiary_link,0.073,0.077,0.6197,0.154,0.3403,MODERATE
T+180min,R-208,13398075180,13615156514,94.7,tertiary,0.08,0.086,0.6821,0.172,0.376,MODERATE
T+180min,R-209,13398075181,13398075180,14.55,tertiary_link,0.073,0.077,0.6197,0.154,0.3403,MODERATE
T+180min,R-210,13398075181,13615156517,225.3,tertiary,0.08,0.097,0.6937,0.194,0.3939,MODERATE
T+180min,R-211,13408237102,13408237103,70.39,residential,0.025,0.059,0.2863,0.118,0.1853,LOW
T+180min,R-212,13408237102,13408237104,42.66,residential,0.059,0.062,0.542,0.124,0.2912,MODERATE
T+180min,R-213,13408237102,2244637007,132.8,residential,0.046,0.064,0.469,0.128,0.2644,MODERATE
T+180min,R-214,13408237103,13408237102,70.39,residential,0.025,0.059,0.2863,0.118,0.1853,LOW
T+180min,R-215,13408237104,13408237102,42.66,residential,0.059,0.062,0.542,0.124,0.2912,MODERATE
T+180min,R-216,13408237104,13408237105,47.79,residential,0.053,0.058,0.5112,0.116,0.2741,MODERATE
T+180min,R-217,13408237104,13503191895,25.54,residential,0.053,0.057,0.5401,0.114,0.2844,MODERATE
T+180min,R-218,13408237105,13408237104,47.79,residential,0.053,0.058,0.5112,0.116,0.2741,MODERATE
T+180min,R-219,13433910625,13433910629,61.65,residential,0.065,0.07,0.526,0.14,0.2944,MODERATE
T+180min,R-220,13433910625,2804481652,96.83,trunk,0.053,0.058,0.5027,0.116,0.2707,MODERATE
T+180min,R-221,13433910628,13433910629,44.95,residential,0.081,0.094,0.5707,0.188,0.3411,MODERATE
T+180min,R-222,13433910629,13433910625,61.65,residential,0.065,0.07,0.526,0.14,0.2944,MODERATE
T+180min,R-223,13433910629,13433910628,44.95,residential,0.081,0.094,0.5707,0.188,0.3411,MODERATE
T+180min,R-224,13433910629,13433910631,74.18,residential,0.066,0.07,0.6028,0.14,0.3251,MODERATE
T+180min,R-225,13433910631,13433910629,74.18,residential,0.066,0.07,0.6028,0.14,0.3251,MODERATE
T+180min,R-226,13503191895,13408237104,25.54,residential,0.053,0.057,0.5401,0.114,0.2844,MODERATE
T+180min,R-227,13503191895,13503253504,105.22,residential,0.055,0.062,0.5158,0.124,0.2807,MODERATE
T+180min,R-228,13503191895,3743617940,12.31,residential,0.048,0.05,0.4944,0.1,0.2578,MODERATE
T+180min,R-229,13503253504,13503191895,105.22,residential,0.055,0.062,0.5157,0.124,0.2807,MODERATE
T+180min,R-230,13601073293,13619507487,103.13,residential,0.092,0.097,0.6966,0.194,0.395,MODERATE
T+180min,R-231,13601073293,2244797686,20.6,residential,0.09,0.094,0.6713,0.188,0.3813,MODERATE
T+180min,R-232,13601073293,622039341,110.41,residential,0.094,0.098,0.7272,0.196,0.4085,MODERATE
T+180min,R-233,13614337239,13614337241,98.86,residential,0.042,0.059,0.4453,0.118,0.2489,LOW
T+180min,R-234,13614337239,13614337242,79.05,residential,0.038,0.053,0.4207,0.106,0.2319,LOW
T+180min,R-235,13614337239,245666192,132.84,residential,0.069,0.082,0.6408,0.164,0.3547,MODERATE
T+180min,R-236,13614337241,13614337239,98.86,residential,0.042,0.059,0.4453,0.118,0.2489,LOW
T+180min,R-237,13614337241,13614337242,21.79,residential,0.03,0.03,0.4171,0.06,0.2028,LOW
T+180min,R-238,13614337241,13614337249,19.66,residential,0.03,0.031,0.4194,0.062,0.205,LOW
T+180min,R-239,13614337242,13614337239,79.05,residential,0.038,0.053,0.4207,0.106,0.2319,LOW
T+180min,R-240,13614337242,13614337241,21.79,residential,0.03,0.03,0.4171,0.06,0.2028,LOW
T+180min,R-241,13614337242,6585962883,16.14,residential,0.029,0.029,0.4159,0.058,0.2012,LOW
T+180min,R-242,13614337247,13614337249,39.04,residential,0.031,0.032,0.4256,0.064,0.2086,LOW
T+180min,R-243,13614337247,6585962883,14.99,residential,0.029,0.029,0.4196,0.058,0.2026,LOW
T+180min,R-244,13614337247,6585998686,76.41,residential,0.034,0.04,0.5155,0.08,0.2542,MODERATE
T+180min,R-245,13614337249,13614337241,19.66,residential,0.03,0.031,0.4194,0.062,0.205,LOW
T+180min,R-246,13614337249,13614337247,39.04,residential,0.031,0.032,0.4256,0.064,0.2086,LOW
T+180min,R-247,13614337249,6585962883,27.32,residential,0.03,0.03,0.4173,0.06,0.2029,LOW
T+180min,R-248,13614452347,13614452359,54.31,trunk,0.085,0.087,0.6866,0.174,0.379,MODERATE
T+180min,R-249,13614452347,13614452359,139.79,residential,0.075,0.087,0.6267,0.174,0.3551,MODERATE
T+180min,R-250,13614452359,13614452347,139.79,residential,0.075,0.087,0.6267,0.174,0.3551,MODERATE
T+180min,R-251,13614452359,9691859215,22.47,trunk,0.082,0.083,0.6501,0.166,0.3596,MODERATE
T+180min,R-252,13614466650,13614466653,18.75,residential,0.062,0.066,0.4899,0.132,0.2752,MODERATE
T+180min,R-253,13614466650,13614466656,25.02,residential,0.057,0.06,0.4664,0.12,0.2586,MODERATE
T+180min,R-254,13614466650,13614467518,4.31,residential,0.059,0.059,0.4818,0.118,0.2635,MODERATE
T+180min,R-255,13614466653,13614466650,18.75,residential,0.062,0.066,0.4899,0.132,0.2752,MODERATE
T+180min,R-256,13614466656,13614466650,25.02,residential,0.057,0.06,0.4664,0.12,0.2586,MODERATE
T+180min,R-257,13614467518,13614466650,4.31,residential,0.059,0.059,0.4818,0.118,0.2635,MODERATE
T+180min,R-258,13614467518,3743617937,34.2,residential,0.068,0.075,0.531,0.15,0.3024,MODERATE
T+180min,R-259,13614467518,3743617940,37.51,residential,0.051,0.059,0.4662,0.118,0.2573,MODERATE
T+180min,R-260,13615156514,12243225438,121.44,tertiary,0.087,0.091,0.7111,0.182,0.3936,MODERATE
T+180min,R-261,13615156514,13615156515,14.84,tertiary_link,0.085,0.086,0.7156,0.172,0.3894,MODERATE
T+180min,R-262,13615156515,13398075181,93.56,tertiary,0.075,0.084,0.5789,0.168,0.3324,MODERATE
T+180min,R-263,13615156515,13615156514,14.84,tertiary_link,0.085,0.086,0.7156,0.172,0.3894,MODERATE
T+180min,R-264,13615156516,13398075180,222.42,tertiary,0.082,0.097,0.7252,0.194,0.4065,MODERATE
T+180min,R-265,13615156516,13615156517,13.96,tertiary_link,0.053,0.053,0.4702,0.106,0.2517,MODERATE
T+180min,R-266,13615156517,13615156516,13.96,tertiary_link,0.053,0.053,0.4702,0.106,0.2517,MODERATE
T+180min,R-267,13615156517,13615156519,71.54,tertiary,0.039,0.053,0.4166,0.106,0.2302,LOW
T+180min,R-268,13615156518,13615156516,70.36,tertiary,0.039,0.053,0.4227,0.106,0.2327,LOW
T+180min,R-269,13615156518,13615156519,14.51,tertiary_link,0.028,0.03,0.3817,0.06,0.1887,LOW
T+180min,R-270,13615156519,13615156518,14.51,tertiary_link,0.028,0.03,0.3817,0.06,0.1887,LOW
T+180min,R-271,13615156519,6554302593,140.77,tertiary,0.031,0.036,0.4343,0.072,0.2169,LOW
T+180min,R-272,13615156523,245666274,24.14,secondary,0.028,0.028,0.4127,0.056,0.1987,LOW
T+180min,R-273,13615156523,2897024625,234.8,secondary,0.037,0.051,0.4435,0.102,0.2386,LOW
T+180min,R-274,13615172965,13617040696,36.73,tertiary,0.084,0.089,0.6811,0.178,0.3792,MODERATE
T+180min,R-275,13615172965,9469523484,5.42,residential,0.089,0.09,0.7875,0.18,0.423,MODERATE
T+180min,R-276,13615172966,12313982248,7.68,residential,0.09,0.09,0.641,0.18,0.3644,MODERATE
T+180min,R-277,13615172966,13617040692,56.23,tertiary,0.089,0.091,0.6219,0.182,0.358,MODERATE
T+180min,R-278,13616287392,10055232024,9.75,residential,0.096,0.096,0.574,0.192,0.3448,MODERATE
T+180min,R-279,13616287392,5896564331,27.84,tertiary,0.094,0.096,0.577,0.192,0.346,MODERATE
T+180min,R-280,13616287393,13616287394,7.99,tertiary_link,0.07,0.071,0.5528,0.142,0.3063,MODERATE
T+180min,R-281,13616287393,6428617352,19.54,tertiary,0.066,0.071,0.5343,0.142,0.2989,MODERATE
T+180min,R-282,13616287394,13616287393,7.99,tertiary_link,0.07,0.071,0.5528,0.142,0.3063,MODERATE
T+180min,R-283,13616287394,2897024748,235.5,tertiary,0.081,0.088,0.5934,0.176,0.343,MODERATE
T+180min,R-284,13616287395,2897024710,60.06,tertiary,0.048,0.053,0.4904,0.106,0.2598,MODERATE
T+180min,R-285,13616287395,2897024713,8.37,residential,0.048,0.048,0.4778,0.096,0.2487,LOW
T+180min,R-286,13616325515,10091403656,6.09,tertiary_link,0.086,0.086,0.751,0.172,0.4036,MODERATE
T+180min,R-287,13616325515,245666192,30.94,tertiary,0.084,0.086,0.7534,0.172,0.4046,MODERATE
T+180min,R-288,13616325516,13617040697,25.39,tertiary,0.073,0.077,0.5404,0.154,0.3086,MODERATE
T+180min,R-289,13616325516,3803643818,5.12,residential,0.073,0.073,0.5466,0.146,0.3062,MODERATE
T+180min,R-290,13617034594,631507968,130.89,secondary,0.037,0.045,0.5139,0.09,0.2596,MODERATE
T+180min,R-291,13617040678,13617040684,74.61,tertiary,0.081,0.083,0.5928,0.166,0.3367,MODERATE
T+180min,R-292,13617040678,7372035744,13.12,tertiary,0.085,0.087,0.5718,0.174,0.3331,MODERATE
T+180min,R-293,13617040682,10724726259,6.53,residential,0.082,0.082,0.6116,0.164,0.343,MODERATE
T+180min,R-294,13617040682,13617092827,10.26,tertiary,0.082,0.082,0.6268,0.164,0.3491,MODERATE
T+180min,R-295,13617040682,13617092837,22.96,residential,0.08,0.082,0.6006,0.164,0.3386,MODERATE
T+180min,R-296,13617040683,13617040678,75.06,tertiary,0.082,0.083,0.5962,0.166,0.3381,MODERATE
T+180min,R-297,13617040683,13617040684,5.21,tertiary_link,0.083,0.083,0.6111,0.166,0.344,MODERATE
T+180min,R-298,13617040684,13617040682,57.9,tertiary,0.082,0.083,0.6118,0.166,0.3443,MODERATE
T+180min,R-299,13617040684,13617040683,5.21,tertiary_link,0.083,0.083,0.6111,0.166,0.344,MODERATE
T+180min,R-300,13617040685,10724781030,33.11,tertiary,0.103,0.105,0.8783,0.21,0.4773,MODERATE
T+180min,R-301,13617040685,13617040686,7.84,tertiary_link,0.105,0.105,0.9184,0.21,0.4934,MODERATE
T+180min,R-302,13617040686,12313982253,16.49,tertiary,0.104,0.105,0.9032,0.21,0.4873,MODERATE
T+180min,R-303,13617040686,13617040685,7.84,tertiary_link,0.105,0.105,0.9184,0.21,0.4934,MODERATE
T+180min,R-304,13617040687,12313982254,40.09,tertiary,0.089,0.095,0.7451,0.19,0.412,MODERATE
T+180min,R-305,13617040687,13617040688,8.16,tertiary_link,0.084,0.084,0.7397,0.168,0.3967,MODERATE
T+180min,R-306,13617040688,13617040687,8.16,tertiary_link,0.084,0.084,0.7397,0.168,0.3967,MODERATE
T+180min,R-307,13617040688,13617040689,79.85,tertiary,0.082,0.089,0.6995,0.178,0.3866,MODERATE
T+180min,R-308,13617040689,13617040690,8.4,tertiary_link,0.089,0.089,0.6509,0.178,0.3672,MODERATE
T+180min,R-309,13617040689,13617040691,24.3,tertiary,0.09,0.091,0.6637,0.182,0.3747,MODERATE
T+180min,R-310,13617040690,13617040687,79.46,tertiary,0.08,0.089,0.659,0.178,0.3704,MODERATE
T+180min,R-311,13617040690,13617040689,8.4,tertiary_link,0.089,0.089,0.6509,0.178,0.3672,MODERATE
T+180min,R-312,13617040691,12313982248,56.77,tertiary,0.09,0.091,0.6236,0.182,0.3586,MODERATE
T+180min,R-313,13617040691,13617040692,8.25,tertiary_link,0.089,0.09,0.6113,0.18,0.3525,MODERATE
T+180min,R-314,13617040692,13617040690,24.5,tertiary,0.089,0.09,0.6433,0.18,0.3653,MODERATE
T+180min,R-315,13617040692,13617040691,8.25,tertiary_link,0.089,0.09,0.6113,0.18,0.3525,MODERATE
T+180min,R-316,13617040693,13617040694,7.62,tertiary_link,0.079,0.081,0.5603,0.162,0.3213,MODERATE
T+180min,R-317,13617040693,3193827831,35.57,tertiary,0.075,0.081,0.5447,0.162,0.3151,MODERATE
T+180min,R-318,13617040694,13615172966,31.47,tertiary,0.084,0.09,0.6003,0.18,0.3481,MODERATE
T+180min,R-319,13617040694,13617040693,7.62,tertiary_link,0.079,0.081,0.5603,0.162,0.3213,MODERATE
T+180min,R-320,13617040695,13617040696,5.23,tertiary_link,0.08,0.081,0.5629,0.162,0.3224,MODERATE
T+180min,R-321,13617040695,9469523484,37.41,tertiary,0.085,0.09,0.6898,0.18,0.3839,MODERATE
T+180min,R-322,13617040696,13616325516,32.27,tertiary,0.074,0.079,0.5432,0.158,0.3121,MODERATE
T+180min,R-323,13617040696,13617040695,5.23,tertiary_link,0.08,0.081,0.5629,0.162,0.3224,MODERATE
T+180min,R-324,13617040697,10091403662,35.41,tertiary,0.072,0.073,0.5394,0.146,0.3034,MODERATE
T+180min,R-325,13617040697,245666370,6.68,tertiary_link,0.074,0.077,0.5431,0.154,0.3096,MODERATE
T+180min,R-326,13617067002,10091403664,125.59,tertiary,0.073,0.082,0.7127,0.164,0.3835,MODERATE
T+180min,R-327,13617067002,245666077,5.65,tertiary_link,0.06,0.061,0.5326,0.122,0.2862,MODERATE
T+180min,R-328,13617092826,10724726259,9.92,tertiary,0.082,0.083,0.6221,0.166,0.3484,MODERATE
T+180min,R-329,13617092826,13617092827,6.9,residential,0.083,0.083,0.6405,0.166,0.3558,MODERATE
T+180min,R-330,13617092827,12350391111,86.31,tertiary,0.078,0.084,0.5815,0.168,0.3334,MODERATE
T+180min,R-331,13617092827,13617092826,6.9,residential,0.083,0.083,0.6405,0.166,0.3558,MODERATE
T+180min,R-332,13617092827,13617092838,23.35,residential,0.082,0.083,0.6323,0.166,0.3525,MODERATE
T+180min,R-333,13617092832,13617092835,63.86,residential,0.074,0.08,0.5573,0.16,0.3189,MODERATE
T+180min,R-334,13617092832,13617092836,59.88,residential,0.075,0.08,0.5595,0.16,0.3198,MODERATE
T+180min,R-335,13617092832,13617550909,156.58,residential,0.096,0.106,0.7102,0.212,0.4113,MODERATE
T+180min,R-336,13617092835,13617092832,63.86,residential,0.074,0.08,0.5573,0.16,0.3189,MODERATE
T+180min,R-337,13617092835,13617092836,6.33,residential,0.074,0.074,0.5595,0.148,0.3126,MODERATE
T+180min,R-338,13617092835,13617092838,176.09,residential,0.081,0.097,0.6576,0.194,0.3794,MODERATE
T+180min,R-339,13617092836,13617092832,59.88,residential,0.075,0.08,0.5595,0.16,0.3198,MODERATE
T+180min,R-340,13617092836,13617092835,6.33,residential,0.074,0.074,0.5595,0.148,0.3126,MODERATE
T+180min,R-341,13617092836,13617092837,176.37,residential,0.079,0.097,0.6495,0.194,0.3762,MODERATE
T+180min,R-342,13617092837,13617040682,22.96,residential,0.08,0.082,0.6006,0.164,0.3386,MODERATE
T+180min,R-343,13617092837,13617092836,176.37,residential,0.079,0.097,0.6495,0.194,0.3762,MODERATE
T+180min,R-344,13617092837,13617092838,9.69,residential,0.081,0.083,0.6056,0.166,0.3418,MODERATE
T+180min,R-345,13617092838,13617092827,23.35,residential,0.082,0.083,0.6323,0.166,0.3525,MODERATE
T+180min,R-346,13617092838,13617092835,176.09,residential,0.081,0.097,0.6576,0.194,0.3794,MODERATE
T+180min,R-347,13617092838,13617092837,9.69,residential,0.081,0.083,0.6056,0.166,0.3418,MODERATE
T+180min,R-348,13617092839,6428811263,5.46,tertiary,0.077,0.077,0.6164,0.154,0.339,MODERATE
T+180min,R-349,13617092839,8570027362,42.87,residential,0.074,0.077,0.5766,0.154,0.323,MODERATE
T+180min,R-350,13617092840,6428811262,6.78,tertiary,0.077,0.077,0.6082,0.154,0.3357,MODERATE
T+180min,R-351,13617092840,6428811270,95.73,tertiary,0.071,0.077,0.5802,0.154,0.3245,MODERATE
T+180min,R-352,13617280082,13617280087,38.42,residential,,,,,,UNKNOWN
T+180min,R-353,13617280082,13617327485,128.75,residential,0.066,0.082,0.5462,0.164,0.3169,MODERATE
T+180min,R-354,13617280082,245668208,44.67,residential,,,,,,UNKNOWN
T+180min,R-355,13617280087,13617280082,38.42,residential,,,,,,UNKNOWN
T+180min,R-356,13617292720,13617292726,31.17,residential,,,,,,UNKNOWN
T+180min,R-357,13617292720,13617292726,44.62,residential,,,,,,UNKNOWN
T+180min,R-358,13617292720,13617292729,12.94,residential,,,,,,UNKNOWN
T+180min,R-359,13617292726,10923690293,6.68,residential,,,,,,UNKNOWN
T+180min,R-360,13617292726,13617292720,44.62,residential,,,,,,UNKNOWN
T+180min,R-361,13617292726,13617292720,31.17,residential,,,,,,UNKNOWN
T+180min,R-362,13617292729,10923690293,36.91,residential,,,,,,UNKNOWN
T+180min,R-363,13617292729,13617292720,12.94,residential,,,,,,UNKNOWN
T+180min,R-364,13617292729,623895532,50.08,residential,,,,,,UNKNOWN
T+180min,R-365,13617327485,13617280082,128.75,residential,0.066,0.082,0.5462,0.164,0.3169,MODERATE
T+180min,R-366,13617327485,13617327487,13.04,residential,0.052,0.053,0.4955,0.106,0.2618,MODERATE
T+180min,R-367,13617327485,7404711477,52.26,residential,0.055,0.057,0.534,0.114,0.282,MODERATE
T+180min,R-368,13617327487,13617327485,13.04,residential,0.052,0.053,0.4955,0.106,0.2618,MODERATE
T+180min,R-369,13617327487,13617327487,99.62,residential,0.052,0.056,0.4821,0.112,0.26,MODERATE
T+180min,R-370,13617327487,13617327487,99.62,residential,0.052,0.056,0.4821,0.112,0.26,MODERATE
T+180min,R-371,13617483789,13617483791,5.29,tertiary,0.081,0.085,0.6152,0.17,0.3481,MODERATE
T+180min,R-372,13617483791,13617483792,2.64,tertiary,0.085,0.085,0.6306,0.17,0.3542,MODERATE
T+180min,R-373,13617483791,13619318866,100.36,residential,0.082,0.103,0.5852,0.206,0.3577,MODERATE
T+180min,R-374,13617483792,13617550909,20.4,residential,0.089,0.094,0.6628,0.188,0.3779,MODERATE
T+180min,R-375,13617483792,13617550913,9.91,tertiary,0.084,0.087,0.6426,0.174,0.3614,MODERATE
T+180min,R-376,13617483794,13617550919,9.35,tertiary,0.077,0.08,0.6171,0.16,0.3428,MODERATE
T+180min,R-377,13617483794,13617550927,24.58,tertiary,0.074,0.08,0.6138,0.16,0.3415,MODERATE
T+180min,R-378,13617550905,13617483789,8.06,tertiary,0.077,0.077,0.5993,0.154,0.3321,MODERATE
T+180min,R-379,13617550905,13617550915,26.3,tertiary,0.067,0.077,0.5324,0.154,0.3054,MODERATE
T+180min,R-380,13617550909,13617092832,156.58,residential,0.096,0.106,0.7102,0.212,0.4113,MODERATE
T+180min,R-381,13617550909,13617550913,21.05,residential,0.087,0.094,0.663,0.188,0.378,MODERATE
T+180min,R-382,13617550913,13617483794,3.32,tertiary,0.08,0.08,0.6339,0.16,0.3496,MODERATE
T+180min,R-383,13617550915,245666158,28.38,tertiary,0.054,0.06,0.4665,0.12,0.2586,MODERATE
T+180min,R-384,13617550915,7365871208,7.27,tertiary_link,0.063,0.066,0.4872,0.132,0.2741,MODERATE
T+180min,R-385,13617550919,13617550905,12.15,tertiary,0.074,0.077,0.5885,0.154,0.3278,MODERATE
T+180min,R-386,13617550926,13617550919,19.52,tertiary,0.07,0.073,0.5892,0.146,0.3233,MODERATE
T+180min,R-387,13617550926,13617550927,7.96,tertiary_link,0.066,0.067,0.591,0.134,0.3168,MODERATE
T+180min,R-388,13617550927,13617550926,7.96,tertiary_link,0.066,0.067,0.591,0.134,0.3168,MODERATE
T+180min,R-389,13617550927,13617550929,85.37,tertiary,0.056,0.066,0.5309,0.132,0.2916,MODERATE
T+180min,R-390,13617550928,13617550926,86.76,tertiary,0.055,0.067,0.5268,0.134,0.2911,MODERATE
T+180min,R-391,13617550928,13617550929,14.72,residential,0.046,0.047,0.4521,0.094,0.2372,LOW
T+180min,R-392,13617550928,13618123059,16.53,residential,0.045,0.045,0.452,0.09,0.2348,LOW
T+180min,R-393,13617550929,13617550923,27.06,tertiary,0.046,0.047,0.483,0.094,0.2496,LOW
T+180min,R-394,13617550929,13617550928,14.72,residential,0.046,0.047,0.4521,0.094,0.2372,LOW
T+180min,R-395,13618123059,13617550928,16.53,residential,0.045,0.045,0.452,0.09,0.2348,LOW
T+180min,R-396,13618123059,13618123066,49.46,residential,0.045,0.047,0.4662,0.094,0.2429,LOW
T+180min,R-397,13618123059,13618123089,18.89,residential,0.043,0.044,0.4489,0.088,0.2324,LOW
T+180min,R-398,13618123066,13618123059,49.46,residential,0.045,0.047,0.4662,0.094,0.2429,LOW
T+180min,R-399,13618123066,13618123089,14.18,residential,0.043,0.044,0.4591,0.088,0.2364,LOW
T+180min,R-400,13618123066,13618123089,137.56,residential,0.039,0.044,0.4416,0.088,0.2294,LOW
T+180min,R-401,13618123089,13618123059,18.89,residential,0.043,0.044,0.4489,0.088,0.2324,LOW
T+180min,R-402,13618123089,13618123066,14.18,residential,0.043,0.044,0.4591,0.088,0.2364,LOW
T+180min,R-403,13618123089,13618123066,137.56,residential,0.039,0.044,0.4416,0.088,0.2294,LOW
T+180min,R-404,13618156305,13618156307,29.01,residential,0.035,0.036,0.3963,0.072,0.2017,LOW
T+180min,R-405,13618156307,13617550928,62.17,tertiary,0.042,0.045,0.4561,0.09,0.2364,LOW
T+180min,R-406,13618156307,13618156305,29.01,residential,0.035,0.036,0.3962,0.072,0.2017,LOW
T+180min,R-407,13618292019,13618292025,19.65,residential,0.002,0.002,0.1554,0.004,0.0646,LOW
T+180min,R-408,13618292019,13618292027,7.85,residential,0.002,0.002,0.166,0.004,0.0688,LOW
T+180min,R-409,13618292019,245667468,4.23,residential,0.002,0.002,0.1804,0.004,0.0746,LOW
T+180min,R-410,13618292025,10111287875,47.89,residential,0.006,0.018,0.1573,0.036,0.0845,LOW
T+180min,R-411,13618292025,13618292019,19.65,residential,0.002,0.002,0.1554,0.004,0.0646,LOW
T+180min,R-412,13618292025,13618292030,12.03,residential,0.001,0.001,0.1223,0.002,0.0501,LOW
T+180min,R-413,13618292027,13618292019,7.85,residential,0.002,0.002,0.166,0.004,0.0688,LOW
T+180min,R-414,13618292027,13618292030,51.24,residential,0.003,0.006,0.1448,0.012,0.0651,LOW
T+180min,R-415,13618292027,13618292030,20.74,residential,0.002,0.002,0.1348,0.004,0.0563,LOW
T+180min,R-416,13618292030,13618292025,12.03,residential,0.001,0.001,0.1223,0.002,0.0501,LOW
T+180min,R-417,13618292030,13618292027,51.24,residential,0.003,0.006,0.1448,0.012,0.0651,LOW
T+180min,R-418,13618292030,13618292027,20.74,residential,0.002,0.002,0.1348,0.004,0.0563,LOW
T+180min,R-419,13618347449,245667863,266.41,secondary,0.049,0.083,0.494,0.166,0.2972,MODERATE
T+180min,R-420,13618347449,7366246694,174.97,residential,0.041,0.055,0.421,0.11,0.2344,LOW
T+180min,R-421,13618374654,13618374655,19.09,residential,0.055,0.055,0.5171,0.11,0.2728,MODERATE
T+180min,R-422,13618374655,13618374654,19.09,residential,0.055,0.055,0.5171,0.11,0.2728,MODERATE
T+180min,R-423,13618374655,13618374657,21.38,residential,0.057,0.057,0.5376,0.114,0.2834,MODERATE
T+180min,R-424,13618374655,13618374664,69.05,residential,0.057,0.058,0.575,0.116,0.2996,MODERATE
T+180min,R-425,13618374655,6598052694,16.18,residential,0.054,0.055,0.5104,0.11,0.2702,MODERATE
T+180min,R-426,13618374656,13618374657,15.18,residential,0.057,0.057,0.5539,0.114,0.29,MODERATE
T+180min,R-427,13618374657,13618374655,21.38,residential,0.057,0.057,0.5376,0.114,0.2834,MODERATE
T+180min,R-428,13618374657,13618374656,15.18,residential,0.057,0.057,0.5539,0.114,0.29,MODERATE
T+180min,R-429,13618374657,5911310880,39.28,residential,0.055,0.057,0.5342,0.114,0.2821,MODERATE
T+180min,R-430,13618374664,13618374655,69.05,residential,0.057,0.058,0.575,0.116,0.2996,MODERATE
T+180min,R-431,13618374670,5911310880,65.19,residential,0.058,0.06,0.5539,0.12,0.2936,MODERATE
T+180min,R-432,13618374671,13618374676,66.12,residential,0.059,0.063,0.591,0.126,0.312,MODERATE
T+180min,R-433,13618374671,13618374677,45.51,residential,0.06,0.062,0.6557,0.124,0.3367,MODERATE
T+180min,R-434,13618374671,13618374681,26.7,residential,0.059,0.062,0.6176,0.124,0.3214,MODERATE
T+180min,R-435,13618374676,13618374671,66.12,residential,0.059,0.063,0.591,0.126,0.312,MODERATE
T+180min,R-436,13618374676,13618374681,42.66,residential,0.055,0.056,0.5199,0.112,0.2752,MODERATE
T+180min,R-437,13618374676,5911310880,18.15,residential,0.055,0.055,0.5159,0.11,0.2724,MODERATE
T+180min,R-438,13618374677,12406104885,76.32,residential,0.057,0.059,0.5276,0.118,0.2818,MODERATE
T+180min,R-439,13618374677,13618374671,45.51,residential,0.06,0.062,0.6557,0.124,0.3367,MODERATE
T+180min,R-440,13618374677,13618374681,71.66,residential,0.059,0.062,0.6489,0.124,0.334,MODERATE
T+180min,R-441,13618374677,13618374689,57.67,residential,0.065,0.077,0.5778,0.154,0.3235,MODERATE
T+180min,R-442,13618374681,13618374671,26.7,residential,0.059,0.062,0.6176,0.124,0.3214,MODERATE
T+180min,R-443,13618374681,13618374676,42.66,residential,0.055,0.056,0.5199,0.112,0.2752,MODERATE
T+180min,R-444,13618374681,13618374677,71.66,residential,0.059,0.062,0.6489,0.124,0.334,MODERATE
T+180min,R-445,13618374689,13618374677,57.67,residential,0.065,0.077,0.5778,0.154,0.3235,MODERATE
T+180min,R-446,13618395293,13618395297,51.09,residential,0.092,0.097,0.8065,0.194,0.439,MODERATE
T+180min,R-447,13618395297,13618395293,51.09,residential,0.092,0.097,0.8065,0.194,0.439,MODERATE
T+180min,R-448,13618395297,13618395298,20.21,residential,0.092,0.095,0.7724,0.19,0.423,MODERATE
T+180min,R-449,13618395297,13618399201,8.18,residential,0.096,0.098,0.8363,0.196,0.4521,MODERATE
T+180min,R-450,13618395298,13618395297,20.21,residential,0.092,0.095,0.7724,0.19,0.423,MODERATE
T+180min,R-451,13618399201,13618395297,8.18,residential,0.096,0.098,0.8363,0.196,0.4521,MODERATE
T+180min,R-452,13618399201,13619536860,52.8,residential,0.096,0.098,0.7904,0.196,0.4338,MODERATE
T+180min,R-453,13618399201,5911310871,121.31,residential,0.081,0.098,0.7294,0.196,0.4094,MODERATE
T+180min,R-454,13618414606,13618414607,23.83,residential,0.069,0.075,0.5204,0.15,0.2982,MODERATE
T+180min,R-455,13618414606,13618414607,62.6,residential,0.07,0.075,0.5361,0.15,0.3044,MODERATE
T+180min,R-456,13618414606,7365813760,13.43,residential,0.065,0.066,0.5017,0.132,0.2799,MODERATE
T+180min,R-457,13618414607,13618414606,23.83,residential,0.069,0.075,0.5204,0.15,0.2982,MODERATE
T+180min,R-458,13618414607,13618414606,62.6,residential,0.07,0.075,0.5361,0.15,0.3044,MODERATE
T+180min,R-459,13618414607,622039345,7.6,residential,0.076,0.078,0.5447,0.156,0.3115,MODERATE
T+180min,R-460,13619237603,13619237606,18.82,residential,0.07,0.073,0.5149,0.146,0.2936,MODERATE
T+180min,R-461,13619237603,13619237610,13.31,residential,0.072,0.073,0.5216,0.146,0.2962,MODERATE
T+180min,R-462,13619237603,622039354,70.45,residential,0.079,0.087,0.5666,0.174,0.331,MODERATE
T+180min,R-463,13619237606,13619237603,18.82,residential,0.07,0.073,0.5149,0.146,0.2936,MODERATE
T+180min,R-464,13619237610,13619237603,13.31,residential,0.072,0.073,0.5216,0.146,0.2962,MODERATE
T+180min,R-465,13619237610,622039345,8.4,residential,0.074,0.078,0.5331,0.156,0.3068,MODERATE
T+180min,R-466,13619237610,7365813760,16.55,residential,0.068,0.071,0.512,0.142,0.29,MODERATE
T+180min,R-467,13619239364,13619239365,12.26,residential,,,,,,UNKNOWN
T+180min,R-468,13619239364,13619239367,21.43,residential,,,,,,UNKNOWN
T+180min,R-469,13619239364,13619239369,8.07,residential,,,,,,UNKNOWN
T+180min,R-470,13619239365,13619239364,12.26,residential,,,,,,UNKNOWN
T+180min,R-471,13619239367,13619239364,21.43,residential,,,,,,UNKNOWN
T+180min,R-472,13619239367,13619239369,15.13,residential,,,,,,UNKNOWN
T+180min,R-473,13619239367,245668277,186.93,tertiary,0.059,0.059,0.4876,0.118,0.2658,MODERATE
T+180min,R-474,13619239369,13619239364,8.07,residential,,,,,,UNKNOWN
T+180min,R-475,13619239369,13619239367,15.13,residential,,,,,,UNKNOWN
T+180min,R-476,13619239369,245668324,14.91,residential,,,,,,UNKNOWN
T+180min,R-477,13619243522,13619243523,12.05,residential,,,,,,UNKNOWN
T+180min,R-478,13619243522,13619243545,57.33,residential,,,,,,UNKNOWN
T+180min,R-479,13619243522,9445072347,55.21,residential,,,,,,UNKNOWN
T+180min,R-480,13619243523,13619243551,124.29,residential,,,,,,UNKNOWN
T+180min,R-481,13619243544,13619243551,17.82,residential,,,,,,UNKNOWN
T+180min,R-482,13619243545,13619243522,57.33,residential,,,,,,UNKNOWN
T+180min,R-483,13619243545,245668324,58.86,residential,,,,,,UNKNOWN
T+180min,R-484,13619243551,13619243523,124.29,residential,,,,,,UNKNOWN
T+180min,R-485,13619243551,13619243544,17.82,residential,,,,,,UNKNOWN
T+180min,R-486,13619243551,13619243558,33.83,residential,,,,,,UNKNOWN
T+180min,R-487,13619243558,13619243545,14.22,residential,,,,,,UNKNOWN
T+180min,R-488,13619243558,13619243551,33.83,residential,,,,,,UNKNOWN
T+180min,R-489,13619318851,11047597219,57.84,residential,0.061,0.071,0.4893,0.142,0.2809,MODERATE
T+180min,R-490,13619318851,13619318852,35.19,residential,0.054,0.059,0.4675,0.118,0.2578,MODERATE
T+180min,R-491,13619318851,13619318853,26.52,residential,0.048,0.049,0.4562,0.098,0.2413,LOW
T+180min,R-492,13619318852,11047597219,25.35,residential,0.061,0.064,0.4918,0.128,0.2735,MODERATE
T+180min,R-493,13619318852,13619318851,35.19,residential,0.054,0.059,0.4675,0.118,0.2578,MODERATE
T+180min,R-494,13619318852,245666191,13.1,residential,0.058,0.059,0.4765,0.118,0.2614,MODERATE
T+180min,R-495,13619318853,13619318851,26.52,residential,0.048,0.049,0.4562,0.098,0.2413,LOW
T+180min,R-496,13619318853,13619318854,10.45,tertiary,0.046,0.047,0.4615,0.094,0.241,LOW
T+180min,R-497,13619318853,245666158,9.0,tertiary,0.048,0.049,0.4593,0.098,0.2425,LOW
T+180min,R-498,13619318854,13619318853,10.45,tertiary,0.046,0.047,0.4615,0.094,0.241,LOW
T+180min,R-499,13619318854,13621886870,97.18,tertiary,0.051,0.06,0.4839,0.12,0.2656,MODERATE
T+180min,R-500,13619318854,245666191,61.43,residential,0.048,0.056,0.4603,0.112,0.2513,MODERATE
T+180min,R-501,13619318864,11047597219,14.89,residential,0.069,0.075,0.5185,0.15,0.2974,MODERATE
T+180min,R-502,13619318864,13619318864,89.56,residential,0.085,0.1,0.5788,0.2,0.3515,MODERATE
T+180min,R-503,13619318864,13619318864,89.56,residential,0.085,0.1,0.5788,0.2,0.3515,MODERATE
T+180min,R-504,13619318866,13617483791,100.36,residential,0.082,0.103,0.5852,0.206,0.3577,MODERATE
T+180min,R-505,13619318866,7365871208,6.89,tertiary,0.063,0.066,0.4857,0.132,0.2735,MODERATE
T+180min,R-506,13619368459,13619368460,19.68,residential,0.076,0.08,0.6604,0.16,0.3602,MODERATE
T+180min,R-507,13619368459,13619368466,71.23,residential,0.071,0.08,0.5607,0.16,0.3203,MODERATE
T+180min,R-508,13619368459,13619368471,19.88,residential,0.083,0.087,0.6847,0.174,0.3783,MODERATE
T+180min,R-509,13619368460,13619368459,19.68,residential,0.076,0.08,0.6604,0.16,0.3602,MODERATE
T+180min,R-510,13619368460,13619368498,137.34,residential,0.088,0.097,0.7597,0.194,0.4203,MODERATE
T+180min,R-511,13619368460,9771116360,35.05,residential,0.065,0.071,0.5491,0.142,0.3048,MODERATE
T+180min,R-512,13619368466,13619368459,71.23,residential,0.071,0.08,0.5607,0.16,0.3203,MODERATE
T+180min,R-513,13619368466,13619368487,32.86,residential,0.075,0.082,0.6335,0.164,0.3518,MODERATE
T+180min,R-514,13619368466,9771116360,58.73,residential,0.064,0.072,0.5108,0.144,0.2907,MODERATE
T+180min,R-515,13619368471,13619368459,19.88,residential,0.083,0.087,0.6847,0.174,0.3783,MODERATE
T+180min,R-516,13619368471,13619368487,58.63,residential,0.081,0.087,0.6832,0.174,0.3777,MODERATE
T+180min,R-517,13619368471,13620896407,93.24,residential,0.085,0.091,0.7408,0.182,0.4055,MODERATE
T+180min,R-518,13619368472,12313982248,36.88,residential,0.092,0.092,0.6459,0.184,0.3688,MODERATE
T+180min,R-519,13619368472,13619368475,27.84,residential,0.092,0.095,0.6489,0.19,0.3736,MODERATE
T+180min,R-520,13619368472,13620896407,24.35,residential,0.089,0.092,0.6247,0.184,0.3603,MODERATE
T+180min,R-521,13619368475,13619368472,27.84,residential,0.092,0.095,0.6489,0.19,0.3736,MODERATE
T+180min,R-522,13619368475,13619368487,135.86,residential,0.09,0.097,0.7396,0.194,0.4122,MODERATE
T+180min,R-523,13619368475,13620896407,8.53,residential,0.087,0.089,0.6184,0.178,0.3542,MODERATE
T+180min,R-524,13619368487,13619368466,32.86,residential,0.075,0.082,0.6335,0.164,0.3518,MODERATE
T+180min,R-525,13619368487,13619368471,58.63,residential,0.081,0.087,0.6832,0.174,0.3777,MODERATE
T+180min,R-526,13619368487,13619368475,135.86,residential,0.09,0.097,0.7396,0.194,0.4122,MODERATE
T+180min,R-527,13619368498,13619368460,137.34,residential,0.088,0.097,0.7597,0.194,0.4203,MODERATE
T+180min,R-528,13619374592,13619374593,14.32,residential,0.07,0.07,0.6964,0.14,0.3626,MODERATE
T+180min,R-529,13619374592,2244637004,43.06,trunk,0.07,0.07,0.6643,0.14,0.3497,MODERATE
T+180min,R-530,13619374593,13619374592,14.32,residential,0.07,0.07,0.6964,0.14,0.3626,MODERATE
T+180min,R-531,13619374593,13619374596,37.21,residential,0.069,0.07,0.656,0.14,0.3464,MODERATE
T+180min,R-532,13619374593,13619374597,15.61,residential,0.07,0.07,0.6596,0.14,0.3478,MODERATE
T+180min,R-533,13619374596,13619374593,37.21,residential,0.069,0.07,0.656,0.14,0.3464,MODERATE
T+180min,R-534,13619374597,13619374593,15.61,residential,0.07,0.07,0.6596,0.14,0.3478,MODERATE
T+180min,R-535,13619396529,11046194845,29.14,residential,0.094,0.094,0.6163,0.188,0.3593,MODERATE
T+180min,R-536,13619396529,13619396536,36.49,residential,,,,,,UNKNOWN
T+180min,R-537,13619396529,9171835705,19.0,residential,,,,,,UNKNOWN
T+180min,R-538,13619396536,10840042416,18.54,residential,,,,,,UNKNOWN
T+180min,R-539,13619396536,13619396529,36.49,residential,,,,,,UNKNOWN
T+180min,R-540,13619396536,9171835705,17.29,residential,,,,,,UNKNOWN
T+180min,R-541,13619400539,245668039,29.34,secondary_link,0.083,0.083,0.6912,0.166,0.3761,MODERATE
T+180min,R-542,13619400539,7404711447,26.99,secondary,0.083,0.083,0.6776,0.166,0.3706,MODERATE
T+180min,R-543,13619401780,13619401781,15.74,residential,0.0,0.0,0.0507,0.0,0.0203,LOW
T+180min,R-544,13619401780,6554271017,12.32,residential,0.0,0.0,0.0246,0.0,0.0098,LOW
T+180min,R-545,13619401780,6554271024,82.48,residential,0.024,0.054,0.2675,0.108,0.1718,LOW
T+180min,R-546,13619401781,13619401780,15.74,residential,0.0,0.0,0.0507,0.0,0.0203,LOW
T+180min,R-547,13619401781,13619401781,164.97,residential,0.006,0.018,0.144,0.036,0.0792,LOW
T+180min,R-548,13619401781,13619401781,164.97,residential,0.006,0.018,0.144,0.036,0.0792,LOW
T+180min,R-549,13619403785,13619403794,32.31,residential,,,,,,UNKNOWN
T+180min,R-550,13619403785,13619678849,18.09,residential,,,,,,UNKNOWN
T+180min,R-551,13619403785,245668197,22.99,residential,,,,,,UNKNOWN
T+180min,R-552,13619403787,13619433317,3.94,residential,,,,,,UNKNOWN
T+180min,R-553,13619403787,13619678849,2.55,residential,,,,,,UNKNOWN
T+180min,R-554,13619403787,245668286,71.42,residential,,,,,,UNKNOWN
T+180min,R-555,13619403788,13619403789,21.13,residential,,,,,,UNKNOWN
T+180min,R-556,13619403788,245668197,28.94,residential,,,,,,UNKNOWN
T+180min,R-557,13619403788,245668324,104.46,residential,,,,,,UNKNOWN
T+180min,R-558,13619403789,13619403788,21.13,residential,,,,,,UNKNOWN
T+180min,R-559,13619403794,13619403785,32.31,residential,,,,,,UNKNOWN
T+180min,R-560,13619412997,10925941300,44.77,residential,0.068,0.072,0.5379,0.144,0.3016,MODERATE
T+180min,R-561,13619412997,13619412997,128.29,residential,0.068,0.076,0.5476,0.152,0.3102,MODERATE
T+180min,R-562,13619412997,13619412997,128.29,residential,0.068,0.076,0.5476,0.152,0.3102,MODERATE
T+180min,R-563,13619433317,13619403787,3.94,residential,,,,,,UNKNOWN
T+180min,R-564,13619433317,13619433317,140.77,residential,,,,,,UNKNOWN
T+180min,R-565,13619433317,13619433317,140.77,residential,,,,,,UNKNOWN
T+180min,R-566,13619457121,13619457123,47.22,residential,0.052,0.056,0.4545,0.112,0.249,LOW
T+180min,R-567,13619457122,13619457123,29.91,residential,0.055,0.058,0.4642,0.116,0.2553,MODERATE
T+180min,R-568,13619457123,13619457121,47.22,residential,0.052,0.056,0.4545,0.112,0.249,LOW
T+180min,R-569,13619457123,13619457122,29.91,residential,0.055,0.058,0.4642,0.116,0.2553,MODERATE
T+180min,R-570,13619457123,13619457125,11.12,residential,0.054,0.056,0.4695,0.112,0.255,MODERATE
T+180min,R-571,13619457125,13619457123,11.12,residential,0.054,0.056,0.4695,0.112,0.255,MODERATE
T+180min,R-572,13619457125,7366246694,11.46,trunk_link,0.056,0.056,0.4886,0.112,0.2626,MODERATE
T+180min,R-573,13619463498,9445072347,9.05,residential,,,,,,UNKNOWN
T+180min,R-574,13619485519,10925931740,10.53,residential,0.065,0.066,0.5188,0.132,0.2867,MODERATE
T+180min,R-575,13619485519,10925931740,103.44,residential,0.065,0.071,0.5331,0.142,0.2984,MODERATE
T+180min,R-576,13619485519,13619485526,7.17,residential,0.065,0.066,0.5115,0.132,0.2838,MODERATE
T+180min,R-577,13619485526,10925931739,8.68,residential,0.065,0.066,0.5134,0.132,0.2846,MODERATE
T+180min,R-578,13619485526,10925931740,12.82,residential,0.063,0.064,0.5106,0.128,0.281,MODERATE
T+180min,R-579,13619485526,13619485519,7.17,residential,0.065,0.066,0.5115,0.132,0.2838,MODERATE
T+180min,R-580,13619491182,13619491183,59.67,residential,,,,,,UNKNOWN
T+180min,R-581,13619491182,13619500839,0.85,residential,,,,,,UNKNOWN
T+180min,R-582,13619491182,9171835708,24.98,residential,,,,,,UNKNOWN
T+180min,R-583,13619491183,13619491182,59.67,residential,,,,,,UNKNOWN
T+180min,R-584,13619491183,13619500841,11.05,residential,,,,,,UNKNOWN
T+180min,R-585,13619491183,9171835708,84.09,residential,,,,,,UNKNOWN
T+180min,R-586,13619491193,13619500813,22.86,residential,,,,,,UNKNOWN
T+180min,R-587,13619491193,9171835708,36.45,residential,,,,,,UNKNOWN
T+180min,R-588,13619491193,9171835708,99.37,residential,,,,,,UNKNOWN
T+180min,R-589,13619500809,13619500813,28.95,residential,,,,,,UNKNOWN
T+180min,R-590,13619500809,13619500813,96.19,residential,,,,,,UNKNOWN
T+180min,R-591,13619500809,13619500813,122.89,residential,,,,,,UNKNOWN
T+180min,R-592,13619500813,13619491193,22.86,residential,,,,,,UNKNOWN
T+180min,R-593,13619500813,13619500809,28.95,residential,,,,,,UNKNOWN
T+180min,R-594,13619500813,13619500809,96.19,residential,,,,,,UNKNOWN
T+180min,R-595,13619500813,13619500809,122.89,residential,,,,,,UNKNOWN
T+180min,R-596,13619500839,13619491182,0.85,residential,,,,,,UNKNOWN
T+180min,R-597,13619500841,10925943006,47.23,residential,,,,,,UNKNOWN
T+180min,R-598,13619500841,245668374,60.13,residential,,,,,,UNKNOWN
T+180min,R-599,13619507487,13601073293,103.13,residential,0.092,0.097,0.6966,0.194,0.395,MODERATE
T+180min,R-600,13619515794,13619515794,103.82,residential,0.063,0.07,0.5374,0.14,0.299,MODERATE
T+180min,R-601,13619515794,13619515794,103.82,residential,0.063,0.07,0.5374,0.14,0.299,MODERATE
T+180min,R-602,13619515794,7384246086,5.6,residential,0.07,0.07,0.5417,0.14,0.3007,MODERATE
T+180min,R-603,13619536860,13618399201,52.8,residential,0.096,0.098,0.7904,0.196,0.4338,MODERATE
T+180min,R-604,13619536860,13619536866,18.21,residential,0.094,0.096,0.63,0.192,0.3672,MODERATE
T+180min,R-605,13619536866,13619536860,18.21,residential,0.094,0.096,0.63,0.192,0.3672,MODERATE
T+180min,R-606,13619536866,13619536860,78.51,residential,0.099,0.105,0.7895,0.21,0.4418,MODERATE
T+180min,R-607,13619536866,622039341,12.47,residential,0.09,0.093,0.6391,0.186,0.3672,MODERATE
T+180min,R-608,13619539391,13619539396,14.57,residential,,,,,,UNKNOWN
T+180min,R-609,13619539391,13619539396,47.37,residential,,,,,,UNKNOWN
T+180min,R-610,13619539391,13622435420,16.31,residential,,,,,,UNKNOWN
T+180min,R-611,13619539396,13619539391,14.57,residential,,,,,,UNKNOWN
T+180min,R-612,13619539396,13619539391,47.37,residential,,,,,,UNKNOWN
T+180min,R-613,13619539396,2244797706,35.28,residential,,,,,,UNKNOWN
T+180min,R-614,13619570121,13619570121,191.6,residential,,,,,,UNKNOWN
T+180min,R-615,13619570121,13619570121,191.6,residential,,,,,,UNKNOWN
T+180min,R-616,13619570121,2244797706,14.73,residential,,,,,,UNKNOWN
T+180min,R-617,13619604480,13622528188,6.51,residential,0.081,0.081,0.6167,0.162,0.3439,MODERATE
T+180min,R-618,13619604480,13622528191,1.56,residential,,,,,,UNKNOWN
T+180min,R-619,13619604480,9914206292,28.2,residential,0.08,0.082,0.6042,0.164,0.3401,MODERATE
T+180min,R-620,13619678849,13619403785,18.09,residential,,,,,,UNKNOWN
T+180min,R-621,13619678849,13619403787,2.55,residential,,,,,,UNKNOWN
T+180min,R-622,13619678849,13619678859,83.26,residential,,,,,,UNKNOWN
T+180min,R-623,13619678859,13619678849,83.26,residential,,,,,,UNKNOWN
T+180min,R-624,13619678859,13622445020,12.85,residential,,,,,,UNKNOWN
T+180min,R-625,13619678859,9171835705,53.15,residential,,,,,,UNKNOWN
T+180min,R-626,13619939784,2897024523,18.49,secondary,0.037,0.039,0.4439,0.078,0.2244,LOW
T+180min,R-627,13619939784,2897024614,230.93,primary,0.038,0.045,0.4834,0.09,0.2474,LOW
T+180min,R-628,13620657537,245666801,134.61,residential,0.095,0.1,0.8174,0.2,0.447,MODERATE
T+180min,R-629,13620896407,13619368471,93.24,residential,0.085,0.091,0.7408,0.182,0.4055,MODERATE
T+180min,R-630,13620896407,13619368472,24.35,residential,0.089,0.092,0.6247,0.184,0.3603,MODERATE
T+180min,R-631,13620896407,13619368475,8.53,residential,0.087,0.089,0.6184,0.178,0.3542,MODERATE
T+180min,R-632,13620903019,13622445031,7.81,residential,,,,,,UNKNOWN
T+180min,R-633,13620903019,13622445936,24.83,residential,,,,,,UNKNOWN
T+180min,R-634,13620903019,13622450251,38.98,residential,,,,,,UNKNOWN
T+180min,R-635,13620903026,13622450256,3.89,residential,,,,,,UNKNOWN
T+180min,R-636,13621749580,13621749581,12.68,residential,0.053,0.053,0.4614,0.106,0.2482,LOW
T+180min,R-637,13621749581,13621749580,12.68,residential,0.053,0.053,0.4614,0.106,0.2482,LOW
T+180min,R-638,13621749581,13621749583,2.65,residential,0.053,0.053,0.4614,0.106,0.2482,LOW
T+180min,R-639,13621749581,245668277,25.79,residential,0.056,0.059,0.4708,0.118,0.2591,MODERATE
T+180min,R-640,13621749583,13621749581,2.65,residential,0.053,0.053,0.4614,0.106,0.2482,LOW
T+180min,R-641,13621749583,13621749584,13.09,residential,0.053,0.053,0.4614,0.106,0.2482,LOW
T+180min,R-642,13621749583,13621749587,2.96,residential,0.053,0.053,0.4614,0.106,0.2482,LOW
T+180min,R-643,13621749584,13621749583,13.09,residential,0.053,0.053,0.4614,0.106,0.2482,LOW
T+180min,R-644,13621749585,13621749587,12.85,residential,0.052,0.053,0.4602,0.106,0.2477,LOW
T+180min,R-645,13621749587,13621749583,2.96,residential,0.053,0.053,0.4614,0.106,0.2482,LOW
T+180min,R-646,13621749587,13621749585,12.85,residential,0.052,0.053,0.4602,0.106,0.2477,LOW
T+180min,R-647,13621749587,13621749595,33.6,residential,0.052,0.053,0.456,0.106,0.246,LOW
T+180min,R-648,13621749595,13621749587,33.6,residential,0.052,0.053,0.456,0.106,0.246,LOW
T+180min,R-649,13621749595,13621749598,17.1,residential,0.06,0.06,0.4882,0.12,0.2673,MODERATE
T+180min,R-650,13621749595,13621749599,6.5,residential,0.056,0.056,0.4675,0.112,0.2542,MODERATE
T+180min,R-651,13621749598,13621749595,17.1,residential,0.06,0.06,0.4882,0.12,0.2673,MODERATE
T+180min,R-652,13621749598,13621749599,11.9,residential,0.058,0.06,0.4773,0.12,0.2629,MODERATE
T+180min,R-653,13621749598,13621749599,84.01,residential,0.061,0.067,0.5588,0.134,0.3039,MODERATE
T+180min,R-654,13621749599,13621749595,6.5,residential,0.056,0.056,0.4675,0.112,0.2542,MODERATE
T+180min,R-655,13621749599,13621749598,11.9,residential,0.058,0.06,0.4773,0.12,0.2629,MODERATE
T+180min,R-656,13621749599,13621749598,84.01,residential,0.061,0.067,0.5588,0.134,0.3039,MODERATE
T+180min,R-657,13621886865,13621886866,61.16,residential,0.067,0.07,0.6204,0.14,0.3322,MODERATE
T+180min,R-658,13621886865,13621886870,28.86,tertiary,0.062,0.063,0.5773,0.126,0.3065,MODERATE
T+180min,R-659,13621886865,6428811270,42.25,tertiary,0.062,0.064,0.5405,0.128,0.293,MODERATE
T+180min,R-660,13621886866,13621886865,61.16,residential,0.067,0.07,0.6204,0.14,0.3322,MODERATE
T+180min,R-661,13621886869,13621886870,36.93,residential,0.063,0.067,0.5521,0.134,0.3012,MODERATE
T+180min,R-662,13621886870,13619318854,97.18,tertiary,0.051,0.06,0.4839,0.12,0.2656,MODERATE
T+180min,R-663,13621886870,13621886865,28.86,tertiary,0.062,0.063,0.5773,0.126,0.3065,MODERATE
T+180min,R-664,13621886870,13621886869,36.93,residential,0.063,0.067,0.5521,0.134,0.3012,MODERATE
T+180min,R-665,13621901230,13621901231,7.57,tertiary_link,0.073,0.074,0.595,0.148,0.3268,MODERATE
T+180min,R-666,13621901230,6428811268,34.8,tertiary,0.078,0.08,0.6483,0.16,0.3553,MODERATE
T+180min,R-667,13621901231,12350446597,54.55,tertiary,0.064,0.072,0.5482,0.144,0.3057,MODERATE
T+180min,R-668,13621901231,13621901230,7.57,tertiary_link,0.073,0.074,0.595,0.148,0.3268,MODERATE
T+180min,R-669,13621901232,12350446596,51.38,tertiary,0.05,0.055,0.5108,0.11,0.2703,MODERATE
T+180min,R-670,13621901232,13621901233,7.31,tertiary_link,0.047,0.047,0.4708,0.094,0.2447,LOW
T+180min,R-671,13621901233,13621901232,7.31,tertiary_link,0.047,0.047,0.4708,0.094,0.2447,LOW
T+180min,R-672,13622308157,13622308160,36.75,tertiary,,,,,,UNKNOWN
T+180min,R-673,13622308160,13622308157,36.75,tertiary,,,,,,UNKNOWN
T+180min,R-674,13622308160,13622308161,36.39,residential,,,,,,UNKNOWN
T+180min,R-675,13622308160,13622308163,93.79,tertiary,,,,,,UNKNOWN
T+180min,R-676,13622308161,13622308160,36.39,residential,,,,,,UNKNOWN
T+180min,R-677,13622308163,13622308160,93.79,tertiary,,,,,,UNKNOWN
T+180min,R-678,13622308163,13622308164,43.63,residential,,,,,,UNKNOWN
T+180min,R-679,13622308163,13622308171,53.68,tertiary,0.052,0.052,0.4503,0.104,0.2425,LOW
T+180min,R-680,13622308164,13622308163,43.63,residential,,,,,,UNKNOWN
T+180min,R-681,13622308166,11976374939,65.09,tertiary,0.062,0.064,0.6464,0.128,0.3354,MODERATE
T+180min,R-682,13622308166,13622308171,26.02,tertiary,0.054,0.058,0.5406,0.116,0.2858,MODERATE
T+180min,R-683,13622308166,13622308171,39.49,residential,0.056,0.06,0.5679,0.12,0.2992,MODERATE
T+180min,R-684,13622308171,13622308163,53.68,tertiary,0.052,0.052,0.4503,0.104,0.2425,LOW
T+180min,R-685,13622308171,13622308166,26.02,tertiary,0.054,0.058,0.5406,0.116,0.2858,MODERATE
T+180min,R-686,13622308171,13622308166,39.49,residential,0.056,0.06,0.5679,0.12,0.2992,MODERATE
T+180min,R-687,13622393246,13622393246,87.86,residential,0.061,0.064,0.6278,0.128,0.3279,MODERATE
T+180min,R-688,13622393246,13622393246,87.86,residential,0.061,0.064,0.6278,0.128,0.3279,MODERATE
T+180min,R-689,13622393246,5911310878,29.93,residential,0.062,0.064,0.6201,0.128,0.3248,MODERATE
T+180min,R-690,13622435420,13619539391,16.31,residential,,,,,,UNKNOWN
T+180min,R-691,13622435420,13622435423,8.32,residential,,,,,,UNKNOWN
T+180min,R-692,13622435420,6489058155,52.42,residential,,,,,,UNKNOWN
T+180min,R-693,13622435423,13622435420,8.32,residential,,,,,,UNKNOWN
T+180min,R-694,13622435423,13622435424,14.06,residential,,,,,,UNKNOWN
T+180min,R-695,13622435423,13622450250,27.16,residential,,,,,,UNKNOWN
T+180min,R-696,13622435424,13622435423,14.06,residential,,,,,,UNKNOWN
T+180min,R-697,13622445020,13619678859,12.85,residential,,,,,,UNKNOWN
T+180min,R-698,13622445020,13622445031,89.79,residential,,,,,,UNKNOWN
T+180min,R-699,13622445020,245668286,9.07,residential,,,,,,UNKNOWN
T+180min,R-700,13622445031,13620903019,7.81,residential,,,,,,UNKNOWN
T+180min,R-701,13622445031,13622445020,89.79,residential,,,,,,UNKNOWN
T+180min,R-702,13622445031,13622445933,3.46,residential,,,,,,UNKNOWN
T+180min,R-703,13622445933,13622445031,3.46,residential,,,,,,UNKNOWN
T+180min,R-704,13622445933,13622445935,31.17,residential,,,,,,UNKNOWN
T+180min,R-705,13622445933,245668286,2.71,residential,,,,,,UNKNOWN
T+180min,R-706,13622445935,13622445933,31.17,residential,,,,,,UNKNOWN
T+180min,R-707,13622445936,13620903019,24.83,residential,,,,,,UNKNOWN
T+180min,R-708,13622445936,13622445937,12.05,residential,,,,,,UNKNOWN
T+180min,R-709,13622445936,6489058155,9.93,residential,,,,,,UNKNOWN
T+180min,R-710,13622445937,13622445936,12.05,residential,,,,,,UNKNOWN
T+180min,R-711,13622450250,13622435423,27.16,residential,,,,,,UNKNOWN
T+180min,R-712,13622450251,13620903019,38.98,residential,,,,,,UNKNOWN
T+180min,R-713,13622450251,13622450256,17.73,residential,,,,,,UNKNOWN
T+180min,R-714,13622450251,13622450256,49.66,residential,,,,,,UNKNOWN
T+180min,R-715,13622450256,13620903026,3.89,residential,,,,,,UNKNOWN
T+180min,R-716,13622450256,13622450251,17.73,residential,,,,,,UNKNOWN
T+180min,R-717,13622450256,13622450251,49.66,residential,,,,,,UNKNOWN
T+180min,R-718,13622492455,11046205759,2.71,residential,0.061,0.061,0.5071,0.122,0.276,MODERATE
T+180min,R-719,13622492455,13622492455,70.2,residential,0.057,0.061,0.498,0.122,0.2724,MODERATE
T+180min,R-720,13622492455,13622492455,70.2,residential,0.057,0.061,0.498,0.122,0.2724,MODERATE
T+180min,R-721,13622492459,11046205760,27.53,residential,0.066,0.068,0.5173,0.136,0.2885,MODERATE
T+180min,R-722,13622503093,10925941300,33.46,residential,0.073,0.074,0.5826,0.148,0.3218,MODERATE
T+180min,R-723,13622503093,10925943006,9.08,residential,,,,,,UNKNOWN
T+180min,R-724,13622503093,13622531608,11.41,residential,,,,,,UNKNOWN
T+180min,R-725,13622528187,13622528188,26.61,residential,0.08,0.081,0.6352,0.162,0.3513,MODERATE
T+180min,R-726,13622528188,13619604480,6.51,residential,0.081,0.081,0.6167,0.162,0.3439,MODERATE
T+180min,R-727,13622528188,13622528187,26.61,residential,0.08,0.081,0.6352,0.162,0.3513,MODERATE
T+180min,R-728,13622528188,13622528189,15.17,residential,0.079,0.081,0.5943,0.162,0.3349,MODERATE
T+180min,R-729,13622528189,13622528188,15.17,residential,0.079,0.081,0.5943,0.162,0.3349,MODERATE
T+180min,R-730,13622528191,10925943006,15.5,residential,,,,,,UNKNOWN
T+180min,R-731,13622528191,13619604480,1.56,residential,,,,,,UNKNOWN
T+180min,R-732,13622528191,9914206292,79.32,residential,0.075,0.078,0.5598,0.156,0.3175,MODERATE
T+180min,R-733,13622531608,13622503093,11.41,residential,,,,,,UNKNOWN
T+180min,R-734,13622531608,13622531608,97.62,residential,0.069,0.072,0.5256,0.144,0.2966,MODERATE
T+180min,R-735,13622531608,13622531608,97.62,residential,0.069,0.072,0.5256,0.144,0.2966,MODERATE
T+180min,R-736,13626183249,13626183260,6.93,residential,0.111,0.112,0.7666,0.224,0.441,MODERATE
T+180min,R-737,13626183249,245666901,29.88,tertiary,0.11,0.112,0.7441,0.224,0.432,MODERATE
T+180min,R-738,13626183257,11047568171,126.95,residential,0.081,0.083,0.6199,0.166,0.3476,MODERATE
T+180min,R-739,13626183257,13626183258,55.37,residential,0.085,0.09,0.6552,0.18,0.3701,MODERATE
T+180min,R-740,13626183257,245666901,111.52,residential,0.095,0.108,0.6372,0.216,0.3845,MODERATE
T+180min,R-741,13626183258,13626183257,55.37,residential,0.085,0.09,0.6552,0.18,0.3701,MODERATE
T+180min,R-742,13626183259,10055232024,7.16,residential,0.095,0.095,0.5725,0.19,0.343,MODERATE
T+180min,R-743,13626183259,10055232027,90.39,residential,0.082,0.095,0.5675,0.19,0.341,MODERATE
T+180min,R-744,13626183259,13639959261,22.54,residential,0.1,0.104,0.6494,0.208,0.3846,MODERATE
T+180min,R-745,13626183260,13626183250,4.87,residential,0.108,0.109,0.7567,0.218,0.4335,MODERATE
T+180min,R-746,13626183260,13639959261,19.36,residential,0.108,0.11,0.7436,0.22,0.4294,MODERATE
T+180min,R-747,13638081803,13638081804,73.08,residential,0.08,0.089,0.5448,0.178,0.3247,MODERATE
T+180min,R-748,13638081803,13638081811,9.23,residential,0.075,0.077,0.543,0.154,0.3096,MODERATE
T+180min,R-749,13638081803,13638081813,8.65,residential,0.071,0.072,0.5262,0.144,0.2969,MODERATE
T+180min,R-750,13638081804,13638081803,73.08,residential,0.08,0.089,0.5448,0.178,0.3247,MODERATE
T+180min,R-751,13638081805,13638081806,74.6,residential,0.094,0.104,0.6352,0.208,0.3789,MODERATE
T+180min,R-752,13638081805,13638081807,125.54,residential,0.095,0.107,0.6429,0.214,0.3856,MODERATE
T+180min,R-753,13638081805,13638081809,31.06,residential,0.08,0.082,0.5761,0.164,0.3288,MODERATE
T+180min,R-754,13638081805,13638081811,19.75,residential,0.079,0.082,0.5656,0.164,0.3246,MODERATE
T+180min,R-755,13638081806,13638081805,74.6,residential,0.094,0.104,0.6352,0.208,0.3789,MODERATE
T+180min,R-756,13638081807,13638081805,125.54,residential,0.095,0.107,0.6429,0.214,0.3856,MODERATE
T+180min,R-757,13638081807,13638081817,38.09,tertiary,0.103,0.106,0.6927,0.212,0.4043,MODERATE
T+180min,R-758,13638081807,245666901,20.6,tertiary,0.107,0.108,0.7216,0.216,0.4182,MODERATE
T+180min,R-759,13638081809,13638081805,31.06,residential,0.08,0.082,0.5761,0.164,0.3288,MODERATE
T+180min,R-760,13638081810,13638081811,31.39,residential,0.076,0.077,0.5543,0.154,0.3141,MODERATE
T+180min,R-761,13638081811,13638081803,9.23,residential,0.075,0.077,0.543,0.154,0.3096,MODERATE
T+180min,R-762,13638081811,13638081805,19.75,residential,0.079,0.082,0.5656,0.164,0.3246,MODERATE
T+180min,R-763,13638081811,13638081810,31.39,residential,0.076,0.077,0.5543,0.154,0.3141,MODERATE
T+180min,R-764,13638081813,13638081803,8.65,residential,0.071,0.072,0.5262,0.144,0.2969,MODERATE
T+180min,R-765,13638081816,13638081817,13.27,residential,0.096,0.099,0.5958,0.198,0.3571,MODERATE
T+180min,R-766,13638081817,13638081807,38.09,tertiary,0.103,0.106,0.6927,0.212,0.4043,MODERATE
T+180min,R-767,13638081817,13638081816,13.27,residential,0.096,0.099,0.5958,0.198,0.3571,MODERATE
T+180min,R-768,13638081817,245666881,44.87,tertiary,0.098,0.102,0.5942,0.204,0.3601,MODERATE
T+180min,R-769,13638081818,13638081819,10.0,residential,0.083,0.084,0.5449,0.168,0.3188,MODERATE
T+180min,R-770,13638081818,13638081821,40.15,residential,0.073,0.081,0.5206,0.162,0.3054,MODERATE
T+180min,R-771,13638081818,245666881,25.11,residential,0.093,0.102,0.5851,0.204,0.3564,MODERATE
T+180min,R-772,13638081819,13638081818,10.0,residential,0.083,0.084,0.5449,0.168,0.3188,MODERATE
T+180min,R-773,13638081821,13638081818,40.15,residential,0.073,0.081,0.5206,0.162,0.3054,MODERATE
T+180min,R-774,13638530342,245666351,13.01,residential,0.06,0.06,0.5428,0.12,0.2891,MODERATE
T+180min,R-775,13638535652,10696472308,64.73,residential,0.032,0.051,0.3684,0.102,0.2086,LOW
T+180min,R-776,13638535652,10696472309,3.19,residential,0.051,0.051,0.4442,0.102,0.2389,LOW
T+180min,R-777,13638535652,13638535654,45.47,residential,0.062,0.069,0.5112,0.138,0.2873,MODERATE
T+180min,R-778,13638535652,245666190,74.18,residential,0.055,0.058,0.5097,0.116,0.2735,MODERATE
T+180min,R-779,13638535653,13638535654,39.0,residential,0.073,0.078,0.6599,0.156,0.3576,MODERATE
T+180min,R-780,13638535654,13638535652,45.47,residential,0.062,0.069,0.5112,0.138,0.2873,MODERATE
T+180min,R-781,13638535654,13638535653,39.0,residential,0.073,0.078,0.6599,0.156,0.3576,MODERATE
T+180min,R-782,13638535654,13638535655,73.26,residential,0.064,0.069,0.5688,0.138,0.3103,MODERATE
T+180min,R-783,13638535655,13638535654,73.26,residential,0.064,0.069,0.5687,0.138,0.3103,MODERATE
T+180min,R-784,13638535655,2439333822,45.9,residential,0.066,0.067,0.5945,0.134,0.3182,MODERATE
T+180min,R-785,13638535655,245666190,46.91,residential,0.06,0.067,0.5597,0.134,0.3043,MODERATE
T+180min,R-786,13638535656,2439333822,61.17,residential,0.069,0.075,0.6048,0.15,0.3319,MODERATE
T+180min,R-787,13638535661,245666446,65.41,residential,0.064,0.067,0.5312,0.134,0.2929,MODERATE
T+180min,R-788,13638535670,10696472306,39.79,residential,0.061,0.062,0.544,0.124,0.292,MODERATE
T+180min,R-789,13638535670,13638535674,53.61,residential,0.061,0.062,0.535,0.124,0.2884,MODERATE
T+180min,R-790,13638535670,245666446,97.55,residential,0.062,0.067,0.5421,0.134,0.2972,MODERATE
T+180min,R-791,13638535674,13638535670,53.61,residential,0.061,0.062,0.535,0.124,0.2884,MODERATE
T+180min,R-792,13638535675,10696472306,29.79,residential,0.061,0.064,0.5401,0.128,0.2928,MODERATE
T+180min,R-793,13638535675,10696472307,33.56,residential,0.047,0.058,0.4436,0.116,0.247,LOW
T+180min,R-794,13638535675,13638535679,46.38,residential,0.062,0.065,0.5657,0.13,0.3043,MODERATE
T+180min,R-795,13638535679,13638535675,46.38,residential,0.062,0.065,0.5657,0.13,0.3043,MODERATE
T+180min,R-796,13638535681,10696472351,16.07,residential,0.067,0.07,0.5545,0.14,0.3058,MODERATE
T+180min,R-797,13638535681,10696472356,14.31,residential,0.071,0.073,0.5801,0.146,0.3196,MODERATE
T+180min,R-798,13638535681,13638535682,74.05,residential,0.066,0.07,0.5281,0.14,0.2952,MODERATE
T+180min,R-799,13638535682,10294725029,24.64,residential,0.066,0.068,0.5114,0.136,0.2862,MODERATE
T+180min,R-800,13638535682,13638535681,74.05,residential,0.066,0.07,0.5281,0.14,0.2952,MODERATE
T+180min,R-801,13638535682,13638535685,350.21,residential,0.081,0.097,0.6384,0.194,0.3718,MODERATE
T+180min,R-802,13638535682,13638546110,45.74,residential,0.074,0.08,0.5339,0.16,0.3096,MODERATE
T+180min,R-803,13638535683,10696472347,64.81,residential,0.065,0.079,0.5435,0.158,0.3122,MODERATE
T+180min,R-804,13638535683,10696472350,64.98,residential,0.049,0.051,0.4788,0.102,0.2527,MODERATE
T+180min,R-805,13638535683,13638535684,73.54,residential,0.066,0.079,0.5206,0.158,0.303,MODERATE
T+180min,R-806,13638535684,13638535683,73.54,residential,0.066,0.079,0.5206,0.158,0.303,MODERATE
T+180min,R-807,13638535684,13638546112,36.29,residential,0.081,0.084,0.6129,0.168,0.346,MODERATE
T+180min,R-808,13638535684,13638546126,11.87,residential,0.079,0.081,0.5888,0.162,0.3327,MODERATE
T+180min,R-809,13638535685,10696472350,72.75,residential,0.058,0.075,0.5134,0.15,0.2954,MODERATE
T+180min,R-810,13638535685,13638535682,350.21,residential,0.081,0.097,0.6384,0.194,0.3718,MODERATE
T+180min,R-811,13638535685,13638535686,66.86,residential,0.071,0.076,0.5667,0.152,0.3179,MODERATE
T+180min,R-812,13638535685,13638546126,53.41,residential,0.078,0.08,0.6075,0.16,0.339,MODERATE
T+180min,R-813,13638535686,10696472349,74.14,residential,0.064,0.076,0.5482,0.152,0.3105,MODERATE
T+180min,R-814,13638535686,13638535685,66.86,residential,0.071,0.076,0.5667,0.152,0.3179,MODERATE
T+180min,R-815,13638535686,245666191,66.58,residential,0.068,0.076,0.5928,0.152,0.3283,MODERATE
T+180min,R-816,13638546109,13638546109,99.63,residential,0.094,0.098,0.7383,0.196,0.4129,MODERATE
T+180min,R-817,13638546109,13638546109,99.63,residential,0.094,0.098,0.7383,0.196,0.4129,MODERATE
T+180min,R-818,13638546109,13638546110,26.52,residential,0.085,0.091,0.6353,0.182,0.3633,MODERATE
T+180min,R-819,13638546110,13638535682,45.74,residential,0.074,0.08,0.5339,0.16,0.3096,MODERATE
T+180min,R-820,13638546110,13638546109,26.52,residential,0.085,0.091,0.6353,0.182,0.3633,MODERATE
T+180min,R-821,13638546110,245666482,17.87,residential,0.081,0.083,0.6513,0.166,0.3601,MODERATE
T+180min,R-822,13638546111,13638546111,99.61,residential,0.09,0.094,0.7118,0.188,0.3975,MODERATE
T+180min,R-823,13638546111,13638546111,99.61,residential,0.09,0.094,0.7118,0.188,0.3975,MODERATE
T+180min,R-824,13638546111,13638546112,25.62,residential,0.088,0.09,0.6695,0.18,0.3758,MODERATE
T+180min,R-825,13638546112,13638535684,36.29,residential,0.081,0.084,0.6129,0.168,0.346,MODERATE
T+180min,R-826,13638546112,13638546111,25.62,residential,0.088,0.09,0.6695,0.18,0.3758,MODERATE
T+180min,R-827,13638546112,245666482,29.08,residential,0.083,0.084,0.6974,0.168,0.3798,MODERATE
T+180min,R-828,13638546125,13638546125,94.87,residential,0.088,0.089,0.6983,0.178,0.3861,MODERATE
T+180min,R-829,13638546125,13638546125,94.87,residential,0.088,0.089,0.6983,0.178,0.3861,MODERATE
T+180min,R-830,13638546125,13638546126,27.14,residential,0.083,0.089,0.6533,0.178,0.3681,MODERATE
T+180min,R-831,13638546126,13638535684,11.87,residential,0.079,0.081,0.5882,0.162,0.3325,MODERATE
T+180min,R-832,13638546126,13638535685,53.41,residential,0.078,0.08,0.6075,0.16,0.339,MODERATE
T+180min,R-833,13638546126,13638546125,27.14,residential,0.083,0.089,0.6533,0.178,0.3681,MODERATE
T+180min,R-834,13639959260,13626183249,18.8,tertiary,0.11,0.112,0.7499,0.224,0.4344,MODERATE
T+180min,R-835,13639959260,13639959261,7.09,residential,0.106,0.107,0.7098,0.214,0.4123,MODERATE
T+180min,R-836,13639959261,13626183259,22.54,residential,0.1,0.104,0.6494,0.208,0.3846,MODERATE
T+180min,R-837,13639959261,13626183260,19.36,residential,0.108,0.11,0.7436,0.22,0.4294,MODERATE
T+180min,R-838,13639959261,13639959260,7.09,residential,0.106,0.107,0.7098,0.214,0.4123,MODERATE
T+180min,R-839,1375215100,1375215119,153.45,residential,0.078,0.082,0.635,0.164,0.3524,MODERATE
T+180min,R-840,1375215100,14104987804,39.68,residential,0.08,0.082,0.6028,0.164,0.3395,MODERATE
T+180min,R-841,1375215100,2244637027,35.49,residential,0.069,0.074,0.5616,0.148,0.3134,MODERATE
T+180min,R-842,1375215119,1375215100,153.45,residential,0.078,0.082,0.635,0.164,0.3524,MODERATE
T+180min,R-843,1375215119,245668000,42.9,tertiary,0.077,0.081,0.597,0.162,0.336,MODERATE
T+180min,R-844,1375215119,7404711455,95.82,tertiary,0.058,0.071,0.5203,0.142,0.2933,MODERATE
T+180min,R-845,1375251567,245668185,40.24,residential,0.05,0.053,0.4768,0.106,0.2543,MODERATE
T+180min,R-846,1375251567,245668277,150.21,tertiary,0.053,0.059,0.4932,0.118,0.2681,MODERATE
T+180min,R-847,1375251567,5911310869,430.52,tertiary,0.054,0.067,0.5225,0.134,0.2894,MODERATE
T+180min,R-848,13798210715,13798210737,8.15,residential,0.109,0.114,0.7713,0.228,0.4453,MODERATE
T+180min,R-849,13798210715,6926279721,49.99,trunk,0.115,0.118,0.7525,0.236,0.4426,MODERATE
T+180min,R-850,13798210723,6926279717,56.29,residential,0.061,0.064,0.4846,0.128,0.2706,MODERATE
T+180min,R-851,13798210725,13798210735,31.96,residential,0.072,0.076,0.5179,0.152,0.2984,MODERATE
T+180min,R-852,13798210725,6926279716,26.82,residential,0.089,0.104,0.6573,0.208,0.3877,MODERATE
T+180min,R-853,13798210725,6926279717,28.31,residential,0.07,0.076,0.5112,0.152,0.2957,MODERATE
T+180min,R-854,13798210730,6926279716,56.49,residential,0.108,0.12,0.7294,0.24,0.4358,MODERATE
T+180min,R-855,13798210735,13798210725,31.96,residential,0.072,0.076,0.5179,0.152,0.2984,MODERATE
T+180min,R-856,13798210735,13798210737,155.84,residential,0.083,0.105,0.6139,0.21,0.3716,MODERATE
T+180min,R-857,13798210735,6926279717,15.95,residential,0.066,0.068,0.5112,0.136,0.2861,MODERATE
T+180min,R-858,13798210737,13798210715,8.15,residential,0.109,0.114,0.7713,0.228,0.4453,MODERATE
T+180min,R-859,13798210737,13798210735,155.84,residential,0.083,0.105,0.6139,0.21,0.3716,MODERATE
T+180min,R-860,13798210737,13798210738,51.18,residential,0.114,0.121,0.7676,0.242,0.4522,MODERATE
T+180min,R-861,13798210738,13798210737,51.18,residential,0.114,0.121,0.7676,0.242,0.4522,MODERATE
T+180min,R-862,13798210738,6926279716,18.95,residential,0.115,0.121,0.7615,0.242,0.4498,MODERATE
T+180min,R-863,13798210738,6926279721,8.99,residential,0.12,0.121,0.7563,0.242,0.4477,MODERATE
T+180min,R-864,13798244194,10245790327,10.55,residential,0.052,0.055,0.4792,0.11,0.2577,MODERATE
T+180min,R-865,13798244194,13798244195,31.94,residential,0.054,0.055,0.4718,0.11,0.2547,MODERATE
T+180min,R-866,13798244195,13798244194,31.94,residential,0.054,0.055,0.4718,0.11,0.2547,MODERATE
T+180min,R-867,13798244195,13798244196,156.29,residential,0.071,0.082,0.635,0.164,0.3524,MODERATE
T+180min,R-868,13798244196,13798244194,27.04,residential,0.061,0.068,0.5552,0.136,0.3037,MODERATE
T+180min,R-869,13798244196,13798244197,24.98,residential,0.065,0.068,0.5807,0.136,0.3139,MODERATE
T+180min,R-870,13798244197,13798244196,24.98,residential,0.065,0.068,0.5801,0.136,0.3136,MODERATE
T+180min,R-871,13798296276,13798296277,6.17,residential,0.059,0.059,0.5137,0.118,0.2763,MODERATE
T+180min,R-872,13798296276,13798296286,48.23,trunk,0.054,0.059,0.4876,0.118,0.2658,MODERATE
T+180min,R-873,13798296277,13798296276,6.17,residential,0.059,0.059,0.5137,0.118,0.2763,MODERATE
T+180min,R-874,13798296277,13798296287,13.51,residential,0.06,0.061,0.5095,0.122,0.277,MODERATE
T+180min,R-875,13798296277,13798296297,19.63,residential,0.064,0.069,0.5375,0.138,0.2978,MODERATE
T+180min,R-876,13798296286,10245790327,5.22,trunk,0.051,0.053,0.482,0.106,0.2564,MODERATE
T+180min,R-877,13798296286,13798296288,7.22,residential,0.053,0.053,0.479,0.106,0.2552,MODERATE
T+180min,R-878,13798296287,13798296277,13.51,residential,0.06,0.061,0.5095,0.122,0.277,MODERATE
T+180min,R-879,13798296288,13798296286,7.22,residential,0.053,0.053,0.479,0.106,0.2552,MODERATE
T+180min,R-880,13798296288,13798296289,87.25,residential,0.071,0.082,0.6345,0.164,0.3522,MODERATE
T+180min,R-881,13798296288,13815611429,23.66,residential,0.056,0.059,0.4794,0.118,0.2626,MODERATE
T+180min,R-882,13798296289,13798296288,87.25,residential,0.071,0.082,0.6345,0.164,0.3522,MODERATE
T+180min,R-883,13798296289,13798296297,14.44,residential,0.074,0.079,0.5986,0.158,0.3342,MODERATE
T+180min,R-884,13798296289,13798296297,63.43,residential,0.071,0.079,0.5842,0.158,0.3285,MODERATE
T+180min,R-885,13798296297,13798296277,19.63,residential,0.064,0.069,0.5375,0.138,0.2978,MODERATE
T+180min,R-886,13798296297,13798296289,14.44,residential,0.074,0.079,0.5986,0.158,0.3342,MODERATE
T+180min,R-887,13798296297,13798296289,63.43,residential,0.071,0.079,0.5842,0.158,0.3285,MODERATE
T+180min,R-888,13815611429,13798296288,23.66,residential,0.056,0.059,0.4795,0.118,0.2626,MODERATE
T+180min,R-889,14090541020,10279771623,45.09,primary,0.087,0.087,0.5865,0.174,0.339,MODERATE
T+180min,R-890,14104987804,1375215100,39.68,residential,0.08,0.082,0.6028,0.164,0.3395,MODERATE
T+180min,R-891,14104987804,245667863,4.84,residential,0.082,0.082,0.598,0.164,0.3376,MODERATE
T+180min,R-892,14104987804,2897024862,300.37,secondary,0.046,0.083,0.4572,0.166,0.2825,MODERATE
T+180min,R-893,14104987809,2244637021,74.16,residential,0.066,0.073,0.5536,0.146,0.309,MODERATE
T+180min,R-894,14130497014,14130497015,20.82,residential,,,,,,UNKNOWN
T+180min,R-895,14130497014,245668208,194.59,residential,,,,,,UNKNOWN
T+180min,R-896,14130497014,9684698224,20.89,residential,,,,,,UNKNOWN
T+180min,R-897,14130497015,14130497014,20.82,residential,,,,,,UNKNOWN
T+180min,R-898,14130497022,9684698224,12.76,residential,,,,,,UNKNOWN
T+180min,R-899,1934627523,245667676,129.94,residential,0.064,0.076,0.6147,0.152,0.3371,MODERATE
T+180min,R-900,1934627523,245667685,78.23,residential,0.045,0.052,0.4226,0.104,0.2314,LOW
T+180min,R-901,1934627523,6490872923,21.5,residential,0.043,0.051,0.4078,0.102,0.2243,LOW
T+180min,R-902,2244637004,13614452347,193.91,trunk,0.071,0.087,0.6101,0.174,0.3484,MODERATE
T+180min,R-903,2244637004,2244637007,89.18,residential,0.057,0.07,0.5133,0.14,0.2893,MODERATE
T+180min,R-904,2244637004,245667542,25.01,residential,0.069,0.07,0.6216,0.14,0.3326,MODERATE
T+180min,R-905,2244637007,13408237102,132.8,residential,0.046,0.064,0.469,0.128,0.2644,MODERATE
T+180min,R-906,2244637007,2244637004,89.18,residential,0.057,0.07,0.5138,0.14,0.2895,MODERATE
T+180min,R-907,2244637007,245667730,204.59,residential,0.023,0.044,0.3229,0.088,0.182,LOW
T+180min,R-908,2244637012,11054646813,57.63,residential,0.057,0.072,0.4587,0.144,0.2699,MODERATE
T+180min,R-909,2244637012,6491091371,66.53,residential,0.07,0.076,0.5268,0.152,0.3019,MODERATE
T+180min,R-910,2244637012,6491091372,66.0,residential,0.06,0.072,0.4838,0.144,0.2799,MODERATE
T+180min,R-911,2244637013,245667730,33.76,residential,0.05,0.055,0.4897,0.11,0.2619,MODERATE
T+180min,R-912,2244637013,245667764,7.33,residential,0.055,0.055,0.502,0.11,0.2668,MODERATE
T+180min,R-913,2244637013,6554271024,71.18,residential,0.051,0.055,0.4944,0.11,0.2638,MODERATE
T+180min,R-914,2244637021,14104987809,74.16,residential,0.066,0.073,0.5536,0.146,0.309,MODERATE
T+180min,R-915,2244637021,2244637027,74.94,residential,0.066,0.069,0.5637,0.138,0.3083,MODERATE
T+180min,R-916,2244637021,245667764,103.45,residential,0.063,0.066,0.554,0.132,0.3008,MODERATE
T+180min,R-917,2244637021,6554271024,67.22,residential,0.06,0.064,0.5444,0.128,0.2946,MODERATE
T+180min,R-918,2244637026,2244637067,191.26,residential,0.075,0.104,0.5572,0.208,0.3477,MODERATE
T+180min,R-919,2244637026,4342420383,43.76,residential,0.045,0.059,0.4286,0.118,0.2422,LOW
T+180min,R-920,2244637026,6554206834,113.08,residential,0.053,0.063,0.4986,0.126,0.275,MODERATE
T+180min,R-921,2244637027,1375215100,35.49,residential,0.069,0.074,0.5616,0.148,0.3134,MODERATE
T+180min,R-922,2244637027,2244637021,74.94,residential,0.066,0.069,0.5637,0.138,0.3083,MODERATE
T+180min,R-923,2244637027,6490968308,168.17,residential,0.073,0.084,0.6348,0.168,0.3547,MODERATE
T+180min,R-924,2244637034,2244637056,315.81,residential,0.061,0.084,0.5099,0.168,0.3048,MODERATE
T+180min,R-925,2244637034,4342420383,83.76,residential,0.069,0.075,0.5691,0.15,0.3176,MODERATE
T+180min,R-926,2244637034,4342420490,83.59,residential,0.081,0.09,0.6361,0.18,0.3624,MODERATE
T+180min,R-927,2244637056,11054673420,46.64,residential,,,,,,UNKNOWN
T+180min,R-928,2244637056,2244637034,315.81,residential,0.061,0.084,0.5099,0.168,0.3048,MODERATE
T+180min,R-929,2244637056,622060872,101.59,residential,,,,,,UNKNOWN
T+180min,R-930,2244637067,2244637026,191.26,residential,0.075,0.104,0.5572,0.208,0.3477,MODERATE
T+180min,R-931,2244637067,6554236440,32.92,tertiary,0.071,0.079,0.5162,0.158,0.3013,MODERATE
T+180min,R-932,2244637067,6554236441,210.33,tertiary,0.09,0.1,0.5924,0.2,0.357,MODERATE
T+180min,R-933,2244637068,10923690293,48.3,residential,,,,,,UNKNOWN
T+180min,R-934,2244637068,245668029,141.2,residential,,,,,,UNKNOWN
T+180min,R-935,2244637068,622060802,19.11,residential,,,,,,UNKNOWN
T+180min,R-936,2244797470,2804520131,226.51,residential,0.068,0.09,0.557,0.18,0.3308,MODERATE
T+180min,R-937,2244797686,10925931739,51.06,residential,0.076,0.087,0.5478,0.174,0.3235,MODERATE
T+180min,R-938,2244797686,11046194845,23.64,residential,0.09,0.094,0.6192,0.188,0.3605,MODERATE
T+180min,R-939,2244797686,13601073293,20.6,residential,0.09,0.094,0.6713,0.188,0.3813,MODERATE
T+180min,R-940,2244797706,13619539396,35.28,residential,,,,,,UNKNOWN
T+180min,R-941,2244797706,13619570121,14.73,residential,,,,,,UNKNOWN
T+180min,R-942,2244797706,245668374,37.97,residential,,,,,,UNKNOWN
T+180min,R-943,2439333822,10696472349,119.0,residential,0.066,0.07,0.5907,0.14,0.3203,MODERATE
T+180min,R-944,2439333822,13638535655,45.9,residential,0.066,0.067,0.5945,0.134,0.3182,MODERATE
T+180min,R-945,2439333822,13638535656,61.17,residential,0.069,0.075,0.6048,0.15,0.3319,MODERATE
T+180min,R-946,245665874,3641869342,23.74,tertiary,0.055,0.057,0.466,0.114,0.2548,MODERATE
T+180min,R-947,245665874,6428811261,15.69,tertiary,0.055,0.058,0.4602,0.116,0.2537,MODERATE
T+180min,R-948,245665910,10653501374,119.23,residential,0.071,0.08,0.6197,0.16,0.3439,MODERATE
T+180min,R-949,245665910,13617092840,6.78,tertiary,0.078,0.079,0.6266,0.158,0.3454,MODERATE
T+180min,R-950,245666041,245666337,213.16,tertiary,,,,,,UNKNOWN
T+180min,R-951,245666041,2897024596,11.16,tertiary,,,,,,UNKNOWN
T+180min,R-952,245666077,10091403659,64.63,tertiary,0.054,0.061,0.5223,0.122,0.2821,MODERATE
T+180min,R-953,245666077,13617067002,5.65,tertiary_link,0.06,0.061,0.5326,0.122,0.2862,MODERATE
T+180min,R-954,245666078,245666041,109.96,tertiary,0.06,0.063,0.5458,0.126,0.2939,MODERATE
T+180min,R-955,245666078,2897024594,8.02,tertiary,0.054,0.054,0.4945,0.108,0.2626,MODERATE
T+180min,R-956,245666141,2897024627,11.81,tertiary,0.051,0.053,0.4855,0.106,0.2578,MODERATE
T+180min,R-957,245666141,9469495782,392.7,secondary,0.057,0.068,0.5788,0.136,0.3131,MODERATE
T+180min,R-958,245666158,13619318853,9.0,tertiary,0.048,0.049,0.4593,0.098,0.2425,LOW
T+180min,R-959,245666158,13619318866,23.09,tertiary,0.054,0.06,0.466,0.12,0.2584,MODERATE
T+180min,R-960,245666190,10696472349,28.07,residential,0.055,0.057,0.488,0.114,0.2636,MODERATE
T+180min,R-961,245666190,13638535652,74.18,residential,0.055,0.058,0.5097,0.116,0.2735,MODERATE
T+180min,R-962,245666190,13638535655,46.91,residential,0.06,0.067,0.5597,0.134,0.3043,MODERATE
T+180min,R-963,245666190,245666260,65.45,residential,0.048,0.056,0.4774,0.112,0.2582,MODERATE
T+180min,R-964,245666191,13619318852,13.1,residential,0.058,0.059,0.4765,0.118,0.2614,MODERATE
T+180min,R-965,245666191,13619318854,61.43,residential,0.048,0.056,0.4603,0.112,0.2513,MODERATE
T+180min,R-966,245666191,13638535686,66.58,residential,0.068,0.076,0.5928,0.152,0.3283,MODERATE
T+180min,R-967,245666192,10091403664,6.21,residential,0.082,0.082,0.768,0.164,0.4056,MODERATE
T+180min,R-968,245666192,13614337239,132.84,residential,0.069,0.082,0.6408,0.164,0.3547,MODERATE
T+180min,R-969,245666192,245666077,122.53,tertiary,0.073,0.082,0.7018,0.164,0.3791,MODERATE
T+180min,R-970,245666260,10696472308,71.83,residential,0.039,0.043,0.4326,0.086,0.2246,LOW
T+180min,R-971,245666260,10696472350,30.74,residential,0.044,0.046,0.4788,0.092,0.2467,LOW
T+180min,R-972,245666260,245666190,65.45,residential,0.048,0.056,0.4774,0.112,0.2582,MODERATE
T+180min,R-973,245666260,245666323,46.8,residential,0.046,0.047,0.4696,0.094,0.2442,LOW
T+180min,R-974,245666274,10292442915,11.26,secondary,0.029,0.03,0.4062,0.06,0.1985,LOW
T+180min,R-975,245666274,12409410388,80.29,secondary,0.031,0.033,0.4431,0.066,0.2168,LOW
T+180min,R-976,245666323,10696472307,69.45,residential,0.047,0.053,0.4726,0.106,0.2526,MODERATE
T+180min,R-977,245666323,245666260,46.8,residential,0.046,0.047,0.4696,0.094,0.2442,LOW
T+180min,R-978,245666323,245666367,64.51,residential,0.058,0.068,0.5129,0.136,0.2868,MODERATE
T+180min,R-979,245666337,245666041,213.16,tertiary,,,,,,UNKNOWN
T+180min,R-980,245666351,10653501375,155.72,residential,0.047,0.062,0.4554,0.124,0.2566,MODERATE
T+180min,R-981,245666351,13638530342,13.01,residential,0.06,0.06,0.5428,0.12,0.2891,MODERATE
T+180min,R-982,245666351,245666385,23.02,residential,0.062,0.064,0.5563,0.128,0.2993,MODERATE
T+180min,R-983,245666367,10696472306,71.59,residential,0.066,0.07,0.61,0.14,0.328,MODERATE
T+180min,R-984,245666367,245666323,64.51,residential,0.058,0.068,0.5129,0.136,0.2868,MODERATE
T+180min,R-985,245666367,245666446,67.69,residential,0.069,0.073,0.598,0.146,0.3268,MODERATE
T+180min,R-986,245666370,13617040697,6.68,tertiary_link,0.074,0.077,0.5431,0.154,0.3096,MODERATE
T+180min,R-987,245666370,3803643818,26.19,tertiary,0.075,0.077,0.5481,0.154,0.3116,MODERATE
T+180min,R-988,245666371,245666141,219.36,tertiary,0.048,0.052,0.5323,0.104,0.2753,MODERATE
T+180min,R-989,245666371,2897024642,10.98,tertiary,0.044,0.044,0.4643,0.088,0.2385,LOW
T+180min,R-990,245666385,245666351,23.02,residential,0.062,0.064,0.5563,0.128,0.2993,MODERATE
T+180min,R-991,245666386,245666830,107.91,tertiary,0.042,0.045,0.5195,0.09,0.2618,MODERATE
T+180min,R-992,245666386,2897024660,251.12,tertiary,0.056,0.075,0.6289,0.15,0.3416,MODERATE
T+180min,R-993,245666386,6554384670,83.86,tertiary,0.034,0.043,0.4156,0.086,0.2178,LOW
T+180min,R-994,245666426,12311766936,10.15,tertiary,0.054,0.057,0.5544,0.114,0.2902,MODERATE
T+180min,R-995,245666446,10696472356,29.73,residential,0.071,0.073,0.5907,0.146,0.3239,MODERATE
T+180min,R-996,245666446,13638535661,65.41,residential,0.064,0.067,0.5312,0.134,0.2929,MODERATE
T+180min,R-997,245666446,13638535670,97.55,residential,0.062,0.067,0.5421,0.134,0.2972,MODERATE
T+180min,R-998,245666446,245666367,67.69,residential,0.069,0.073,0.598,0.146,0.3268,MODERATE
T+180min,R-999,245666448,476480258,333.56,tertiary,0.035,0.056,0.483,0.112,0.2604,MODERATE
T+180min,R-1000,245666448,476480287,301.33,secondary,0.035,0.05,0.517,0.1,0.2668,MODERATE
T+180min,R-1001,245666482,10696472347,74.32,residential,0.081,0.083,0.7583,0.166,0.4029,MODERATE
T+180min,R-1002,245666482,13638546110,17.87,residential,0.081,0.083,0.6513,0.166,0.3601,MODERATE
T+180min,R-1003,245666482,13638546112,29.08,residential,0.083,0.084,0.6974,0.168,0.3798,MODERATE
T+180min,R-1004,245666579,12350391112,182.63,tertiary,0.071,0.094,0.5476,0.188,0.3318,MODERATE
T+180min,R-1005,245666579,12350425034,7.73,residential,0.092,0.092,0.5978,0.184,0.3495,MODERATE
T+180min,R-1006,245666579,245666651,97.11,residential,0.095,0.098,0.6776,0.196,0.3886,MODERATE
T+180min,R-1007,245666651,245666579,97.11,residential,0.095,0.098,0.6776,0.196,0.3886,MODERATE
T+180min,R-1008,245666651,245666881,141.24,residential,0.101,0.113,0.6601,0.226,0.3996,MODERATE
T+180min,R-1009,245666651,8443491310,77.22,residential,0.076,0.082,0.5504,0.164,0.3186,MODERATE
T+180min,R-1010,245666801,10724781030,7.12,tertiary,0.099,0.1,0.8067,0.2,0.4427,MODERATE
T+180min,R-1011,245666801,13620657537,134.61,residential,0.095,0.1,0.8174,0.2,0.447,MODERATE
T+180min,R-1012,245666801,7372035744,85.2,tertiary,0.095,0.103,0.8049,0.206,0.4456,MODERATE
T+180min,R-1013,245666830,245666386,107.91,tertiary,0.042,0.045,0.5195,0.09,0.2618,MODERATE
T+180min,R-1014,245666830,245666882,247.89,tertiary,0.045,0.059,0.4997,0.118,0.2707,MODERATE
T+180min,R-1015,245666830,2897024695,7.98,tertiary,0.042,0.043,0.4982,0.086,0.2509,MODERATE
T+180min,R-1016,245666831,245666830,175.07,tertiary,0.035,0.043,0.4791,0.086,0.2432,LOW
T+180min,R-1017,245666831,2897024683,8.09,unclassified,0.03,0.031,0.4362,0.062,0.2117,LOW
T+180min,R-1018,245666881,13638081817,44.87,tertiary,0.098,0.102,0.5942,0.204,0.3601,MODERATE
T+180min,R-1019,245666881,13638081818,25.11,residential,0.093,0.102,0.5851,0.204,0.3564,MODERATE
T+180min,R-1020,245666881,245666651,141.24,residential,0.101,0.113,0.6601,0.226,0.3996,MODERATE
T+180min,R-1021,245666882,2897024660,92.96,tertiary,0.053,0.058,0.4922,0.116,0.2665,MODERATE
T+180min,R-1022,245666882,2897024710,8.15,tertiary,0.053,0.053,0.5006,0.106,0.2638,MODERATE
T+180min,R-1023,245666882,2897024713,60.67,tertiary,0.047,0.053,0.483,0.106,0.2568,MODERATE
T+180min,R-1024,245666901,13616287392,72.28,tertiary,0.109,0.115,0.7323,0.23,0.4309,MODERATE
T+180min,R-1025,245666901,13626183257,111.52,residential,0.095,0.108,0.6373,0.216,0.3845,MODERATE
T+180min,R-1026,245666901,13638081807,20.6,tertiary,0.107,0.108,0.7216,0.216,0.4182,MODERATE
T+180min,R-1027,245666901,245667237,238.41,residential,0.094,0.11,0.6067,0.22,0.3747,MODERATE
T+180min,R-1028,245666966,10279771631,47.09,secondary,0.037,0.042,0.4091,0.084,0.214,LOW
T+180min,R-1029,245666966,2897024737,8.19,primary,0.034,0.034,0.3925,0.068,0.1978,LOW
T+180min,R-1030,245667237,245666901,238.41,residential,0.094,0.11,0.6067,0.22,0.3747,MODERATE
T+180min,R-1031,245667361,245667423,226.08,trunk,0.038,0.058,0.4103,0.116,0.2337,LOW
T+180min,R-1032,245667361,245667468,151.02,residential,0.017,0.058,0.2609,0.116,0.174,LOW
T+180min,R-1033,245667423,13798296276,46.96,trunk,0.054,0.059,0.4931,0.118,0.268,MODERATE
T+180min,R-1034,245667423,2804481652,36.04,residential,0.048,0.05,0.4946,0.1,0.2578,MODERATE
T+180min,R-1035,245667423,622060792,187.57,residential,0.054,0.068,0.5076,0.136,0.2846,MODERATE
T+180min,R-1036,245667468,12378368426,17.87,residential,0.002,0.003,0.1798,0.006,0.0755,LOW
T+180min,R-1037,245667468,13618292019,4.23,residential,0.002,0.002,0.1804,0.004,0.0746,LOW
T+180min,R-1038,245667468,245667361,151.02,residential,0.017,0.058,0.261,0.116,0.174,LOW
T+180min,R-1039,245667542,10265662175,84.99,trunk,0.067,0.07,0.6449,0.14,0.342,MODERATE
T+180min,R-1040,245667542,2244637004,25.01,residential,0.069,0.07,0.6216,0.14,0.3326,MODERATE
T+180min,R-1041,245667676,1934627523,129.94,residential,0.064,0.076,0.6147,0.152,0.3371,MODERATE
T+180min,R-1042,245667676,245667730,74.15,residential,0.045,0.051,0.4148,0.102,0.2271,LOW
T+180min,R-1043,245667676,245667764,98.77,residential,0.065,0.079,0.5775,0.158,0.3258,MODERATE
T+180min,R-1044,245667685,1934627523,78.23,residential,0.045,0.052,0.4226,0.104,0.2314,LOW
T+180min,R-1045,245667685,623895377,201.78,residential,0.04,0.058,0.4526,0.116,0.2506,MODERATE
T+180min,R-1046,245667685,6428793085,38.34,residential,0.044,0.053,0.4701,0.106,0.2516,MODERATE
T+180min,R-1047,245667730,2244637007,204.59,residential,0.023,0.044,0.3229,0.088,0.182,LOW
T+180min,R-1048,245667730,2244637013,33.76,residential,0.05,0.055,0.4897,0.11,0.2619,MODERATE
T+180min,R-1049,245667730,245667676,74.15,residential,0.045,0.051,0.4148,0.102,0.2271,LOW
T+180min,R-1050,245667764,2244637013,7.33,residential,0.055,0.055,0.502,0.11,0.2668,MODERATE
T+180min,R-1051,245667764,2244637021,103.45,residential,0.063,0.066,0.554,0.132,0.3008,MODERATE
T+180min,R-1052,245667764,245667676,98.77,residential,0.065,0.079,0.5775,0.158,0.3258,MODERATE
T+180min,R-1053,245667803,245667757,255.38,trunk,0.063,0.075,0.5713,0.15,0.3185,MODERATE
T+180min,R-1054,245667803,5911310869,13.75,tertiary,0.066,0.067,0.5789,0.134,0.312,MODERATE
T+180min,R-1055,245667863,13619400539,98.56,secondary,0.08,0.083,0.5998,0.166,0.3395,MODERATE
T+180min,R-1056,245667863,14104987804,4.84,residential,0.082,0.082,0.598,0.164,0.3376,MODERATE
T+180min,R-1057,245667863,245667933,47.83,residential,0.08,0.083,0.6468,0.166,0.3583,MODERATE
T+180min,R-1058,245667933,10925931781,125.58,residential,0.068,0.08,0.5604,0.16,0.3202,MODERATE
T+180min,R-1059,245667933,245667863,47.83,residential,0.08,0.083,0.6468,0.166,0.3583,MODERATE
T+180min,R-1060,245667933,245668038,114.17,residential,0.056,0.076,0.5464,0.152,0.3098,MODERATE
T+180min,R-1061,245667933,6490861784,77.54,residential,0.069,0.079,0.5677,0.158,0.3219,MODERATE
T+180min,R-1062,245667958,245668141,125.66,residential,0.05,0.056,0.4961,0.112,0.2656,MODERATE
T+180min,R-1063,245667960,622060872,43.75,residential,,,,,,UNKNOWN
T+180min,R-1064,245668000,1375215119,42.9,tertiary,0.077,0.081,0.597,0.162,0.336,MODERATE
T+180min,R-1065,245668000,245668015,6.76,tertiary,0.082,0.083,0.6345,0.166,0.3534,MODERATE
T+180min,R-1066,245668000,4342420553,69.13,residential,0.074,0.081,0.5755,0.162,0.3274,MODERATE
T+180min,R-1067,245668015,14104987804,130.23,secondary,0.081,0.083,0.6197,0.166,0.3475,MODERATE
T+180min,R-1068,245668015,245668000,6.76,tertiary,0.082,0.083,0.6345,0.166,0.3534,MODERATE
T+180min,R-1069,245668015,7404711447,9.51,secondary,0.083,0.083,0.6627,0.166,0.3647,MODERATE
T+180min,R-1070,245668029,2244637068,141.2,residential,,,,,,UNKNOWN
T+180min,R-1071,245668029,623895533,58.72,tertiary,,,,,,UNKNOWN
T+180min,R-1072,245668029,6554236441,12.21,tertiary,,,,,,UNKNOWN
T+180min,R-1073,245668038,245667933,114.17,residential,0.056,0.076,0.5464,0.152,0.3098,MODERATE
T+180min,R-1074,245668038,4342420515,64.09,residential,0.044,0.063,0.4368,0.126,0.2503,MODERATE
T+180min,R-1075,245668038,7404711443,19.69,residential,0.043,0.047,0.4613,0.094,0.2409,LOW
T+180min,R-1076,245668039,10925931781,8.27,secondary,0.081,0.082,0.6739,0.164,0.368,MODERATE
T+180min,R-1077,245668039,7404711447,18.91,secondary,0.083,0.083,0.6946,0.166,0.3774,MODERATE
T+180min,R-1078,245668141,245667958,125.66,residential,0.05,0.056,0.4961,0.112,0.2656,MODERATE
T+180min,R-1079,245668141,245668208,104.5,residential,,,,,,UNKNOWN
T+180min,R-1080,245668141,7404711443,156.42,residential,0.041,0.047,0.4503,0.094,0.2365,LOW
T+180min,R-1081,245668185,1375251567,40.24,residential,0.05,0.053,0.4768,0.106,0.2543,MODERATE
T+180min,R-1082,245668197,13619403785,22.99,residential,,,,,,UNKNOWN
T+180min,R-1083,245668197,13619403788,28.94,residential,,,,,,UNKNOWN
T+180min,R-1084,245668197,622039360,19.56,residential,,,,,,UNKNOWN
T+180min,R-1085,245668208,13617280082,44.67,residential,,,,,,UNKNOWN
T+180min,R-1086,245668208,14130497014,194.59,residential,,,,,,UNKNOWN
T+180min,R-1087,245668208,245668141,104.5,residential,,,,,,UNKNOWN
T+180min,R-1088,245668226,4342420553,194.56,residential,,,,,,UNKNOWN
T+180min,R-1089,245668277,13619239367,186.93,tertiary,0.059,0.059,0.4876,0.118,0.2658,MODERATE
T+180min,R-1090,245668277,13621749581,25.79,residential,0.056,0.059,0.4708,0.118,0.2591,MODERATE
T+180min,R-1091,245668277,1375251567,150.21,tertiary,0.053,0.059,0.4932,0.118,0.2681,MODERATE
T+180min,R-1092,245668286,13619403787,71.42,residential,,,,,,UNKNOWN
T+180min,R-1093,245668286,13622445020,9.07,residential,,,,,,UNKNOWN
T+180min,R-1094,245668286,13622445933,2.71,residential,,,,,,UNKNOWN
T+180min,R-1095,245668324,13619239369,14.91,residential,,,,,,UNKNOWN
T+180min,R-1096,245668324,13619243545,58.86,residential,,,,,,UNKNOWN
T+180min,R-1097,245668324,13619403788,104.46,residential,,,,,,UNKNOWN
T+180min,R-1098,245668373,9445072347,17.59,residential,,,,,,UNKNOWN
T+180min,R-1099,245668374,13619500839,8.05,residential,,,,,,UNKNOWN
T+180min,R-1100,245668374,13619500841,60.13,residential,,,,,,UNKNOWN
T+180min,R-1101,245668374,2244797706,37.97,residential,,,,,,UNKNOWN
T+180min,R-1102,245668449,9684698224,16.58,residential,,,,,,UNKNOWN
T+180min,R-1103,2804481652,12334925193,362.75,trunk,0.05,0.077,0.4772,0.154,0.2833,MODERATE
T+180min,R-1104,2804481652,245667423,36.04,residential,0.048,0.05,0.4946,0.1,0.2578,MODERATE
T+180min,R-1105,2804481652,6926279722,104.56,residential,0.058,0.067,0.569,0.134,0.308,MODERATE
T+180min,R-1106,2804520131,2244797470,226.51,residential,0.068,0.09,0.557,0.18,0.3308,MODERATE
T+180min,R-1107,2804520131,5470238123,64.33,trunk,0.079,0.083,0.6686,0.166,0.367,MODERATE
T+180min,R-1108,2897022098,2897024519,92.09,primary_link,0.036,0.042,0.4687,0.084,0.2379,LOW
T+180min,R-1109,2897022098,296857831,61.85,secondary,0.033,0.036,0.4521,0.072,0.224,LOW
T+180min,R-1110,2897024501,2897024596,235.36,tertiary,0.063,0.076,0.5773,0.152,0.3221,MODERATE
T+180min,R-1111,2897024506,2897022099,22.66,secondary,0.029,0.03,0.4026,0.06,0.197,LOW
T+180min,R-1112,2897024517,2897024636,404.85,tertiary,0.044,0.059,0.4991,0.118,0.2704,MODERATE
T+180min,R-1113,2897024517,476489029,11.98,unclassified,0.038,0.039,0.4595,0.078,0.2306,LOW
T+180min,R-1114,2897024519,476465252,53.37,primary,0.044,0.046,0.4909,0.092,0.2516,MODERATE
T+180min,R-1115,2897024523,2897024506,45.51,secondary,0.032,0.035,0.434,0.07,0.2156,LOW
T+180min,R-1116,2897024523,296857831,7.92,primary,0.036,0.036,0.4444,0.072,0.221,LOW
T+180min,R-1117,2897024540,2897024506,59.55,primary_link,0.031,0.033,0.4233,0.066,0.2089,LOW
T+180min,R-1118,2897024540,2897024523,36.76,primary,0.034,0.035,0.4277,0.07,0.2131,LOW
T+180min,R-1119,2897024594,476489029,208.98,tertiary,0.051,0.061,0.5571,0.122,0.296,MODERATE
T+180min,R-1120,2897024595,2897024597,9.02,secondary,0.02,0.02,0.3409,0.04,0.1604,LOW
T+180min,R-1121,2897024595,476480400,221.79,tertiary,0.023,0.026,0.3975,0.052,0.1902,LOW
T+180min,R-1122,2897024596,245666041,11.16,tertiary,,,,,,UNKNOWN
T+180min,R-1123,2897024596,2897024501,235.36,tertiary,0.063,0.076,0.5773,0.152,0.3221,MODERATE
T+180min,R-1124,2897024596,2897024594,104.69,tertiary,0.058,0.061,0.5255,0.122,0.2834,MODERATE
T+180min,R-1125,2897024597,2897024609,68.22,secondary,0.03,0.042,0.415,0.084,0.2164,LOW
T+180min,R-1126,2897024601,2897024540,170.92,primary,0.035,0.042,0.4618,0.084,0.2351,LOW
T+180min,R-1127,2897024609,2897024601,56.78,primary_link,0.042,0.045,0.5188,0.09,0.2615,MODERATE
T+180min,R-1128,2897024609,296857806,46.19,secondary,0.045,0.047,0.5605,0.094,0.2806,MODERATE
T+180min,R-1129,2897024611,245666448,77.45,secondary,0.032,0.044,0.4331,0.088,0.226,LOW
T+180min,R-1130,2897024614,12079741513,6.96,primary,0.045,0.045,0.5837,0.09,0.2875,MODERATE
T+180min,R-1131,2897024615,2897024611,41.55,secondary,0.046,0.047,0.5793,0.094,0.2881,MODERATE
T+180min,R-1132,2897024615,296857806,8.19,primary,0.047,0.047,0.5919,0.094,0.2932,MODERATE
T+180min,R-1133,2897024623,245666274,233.6,secondary,0.041,0.062,0.4693,0.124,0.2621,MODERATE
T+180min,R-1134,2897024623,2897024625,11.8,tertiary,0.044,0.046,0.4458,0.092,0.2335,LOW
T+180min,R-1135,2897024625,245666141,10.97,secondary,0.046,0.049,0.4596,0.098,0.2426,LOW
T+180min,R-1136,2897024625,2897024642,223.77,tertiary,0.047,0.052,0.5727,0.104,0.2915,MODERATE
T+180min,R-1137,2897024627,2897024623,10.97,secondary,0.049,0.053,0.4721,0.106,0.2524,MODERATE
T+180min,R-1138,2897024628,2897024611,68.06,primary_link,0.044,0.047,0.5734,0.094,0.2858,MODERATE
T+180min,R-1139,2897024628,2897024615,47.23,primary,0.044,0.047,0.5883,0.094,0.2917,MODERATE
T+180min,R-1140,2897024636,2897024667,203.56,tertiary,0.043,0.052,0.4789,0.104,0.254,MODERATE
T+180min,R-1141,2897024636,476488948,11.98,unclassified,0.046,0.047,0.5122,0.094,0.2613,MODERATE
T+180min,R-1142,2897024642,245666371,10.98,tertiary,0.044,0.044,0.4643,0.088,0.2385,LOW
T+180min,R-1143,2897024642,2897024644,139.0,tertiary,0.043,0.057,0.4913,0.114,0.2649,MODERATE
T+180min,R-1144,2897024642,476480258,98.6,tertiary,0.053,0.062,0.5451,0.124,0.2924,MODERATE
T+180min,R-1145,2897024644,2897024648,48.67,primary_link,0.027,0.028,0.3936,0.056,0.191,LOW
T+180min,R-1146,2897024644,296853816,34.75,tertiary,0.028,0.029,0.4008,0.058,0.1951,LOW
T+180min,R-1147,2897024648,2897024628,340.79,primary,0.027,0.037,0.424,0.074,0.214,LOW
T+180min,R-1148,2897024651,245666371,171.79,tertiary,0.041,0.058,0.4902,0.116,0.2657,MODERATE
T+180min,R-1149,2897024651,296853816,8.12,primary,0.029,0.03,0.4146,0.06,0.2018,LOW
T+180min,R-1150,2897024656,2897024658,8.31,primary,0.031,0.031,0.4245,0.062,0.207,LOW
T+180min,R-1151,2897024656,6552594955,26.66,tertiary,0.033,0.034,0.4386,0.068,0.2162,LOW
T+180min,R-1152,2897024658,2897024651,18.15,tertiary,0.03,0.03,0.4226,0.06,0.205,LOW
T+180min,R-1153,2897024658,2897024742,383.65,primary,0.038,0.046,0.462,0.092,0.24,LOW
T+180min,R-1154,2897024660,245666386,251.12,tertiary,0.056,0.075,0.6289,0.15,0.3416,MODERATE
T+180min,R-1155,2897024660,245666882,92.96,tertiary,0.053,0.058,0.4922,0.116,0.2665,MODERATE
T+180min,R-1156,2897024660,9771116360,47.48,residential,0.053,0.059,0.4824,0.118,0.2638,MODERATE
T+180min,R-1157,2897024667,2897024676,9.67,tertiary,0.053,0.054,0.5329,0.108,0.278,MODERATE
T+180min,R-1158,2897024667,2897024687,75.77,tertiary,0.057,0.062,0.5717,0.124,0.3031,MODERATE
T+180min,R-1159,2897024676,245666426,12.12,tertiary,0.056,0.057,0.5751,0.114,0.2984,MODERATE
T+180min,R-1160,2897024676,2897024734,183.57,tertiary,0.064,0.074,0.5922,0.148,0.3257,MODERATE
T+180min,R-1161,2897024677,245666831,8.08,tertiary,0.03,0.031,0.4251,0.062,0.2072,LOW
T+180min,R-1162,2897024682,2897024658,114.45,tertiary,0.035,0.038,0.4884,0.076,0.241,LOW
T+180min,R-1163,2897024682,2897024677,8.07,unclassified,0.032,0.032,0.4447,0.064,0.2163,LOW
T+180min,R-1164,2897024683,11027088421,488.66,unclassified,0.052,0.077,0.5703,0.154,0.3205,MODERATE
T+180min,R-1165,2897024683,2897024682,8.08,tertiary,0.031,0.032,0.4547,0.064,0.2203,LOW
T+180min,R-1166,2897024687,631525434,8.19,tertiary,0.051,0.053,0.4976,0.106,0.2626,MODERATE
T+180min,R-1167,2897024687,9469495781,44.22,tertiary,0.049,0.053,0.4957,0.106,0.2619,MODERATE
T+180min,R-1168,2897024695,245666830,7.98,tertiary,0.042,0.043,0.4982,0.086,0.2509,MODERATE
T+180min,R-1169,2897024695,7749797394,54.4,tertiary,0.041,0.042,0.483,0.084,0.2436,LOW
T+180min,R-1170,2897024696,12084454212,7.67,secondary,0.049,0.049,0.5075,0.098,0.2618,MODERATE
T+180min,R-1171,2897024710,245666882,8.15,tertiary,0.053,0.053,0.5006,0.106,0.2638,MODERATE
T+180min,R-1172,2897024710,2897024695,247.3,tertiary,0.044,0.058,0.4967,0.116,0.2683,MODERATE
T+180min,R-1173,2897024711,2897024737,125.16,secondary,0.041,0.048,0.4379,0.096,0.2328,LOW
T+180min,R-1174,2897024711,631507969,7.99,tertiary,0.049,0.05,0.4821,0.1,0.2528,MODERATE
T+180min,R-1175,2897024713,13616287395,8.37,residential,0.048,0.048,0.4778,0.096,0.2487,LOW
T+180min,R-1176,2897024713,3803645219,36.4,tertiary,0.054,0.061,0.4846,0.122,0.267,MODERATE
T+180min,R-1177,2897024734,2897024749,99.11,tertiary,,,,,,UNKNOWN
T+180min,R-1178,2897024734,631507991,10.02,tertiary,,,,,,UNKNOWN
T+180min,R-1179,2897024734,631525440,214.13,tertiary,0.075,0.083,0.6535,0.166,0.361,MODERATE
T+180min,R-1180,2897024737,2897024651,386.36,primary,0.038,0.047,0.4503,0.094,0.2365,LOW
T+180min,R-1181,2897024737,2897024742,18.7,secondary,0.037,0.041,0.4119,0.082,0.214,LOW
T+180min,R-1182,2897024742,631525438,9.99,primary,0.041,0.041,0.4276,0.082,0.2202,LOW
T+180min,R-1183,2897024748,2897024751,8.0,tertiary_link,0.08,0.081,0.5689,0.162,0.3248,MODERATE
T+180min,R-1184,2897024748,6590384792,229.76,tertiary,0.095,0.123,0.7328,0.246,0.4407,MODERATE
T+180min,R-1185,2897024749,2897024753,7.99,tertiary,,,,,,UNKNOWN
T+180min,R-1186,2897024749,2897024795,205.85,tertiary,0.065,0.07,0.5424,0.14,0.301,MODERATE
T+180min,R-1187,2897024751,13616287393,231.94,tertiary,0.08,0.089,0.5889,0.178,0.3424,MODERATE
T+180min,R-1188,2897024751,2897024748,8.0,tertiary_link,0.08,0.081,0.5689,0.162,0.3248,MODERATE
T+180min,R-1189,2897024752,12350931356,11.49,tertiary,,,,,,UNKNOWN
T+180min,R-1190,2897024753,12350931356,9.43,tertiary,,,,,,UNKNOWN
T+180min,R-1191,2897024753,2897024759,11.78,tertiary,,,,,,UNKNOWN
T+180min,R-1192,2897024777,2897024753,106.64,tertiary,,,,,,UNKNOWN
T+180min,R-1193,2897024777,6491469979,104.67,tertiary,,,,,,UNKNOWN
T+180min,R-1194,2897024795,10279771627,346.77,primary,0.075,0.097,0.6445,0.194,0.3742,MODERATE
T+180min,R-1195,2897024795,2897024798,17.97,tertiary,0.07,0.072,0.5274,0.144,0.2974,MODERATE
T+180min,R-1196,2897024798,631507993,8.0,primary,0.074,0.076,0.5296,0.152,0.303,MODERATE
T+180min,R-1197,2897024862,7366246698,11.91,trunk,0.048,0.051,0.4117,0.102,0.2259,LOW
T+180min,R-1198,2897024865,2897024862,13.22,trunk,0.047,0.05,0.4202,0.1,0.2281,LOW
T+180min,R-1199,2897024865,2897024870,19.33,secondary,0.048,0.05,0.439,0.1,0.2356,LOW
T+180min,R-1200,2897024866,13619457125,9.61,trunk_link,0.059,0.063,0.4889,0.126,0.2712,MODERATE
T+180min,R-1201,2897024866,2897024865,42.35,trunk,0.06,0.063,0.5023,0.126,0.2765,MODERATE
T+180min,R-1202,2897024870,13618347449,18.77,secondary,0.038,0.046,0.3832,0.092,0.2085,LOW
T+180min,R-1203,296853790,11271580571,23.73,primary,0.048,0.049,0.5122,0.098,0.2637,MODERATE
T+180min,R-1204,296853793,13619939784,6.85,primary,0.039,0.039,0.4551,0.078,0.2288,LOW
T+180min,R-1205,296853816,2897024648,27.68,primary,0.028,0.029,0.3981,0.058,0.194,LOW
T+180min,R-1206,296853816,2897024656,18.18,tertiary,0.03,0.031,0.4136,0.062,0.2026,LOW
T+180min,R-1207,296857806,2897024601,36.97,primary,0.043,0.047,0.5188,0.094,0.2639,MODERATE
T+180min,R-1208,296857806,2897024614,18.07,secondary,0.047,0.047,0.5825,0.094,0.2894,MODERATE
T+180min,R-1209,296857831,2897024519,49.6,primary,0.039,0.042,0.476,0.084,0.2408,LOW
T+180min,R-1210,296857831,296853793,17.93,secondary,0.038,0.039,0.4549,0.078,0.2288,LOW
T+180min,R-1211,3193827831,10091403662,7.59,residential,0.073,0.073,0.5406,0.146,0.3038,MODERATE
T+180min,R-1212,3193827831,245666370,35.93,tertiary,0.075,0.077,0.5451,0.154,0.3104,MODERATE
T+180min,R-1213,3641869342,245665874,23.74,tertiary,0.055,0.057,0.466,0.114,0.2548,MODERATE
T+180min,R-1214,3743617937,10564373799,148.61,trunk,0.06,0.075,0.5343,0.15,0.3037,MODERATE
T+180min,R-1215,3743617937,13614467518,34.2,residential,0.068,0.075,0.531,0.15,0.3024,MODERATE
T+180min,R-1216,3743617940,11054614468,13.33,residential,0.047,0.047,0.4753,0.094,0.2465,LOW
T+180min,R-1217,3743617940,13503191895,12.31,residential,0.048,0.05,0.4944,0.1,0.2578,MODERATE
T+180min,R-1218,3743617940,13614467518,37.51,residential,0.051,0.059,0.4662,0.118,0.2573,MODERATE
T+180min,R-1219,3803643818,13616325516,5.12,residential,0.073,0.073,0.5466,0.146,0.3062,MODERATE
T+180min,R-1220,3803643818,13617040695,31.18,tertiary,0.076,0.081,0.5568,0.162,0.3199,MODERATE
T+180min,R-1221,3803645219,12313982253,213.14,residential,0.08,0.102,0.6655,0.204,0.3886,MODERATE
T+180min,R-1222,3803645219,13616287394,18.6,tertiary,0.065,0.07,0.5305,0.14,0.2962,MODERATE
T+180min,R-1223,3803645219,6428617352,8.08,residential,0.061,0.061,0.5105,0.122,0.2774,MODERATE
T+180min,R-1224,4342420383,2244637026,43.76,residential,0.045,0.059,0.4286,0.118,0.2422,LOW
T+180min,R-1225,4342420383,2244637034,83.76,residential,0.069,0.075,0.5691,0.15,0.3176,MODERATE
T+180min,R-1226,4342420383,6491091371,90.34,residential,0.06,0.063,0.5079,0.126,0.2788,MODERATE
T+180min,R-1227,4342420489,6598052694,44.3,residential,0.052,0.054,0.4942,0.108,0.2625,MODERATE
T+180min,R-1228,4342420490,2244637034,83.59,residential,0.081,0.09,0.6361,0.18,0.3624,MODERATE
T+180min,R-1229,4342420490,622060802,145.96,residential,0.074,0.084,0.5481,0.168,0.32,MODERATE
T+180min,R-1230,4342420490,7404711408,92.78,residential,0.089,0.118,0.666,0.236,0.408,MODERATE
T+180min,R-1231,4342420515,10925931781,46.46,secondary,0.072,0.08,0.5687,0.16,0.3235,MODERATE
T+180min,R-1232,4342420515,245668038,64.09,residential,0.044,0.063,0.4368,0.126,0.2503,MODERATE
T+180min,R-1233,4342420515,621966589,353.9,secondary,0.042,0.063,0.4309,0.126,0.248,LOW
T+180min,R-1234,4342420517,9914206292,78.72,residential,0.064,0.078,0.5191,0.156,0.3012,MODERATE
T+180min,R-1235,4342420553,245668000,69.13,residential,0.074,0.081,0.5756,0.162,0.3274,MODERATE
T+180min,R-1236,4342420553,245668226,194.56,residential,,,,,,UNKNOWN
T+180min,R-1237,4342420553,6554236455,74.37,residential,,,,,,UNKNOWN
T+180min,R-1238,4674280890,7104101070,164.64,trunk,0.102,0.108,0.6093,0.216,0.3733,MODERATE
T+180min,R-1239,473698889,473698890,49.94,residential,0.027,0.039,0.3568,0.078,0.1895,LOW
T+180min,R-1240,473698890,10653501374,69.48,residential,0.028,0.045,0.3567,0.09,0.1967,LOW
T+180min,R-1241,473698890,10653501375,29.16,residential,0.02,0.022,0.3364,0.044,0.161,LOW
T+180min,R-1242,473698890,473698889,49.94,residential,0.027,0.039,0.3568,0.078,0.1895,LOW
T+180min,R-1243,476480258,245666448,333.56,tertiary,0.035,0.056,0.483,0.112,0.2604,MODERATE
T+180min,R-1244,476480258,2897024642,98.6,tertiary,0.053,0.062,0.5451,0.124,0.2924,MODERATE
T+180min,R-1245,476480258,476480287,306.86,tertiary,0.044,0.058,0.5511,0.116,0.29,MODERATE
T+180min,R-1246,476480287,13615156523,90.26,secondary,0.03,0.037,0.4128,0.074,0.2095,LOW
T+180min,R-1247,476480287,476480258,306.86,tertiary,0.044,0.058,0.5511,0.116,0.29,MODERATE
T+180min,R-1248,476488948,245666078,194.93,tertiary,0.042,0.056,0.4566,0.112,0.2498,LOW
T+180min,R-1249,476488948,245666337,202.37,unclassified,0.052,0.056,0.5486,0.112,0.2866,MODERATE
T+180min,R-1250,476489029,2897024517,27.97,tertiary,0.038,0.039,0.4631,0.078,0.232,LOW
T+180min,R-1251,5424387223,5424387232,182.28,residential,0.049,0.058,0.5032,0.116,0.2709,MODERATE
T+180min,R-1252,5424387232,5424387223,182.28,residential,0.049,0.058,0.5032,0.116,0.2709,MODERATE
T+180min,R-1253,5424387232,6490861784,90.96,residential,0.043,0.055,0.4959,0.11,0.2644,MODERATE
T+180min,R-1254,5424387232,6490861784,150.46,residential,0.044,0.055,0.4974,0.11,0.265,MODERATE
T+180min,R-1255,5470238123,10044201331,128.41,trunk,0.084,0.09,0.6976,0.18,0.387,MODERATE
T+180min,R-1256,5470238123,9691859215,23.99,trunk_link,0.082,0.083,0.6775,0.166,0.3706,MODERATE
T+180min,R-1257,5896564331,2897024751,238.6,tertiary,0.093,0.123,0.7166,0.246,0.4342,MODERATE
T+180min,R-1258,5896564331,6590384792,9.22,tertiary,0.088,0.092,0.5627,0.184,0.3355,MODERATE
T+180min,R-1259,5896564331,8443532426,497.89,tertiary,0.079,0.099,0.5868,0.198,0.3535,MODERATE
T+180min,R-1260,5911310862,5911310869,218.06,trunk,0.061,0.07,0.5548,0.14,0.3059,MODERATE
T+180min,R-1261,5911310869,1375251567,430.52,tertiary,0.054,0.067,0.5225,0.134,0.2894,MODERATE
T+180min,R-1262,5911310869,245667803,13.75,tertiary,0.066,0.067,0.5789,0.134,0.312,MODERATE
T+180min,R-1263,5911310869,5911310870,17.94,trunk,0.065,0.067,0.5819,0.134,0.3132,MODERATE
T+180min,R-1264,5911310870,5911310871,172.37,trunk,0.067,0.082,0.6193,0.164,0.3461,MODERATE
T+180min,R-1265,5911310870,622039341,271.18,residential,0.07,0.088,0.5821,0.176,0.3384,MODERATE
T+180min,R-1266,5911310871,12406104882,38.0,trunk,0.072,0.078,0.6431,0.156,0.3508,MODERATE
T+180min,R-1267,5911310871,13618399201,121.31,residential,0.081,0.098,0.7294,0.196,0.4094,MODERATE
T+180min,R-1268,5911310878,10384248274,36.52,trunk,0.061,0.064,0.6076,0.128,0.3198,MODERATE
T+180min,R-1269,5911310878,13622393246,29.93,residential,0.062,0.064,0.6201,0.128,0.3248,MODERATE
T+180min,R-1270,5911310880,13618374657,39.28,residential,0.055,0.057,0.5342,0.114,0.2821,MODERATE
T+180min,R-1271,5911310880,13618374670,65.19,residential,0.058,0.06,0.5539,0.12,0.2936,MODERATE
T+180min,R-1272,5911310880,13618374676,18.15,residential,0.055,0.055,0.5159,0.11,0.2724,MODERATE
T+180min,R-1273,621966589,4342420515,353.9,secondary,0.042,0.063,0.4309,0.126,0.248,LOW
T+180min,R-1274,622039341,13601073293,110.41,residential,0.094,0.098,0.7272,0.196,0.4085,MODERATE
T+180min,R-1275,622039341,13619536866,12.47,residential,0.09,0.093,0.6391,0.186,0.3672,MODERATE
T+180min,R-1276,622039341,5911310870,271.18,residential,0.07,0.088,0.5821,0.176,0.3384,MODERATE
T+180min,R-1277,622039341,622039345,20.41,residential,0.083,0.088,0.5806,0.176,0.3378,MODERATE
T+180min,R-1278,622039345,13618414607,7.6,residential,0.076,0.078,0.5447,0.156,0.3115,MODERATE
T+180min,R-1279,622039345,13619237610,8.4,residential,0.074,0.078,0.5331,0.156,0.3068,MODERATE
T+180min,R-1280,622039345,622039341,20.41,residential,0.083,0.088,0.5806,0.176,0.3378,MODERATE
T+180min,R-1281,622039354,10923438752,34.51,residential,0.079,0.086,0.654,0.172,0.3648,MODERATE
T+180min,R-1282,622039354,13619237603,70.45,residential,0.079,0.087,0.5666,0.174,0.331,MODERATE
T+180min,R-1283,622039354,7384246086,11.49,residential,0.072,0.075,0.5216,0.15,0.2986,MODERATE
T+180min,R-1284,622039357,622039360,35.27,residential,,,,,,UNKNOWN
T+180min,R-1285,622039360,245668197,19.56,residential,,,,,,UNKNOWN
T+180min,R-1286,622039360,622039357,35.27,residential,,,,,,UNKNOWN
T+180min,R-1287,622039360,6576335804,88.93,residential,0.076,0.085,0.5657,0.17,0.3283,MODERATE
T+180min,R-1288,622042581,12406085638,23.16,trunk,0.066,0.068,0.5144,0.136,0.2874,MODERATE
T+180min,R-1289,622042582,2897024865,10.89,trunk,0.056,0.061,0.4728,0.122,0.2623,MODERATE
T+180min,R-1290,622042582,622042581,50.92,trunk,0.066,0.07,0.525,0.14,0.294,MODERATE
T+180min,R-1291,622060792,11054646813,14.23,residential,0.044,0.047,0.423,0.094,0.2256,LOW
T+180min,R-1292,622060792,245667423,187.57,residential,0.054,0.068,0.5076,0.136,0.2846,MODERATE
T+180min,R-1293,622060792,9198946025,212.64,residential,0.067,0.096,0.5633,0.192,0.3405,MODERATE
T+180min,R-1294,622060802,2244637068,19.11,residential,,,,,,UNKNOWN
T+180min,R-1295,622060802,4342420490,145.96,residential,0.074,0.084,0.5481,0.168,0.32,MODERATE
T+180min,R-1296,622060802,622060872,141.73,residential,0.058,0.058,0.4708,0.116,0.2579,MODERATE
T+180min,R-1297,622060872,2244637056,101.59,residential,,,,,,UNKNOWN
T+180min,R-1298,622060872,245667960,43.75,residential,,,,,,UNKNOWN
T+180min,R-1299,622060872,622060802,141.73,residential,0.058,0.058,0.4708,0.116,0.2579,MODERATE
T+180min,R-1300,623895377,245667685,201.78,residential,0.04,0.058,0.4526,0.116,0.2506,MODERATE
T+180min,R-1301,623895377,6490968308,64.07,residential,0.02,0.038,0.3035,0.076,0.167,LOW
T+180min,R-1302,623895377,6554206834,100.49,residential,0.034,0.05,0.3924,0.1,0.217,LOW
T+180min,R-1303,623895532,13617292729,50.08,residential,,,,,,UNKNOWN
T+180min,R-1304,623895532,6430481233,76.08,tertiary,,,,,,UNKNOWN
T+180min,R-1305,623895532,7404757837,82.42,tertiary,,,,,,UNKNOWN
T+180min,R-1306,623895533,245668029,58.72,tertiary,,,,,,UNKNOWN
T+180min,R-1307,623895533,6554236449,191.44,residential,,,,,,UNKNOWN
T+180min,R-1308,623895533,7404757837,2.4,tertiary,,,,,,UNKNOWN
T+180min,R-1309,631507968,10292442915,205.53,secondary,0.037,0.047,0.5374,0.094,0.2714,MODERATE
T+180min,R-1310,631507968,2897024595,201.69,secondary,0.029,0.047,0.4485,0.094,0.2358,LOW
T+180min,R-1311,631507969,2897024696,35.9,secondary,0.05,0.05,0.5061,0.1,0.2624,MODERATE
T+180min,R-1312,631507969,2897024711,7.99,tertiary,0.049,0.05,0.4821,0.1,0.2528,MODERATE
T+180min,R-1313,631507969,631525440,141.03,tertiary,0.058,0.065,0.5244,0.13,0.2878,MODERATE
T+180min,R-1314,631507991,11976374939,141.9,tertiary,0.065,0.072,0.627,0.144,0.3372,MODERATE
T+180min,R-1315,631507991,2897024734,10.02,tertiary,,,,,,UNKNOWN
T+180min,R-1316,631507992,10279771626,28.73,tertiary,0.069,0.072,0.5446,0.144,0.3042,MODERATE
T+180min,R-1317,631507992,2897024795,7.99,primary,0.07,0.07,0.5353,0.14,0.2981,MODERATE
T+180min,R-1318,631507993,10265837613,172.34,primary,0.089,0.098,0.6053,0.196,0.3597,MODERATE
T+180min,R-1319,631507993,631507992,17.98,tertiary,0.074,0.076,0.5371,0.152,0.306,MODERATE
T+180min,R-1320,631525434,2897024676,72.3,tertiary,0.055,0.058,0.5509,0.116,0.29,MODERATE
T+180min,R-1321,631525434,2897024687,8.19,tertiary,0.051,0.053,0.4976,0.106,0.2626,MODERATE
T+180min,R-1322,631525434,631525440,138.0,tertiary,0.055,0.065,0.5163,0.13,0.2845,MODERATE
T+180min,R-1323,631525438,245666966,18.3,secondary,0.038,0.04,0.4097,0.08,0.2119,LOW
T+180min,R-1324,631525438,2897024798,385.32,primary,0.07,0.089,0.5982,0.178,0.3461,MODERATE
T+180min,R-1325,631525440,2897024734,214.13,tertiary,0.075,0.083,0.6535,0.166,0.361,MODERATE
T+180min,R-1326,631525440,631507969,141.03,tertiary,0.058,0.065,0.5244,0.13,0.2878,MODERATE
T+180min,R-1327,631525440,631525434,138.0,tertiary,0.055,0.065,0.5163,0.13,0.2845,MODERATE
T+180min,R-1328,6428381511,7372035744,115.39,residential,0.087,0.093,0.6202,0.186,0.3597,MODERATE
T+180min,R-1329,6428382636,10265662126,15.66,residential,0.075,0.077,0.5818,0.154,0.3251,MODERATE
T+180min,R-1330,6428382636,12406104885,156.17,residential,0.078,0.1,0.6763,0.2,0.3905,MODERATE
T+180min,R-1331,6428382636,12756633089,95.51,residential,0.068,0.078,0.5296,0.156,0.3054,MODERATE
T+180min,R-1332,6428617352,13616287395,36.02,tertiary,0.054,0.061,0.4869,0.122,0.268,MODERATE
T+180min,R-1333,6428617352,3803645219,8.08,residential,0.061,0.061,0.5105,0.122,0.2774,MODERATE
T+180min,R-1334,6428792684,6428792684,233.2,residential,0.023,0.043,0.363,0.086,0.1968,LOW
T+180min,R-1335,6428792684,6428792684,233.2,residential,0.023,0.043,0.363,0.086,0.1968,LOW
T+180min,R-1336,6428792684,6428793085,22.47,residential,0.048,0.053,0.5435,0.106,0.281,MODERATE
T+180min,R-1337,6428793085,10316548327,65.39,residential,0.052,0.058,0.5619,0.116,0.2944,MODERATE
T+180min,R-1338,6428793085,245667685,38.34,residential,0.044,0.053,0.4701,0.106,0.2516,MODERATE
T+180min,R-1339,6428793085,6428792684,22.47,residential,0.048,0.053,0.5435,0.106,0.281,MODERATE
T+180min,R-1340,6428811261,12486614582,4.7,tertiary,0.058,0.058,0.4691,0.116,0.2572,MODERATE
T+180min,R-1341,6428811261,6428811262,97.3,tertiary,0.072,0.077,0.5847,0.154,0.3263,MODERATE
T+180min,R-1342,6428811261,6428811270,9.52,tertiary,0.056,0.058,0.4968,0.116,0.2683,MODERATE
T+180min,R-1343,6428811262,13617092839,2.21,tertiary,0.077,0.077,0.6164,0.154,0.339,MODERATE
T+180min,R-1344,6428811263,13621901231,32.82,tertiary,0.076,0.078,0.6061,0.156,0.336,MODERATE
T+180min,R-1345,6428811263,6428811268,7.16,tertiary,0.078,0.079,0.6334,0.158,0.3482,MODERATE
T+180min,R-1346,6428811268,245665910,5.09,tertiary,0.079,0.079,0.6475,0.158,0.3538,MODERATE
T+180min,R-1347,6428811270,13621886865,42.25,tertiary,0.062,0.064,0.5407,0.128,0.2931,MODERATE
T+180min,R-1348,6428811270,245665874,16.3,tertiary,0.055,0.057,0.4922,0.114,0.2653,MODERATE
T+180min,R-1349,6428811270,6428811261,9.52,tertiary,0.056,0.058,0.4968,0.116,0.2683,MODERATE
T+180min,R-1350,6430481233,623895532,76.08,tertiary,,,,,,UNKNOWN
T+180min,R-1351,6489058155,13622435420,52.42,residential,,,,,,UNKNOWN
T+180min,R-1352,6489058155,13622445936,9.93,residential,,,,,,UNKNOWN
T+180min,R-1353,6489058155,9445072347,42.55,residential,,,,,,UNKNOWN
T+180min,R-1354,6490591812,6490591813,113.49,residential,0.016,0.056,0.1929,0.112,0.1444,LOW
T+180min,R-1355,6490591813,13619374592,77.33,trunk,0.066,0.07,0.6114,0.14,0.3286,MODERATE
T+180min,R-1356,6490591813,6490591812,113.49,residential,0.016,0.056,0.1929,0.112,0.1444,LOW
T+180min,R-1357,6490861784,245667933,77.54,residential,0.069,0.079,0.5677,0.158,0.3219,MODERATE
T+180min,R-1358,6490861784,5424387232,90.96,residential,0.043,0.055,0.4959,0.11,0.2644,MODERATE
T+180min,R-1359,6490861784,5424387232,150.46,residential,0.044,0.055,0.4974,0.11,0.265,MODERATE
T+180min,R-1360,6490872923,12378368422,67.3,residential,0.014,0.034,0.2355,0.068,0.135,LOW
T+180min,R-1361,6490872923,1934627523,21.5,residential,0.043,0.051,0.4078,0.102,0.2243,LOW
T+180min,R-1362,6490872923,6490872925,29.59,residential,0.028,0.034,0.3172,0.068,0.1677,LOW
T+180min,R-1363,6490872924,6490872925,58.83,residential,0.01,0.022,0.2254,0.044,0.1166,LOW
T+180min,R-1364,6490872924,6490872925,112.98,residential,0.011,0.022,0.2503,0.044,0.1265,LOW
T+180min,R-1365,6490872924,6490872930,10.02,residential,0.004,0.004,0.2241,0.008,0.0944,LOW
T+180min,R-1366,6490872925,6490872923,29.59,residential,0.028,0.034,0.3168,0.068,0.1675,LOW
T+180min,R-1367,6490872925,6490872924,58.83,residential,0.01,0.022,0.2254,0.044,0.1166,LOW
T+180min,R-1368,6490872925,6490872924,112.98,residential,0.011,0.022,0.2503,0.044,0.1265,LOW
T+180min,R-1369,6490872930,12378368427,6.18,residential,0.004,0.004,0.2287,0.008,0.0963,LOW
T+180min,R-1370,6490872930,6490872924,10.02,residential,0.004,0.004,0.2241,0.008,0.0944,LOW
T+180min,R-1371,6490968306,6490968308,49.96,residential,0.034,0.038,0.3614,0.076,0.1902,LOW
T+180min,R-1372,6490968308,2244637027,168.17,residential,0.073,0.084,0.6348,0.168,0.3547,MODERATE
T+180min,R-1373,6490968308,623895377,64.07,residential,0.02,0.038,0.3035,0.076,0.167,LOW
T+180min,R-1374,6490968308,6490968306,49.96,residential,0.034,0.038,0.3614,0.076,0.1902,LOW
T+180min,R-1375,6491091371,2244637012,66.53,residential,0.07,0.076,0.5268,0.152,0.3019,MODERATE
T+180min,R-1376,6491091371,4342420383,90.34,residential,0.06,0.063,0.5079,0.126,0.2788,MODERATE
T+180min,R-1377,6491091371,6491091372,31.64,residential,0.057,0.063,0.4656,0.126,0.2618,MODERATE
T+180min,R-1378,6491091372,2244637012,66.0,residential,0.06,0.072,0.4838,0.144,0.2799,MODERATE
T+180min,R-1379,6491091372,6491091371,31.64,residential,0.057,0.063,0.4656,0.126,0.2618,MODERATE
T+180min,R-1380,6491091372,6554206834,78.03,residential,0.051,0.055,0.4725,0.11,0.255,MODERATE
T+180min,R-1381,6491469979,2897024777,104.67,tertiary,,,,,,UNKNOWN
T+180min,R-1382,6552594955,2897024677,79.69,tertiary,0.036,0.038,0.489,0.076,0.2412,LOW
T+180min,R-1383,6552594957,2897024656,27.1,primary,0.03,0.031,0.4122,0.062,0.2021,LOW
T+180min,R-1384,6552594957,6552594955,32.94,primary_link,0.031,0.034,0.4321,0.068,0.2136,LOW
T+180min,R-1385,6554206834,2244637026,113.08,residential,0.053,0.063,0.4986,0.126,0.275,MODERATE
T+180min,R-1386,6554206834,623895377,100.49,residential,0.034,0.05,0.3924,0.1,0.217,LOW
T+180min,R-1387,6554206834,6491091372,78.03,residential,0.051,0.055,0.4725,0.11,0.255,MODERATE
T+180min,R-1388,6554236425,6554236440,27.36,tertiary,0.05,0.06,0.4345,0.12,0.2458,LOW
T+180min,R-1389,6554236425,6554236455,163.01,residential,0.047,0.058,0.435,0.116,0.2436,LOW
T+180min,R-1390,6554236425,7404711455,78.82,tertiary,0.037,0.047,0.4278,0.094,0.2275,LOW
T+180min,R-1391,6554236425,7404711465,126.02,residential,0.056,0.077,0.4904,0.154,0.2886,MODERATE
T+180min,R-1392,6554236429,10923690283,13.34,residential,,,,,,UNKNOWN
T+180min,R-1393,6554236440,2244637067,32.92,tertiary,0.071,0.079,0.5158,0.158,0.3011,MODERATE
T+180min,R-1394,6554236440,6554236425,27.36,tertiary,0.05,0.06,0.4345,0.12,0.2458,LOW
T+180min,R-1395,6554236440,6554236451,130.04,residential,0.073,0.082,0.5391,0.164,0.314,MODERATE
T+180min,R-1396,6554236441,2244637067,210.33,tertiary,0.09,0.1,0.5923,0.2,0.3569,MODERATE
T+180min,R-1397,6554236441,245668029,12.21,tertiary,,,,,,UNKNOWN
T+180min,R-1398,6554236441,6554236449,140.04,residential,,,,,,UNKNOWN
T+180min,R-1399,6554236449,623895533,191.44,residential,,,,,,UNKNOWN
T+180min,R-1400,6554236449,6554236441,140.04,residential,,,,,,UNKNOWN
T+180min,R-1401,6554236449,6554236451,64.09,residential,,,,,,UNKNOWN
T+180min,R-1402,6554236451,10923690270,93.08,residential,,,,,,UNKNOWN
T+180min,R-1403,6554236451,10923690283,112.47,residential,,,,,,UNKNOWN
T+180min,R-1404,6554236451,6554236440,130.04,residential,0.073,0.082,0.5391,0.164,0.314,MODERATE
T+180min,R-1405,6554236451,6554236449,64.09,residential,,,,,,UNKNOWN
T+180min,R-1406,6554236455,10923690270,37.36,residential,,,,,,UNKNOWN
T+180min,R-1407,6554236455,4342420553,74.37,residential,,,,,,UNKNOWN
T+180min,R-1408,6554236455,6554236425,163.01,residential,0.047,0.058,0.435,0.116,0.2436,LOW
T+180min,R-1409,6554271017,13619401780,12.32,residential,0.0,0.0,0.0246,0.0,0.0098,LOW
T+180min,R-1410,6554271024,13619401780,82.48,residential,0.024,0.054,0.2675,0.108,0.1718,LOW
T+180min,R-1411,6554271024,2244637013,71.18,residential,0.051,0.055,0.4944,0.11,0.2638,MODERATE
T+180min,R-1412,6554271024,2244637021,67.22,residential,0.06,0.064,0.5444,0.128,0.2946,MODERATE
T+180min,R-1413,6554302593,2897024683,102.16,tertiary,0.032,0.036,0.4589,0.072,0.2268,LOW
T+180min,R-1414,6554384670,245666386,83.86,tertiary,0.034,0.043,0.4156,0.086,0.2178,LOW
T+180min,R-1415,6576335804,622039360,88.93,residential,0.076,0.085,0.5657,0.17,0.3283,MODERATE
T+180min,R-1416,6585962883,13614337242,16.14,residential,0.029,0.029,0.4159,0.058,0.2012,LOW
T+180min,R-1417,6585962883,13614337247,14.99,residential,0.029,0.029,0.4196,0.058,0.2026,LOW
T+180min,R-1418,6585962883,13614337249,27.32,residential,0.03,0.03,0.4173,0.06,0.2029,LOW
T+180min,R-1419,6585998686,13614337247,76.41,residential,0.034,0.04,0.5155,0.08,0.2542,MODERATE
T+180min,R-1420,6590384792,10055232024,28.08,tertiary,0.09,0.096,0.5648,0.192,0.3411,MODERATE
T+180min,R-1421,6590384792,5896564331,9.22,tertiary,0.088,0.092,0.5627,0.184,0.3355,MODERATE
T+180min,R-1422,6598052694,13618374655,16.18,residential,0.054,0.055,0.5104,0.11,0.2702,MODERATE
T+180min,R-1423,6598052694,4342420489,44.3,residential,0.052,0.054,0.4942,0.108,0.2625,MODERATE
T+180min,R-1424,6598052694,7404711477,23.25,residential,0.054,0.056,0.5202,0.112,0.2753,MODERATE
T+180min,R-1425,6926279716,13798210725,26.82,residential,0.089,0.104,0.6573,0.208,0.3877,MODERATE
T+180min,R-1426,6926279716,13798210730,56.49,residential,0.108,0.12,0.7294,0.24,0.4358,MODERATE
T+180min,R-1427,6926279716,13798210738,18.95,residential,0.115,0.121,0.7615,0.242,0.4498,MODERATE
T+180min,R-1428,6926279717,13798210723,56.29,residential,0.061,0.064,0.4846,0.128,0.2706,MODERATE
T+180min,R-1429,6926279717,13798210725,28.31,residential,0.07,0.076,0.5106,0.152,0.2954,MODERATE
T+180min,R-1430,6926279717,13798210735,15.95,residential,0.066,0.068,0.5112,0.136,0.2861,MODERATE
T+180min,R-1431,6926279721,10772904744,52.24,trunk,0.118,0.118,0.7352,0.236,0.4357,MODERATE
T+180min,R-1432,6926279721,13798210738,8.99,residential,0.12,0.121,0.7563,0.242,0.4477,MODERATE
T+180min,R-1433,6926279722,2804481652,104.56,residential,0.058,0.067,0.569,0.134,0.308,MODERATE
T+180min,R-1434,6926279727,6926279727,276.37,residential,0.109,0.113,0.6442,0.226,0.3933,MODERATE
T+180min,R-1435,6926279727,6926279727,276.37,residential,0.109,0.113,0.6442,0.226,0.3933,MODERATE
T+180min,R-1436,6926279727,7104101070,59.41,residential,0.105,0.108,0.6402,0.216,0.3857,MODERATE
T+180min,R-1437,7104101070,13433910625,95.51,trunk,0.08,0.109,0.5361,0.218,0.3452,MODERATE
T+180min,R-1438,7104101070,6926279727,59.41,residential,0.105,0.108,0.6402,0.216,0.3857,MODERATE
T+180min,R-1439,7200666559,2897024597,234.99,tertiary,0.023,0.026,0.4,0.052,0.1912,LOW
T+180min,R-1440,7365813760,13618414606,13.43,residential,0.065,0.066,0.5017,0.132,0.2799,MODERATE
T+180min,R-1441,7365813760,13619237610,16.55,residential,0.068,0.071,0.512,0.142,0.29,MODERATE
T+180min,R-1442,7365813760,7384246086,30.09,residential,0.067,0.07,0.5076,0.14,0.287,MODERATE
T+180min,R-1443,7365871208,13617483789,26.78,tertiary,0.072,0.077,0.5454,0.154,0.3106,MODERATE
T+180min,R-1444,7365871208,13617550915,7.27,tertiary_link,0.063,0.066,0.4872,0.132,0.2741,MODERATE
T+180min,R-1445,7366153523,7372035744,495.95,residential,0.082,0.103,0.6828,0.206,0.3967,MODERATE
T+180min,R-1446,7366246694,13618347449,174.97,residential,0.041,0.055,0.421,0.11,0.2344,LOW
T+180min,R-1447,7366246694,2897024870,26.56,trunk_link,0.051,0.055,0.4663,0.11,0.2525,MODERATE
T+180min,R-1448,7366246698,622042582,13.71,trunk,0.056,0.061,0.4618,0.122,0.2579,MODERATE
T+180min,R-1449,7366246698,6490591813,48.04,trunk,0.053,0.066,0.4134,0.132,0.2446,LOW
T+180min,R-1450,7372035744,13617040678,13.12,tertiary,0.085,0.087,0.5718,0.174,0.3331,MODERATE
T+180min,R-1451,7372035744,245666801,85.2,tertiary,0.095,0.103,0.8049,0.206,0.4456,MODERATE
T+180min,R-1452,7372035744,6428381511,115.39,residential,0.087,0.093,0.6202,0.186,0.3597,MODERATE
T+180min,R-1453,7372035744,7366153523,495.95,residential,0.082,0.103,0.6828,0.206,0.3967,MODERATE
T+180min,R-1454,7384246086,13619515794,5.6,residential,0.07,0.07,0.5417,0.14,0.3007,MODERATE
T+180min,R-1455,7384246086,622039354,11.49,residential,0.072,0.075,0.5216,0.15,0.2986,MODERATE
T+180min,R-1456,7384246086,7365813760,30.09,residential,0.067,0.07,0.5076,0.14,0.287,MODERATE
T+180min,R-1457,7404711408,4342420490,92.78,residential,0.089,0.118,0.666,0.236,0.408,MODERATE
T+180min,R-1458,7404711443,11045926287,269.44,residential,0.043,0.047,0.4601,0.094,0.2404,LOW
T+180min,R-1459,7404711443,245668038,19.69,residential,0.043,0.047,0.4613,0.094,0.2409,LOW
T+180min,R-1460,7404711443,245668141,156.42,residential,0.041,0.047,0.4502,0.094,0.2365,LOW
T+180min,R-1461,7404711447,245668015,9.51,secondary,0.083,0.083,0.6627,0.166,0.3647,MODERATE
T+180min,R-1462,7404711447,245668039,18.91,secondary,0.083,0.083,0.6946,0.166,0.3774,MODERATE
T+180min,R-1463,7404711453,7404711454,16.27,residential,0.045,0.046,0.4363,0.092,0.2297,LOW
T+180min,R-1464,7404711454,7404711453,16.27,residential,0.045,0.046,0.4363,0.092,0.2297,LOW
T+180min,R-1465,7404711454,7404711455,27.01,residential,0.046,0.047,0.4625,0.094,0.2414,LOW
T+180min,R-1466,7404711454,7787253967,7.42,residential,0.041,0.044,0.4252,0.088,0.2229,LOW
T+180min,R-1467,7404711455,1375215119,95.82,tertiary,0.058,0.071,0.5203,0.142,0.2933,MODERATE
T+180min,R-1468,7404711455,6554236425,78.82,tertiary,0.037,0.047,0.4278,0.094,0.2275,LOW
T+180min,R-1469,7404711455,7404711454,27.01,residential,0.046,0.047,0.4625,0.094,0.2414,LOW
T+180min,R-1470,7404711465,6554236425,126.02,residential,0.056,0.077,0.4904,0.154,0.2886,MODERATE
T+180min,R-1471,7404711477,11368130746,113.44,residential,0.055,0.058,0.5661,0.116,0.296,MODERATE
T+180min,R-1472,7404711477,13617327485,52.26,residential,0.055,0.057,0.534,0.114,0.282,MODERATE
T+180min,R-1473,7404711477,6598052694,23.25,residential,0.054,0.056,0.5202,0.112,0.2753,MODERATE
T+180min,R-1474,7404757836,7404757837,53.95,residential,,,,,,UNKNOWN
T+180min,R-1475,7404757837,623895532,82.42,tertiary,,,,,,UNKNOWN
T+180min,R-1476,7404757837,623895533,2.4,tertiary,,,,,,UNKNOWN
T+180min,R-1477,7404757837,7404757836,53.95,residential,,,,,,UNKNOWN
T+180min,R-1478,7749797394,13615156518,144.88,tertiary,0.035,0.039,0.4543,0.078,0.2285,LOW
T+180min,R-1479,7749797394,6554302593,17.4,tertiary,0.037,0.039,0.4984,0.078,0.2462,LOW
T+180min,R-1480,7787253967,7404711454,7.42,residential,0.041,0.044,0.4252,0.088,0.2229,LOW
T+180min,R-1481,8443491310,245666651,77.22,residential,0.076,0.082,0.5504,0.164,0.3186,MODERATE
T+180min,R-1482,8443532426,5896564331,497.89,tertiary,0.079,0.099,0.5868,0.198,0.3535,MODERATE
T+180min,R-1483,8570027362,13617092839,42.87,residential,0.074,0.077,0.5767,0.154,0.3231,MODERATE
T+180min,R-1484,9171835705,13619396529,19.0,residential,,,,,,UNKNOWN
T+180min,R-1485,9171835705,13619396536,17.29,residential,,,,,,UNKNOWN
T+180min,R-1486,9171835705,13619678859,53.15,residential,,,,,,UNKNOWN
T+180min,R-1487,9171835708,13619491182,24.98,residential,,,,,,UNKNOWN
T+180min,R-1488,9171835708,13619491183,84.09,residential,,,,,,UNKNOWN
T+180min,R-1489,9171835708,13619491193,36.45,residential,,,,,,UNKNOWN
T+180min,R-1490,9171835708,13619491193,99.37,residential,,,,,,UNKNOWN
T+180min,R-1491,9198946025,622060792,212.64,residential,0.067,0.096,0.5633,0.192,0.3405,MODERATE
T+180min,R-1492,9445072347,13619243522,55.21,residential,,,,,,UNKNOWN
T+180min,R-1493,9445072347,13619463498,9.05,residential,,,,,,UNKNOWN
T+180min,R-1494,9445072347,245668373,17.59,residential,,,,,,UNKNOWN
T+180min,R-1495,9445072347,6489058155,42.55,residential,,,,,,UNKNOWN
T+180min,R-1496,9469495781,2897024627,388.68,secondary,0.057,0.065,0.581,0.13,0.3104,MODERATE
T+180min,R-1497,9469495781,9469495782,7.89,secondary,0.048,0.049,0.5123,0.098,0.2637,MODERATE
T+180min,R-1498,9469495782,2897024696,8.32,secondary,0.049,0.049,0.514,0.098,0.2644,MODERATE
T+180min,R-1499,9469495782,2897024711,35.43,secondary,0.049,0.049,0.4992,0.098,0.2585,MODERATE
T+180min,R-1500,9469523484,13615172965,5.42,residential,0.089,0.09,0.7875,0.18,0.423,MODERATE
T+180min,R-1501,9469523484,13616325515,32.86,tertiary,0.089,0.09,0.7973,0.18,0.4269,MODERATE
T+180min,R-1502,9684698224,10924156281,68.54,residential,,,,,,UNKNOWN
T+180min,R-1503,9684698224,14130497014,20.89,residential,,,,,,UNKNOWN
T+180min,R-1504,9684698224,14130497022,12.76,residential,,,,,,UNKNOWN
T+180min,R-1505,9684698224,245668449,16.58,residential,,,,,,UNKNOWN
T+180min,R-1506,9691859215,3743617937,32.75,trunk,0.078,0.081,0.6076,0.162,0.3402,MODERATE
T+180min,R-1507,9691859215,5470238123,23.99,trunk_link,0.082,0.083,0.6775,0.166,0.3706,MODERATE
T+180min,R-1508,9771116360,13619368460,35.05,residential,0.065,0.071,0.5491,0.142,0.3048,MODERATE
T+180min,R-1509,9771116360,13619368466,58.73,residential,0.064,0.072,0.5108,0.144,0.2907,MODERATE
T+180min,R-1510,9771116360,2897024660,47.48,residential,0.053,0.059,0.4818,0.118,0.2635,MODERATE
T+180min,R-1511,9914206292,13619604480,28.2,residential,0.08,0.082,0.6042,0.164,0.3401,MODERATE
T+180min,R-1512,9914206292,13622528191,79.32,residential,0.075,0.078,0.5598,0.156,0.3175,MODERATE
T+180min,R-1513,9914206292,4342420517,78.72,residential,0.064,0.078,0.5191,0.156,0.3012,MODERATE
