{
  "type": "FeatureCollection",
  "metadata": {
    "name": "Mumbai Kurla Study Area Road Network",
    "total_segments": 913,
    "total_length_km": 72.65,
    "bbox": [
      72.84986111114458,
      19.06013888888332,
      72.86875000003347,
      19.07819444443888
    ]
  },
  "features": [
    {
      "type": "Feature",
      "properties": {
        "id": "R-0001",
        "osm_id": 22855430,
        "name": "Unnamed Residential Road",
        "highway_type": "residential",
        "lanes": 2,
        "width_m": 7.0,
        "length_m": 38.23,
        "maxspeed_kmh": 30,
        "oneway": false,
        "bridge": false,
        "tunnel": false,
        "midpoint_grid_row": 195,
        "midpoint_grid_col": 119,
        "elevation_m": 10.15,
        "start_node": "RN-0001",
        "end_node": "RN-0002"
      },
      "geometry": {
        "type": "LineString",
        "coordinates": [
          [
            72.860955,
            19.077554
          ],
          [
            72.86116,
            19.077838
          ]
        ]
      }
    },
    {
      "type": "Feature",
      "properties": {
        "id": "R-0002",
        "osm_id": 22855438,
        "name": "Unnamed Residential Road",
        "highway_type": "residential",
        "lanes": 2,
        "width_m": 7.0,
        "length_m": 125.7,
        "maxspeed_kmh": 30,
        "oneway": false,
        "bridge": false,
        "tunnel": false,
        "midpoint_grid_row": 199,
        "midpoint_grid_col": 103,
        "elevation_m": 11.07,
        "start_node": "RN-0003",
        "end_node": "RN-0004"
      },
      "geometry": {
        "type": "LineString",
        "coordinates": [
          [
            72.859318,
            19.077462
          ],
          [
            72.859661,
            19.078545
          ]
        ]
      }
    },
    {
      "type": "Feature",
      "properties": {
        "id": "R-0003",
        "osm_id": 22855468,
        "name": "Old CST Road",
        "highway_type": "residential",
        "lanes": 2,
        "width_m": 7.0,
        "length_m": 376.33,
        "maxspeed_kmh": 30,
        "oneway": false,
        "bridge": false,
        "tunnel": false,
        "midpoint_grid_row": 199,
        "midpoint_grid_col": 142,
        "elevation_m": 5.85,
        "start_node": "RN-0005",
        "end_node": "RN-0006"
      },
      "geometry": {
        "type": "LineString",
        "coordinates": [
          [
            72.862607,
            19.077805
          ],
          [
            72.862681,
            19.077954
          ],
          [
            72.862952,
            19.078332
          ],
          [
            72.863345,
            19.078892
          ],
          [
            72.863396,
            19.078992
          ],
          [
            72.863536,
            19.07995
          ],
          [
            72.863586,
            19.08014
          ],
          [
            72.863769,
            19.080391
          ],
          [
            72.864155,
            19.080751
          ]
        ]
      }
    },
    {
      "type": "Feature",
      "properties": {
        "id": "R-0004",
        "osm_id": 22855477,
        "name": "Sunder Nagar Road Number 2",
        "highway_type": "residential",
        "lanes": 2,
        "width_m": 7.0,
        "length_m": 28.38,
        "maxspeed_kmh": 30,
        "oneway": false,
        "bridge": false,
        "tunnel": false,
        "midpoint_grid_row": 174,
        "midpoint_grid_col": 164,
        "elevation_m": 8.47,
        "start_node": "RN-0007",
        "end_node": "RN-0008"
      },
      "geometry": {
        "type": "LineString",
        "coordinates": [
          [
            72.865709,
            19.075967
          ],
          [
            72.865439,
            19.075964
          ]
        ]
      }
    },
    {
      "type": "Feature",
      "properties": {
        "id": "R-0005",
        "osm_id": 22855477,
        "name": "Sunder Nagar Road Number 2",
        "highway_type": "residential",
        "lanes": 2,
        "width_m": 7.0,
        "length_m": 100.43,
        "maxspeed_kmh": 30,
        "oneway": false,
        "bridge": false,
        "tunnel": false,
        "midpoint_grid_row": 173,
        "midpoint_grid_col": 154,
        "elevation_m": 18.58,
        "start_node": "RN-0008",
        "end_node": "RN-0009"
      },
      "geometry": {
        "type": "LineString",
        "coordinates": [
          [
            72.865439,
            19.075964
          ],
          [
            72.864486,
            19.075896
          ]
        ]
      }
    },
    {
      "type": "Feature",
      "properties": {
        "id": "R-0006",
        "osm_id": 22855477,
        "name": "Sunder Nagar Road Number 2",
        "highway_type": "residential",
        "lanes": 2,
        "width_m": 7.0,
        "length_m": 64.11,
        "maxspeed_kmh": 30,
        "oneway": false,
        "bridge": false,
        "tunnel": false,
        "midpoint_grid_row": 173,
        "midpoint_grid_col": 147,
        "elevation_m": 10.98,
        "start_node": "RN-0009",
        "end_node": "RN-0010"
      },
      "geometry": {
        "type": "LineString",
        "coordinates": [
          [
            72.864486,
            19.075896
          ],
          [
            72.863876,
            19.075886
          ]
        ]
      }
    },
    {
      "type": "Feature",
      "properties": {
        "id": "R-0007",
        "osm_id": 22855477,
        "name": "Sunder Nagar Road Number 2",
        "highway_type": "residential",
        "lanes": 2,
        "width_m": 7.0,
        "length_m": 168.16,
        "maxspeed_kmh": 30,
        "oneway": false,
        "bridge": false,
        "tunnel": false,
        "midpoint_grid_row": 174,
        "midpoint_grid_col": 143,
        "elevation_m": 3.82,
        "start_node": "RN-0010",
        "end_node": "RN-0011"
      },
      "geometry": {
        "type": "LineString",
        "coordinates": [
          [
            72.863876,
            19.075886
          ],
          [
            72.863678,
            19.075883
          ],
          [
            72.863494,
            19.075939
          ],
          [
            72.862821,
            19.076143
          ],
          [
            72.862418,
            19.076426
          ]
        ]
      }
    },
    {
      "type": "Feature",
      "properties": {
        "id": "R-0008",
        "osm_id": 22855477,
        "name": "Sunder Nagar Road Number 2",
        "highway_type": "residential",
        "lanes": 2,
        "width_m": 7.0,
        "length_m": 35.51,
        "maxspeed_kmh": 30,
        "oneway": false,
        "bridge": false,
        "tunnel": false,
        "midpoint_grid_row": 181,
        "midpoint_grid_col": 129,
        "elevation_m": 3.81,
        "start_node": "RN-0011",
        "end_node": "RN-0012"
      },
      "geometry": {
        "type": "LineString",
        "coordinates": [
          [
            72.862418,
            19.076426
          ],
          [
            72.862152,
            19.076623
          ]
        ]
      }
    },
    {
      "type": "Feature",
      "properties": {
        "id": "R-0009",
        "osm_id": 22855477,
        "name": "Sunder Nagar Road Number 2",
        "highway_type": "residential",
        "lanes": 2,
        "width_m": 7.0,
        "length_m": 39.7,
        "maxspeed_kmh": 30,
        "oneway": false,
        "bridge": false,
        "tunnel": false,
        "midpoint_grid_row": 184,
        "midpoint_grid_col": 126,
        "elevation_m": 2.24,
        "start_node": "RN-0012",
        "end_node": "RN-0013"
      },
      "geometry": {
        "type": "LineString",
        "coordinates": [
          [
            72.862152,
            19.076623
          ],
          [
            72.861848,
            19.076835
          ]
        ]
      }
    },
    {
      "type": "Feature",
      "properties": {
        "id": "R-0010",
        "osm_id": 22855477,
        "name": "Sunder Nagar Road Number 2",
        "highway_type": "residential",
        "lanes": 2,
        "width_m": 7.0,
        "length_m": 4.78,
        "maxspeed_kmh": 30,
        "oneway": false,
        "bridge": false,
        "tunnel": false,
        "midpoint_grid_row": 184,
        "midpoint_grid_col": 125,
        "elevation_m": 2.08,
        "start_node": "RN-0013",
        "end_node": "RN-0014"
      },
      "geometry": {
        "type": "LineString",
        "coordinates": [
          [
            72.861848,
            19.076835
          ],
          [
            72.861811,
            19.07686
          ]
        ]
      }
    },
    {
      "type": "Feature",
      "properties": {
        "id": "R-0011",
        "osm_id": 22855488,
        "name": "St Anthony Road",
        "highway_type": "residential",
        "lanes": 2,
        "width_m": 7.0,
        "length_m": 47.5,
        "maxspeed_kmh": 30,
        "oneway": false,
        "bridge": false,
        "tunnel": false,
        "midpoint_grid_row": 195,
        "midpoint_grid_col": 119,
        "elevation_m": 10.15,
        "start_node": "RN-0015",
        "end_node": "RN-0002"
      },
      "geometry": {
        "type": "LineString",
        "coordinates": [
          [
            72.86161,
            19.077798
          ],
          [
            72.86116,
            19.077838
          ]
        ]
      }
    },
    {
      "type": "Feature",
      "properties": {
        "id": "R-0012",
        "osm_id": 22855488,
        "name": "St Anthony Road",
        "highway_type": "residential",
        "lanes": 2,
        "width_m": 7.0,
        "length_m": 19.67,
        "maxspeed_kmh": 30,
        "oneway": false,
        "bridge": false,
        "tunnel": false,
        "midpoint_grid_row": 195,
        "midpoint_grid_col": 117,
        "elevation_m": 8.41,
        "start_node": "RN-0002",
        "end_node": "RN-0016"
      },
      "geometry": {
        "type": "LineString",
        "coordinates": [
          [
            72.86116,
            19.077838
          ],
          [
            72.860992,
            19.077916
          ]
        ]
      }
    },
    {
      "type": "Feature",
      "properties": {
        "id": "R-0013",
        "osm_id": 22855488,
        "name": "St Anthony Road",
        "highway_type": "residential",
        "lanes": 2,
        "width_m": 7.0,
        "length_m": 156.38,
        "maxspeed_kmh": 30,
        "oneway": false,
        "bridge": false,
        "tunnel": false,
        "midpoint_grid_row": 199,
        "midpoint_grid_col": 106,
        "elevation_m": 12.71,
        "start_node": "RN-0016",
        "end_node": "RN-0004"
      },
      "geometry": {
        "type": "LineString",
        "coordinates": [
          [
            72.860992,
            19.077916
          ],
          [
            72.860509,
            19.078143
          ],
          [
            72.860002,
            19.078383
          ],
          [
            72.859661,
            19.078545
          ]
        ]
      }
    },
    {
      "type": "Feature",
      "properties": {
        "id": "R-0014",
        "osm_id": 22855488,
        "name": "St Anthony Road",
        "highway_type": "residential",
        "lanes": 2,
        "width_m": 7.0,
        "length_m": 104.47,
        "maxspeed_kmh": 30,
        "oneway": false,
        "bridge": false,
        "tunnel": false,
        "midpoint_grid_row": 199,
        "midpoint_grid_col": 93,
        "elevation_m": 1.87,
        "start_node": "RN-0004",
        "end_node": "RN-0017"
      },
      "geometry": {
        "type": "LineString",
        "coordinates": [
          [
            72.859661,
            19.078545
          ],
          [
            72.858765,
            19.078952
          ]
        ]
      }
    },
    {
      "type": "Feature",
      "properties": {
        "id": "R-0015",
        "osm_id": 22855488,
        "name": "St Anthony Road",
        "highway_type": "residential",
        "lanes": 2,
        "width_m": 7.0,
        "length_m": 529.17,
        "maxspeed_kmh": 30,
        "oneway": false,
        "bridge": false,
        "tunnel": false,
        "midpoint_grid_row": 199,
        "midpoint_grid_col": 67,
        "elevation_m": 6.0,
        "start_node": "RN-0017",
        "end_node": "RN-0018"
      },
      "geometry": {
        "type": "LineString",
        "coordinates": [
          [
            72.858765,
            19.078952
          ],
          [
            72.857984,
            19.079267
          ],
          [
            72.857851,
            19.079339
          ],
          [
            72.857502,
            19.079534
          ],
          [
            72.857127,
            19.079759
          ],
          [
            72.856958,
            19.079859
          ],
          [
            72.856838,
            19.079955
          ],
          [
            72.856696,
            19.080114
          ],
          [
            72.856618,
            19.080276
          ],
          [
            72.856492,
            19.080651
          ],
          [
            72.856382,
            19.080763
          ],
          [
            72.856312,
            19.080793
          ],
          [
            72.856244,
            19.080823
          ],
          [
            72.856068,
            19.080839
          ],
          [
            72.855827,
            19.080799
          ],
          [
            72.855489,
            19.080796
          ],
          [
            72.855416,
            19.080783
          ],
          [
            72.855331,
            19.080753
          ],
          [
            72.855228,
            19.080686
          ],
          [
            72.855158,
            19.080618
          ],
          [
            72.855065,
            19.080528
          ],
          [
            72.854984,
            19.080418
          ],
          [
            72.854919,
            19.080307
          ],
          [
            72.854843,
            19.080208
          ]
        ]
      }
    },
    {
      "type": "Feature",
      "properties": {
        "id": "R-0016",
        "osm_id": 22855489,
        "name": "Parshiwadi Road",
        "highway_type": "residential",
        "lanes": 2,
        "width_m": 7.0,
        "length_m": 182.29,
        "maxspeed_kmh": 30,
        "oneway": false,
        "bridge": false,
        "tunnel": false,
        "midpoint_grid_row": 172,
        "midpoint_grid_col": 102,
        "elevation_m": 6.22,
        "start_node": "RN-0019",
        "end_node": "RN-0020"
      },
      "geometry": {
        "type": "LineString",
        "coordinates": [
          [
            72.858877,
            19.076157
          ],
          [
            72.858981,
            19.075941
          ],
          [
            72.859139,
            19.07585
          ],
          [
            72.859327,
            19.075789
          ],
          [
            72.859443,
            19.075784
          ],
          [
            72.859598,
            19.075777
          ],
          [
            72.85977,
            19.075804
          ],
          [
            72.859834,
            19.075825
          ],
          [
            72.859976,
            19.075987
          ],
          [
            72.860239,
            19.076035
          ],
          [
            72.860333,
            19.076053
          ]
        ]
      }
    },
    {
      "type": "Feature",
      "properties": {
        "id": "R-0017",
        "osm_id": 22855489,
        "name": "Parshiwadi Road",
        "highway_type": "residential",
        "lanes": 2,
        "width_m": 7.0,
        "length_m": 90.96,
        "maxspeed_kmh": 30,
        "oneway": false,
        "bridge": false,
        "tunnel": false,
        "midpoint_grid_row": 175,
        "midpoint_grid_col": 112,
        "elevation_m": 11.08,
        "start_node": "RN-0020",
        "end_node": "RN-0021"
      },
      "geometry": {
        "type": "LineString",
        "coordinates": [
          [
            72.860333,
            19.076053
          ],
          [
            72.860501,
            19.07603
          ],
          [
            72.860931,
            19.076547
          ]
        ]
      }
    },
    {
      "type": "Feature",
      "properties": {
        "id": "R-0018",
        "osm_id": 22855577,
        "name": "Jawaharlal Nehru Road",
        "highway_type": "secondary",
        "lanes": 2,
        "width_m": 7.0,
        "length_m": 605.13,
        "maxspeed_kmh": 40,
        "oneway": false,
        "bridge": false,
        "tunnel": false,
        "midpoint_grid_row": 199,
        "midpoint_grid_col": 118,
        "elevation_m": 10.58,
        "start_node": "RN-0022",
        "end_node": "RN-0023"
      },
      "geometry": {
        "type": "LineString",
        "coordinates": [
          [
            72.858718,
            19.081909
          ],
          [
            72.858953,
            19.080798
          ],
          [
            72.859031,
            19.080418
          ],
          [
            72.859174,
            19.080084
          ],
          [
            72.859202,
            19.080028
          ],
          [
            72.859402,
            19.079773
          ],
          [
            72.860235,
            19.079077
          ],
          [
            72.860495,
            19.078915
          ],
          [
            72.861069,
            19.078702
          ],
          [
            72.861155,
            19.078628
          ],
          [
            72.861185,
            19.078499
          ],
          [
            72.861198,
            19.078147
          ],
          [
            72.861244,
            19.078015
          ],
          [
            72.861359,
            19.077936
          ],
          [
            72.861504,
            19.077882
          ],
          [
            72.861756,
            19.077856
          ]
        ]
      }
    },
    {
      "type": "Feature",
      "properties": {
        "id": "R-0019",
        "osm_id": 22855647,
        "name": "Avenue 5: Lane 3",
        "highway_type": "tertiary",
        "lanes": 2,
        "width_m": 7.0,
        "length_m": 95.8,
        "maxspeed_kmh": 30,
        "oneway": true,
        "bridge": false,
        "tunnel": false,
        "midpoint_grid_row": 22,
        "midpoint_grid_col": 194,
        "elevation_m": 5.68,
        "start_node": "RN-0024",
        "end_node": "RN-0025"
      },
      "geometry": {
        "type": "LineString",
        "coordinates": [
          [
            72.867965,
            19.062116
          ],
          [
            72.868302,
            19.06214
          ],
          [
            72.868874,
            19.06218
          ]
        ]
      }
    },
    {
      "type": "Feature",
      "properties": {
        "id": "R-0020",
        "osm_id": 22855651,
        "name": "Street 5",
        "highway_type": "tertiary",
        "lanes": 2,
        "width_m": 7.0,
        "length_m": 171.82,
        "maxspeed_kmh": 30,
        "oneway": true,
        "bridge": false,
        "tunnel": false,
        "midpoint_grid_row": 49,
        "midpoint_grid_col": 137,
        "elevation_m": 6.53,
        "start_node": "RN-0026",
        "end_node": "RN-0027"
      },
      "geometry": {
        "type": "LineString",
        "coordinates": [
          [
            72.86226,
            19.065213
          ],
          [
            72.862543,
            19.064982
          ],
          [
            72.862555,
            19.064971
          ],
          [
            72.86292,
            19.064652
          ],
          [
            72.862941,
            19.064633
          ],
          [
            72.863069,
            19.064521
          ],
          [
            72.863448,
            19.064189
          ],
          [
            72.863468,
            19.064172
          ]
        ]
      }
    },
    {
      "type": "Feature",
      "properties": {
        "id": "R-0021",
        "osm_id": 22855651,
        "name": "Street 5",
        "highway_type": "tertiary",
        "lanes": 2,
        "width_m": 7.0,
        "length_m": 219.29,
        "maxspeed_kmh": 30,
        "oneway": true,
        "bridge": false,
        "tunnel": false,
        "midpoint_grid_row": 37,
        "midpoint_grid_col": 150,
        "elevation_m": 7.0,
        "start_node": "RN-0027",
        "end_node": "RN-0028"
      },
      "geometry": {
        "type": "LineString",
        "coordinates": [
          [
            72.863468,
            19.064172
          ],
          [
            72.863539,
            19.064108
          ],
          [
            72.863632,
            19.064024
          ],
          [
            72.864118,
            19.063602
          ],
          [
            72.864186,
            19.063543
          ],
          [
            72.864436,
            19.063323
          ],
          [
            72.864569,
            19.063207
          ],
          [
            72.864917,
            19.062902
          ],
          [
            72.865021,
            19.062867
          ]
        ]
      }
    },
    {
      "type": "Feature",
      "properties": {
        "id": "R-0022",
        "osm_id": 22855651,
        "name": "Street 5",
        "highway_type": "tertiary",
        "lanes": 2,
        "width_m": 7.0,
        "length_m": 11.9,
        "maxspeed_kmh": 30,
        "oneway": true,
        "bridge": false,
        "tunnel": false,
        "midpoint_grid_row": 29,
        "midpoint_grid_col": 160,
        "elevation_m": 9.45,
        "start_node": "RN-0028",
        "end_node": "RN-0029"
      },
      "geometry": {
        "type": "LineString",
        "coordinates": [
          [
            72.865021,
            19.062867
          ],
          [
            72.865129,
            19.062835
          ]
        ]
      }
    },
    {
      "type": "Feature",
      "properties": {
        "id": "R-0023",
        "osm_id": 22855692,
        "name": "Avenue 5: Lane 3",
        "highway_type": "tertiary",
        "lanes": 2,
        "width_m": 7.0,
        "length_m": 91.87,
        "maxspeed_kmh": 30,
        "oneway": true,
        "bridge": false,
        "tunnel": false,
        "midpoint_grid_row": 20,
        "midpoint_grid_col": 190,
        "elevation_m": 7.07,
        "start_node": "RN-0030",
        "end_node": "RN-0031"
      },
      "geometry": {
        "type": "LineString",
        "coordinates": [
          [
            72.868837,
            19.062087
          ],
          [
            72.867964,
            19.062044
          ]
        ]
      }
    },
    {
      "type": "Feature",
      "properties": {
        "id": "R-0024",
        "osm_id": 22855725,
        "name": "Unnamed Unclassified Road",
        "highway_type": "unclassified",
        "lanes": 2,
        "width_m": 7.0,
        "length_m": 12.0,
        "maxspeed_kmh": 30,
        "oneway": true,
        "bridge": false,
        "tunnel": false,
        "midpoint_grid_row": 2,
        "midpoint_grid_col": 181,
        "elevation_m": 9.93,
        "start_node": "RN-0032",
        "end_node": "RN-0033"
      },
      "geometry": {
        "type": "LineString",
        "coordinates": [
          [
            72.866986,
            19.06042
          ],
          [
            72.867086,
            19.060368
          ]
        ]
      }
    },
    {
      "type": "Feature",
      "properties": {
        "id": "R-0025",
        "osm_id": 22855725,
        "name": "Unnamed Unclassified Road",
        "highway_type": "unclassified",
        "lanes": 2,
        "width_m": 7.0,
        "length_m": 121.02,
        "maxspeed_kmh": 30,
        "oneway": true,
        "bridge": false,
        "tunnel": false,
        "midpoint_grid_row": 0,
        "midpoint_grid_col": 190,
        "elevation_m": 9.73,
        "start_node": "RN-0033",
        "end_node": "RN-0034"
      },
      "geometry": {
        "type": "LineString",
        "coordinates": [
          [
            72.867086,
            19.060368
          ],
          [
            72.867876,
            19.059964
          ],
          [
            72.867954,
            19.059926
          ],
          [
            72.868032,
            19.059895
          ],
          [
            72.868101,
            19.059855
          ]
        ]
      }
    },
    {
      "type": "Feature",
      "properties": {
        "id": "R-0026",
        "osm_id": 22855805,
        "name": "Street 7",
        "highway_type": "secondary",
        "lanes": 2,
        "width_m": 7.0,
        "length_m": 18.27,
        "maxspeed_kmh": 40,
        "oneway": true,
        "bridge": false,
        "tunnel": false,
        "midpoint_grid_row": 77,
        "midpoint_grid_col": 163,
        "elevation_m": 11.19,
        "start_node": "RN-0035",
        "end_node": "RN-0036"
      },
      "geometry": {
        "type": "LineString",
        "coordinates": [
          [
            72.865277,
            19.067279
          ],
          [
            72.865398,
            19.067161
          ]
        ]
      }
    },
    {
      "type": "Feature",
      "properties": {
        "id": "R-0027",
        "osm_id": 22855805,
        "name": "Street 7",
        "highway_type": "secondary",
        "lanes": 2,
        "width_m": 7.0,
        "length_m": 47.06,
        "maxspeed_kmh": 40,
        "oneway": true,
        "bridge": false,
        "tunnel": false,
        "midpoint_grid_row": 74,
        "midpoint_grid_col": 167,
        "elevation_m": 9.07,
        "start_node": "RN-0036",
        "end_node": "RN-0037"
      },
      "geometry": {
        "type": "LineString",
        "coordinates": [
          [
            72.865398,
            19.067161
          ],
          [
            72.865718,
            19.066865
          ]
        ]
      }
    },
    {
      "type": "Feature",
      "properties": {
        "id": "R-0028",
        "osm_id": 22855805,
        "name": "Street 7",
        "highway_type": "secondary",
        "lanes": 2,
        "width_m": 7.0,
        "length_m": 76.08,
        "maxspeed_kmh": 40,
        "oneway": true,
        "bridge": false,
        "tunnel": false,
        "midpoint_grid_row": 68,
        "midpoint_grid_col": 172,
        "elevation_m": 7.89,
        "start_node": "RN-0037",
        "end_node": "RN-0038"
      },
      "geometry": {
        "type": "LineString",
        "coordinates": [
          [
            72.865718,
            19.066865
          ],
          [
            72.866236,
            19.066387
          ]
        ]
      }
    },
    {
      "type": "Feature",
      "properties": {
        "id": "R-0029",
        "osm_id": 22855805,
        "name": "Street 7",
        "highway_type": "secondary",
        "lanes": 2,
        "width_m": 7.0,
        "length_m": 35.83,
        "maxspeed_kmh": 40,
        "oneway": true,
        "bridge": false,
        "tunnel": false,
        "midpoint_grid_row": 66,
        "midpoint_grid_col": 174,
        "elevation_m": 7.91,
        "start_node": "RN-0038",
        "end_node": "RN-0039"
      },
      "geometry": {
        "type": "LineString",
        "coordinates": [
          [
            72.866236,
            19.066387
          ],
          [
            72.866428,
            19.06622
          ],
          [
            72.866458,
            19.066194
          ],
          [
            72.866487,
            19.066169
          ]
        ]
      }
    },
    {
      "type": "Feature",
      "properties": {
        "id": "R-0030",
        "osm_id": 22855806,
        "name": "Kanzul Iman Road",
        "highway_type": "tertiary",
        "lanes": 2,
        "width_m": 7.0,
        "length_m": 105.3,
        "maxspeed_kmh": 30,
        "oneway": true,
        "bridge": false,
        "tunnel": false,
        "midpoint_grid_row": 116,
        "midpoint_grid_col": 189,
        "elevation_m": 9.59,
        "start_node": "RN-0040",
        "end_node": "RN-0041"
      },
      "geometry": {
        "type": "LineString",
        "coordinates": [
          [
            72.867493,
            19.070401
          ],
          [
            72.867539,
            19.070478
          ],
          [
            72.867872,
            19.070699
          ],
          [
            72.868282,
            19.070972
          ]
        ]
      }
    },
    {
      "type": "Feature",
      "properties": {
        "id": "R-0031",
        "osm_id": 22855806,
        "name": "Kanzul Iman Road",
        "highway_type": "tertiary",
        "lanes": 2,
        "width_m": 7.0,
        "length_m": 240.73,
        "maxspeed_kmh": 30,
        "oneway": true,
        "bridge": false,
        "tunnel": false,
        "midpoint_grid_row": 129,
        "midpoint_grid_col": 199,
        "elevation_m": 0.65,
        "start_node": "RN-0041",
        "end_node": "RN-0042"
      },
      "geometry": {
        "type": "LineString",
        "coordinates": [
          [
            72.868282,
            19.070972
          ],
          [
            72.868523,
            19.071133
          ],
          [
            72.869009,
            19.071423
          ],
          [
            72.869851,
            19.07189
          ],
          [
            72.870193,
            19.072041
          ],
          [
            72.87026,
            19.072043
          ]
        ]
      }
    },
    {
      "type": "Feature",
      "properties": {
        "id": "R-0032",
        "osm_id": 22855835,
        "name": "Street 7",
        "highway_type": "secondary",
        "lanes": 2,
        "width_m": 7.0,
        "length_m": 35.44,
        "maxspeed_kmh": 40,
        "oneway": true,
        "bridge": false,
        "tunnel": false,
        "midpoint_grid_row": 66,
        "midpoint_grid_col": 174,
        "elevation_m": 7.91,
        "start_node": "RN-0043",
        "end_node": "RN-0044"
      },
      "geometry": {
        "type": "LineString",
        "coordinates": [
          [
            72.866431,
            19.066116
          ],
          [
            72.866402,
            19.066144
          ],
          [
            72.866185,
            19.066334
          ]
        ]
      }
    },
    {
      "type": "Feature",
      "properties": {
        "id": "R-0033",
        "osm_id": 22855835,
        "name": "Street 7",
        "highway_type": "secondary",
        "lanes": 2,
        "width_m": 7.0,
        "length_m": 125.12,
        "maxspeed_kmh": 40,
        "oneway": true,
        "bridge": false,
        "tunnel": false,
        "midpoint_grid_row": 73,
        "midpoint_grid_col": 166,
        "elevation_m": 9.3,
        "start_node": "RN-0044",
        "end_node": "RN-0045"
      },
      "geometry": {
        "type": "LineString",
        "coordinates": [
          [
            72.866185,
            19.066334
          ],
          [
            72.865746,
            19.066739
          ],
          [
            72.865666,
            19.066813
          ],
          [
            72.865397,
            19.067061
          ],
          [
            72.865333,
            19.06712
          ]
        ]
      }
    },
    {
      "type": "Feature",
      "properties": {
        "id": "R-0034",
        "osm_id": 22855835,
        "name": "Street 7",
        "highway_type": "secondary",
        "lanes": 2,
        "width_m": 7.0,
        "length_m": 18.81,
        "maxspeed_kmh": 40,
        "oneway": true,
        "bridge": false,
        "tunnel": false,
        "midpoint_grid_row": 78,
        "midpoint_grid_col": 161,
        "elevation_m": 10.37,
        "start_node": "RN-0045",
        "end_node": "RN-0046"
      },
      "geometry": {
        "type": "LineString",
        "coordinates": [
          [
            72.865333,
            19.06712
          ],
          [
            72.865197,
            19.06723
          ]
        ]
      }
    },
    {
      "type": "Feature",
      "properties": {
        "id": "R-0035",
        "osm_id": 22855869,
        "name": "Unnamed Residential Road",
        "highway_type": "residential",
        "lanes": 2,
        "width_m": 7.0,
        "length_m": 151.0,
        "maxspeed_kmh": 30,
        "oneway": false,
        "bridge": false,
        "tunnel": false,
        "midpoint_grid_row": 138,
        "midpoint_grid_col": 151,
        "elevation_m": 18.6,
        "start_node": "RN-0047",
        "end_node": "RN-0048"
      },
      "geometry": {
        "type": "LineString",
        "coordinates": [
          [
            72.864744,
            19.071848
          ],
          [
            72.864384,
            19.072472
          ],
          [
            72.864206,
            19.072665
          ],
          [
            72.863927,
            19.072954
          ]
        ]
      }
    },
    {
      "type": "Feature",
      "properties": {
        "id": "R-0036",
        "osm_id": 22855869,
        "name": "Unnamed Residential Road",
        "highway_type": "residential",
        "lanes": 2,
        "width_m": 7.0,
        "length_m": 17.93,
        "maxspeed_kmh": 30,
        "oneway": false,
        "bridge": false,
        "tunnel": false,
        "midpoint_grid_row": 142,
        "midpoint_grid_col": 147,
        "elevation_m": 24.98,
        "start_node": "RN-0048",
        "end_node": "RN-0049"
      },
      "geometry": {
        "type": "LineString",
        "coordinates": [
          [
            72.863927,
            19.072954
          ],
          [
            72.863893,
            19.073112
          ]
        ]
      }
    },
    {
      "type": "Feature",
      "properties": {
        "id": "R-0037",
        "osm_id": 22855869,
        "name": "Unnamed Residential Road",
        "highway_type": "residential",
        "lanes": 2,
        "width_m": 7.0,
        "length_m": 5.91,
        "maxspeed_kmh": 30,
        "oneway": false,
        "bridge": false,
        "tunnel": false,
        "midpoint_grid_row": 143,
        "midpoint_grid_col": 147,
        "elevation_m": 24.93,
        "start_node": "RN-0049",
        "end_node": "RN-0050"
      },
      "geometry": {
        "type": "LineString",
        "coordinates": [
          [
            72.863893,
            19.073112
          ],
          [
            72.863891,
            19.073125
          ],
          [
            72.863889,
            19.073165
          ]
        ]
      }
    },
    {
      "type": "Feature",
      "properties": {
        "id": "R-0038",
        "osm_id": 22855869,
        "name": "Unnamed Residential Road",
        "highway_type": "residential",
        "lanes": 2,
        "width_m": 7.0,
        "length_m": 67.31,
        "maxspeed_kmh": 30,
        "oneway": false,
        "bridge": false,
        "tunnel": false,
        "midpoint_grid_row": 150,
        "midpoint_grid_col": 147,
        "elevation_m": 13.24,
        "start_node": "RN-0050",
        "end_node": "RN-0051"
      },
      "geometry": {
        "type": "LineString",
        "coordinates": [
          [
            72.863889,
            19.073165
          ],
          [
            72.863867,
            19.07377
          ]
        ]
      }
    },
    {
      "type": "Feature",
      "properties": {
        "id": "R-0039",
        "osm_id": 22855869,
        "name": "Unnamed Residential Road",
        "highway_type": "residential",
        "lanes": 2,
        "width_m": 7.0,
        "length_m": 21.47,
        "maxspeed_kmh": 30,
        "oneway": false,
        "bridge": false,
        "tunnel": false,
        "midpoint_grid_row": 152,
        "midpoint_grid_col": 147,
        "elevation_m": 8.68,
        "start_node": "RN-0051",
        "end_node": "RN-0052"
      },
      "geometry": {
        "type": "LineString",
        "coordinates": [
          [
            72.863867,
            19.07377
          ],
          [
            72.86386,
            19.073963
          ]
        ]
      }
    },
    {
      "type": "Feature",
      "properties": {
        "id": "R-0040",
        "osm_id": 22855869,
        "name": "Unnamed Residential Road",
        "highway_type": "residential",
        "lanes": 2,
        "width_m": 7.0,
        "length_m": 130.03,
        "maxspeed_kmh": 30,
        "oneway": false,
        "bridge": false,
        "tunnel": false,
        "midpoint_grid_row": 157,
        "midpoint_grid_col": 146,
        "elevation_m": 3.41,
        "start_node": "RN-0052",
        "end_node": "RN-0053"
      },
      "geometry": {
        "type": "LineString",
        "coordinates": [
          [
            72.86386,
            19.073963
          ],
          [
            72.863821,
            19.074347
          ],
          [
            72.863793,
            19.074401
          ],
          [
            72.863737,
            19.074441
          ],
          [
            72.863072,
            19.074633
          ]
        ]
      }
    },
    {
      "type": "Feature",
      "properties": {
        "id": "R-0041",
        "osm_id": 22855869,
        "name": "Unnamed Residential Road",
        "highway_type": "residential",
        "lanes": 2,
        "width_m": 7.0,
        "length_m": 74.13,
        "maxspeed_kmh": 30,
        "oneway": false,
        "bridge": false,
        "tunnel": false,
        "midpoint_grid_row": 161,
        "midpoint_grid_col": 132,
        "elevation_m": 9.08,
        "start_node": "RN-0053",
        "end_node": "RN-0054"
      },
      "geometry": {
        "type": "LineString",
        "coordinates": [
          [
            72.863072,
            19.074633
          ],
          [
            72.862394,
            19.074817
          ]
        ]
      }
    },
    {
      "type": "Feature",
      "properties": {
        "id": "R-0042",
        "osm_id": 22855869,
        "name": "Unnamed Residential Road",
        "highway_type": "residential",
        "lanes": 2,
        "width_m": 7.0,
        "length_m": 33.75,
        "maxspeed_kmh": 30,
        "oneway": false,
        "bridge": false,
        "tunnel": false,
        "midpoint_grid_row": 163,
        "midpoint_grid_col": 132,
        "elevation_m": 7.66,
        "start_node": "RN-0054",
        "end_node": "RN-0055"
      },
      "geometry": {
        "type": "LineString",
        "coordinates": [
          [
            72.862394,
            19.074817
          ],
          [
            72.86243,
            19.074942
          ],
          [
            72.862478,
            19.07511
          ]
        ]
      }
    },
    {
      "type": "Feature",
      "properties": {
        "id": "R-0043",
        "osm_id": 22855869,
        "name": "Unnamed Residential Road",
        "highway_type": "residential",
        "lanes": 2,
        "width_m": 7.0,
        "length_m": 7.36,
        "maxspeed_kmh": 30,
        "oneway": false,
        "bridge": false,
        "tunnel": false,
        "midpoint_grid_row": 165,
        "midpoint_grid_col": 133,
        "elevation_m": 5.96,
        "start_node": "RN-0055",
        "end_node": "RN-0056"
      },
      "geometry": {
        "type": "LineString",
        "coordinates": [
          [
            72.862478,
            19.07511
          ],
          [
            72.862496,
            19.075174
          ]
        ]
      }
    },
    {
      "type": "Feature",
      "properties": {
        "id": "R-0044",
        "osm_id": 22855869,
        "name": "Unnamed Residential Road",
        "highway_type": "residential",
        "lanes": 2,
        "width_m": 7.0,
        "length_m": 24.01,
        "maxspeed_kmh": 30,
        "oneway": false,
        "bridge": false,
        "tunnel": false,
        "midpoint_grid_row": 167,
        "midpoint_grid_col": 133,
        "elevation_m": 5.39,
        "start_node": "RN-0056",
        "end_node": "RN-0057"
      },
      "geometry": {
        "type": "LineString",
        "coordinates": [
          [
            72.862496,
            19.075174
          ],
          [
            72.862561,
            19.075381
          ]
        ]
      }
    },
    {
      "type": "Feature",
      "properties": {
        "id": "R-0045",
        "osm_id": 22855881,
        "name": "Unnamed Unclassified Road",
        "highway_type": "unclassified",
        "lanes": 2,
        "width_m": 7.0,
        "length_m": 11.92,
        "maxspeed_kmh": 30,
        "oneway": true,
        "bridge": false,
        "tunnel": false,
        "midpoint_grid_row": 41,
        "midpoint_grid_col": 189,
        "elevation_m": 8.09,
        "start_node": "RN-0058",
        "end_node": "RN-0059"
      },
      "geometry": {
        "type": "LineString",
        "coordinates": [
          [
            72.8677,
            19.063854
          ],
          [
            72.867813,
            19.063863
          ]
        ]
      }
    },
    {
      "type": "Feature",
      "properties": {
        "id": "R-0046",
        "osm_id": 22855881,
        "name": "Unnamed Unclassified Road",
        "highway_type": "unclassified",
        "lanes": 2,
        "width_m": 7.0,
        "length_m": 202.35,
        "maxspeed_kmh": 30,
        "oneway": true,
        "bridge": false,
        "tunnel": false,
        "midpoint_grid_row": 42,
        "midpoint_grid_col": 199,
        "elevation_m": 7.31,
        "start_node": "RN-0059",
        "end_node": "RN-0060"
      },
      "geometry": {
        "type": "LineString",
        "coordinates": [
          [
            72.867813,
            19.063863
          ],
          [
            72.868305,
            19.063901
          ],
          [
            72.8692,
            19.063974
          ],
          [
            72.869532,
            19.064
          ],
          [
            72.869726,
            19.063953
          ]
        ]
      }
    },
    {
      "type": "Feature",
      "properties": {
        "id": "R-0047",
        "osm_id": 22855895,
        "name": "Bharat Nagar Road",
        "highway_type": "tertiary",
        "lanes": 2,
        "width_m": 7.0,
        "length_m": 26.68,
        "maxspeed_kmh": 30,
        "oneway": true,
        "bridge": false,
        "tunnel": false,
        "midpoint_grid_row": 58,
        "midpoint_grid_col": 126,
        "elevation_m": 11.24,
        "start_node": "RN-0061",
        "end_node": "RN-0062"
      },
      "geometry": {
        "type": "LineString",
        "coordinates": [
          [
            72.86208,
            19.065295
          ],
          [
            72.861888,
            19.065452
          ]
        ]
      }
    },
    {
      "type": "Feature",
      "properties": {
        "id": "R-0048",
        "osm_id": 22855895,
        "name": "Bharat Nagar Road",
        "highway_type": "tertiary",
        "lanes": 2,
        "width_m": 7.0,
        "length_m": 79.65,
        "maxspeed_kmh": 30,
        "oneway": true,
        "bridge": false,
        "tunnel": false,
        "midpoint_grid_row": 61,
        "midpoint_grid_col": 122,
        "elevation_m": 10.0,
        "start_node": "RN-0062",
        "end_node": "RN-0063"
      },
      "geometry": {
        "type": "LineString",
        "coordinates": [
          [
            72.861888,
            19.065452
          ],
          [
            72.861707,
            19.0656
          ],
          [
            72.861675,
            19.065622
          ],
          [
            72.861603,
            19.06567
          ],
          [
            72.861493,
            19.065715
          ],
          [
            72.86145,
            19.065725
          ],
          [
            72.861351,
            19.065747
          ],
          [
            72.861292,
            19.065754
          ],
          [
            72.861263,
            19.065758
          ],
          [
            72.861227,
            19.065762
          ]
        ]
      }
    },
    {
      "type": "Feature",
      "properties": {
        "id": "R-0049",
        "osm_id": 22855895,
        "name": "Bharat Nagar Road",
        "highway_type": "tertiary",
        "lanes": 2,
        "width_m": 7.0,
        "length_m": 8.06,
        "maxspeed_kmh": 30,
        "oneway": true,
        "bridge": false,
        "tunnel": false,
        "midpoint_grid_row": 62,
        "midpoint_grid_col": 118,
        "elevation_m": 12.04,
        "start_node": "RN-0063",
        "end_node": "RN-0064"
      },
      "geometry": {
        "type": "LineString",
        "coordinates": [
          [
            72.861227,
            19.065762
          ],
          [
            72.861151,
            19.065772
          ]
        ]
      }
    },
    {
      "type": "Feature",
      "properties": {
        "id": "R-0050",
        "osm_id": 22855895,
        "name": "Bharat Nagar Road",
        "highway_type": "tertiary",
        "lanes": 2,
        "width_m": 7.0,
        "length_m": 175.12,
        "maxspeed_kmh": 30,
        "oneway": true,
        "bridge": false,
        "tunnel": false,
        "midpoint_grid_row": 63,
        "midpoint_grid_col": 111,
        "elevation_m": 11.86,
        "start_node": "RN-0064",
        "end_node": "RN-0065"
      },
      "geometry": {
        "type": "LineString",
        "coordinates": [
          [
            72.861151,
            19.065772
          ],
          [
            72.860882,
            19.065805
          ],
          [
            72.860534,
            19.065849
          ],
          [
            72.8604,
            19.065866
          ],
          [
            72.860134,
            19.065899
          ],
          [
            72.860044,
            19.06591
          ],
          [
            72.859499,
            19.065978
          ]
        ]
      }
    },
    {
      "type": "Feature",
      "properties": {
        "id": "R-0051",
        "osm_id": 22855895,
        "name": "Bharat Nagar Road",
        "highway_type": "tertiary",
        "lanes": 2,
        "width_m": 7.0,
        "length_m": 247.84,
        "maxspeed_kmh": 30,
        "oneway": true,
        "bridge": false,
        "tunnel": false,
        "midpoint_grid_row": 67,
        "midpoint_grid_col": 81,
        "elevation_m": 6.16,
        "start_node": "RN-0065",
        "end_node": "RN-0066"
      },
      "geometry": {
        "type": "LineString",
        "coordinates": [
          [
            72.859499,
            19.065978
          ],
          [
            72.858027,
            19.066163
          ],
          [
            72.857958,
            19.066171
          ],
          [
            72.857557,
            19.066221
          ],
          [
            72.857528,
            19.066225
          ],
          [
            72.857163,
            19.066282
          ]
        ]
      }
    },
    {
      "type": "Feature",
      "properties": {
        "id": "R-0052",
        "osm_id": 22855897,
        "name": "Unnamed Tertiary Road",
        "highway_type": "tertiary",
        "lanes": 2,
        "width_m": 7.0,
        "length_m": 7.96,
        "maxspeed_kmh": 30,
        "oneway": false,
        "bridge": false,
        "tunnel": false,
        "midpoint_grid_row": 64,
        "midpoint_grid_col": 101,
        "elevation_m": 8.46,
        "start_node": "RN-0067",
        "end_node": "RN-0065"
      },
      "geometry": {
        "type": "LineString",
        "coordinates": [
          [
            72.859509,
            19.066049
          ],
          [
            72.859499,
            19.065978
          ]
        ]
      }
    },
    {
      "type": "Feature",
      "properties": {
        "id": "R-0053",
        "osm_id": 22855897,
        "name": "Unnamed Tertiary Road",
        "highway_type": "tertiary",
        "lanes": 2,
        "width_m": 7.0,
        "length_m": 107.9,
        "maxspeed_kmh": 30,
        "oneway": false,
        "bridge": false,
        "tunnel": false,
        "midpoint_grid_row": 57,
        "midpoint_grid_col": 100,
        "elevation_m": 10.15,
        "start_node": "RN-0065",
        "end_node": "RN-0068"
      },
      "geometry": {
        "type": "LineString",
        "coordinates": [
          [
            72.859499,
            19.065978
          ],
          [
            72.859433,
            19.065471
          ],
          [
            72.859412,
            19.065317
          ],
          [
            72.859373,
            19.065015
          ]
        ]
      }
    },
    {
      "type": "Feature",
      "properties": {
        "id": "R-0054",
        "osm_id": 22855921,
        "name": "Avenue 3",
        "highway_type": "tertiary",
        "lanes": 2,
        "width_m": 7.0,
        "length_m": 537.74,
        "maxspeed_kmh": 30,
        "oneway": true,
        "bridge": false,
        "tunnel": false,
        "midpoint_grid_row": 97,
        "midpoint_grid_col": 199,
        "elevation_m": 4.62,
        "start_node": "RN-0069",
        "end_node": "RN-0070"
      },
      "geometry": {
        "type": "LineString",
        "coordinates": [
          [
            72.8723,
            19.071008
          ],
          [
            72.87243,
            19.07076
          ],
          [
            72.87246,
            19.070687
          ],
          [
            72.872477,
            19.070615
          ],
          [
            72.872476,
            19.070284
          ],
          [
            72.872446,
            19.070166
          ],
          [
            72.872017,
            19.068994
          ],
          [
            72.871928,
            19.068915
          ],
          [
            72.871356,
            19.068565
          ],
          [
            72.871152,
            19.068436
          ],
          [
            72.870167,
            19.067815
          ],
          [
            72.869726,
            19.067538
          ],
          [
            72.869635,
            19.06748
          ]
        ]
      }
    },
    {
      "type": "Feature",
      "properties": {
        "id": "R-0055",
        "osm_id": 22855921,
        "name": "Avenue 3",
        "highway_type": "tertiary",
        "lanes": 2,
        "width_m": 7.0,
        "length_m": 8.28,
        "maxspeed_kmh": 30,
        "oneway": true,
        "bridge": false,
        "tunnel": false,
        "midpoint_grid_row": 80,
        "midpoint_grid_col": 199,
        "elevation_m": 2.0,
        "start_node": "RN-0070",
        "end_node": "RN-0071"
      },
      "geometry": {
        "type": "LineString",
        "coordinates": [
          [
            72.869635,
            19.06748
          ],
          [
            72.869602,
            19.067453
          ],
          [
            72.869574,
            19.067433
          ]
        ]
      }
    },
    {
      "type": "Feature",
      "properties": {
        "id": "R-0056",
        "osm_id": 22855921,
        "name": "Avenue 3",
        "highway_type": "tertiary",
        "lanes": 2,
        "width_m": 7.0,
        "length_m": 96.83,
        "maxspeed_kmh": 30,
        "oneway": true,
        "bridge": false,
        "tunnel": false,
        "midpoint_grid_row": 79,
        "midpoint_grid_col": 199,
        "elevation_m": 2.0,
        "start_node": "RN-0071",
        "end_node": "RN-0072"
      },
      "geometry": {
        "type": "LineString",
        "coordinates": [
          [
            72.869574,
            19.067433
          ],
          [
            72.869417,
            19.067321
          ],
          [
            72.868924,
            19.066819
          ]
        ]
      }
    },
    {
      "type": "Feature",
      "properties": {
        "id": "R-0057",
        "osm_id": 22855921,
        "name": "Avenue 3",
        "highway_type": "tertiary",
        "lanes": 2,
        "width_m": 7.0,
        "length_m": 141.94,
        "maxspeed_kmh": 30,
        "oneway": true,
        "bridge": false,
        "tunnel": false,
        "midpoint_grid_row": 64,
        "midpoint_grid_col": 190,
        "elevation_m": 5.0,
        "start_node": "RN-0072",
        "end_node": "RN-0073"
      },
      "geometry": {
        "type": "LineString",
        "coordinates": [
          [
            72.868924,
            19.066819
          ],
          [
            72.867924,
            19.065961
          ]
        ]
      }
    },
    {
      "type": "Feature",
      "properties": {
        "id": "R-0058",
        "osm_id": 22855921,
        "name": "Avenue 3",
        "highway_type": "tertiary",
        "lanes": 2,
        "width_m": 7.0,
        "length_m": 36.9,
        "maxspeed_kmh": 30,
        "oneway": true,
        "bridge": false,
        "tunnel": false,
        "midpoint_grid_row": 61,
        "midpoint_grid_col": 187,
        "elevation_m": 7.14,
        "start_node": "RN-0073",
        "end_node": "RN-0074"
      },
      "geometry": {
        "type": "LineString",
        "coordinates": [
          [
            72.867924,
            19.065961
          ],
          [
            72.867673,
            19.065729
          ]
        ]
      }
    },
    {
      "type": "Feature",
      "properties": {
        "id": "R-0059",
        "osm_id": 22859037,
        "name": "Ramakrishna Paramahansa Marg",
        "highway_type": "tertiary",
        "lanes": 2,
        "width_m": 7.0,
        "length_m": 46.66,
        "maxspeed_kmh": 30,
        "oneway": true,
        "bridge": false,
        "tunnel": false,
        "midpoint_grid_row": 2,
        "midpoint_grid_col": 49,
        "elevation_m": 10.05,
        "start_node": "RN-0075",
        "end_node": "RN-0076"
      },
      "geometry": {
        "type": "LineString",
        "coordinates": [
          [
            72.854709,
            19.060257
          ],
          [
            72.854587,
            19.060395
          ],
          [
            72.854459,
            19.060602
          ]
        ]
      }
    },
    {
      "type": "Feature",
      "properties": {
        "id": "R-0060",
        "osm_id": 22859037,
        "name": "Ramakrishna Paramahansa Marg",
        "highway_type": "tertiary",
        "lanes": 2,
        "width_m": 7.0,
        "length_m": 86.76,
        "maxspeed_kmh": 30,
        "oneway": true,
        "bridge": false,
        "tunnel": false,
        "midpoint_grid_row": 11,
        "midpoint_grid_col": 45,
        "elevation_m": 6.48,
        "start_node": "RN-0076",
        "end_node": "RN-0077"
      },
      "geometry": {
        "type": "LineString",
        "coordinates": [
          [
            72.854459,
            19.060602
          ],
          [
            72.854185,
            19.061041
          ],
          [
            72.854163,
            19.061096
          ],
          [
            72.854149,
            19.061176
          ],
          [
            72.854124,
            19.061242
          ],
          [
            72.854112,
            19.061263
          ],
          [
            72.854093,
            19.061295
          ]
        ]
      }
    },
    {
      "type": "Feature",
      "properties": {
        "id": "R-0061",
        "osm_id": 22859037,
        "name": "Ramakrishna Paramahansa Marg",
        "highway_type": "tertiary",
        "lanes": 2,
        "width_m": 7.0,
        "length_m": 19.56,
        "maxspeed_kmh": 30,
        "oneway": true,
        "bridge": false,
        "tunnel": false,
        "midpoint_grid_row": 13,
        "midpoint_grid_col": 44,
        "elevation_m": 5.14,
        "start_node": "RN-0077",
        "end_node": "RN-0078"
      },
      "geometry": {
        "type": "LineString",
        "coordinates": [
          [
            72.854093,
            19.061295
          ],
          [
            72.854038,
            19.061388
          ],
          [
            72.853986,
            19.061437
          ]
        ]
      }
    },
    {
      "type": "Feature",
      "properties": {
        "id": "R-0062",
        "osm_id": 22859038,
        "name": "Road No 8",
        "highway_type": "residential",
        "lanes": 2,
        "width_m": 7.0,
        "length_m": 556.97,
        "maxspeed_kmh": 30,
        "oneway": false,
        "bridge": false,
        "tunnel": false,
        "midpoint_grid_row": 0,
        "midpoint_grid_col": 3,
        "elevation_m": 8.38,
        "start_node": "RN-0079",
        "end_node": "RN-0080"
      },
      "geometry": {
        "type": "LineString",
        "coordinates": [
          [
            72.846971,
            19.058752
          ],
          [
            72.847689,
            19.058757
          ],
          [
            72.848511,
            19.058746
          ],
          [
            72.848538,
            19.058746
          ],
          [
            72.848855,
            19.058741
          ],
          [
            72.84933,
            19.058735
          ],
          [
            72.849769,
            19.058845
          ],
          [
            72.850012,
            19.058913
          ],
          [
            72.850185,
            19.058961
          ],
          [
            72.850363,
            19.059057
          ],
          [
            72.850514,
            19.059154
          ],
          [
            72.850628,
            19.059227
          ],
          [
            72.850852,
            19.059497
          ],
          [
            72.8511,
            19.059795
          ],
          [
            72.851226,
            19.060109
          ],
          [
            72.851377,
            19.060467
          ]
        ]
      }
    },
    {
      "type": "Feature",
      "properties": {
        "id": "R-0063",
        "osm_id": 22859128,
        "name": "Unnamed Residential Road",
        "highway_type": "residential",
        "lanes": 2,
        "width_m": 7.0,
        "length_m": 66.54,
        "maxspeed_kmh": 30,
        "oneway": false,
        "bridge": false,
        "tunnel": false,
        "midpoint_grid_row": 18,
        "midpoint_grid_col": 32,
        "elevation_m": 6.97,
        "start_node": "RN-0081",
        "end_node": "RN-0082"
      },
      "geometry": {
        "type": "LineString",
        "coordinates": [
          [
            72.852941,
            19.061796
          ],
          [
            72.852914,
            19.061844
          ],
          [
            72.852641,
            19.062323
          ]
        ]
      }
    },
    {
      "type": "Feature",
      "properties": {
        "id": "R-0064",
        "osm_id": 22859128,
        "name": "Unnamed Residential Road",
        "highway_type": "residential",
        "lanes": 2,
        "width_m": 7.0,
        "length_m": 66.84,
        "maxspeed_kmh": 30,
        "oneway": false,
        "bridge": false,
        "tunnel": false,
        "midpoint_grid_row": 29,
        "midpoint_grid_col": 26,
        "elevation_m": 4.27,
        "start_node": "RN-0082",
        "end_node": "RN-0083"
      },
      "geometry": {
        "type": "LineString",
        "coordinates": [
          [
            72.852641,
            19.062323
          ],
          [
            72.852339,
            19.062852
          ]
        ]
      }
    },
    {
      "type": "Feature",
      "properties": {
        "id": "R-0065",
        "osm_id": 22859128,
        "name": "Unnamed Residential Road",
        "highway_type": "residential",
        "lanes": 2,
        "width_m": 7.0,
        "length_m": 53.47,
        "maxspeed_kmh": 30,
        "oneway": false,
        "bridge": false,
        "tunnel": false,
        "midpoint_grid_row": 34,
        "midpoint_grid_col": 23,
        "elevation_m": 2.45,
        "start_node": "RN-0083",
        "end_node": "RN-0084"
      },
      "geometry": {
        "type": "LineString",
        "coordinates": [
          [
            72.852339,
            19.062852
          ],
          [
            72.852097,
            19.063275
          ]
        ]
      }
    },
    {
      "type": "Feature",
      "properties": {
        "id": "R-0066",
        "osm_id": 22859128,
        "name": "Unnamed Residential Road",
        "highway_type": "residential",
        "lanes": 2,
        "width_m": 7.0,
        "length_m": 11.84,
        "maxspeed_kmh": 30,
        "oneway": false,
        "bridge": false,
        "tunnel": false,
        "midpoint_grid_row": 35,
        "midpoint_grid_col": 22,
        "elevation_m": 2.67,
        "start_node": "RN-0084",
        "end_node": "RN-0085"
      },
      "geometry": {
        "type": "LineString",
        "coordinates": [
          [
            72.852097,
            19.063275
          ],
          [
            72.852044,
            19.063369
          ]
        ]
      }
    },
    {
      "type": "Feature",
      "properties": {
        "id": "R-0067",
        "osm_id": 22859128,
        "name": "Unnamed Residential Road",
        "highway_type": "residential",
        "lanes": 2,
        "width_m": 7.0,
        "length_m": 36.37,
        "maxspeed_kmh": 30,
        "oneway": false,
        "bridge": false,
        "tunnel": false,
        "midpoint_grid_row": 38,
        "midpoint_grid_col": 21,
        "elevation_m": 2.18,
        "start_node": "RN-0085",
        "end_node": "RN-0086"
      },
      "geometry": {
        "type": "LineString",
        "coordinates": [
          [
            72.852044,
            19.063369
          ],
          [
            72.85188,
            19.063657
          ]
        ]
      }
    },
    {
      "type": "Feature",
      "properties": {
        "id": "R-0068",
        "osm_id": 22859128,
        "name": "Unnamed Residential Road",
        "highway_type": "residential",
        "lanes": 2,
        "width_m": 7.0,
        "length_m": 29.05,
        "maxspeed_kmh": 30,
        "oneway": false,
        "bridge": false,
        "tunnel": false,
        "midpoint_grid_row": 41,
        "midpoint_grid_col": 19,
        "elevation_m": 1.88,
        "start_node": "RN-0086",
        "end_node": "RN-0087"
      },
      "geometry": {
        "type": "LineString",
        "coordinates": [
          [
            72.85188,
            19.063657
          ],
          [
            72.851749,
            19.063887
          ]
        ]
      }
    },
    {
      "type": "Feature",
      "properties": {
        "id": "R-0069",
        "osm_id": 22859137,
        "name": "Unnamed Residential Road",
        "highway_type": "residential",
        "lanes": 2,
        "width_m": 7.0,
        "length_m": 70.27,
        "maxspeed_kmh": 30,
        "oneway": false,
        "bridge": false,
        "tunnel": false,
        "midpoint_grid_row": 40,
        "midpoint_grid_col": 8,
        "elevation_m": 3.56,
        "start_node": "RN-0088",
        "end_node": "RN-0089"
      },
      "geometry": {
        "type": "LineString",
        "coordinates": [
          [
            72.850071,
            19.063513
          ],
          [
            72.850653,
            19.063824
          ]
        ]
      }
    },
    {
      "type": "Feature",
      "properties": {
        "id": "R-0070",
        "osm_id": 22859137,
        "name": "Unnamed Residential Road",
        "highway_type": "residential",
        "lanes": 2,
        "width_m": 7.0,
        "length_m": 29.74,
        "maxspeed_kmh": 30,
        "oneway": false,
        "bridge": false,
        "tunnel": false,
        "midpoint_grid_row": 42,
        "midpoint_grid_col": 10,
        "elevation_m": 2.6,
        "start_node": "RN-0089",
        "end_node": "RN-0090"
      },
      "geometry": {
        "type": "LineString",
        "coordinates": [
          [
            72.850653,
            19.063824
          ],
          [
            72.850902,
            19.063951
          ]
        ]
      }
    },
    {
      "type": "Feature",
      "properties": {
        "id": "R-0071",
        "osm_id": 22859138,
        "name": "Unnamed Residential Road",
        "highway_type": "residential",
        "lanes": 2,
        "width_m": 7.0,
        "length_m": 97.03,
        "maxspeed_kmh": 30,
        "oneway": false,
        "bridge": false,
        "tunnel": false,
        "midpoint_grid_row": 58,
        "midpoint_grid_col": 11,
        "elevation_m": 2.82,
        "start_node": "RN-0091",
        "end_node": "RN-0092"
      },
      "geometry": {
        "type": "LineString",
        "coordinates": [
          [
            72.850158,
            19.064991
          ],
          [
            72.850954,
            19.065433
          ]
        ]
      }
    },
    {
      "type": "Feature",
      "properties": {
        "id": "R-0072",
        "osm_id": 22859164,
        "name": "Unnamed Tertiary Road",
        "highway_type": "tertiary",
        "lanes": 2,
        "width_m": 7.0,
        "length_m": 92.95,
        "maxspeed_kmh": 30,
        "oneway": false,
        "bridge": false,
        "tunnel": false,
        "midpoint_grid_row": 59,
        "midpoint_grid_col": 75,
        "elevation_m": 7.53,
        "start_node": "RN-0066",
        "end_node": "RN-0093"
      },
      "geometry": {
        "type": "LineString",
        "coordinates": [
          [
            72.857163,
            19.066282
          ],
          [
            72.85706,
            19.065617
          ],
          [
            72.857057,
            19.065547
          ],
          [
            72.857085,
            19.065457
          ]
        ]
      }
    },
    {
      "type": "Feature",
      "properties": {
        "id": "R-0073",
        "osm_id": 22859164,
        "name": "Unnamed Tertiary Road",
        "highway_type": "tertiary",
        "lanes": 2,
        "width_m": 7.0,
        "length_m": 251.17,
        "maxspeed_kmh": 30,
        "oneway": false,
        "bridge": false,
        "tunnel": false,
        "midpoint_grid_row": 56,
        "midpoint_grid_col": 79,
        "elevation_m": 4.43,
        "start_node": "RN-0093",
        "end_node": "RN-0068"
      },
      "geometry": {
        "type": "LineString",
        "coordinates": [
          [
            72.857085,
            19.065457
          ],
          [
            72.85721,
            19.065321
          ],
          [
            72.857262,
            19.06528
          ],
          [
            72.857311,
            19.065261
          ],
          [
            72.85739,
            19.065246
          ],
          [
            72.857417,
            19.065243
          ],
          [
            72.85856,
            19.065109
          ],
          [
            72.858935,
            19.065065
          ],
          [
            72.859373,
            19.065015
          ]
        ]
      }
    },
    {
      "type": "Feature",
      "properties": {
        "id": "R-0074",
        "osm_id": 22859189,
        "name": "Unnamed Tertiary Road",
        "highway_type": "tertiary",
        "lanes": 2,
        "width_m": 7.0,
        "length_m": 34.93,
        "maxspeed_kmh": 30,
        "oneway": true,
        "bridge": false,
        "tunnel": false,
        "midpoint_grid_row": 60,
        "midpoint_grid_col": 47,
        "elevation_m": -0.84,
        "start_node": "RN-0094",
        "end_node": "RN-0095"
      },
      "geometry": {
        "type": "LineString",
        "coordinates": [
          [
            72.854253,
            19.065705
          ],
          [
            72.854345,
            19.065656
          ],
          [
            72.854507,
            19.065506
          ]
        ]
      }
    },
    {
      "type": "Feature",
      "properties": {
        "id": "R-0075",
        "osm_id": 22859189,
        "name": "Unnamed Tertiary Road",
        "highway_type": "tertiary",
        "lanes": 2,
        "width_m": 7.0,
        "length_m": 16.48,
        "maxspeed_kmh": 30,
        "oneway": true,
        "bridge": false,
        "tunnel": false,
        "midpoint_grid_row": 58,
        "midpoint_grid_col": 49,
        "elevation_m": 0.15,
        "start_node": "RN-0095",
        "end_node": "RN-0096"
      },
      "geometry": {
        "type": "LineString",
        "coordinates": [
          [
            72.854507,
            19.065506
          ],
          [
            72.854576,
            19.065441
          ],
          [
            72.854605,
            19.065392
          ]
        ]
      }
    },
    {
      "type": "Feature",
      "properties": {
        "id": "R-0076",
        "osm_id": 22859189,
        "name": "Unnamed Tertiary Road",
        "highway_type": "tertiary",
        "lanes": 2,
        "width_m": 7.0,
        "length_m": 39.96,
        "maxspeed_kmh": 30,
        "oneway": true,
        "bridge": false,
        "tunnel": false,
        "midpoint_grid_row": 56,
        "midpoint_grid_col": 50,
        "elevation_m": 0.54,
        "start_node": "RN-0096",
        "end_node": "RN-0097"
      },
      "geometry": {
        "type": "LineString",
        "coordinates": [
          [
            72.854605,
            19.065392
          ],
          [
            72.854676,
            19.065272
          ],
          [
            72.854788,
            19.065077
          ]
        ]
      }
    },
    {
      "type": "Feature",
      "properties": {
        "id": "R-0077",
        "osm_id": 22859189,
        "name": "Unnamed Tertiary Road",
        "highway_type": "tertiary",
        "lanes": 2,
        "width_m": 7.0,
        "length_m": 79.88,
        "maxspeed_kmh": 30,
        "oneway": true,
        "bridge": false,
        "tunnel": false,
        "midpoint_grid_row": 49,
        "midpoint_grid_col": 54,
        "elevation_m": 1.53,
        "start_node": "RN-0097",
        "end_node": "RN-0098"
      },
      "geometry": {
        "type": "LineString",
        "coordinates": [
          [
            72.854788,
            19.065077
          ],
          [
            72.854865,
            19.064943
          ],
          [
            72.855043,
            19.064646
          ],
          [
            72.855155,
            19.064448
          ]
        ]
      }
    },
    {
      "type": "Feature",
      "properties": {
        "id": "R-0078",
        "osm_id": 22859189,
        "name": "Unnamed Tertiary Road",
        "highway_type": "tertiary",
        "lanes": 2,
        "width_m": 7.0,
        "length_m": 24.23,
        "maxspeed_kmh": 30,
        "oneway": true,
        "bridge": false,
        "tunnel": false,
        "midpoint_grid_row": 45,
        "midpoint_grid_col": 56,
        "elevation_m": 1.21,
        "start_node": "RN-0098",
        "end_node": "RN-0099"
      },
      "geometry": {
        "type": "LineString",
        "coordinates": [
          [
            72.855155,
            19.064448
          ],
          [
            72.855264,
            19.064256
          ]
        ]
      }
    },
    {
      "type": "Feature",
      "properties": {
        "id": "R-0079",
        "osm_id": 22859189,
        "name": "Unnamed Tertiary Road",
        "highway_type": "tertiary",
        "lanes": 2,
        "width_m": 7.0,
        "length_m": 56.81,
        "maxspeed_kmh": 30,
        "oneway": true,
        "bridge": false,
        "tunnel": false,
        "midpoint_grid_row": 40,
        "midpoint_grid_col": 59,
        "elevation_m": 1.58,
        "start_node": "RN-0099",
        "end_node": "RN-0100"
      },
      "geometry": {
        "type": "LineString",
        "coordinates": [
          [
            72.855264,
            19.064256
          ],
          [
            72.855501,
            19.063836
          ],
          [
            72.855518,
            19.063805
          ]
        ]
      }
    },
    {
      "type": "Feature",
      "properties": {
        "id": "R-0080",
        "osm_id": 22859189,
        "name": "Unnamed Tertiary Road",
        "highway_type": "tertiary",
        "lanes": 2,
        "width_m": 7.0,
        "length_m": 31.4,
        "maxspeed_kmh": 30,
        "oneway": true,
        "bridge": false,
        "tunnel": false,
        "midpoint_grid_row": 37,
        "midpoint_grid_col": 61,
        "elevation_m": 3.47,
        "start_node": "RN-0100",
        "end_node": "RN-0101"
      },
      "geometry": {
        "type": "LineString",
        "coordinates": [
          [
            72.855518,
            19.063805
          ],
          [
            72.855655,
            19.063554
          ]
        ]
      }
    },
    {
      "type": "Feature",
      "properties": {
        "id": "R-0081",
        "osm_id": 22859189,
        "name": "Unnamed Tertiary Road",
        "highway_type": "tertiary",
        "lanes": 2,
        "width_m": 7.0,
        "length_m": 35.58,
        "maxspeed_kmh": 30,
        "oneway": true,
        "bridge": false,
        "tunnel": false,
        "midpoint_grid_row": 34,
        "midpoint_grid_col": 62,
        "elevation_m": 3.39,
        "start_node": "RN-0101",
        "end_node": "RN-0102"
      },
      "geometry": {
        "type": "LineString",
        "coordinates": [
          [
            72.855655,
            19.063554
          ],
          [
            72.855811,
            19.06327
          ]
        ]
      }
    },
    {
      "type": "Feature",
      "properties": {
        "id": "R-0082",
        "osm_id": 22859189,
        "name": "Unnamed Tertiary Road",
        "highway_type": "tertiary",
        "lanes": 2,
        "width_m": 7.0,
        "length_m": 35.94,
        "maxspeed_kmh": 30,
        "oneway": true,
        "bridge": false,
        "tunnel": false,
        "midpoint_grid_row": 31,
        "midpoint_grid_col": 64,
        "elevation_m": 2.98,
        "start_node": "RN-0102",
        "end_node": "RN-0103"
      },
      "geometry": {
        "type": "LineString",
        "coordinates": [
          [
            72.855811,
            19.06327
          ],
          [
            72.855962,
            19.06298
          ]
        ]
      }
    },
    {
      "type": "Feature",
      "properties": {
        "id": "R-0083",
        "osm_id": 22859190,
        "name": "Unnamed Residential Road",
        "highway_type": "residential",
        "lanes": 2,
        "width_m": 7.0,
        "length_m": 8.83,
        "maxspeed_kmh": 30,
        "oneway": false,
        "bridge": false,
        "tunnel": false,
        "midpoint_grid_row": 57,
        "midpoint_grid_col": 49,
        "elevation_m": 0.69,
        "start_node": "RN-0104",
        "end_node": "RN-0096"
      },
      "geometry": {
        "type": "LineString",
        "coordinates": [
          [
            72.854533,
            19.065351
          ],
          [
            72.854605,
            19.065392
          ]
        ]
      }
    },
    {
      "type": "Feature",
      "properties": {
        "id": "R-0084",
        "osm_id": 22859190,
        "name": "Unnamed Residential Road",
        "highway_type": "residential",
        "lanes": 2,
        "width_m": 7.0,
        "length_m": 213.15,
        "maxspeed_kmh": 30,
        "oneway": false,
        "bridge": false,
        "tunnel": false,
        "midpoint_grid_row": 67,
        "midpoint_grid_col": 65,
        "elevation_m": 5.44,
        "start_node": "RN-0096",
        "end_node": "RN-0105"
      },
      "geometry": {
        "type": "LineString",
        "coordinates": [
          [
            72.854605,
            19.065392
          ],
          [
            72.855193,
            19.06572
          ],
          [
            72.855862,
            19.066071
          ],
          [
            72.856105,
            19.066251
          ],
          [
            72.856198,
            19.066369
          ],
          [
            72.856259,
            19.066462
          ]
        ]
      }
    },
    {
      "type": "Feature",
      "properties": {
        "id": "R-0085",
        "osm_id": 22859190,
        "name": "Unnamed Residential Road",
        "highway_type": "residential",
        "lanes": 2,
        "width_m": 7.0,
        "length_m": 8.11,
        "maxspeed_kmh": 30,
        "oneway": false,
        "bridge": false,
        "tunnel": false,
        "midpoint_grid_row": 70,
        "midpoint_grid_col": 67,
        "elevation_m": 6.49,
        "start_node": "RN-0105",
        "end_node": "RN-0106"
      },
      "geometry": {
        "type": "LineString",
        "coordinates": [
          [
            72.856259,
            19.066462
          ],
          [
            72.856284,
            19.066531
          ]
        ]
      }
    },
    {
      "type": "Feature",
      "properties": {
        "id": "R-0086",
        "osm_id": 22859195,
        "name": "Unnamed Residential Road",
        "highway_type": "residential",
        "lanes": 2,
        "width_m": 7.0,
        "length_m": 74.3,
        "maxspeed_kmh": 30,
        "oneway": false,
        "bridge": false,
        "tunnel": false,
        "midpoint_grid_row": 41,
        "midpoint_grid_col": 19,
        "elevation_m": 1.88,
        "start_node": "RN-0107",
        "end_node": "RN-0087"
      },
      "geometry": {
        "type": "LineString",
        "coordinates": [
          [
            72.851129,
            19.063566
          ],
          [
            72.851749,
            19.063887
          ]
        ]
      }
    },
    {
      "type": "Feature",
      "properties": {
        "id": "R-0087",
        "osm_id": 22859198,
        "name": "Sharada Devi Road",
        "highway_type": "tertiary",
        "lanes": 2,
        "width_m": 7.0,
        "length_m": 13.67,
        "maxspeed_kmh": 30,
        "oneway": true,
        "bridge": false,
        "tunnel": false,
        "midpoint_grid_row": 58,
        "midpoint_grid_col": 0,
        "elevation_m": 1.02,
        "start_node": "RN-0108",
        "end_node": "RN-0109"
      },
      "geometry": {
        "type": "LineString",
        "coordinates": [
          [
            72.84983,
            19.065492
          ],
          [
            72.849926,
            19.065409
          ]
        ]
      }
    },
    {
      "type": "Feature",
      "properties": {
        "id": "R-0088",
        "osm_id": 22859198,
        "name": "Sharada Devi Road",
        "highway_type": "tertiary",
        "lanes": 2,
        "width_m": 7.0,
        "length_m": 52.49,
        "maxspeed_kmh": 30,
        "oneway": true,
        "bridge": false,
        "tunnel": false,
        "midpoint_grid_row": 54,
        "midpoint_grid_col": 2,
        "elevation_m": 0.51,
        "start_node": "RN-0109",
        "end_node": "RN-0091"
      },
      "geometry": {
        "type": "LineString",
        "coordinates": [
          [
            72.849926,
            19.065409
          ],
          [
            72.850093,
            19.065108
          ],
          [
            72.850158,
            19.064991
          ]
        ]
      }
    },
    {
      "type": "Feature",
      "properties": {
        "id": "R-0089",
        "osm_id": 22859198,
        "name": "Sharada Devi Road",
        "highway_type": "tertiary",
        "lanes": 2,
        "width_m": 7.0,
        "length_m": 182.67,
        "maxspeed_kmh": 30,
        "oneway": true,
        "bridge": false,
        "tunnel": false,
        "midpoint_grid_row": 46,
        "midpoint_grid_col": 7,
        "elevation_m": 4.64,
        "start_node": "RN-0091",
        "end_node": "RN-0110"
      },
      "geometry": {
        "type": "LineString",
        "coordinates": [
          [
            72.850158,
            19.064991
          ],
          [
            72.850471,
            19.064417
          ],
          [
            72.850532,
            19.064346
          ],
          [
            72.850585,
            19.064318
          ],
          [
            72.8507,
            19.06433
          ],
          [
            72.851361,
            19.064674
          ],
          [
            72.851385,
            19.064686
          ]
        ]
      }
    },
    {
      "type": "Feature",
      "properties": {
        "id": "R-0090",
        "osm_id": 22859198,
        "name": "Sharada Devi Road",
        "highway_type": "tertiary",
        "lanes": 2,
        "width_m": 7.0,
        "length_m": 74.69,
        "maxspeed_kmh": 30,
        "oneway": true,
        "bridge": false,
        "tunnel": false,
        "midpoint_grid_row": 53,
        "midpoint_grid_col": 22,
        "elevation_m": 2.04,
        "start_node": "RN-0110",
        "end_node": "RN-0111"
      },
      "geometry": {
        "type": "LineString",
        "coordinates": [
          [
            72.851385,
            19.064686
          ],
          [
            72.852016,
            19.064995
          ]
        ]
      }
    },
    {
      "type": "Feature",
      "properties": {
        "id": "R-0091",
        "osm_id": 22859200,
        "name": "Unnamed Residential Road",
        "highway_type": "residential",
        "lanes": 2,
        "width_m": 7.0,
        "length_m": 71.55,
        "maxspeed_kmh": 30,
        "oneway": false,
        "bridge": false,
        "tunnel": false,
        "midpoint_grid_row": 34,
        "midpoint_grid_col": 11,
        "elevation_m": 5.65,
        "start_node": "RN-0112",
        "end_node": "RN-0113"
      },
      "geometry": {
        "type": "LineString",
        "coordinates": [
          [
            72.850367,
            19.062979
          ],
          [
            72.850963,
            19.06329
          ]
        ]
      }
    },
    {
      "type": "Feature",
      "properties": {
        "id": "R-0092",
        "osm_id": 22859210,
        "name": "Unnamed Tertiary Road",
        "highway_type": "tertiary",
        "lanes": 2,
        "width_m": 7.0,
        "length_m": 26.25,
        "maxspeed_kmh": 30,
        "oneway": true,
        "bridge": false,
        "tunnel": false,
        "midpoint_grid_row": 28,
        "midpoint_grid_col": 65,
        "elevation_m": 3.11,
        "start_node": "RN-0103",
        "end_node": "RN-0114"
      },
      "geometry": {
        "type": "LineString",
        "coordinates": [
          [
            72.855962,
            19.06298
          ],
          [
            72.856076,
            19.06277
          ]
        ]
      }
    },
    {
      "type": "Feature",
      "properties": {
        "id": "R-0093",
        "osm_id": 22859210,
        "name": "Unnamed Tertiary Road",
        "highway_type": "tertiary",
        "lanes": 2,
        "width_m": 7.0,
        "length_m": 31.16,
        "maxspeed_kmh": 30,
        "oneway": true,
        "bridge": false,
        "tunnel": false,
        "midpoint_grid_row": 26,
        "midpoint_grid_col": 67,
        "elevation_m": 1.66,
        "start_node": "RN-0114",
        "end_node": "RN-0115"
      },
      "geometry": {
        "type": "LineString",
        "coordinates": [
          [
            72.856076,
            19.06277
          ],
          [
            72.856229,
            19.06253
          ]
        ]
      }
    },
    {
      "type": "Feature",
      "properties": {
        "id": "R-0094",
        "osm_id": 22859210,
        "name": "Unnamed Tertiary Road",
        "highway_type": "tertiary",
        "lanes": 2,
        "width_m": 7.0,
        "length_m": 37.36,
        "maxspeed_kmh": 30,
        "oneway": true,
        "bridge": false,
        "tunnel": false,
        "midpoint_grid_row": 23,
        "midpoint_grid_col": 69,
        "elevation_m": 1.15,
        "start_node": "RN-0115",
        "end_node": "RN-0116"
      },
      "geometry": {
        "type": "LineString",
        "coordinates": [
          [
            72.856229,
            19.06253
          ],
          [
            72.856412,
            19.062242
          ]
        ]
      }
    },
    {
      "type": "Feature",
      "properties": {
        "id": "R-0095",
        "osm_id": 22859210,
        "name": "Unnamed Tertiary Road",
        "highway_type": "tertiary",
        "lanes": 2,
        "width_m": 7.0,
        "length_m": 32.93,
        "maxspeed_kmh": 30,
        "oneway": true,
        "bridge": false,
        "tunnel": false,
        "midpoint_grid_row": 20,
        "midpoint_grid_col": 70,
        "elevation_m": 1.91,
        "start_node": "RN-0116",
        "end_node": "RN-0117"
      },
      "geometry": {
        "type": "LineString",
        "coordinates": [
          [
            72.856412,
            19.062242
          ],
          [
            72.85658,
            19.061992
          ]
        ]
      }
    },
    {
      "type": "Feature",
      "properties": {
        "id": "R-0096",
        "osm_id": 22859210,
        "name": "Unnamed Tertiary Road",
        "highway_type": "tertiary",
        "lanes": 2,
        "width_m": 7.0,
        "length_m": 30.96,
        "maxspeed_kmh": 30,
        "oneway": true,
        "bridge": false,
        "tunnel": false,
        "midpoint_grid_row": 17,
        "midpoint_grid_col": 72,
        "elevation_m": 2.99,
        "start_node": "RN-0117",
        "end_node": "RN-0118"
      },
      "geometry": {
        "type": "LineString",
        "coordinates": [
          [
            72.85658,
            19.061992
          ],
          [
            72.856738,
            19.061757
          ]
        ]
      }
    },
    {
      "type": "Feature",
      "properties": {
        "id": "R-0097",
        "osm_id": 22859223,
        "name": "Unnamed Residential Road",
        "highway_type": "residential",
        "lanes": 2,
        "width_m": 7.0,
        "length_m": 71.6,
        "maxspeed_kmh": 30,
        "oneway": false,
        "bridge": false,
        "tunnel": false,
        "midpoint_grid_row": 34,
        "midpoint_grid_col": 1,
        "elevation_m": 5.99,
        "start_node": "RN-0119",
        "end_node": "RN-0120"
      },
      "geometry": {
        "type": "LineString",
        "coordinates": [
          [
            72.849473,
            19.063167
          ],
          [
            72.849678,
            19.063212
          ],
          [
            72.850016,
            19.063285
          ],
          [
            72.850137,
            19.063311
          ]
        ]
      }
    },
    {
      "type": "Feature",
      "properties": {
        "id": "R-0098",
        "osm_id": 22859224,
        "name": "Unnamed Residential Road",
        "highway_type": "residential",
        "lanes": 2,
        "width_m": 7.0,
        "length_m": 3.15,
        "maxspeed_kmh": 30,
        "oneway": false,
        "bridge": false,
        "tunnel": false,
        "midpoint_grid_row": 15,
        "midpoint_grid_col": 13,
        "elevation_m": 5.12,
        "start_node": "RN-0121",
        "end_node": "RN-0122"
      },
      "geometry": {
        "type": "LineString",
        "coordinates": [
          [
            72.851131,
            19.061567
          ],
          [
            72.851137,
            19.06157
          ],
          [
            72.851157,
            19.061581
          ]
        ]
      }
    },
    {
      "type": "Feature",
      "properties": {
        "id": "R-0099",
        "osm_id": 22859224,
        "name": "Unnamed Residential Road",
        "highway_type": "residential",
        "lanes": 2,
        "width_m": 7.0,
        "length_m": 74.14,
        "maxspeed_kmh": 30,
        "oneway": false,
        "bridge": false,
        "tunnel": false,
        "midpoint_grid_row": 19,
        "midpoint_grid_col": 20,
        "elevation_m": 5.45,
        "start_node": "RN-0122",
        "end_node": "RN-0123"
      },
      "geometry": {
        "type": "LineString",
        "coordinates": [
          [
            72.851157,
            19.061581
          ],
          [
            72.851777,
            19.061899
          ]
        ]
      }
    },
    {
      "type": "Feature",
      "properties": {
        "id": "R-0100",
        "osm_id": 22859224,
        "name": "Unnamed Residential Road",
        "highway_type": "residential",
        "lanes": 2,
        "width_m": 7.0,
        "length_m": 28.09,
        "maxspeed_kmh": 30,
        "oneway": false,
        "bridge": false,
        "tunnel": false,
        "midpoint_grid_row": 20,
        "midpoint_grid_col": 22,
        "elevation_m": 5.15,
        "start_node": "RN-0123",
        "end_node": "RN-0124"
      },
      "geometry": {
        "type": "LineString",
        "coordinates": [
          [
            72.851777,
            19.061899
          ],
          [
            72.852015,
            19.062014
          ]
        ]
      }
    },
    {
      "type": "Feature",
      "properties": {
        "id": "R-0101",
        "osm_id": 22859224,
        "name": "Unnamed Residential Road",
        "highway_type": "residential",
        "lanes": 2,
        "width_m": 7.0,
        "length_m": 74.22,
        "maxspeed_kmh": 30,
        "oneway": false,
        "bridge": false,
        "tunnel": false,
        "midpoint_grid_row": 24,
        "midpoint_grid_col": 29,
        "elevation_m": 3.28,
        "start_node": "RN-0124",
        "end_node": "RN-0082"
      },
      "geometry": {
        "type": "LineString",
        "coordinates": [
          [
            72.852015,
            19.062014
          ],
          [
            72.852641,
            19.062323
          ]
        ]
      }
    },
    {
      "type": "Feature",
      "properties": {
        "id": "R-0102",
        "osm_id": 22859226,
        "name": "Unnamed Residential Road",
        "highway_type": "residential",
        "lanes": 2,
        "width_m": 7.0,
        "length_m": 7.42,
        "maxspeed_kmh": 30,
        "oneway": false,
        "bridge": false,
        "tunnel": false,
        "midpoint_grid_row": 21,
        "midpoint_grid_col": 10,
        "elevation_m": 12.23,
        "start_node": "RN-0125",
        "end_node": "RN-0126"
      },
      "geometry": {
        "type": "LineString",
        "coordinates": [
          [
            72.850812,
            19.062065
          ],
          [
            72.850874,
            19.062097
          ]
        ]
      }
    },
    {
      "type": "Feature",
      "properties": {
        "id": "R-0103",
        "osm_id": 22859226,
        "name": "Unnamed Residential Road",
        "highway_type": "residential",
        "lanes": 2,
        "width_m": 7.0,
        "length_m": 71.86,
        "maxspeed_kmh": 30,
        "oneway": false,
        "bridge": false,
        "tunnel": false,
        "midpoint_grid_row": 25,
        "midpoint_grid_col": 16,
        "elevation_m": 8.79,
        "start_node": "RN-0126",
        "end_node": "RN-0127"
      },
      "geometry": {
        "type": "LineString",
        "coordinates": [
          [
            72.850874,
            19.062097
          ],
          [
            72.851471,
            19.062412
          ]
        ]
      }
    },
    {
      "type": "Feature",
      "properties": {
        "id": "R-0104",
        "osm_id": 22859226,
        "name": "Unnamed Residential Road",
        "highway_type": "residential",
        "lanes": 2,
        "width_m": 7.0,
        "length_m": 30.79,
        "maxspeed_kmh": 30,
        "oneway": false,
        "bridge": false,
        "tunnel": false,
        "midpoint_grid_row": 26,
        "midpoint_grid_col": 19,
        "elevation_m": 8.65,
        "start_node": "RN-0127",
        "end_node": "RN-0128"
      },
      "geometry": {
        "type": "LineString",
        "coordinates": [
          [
            72.851471,
            19.062412
          ],
          [
            72.851728,
            19.062545
          ]
        ]
      }
    },
    {
      "type": "Feature",
      "properties": {
        "id": "R-0105",
        "osm_id": 22859226,
        "name": "Unnamed Residential Road",
        "highway_type": "residential",
        "lanes": 2,
        "width_m": 7.0,
        "length_m": 72.72,
        "maxspeed_kmh": 30,
        "oneway": false,
        "bridge": false,
        "tunnel": false,
        "midpoint_grid_row": 29,
        "midpoint_grid_col": 26,
        "elevation_m": 4.27,
        "start_node": "RN-0128",
        "end_node": "RN-0083"
      },
      "geometry": {
        "type": "LineString",
        "coordinates": [
          [
            72.851728,
            19.062545
          ],
          [
            72.852339,
            19.062852
          ]
        ]
      }
    },
    {
      "type": "Feature",
      "properties": {
        "id": "R-0106",
        "osm_id": 22859228,
        "name": "Unnamed Residential Road",
        "highway_type": "residential",
        "lanes": 2,
        "width_m": 7.0,
        "length_m": 69.44,
        "maxspeed_kmh": 30,
        "oneway": false,
        "bridge": false,
        "tunnel": false,
        "midpoint_grid_row": 29,
        "midpoint_grid_col": 14,
        "elevation_m": 8.0,
        "start_node": "RN-0129",
        "end_node": "RN-0130"
      },
      "geometry": {
        "type": "LineString",
        "coordinates": [
          [
            72.85067,
            19.062487
          ],
          [
            72.851254,
            19.062779
          ]
        ]
      }
    },
    {
      "type": "Feature",
      "properties": {
        "id": "R-0107",
        "osm_id": 22859240,
        "name": "Ramakrishna Paramahansa Marg",
        "highway_type": "residential",
        "lanes": 2,
        "width_m": 7.0,
        "length_m": 45.86,
        "maxspeed_kmh": 30,
        "oneway": false,
        "bridge": false,
        "tunnel": false,
        "midpoint_grid_row": 15,
        "midpoint_grid_col": 22,
        "elevation_m": 4.39,
        "start_node": "RN-0131",
        "end_node": "RN-0132"
      },
      "geometry": {
        "type": "LineString",
        "coordinates": [
          [
            72.85218,
            19.061157
          ],
          [
            72.851981,
            19.061524
          ]
        ]
      }
    },
    {
      "type": "Feature",
      "properties": {
        "id": "R-0108",
        "osm_id": 22859240,
        "name": "Ramakrishna Paramahansa Marg",
        "highway_type": "residential",
        "lanes": 2,
        "width_m": 7.0,
        "length_m": 46.89,
        "maxspeed_kmh": 30,
        "oneway": false,
        "bridge": false,
        "tunnel": false,
        "midpoint_grid_row": 19,
        "midpoint_grid_col": 20,
        "elevation_m": 5.45,
        "start_node": "RN-0132",
        "end_node": "RN-0123"
      },
      "geometry": {
        "type": "LineString",
        "coordinates": [
          [
            72.851981,
            19.061524
          ],
          [
            72.851777,
            19.061899
          ]
        ]
      }
    },
    {
      "type": "Feature",
      "properties": {
        "id": "R-0109",
        "osm_id": 22859240,
        "name": "Ramakrishna Paramahansa Marg",
        "highway_type": "residential",
        "lanes": 2,
        "width_m": 7.0,
        "length_m": 65.48,
        "maxspeed_kmh": 30,
        "oneway": false,
        "bridge": false,
        "tunnel": false,
        "midpoint_grid_row": 25,
        "midpoint_grid_col": 16,
        "elevation_m": 8.79,
        "start_node": "RN-0123",
        "end_node": "RN-0127"
      },
      "geometry": {
        "type": "LineString",
        "coordinates": [
          [
            72.851777,
            19.061899
          ],
          [
            72.851471,
            19.062412
          ]
        ]
      }
    },
    {
      "type": "Feature",
      "properties": {
        "id": "R-0110",
        "osm_id": 22859240,
        "name": "Ramakrishna Paramahansa Marg",
        "highway_type": "residential",
        "lanes": 2,
        "width_m": 7.0,
        "length_m": 46.75,
        "maxspeed_kmh": 30,
        "oneway": false,
        "bridge": false,
        "tunnel": false,
        "midpoint_grid_row": 29,
        "midpoint_grid_col": 14,
        "elevation_m": 8.0,
        "start_node": "RN-0127",
        "end_node": "RN-0130"
      },
      "geometry": {
        "type": "LineString",
        "coordinates": [
          [
            72.851471,
            19.062412
          ],
          [
            72.851254,
            19.062779
          ]
        ]
      }
    },
    {
      "type": "Feature",
      "properties": {
        "id": "R-0111",
        "osm_id": 22859240,
        "name": "Ramakrishna Paramahansa Marg",
        "highway_type": "residential",
        "lanes": 2,
        "width_m": 7.0,
        "length_m": 64.53,
        "maxspeed_kmh": 30,
        "oneway": false,
        "bridge": false,
        "tunnel": false,
        "midpoint_grid_row": 34,
        "midpoint_grid_col": 11,
        "elevation_m": 5.65,
        "start_node": "RN-0130",
        "end_node": "RN-0113"
      },
      "geometry": {
        "type": "LineString",
        "coordinates": [
          [
            72.851254,
            19.062779
          ],
          [
            72.850963,
            19.06329
          ]
        ]
      }
    },
    {
      "type": "Feature",
      "properties": {
        "id": "R-0112",
        "osm_id": 22859240,
        "name": "Ramakrishna Paramahansa Marg",
        "highway_type": "residential",
        "lanes": 2,
        "width_m": 7.0,
        "length_m": 67.73,
        "maxspeed_kmh": 30,
        "oneway": false,
        "bridge": false,
        "tunnel": false,
        "midpoint_grid_row": 40,
        "midpoint_grid_col": 8,
        "elevation_m": 3.56,
        "start_node": "RN-0113",
        "end_node": "RN-0089"
      },
      "geometry": {
        "type": "LineString",
        "coordinates": [
          [
            72.850963,
            19.06329
          ],
          [
            72.850653,
            19.063824
          ]
        ]
      }
    },
    {
      "type": "Feature",
      "properties": {
        "id": "R-0113",
        "osm_id": 22859240,
        "name": "Ramakrishna Paramahansa Marg",
        "highway_type": "residential",
        "lanes": 2,
        "width_m": 7.0,
        "length_m": 43.89,
        "maxspeed_kmh": 30,
        "oneway": false,
        "bridge": false,
        "tunnel": false,
        "midpoint_grid_row": 44,
        "midpoint_grid_col": 6,
        "elevation_m": 4.3,
        "start_node": "RN-0089",
        "end_node": "RN-0133"
      },
      "geometry": {
        "type": "LineString",
        "coordinates": [
          [
            72.850653,
            19.063824
          ],
          [
            72.850452,
            19.06417
          ]
        ]
      }
    },
    {
      "type": "Feature",
      "properties": {
        "id": "R-0114",
        "osm_id": 22859270,
        "name": "Sharada Devi Road",
        "highway_type": "residential",
        "lanes": 2,
        "width_m": 7.0,
        "length_m": 101.74,
        "maxspeed_kmh": 30,
        "oneway": false,
        "bridge": false,
        "tunnel": false,
        "midpoint_grid_row": 96,
        "midpoint_grid_col": 2,
        "elevation_m": -0.56,
        "start_node": "RN-0134",
        "end_node": "RN-0135"
      },
      "geometry": {
        "type": "LineString",
        "coordinates": [
          [
            72.849232,
            19.068431
          ],
          [
            72.850086,
            19.068862
          ]
        ]
      }
    },
    {
      "type": "Feature",
      "properties": {
        "id": "R-0115",
        "osm_id": 22859284,
        "name": "Unnamed Residential Road",
        "highway_type": "residential",
        "lanes": 2,
        "width_m": 7.0,
        "length_m": 112.07,
        "maxspeed_kmh": 30,
        "oneway": false,
        "bridge": false,
        "tunnel": false,
        "midpoint_grid_row": 23,
        "midpoint_grid_col": 82,
        "elevation_m": 5.15,
        "start_node": "RN-0118",
        "end_node": "RN-0136"
      },
      "geometry": {
        "type": "LineString",
        "coordinates": [
          [
            72.856738,
            19.061757
          ],
          [
            72.857654,
            19.062273
          ]
        ]
      }
    },
    {
      "type": "Feature",
      "properties": {
        "id": "R-0116",
        "osm_id": 22859290,
        "name": "Unnamed Tertiary Road",
        "highway_type": "tertiary",
        "lanes": 2,
        "width_m": 7.0,
        "length_m": 122.46,
        "maxspeed_kmh": 30,
        "oneway": true,
        "bridge": false,
        "tunnel": false,
        "midpoint_grid_row": 8,
        "midpoint_grid_col": 77,
        "elevation_m": 5.55,
        "start_node": "RN-0118",
        "end_node": "RN-0137"
      },
      "geometry": {
        "type": "LineString",
        "coordinates": [
          [
            72.856738,
            19.061757
          ],
          [
            72.857258,
            19.060954
          ],
          [
            72.857372,
            19.060836
          ]
        ]
      }
    },
    {
      "type": "Feature",
      "properties": {
        "id": "R-0117",
        "osm_id": 22859298,
        "name": "JL Shirshekar Marg",
        "highway_type": "tertiary",
        "lanes": 2,
        "width_m": 7.0,
        "length_m": 129.37,
        "maxspeed_kmh": 30,
        "oneway": false,
        "bridge": false,
        "tunnel": false,
        "midpoint_grid_row": 67,
        "midpoint_grid_col": 0,
        "elevation_m": -0.88,
        "start_node": "RN-0138",
        "end_node": "RN-0139"
      },
      "geometry": {
        "type": "LineString",
        "coordinates": [
          [
            72.849502,
            19.065774
          ],
          [
            72.849604,
            19.066106
          ],
          [
            72.849685,
            19.066212
          ],
          [
            72.849746,
            19.066263
          ],
          [
            72.849841,
            19.066321
          ],
          [
            72.84993,
            19.066363
          ],
          [
            72.850315,
            19.06655
          ]
        ]
      }
    },
    {
      "type": "Feature",
      "properties": {
        "id": "R-0118",
        "osm_id": 22859298,
        "name": "JL Shirshekar Marg",
        "highway_type": "tertiary",
        "lanes": 2,
        "width_m": 7.0,
        "length_m": 44.85,
        "maxspeed_kmh": 30,
        "oneway": false,
        "bridge": false,
        "tunnel": false,
        "midpoint_grid_row": 72,
        "midpoint_grid_col": 8,
        "elevation_m": -0.39,
        "start_node": "RN-0139",
        "end_node": "RN-0140"
      },
      "geometry": {
        "type": "LineString",
        "coordinates": [
          [
            72.850315,
            19.06655
          ],
          [
            72.850692,
            19.066739
          ]
        ]
      }
    },
    {
      "type": "Feature",
      "properties": {
        "id": "R-0119",
        "osm_id": 22859298,
        "name": "JL Shirshekar Marg",
        "highway_type": "tertiary",
        "lanes": 2,
        "width_m": 7.0,
        "length_m": 38.1,
        "maxspeed_kmh": 30,
        "oneway": false,
        "bridge": false,
        "tunnel": false,
        "midpoint_grid_row": 74,
        "midpoint_grid_col": 12,
        "elevation_m": -1.0,
        "start_node": "RN-0140",
        "end_node": "RN-0141"
      },
      "geometry": {
        "type": "LineString",
        "coordinates": [
          [
            72.850692,
            19.066739
          ],
          [
            72.851012,
            19.0669
          ]
        ]
      }
    },
    {
      "type": "Feature",
      "properties": {
        "id": "R-0120",
        "osm_id": 22859298,
        "name": "JL Shirshekar Marg",
        "highway_type": "tertiary",
        "lanes": 2,
        "width_m": 7.0,
        "length_m": 20.69,
        "maxspeed_kmh": 30,
        "oneway": false,
        "bridge": false,
        "tunnel": false,
        "midpoint_grid_row": 75,
        "midpoint_grid_col": 13,
        "elevation_m": -1.04,
        "start_node": "RN-0141",
        "end_node": "RN-0142"
      },
      "geometry": {
        "type": "LineString",
        "coordinates": [
          [
            72.851012,
            19.0669
          ],
          [
            72.851186,
            19.066987
          ]
        ]
      }
    },
    {
      "type": "Feature",
      "properties": {
        "id": "R-0121",
        "osm_id": 22859299,
        "name": "Unnamed Tertiary Road",
        "highway_type": "tertiary",
        "lanes": 2,
        "width_m": 7.0,
        "length_m": 30.08,
        "maxspeed_kmh": 30,
        "oneway": true,
        "bridge": false,
        "tunnel": false,
        "midpoint_grid_row": 4,
        "midpoint_grid_col": 0,
        "elevation_m": 7.96,
        "start_node": "RN-0143",
        "end_node": "RN-0144"
      },
      "geometry": {
        "type": "LineString",
        "coordinates": [
          [
            72.849744,
            19.060627
          ],
          [
            72.849901,
            19.060569
          ],
          [
            72.849938,
            19.060563
          ],
          [
            72.849975,
            19.060561
          ],
          [
            72.850018,
            19.060562
          ]
        ]
      }
    },
    {
      "type": "Feature",
      "properties": {
        "id": "R-0122",
        "osm_id": 22859299,
        "name": "Unnamed Tertiary Road",
        "highway_type": "tertiary",
        "lanes": 2,
        "width_m": 7.0,
        "length_m": 51.3,
        "maxspeed_kmh": 30,
        "oneway": true,
        "bridge": false,
        "tunnel": false,
        "midpoint_grid_row": 4,
        "midpoint_grid_col": 6,
        "elevation_m": 5.96,
        "start_node": "RN-0144",
        "end_node": "RN-0145"
      },
      "geometry": {
        "type": "LineString",
        "coordinates": [
          [
            72.850018,
            19.060562
          ],
          [
            72.850506,
            19.06057
          ]
        ]
      }
    },
    {
      "type": "Feature",
      "properties": {
        "id": "R-0123",
        "osm_id": 22859299,
        "name": "Unnamed Tertiary Road",
        "highway_type": "tertiary",
        "lanes": 2,
        "width_m": 7.0,
        "length_m": 54.24,
        "maxspeed_kmh": 30,
        "oneway": true,
        "bridge": false,
        "tunnel": false,
        "midpoint_grid_row": 4,
        "midpoint_grid_col": 9,
        "elevation_m": 4.36,
        "start_node": "RN-0145",
        "end_node": "RN-0146"
      },
      "geometry": {
        "type": "LineString",
        "coordinates": [
          [
            72.850506,
            19.06057
          ],
          [
            72.850741,
            19.060574
          ],
          [
            72.851022,
            19.060578
          ]
        ]
      }
    },
    {
      "type": "Feature",
      "properties": {
        "id": "R-0124",
        "osm_id": 22859299,
        "name": "Unnamed Tertiary Road",
        "highway_type": "tertiary",
        "lanes": 2,
        "width_m": 7.0,
        "length_m": 34.77,
        "maxspeed_kmh": 30,
        "oneway": true,
        "bridge": false,
        "tunnel": false,
        "midpoint_grid_row": 4,
        "midpoint_grid_col": 14,
        "elevation_m": 3.02,
        "start_node": "RN-0146",
        "end_node": "RN-0147"
      },
      "geometry": {
        "type": "LineString",
        "coordinates": [
          [
            72.851022,
            19.060578
          ],
          [
            72.851218,
            19.060582
          ],
          [
            72.851349,
            19.060552
          ]
        ]
      }
    },
    {
      "type": "Feature",
      "properties": {
        "id": "R-0125",
        "osm_id": 22859303,
        "name": "Unnamed Residential Road",
        "highway_type": "residential",
        "lanes": 2,
        "width_m": 7.0,
        "length_m": 102.63,
        "maxspeed_kmh": 30,
        "oneway": false,
        "bridge": false,
        "tunnel": false,
        "midpoint_grid_row": 30,
        "midpoint_grid_col": 37,
        "elevation_m": 0.52,
        "start_node": "RN-0148",
        "end_node": "RN-0149"
      },
      "geometry": {
        "type": "LineString",
        "coordinates": [
          [
            72.853769,
            19.062144
          ],
          [
            72.853408,
            19.062752
          ],
          [
            72.853394,
            19.062802
          ],
          [
            72.853404,
            19.062887
          ],
          [
            72.853394,
            19.062929
          ],
          [
            72.853371,
            19.062969
          ]
        ]
      }
    },
    {
      "type": "Feature",
      "properties": {
        "id": "R-0126",
        "osm_id": 22859303,
        "name": "Unnamed Residential Road",
        "highway_type": "residential",
        "lanes": 2,
        "width_m": 7.0,
        "length_m": 59.91,
        "maxspeed_kmh": 30,
        "oneway": false,
        "bridge": false,
        "tunnel": false,
        "midpoint_grid_row": 36,
        "midpoint_grid_col": 34,
        "elevation_m": 3.49,
        "start_node": "RN-0149",
        "end_node": "RN-0150"
      },
      "geometry": {
        "type": "LineString",
        "coordinates": [
          [
            72.853371,
            19.062969
          ],
          [
            72.853102,
            19.063444
          ]
        ]
      }
    },
    {
      "type": "Feature",
      "properties": {
        "id": "R-0127",
        "osm_id": 22859303,
        "name": "Unnamed Residential Road",
        "highway_type": "residential",
        "lanes": 2,
        "width_m": 7.0,
        "length_m": 176.34,
        "maxspeed_kmh": 30,
        "oneway": false,
        "bridge": false,
        "tunnel": false,
        "midpoint_grid_row": 42,
        "midpoint_grid_col": 30,
        "elevation_m": 3.18,
        "start_node": "RN-0150",
        "end_node": "RN-0151"
      },
      "geometry": {
        "type": "LineString",
        "coordinates": [
          [
            72.853102,
            19.063444
          ],
          [
            72.852781,
            19.064011
          ],
          [
            72.852324,
            19.064849
          ]
        ]
      }
    },
    {
      "type": "Feature",
      "properties": {
        "id": "R-0128",
        "osm_id": 22859303,
        "name": "Unnamed Residential Road",
        "highway_type": "residential",
        "lanes": 2,
        "width_m": 7.0,
        "length_m": 22.95,
        "maxspeed_kmh": 30,
        "oneway": false,
        "bridge": false,
        "tunnel": false,
        "midpoint_grid_row": 53,
        "midpoint_grid_col": 24,
        "elevation_m": 2.72,
        "start_node": "RN-0151",
        "end_node": "RN-0152"
      },
      "geometry": {
        "type": "LineString",
        "coordinates": [
          [
            72.852324,
            19.064849
          ],
          [
            72.852225,
            19.065033
          ]
        ]
      }
    },
    {
      "type": "Feature",
      "properties": {
        "id": "R-0129",
        "osm_id": 22859303,
        "name": "Unnamed Residential Road",
        "highway_type": "residential",
        "lanes": 2,
        "width_m": 7.0,
        "length_m": 6.5,
        "maxspeed_kmh": 30,
        "oneway": false,
        "bridge": false,
        "tunnel": false,
        "midpoint_grid_row": 54,
        "midpoint_grid_col": 24,
        "elevation_m": 2.65,
        "start_node": "RN-0152",
        "end_node": "RN-0153"
      },
      "geometry": {
        "type": "LineString",
        "coordinates": [
          [
            72.852225,
            19.065033
          ],
          [
            72.852193,
            19.065083
          ]
        ]
      }
    },
    {
      "type": "Feature",
      "properties": {
        "id": "R-0130",
        "osm_id": 22859882,
        "name": "Unnamed Residential Road",
        "highway_type": "residential",
        "lanes": 2,
        "width_m": 7.0,
        "length_m": 78.68,
        "maxspeed_kmh": 30,
        "oneway": false,
        "bridge": false,
        "tunnel": false,
        "midpoint_grid_row": 197,
        "midpoint_grid_col": 66,
        "elevation_m": 5.13,
        "start_node": "RN-0154",
        "end_node": "RN-0155"
      },
      "geometry": {
        "type": "LineString",
        "coordinates": [
          [
            72.85654,
            19.077962
          ],
          [
            72.856308,
            19.078032
          ],
          [
            72.856181,
            19.078071
          ],
          [
            72.855966,
            19.078114
          ],
          [
            72.855824,
            19.078165
          ]
        ]
      }
    },
    {
      "type": "Feature",
      "properties": {
        "id": "R-0131",
        "osm_id": 22859882,
        "name": "Unnamed Residential Road",
        "highway_type": "residential",
        "lanes": 2,
        "width_m": 7.0,
        "length_m": 28.24,
        "maxspeed_kmh": 30,
        "oneway": false,
        "bridge": false,
        "tunnel": false,
        "midpoint_grid_row": 199,
        "midpoint_grid_col": 60,
        "elevation_m": 2.14,
        "start_node": "RN-0155",
        "end_node": "RN-0156"
      },
      "geometry": {
        "type": "LineString",
        "coordinates": [
          [
            72.855824,
            19.078165
          ],
          [
            72.855561,
            19.078217
          ]
        ]
      }
    },
    {
      "type": "Feature",
      "properties": {
        "id": "R-0132",
        "osm_id": 22859882,
        "name": "Unnamed Residential Road",
        "highway_type": "residential",
        "lanes": 2,
        "width_m": 7.0,
        "length_m": 1.51,
        "maxspeed_kmh": 30,
        "oneway": false,
        "bridge": false,
        "tunnel": false,
        "midpoint_grid_row": 199,
        "midpoint_grid_col": 59,
        "elevation_m": 2.27,
        "start_node": "RN-0156",
        "end_node": "RN-0157"
      },
      "geometry": {
        "type": "LineString",
        "coordinates": [
          [
            72.855561,
            19.078217
          ],
          [
            72.855547,
            19.07822
          ]
        ]
      }
    },
    {
      "type": "Feature",
      "properties": {
        "id": "R-0133",
        "osm_id": 22859882,
        "name": "Unnamed Residential Road",
        "highway_type": "residential",
        "lanes": 2,
        "width_m": 7.0,
        "length_m": 15.47,
        "maxspeed_kmh": 30,
        "oneway": false,
        "bridge": false,
        "tunnel": false,
        "midpoint_grid_row": 199,
        "midpoint_grid_col": 58,
        "elevation_m": 2.61,
        "start_node": "RN-0157",
        "end_node": "RN-0158"
      },
      "geometry": {
        "type": "LineString",
        "coordinates": [
          [
            72.855547,
            19.07822
          ],
          [
            72.855452,
            19.078254
          ],
          [
            72.855411,
            19.078273
          ]
        ]
      }
    },
    {
      "type": "Feature",
      "properties": {
        "id": "R-0134",
        "osm_id": 22859882,
        "name": "Unnamed Residential Road",
        "highway_type": "residential",
        "lanes": 2,
        "width_m": 7.0,
        "length_m": 145.33,
        "maxspeed_kmh": 30,
        "oneway": false,
        "bridge": false,
        "tunnel": false,
        "midpoint_grid_row": 199,
        "midpoint_grid_col": 56,
        "elevation_m": 3.29,
        "start_node": "RN-0158",
        "end_node": "RN-0159"
      },
      "geometry": {
        "type": "LineString",
        "coordinates": [
          [
            72.855411,
            19.078273
          ],
          [
            72.855344,
            19.078336
          ],
          [
            72.855304,
            19.078405
          ],
          [
            72.855242,
            19.078517
          ],
          [
            72.855194,
            19.07864
          ],
          [
            72.855105,
            19.078867
          ],
          [
            72.854995,
            19.079146
          ],
          [
            72.854958,
            19.079389
          ],
          [
            72.854952,
            19.079485
          ]
        ]
      }
    },
    {
      "type": "Feature",
      "properties": {
        "id": "R-0135",
        "osm_id": 22859916,
        "name": "Unnamed Residential Road",
        "highway_type": "residential",
        "lanes": 2,
        "width_m": 7.0,
        "length_m": 25.73,
        "maxspeed_kmh": 30,
        "oneway": false,
        "bridge": false,
        "tunnel": false,
        "midpoint_grid_row": 198,
        "midpoint_grid_col": 9,
        "elevation_m": 6.27,
        "start_node": "RN-0160",
        "end_node": "RN-0161"
      },
      "geometry": {
        "type": "LineString",
        "coordinates": [
          [
            72.850968,
            19.078086
          ],
          [
            72.850728,
            19.078132
          ]
        ]
      }
    },
    {
      "type": "Feature",
      "properties": {
        "id": "R-0136",
        "osm_id": 22859916,
        "name": "Unnamed Residential Road",
        "highway_type": "residential",
        "lanes": 2,
        "width_m": 7.0,
        "length_m": 2.66,
        "maxspeed_kmh": 30,
        "oneway": false,
        "bridge": false,
        "tunnel": false,
        "midpoint_grid_row": 198,
        "midpoint_grid_col": 8,
        "elevation_m": 6.61,
        "start_node": "RN-0161",
        "end_node": "RN-0162"
      },
      "geometry": {
        "type": "LineString",
        "coordinates": [
          [
            72.850728,
            19.078132
          ],
          [
            72.850703,
            19.078136
          ]
        ]
      }
    },
    {
      "type": "Feature",
      "properties": {
        "id": "R-0137",
        "osm_id": 22859916,
        "name": "Unnamed Residential Road",
        "highway_type": "residential",
        "lanes": 2,
        "width_m": 7.0,
        "length_m": 3.02,
        "maxspeed_kmh": 30,
        "oneway": false,
        "bridge": false,
        "tunnel": false,
        "midpoint_grid_row": 198,
        "midpoint_grid_col": 8,
        "elevation_m": 6.61,
        "start_node": "RN-0162",
        "end_node": "RN-0163"
      },
      "geometry": {
        "type": "LineString",
        "coordinates": [
          [
            72.850703,
            19.078136
          ],
          [
            72.850675,
            19.078142
          ]
        ]
      }
    },
    {
      "type": "Feature",
      "properties": {
        "id": "R-0138",
        "osm_id": 22859916,
        "name": "Unnamed Residential Road",
        "highway_type": "residential",
        "lanes": 2,
        "width_m": 7.0,
        "length_m": 33.54,
        "maxspeed_kmh": 30,
        "oneway": false,
        "bridge": false,
        "tunnel": false,
        "midpoint_grid_row": 199,
        "midpoint_grid_col": 5,
        "elevation_m": 7.0,
        "start_node": "RN-0163",
        "end_node": "RN-0164"
      },
      "geometry": {
        "type": "LineString",
        "coordinates": [
          [
            72.850675,
            19.078142
          ],
          [
            72.850362,
            19.078201
          ]
        ]
      }
    },
    {
      "type": "Feature",
      "properties": {
        "id": "R-0139",
        "osm_id": 22859916,
        "name": "Unnamed Residential Road",
        "highway_type": "residential",
        "lanes": 2,
        "width_m": 7.0,
        "length_m": 12.23,
        "maxspeed_kmh": 30,
        "oneway": false,
        "bridge": false,
        "tunnel": false,
        "midpoint_grid_row": 199,
        "midpoint_grid_col": 4,
        "elevation_m": 7.0,
        "start_node": "RN-0164",
        "end_node": "RN-0165"
      },
      "geometry": {
        "type": "LineString",
        "coordinates": [
          [
            72.850362,
            19.078201
          ],
          [
            72.850248,
            19.078223
          ]
        ]
      }
    },
    {
      "type": "Feature",
      "properties": {
        "id": "R-0140",
        "osm_id": 22859916,
        "name": "Unnamed Residential Road",
        "highway_type": "residential",
        "lanes": 2,
        "width_m": 7.0,
        "length_m": 40.42,
        "maxspeed_kmh": 30,
        "oneway": false,
        "bridge": false,
        "tunnel": false,
        "midpoint_grid_row": 199,
        "midpoint_grid_col": 0,
        "elevation_m": 5.0,
        "start_node": "RN-0165",
        "end_node": "RN-0166"
      },
      "geometry": {
        "type": "LineString",
        "coordinates": [
          [
            72.850248,
            19.078223
          ],
          [
            72.849871,
            19.078295
          ]
        ]
      }
    },
    {
      "type": "Feature",
      "properties": {
        "id": "R-0141",
        "osm_id": 27055934,
        "name": "Bandra Kurla Complex Road",
        "highway_type": "primary",
        "lanes": 3,
        "width_m": 10.5,
        "length_m": 99.19,
        "maxspeed_kmh": 50,
        "oneway": true,
        "bridge": true,
        "tunnel": false,
        "midpoint_grid_row": 3,
        "midpoint_grid_col": 81,
        "elevation_m": 8.36,
        "start_node": "RN-0167",
        "end_node": "RN-0168"
      },
      "geometry": {
        "type": "LineString",
        "coordinates": [
          [
            72.856791,
            19.059986
          ],
          [
            72.857619,
            19.060414
          ]
        ]
      }
    },
    {
      "type": "Feature",
      "properties": {
        "id": "R-0142",
        "osm_id": 27055936,
        "name": "Bandra Kurla Complex Road",
        "highway_type": "primary",
        "lanes": 3,
        "width_m": 10.5,
        "length_m": 383.62,
        "maxspeed_kmh": 50,
        "oneway": true,
        "bridge": false,
        "tunnel": false,
        "midpoint_grid_row": 78,
        "midpoint_grid_col": 161,
        "elevation_m": 10.37,
        "start_node": "RN-0169",
        "end_node": "RN-0046"
      },
      "geometry": {
        "type": "LineString",
        "coordinates": [
          [
            72.862146,
            19.065336
          ],
          [
            72.865197,
            19.06723
          ]
        ]
      }
    },
    {
      "type": "Feature",
      "properties": {
        "id": "R-0143",
        "osm_id": 27055936,
        "name": "Bandra Kurla Complex Road",
        "highway_type": "primary",
        "lanes": 3,
        "width_m": 10.5,
        "length_m": 10.02,
        "maxspeed_kmh": 50,
        "oneway": true,
        "bridge": false,
        "tunnel": false,
        "midpoint_grid_row": 78,
        "midpoint_grid_col": 162,
        "elevation_m": 10.7,
        "start_node": "RN-0046",
        "end_node": "RN-0035"
      },
      "geometry": {
        "type": "LineString",
        "coordinates": [
          [
            72.865197,
            19.06723
          ],
          [
            72.865277,
            19.067279
          ]
        ]
      }
    },
    {
      "type": "Feature",
      "properties": {
        "id": "R-0144",
        "osm_id": 27055936,
        "name": "Bandra Kurla Complex Road",
        "highway_type": "primary",
        "lanes": 3,
        "width_m": 10.5,
        "length_m": 385.31,
        "maxspeed_kmh": 50,
        "oneway": true,
        "bridge": false,
        "tunnel": false,
        "midpoint_grid_row": 99,
        "midpoint_grid_col": 194,
        "elevation_m": 4.41,
        "start_node": "RN-0035",
        "end_node": "RN-0170"
      },
      "geometry": {
        "type": "LineString",
        "coordinates": [
          [
            72.865277,
            19.067279
          ],
          [
            72.868341,
            19.069182
          ]
        ]
      }
    },
    {
      "type": "Feature",
      "properties": {
        "id": "R-0145",
        "osm_id": 27055936,
        "name": "Bandra Kurla Complex Road",
        "highway_type": "primary",
        "lanes": 3,
        "width_m": 10.5,
        "length_m": 8.0,
        "maxspeed_kmh": 50,
        "oneway": true,
        "bridge": false,
        "tunnel": false,
        "midpoint_grid_row": 100,
        "midpoint_grid_col": 195,
        "elevation_m": 3.71,
        "start_node": "RN-0170",
        "end_node": "RN-0171"
      },
      "geometry": {
        "type": "LineString",
        "coordinates": [
          [
            72.868341,
            19.069182
          ],
          [
            72.868405,
            19.069221
          ]
        ]
      }
    },
    {
      "type": "Feature",
      "properties": {
        "id": "R-0146",
        "osm_id": 27055936,
        "name": "Bandra Kurla Complex Road",
        "highway_type": "primary",
        "lanes": 3,
        "width_m": 10.5,
        "length_m": 413.9,
        "maxspeed_kmh": 50,
        "oneway": true,
        "bridge": false,
        "tunnel": false,
        "midpoint_grid_row": 118,
        "midpoint_grid_col": 199,
        "elevation_m": 7.97,
        "start_node": "RN-0171",
        "end_node": "RN-0172"
      },
      "geometry": {
        "type": "LineString",
        "coordinates": [
          [
            72.868405,
            19.069221
          ],
          [
            72.869512,
            19.069909
          ],
          [
            72.870569,
            19.070565
          ],
          [
            72.870847,
            19.070726
          ],
          [
            72.871127,
            19.070861
          ],
          [
            72.871418,
            19.070974
          ],
          [
            72.871683,
            19.071041
          ],
          [
            72.871799,
            19.071069
          ]
        ]
      }
    },
    {
      "type": "Feature",
      "properties": {
        "id": "R-0147",
        "osm_id": 39537374,
        "name": "Unnamed Residential Road",
        "highway_type": "residential",
        "lanes": 2,
        "width_m": 7.0,
        "length_m": 20.2,
        "maxspeed_kmh": 30,
        "oneway": false,
        "bridge": false,
        "tunnel": false,
        "midpoint_grid_row": 20,
        "midpoint_grid_col": 37,
        "elevation_m": 2.04,
        "start_node": "RN-0173",
        "end_node": "RN-0174"
      },
      "geometry": {
        "type": "LineString",
        "coordinates": [
          [
            72.853563,
            19.062099
          ],
          [
            72.853392,
            19.062016
          ]
        ]
      }
    },
    {
      "type": "Feature",
      "properties": {
        "id": "R-0148",
        "osm_id": 39537374,
        "name": "Unnamed Residential Road",
        "highway_type": "residential",
        "lanes": 2,
        "width_m": 7.0,
        "length_m": 14.93,
        "maxspeed_kmh": 30,
        "oneway": false,
        "bridge": false,
        "tunnel": false,
        "midpoint_grid_row": 20,
        "midpoint_grid_col": 35,
        "elevation_m": 4.22,
        "start_node": "RN-0174",
        "end_node": "RN-0175"
      },
      "geometry": {
        "type": "LineString",
        "coordinates": [
          [
            72.853392,
            19.062016
          ],
          [
            72.853266,
            19.061954
          ]
        ]
      }
    },
    {
      "type": "Feature",
      "properties": {
        "id": "R-0149",
        "osm_id": 39537374,
        "name": "Unnamed Residential Road",
        "highway_type": "residential",
        "lanes": 2,
        "width_m": 7.0,
        "length_m": 25.34,
        "maxspeed_kmh": 30,
        "oneway": false,
        "bridge": false,
        "tunnel": false,
        "midpoint_grid_row": 18,
        "midpoint_grid_col": 33,
        "elevation_m": 6.97,
        "start_node": "RN-0175",
        "end_node": "RN-0176"
      },
      "geometry": {
        "type": "LineString",
        "coordinates": [
          [
            72.853266,
            19.061954
          ],
          [
            72.853052,
            19.061849
          ]
        ]
      }
    },
    {
      "type": "Feature",
      "properties": {
        "id": "R-0150",
        "osm_id": 39537374,
        "name": "Unnamed Residential Road",
        "highway_type": "residential",
        "lanes": 2,
        "width_m": 7.0,
        "length_m": 13.07,
        "maxspeed_kmh": 30,
        "oneway": false,
        "bridge": false,
        "tunnel": false,
        "midpoint_grid_row": 18,
        "midpoint_grid_col": 33,
        "elevation_m": 6.97,
        "start_node": "RN-0176",
        "end_node": "RN-0081"
      },
      "geometry": {
        "type": "LineString",
        "coordinates": [
          [
            72.853052,
            19.061849
          ],
          [
            72.853023,
            19.061835
          ],
          [
            72.852941,
            19.061796
          ]
        ]
      }
    },
    {
      "type": "Feature",
      "properties": {
        "id": "R-0151",
        "osm_id": 39537375,
        "name": "M D Abasaheb Shinde Marg",
        "highway_type": "residential",
        "lanes": 2,
        "width_m": 7.0,
        "length_m": 125.95,
        "maxspeed_kmh": 30,
        "oneway": false,
        "bridge": false,
        "tunnel": false,
        "midpoint_grid_row": 22,
        "midpoint_grid_col": 3,
        "elevation_m": 12.63,
        "start_node": "RN-0177",
        "end_node": "RN-0178"
      },
      "geometry": {
        "type": "LineString",
        "coordinates": [
          [
            72.849469,
            19.062284
          ],
          [
            72.849902,
            19.062245
          ],
          [
            72.850181,
            19.062175
          ],
          [
            72.850576,
            19.061926
          ]
        ]
      }
    },
    {
      "type": "Feature",
      "properties": {
        "id": "R-0152",
        "osm_id": 39537375,
        "name": "M D Abasaheb Shinde Marg",
        "highway_type": "residential",
        "lanes": 2,
        "width_m": 7.0,
        "length_m": 69.47,
        "maxspeed_kmh": 30,
        "oneway": false,
        "bridge": false,
        "tunnel": false,
        "midpoint_grid_row": 15,
        "midpoint_grid_col": 11,
        "elevation_m": 6.3,
        "start_node": "RN-0178",
        "end_node": "RN-0179"
      },
      "geometry": {
        "type": "LineString",
        "coordinates": [
          [
            72.850576,
            19.061926
          ],
          [
            72.850968,
            19.061588
          ],
          [
            72.851091,
            19.061547
          ]
        ]
      }
    },
    {
      "type": "Feature",
      "properties": {
        "id": "R-0153",
        "osm_id": 39743635,
        "name": "Street 3: Lane 1",
        "highway_type": "tertiary",
        "lanes": 2,
        "width_m": 7.0,
        "length_m": 333.57,
        "maxspeed_kmh": 30,
        "oneway": false,
        "bridge": false,
        "tunnel": false,
        "midpoint_grid_row": 35,
        "midpoint_grid_col": 121,
        "elevation_m": 11.07,
        "start_node": "RN-0180",
        "end_node": "RN-0181"
      },
      "geometry": {
        "type": "LineString",
        "coordinates": [
          [
            72.860654,
            19.062148
          ],
          [
            72.860744,
            19.06232
          ],
          [
            72.860935,
            19.062689
          ],
          [
            72.861029,
            19.062868
          ],
          [
            72.861108,
            19.063021
          ],
          [
            72.861181,
            19.063119
          ],
          [
            72.861201,
            19.063146
          ],
          [
            72.861293,
            19.063228
          ],
          [
            72.861299,
            19.063233
          ],
          [
            72.861331,
            19.063258
          ],
          [
            72.861437,
            19.063341
          ],
          [
            72.861946,
            19.063742
          ],
          [
            72.862011,
            19.063793
          ],
          [
            72.862058,
            19.06383
          ],
          [
            72.862156,
            19.063862
          ],
          [
            72.862224,
            19.063855
          ],
          [
            72.862254,
            19.063851
          ],
          [
            72.862553,
            19.063613
          ],
          [
            72.862578,
            19.063593
          ],
          [
            72.862758,
            19.06345
          ]
        ]
      }
    },
    {
      "type": "Feature",
      "properties": {
        "id": "R-0154",
        "osm_id": 39743635,
        "name": "Street 3: Lane 1",
        "highway_type": "tertiary",
        "lanes": 2,
        "width_m": 7.0,
        "length_m": 306.83,
        "maxspeed_kmh": 30,
        "oneway": false,
        "bridge": false,
        "tunnel": false,
        "midpoint_grid_row": 26,
        "midpoint_grid_col": 146,
        "elevation_m": 9.42,
        "start_node": "RN-0181",
        "end_node": "RN-0182"
      },
      "geometry": {
        "type": "LineString",
        "coordinates": [
          [
            72.862758,
            19.06345
          ],
          [
            72.862854,
            19.063367
          ],
          [
            72.863061,
            19.063189
          ],
          [
            72.863163,
            19.063101
          ],
          [
            72.863283,
            19.062999
          ],
          [
            72.863421,
            19.06288
          ],
          [
            72.863712,
            19.06263
          ],
          [
            72.86373,
            19.062614
          ],
          [
            72.863774,
            19.062544
          ],
          [
            72.863793,
            19.062473
          ],
          [
            72.863789,
            19.062402
          ],
          [
            72.863774,
            19.062331
          ],
          [
            72.863705,
            19.062153
          ],
          [
            72.863627,
            19.061949
          ],
          [
            72.863539,
            19.06172
          ],
          [
            72.863334,
            19.061185
          ]
        ]
      }
    },
    {
      "type": "Feature",
      "properties": {
        "id": "R-0155",
        "osm_id": 39743636,
        "name": "Unnamed Tertiary Road",
        "highway_type": "tertiary",
        "lanes": 2,
        "width_m": 7.0,
        "length_m": 98.59,
        "maxspeed_kmh": 30,
        "oneway": false,
        "bridge": false,
        "tunnel": false,
        "midpoint_grid_row": 43,
        "midpoint_grid_col": 142,
        "elevation_m": 8.93,
        "start_node": "RN-0181",
        "end_node": "RN-0183"
      },
      "geometry": {
        "type": "LineString",
        "coordinates": [
          [
            72.862758,
            19.06345
          ],
          [
            72.862814,
            19.063507
          ],
          [
            72.863346,
            19.064048
          ],
          [
            72.863396,
            19.0641
          ]
        ]
      }
    },
    {
      "type": "Feature",
      "properties": {
        "id": "R-0156",
        "osm_id": 39744013,
        "name": "Unnamed Tertiary Road",
        "highway_type": "tertiary",
        "lanes": 2,
        "width_m": 7.0,
        "length_m": 51.18,
        "maxspeed_kmh": 30,
        "oneway": false,
        "bridge": true,
        "tunnel": false,
        "midpoint_grid_row": 62,
        "midpoint_grid_col": 43,
        "elevation_m": -0.63,
        "start_node": "RN-0184",
        "end_node": "RN-0185"
      },
      "geometry": {
        "type": "LineString",
        "coordinates": [
          [
            72.853544,
            19.065737
          ],
          [
            72.854028,
            19.065788
          ]
        ]
      }
    },
    {
      "type": "Feature",
      "properties": {
        "id": "R-0157",
        "osm_id": 39744021,
        "name": "Unnamed Tertiary Road",
        "highway_type": "tertiary",
        "lanes": 2,
        "width_m": 7.0,
        "length_m": 64.99,
        "maxspeed_kmh": 30,
        "oneway": true,
        "bridge": true,
        "tunnel": false,
        "midpoint_grid_row": 78,
        "midpoint_grid_col": 24,
        "elevation_m": 2.95,
        "start_node": "RN-0186",
        "end_node": "RN-0187"
      },
      "geometry": {
        "type": "LineString",
        "coordinates": [
          [
            72.852761,
            19.067481
          ],
          [
            72.852174,
            19.067297
          ]
        ]
      }
    },
    {
      "type": "Feature",
      "properties": {
        "id": "R-0158",
        "osm_id": 39744025,
        "name": "Unnamed Tertiary Road",
        "highway_type": "tertiary",
        "lanes": 2,
        "width_m": 7.0,
        "length_m": 10.19,
        "maxspeed_kmh": 30,
        "oneway": true,
        "bridge": false,
        "tunnel": false,
        "midpoint_grid_row": 78,
        "midpoint_grid_col": 23,
        "elevation_m": 2.96,
        "start_node": "RN-0187",
        "end_node": "RN-0188"
      },
      "geometry": {
        "type": "LineString",
        "coordinates": [
          [
            72.852174,
            19.067297
          ],
          [
            72.852082,
            19.067268
          ]
        ]
      }
    },
    {
      "type": "Feature",
      "properties": {
        "id": "R-0159",
        "osm_id": 39744025,
        "name": "Unnamed Tertiary Road",
        "highway_type": "tertiary",
        "lanes": 2,
        "width_m": 7.0,
        "length_m": 28.1,
        "maxspeed_kmh": 30,
        "oneway": true,
        "bridge": false,
        "tunnel": false,
        "midpoint_grid_row": 77,
        "midpoint_grid_col": 20,
        "elevation_m": 1.72,
        "start_node": "RN-0188",
        "end_node": "RN-0189"
      },
      "geometry": {
        "type": "LineString",
        "coordinates": [
          [
            72.852082,
            19.067268
          ],
          [
            72.851833,
            19.067176
          ]
        ]
      }
    },
    {
      "type": "Feature",
      "properties": {
        "id": "R-0160",
        "osm_id": 39744025,
        "name": "Unnamed Tertiary Road",
        "highway_type": "tertiary",
        "lanes": 2,
        "width_m": 7.0,
        "length_m": 22.86,
        "maxspeed_kmh": 30,
        "oneway": true,
        "bridge": false,
        "tunnel": false,
        "midpoint_grid_row": 76,
        "midpoint_grid_col": 18,
        "elevation_m": 0.22,
        "start_node": "RN-0189",
        "end_node": "RN-0190"
      },
      "geometry": {
        "type": "LineString",
        "coordinates": [
          [
            72.851833,
            19.067176
          ],
          [
            72.851627,
            19.06711
          ]
        ]
      }
    },
    {
      "type": "Feature",
      "properties": {
        "id": "R-0161",
        "osm_id": 39744025,
        "name": "Unnamed Tertiary Road",
        "highway_type": "tertiary",
        "lanes": 2,
        "width_m": 7.0,
        "length_m": 18.78,
        "maxspeed_kmh": 30,
        "oneway": true,
        "bridge": false,
        "tunnel": false,
        "midpoint_grid_row": 76,
        "midpoint_grid_col": 16,
        "elevation_m": -1.14,
        "start_node": "RN-0190",
        "end_node": "RN-0191"
      },
      "geometry": {
        "type": "LineString",
        "coordinates": [
          [
            72.851627,
            19.06711
          ],
          [
            72.851458,
            19.067055
          ]
        ]
      }
    },
    {
      "type": "Feature",
      "properties": {
        "id": "R-0162",
        "osm_id": 39744025,
        "name": "Unnamed Tertiary Road",
        "highway_type": "tertiary",
        "lanes": 2,
        "width_m": 7.0,
        "length_m": 29.82,
        "maxspeed_kmh": 30,
        "oneway": true,
        "bridge": false,
        "tunnel": false,
        "midpoint_grid_row": 75,
        "midpoint_grid_col": 15,
        "elevation_m": -1.04,
        "start_node": "RN-0191",
        "end_node": "RN-0142"
      },
      "geometry": {
        "type": "LineString",
        "coordinates": [
          [
            72.851458,
            19.067055
          ],
          [
            72.851286,
            19.066995
          ],
          [
            72.851186,
            19.066987
          ]
        ]
      }
    },
    {
      "type": "Feature",
      "properties": {
        "id": "R-0163",
        "osm_id": 39744040,
        "name": "Unnamed Tertiary Road",
        "highway_type": "tertiary",
        "lanes": 2,
        "width_m": 7.0,
        "length_m": 19.28,
        "maxspeed_kmh": 30,
        "oneway": false,
        "bridge": false,
        "tunnel": false,
        "midpoint_grid_row": 61,
        "midpoint_grid_col": 45,
        "elevation_m": -0.51,
        "start_node": "RN-0185",
        "end_node": "RN-0192"
      },
      "geometry": {
        "type": "LineString",
        "coordinates": [
          [
            72.854028,
            19.065788
          ],
          [
            72.854176,
            19.065763
          ],
          [
            72.854207,
            19.065752
          ]
        ]
      }
    },
    {
      "type": "Feature",
      "properties": {
        "id": "R-0164",
        "osm_id": 39744040,
        "name": "Unnamed Tertiary Road",
        "highway_type": "tertiary",
        "lanes": 2,
        "width_m": 7.0,
        "length_m": 7.12,
        "maxspeed_kmh": 30,
        "oneway": false,
        "bridge": false,
        "tunnel": false,
        "midpoint_grid_row": 61,
        "midpoint_grid_col": 46,
        "elevation_m": -0.51,
        "start_node": "RN-0192",
        "end_node": "RN-0094"
      },
      "geometry": {
        "type": "LineString",
        "coordinates": [
          [
            72.854207,
            19.065752
          ],
          [
            72.854253,
            19.065705
          ]
        ]
      }
    },
    {
      "type": "Feature",
      "properties": {
        "id": "R-0165",
        "osm_id": 49012602,
        "name": "Unnamed Tertiary Road",
        "highway_type": "tertiary",
        "lanes": 2,
        "width_m": 7.0,
        "length_m": 430.49,
        "maxspeed_kmh": 30,
        "oneway": false,
        "bridge": false,
        "tunnel": false,
        "midpoint_grid_row": 176,
        "midpoint_grid_col": 20,
        "elevation_m": 6.04,
        "start_node": "RN-0193",
        "end_node": "RN-0194"
      },
      "geometry": {
        "type": "LineString",
        "coordinates": [
          [
            72.850222,
            19.076934
          ],
          [
            72.850429,
            19.07683
          ],
          [
            72.850772,
            19.076643
          ],
          [
            72.850885,
            19.076587
          ],
          [
            72.851421,
            19.076322
          ],
          [
            72.851474,
            19.076288
          ],
          [
            72.851691,
            19.076194
          ],
          [
            72.851763,
            19.076142
          ],
          [
            72.851783,
            19.076127
          ],
          [
            72.851849,
            19.076078
          ],
          [
            72.852144,
            19.075709
          ],
          [
            72.852166,
            19.075682
          ],
          [
            72.852174,
            19.075668
          ],
          [
            72.852338,
            19.075389
          ],
          [
            72.852463,
            19.075177
          ],
          [
            72.852615,
            19.074918
          ],
          [
            72.852988,
            19.07427
          ]
        ]
      }
    },
    {
      "type": "Feature",
      "properties": {
        "id": "R-0166",
        "osm_id": 49012602,
        "name": "Unnamed Tertiary Road",
        "highway_type": "tertiary",
        "lanes": 2,
        "width_m": 7.0,
        "length_m": 13.74,
        "maxspeed_kmh": 30,
        "oneway": false,
        "bridge": false,
        "tunnel": false,
        "midpoint_grid_row": 154,
        "midpoint_grid_col": 33,
        "elevation_m": 4.32,
        "start_node": "RN-0194",
        "end_node": "RN-0195"
      },
      "geometry": {
        "type": "LineString",
        "coordinates": [
          [
            72.852988,
            19.07427
          ],
          [
            72.853057,
            19.074165
          ]
        ]
      }
    },
    {
      "type": "Feature",
      "properties": {
        "id": "R-0167",
        "osm_id": 49012605,
        "name": "Unnamed Residential Road",
        "highway_type": "residential",
        "lanes": 2,
        "width_m": 7.0,
        "length_m": 121.31,
        "maxspeed_kmh": 30,
        "oneway": false,
        "bridge": false,
        "tunnel": false,
        "midpoint_grid_row": 171,
        "midpoint_grid_col": 46,
        "elevation_m": 4.15,
        "start_node": "RN-0196",
        "end_node": "RN-0197"
      },
      "geometry": {
        "type": "LineString",
        "coordinates": [
          [
            72.854528,
            19.07517
          ],
          [
            72.854242,
            19.075696
          ],
          [
            72.854006,
            19.076143
          ]
        ]
      }
    },
    {
      "type": "Feature",
      "properties": {
        "id": "R-0168",
        "osm_id": 49012605,
        "name": "Unnamed Residential Road",
        "highway_type": "residential",
        "lanes": 2,
        "width_m": 7.0,
        "length_m": 52.8,
        "maxspeed_kmh": 30,
        "oneway": false,
        "bridge": false,
        "tunnel": false,
        "midpoint_grid_row": 180,
        "midpoint_grid_col": 40,
        "elevation_m": 0.57,
        "start_node": "RN-0197",
        "end_node": "RN-0198"
      },
      "geometry": {
        "type": "LineString",
        "coordinates": [
          [
            72.854006,
            19.076143
          ],
          [
            72.853742,
            19.076547
          ]
        ]
      }
    },
    {
      "type": "Feature",
      "properties": {
        "id": "R-0169",
        "osm_id": 49012605,
        "name": "Unnamed Residential Road",
        "highway_type": "residential",
        "lanes": 2,
        "width_m": 7.0,
        "length_m": 18.21,
        "maxspeed_kmh": 30,
        "oneway": false,
        "bridge": false,
        "tunnel": false,
        "midpoint_grid_row": 181,
        "midpoint_grid_col": 40,
        "elevation_m": 0.24,
        "start_node": "RN-0198",
        "end_node": "RN-0199"
      },
      "geometry": {
        "type": "LineString",
        "coordinates": [
          [
            72.853742,
            19.076547
          ],
          [
            72.853672,
            19.076646
          ],
          [
            72.853636,
            19.076675
          ]
        ]
      }
    },
    {
      "type": "Feature",
      "properties": {
        "id": "R-0170",
        "osm_id": 49012605,
        "name": "Unnamed Residential Road",
        "highway_type": "residential",
        "lanes": 2,
        "width_m": 7.0,
        "length_m": 12.46,
        "maxspeed_kmh": 30,
        "oneway": false,
        "bridge": false,
        "tunnel": false,
        "midpoint_grid_row": 182,
        "midpoint_grid_col": 39,
        "elevation_m": 0.33,
        "start_node": "RN-0199",
        "end_node": "RN-0200"
      },
      "geometry": {
        "type": "LineString",
        "coordinates": [
          [
            72.853636,
            19.076675
          ],
          [
            72.85362,
            19.076689
          ],
          [
            72.853566,
            19.076708
          ],
          [
            72.853529,
            19.07672
          ]
        ]
      }
    },
    {
      "type": "Feature",
      "properties": {
        "id": "R-0171",
        "osm_id": 49012634,
        "name": "Siddharth Nagar Road",
        "highway_type": "residential",
        "lanes": 2,
        "width_m": 7.0,
        "length_m": 110.44,
        "maxspeed_kmh": 30,
        "oneway": false,
        "bridge": false,
        "tunnel": false,
        "midpoint_grid_row": 192,
        "midpoint_grid_col": 38,
        "elevation_m": 1.18,
        "start_node": "RN-0200",
        "end_node": "RN-0201"
      },
      "geometry": {
        "type": "LineString",
        "coordinates": [
          [
            72.853529,
            19.07672
          ],
          [
            72.853523,
            19.077327
          ],
          [
            72.853535,
            19.077622
          ],
          [
            72.853572,
            19.077706
          ]
        ]
      }
    },
    {
      "type": "Feature",
      "properties": {
        "id": "R-0172",
        "osm_id": 49012634,
        "name": "Siddharth Nagar Road",
        "highway_type": "residential",
        "lanes": 2,
        "width_m": 7.0,
        "length_m": 20.57,
        "maxspeed_kmh": 30,
        "oneway": false,
        "bridge": false,
        "tunnel": false,
        "midpoint_grid_row": 195,
        "midpoint_grid_col": 40,
        "elevation_m": 2.52,
        "start_node": "RN-0201",
        "end_node": "RN-0202"
      },
      "geometry": {
        "type": "LineString",
        "coordinates": [
          [
            72.853572,
            19.077706
          ],
          [
            72.853685,
            19.077857
          ]
        ]
      }
    },
    {
      "type": "Feature",
      "properties": {
        "id": "R-0173",
        "osm_id": 49012634,
        "name": "Siddharth Nagar Road",
        "highway_type": "residential",
        "lanes": 2,
        "width_m": 7.0,
        "length_m": 23.63,
        "maxspeed_kmh": 30,
        "oneway": false,
        "bridge": false,
        "tunnel": false,
        "midpoint_grid_row": 196,
        "midpoint_grid_col": 40,
        "elevation_m": 2.37,
        "start_node": "RN-0202",
        "end_node": "RN-0203"
      },
      "geometry": {
        "type": "LineString",
        "coordinates": [
          [
            72.853685,
            19.077857
          ],
          [
            72.853681,
            19.077926
          ],
          [
            72.853633,
            19.078062
          ]
        ]
      }
    },
    {
      "type": "Feature",
      "properties": {
        "id": "R-0174",
        "osm_id": 49012634,
        "name": "Siddharth Nagar Road",
        "highway_type": "residential",
        "lanes": 2,
        "width_m": 7.0,
        "length_m": 123.28,
        "maxspeed_kmh": 30,
        "oneway": false,
        "bridge": false,
        "tunnel": false,
        "midpoint_grid_row": 199,
        "midpoint_grid_col": 40,
        "elevation_m": 2.08,
        "start_node": "RN-0203",
        "end_node": "RN-0204"
      },
      "geometry": {
        "type": "LineString",
        "coordinates": [
          [
            72.853633,
            19.078062
          ],
          [
            72.853605,
            19.078133
          ],
          [
            72.853597,
            19.078211
          ],
          [
            72.853622,
            19.07828
          ],
          [
            72.853639,
            19.078311
          ],
          [
            72.85366,
            19.078346
          ],
          [
            72.853719,
            19.078464
          ],
          [
            72.85373,
            19.078486
          ],
          [
            72.853657,
            19.078654
          ],
          [
            72.853655,
            19.07881
          ],
          [
            72.853668,
            19.078926
          ],
          [
            72.853683,
            19.07904
          ],
          [
            72.853692,
            19.079122
          ]
        ]
      }
    },
    {
      "type": "Feature",
      "properties": {
        "id": "R-0175",
        "osm_id": 49013036,
        "name": "Unnamed Trunk_link Road",
        "highway_type": "trunk_link",
        "lanes": 2,
        "width_m": 7.0,
        "length_m": 9.56,
        "maxspeed_kmh": 40,
        "oneway": true,
        "bridge": false,
        "tunnel": false,
        "midpoint_grid_row": 159,
        "midpoint_grid_col": 108,
        "elevation_m": 5.14,
        "start_node": "RN-0205",
        "end_node": "RN-0206"
      },
      "geometry": {
        "type": "LineString",
        "coordinates": [
          [
            72.860081,
            19.074554
          ],
          [
            72.86017,
            19.074572
          ]
        ]
      }
    },
    {
      "type": "Feature",
      "properties": {
        "id": "R-0176",
        "osm_id": 49013036,
        "name": "Unnamed Trunk_link Road",
        "highway_type": "trunk_link",
        "lanes": 2,
        "width_m": 7.0,
        "length_m": 11.53,
        "maxspeed_kmh": 40,
        "oneway": true,
        "bridge": false,
        "tunnel": false,
        "midpoint_grid_row": 159,
        "midpoint_grid_col": 109,
        "elevation_m": 5.26,
        "start_node": "RN-0206",
        "end_node": "RN-0207"
      },
      "geometry": {
        "type": "LineString",
        "coordinates": [
          [
            72.86017,
            19.074572
          ],
          [
            72.860275,
            19.074602
          ]
        ]
      }
    },
    {
      "type": "Feature",
      "properties": {
        "id": "R-0177",
        "osm_id": 49013036,
        "name": "Unnamed Trunk_link Road",
        "highway_type": "trunk_link",
        "lanes": 2,
        "width_m": 7.0,
        "length_m": 26.5,
        "maxspeed_kmh": 40,
        "oneway": true,
        "bridge": false,
        "tunnel": false,
        "midpoint_grid_row": 159,
        "midpoint_grid_col": 111,
        "elevation_m": 7.39,
        "start_node": "RN-0207",
        "end_node": "RN-0208"
      },
      "geometry": {
        "type": "LineString",
        "coordinates": [
          [
            72.860275,
            19.074602
          ],
          [
            72.86036,
            19.074624
          ],
          [
            72.860423,
            19.074639
          ],
          [
            72.860522,
            19.074641
          ]
        ]
      }
    },
    {
      "type": "Feature",
      "properties": {
        "id": "R-0178",
        "osm_id": 49014339,
        "name": "Unnamed Residential Road",
        "highway_type": "residential",
        "lanes": 2,
        "width_m": 7.0,
        "length_m": 47.84,
        "maxspeed_kmh": 30,
        "oneway": false,
        "bridge": false,
        "tunnel": false,
        "midpoint_grid_row": 141,
        "midpoint_grid_col": 145,
        "elevation_m": 25.9,
        "start_node": "RN-0209",
        "end_node": "RN-0210"
      },
      "geometry": {
        "type": "LineString",
        "coordinates": [
          [
            72.863246,
            19.072905
          ],
          [
            72.8637,
            19.072937
          ]
        ]
      }
    },
    {
      "type": "Feature",
      "properties": {
        "id": "R-0179",
        "osm_id": 49014339,
        "name": "Unnamed Residential Road",
        "highway_type": "residential",
        "lanes": 2,
        "width_m": 7.0,
        "length_m": 19.71,
        "maxspeed_kmh": 30,
        "oneway": false,
        "bridge": false,
        "tunnel": false,
        "midpoint_grid_row": 141,
        "midpoint_grid_col": 147,
        "elevation_m": 24.35,
        "start_node": "RN-0210",
        "end_node": "RN-0211"
      },
      "geometry": {
        "type": "LineString",
        "coordinates": [
          [
            72.8637,
            19.072937
          ],
          [
            72.863887,
            19.07295
          ]
        ]
      }
    },
    {
      "type": "Feature",
      "properties": {
        "id": "R-0180",
        "osm_id": 49014339,
        "name": "Unnamed Residential Road",
        "highway_type": "residential",
        "lanes": 2,
        "width_m": 7.0,
        "length_m": 4.23,
        "maxspeed_kmh": 30,
        "oneway": false,
        "bridge": false,
        "tunnel": false,
        "midpoint_grid_row": 141,
        "midpoint_grid_col": 148,
        "elevation_m": 23.49,
        "start_node": "RN-0211",
        "end_node": "RN-0048"
      },
      "geometry": {
        "type": "LineString",
        "coordinates": [
          [
            72.863887,
            19.07295
          ],
          [
            72.863927,
            19.072954
          ]
        ]
      }
    },
    {
      "type": "Feature",
      "properties": {
        "id": "R-0181",
        "osm_id": 49014341,
        "name": "Unnamed Residential Road",
        "highway_type": "residential",
        "lanes": 2,
        "width_m": 7.0,
        "length_m": 315.76,
        "maxspeed_kmh": 30,
        "oneway": false,
        "bridge": false,
        "tunnel": false,
        "midpoint_grid_row": 182,
        "midpoint_grid_col": 195,
        "elevation_m": 6.09,
        "start_node": "RN-0212",
        "end_node": "RN-0213"
      },
      "geometry": {
        "type": "LineString",
        "coordinates": [
          [
            72.869929,
            19.077278
          ],
          [
            72.869567,
            19.076998
          ],
          [
            72.869389,
            19.076865
          ],
          [
            72.869151,
            19.076769
          ],
          [
            72.868791,
            19.076722
          ],
          [
            72.868511,
            19.076708
          ],
          [
            72.868415,
            19.076679
          ],
          [
            72.868292,
            19.076612
          ],
          [
            72.868127,
            19.076523
          ],
          [
            72.868011,
            19.076517
          ],
          [
            72.867602,
            19.076556
          ],
          [
            72.867271,
            19.076625
          ],
          [
            72.867165,
            19.076647
          ]
        ]
      }
    },
    {
      "type": "Feature",
      "properties": {
        "id": "R-0182",
        "osm_id": 49014341,
        "name": "Unnamed Residential Road",
        "highway_type": "residential",
        "lanes": 2,
        "width_m": 7.0,
        "length_m": 83.53,
        "maxspeed_kmh": 30,
        "oneway": false,
        "bridge": false,
        "tunnel": false,
        "midpoint_grid_row": 185,
        "midpoint_grid_col": 182,
        "elevation_m": 2.3,
        "start_node": "RN-0213",
        "end_node": "RN-0214"
      },
      "geometry": {
        "type": "LineString",
        "coordinates": [
          [
            72.867165,
            19.076647
          ],
          [
            72.867157,
            19.076779
          ],
          [
            72.867187,
            19.07699
          ],
          [
            72.867282,
            19.077386
          ]
        ]
      }
    },
    {
      "type": "Feature",
      "properties": {
        "id": "R-0183",
        "osm_id": 49014341,
        "name": "Unnamed Residential Road",
        "highway_type": "residential",
        "lanes": 2,
        "width_m": 7.0,
        "length_m": 146.03,
        "maxspeed_kmh": 30,
        "oneway": false,
        "bridge": false,
        "tunnel": false,
        "midpoint_grid_row": 195,
        "midpoint_grid_col": 187,
        "elevation_m": 1.83,
        "start_node": "RN-0214",
        "end_node": "RN-0215"
      },
      "geometry": {
        "type": "LineString",
        "coordinates": [
          [
            72.867282,
            19.077386
          ],
          [
            72.86743,
            19.077643
          ],
          [
            72.86769,
            19.077869
          ],
          [
            72.868172,
            19.078383
          ]
        ]
      }
    },
    {
      "type": "Feature",
      "properties": {
        "id": "R-0184",
        "osm_id": 49037280,
        "name": "Bandra Kurla Complex Road",
        "highway_type": "primary",
        "lanes": 3,
        "width_m": 10.5,
        "length_m": 99.94,
        "maxspeed_kmh": 50,
        "oneway": true,
        "bridge": true,
        "tunnel": false,
        "midpoint_grid_row": 0,
        "midpoint_grid_col": 73,
        "elevation_m": 9.0,
        "start_node": "RN-0216",
        "end_node": "RN-0217"
      },
      "geometry": {
        "type": "LineString",
        "coordinates": [
          [
            72.857698,
            19.06027
          ],
          [
            72.856863,
            19.05984
          ]
        ]
      }
    },
    {
      "type": "Feature",
      "properties": {
        "id": "R-0185",
        "osm_id": 49182353,
        "name": "Unnamed Residential Road",
        "highway_type": "residential",
        "lanes": 2,
        "width_m": 7.0,
        "length_m": 201.8,
        "maxspeed_kmh": 30,
        "oneway": false,
        "bridge": false,
        "tunnel": false,
        "midpoint_grid_row": 164,
        "midpoint_grid_col": 154,
        "elevation_m": 7.09,
        "start_node": "RN-0218",
        "end_node": "RN-0009"
      },
      "geometry": {
        "type": "LineString",
        "coordinates": [
          [
            72.864593,
            19.074084
          ],
          [
            72.864561,
            19.074619
          ],
          [
            72.864538,
            19.075051
          ],
          [
            72.864528,
            19.075234
          ],
          [
            72.864486,
            19.075896
          ]
        ]
      }
    },
    {
      "type": "Feature",
      "properties": {
        "id": "R-0186",
        "osm_id": 49682801,
        "name": "Avenue 3: Lane 2",
        "highway_type": "secondary",
        "lanes": 2,
        "width_m": 7.0,
        "length_m": 265.42,
        "maxspeed_kmh": 40,
        "oneway": true,
        "bridge": false,
        "tunnel": false,
        "midpoint_grid_row": 5,
        "midpoint_grid_col": 133,
        "elevation_m": 10.63,
        "start_node": "RN-0219",
        "end_node": "RN-0220"
      },
      "geometry": {
        "type": "LineString",
        "coordinates": [
          [
            72.862643,
            19.059031
          ],
          [
            72.862593,
            19.059666
          ],
          [
            72.862585,
            19.059765
          ],
          [
            72.862577,
            19.059868
          ],
          [
            72.862548,
            19.060237
          ],
          [
            72.862527,
            19.060516
          ],
          [
            72.862516,
            19.060635
          ],
          [
            72.862513,
            19.060683
          ],
          [
            72.862498,
            19.06087
          ],
          [
            72.862484,
            19.061043
          ],
          [
            72.862483,
            19.061058
          ],
          [
            72.862476,
            19.061161
          ],
          [
            72.862473,
            19.061301
          ],
          [
            72.862468,
            19.061412
          ]
        ]
      }
    },
    {
      "type": "Feature",
      "properties": {
        "id": "R-0187",
        "osm_id": 49682804,
        "name": "Avenue 3: Lane 4",
        "highway_type": "tertiary",
        "lanes": 2,
        "width_m": 7.0,
        "length_m": 7.97,
        "maxspeed_kmh": 30,
        "oneway": false,
        "bridge": false,
        "tunnel": false,
        "midpoint_grid_row": 68,
        "midpoint_grid_col": 172,
        "elevation_m": 7.89,
        "start_node": "RN-0044",
        "end_node": "RN-0038"
      },
      "geometry": {
        "type": "LineString",
        "coordinates": [
          [
            72.866185,
            19.066334
          ],
          [
            72.866236,
            19.066387
          ]
        ]
      }
    },
    {
      "type": "Feature",
      "properties": {
        "id": "R-0188",
        "osm_id": 49682804,
        "name": "Avenue 3: Lane 4",
        "highway_type": "tertiary",
        "lanes": 2,
        "width_m": 7.0,
        "length_m": 141.06,
        "maxspeed_kmh": 30,
        "oneway": false,
        "bridge": false,
        "tunnel": false,
        "midpoint_grid_row": 75,
        "midpoint_grid_col": 181,
        "elevation_m": 5.76,
        "start_node": "RN-0038",
        "end_node": "RN-0221"
      },
      "geometry": {
        "type": "LineString",
        "coordinates": [
          [
            72.866236,
            19.066387
          ],
          [
            72.866393,
            19.066488
          ],
          [
            72.86681,
            19.066747
          ],
          [
            72.867136,
            19.066966
          ],
          [
            72.867203,
            19.067005
          ],
          [
            72.867348,
            19.067097
          ]
        ]
      }
    },
    {
      "type": "Feature",
      "properties": {
        "id": "R-0189",
        "osm_id": 49682804,
        "name": "Avenue 3: Lane 4",
        "highway_type": "tertiary",
        "lanes": 2,
        "width_m": 7.0,
        "length_m": 214.2,
        "maxspeed_kmh": 30,
        "oneway": false,
        "bridge": false,
        "tunnel": false,
        "midpoint_grid_row": 81,
        "midpoint_grid_col": 191,
        "elevation_m": 3.4,
        "start_node": "RN-0221",
        "end_node": "RN-0222"
      },
      "geometry": {
        "type": "LineString",
        "coordinates": [
          [
            72.867348,
            19.067097
          ],
          [
            72.867395,
            19.067126
          ],
          [
            72.867492,
            19.067186
          ],
          [
            72.867632,
            19.067272
          ],
          [
            72.867843,
            19.067401
          ],
          [
            72.868014,
            19.067507
          ],
          [
            72.868055,
            19.06753
          ],
          [
            72.868289,
            19.067587
          ],
          [
            72.868365,
            19.067552
          ],
          [
            72.868406,
            19.067533
          ],
          [
            72.868517,
            19.067371
          ],
          [
            72.868853,
            19.066879
          ]
        ]
      }
    },
    {
      "type": "Feature",
      "properties": {
        "id": "R-0190",
        "osm_id": 49682804,
        "name": "Avenue 3: Lane 4",
        "highway_type": "tertiary",
        "lanes": 2,
        "width_m": 7.0,
        "length_m": 10.01,
        "maxspeed_kmh": 30,
        "oneway": false,
        "bridge": false,
        "tunnel": false,
        "midpoint_grid_row": 73,
        "midpoint_grid_col": 199,
        "elevation_m": 3.61,
        "start_node": "RN-0222",
        "end_node": "RN-0072"
      },
      "geometry": {
        "type": "LineString",
        "coordinates": [
          [
            72.868853,
            19.066879
          ],
          [
            72.868924,
            19.066819
          ]
        ]
      }
    },
    {
      "type": "Feature",
      "properties": {
        "id": "R-0191",
        "osm_id": 49684335,
        "name": "Hotel Trident Road",
        "highway_type": "tertiary",
        "lanes": 2,
        "width_m": 7.0,
        "length_m": 8.22,
        "maxspeed_kmh": 30,
        "oneway": false,
        "bridge": false,
        "tunnel": false,
        "midpoint_grid_row": 64,
        "midpoint_grid_col": 179,
        "elevation_m": 6.89,
        "start_node": "RN-0223",
        "end_node": "RN-0224"
      },
      "geometry": {
        "type": "LineString",
        "coordinates": [
          [
            72.86687,
            19.065906
          ],
          [
            72.866911,
            19.065969
          ]
        ]
      }
    },
    {
      "type": "Feature",
      "properties": {
        "id": "R-0192",
        "osm_id": 49684335,
        "name": "Hotel Trident Road",
        "highway_type": "tertiary",
        "lanes": 2,
        "width_m": 7.0,
        "length_m": 137.99,
        "maxspeed_kmh": 30,
        "oneway": false,
        "bridge": false,
        "tunnel": false,
        "midpoint_grid_row": 71,
        "midpoint_grid_col": 183,
        "elevation_m": 6.37,
        "start_node": "RN-0224",
        "end_node": "RN-0221"
      },
      "geometry": {
        "type": "LineString",
        "coordinates": [
          [
            72.866911,
            19.065969
          ],
          [
            72.866973,
            19.066064
          ],
          [
            72.867263,
            19.066513
          ],
          [
            72.867321,
            19.066602
          ],
          [
            72.867355,
            19.06674
          ],
          [
            72.867348,
            19.067097
          ]
        ]
      }
    },
    {
      "type": "Feature",
      "properties": {
        "id": "R-0193",
        "osm_id": 123262829,
        "name": "S Nagar Road",
        "highway_type": "residential",
        "lanes": 2,
        "width_m": 7.0,
        "length_m": 153.48,
        "maxspeed_kmh": 30,
        "oneway": false,
        "bridge": false,
        "tunnel": false,
        "midpoint_grid_row": 185,
        "midpoint_grid_col": 132,
        "elevation_m": 2.62,
        "start_node": "RN-0225",
        "end_node": "RN-0012"
      },
      "geometry": {
        "type": "LineString",
        "coordinates": [
          [
            72.86301,
            19.07774
          ],
          [
            72.862419,
            19.07697
          ],
          [
            72.862152,
            19.076623
          ]
        ]
      }
    },
    {
      "type": "Feature",
      "properties": {
        "id": "R-0194",
        "osm_id": 183100776,
        "name": "Unnamed Residential Road",
        "highway_type": "residential",
        "lanes": 2,
        "width_m": 7.0,
        "length_m": 212.62,
        "maxspeed_kmh": 30,
        "oneway": false,
        "bridge": false,
        "tunnel": false,
        "midpoint_grid_row": 158,
        "midpoint_grid_col": 180,
        "elevation_m": 5.86,
        "start_node": "RN-0226",
        "end_node": "RN-0227"
      },
      "geometry": {
        "type": "LineString",
        "coordinates": [
          [
            72.867047,
            19.075339
          ],
          [
            72.866984,
            19.075253
          ],
          [
            72.866914,
            19.075115
          ],
          [
            72.866884,
            19.075005
          ],
          [
            72.866918,
            19.074738
          ],
          [
            72.867021,
            19.074538
          ],
          [
            72.86702,
            19.074502
          ],
          [
            72.867003,
            19.074473
          ],
          [
            72.866948,
            19.074452
          ],
          [
            72.866712,
            19.07443
          ],
          [
            72.866505,
            19.074422
          ],
          [
            72.866374,
            19.074406
          ],
          [
            72.865981,
            19.074328
          ]
        ]
      }
    },
    {
      "type": "Feature",
      "properties": {
        "id": "R-0195",
        "osm_id": 215040167,
        "name": "Unnamed Residential Road",
        "highway_type": "residential",
        "lanes": 2,
        "width_m": 7.0,
        "length_m": 191.29,
        "maxspeed_kmh": 30,
        "oneway": false,
        "bridge": false,
        "tunnel": false,
        "midpoint_grid_row": 187,
        "midpoint_grid_col": 169,
        "elevation_m": 1.41,
        "start_node": "RN-0228",
        "end_node": "RN-0229"
      },
      "geometry": {
        "type": "LineString",
        "coordinates": [
          [
            72.865168,
            19.077701
          ],
          [
            72.865538,
            19.077433
          ],
          [
            72.865928,
            19.077167
          ],
          [
            72.866028,
            19.077046
          ],
          [
            72.86633,
            19.076438
          ]
        ]
      }
    },
    {
      "type": "Feature",
      "properties": {
        "id": "R-0196",
        "osm_id": 215040167,
        "name": "Unnamed Residential Road",
        "highway_type": "residential",
        "lanes": 2,
        "width_m": 7.0,
        "length_m": 43.75,
        "maxspeed_kmh": 30,
        "oneway": false,
        "bridge": false,
        "tunnel": false,
        "midpoint_grid_row": 177,
        "midpoint_grid_col": 175,
        "elevation_m": 6.53,
        "start_node": "RN-0229",
        "end_node": "RN-0230"
      },
      "geometry": {
        "type": "LineString",
        "coordinates": [
          [
            72.86633,
            19.076438
          ],
          [
            72.86649,
            19.076248
          ],
          [
            72.866617,
            19.076157
          ]
        ]
      }
    },
    {
      "type": "Feature",
      "properties": {
        "id": "R-0197",
        "osm_id": 215040167,
        "name": "Unnamed Residential Road",
        "highway_type": "residential",
        "lanes": 2,
        "width_m": 7.0,
        "length_m": 90.27,
        "maxspeed_kmh": 30,
        "oneway": false,
        "bridge": false,
        "tunnel": false,
        "midpoint_grid_row": 173,
        "midpoint_grid_col": 173,
        "elevation_m": 5.83,
        "start_node": "RN-0230",
        "end_node": "RN-0231"
      },
      "geometry": {
        "type": "LineString",
        "coordinates": [
          [
            72.866617,
            19.076157
          ],
          [
            72.866611,
            19.076069
          ],
          [
            72.866357,
            19.075889
          ],
          [
            72.866147,
            19.0756
          ],
          [
            72.866119,
            19.075532
          ]
        ]
      }
    },
    {
      "type": "Feature",
      "properties": {
        "id": "R-0198",
        "osm_id": 215040167,
        "name": "Unnamed Residential Road",
        "highway_type": "residential",
        "lanes": 2,
        "width_m": 7.0,
        "length_m": 66.49,
        "maxspeed_kmh": 30,
        "oneway": false,
        "bridge": false,
        "tunnel": false,
        "midpoint_grid_row": 167,
        "midpoint_grid_col": 170,
        "elevation_m": 3.06,
        "start_node": "RN-0231",
        "end_node": "RN-0232"
      },
      "geometry": {
        "type": "LineString",
        "coordinates": [
          [
            72.866119,
            19.075532
          ],
          [
            72.866039,
            19.075325
          ],
          [
            72.865903,
            19.07497
          ]
        ]
      }
    },
    {
      "type": "Feature",
      "properties": {
        "id": "R-0199",
        "osm_id": 215040169,
        "name": "Unnamed Residential Road",
        "highway_type": "residential",
        "lanes": 2,
        "width_m": 7.0,
        "length_m": 132.79,
        "maxspeed_kmh": 30,
        "oneway": false,
        "bridge": false,
        "tunnel": false,
        "midpoint_grid_row": 140,
        "midpoint_grid_col": 135,
        "elevation_m": 6.08,
        "start_node": "RN-0233",
        "end_node": "RN-0234"
      },
      "geometry": {
        "type": "LineString",
        "coordinates": [
          [
            72.861918,
            19.073108
          ],
          [
            72.862289,
            19.072967
          ],
          [
            72.862706,
            19.072844
          ],
          [
            72.862971,
            19.072603
          ],
          [
            72.862995,
            19.072552
          ]
        ]
      }
    },
    {
      "type": "Feature",
      "properties": {
        "id": "R-0200",
        "osm_id": 215040169,
        "name": "Unnamed Residential Road",
        "highway_type": "residential",
        "lanes": 2,
        "width_m": 7.0,
        "length_m": 42.57,
        "maxspeed_kmh": 30,
        "oneway": false,
        "bridge": false,
        "tunnel": false,
        "midpoint_grid_row": 133,
        "midpoint_grid_col": 139,
        "elevation_m": 6.22,
        "start_node": "RN-0234",
        "end_node": "RN-0235"
      },
      "geometry": {
        "type": "LineString",
        "coordinates": [
          [
            72.862995,
            19.072552
          ],
          [
            72.86307,
            19.072355
          ],
          [
            72.863093,
            19.07223
          ],
          [
            72.863101,
            19.072184
          ]
        ]
      }
    },
    {
      "type": "Feature",
      "properties": {
        "id": "R-0201",
        "osm_id": 215040169,
        "name": "Unnamed Residential Road",
        "highway_type": "residential",
        "lanes": 2,
        "width_m": 7.0,
        "length_m": 25.54,
        "maxspeed_kmh": 30,
        "oneway": false,
        "bridge": false,
        "tunnel": false,
        "midpoint_grid_row": 130,
        "midpoint_grid_col": 139,
        "elevation_m": 7.99,
        "start_node": "RN-0235",
        "end_node": "RN-0236"
      },
      "geometry": {
        "type": "LineString",
        "coordinates": [
          [
            72.863101,
            19.072184
          ],
          [
            72.863138,
            19.071957
          ]
        ]
      }
    },
    {
      "type": "Feature",
      "properties": {
        "id": "R-0202",
        "osm_id": 215040169,
        "name": "Unnamed Residential Road",
        "highway_type": "residential",
        "lanes": 2,
        "width_m": 7.0,
        "length_m": 12.35,
        "maxspeed_kmh": 30,
        "oneway": false,
        "bridge": false,
        "tunnel": false,
        "midpoint_grid_row": 129,
        "midpoint_grid_col": 139,
        "elevation_m": 7.94,
        "start_node": "RN-0236",
        "end_node": "RN-0237"
      },
      "geometry": {
        "type": "LineString",
        "coordinates": [
          [
            72.863138,
            19.071957
          ],
          [
            72.863122,
            19.071847
          ]
        ]
      }
    },
    {
      "type": "Feature",
      "properties": {
        "id": "R-0203",
        "osm_id": 215040169,
        "name": "Unnamed Residential Road",
        "highway_type": "residential",
        "lanes": 2,
        "width_m": 7.0,
        "length_m": 37.52,
        "maxspeed_kmh": 30,
        "oneway": false,
        "bridge": false,
        "tunnel": false,
        "midpoint_grid_row": 125,
        "midpoint_grid_col": 138,
        "elevation_m": 4.62,
        "start_node": "RN-0237",
        "end_node": "RN-0238"
      },
      "geometry": {
        "type": "LineString",
        "coordinates": [
          [
            72.863122,
            19.071847
          ],
          [
            72.863026,
            19.071522
          ]
        ]
      }
    },
    {
      "type": "Feature",
      "properties": {
        "id": "R-0204",
        "osm_id": 215040169,
        "name": "Unnamed Residential Road",
        "highway_type": "residential",
        "lanes": 2,
        "width_m": 7.0,
        "length_m": 34.25,
        "maxspeed_kmh": 30,
        "oneway": false,
        "bridge": false,
        "tunnel": false,
        "midpoint_grid_row": 123,
        "midpoint_grid_col": 138,
        "elevation_m": 3.23,
        "start_node": "RN-0238",
        "end_node": "RN-0239"
      },
      "geometry": {
        "type": "LineString",
        "coordinates": [
          [
            72.863026,
            19.071522
          ],
          [
            72.863001,
            19.071379
          ],
          [
            72.863005,
            19.071216
          ]
        ]
      }
    },
    {
      "type": "Feature",
      "properties": {
        "id": "R-0205",
        "osm_id": 215040191,
        "name": "Unnamed Residential Road",
        "highway_type": "residential",
        "lanes": 2,
        "width_m": 7.0,
        "length_m": 74.13,
        "maxspeed_kmh": 30,
        "oneway": false,
        "bridge": false,
        "tunnel": false,
        "midpoint_grid_row": 173,
        "midpoint_grid_col": 127,
        "elevation_m": 5.15,
        "start_node": "RN-0240",
        "end_node": "RN-0241"
      },
      "geometry": {
        "type": "LineString",
        "coordinates": [
          [
            72.86202,
            19.075867
          ],
          [
            72.86197,
            19.075903
          ],
          [
            72.861463,
            19.076276
          ]
        ]
      }
    },
    {
      "type": "Feature",
      "properties": {
        "id": "R-0206",
        "osm_id": 215040203,
        "name": "Unnamed Residential Road",
        "highway_type": "residential",
        "lanes": 2,
        "width_m": 7.0,
        "length_m": 98.78,
        "maxspeed_kmh": 30,
        "oneway": false,
        "bridge": false,
        "tunnel": false,
        "midpoint_grid_row": 163,
        "midpoint_grid_col": 138,
        "elevation_m": 4.53,
        "start_node": "RN-0056",
        "end_node": "RN-0053"
      },
      "geometry": {
        "type": "LineString",
        "coordinates": [
          [
            72.862496,
            19.075174
          ],
          [
            72.862987,
            19.07499
          ],
          [
            72.863027,
            19.074967
          ],
          [
            72.86306,
            19.074927
          ],
          [
            72.863072,
            19.074633
          ]
        ]
      }
    },
    {
      "type": "Feature",
      "properties": {
        "id": "R-0207",
        "osm_id": 215040236,
        "name": "Unnamed Residential Road",
        "highway_type": "residential",
        "lanes": 2,
        "width_m": 7.0,
        "length_m": 89.24,
        "maxspeed_kmh": 30,
        "oneway": false,
        "bridge": false,
        "tunnel": false,
        "midpoint_grid_row": 142,
        "midpoint_grid_col": 127,
        "elevation_m": 10.2,
        "start_node": "RN-0242",
        "end_node": "RN-0233"
      },
      "geometry": {
        "type": "LineString",
        "coordinates": [
          [
            72.861094,
            19.072914
          ],
          [
            72.861918,
            19.073108
          ]
        ]
      }
    },
    {
      "type": "Feature",
      "properties": {
        "id": "R-0208",
        "osm_id": 215040236,
        "name": "Unnamed Residential Road",
        "highway_type": "residential",
        "lanes": 2,
        "width_m": 7.0,
        "length_m": 37.48,
        "maxspeed_kmh": 30,
        "oneway": false,
        "bridge": false,
        "tunnel": false,
        "midpoint_grid_row": 146,
        "midpoint_grid_col": 129,
        "elevation_m": 12.52,
        "start_node": "RN-0233",
        "end_node": "RN-0243"
      },
      "geometry": {
        "type": "LineString",
        "coordinates": [
          [
            72.861918,
            19.073108
          ],
          [
            72.862115,
            19.073389
          ]
        ]
      }
    },
    {
      "type": "Feature",
      "properties": {
        "id": "R-0209",
        "osm_id": 215040241,
        "name": "Unnamed Residential Road",
        "highway_type": "residential",
        "lanes": 2,
        "width_m": 7.0,
        "length_m": 67.29,
        "maxspeed_kmh": 30,
        "oneway": false,
        "bridge": false,
        "tunnel": false,
        "midpoint_grid_row": 168,
        "midpoint_grid_col": 125,
        "elevation_m": 6.69,
        "start_node": "RN-0240",
        "end_node": "RN-0244"
      },
      "geometry": {
        "type": "LineString",
        "coordinates": [
          [
            72.86202,
            19.075867
          ],
          [
            72.861842,
            19.07555
          ],
          [
            72.861768,
            19.07542
          ],
          [
            72.861863,
            19.075379
          ]
        ]
      }
    },
    {
      "type": "Feature",
      "properties": {
        "id": "R-0210",
        "osm_id": 215040241,
        "name": "Unnamed Residential Road",
        "highway_type": "residential",
        "lanes": 2,
        "width_m": 7.0,
        "length_m": 71.22,
        "maxspeed_kmh": 30,
        "oneway": false,
        "bridge": false,
        "tunnel": false,
        "midpoint_grid_row": 166,
        "midpoint_grid_col": 130,
        "elevation_m": 7.97,
        "start_node": "RN-0244",
        "end_node": "RN-0055"
      },
      "geometry": {
        "type": "LineString",
        "coordinates": [
          [
            72.861863,
            19.075379
          ],
          [
            72.862261,
            19.075205
          ],
          [
            72.862478,
            19.07511
          ]
        ]
      }
    },
    {
      "type": "Feature",
      "properties": {
        "id": "R-0211",
        "osm_id": 215059222,
        "name": "Unnamed Residential Road",
        "highway_type": "residential",
        "lanes": 2,
        "width_m": 7.0,
        "length_m": 271.19,
        "maxspeed_kmh": 30,
        "oneway": false,
        "bridge": false,
        "tunnel": false,
        "midpoint_grid_row": 167,
        "midpoint_grid_col": 37,
        "elevation_m": 4.06,
        "start_node": "RN-0200",
        "end_node": "RN-0245"
      },
      "geometry": {
        "type": "LineString",
        "coordinates": [
          [
            72.853529,
            19.07672
          ],
          [
            72.853523,
            19.076398
          ],
          [
            72.853488,
            19.076249
          ],
          [
            72.853392,
            19.075596
          ],
          [
            72.853378,
            19.075303
          ],
          [
            72.853083,
            19.074534
          ],
          [
            72.853082,
            19.074454
          ],
          [
            72.853135,
            19.074352
          ]
        ]
      }
    },
    {
      "type": "Feature",
      "properties": {
        "id": "R-0212",
        "osm_id": 215059294,
        "name": "Unnamed Residential Road",
        "highway_type": "residential",
        "lanes": 2,
        "width_m": 7.0,
        "length_m": 226.44,
        "maxspeed_kmh": 30,
        "oneway": false,
        "bridge": false,
        "tunnel": false,
        "midpoint_grid_row": 104,
        "midpoint_grid_col": 138,
        "elevation_m": 6.98,
        "start_node": "RN-0246",
        "end_node": "RN-0247"
      },
      "geometry": {
        "type": "LineString",
        "coordinates": [
          [
            72.863263,
            19.071031
          ],
          [
            72.863177,
            19.070528
          ],
          [
            72.863111,
            19.070144
          ],
          [
            72.863078,
            19.070007
          ],
          [
            72.862985,
            19.069624
          ],
          [
            72.862978,
            19.069478
          ],
          [
            72.863018,
            19.069449
          ],
          [
            72.863228,
            19.069203
          ],
          [
            72.863255,
            19.069112
          ]
        ]
      }
    },
    {
      "type": "Feature",
      "properties": {
        "id": "R-0213",
        "osm_id": 235862013,
        "name": "Pipeline Road",
        "highway_type": "residential",
        "lanes": 2,
        "width_m": 7.0,
        "length_m": 377.95,
        "maxspeed_kmh": 30,
        "oneway": false,
        "bridge": false,
        "tunnel": false,
        "midpoint_grid_row": 173,
        "midpoint_grid_col": 0,
        "elevation_m": 6.11,
        "start_node": "RN-0248",
        "end_node": "RN-0193"
      },
      "geometry": {
        "type": "LineString",
        "coordinates": [
          [
            72.848376,
            19.074018
          ],
          [
            72.849041,
            19.075063
          ],
          [
            72.849133,
            19.075204
          ],
          [
            72.849312,
            19.075501
          ],
          [
            72.849562,
            19.07592
          ],
          [
            72.849778,
            19.076238
          ],
          [
            72.849883,
            19.07639
          ],
          [
            72.850037,
            19.076617
          ],
          [
            72.850222,
            19.076934
          ]
        ]
      }
    },
    {
      "type": "Feature",
      "properties": {
        "id": "R-0214",
        "osm_id": 260786313,
        "name": "Bandra Kurla Complex Road",
        "highway_type": "primary",
        "lanes": 3,
        "width_m": 10.5,
        "length_m": 415.15,
        "maxspeed_kmh": 50,
        "oneway": true,
        "bridge": false,
        "tunnel": false,
        "midpoint_grid_row": 116,
        "midpoint_grid_col": 199,
        "elevation_m": 7.36,
        "start_node": "RN-0249",
        "end_node": "RN-0250"
      },
      "geometry": {
        "type": "LineString",
        "coordinates": [
          [
            72.872174,
            19.070981
          ],
          [
            72.871974,
            19.07094
          ],
          [
            72.871724,
            19.070884
          ],
          [
            72.871472,
            19.07082
          ],
          [
            72.871199,
            19.070714
          ],
          [
            72.870931,
            19.070585
          ],
          [
            72.870661,
            19.070428
          ],
          [
            72.869084,
            19.069449
          ],
          [
            72.868726,
            19.069227
          ]
        ]
      }
    },
    {
      "type": "Feature",
      "properties": {
        "id": "R-0215",
        "osm_id": 260786313,
        "name": "Bandra Kurla Complex Road",
        "highway_type": "primary",
        "lanes": 3,
        "width_m": 10.5,
        "length_m": 28.4,
        "maxspeed_kmh": 50,
        "oneway": true,
        "bridge": false,
        "tunnel": false,
        "midpoint_grid_row": 98,
        "midpoint_grid_col": 196,
        "elevation_m": 4.33,
        "start_node": "RN-0250",
        "end_node": "RN-0251"
      },
      "geometry": {
        "type": "LineString",
        "coordinates": [
          [
            72.868726,
            19.069227
          ],
          [
            72.8685,
            19.069087
          ]
        ]
      }
    },
    {
      "type": "Feature",
      "properties": {
        "id": "R-0216",
        "osm_id": 260786313,
        "name": "Bandra Kurla Complex Road",
        "highway_type": "primary",
        "lanes": 3,
        "width_m": 10.5,
        "length_m": 8.06,
        "maxspeed_kmh": 50,
        "oneway": true,
        "bridge": false,
        "tunnel": false,
        "midpoint_grid_row": 98,
        "midpoint_grid_col": 195,
        "elevation_m": 4.49,
        "start_node": "RN-0251",
        "end_node": "RN-0252"
      },
      "geometry": {
        "type": "LineString",
        "coordinates": [
          [
            72.8685,
            19.069087
          ],
          [
            72.868436,
            19.069047
          ]
        ]
      }
    },
    {
      "type": "Feature",
      "properties": {
        "id": "R-0217",
        "osm_id": 260786313,
        "name": "Bandra Kurla Complex Road",
        "highway_type": "primary",
        "lanes": 3,
        "width_m": 10.5,
        "length_m": 346.77,
        "maxspeed_kmh": 50,
        "oneway": true,
        "bridge": false,
        "tunnel": false,
        "midpoint_grid_row": 94,
        "midpoint_grid_col": 189,
        "elevation_m": 3.23,
        "start_node": "RN-0252",
        "end_node": "RN-0253"
      },
      "geometry": {
        "type": "LineString",
        "coordinates": [
          [
            72.868436,
            19.069047
          ],
          [
            72.868244,
            19.068928
          ],
          [
            72.867841,
            19.068678
          ],
          [
            72.867758,
            19.068626
          ],
          [
            72.865678,
            19.067335
          ]
        ]
      }
    },
    {
      "type": "Feature",
      "properties": {
        "id": "R-0218",
        "osm_id": 260786313,
        "name": "Bandra Kurla Complex Road",
        "highway_type": "primary",
        "lanes": 3,
        "width_m": 10.5,
        "length_m": 35.22,
        "maxspeed_kmh": 50,
        "oneway": true,
        "bridge": false,
        "tunnel": false,
        "midpoint_grid_row": 77,
        "midpoint_grid_col": 163,
        "elevation_m": 11.19,
        "start_node": "RN-0253",
        "end_node": "RN-0036"
      },
      "geometry": {
        "type": "LineString",
        "coordinates": [
          [
            72.865678,
            19.067335
          ],
          [
            72.865398,
            19.067161
          ]
        ]
      }
    },
    {
      "type": "Feature",
      "properties": {
        "id": "R-0219",
        "osm_id": 260786313,
        "name": "Bandra Kurla Complex Road",
        "highway_type": "primary",
        "lanes": 3,
        "width_m": 10.5,
        "length_m": 8.21,
        "maxspeed_kmh": 50,
        "oneway": true,
        "bridge": false,
        "tunnel": false,
        "midpoint_grid_row": 76,
        "midpoint_grid_col": 163,
        "elevation_m": 11.49,
        "start_node": "RN-0036",
        "end_node": "RN-0045"
      },
      "geometry": {
        "type": "LineString",
        "coordinates": [
          [
            72.865398,
            19.067161
          ],
          [
            72.865333,
            19.06712
          ]
        ]
      }
    },
    {
      "type": "Feature",
      "properties": {
        "id": "R-0220",
        "osm_id": 260786313,
        "name": "Bandra Kurla Complex Road",
        "highway_type": "primary",
        "lanes": 3,
        "width_m": 10.5,
        "length_m": 386.35,
        "maxspeed_kmh": 50,
        "oneway": true,
        "bridge": false,
        "tunnel": false,
        "midpoint_grid_row": 59,
        "midpoint_grid_col": 136,
        "elevation_m": 9.97,
        "start_node": "RN-0045",
        "end_node": "RN-0026"
      },
      "geometry": {
        "type": "LineString",
        "coordinates": [
          [
            72.865333,
            19.06712
          ],
          [
            72.864811,
            19.066797
          ],
          [
            72.862802,
            19.065549
          ],
          [
            72.86252,
            19.065374
          ],
          [
            72.86226,
            19.065213
          ]
        ]
      }
    },
    {
      "type": "Feature",
      "properties": {
        "id": "R-0221",
        "osm_id": 260786313,
        "name": "Bandra Kurla Complex Road",
        "highway_type": "primary",
        "lanes": 3,
        "width_m": 10.5,
        "length_m": 8.15,
        "maxspeed_kmh": 50,
        "oneway": true,
        "bridge": false,
        "tunnel": false,
        "midpoint_grid_row": 55,
        "midpoint_grid_col": 129,
        "elevation_m": 12.46,
        "start_node": "RN-0026",
        "end_node": "RN-0254"
      },
      "geometry": {
        "type": "LineString",
        "coordinates": [
          [
            72.86226,
            19.065213
          ],
          [
            72.862195,
            19.065173
          ]
        ]
      }
    },
    {
      "type": "Feature",
      "properties": {
        "id": "R-0222",
        "osm_id": 260786313,
        "name": "Bandra Kurla Complex Road",
        "highway_type": "primary",
        "lanes": 3,
        "width_m": 10.5,
        "length_m": 27.69,
        "maxspeed_kmh": 50,
        "oneway": true,
        "bridge": false,
        "tunnel": false,
        "midpoint_grid_row": 53,
        "midpoint_grid_col": 127,
        "elevation_m": 13.32,
        "start_node": "RN-0254",
        "end_node": "RN-0255"
      },
      "geometry": {
        "type": "LineString",
        "coordinates": [
          [
            72.862195,
            19.065173
          ],
          [
            72.861975,
            19.065036
          ]
        ]
      }
    },
    {
      "type": "Feature",
      "properties": {
        "id": "R-0223",
        "osm_id": 260786313,
        "name": "Bandra Kurla Complex Road",
        "highway_type": "primary",
        "lanes": 3,
        "width_m": 10.5,
        "length_m": 340.73,
        "maxspeed_kmh": 50,
        "oneway": true,
        "bridge": false,
        "tunnel": false,
        "midpoint_grid_row": 40,
        "midpoint_grid_col": 109,
        "elevation_m": 12.34,
        "start_node": "RN-0255",
        "end_node": "RN-0256"
      },
      "geometry": {
        "type": "LineString",
        "coordinates": [
          [
            72.861975,
            19.065036
          ],
          [
            72.861206,
            19.064559
          ],
          [
            72.860889,
            19.064362
          ],
          [
            72.860758,
            19.064271
          ],
          [
            72.860675,
            19.064215
          ],
          [
            72.860534,
            19.0641
          ],
          [
            72.860281,
            19.06385
          ],
          [
            72.860146,
            19.063688
          ],
          [
            72.859982,
            19.063464
          ],
          [
            72.859872,
            19.063292
          ],
          [
            72.859793,
            19.06313
          ],
          [
            72.859708,
            19.06294
          ]
        ]
      }
    },
    {
      "type": "Feature",
      "properties": {
        "id": "R-0224",
        "osm_id": 260786313,
        "name": "Bandra Kurla Complex Road",
        "highway_type": "primary",
        "lanes": 3,
        "width_m": 10.5,
        "length_m": 47.32,
        "maxspeed_kmh": 50,
        "oneway": true,
        "bridge": false,
        "tunnel": false,
        "midpoint_grid_row": 28,
        "midpoint_grid_col": 103,
        "elevation_m": 8.0,
        "start_node": "RN-0256",
        "end_node": "RN-0257"
      },
      "geometry": {
        "type": "LineString",
        "coordinates": [
          [
            72.859708,
            19.06294
          ],
          [
            72.859653,
            19.062763
          ],
          [
            72.859596,
            19.062528
          ]
        ]
      }
    },
    {
      "type": "Feature",
      "properties": {
        "id": "R-0225",
        "osm_id": 275773892,
        "name": "Santa Cruz \u2013 Chembur Link Road",
        "highway_type": "trunk",
        "lanes": 3,
        "width_m": 10.5,
        "length_m": 283.86,
        "maxspeed_kmh": 60,
        "oneway": true,
        "bridge": false,
        "tunnel": false,
        "midpoint_grid_row": 147,
        "midpoint_grid_col": 199,
        "elevation_m": -0.88,
        "start_node": "RN-0258",
        "end_node": "RN-0259"
      },
      "geometry": {
        "type": "LineString",
        "coordinates": [
          [
            72.870955,
            19.074301
          ],
          [
            72.870048,
            19.073923
          ],
          [
            72.869918,
            19.073866
          ],
          [
            72.869145,
            19.073508
          ],
          [
            72.869068,
            19.073475
          ],
          [
            72.868505,
            19.073227
          ]
        ]
      }
    },
    {
      "type": "Feature",
      "properties": {
        "id": "R-0226",
        "osm_id": 275773892,
        "name": "Santa Cruz \u2013 Chembur Link Road",
        "highway_type": "trunk",
        "lanes": 3,
        "width_m": 10.5,
        "length_m": 95.49,
        "maxspeed_kmh": 60,
        "oneway": true,
        "bridge": false,
        "tunnel": false,
        "midpoint_grid_row": 140,
        "midpoint_grid_col": 187,
        "elevation_m": 6.45,
        "start_node": "RN-0259",
        "end_node": "RN-0260"
      },
      "geometry": {
        "type": "LineString",
        "coordinates": [
          [
            72.868505,
            19.073227
          ],
          [
            72.86768,
            19.072867
          ]
        ]
      }
    },
    {
      "type": "Feature",
      "properties": {
        "id": "R-0227",
        "osm_id": 275773892,
        "name": "Santa Cruz \u2013 Chembur Link Road",
        "highway_type": "trunk",
        "lanes": 3,
        "width_m": 10.5,
        "length_m": 96.83,
        "maxspeed_kmh": 60,
        "oneway": true,
        "bridge": false,
        "tunnel": false,
        "midpoint_grid_row": 137,
        "midpoint_grid_col": 182,
        "elevation_m": 6.11,
        "start_node": "RN-0260",
        "end_node": "RN-0261"
      },
      "geometry": {
        "type": "LineString",
        "coordinates": [
          [
            72.86768,
            19.072867
          ],
          [
            72.867145,
            19.072637
          ],
          [
            72.866843,
            19.072503
          ]
        ]
      }
    },
    {
      "type": "Feature",
      "properties": {
        "id": "R-0228",
        "osm_id": 275773892,
        "name": "Santa Cruz \u2013 Chembur Link Road",
        "highway_type": "trunk",
        "lanes": 3,
        "width_m": 10.5,
        "length_m": 362.71,
        "maxspeed_kmh": 60,
        "oneway": true,
        "bridge": false,
        "tunnel": false,
        "midpoint_grid_row": 128,
        "midpoint_grid_col": 161,
        "elevation_m": 6.87,
        "start_node": "RN-0261",
        "end_node": "RN-0262"
      },
      "geometry": {
        "type": "LineString",
        "coordinates": [
          [
            72.866843,
            19.072503
          ],
          [
            72.866296,
            19.072264
          ],
          [
            72.865827,
            19.072059
          ],
          [
            72.86523,
            19.071798
          ],
          [
            72.864761,
            19.071593
          ],
          [
            72.863883,
            19.071205
          ],
          [
            72.863705,
            19.071147
          ]
        ]
      }
    },
    {
      "type": "Feature",
      "properties": {
        "id": "R-0229",
        "osm_id": 275773892,
        "name": "Santa Cruz \u2013 Chembur Link Road",
        "highway_type": "trunk",
        "lanes": 3,
        "width_m": 10.5,
        "length_m": 48.27,
        "maxspeed_kmh": 60,
        "oneway": true,
        "bridge": false,
        "tunnel": false,
        "midpoint_grid_row": 120,
        "midpoint_grid_col": 143,
        "elevation_m": 4.24,
        "start_node": "RN-0262",
        "end_node": "RN-0246"
      },
      "geometry": {
        "type": "LineString",
        "coordinates": [
          [
            72.863705,
            19.071147
          ],
          [
            72.863509,
            19.071084
          ],
          [
            72.863263,
            19.071031
          ]
        ]
      }
    },
    {
      "type": "Feature",
      "properties": {
        "id": "R-0230",
        "osm_id": 275773892,
        "name": "Santa Cruz \u2013 Chembur Link Road",
        "highway_type": "trunk",
        "lanes": 3,
        "width_m": 10.5,
        "length_m": 64.29,
        "maxspeed_kmh": 60,
        "oneway": true,
        "bridge": false,
        "tunnel": false,
        "midpoint_grid_row": 119,
        "midpoint_grid_col": 137,
        "elevation_m": 2.91,
        "start_node": "RN-0246",
        "end_node": "RN-0263"
      },
      "geometry": {
        "type": "LineString",
        "coordinates": [
          [
            72.863263,
            19.071031
          ],
          [
            72.86305,
            19.07101
          ],
          [
            72.862886,
            19.071012
          ],
          [
            72.862653,
            19.071028
          ]
        ]
      }
    },
    {
      "type": "Feature",
      "properties": {
        "id": "R-0231",
        "osm_id": 275773892,
        "name": "Santa Cruz \u2013 Chembur Link Road",
        "highway_type": "trunk",
        "lanes": 3,
        "width_m": 10.5,
        "length_m": 128.44,
        "maxspeed_kmh": 60,
        "oneway": true,
        "bridge": false,
        "tunnel": false,
        "midpoint_grid_row": 121,
        "midpoint_grid_col": 129,
        "elevation_m": 2.06,
        "start_node": "RN-0263",
        "end_node": "RN-0264"
      },
      "geometry": {
        "type": "LineString",
        "coordinates": [
          [
            72.862653,
            19.071028
          ],
          [
            72.862609,
            19.071035
          ],
          [
            72.862435,
            19.071063
          ],
          [
            72.862138,
            19.071149
          ],
          [
            72.861927,
            19.071241
          ],
          [
            72.861706,
            19.071372
          ],
          [
            72.861557,
            19.071494
          ]
        ]
      }
    },
    {
      "type": "Feature",
      "properties": {
        "id": "R-0232",
        "osm_id": 275773892,
        "name": "Santa Cruz \u2013 Chembur Link Road",
        "highway_type": "trunk",
        "lanes": 3,
        "width_m": 10.5,
        "length_m": 31.34,
        "maxspeed_kmh": 60,
        "oneway": true,
        "bridge": false,
        "tunnel": false,
        "midpoint_grid_row": 127,
        "midpoint_grid_col": 121,
        "elevation_m": 2.13,
        "start_node": "RN-0264",
        "end_node": "RN-0265"
      },
      "geometry": {
        "type": "LineString",
        "coordinates": [
          [
            72.861557,
            19.071494
          ],
          [
            72.861349,
            19.071696
          ]
        ]
      }
    },
    {
      "type": "Feature",
      "properties": {
        "id": "R-0233",
        "osm_id": 275773892,
        "name": "Santa Cruz \u2013 Chembur Link Road",
        "highway_type": "trunk",
        "lanes": 3,
        "width_m": 10.5,
        "length_m": 141.69,
        "maxspeed_kmh": 60,
        "oneway": true,
        "bridge": false,
        "tunnel": false,
        "midpoint_grid_row": 138,
        "midpoint_grid_col": 116,
        "elevation_m": 5.36,
        "start_node": "RN-0265",
        "end_node": "RN-0266"
      },
      "geometry": {
        "type": "LineString",
        "coordinates": [
          [
            72.861349,
            19.071696
          ],
          [
            72.861153,
            19.071986
          ],
          [
            72.860924,
            19.072681
          ],
          [
            72.86086,
            19.072874
          ]
        ]
      }
    },
    {
      "type": "Feature",
      "properties": {
        "id": "R-0234",
        "osm_id": 286066406,
        "name": "Avenue 3: Lane 3",
        "highway_type": "secondary",
        "lanes": 2,
        "width_m": 7.0,
        "length_m": 388.64,
        "maxspeed_kmh": 40,
        "oneway": true,
        "bridge": false,
        "tunnel": false,
        "midpoint_grid_row": 51,
        "midpoint_grid_col": 169,
        "elevation_m": 6.1,
        "start_node": "RN-0267",
        "end_node": "RN-0029"
      },
      "geometry": {
        "type": "LineString",
        "coordinates": [
          [
            72.866491,
            19.066074
          ],
          [
            72.866466,
            19.066046
          ],
          [
            72.866446,
            19.066013
          ],
          [
            72.866363,
            19.065911
          ],
          [
            72.866287,
            19.065788
          ],
          [
            72.866265,
            19.065731
          ],
          [
            72.866191,
            19.065544
          ],
          [
            72.865948,
            19.06493
          ],
          [
            72.865903,
            19.064816
          ],
          [
            72.865856,
            19.064698
          ],
          [
            72.865755,
            19.06444
          ],
          [
            72.865559,
            19.063943
          ],
          [
            72.865446,
            19.063659
          ],
          [
            72.865373,
            19.063474
          ],
          [
            72.865287,
            19.063257
          ],
          [
            72.865256,
            19.063179
          ],
          [
            72.865129,
            19.062835
          ]
        ]
      }
    },
    {
      "type": "Feature",
      "properties": {
        "id": "R-0235",
        "osm_id": 286066406,
        "name": "Avenue 3: Lane 3",
        "highway_type": "secondary",
        "lanes": 2,
        "width_m": 7.0,
        "length_m": 11.05,
        "maxspeed_kmh": 40,
        "oneway": true,
        "bridge": false,
        "tunnel": false,
        "midpoint_grid_row": 28,
        "midpoint_grid_col": 160,
        "elevation_m": 10.03,
        "start_node": "RN-0029",
        "end_node": "RN-0268"
      },
      "geometry": {
        "type": "LineString",
        "coordinates": [
          [
            72.865129,
            19.062835
          ],
          [
            72.865092,
            19.062742
          ]
        ]
      }
    },
    {
      "type": "Feature",
      "properties": {
        "id": "R-0236",
        "osm_id": 286066406,
        "name": "Avenue 3: Lane 3",
        "highway_type": "secondary",
        "lanes": 2,
        "width_m": 7.0,
        "length_m": 233.58,
        "maxspeed_kmh": 40,
        "oneway": true,
        "bridge": false,
        "tunnel": false,
        "midpoint_grid_row": 8,
        "midpoint_grid_col": 152,
        "elevation_m": 12.52,
        "start_node": "RN-0268",
        "end_node": "RN-0269"
      },
      "geometry": {
        "type": "LineString",
        "coordinates": [
          [
            72.865092,
            19.062742
          ],
          [
            72.864399,
            19.060974
          ],
          [
            72.864379,
            19.060923
          ],
          [
            72.864374,
            19.060909
          ],
          [
            72.86433,
            19.060769
          ]
        ]
      }
    },
    {
      "type": "Feature",
      "properties": {
        "id": "R-0237",
        "osm_id": 286066409,
        "name": "Avenue 3: Lane 1",
        "highway_type": "tertiary",
        "lanes": 2,
        "width_m": 7.0,
        "length_m": 11.97,
        "maxspeed_kmh": 30,
        "oneway": true,
        "bridge": false,
        "tunnel": false,
        "midpoint_grid_row": 0,
        "midpoint_grid_col": 108,
        "elevation_m": 13.0,
        "start_node": "RN-0270",
        "end_node": "RN-0271"
      },
      "geometry": {
        "type": "LineString",
        "coordinates": [
          [
            72.860134,
            19.059286
          ],
          [
            72.860198,
            19.059375
          ]
        ]
      }
    },
    {
      "type": "Feature",
      "properties": {
        "id": "R-0238",
        "osm_id": 286066409,
        "name": "Avenue 3: Lane 1",
        "highway_type": "tertiary",
        "lanes": 2,
        "width_m": 7.0,
        "length_m": 315.63,
        "maxspeed_kmh": 30,
        "oneway": true,
        "bridge": false,
        "tunnel": false,
        "midpoint_grid_row": 11,
        "midpoint_grid_col": 111,
        "elevation_m": 13.76,
        "start_node": "RN-0271",
        "end_node": "RN-0272"
      },
      "geometry": {
        "type": "LineString",
        "coordinates": [
          [
            72.860198,
            19.059375
          ],
          [
            72.86047,
            19.059793
          ],
          [
            72.860564,
            19.06001
          ],
          [
            72.860572,
            19.060121
          ],
          [
            72.860579,
            19.06015
          ],
          [
            72.860458,
            19.060892
          ],
          [
            72.860407,
            19.061169
          ],
          [
            72.860403,
            19.061216
          ],
          [
            72.860407,
            19.061261
          ],
          [
            72.86041,
            19.061277
          ],
          [
            72.860484,
            19.061606
          ],
          [
            72.860497,
            19.061667
          ],
          [
            72.860596,
            19.06209
          ]
        ]
      }
    },
    {
      "type": "Feature",
      "properties": {
        "id": "R-0239",
        "osm_id": 286066412,
        "name": "Unnamed Tertiary Road",
        "highway_type": "tertiary",
        "lanes": 2,
        "width_m": 7.0,
        "length_m": 60.31,
        "maxspeed_kmh": 30,
        "oneway": true,
        "bridge": true,
        "tunnel": false,
        "midpoint_grid_row": 81,
        "midpoint_grid_col": 29,
        "elevation_m": -2.97,
        "start_node": "RN-0273",
        "end_node": "RN-0274"
      },
      "geometry": {
        "type": "LineString",
        "coordinates": [
          [
            72.852142,
            19.067374
          ],
          [
            72.852688,
            19.067541
          ]
        ]
      }
    },
    {
      "type": "Feature",
      "properties": {
        "id": "R-0240",
        "osm_id": 286066418,
        "name": "Kanzul Iman Road",
        "highway_type": "tertiary",
        "lanes": 2,
        "width_m": 7.0,
        "length_m": 335.43,
        "maxspeed_kmh": 30,
        "oneway": true,
        "bridge": false,
        "tunnel": false,
        "midpoint_grid_row": 123,
        "midpoint_grid_col": 199,
        "elevation_m": 5.36,
        "start_node": "RN-0042",
        "end_node": "RN-0275"
      },
      "geometry": {
        "type": "LineString",
        "coordinates": [
          [
            72.87026,
            19.072043
          ],
          [
            72.87022,
            19.071988
          ],
          [
            72.869887,
            19.071827
          ],
          [
            72.869053,
            19.071342
          ],
          [
            72.867915,
            19.07064
          ],
          [
            72.867581,
            19.070417
          ]
        ]
      }
    },
    {
      "type": "Feature",
      "properties": {
        "id": "R-0241",
        "osm_id": 286066419,
        "name": "Bharat Nagar Road",
        "highway_type": "tertiary",
        "lanes": 2,
        "width_m": 7.0,
        "length_m": 247.33,
        "maxspeed_kmh": 30,
        "oneway": true,
        "bridge": false,
        "tunnel": false,
        "midpoint_grid_row": 67,
        "midpoint_grid_col": 80,
        "elevation_m": 5.44,
        "start_node": "RN-0276",
        "end_node": "RN-0067"
      },
      "geometry": {
        "type": "LineString",
        "coordinates": [
          [
            72.857178,
            19.066354
          ],
          [
            72.85754,
            19.066296
          ],
          [
            72.859509,
            19.066049
          ]
        ]
      }
    },
    {
      "type": "Feature",
      "properties": {
        "id": "R-0242",
        "osm_id": 286066419,
        "name": "Bharat Nagar Road",
        "highway_type": "tertiary",
        "lanes": 2,
        "width_m": 7.0,
        "length_m": 54.38,
        "maxspeed_kmh": 30,
        "oneway": true,
        "bridge": false,
        "tunnel": false,
        "midpoint_grid_row": 64,
        "midpoint_grid_col": 107,
        "elevation_m": 10.08,
        "start_node": "RN-0067",
        "end_node": "RN-0277"
      },
      "geometry": {
        "type": "LineString",
        "coordinates": [
          [
            72.859509,
            19.066049
          ],
          [
            72.860022,
            19.065985
          ]
        ]
      }
    },
    {
      "type": "Feature",
      "properties": {
        "id": "R-0243",
        "osm_id": 286066419,
        "name": "Bharat Nagar Road",
        "highway_type": "tertiary",
        "lanes": 2,
        "width_m": 7.0,
        "length_m": 17.43,
        "maxspeed_kmh": 30,
        "oneway": true,
        "bridge": false,
        "tunnel": false,
        "midpoint_grid_row": 64,
        "midpoint_grid_col": 108,
        "elevation_m": 10.6,
        "start_node": "RN-0277",
        "end_node": "RN-0278"
      },
      "geometry": {
        "type": "LineString",
        "coordinates": [
          [
            72.860022,
            19.065985
          ],
          [
            72.860187,
            19.065969
          ]
        ]
      }
    },
    {
      "type": "Feature",
      "properties": {
        "id": "R-0244",
        "osm_id": 286066419,
        "name": "Bharat Nagar Road",
        "highway_type": "tertiary",
        "lanes": 2,
        "width_m": 7.0,
        "length_m": 102.16,
        "maxspeed_kmh": 30,
        "oneway": true,
        "bridge": false,
        "tunnel": false,
        "midpoint_grid_row": 62,
        "midpoint_grid_col": 118,
        "elevation_m": 12.04,
        "start_node": "RN-0278",
        "end_node": "RN-0279"
      },
      "geometry": {
        "type": "LineString",
        "coordinates": [
          [
            72.860187,
            19.065969
          ],
          [
            72.86115,
            19.065844
          ]
        ]
      }
    },
    {
      "type": "Feature",
      "properties": {
        "id": "R-0245",
        "osm_id": 286066419,
        "name": "Bharat Nagar Road",
        "highway_type": "tertiary",
        "lanes": 2,
        "width_m": 7.0,
        "length_m": 8.05,
        "maxspeed_kmh": 30,
        "oneway": true,
        "bridge": false,
        "tunnel": false,
        "midpoint_grid_row": 62,
        "midpoint_grid_col": 119,
        "elevation_m": 11.74,
        "start_node": "RN-0279",
        "end_node": "RN-0280"
      },
      "geometry": {
        "type": "LineString",
        "coordinates": [
          [
            72.86115,
            19.065844
          ],
          [
            72.861226,
            19.065835
          ]
        ]
      }
    },
    {
      "type": "Feature",
      "properties": {
        "id": "R-0246",
        "osm_id": 286066419,
        "name": "Bharat Nagar Road",
        "highway_type": "tertiary",
        "lanes": 2,
        "width_m": 7.0,
        "length_m": 114.41,
        "maxspeed_kmh": 30,
        "oneway": true,
        "bridge": false,
        "tunnel": false,
        "midpoint_grid_row": 62,
        "midpoint_grid_col": 122,
        "elevation_m": 10.0,
        "start_node": "RN-0280",
        "end_node": "RN-0169"
      },
      "geometry": {
        "type": "LineString",
        "coordinates": [
          [
            72.861226,
            19.065835
          ],
          [
            72.861365,
            19.065817
          ],
          [
            72.861461,
            19.065796
          ],
          [
            72.861517,
            19.065783
          ],
          [
            72.861641,
            19.065733
          ],
          [
            72.861754,
            19.065657
          ],
          [
            72.862146,
            19.065336
          ]
        ]
      }
    },
    {
      "type": "Feature",
      "properties": {
        "id": "R-0247",
        "osm_id": 286066431,
        "name": "Unnamed Primary_link Road",
        "highway_type": "primary_link",
        "lanes": 2,
        "width_m": 7.0,
        "length_m": 59.52,
        "maxspeed_kmh": 35,
        "oneway": true,
        "bridge": false,
        "tunnel": false,
        "midpoint_grid_row": 2,
        "midpoint_grid_col": 95,
        "elevation_m": 11.97,
        "start_node": "RN-0281",
        "end_node": "RN-0282"
      },
      "geometry": {
        "type": "LineString",
        "coordinates": [
          [
            72.858998,
            19.060689
          ],
          [
            72.858954,
            19.060526
          ],
          [
            72.858921,
            19.060337
          ],
          [
            72.858935,
            19.060162
          ]
        ]
      }
    },
    {
      "type": "Feature",
      "properties": {
        "id": "R-0248",
        "osm_id": 286066432,
        "name": "Unnamed Tertiary Road",
        "highway_type": "tertiary",
        "lanes": 2,
        "width_m": 7.0,
        "length_m": 72.21,
        "maxspeed_kmh": 30,
        "oneway": true,
        "bridge": false,
        "tunnel": false,
        "midpoint_grid_row": 77,
        "midpoint_grid_col": 16,
        "elevation_m": -1.47,
        "start_node": "RN-0142",
        "end_node": "RN-0283"
      },
      "geometry": {
        "type": "LineString",
        "coordinates": [
          [
            72.851186,
            19.066987
          ],
          [
            72.851254,
            19.067066
          ],
          [
            72.851469,
            19.067142
          ],
          [
            72.851797,
            19.067257
          ]
        ]
      }
    },
    {
      "type": "Feature",
      "properties": {
        "id": "R-0249",
        "osm_id": 286066432,
        "name": "Unnamed Tertiary Road",
        "highway_type": "tertiary",
        "lanes": 2,
        "width_m": 7.0,
        "length_m": 27.86,
        "maxspeed_kmh": 30,
        "oneway": true,
        "bridge": false,
        "tunnel": false,
        "midpoint_grid_row": 79,
        "midpoint_grid_col": 23,
        "elevation_m": 1.82,
        "start_node": "RN-0283",
        "end_node": "RN-0284"
      },
      "geometry": {
        "type": "LineString",
        "coordinates": [
          [
            72.851797,
            19.067257
          ],
          [
            72.852046,
            19.067343
          ]
        ]
      }
    },
    {
      "type": "Feature",
      "properties": {
        "id": "R-0250",
        "osm_id": 286066432,
        "name": "Unnamed Tertiary Road",
        "highway_type": "tertiary",
        "lanes": 2,
        "width_m": 7.0,
        "length_m": 10.66,
        "maxspeed_kmh": 30,
        "oneway": true,
        "bridge": false,
        "tunnel": false,
        "midpoint_grid_row": 79,
        "midpoint_grid_col": 24,
        "elevation_m": 1.71,
        "start_node": "RN-0284",
        "end_node": "RN-0273"
      },
      "geometry": {
        "type": "LineString",
        "coordinates": [
          [
            72.852046,
            19.067343
          ],
          [
            72.852142,
            19.067374
          ]
        ]
      }
    },
    {
      "type": "Feature",
      "properties": {
        "id": "R-0251",
        "osm_id": 286066434,
        "name": "Unnamed Primary_link Road",
        "highway_type": "primary_link",
        "lanes": 2,
        "width_m": 7.0,
        "length_m": 48.65,
        "maxspeed_kmh": 35,
        "oneway": true,
        "bridge": false,
        "tunnel": false,
        "midpoint_grid_row": 53,
        "midpoint_grid_col": 129,
        "elevation_m": 12.82,
        "start_node": "RN-0285",
        "end_node": "RN-0255"
      },
      "geometry": {
        "type": "LineString",
        "coordinates": [
          [
            72.862426,
            19.064949
          ],
          [
            72.862216,
            19.06501
          ],
          [
            72.86211,
            19.06503
          ],
          [
            72.861975,
            19.065036
          ]
        ]
      }
    },
    {
      "type": "Feature",
      "properties": {
        "id": "R-0252",
        "osm_id": 286066435,
        "name": "Unnamed Unclassified Road",
        "highway_type": "unclassified",
        "lanes": 2,
        "width_m": 7.0,
        "length_m": 119.82,
        "maxspeed_kmh": 30,
        "oneway": true,
        "bridge": false,
        "tunnel": false,
        "midpoint_grid_row": 0,
        "midpoint_grid_col": 189,
        "elevation_m": 10.0,
        "start_node": "RN-0286",
        "end_node": "RN-0287"
      },
      "geometry": {
        "type": "LineString",
        "coordinates": [
          [
            72.868036,
            19.059764
          ],
          [
            72.86796,
            19.059805
          ],
          [
            72.867822,
            19.059882
          ],
          [
            72.86705,
            19.060305
          ]
        ]
      }
    },
    {
      "type": "Feature",
      "properties": {
        "id": "R-0253",
        "osm_id": 286066436,
        "name": "Vidya Nagari Marg",
        "highway_type": "secondary",
        "lanes": 2,
        "width_m": 7.0,
        "length_m": 28.68,
        "maxspeed_kmh": 40,
        "oneway": true,
        "bridge": false,
        "tunnel": false,
        "midpoint_grid_row": 157,
        "midpoint_grid_col": 113,
        "elevation_m": 9.59,
        "start_node": "RN-0288",
        "end_node": "RN-0289"
      },
      "geometry": {
        "type": "LineString",
        "coordinates": [
          [
            72.860633,
            19.074719
          ],
          [
            72.8606,
            19.074463
          ]
        ]
      }
    },
    {
      "type": "Feature",
      "properties": {
        "id": "R-0254",
        "osm_id": 286066438,
        "name": "Street 9",
        "highway_type": "tertiary",
        "lanes": 2,
        "width_m": 7.0,
        "length_m": 9.81,
        "maxspeed_kmh": 30,
        "oneway": true,
        "bridge": false,
        "tunnel": false,
        "midpoint_grid_row": 81,
        "midpoint_grid_col": 199,
        "elevation_m": 2.0,
        "start_node": "RN-0071",
        "end_node": "RN-0290"
      },
      "geometry": {
        "type": "LineString",
        "coordinates": [
          [
            72.869574,
            19.067433
          ],
          [
            72.86952,
            19.067505
          ]
        ]
      }
    },
    {
      "type": "Feature",
      "properties": {
        "id": "R-0255",
        "osm_id": 286066438,
        "name": "Street 9",
        "highway_type": "tertiary",
        "lanes": 2,
        "width_m": 7.0,
        "length_m": 205.86,
        "maxspeed_kmh": 30,
        "oneway": true,
        "bridge": false,
        "tunnel": false,
        "midpoint_grid_row": 90,
        "midpoint_grid_col": 199,
        "elevation_m": 5.0,
        "start_node": "RN-0290",
        "end_node": "RN-0252"
      },
      "geometry": {
        "type": "LineString",
        "coordinates": [
          [
            72.86952,
            19.067505
          ],
          [
            72.869423,
            19.067643
          ],
          [
            72.869297,
            19.067823
          ],
          [
            72.868956,
            19.068307
          ],
          [
            72.868896,
            19.068394
          ],
          [
            72.868632,
            19.068768
          ],
          [
            72.868436,
            19.069047
          ]
        ]
      }
    },
    {
      "type": "Feature",
      "properties": {
        "id": "R-0256",
        "osm_id": 286066438,
        "name": "Street 9",
        "highway_type": "tertiary",
        "lanes": 2,
        "width_m": 7.0,
        "length_m": 18.03,
        "maxspeed_kmh": 30,
        "oneway": true,
        "bridge": false,
        "tunnel": false,
        "midpoint_grid_row": 99,
        "midpoint_grid_col": 194,
        "elevation_m": 4.41,
        "start_node": "RN-0252",
        "end_node": "RN-0170"
      },
      "geometry": {
        "type": "LineString",
        "coordinates": [
          [
            72.868436,
            19.069047
          ],
          [
            72.868341,
            19.069182
          ]
        ]
      }
    },
    {
      "type": "Feature",
      "properties": {
        "id": "R-0257",
        "osm_id": 286066439,
        "name": "Street 9",
        "highway_type": "tertiary",
        "lanes": 2,
        "width_m": 7.0,
        "length_m": 17.94,
        "maxspeed_kmh": 30,
        "oneway": true,
        "bridge": false,
        "tunnel": false,
        "midpoint_grid_row": 98,
        "midpoint_grid_col": 196,
        "elevation_m": 4.33,
        "start_node": "RN-0171",
        "end_node": "RN-0251"
      },
      "geometry": {
        "type": "LineString",
        "coordinates": [
          [
            72.868405,
            19.069221
          ],
          [
            72.8685,
            19.069087
          ]
        ]
      }
    },
    {
      "type": "Feature",
      "properties": {
        "id": "R-0258",
        "osm_id": 286066439,
        "name": "Street 9",
        "highway_type": "tertiary",
        "lanes": 2,
        "width_m": 7.0,
        "length_m": 28.79,
        "maxspeed_kmh": 30,
        "oneway": true,
        "bridge": false,
        "tunnel": false,
        "midpoint_grid_row": 96,
        "midpoint_grid_col": 197,
        "elevation_m": 4.95,
        "start_node": "RN-0251",
        "end_node": "RN-0291"
      },
      "geometry": {
        "type": "LineString",
        "coordinates": [
          [
            72.8685,
            19.069087
          ],
          [
            72.868651,
            19.068871
          ]
        ]
      }
    },
    {
      "type": "Feature",
      "properties": {
        "id": "R-0259",
        "osm_id": 286066439,
        "name": "Street 9",
        "highway_type": "tertiary",
        "lanes": 2,
        "width_m": 7.0,
        "length_m": 176.62,
        "maxspeed_kmh": 30,
        "oneway": true,
        "bridge": false,
        "tunnel": false,
        "midpoint_grid_row": 83,
        "midpoint_grid_col": 199,
        "elevation_m": 2.64,
        "start_node": "RN-0291",
        "end_node": "RN-0292"
      },
      "geometry": {
        "type": "LineString",
        "coordinates": [
          [
            72.868651,
            19.068871
          ],
          [
            72.86902,
            19.068347
          ],
          [
            72.869486,
            19.067684
          ],
          [
            72.869581,
            19.067548
          ]
        ]
      }
    },
    {
      "type": "Feature",
      "properties": {
        "id": "R-0260",
        "osm_id": 286066439,
        "name": "Street 9",
        "highway_type": "tertiary",
        "lanes": 2,
        "width_m": 7.0,
        "length_m": 9.45,
        "maxspeed_kmh": 30,
        "oneway": true,
        "bridge": false,
        "tunnel": false,
        "midpoint_grid_row": 80,
        "midpoint_grid_col": 199,
        "elevation_m": 2.0,
        "start_node": "RN-0292",
        "end_node": "RN-0070"
      },
      "geometry": {
        "type": "LineString",
        "coordinates": [
          [
            72.869581,
            19.067548
          ],
          [
            72.869635,
            19.06748
          ]
        ]
      }
    },
    {
      "type": "Feature",
      "properties": {
        "id": "R-0261",
        "osm_id": 286066440,
        "name": "Unnamed Primary_link Road",
        "highway_type": "primary_link",
        "lanes": 2,
        "width_m": 7.0,
        "length_m": 56.75,
        "maxspeed_kmh": 35,
        "oneway": true,
        "bridge": false,
        "tunnel": false,
        "midpoint_grid_row": 23,
        "midpoint_grid_col": 103,
        "elevation_m": 9.73,
        "start_node": "RN-0293",
        "end_node": "RN-0294"
      },
      "geometry": {
        "type": "LineString",
        "coordinates": [
          [
            72.859989,
            19.062309
          ],
          [
            72.859845,
            19.062299
          ],
          [
            72.859725,
            19.062277
          ],
          [
            72.859612,
            19.062222
          ],
          [
            72.859501,
            19.062132
          ]
        ]
      }
    },
    {
      "type": "Feature",
      "properties": {
        "id": "R-0262",
        "osm_id": 286066443,
        "name": "Unnamed Primary_link Road",
        "highway_type": "primary_link",
        "lanes": 2,
        "width_m": 7.0,
        "length_m": 68.09,
        "maxspeed_kmh": 35,
        "oneway": true,
        "bridge": false,
        "tunnel": false,
        "midpoint_grid_row": 27,
        "midpoint_grid_col": 104,
        "elevation_m": 8.03,
        "start_node": "RN-0256",
        "end_node": "RN-0295"
      },
      "geometry": {
        "type": "LineString",
        "coordinates": [
          [
            72.859708,
            19.06294
          ],
          [
            72.859735,
            19.062768
          ],
          [
            72.859762,
            19.062673
          ],
          [
            72.859802,
            19.062591
          ],
          [
            72.859861,
            19.062506
          ],
          [
            72.859966,
            19.062396
          ]
        ]
      }
    },
    {
      "type": "Feature",
      "properties": {
        "id": "R-0263",
        "osm_id": 286066444,
        "name": "Street 5",
        "highway_type": "tertiary",
        "lanes": 2,
        "width_m": 7.0,
        "length_m": 223.82,
        "maxspeed_kmh": 30,
        "oneway": true,
        "bridge": false,
        "tunnel": false,
        "midpoint_grid_row": 30,
        "midpoint_grid_col": 157,
        "elevation_m": 10.25,
        "start_node": "RN-0296",
        "end_node": "RN-0183"
      },
      "geometry": {
        "type": "LineString",
        "coordinates": [
          [
            72.864985,
            19.062774
          ],
          [
            72.864895,
            19.062804
          ],
          [
            72.864863,
            19.062815
          ],
          [
            72.864791,
            19.062882
          ],
          [
            72.863894,
            19.063663
          ],
          [
            72.863468,
            19.064036
          ],
          [
            72.863396,
            19.0641
          ]
        ]
      }
    },
    {
      "type": "Feature",
      "properties": {
        "id": "R-0264",
        "osm_id": 286066444,
        "name": "Street 5",
        "highway_type": "tertiary",
        "lanes": 2,
        "width_m": 7.0,
        "length_m": 138.94,
        "maxspeed_kmh": 30,
        "oneway": true,
        "bridge": false,
        "tunnel": false,
        "midpoint_grid_row": 49,
        "midpoint_grid_col": 135,
        "elevation_m": 7.02,
        "start_node": "RN-0183",
        "end_node": "RN-0285"
      },
      "geometry": {
        "type": "LineString",
        "coordinates": [
          [
            72.863396,
            19.0641
          ],
          [
            72.863377,
            19.064117
          ],
          [
            72.862756,
            19.06466
          ],
          [
            72.862426,
            19.064949
          ]
        ]
      }
    },
    {
      "type": "Feature",
      "properties": {
        "id": "R-0265",
        "osm_id": 286066444,
        "name": "Street 5",
        "highway_type": "tertiary",
        "lanes": 2,
        "width_m": 7.0,
        "length_m": 34.78,
        "maxspeed_kmh": 30,
        "oneway": true,
        "bridge": false,
        "tunnel": false,
        "midpoint_grid_row": 55,
        "midpoint_grid_col": 129,
        "elevation_m": 12.46,
        "start_node": "RN-0285",
        "end_node": "RN-0254"
      },
      "geometry": {
        "type": "LineString",
        "coordinates": [
          [
            72.862426,
            19.064949
          ],
          [
            72.862195,
            19.065173
          ]
        ]
      }
    },
    {
      "type": "Feature",
      "properties": {
        "id": "R-0266",
        "osm_id": 286066445,
        "name": "Unnamed Tertiary Road",
        "highway_type": "tertiary",
        "lanes": 2,
        "width_m": 7.0,
        "length_m": 65.05,
        "maxspeed_kmh": 30,
        "oneway": false,
        "bridge": false,
        "tunnel": false,
        "midpoint_grid_row": 63,
        "midpoint_grid_col": 191,
        "elevation_m": 5.0,
        "start_node": "RN-0073",
        "end_node": "RN-0297"
      },
      "geometry": {
        "type": "LineString",
        "coordinates": [
          [
            72.867924,
            19.065961
          ],
          [
            72.867956,
            19.065926
          ],
          [
            72.868018,
            19.065865
          ],
          [
            72.868093,
            19.065845
          ],
          [
            72.868494,
            19.065879
          ]
        ]
      }
    },
    {
      "type": "Feature",
      "properties": {
        "id": "R-0267",
        "osm_id": 286066445,
        "name": "Unnamed Tertiary Road",
        "highway_type": "tertiary",
        "lanes": 2,
        "width_m": 7.0,
        "length_m": 26.06,
        "maxspeed_kmh": 30,
        "oneway": false,
        "bridge": false,
        "tunnel": false,
        "midpoint_grid_row": 63,
        "midpoint_grid_col": 198,
        "elevation_m": 7.71,
        "start_node": "RN-0297",
        "end_node": "RN-0298"
      },
      "geometry": {
        "type": "LineString",
        "coordinates": [
          [
            72.868494,
            19.065879
          ],
          [
            72.868741,
            19.0659
          ]
        ]
      }
    },
    {
      "type": "Feature",
      "properties": {
        "id": "R-0268",
        "osm_id": 286066445,
        "name": "Unnamed Tertiary Road",
        "highway_type": "tertiary",
        "lanes": 2,
        "width_m": 7.0,
        "length_m": 216.24,
        "maxspeed_kmh": 30,
        "oneway": false,
        "bridge": false,
        "tunnel": false,
        "midpoint_grid_row": 66,
        "midpoint_grid_col": 199,
        "elevation_m": 5.78,
        "start_node": "RN-0298",
        "end_node": "RN-0299"
      },
      "geometry": {
        "type": "LineString",
        "coordinates": [
          [
            72.868741,
            19.0659
          ],
          [
            72.868793,
            19.065904
          ],
          [
            72.868902,
            19.065926
          ],
          [
            72.868963,
            19.065967
          ],
          [
            72.86916,
            19.066144
          ],
          [
            72.869806,
            19.066726
          ],
          [
            72.869988,
            19.06689
          ],
          [
            72.87013,
            19.067018
          ],
          [
            72.87028,
            19.067153
          ]
        ]
      }
    },
    {
      "type": "Feature",
      "properties": {
        "id": "R-0269",
        "osm_id": 436370653,
        "name": "Unnamed Residential Road",
        "highway_type": "residential",
        "lanes": 2,
        "width_m": 7.0,
        "length_m": 13.07,
        "maxspeed_kmh": 30,
        "oneway": false,
        "bridge": false,
        "tunnel": false,
        "midpoint_grid_row": 187,
        "midpoint_grid_col": 85,
        "elevation_m": 6.19,
        "start_node": "RN-0300",
        "end_node": "RN-0301"
      },
      "geometry": {
        "type": "LineString",
        "coordinates": [
          [
            72.858058,
            19.077161
          ],
          [
            72.858007,
            19.077125
          ],
          [
            72.857949,
            19.077108
          ]
        ]
      }
    },
    {
      "type": "Feature",
      "properties": {
        "id": "R-0270",
        "osm_id": 436370653,
        "name": "Unnamed Residential Road",
        "highway_type": "residential",
        "lanes": 2,
        "width_m": 7.0,
        "length_m": 23.24,
        "maxspeed_kmh": 30,
        "oneway": false,
        "bridge": false,
        "tunnel": false,
        "midpoint_grid_row": 187,
        "midpoint_grid_col": 84,
        "elevation_m": 6.34,
        "start_node": "RN-0301",
        "end_node": "RN-0302"
      },
      "geometry": {
        "type": "LineString",
        "coordinates": [
          [
            72.857949,
            19.077108
          ],
          [
            72.857888,
            19.077113
          ],
          [
            72.857753,
            19.077194
          ]
        ]
      }
    },
    {
      "type": "Feature",
      "properties": {
        "id": "R-0271",
        "osm_id": 436370653,
        "name": "Unnamed Residential Road",
        "highway_type": "residential",
        "lanes": 2,
        "width_m": 7.0,
        "length_m": 44.18,
        "maxspeed_kmh": 30,
        "oneway": false,
        "bridge": false,
        "tunnel": false,
        "midpoint_grid_row": 190,
        "midpoint_grid_col": 79,
        "elevation_m": 6.94,
        "start_node": "RN-0302",
        "end_node": "RN-0303"
      },
      "geometry": {
        "type": "LineString",
        "coordinates": [
          [
            72.857753,
            19.077194
          ],
          [
            72.857414,
            19.077429
          ]
        ]
      }
    },
    {
      "type": "Feature",
      "properties": {
        "id": "R-0272",
        "osm_id": 483006565,
        "name": "Vidhya Nagari Street",
        "highway_type": "residential",
        "lanes": 2,
        "width_m": 7.0,
        "length_m": 167.08,
        "maxspeed_kmh": 30,
        "oneway": false,
        "bridge": false,
        "tunnel": false,
        "midpoint_grid_row": 147,
        "midpoint_grid_col": 130,
        "elevation_m": 15.17,
        "start_node": "RN-0054",
        "end_node": "RN-0243"
      },
      "geometry": {
        "type": "LineString",
        "coordinates": [
          [
            72.862394,
            19.074817
          ],
          [
            72.862308,
            19.073836
          ],
          [
            72.862286,
            19.073539
          ],
          [
            72.862115,
            19.073389
          ]
        ]
      }
    },
    {
      "type": "Feature",
      "properties": {
        "id": "R-0273",
        "osm_id": 626142588,
        "name": "Unnamed Residential Road",
        "highway_type": "residential",
        "lanes": 2,
        "width_m": 7.0,
        "length_m": 13.12,
        "maxspeed_kmh": 30,
        "oneway": false,
        "bridge": false,
        "tunnel": false,
        "midpoint_grid_row": 167,
        "midpoint_grid_col": 71,
        "elevation_m": 6.87,
        "start_node": "RN-0304",
        "end_node": "RN-0305"
      },
      "geometry": {
        "type": "LineString",
        "coordinates": [
          [
            72.856634,
            19.07529
          ],
          [
            72.856647,
            19.075356
          ],
          [
            72.856657,
            19.075406
          ]
        ]
      }
    },
    {
      "type": "Feature",
      "properties": {
        "id": "R-0274",
        "osm_id": 626142588,
        "name": "Unnamed Residential Road",
        "highway_type": "residential",
        "lanes": 2,
        "width_m": 7.0,
        "length_m": 76.39,
        "maxspeed_kmh": 30,
        "oneway": false,
        "bridge": false,
        "tunnel": false,
        "midpoint_grid_row": 175,
        "midpoint_grid_col": 73,
        "elevation_m": 5.96,
        "start_node": "RN-0305",
        "end_node": "RN-0306"
      },
      "geometry": {
        "type": "LineString",
        "coordinates": [
          [
            72.856657,
            19.075406
          ],
          [
            72.856808,
            19.076078
          ]
        ]
      }
    },
    {
      "type": "Feature",
      "properties": {
        "id": "R-0275",
        "osm_id": 626142588,
        "name": "Unnamed Residential Road",
        "highway_type": "residential",
        "lanes": 2,
        "width_m": 7.0,
        "length_m": 45.5,
        "maxspeed_kmh": 30,
        "oneway": false,
        "bridge": false,
        "tunnel": false,
        "midpoint_grid_row": 180,
        "midpoint_grid_col": 74,
        "elevation_m": 5.7,
        "start_node": "RN-0306",
        "end_node": "RN-0307"
      },
      "geometry": {
        "type": "LineString",
        "coordinates": [
          [
            72.856808,
            19.076078
          ],
          [
            72.856904,
            19.076477
          ]
        ]
      }
    },
    {
      "type": "Feature",
      "properties": {
        "id": "R-0276",
        "osm_id": 626142588,
        "name": "Unnamed Residential Road",
        "highway_type": "residential",
        "lanes": 2,
        "width_m": 7.0,
        "length_m": 66.17,
        "maxspeed_kmh": 30,
        "oneway": false,
        "bridge": false,
        "tunnel": false,
        "midpoint_grid_row": 181,
        "midpoint_grid_col": 75,
        "elevation_m": 5.68,
        "start_node": "RN-0307",
        "end_node": "RN-0308"
      },
      "geometry": {
        "type": "LineString",
        "coordinates": [
          [
            72.856904,
            19.076477
          ],
          [
            72.856917,
            19.07653
          ],
          [
            72.85696,
            19.07659
          ],
          [
            72.856984,
            19.076605
          ],
          [
            72.857023,
            19.07663
          ],
          [
            72.857075,
            19.076633
          ],
          [
            72.857433,
            19.076555
          ]
        ]
      }
    },
    {
      "type": "Feature",
      "properties": {
        "id": "R-0277",
        "osm_id": 626142588,
        "name": "Unnamed Residential Road",
        "highway_type": "residential",
        "lanes": 2,
        "width_m": 7.0,
        "length_m": 18.13,
        "maxspeed_kmh": 30,
        "oneway": false,
        "bridge": false,
        "tunnel": false,
        "midpoint_grid_row": 180,
        "midpoint_grid_col": 81,
        "elevation_m": 5.95,
        "start_node": "RN-0308",
        "end_node": "RN-0309"
      },
      "geometry": {
        "type": "LineString",
        "coordinates": [
          [
            72.857433,
            19.076555
          ],
          [
            72.857601,
            19.076518
          ]
        ]
      }
    },
    {
      "type": "Feature",
      "properties": {
        "id": "R-0278",
        "osm_id": 626142588,
        "name": "Unnamed Residential Road",
        "highway_type": "residential",
        "lanes": 2,
        "width_m": 7.0,
        "length_m": 39.23,
        "maxspeed_kmh": 30,
        "oneway": false,
        "bridge": false,
        "tunnel": false,
        "midpoint_grid_row": 184,
        "midpoint_grid_col": 82,
        "elevation_m": 6.24,
        "start_node": "RN-0309",
        "end_node": "RN-0310"
      },
      "geometry": {
        "type": "LineString",
        "coordinates": [
          [
            72.857601,
            19.076518
          ],
          [
            72.857674,
            19.076864
          ]
        ]
      }
    },
    {
      "type": "Feature",
      "properties": {
        "id": "R-0279",
        "osm_id": 626142588,
        "name": "Unnamed Residential Road",
        "highway_type": "residential",
        "lanes": 2,
        "width_m": 7.0,
        "length_m": 21.46,
        "maxspeed_kmh": 30,
        "oneway": false,
        "bridge": false,
        "tunnel": false,
        "midpoint_grid_row": 186,
        "midpoint_grid_col": 82,
        "elevation_m": 6.11,
        "start_node": "RN-0310",
        "end_node": "RN-0311"
      },
      "geometry": {
        "type": "LineString",
        "coordinates": [
          [
            72.857674,
            19.076864
          ],
          [
            72.85772,
            19.077052
          ]
        ]
      }
    },
    {
      "type": "Feature",
      "properties": {
        "id": "R-0280",
        "osm_id": 626142588,
        "name": "Unnamed Residential Road",
        "highway_type": "residential",
        "lanes": 2,
        "width_m": 7.0,
        "length_m": 16.17,
        "maxspeed_kmh": 30,
        "oneway": false,
        "bridge": false,
        "tunnel": false,
        "midpoint_grid_row": 187,
        "midpoint_grid_col": 82,
        "elevation_m": 6.44,
        "start_node": "RN-0311",
        "end_node": "RN-0302"
      },
      "geometry": {
        "type": "LineString",
        "coordinates": [
          [
            72.85772,
            19.077052
          ],
          [
            72.857735,
            19.077118
          ],
          [
            72.857753,
            19.077194
          ]
        ]
      }
    },
    {
      "type": "Feature",
      "properties": {
        "id": "R-0281",
        "osm_id": 626142600,
        "name": "Unnamed Residential Road",
        "highway_type": "residential",
        "lanes": 2,
        "width_m": 7.0,
        "length_m": 173.41,
        "maxspeed_kmh": 30,
        "oneway": false,
        "bridge": false,
        "tunnel": false,
        "midpoint_grid_row": 199,
        "midpoint_grid_col": 92,
        "elevation_m": 1.05,
        "start_node": "RN-0017",
        "end_node": "RN-0312"
      },
      "geometry": {
        "type": "LineString",
        "coordinates": [
          [
            72.858765,
            19.078952
          ],
          [
            72.858603,
            19.078581
          ],
          [
            72.85818,
            19.077494
          ]
        ]
      }
    },
    {
      "type": "Feature",
      "properties": {
        "id": "R-0282",
        "osm_id": 626142600,
        "name": "Unnamed Residential Road",
        "highway_type": "residential",
        "lanes": 2,
        "width_m": 7.0,
        "length_m": 39.18,
        "maxspeed_kmh": 30,
        "oneway": false,
        "bridge": false,
        "tunnel": false,
        "midpoint_grid_row": 188,
        "midpoint_grid_col": 86,
        "elevation_m": 6.07,
        "start_node": "RN-0312",
        "end_node": "RN-0300"
      },
      "geometry": {
        "type": "LineString",
        "coordinates": [
          [
            72.85818,
            19.077494
          ],
          [
            72.858079,
            19.077218
          ],
          [
            72.858058,
            19.077161
          ]
        ]
      }
    },
    {
      "type": "Feature",
      "properties": {
        "id": "R-0283",
        "osm_id": 642209610,
        "name": "Vidya Nagari Marg",
        "highway_type": "secondary",
        "lanes": 2,
        "width_m": 7.0,
        "length_m": 19.35,
        "maxspeed_kmh": 40,
        "oneway": true,
        "bridge": false,
        "tunnel": false,
        "midpoint_grid_row": 159,
        "midpoint_grid_col": 112,
        "elevation_m": 9.09,
        "start_node": "RN-0313",
        "end_node": "RN-0208"
      },
      "geometry": {
        "type": "LineString",
        "coordinates": [
          [
            72.860474,
            19.074473
          ],
          [
            72.860522,
            19.074641
          ]
        ]
      }
    },
    {
      "type": "Feature",
      "properties": {
        "id": "R-0284",
        "osm_id": 642209610,
        "name": "Vidya Nagari Marg",
        "highway_type": "secondary",
        "lanes": 2,
        "width_m": 7.0,
        "length_m": 12.94,
        "maxspeed_kmh": 40,
        "oneway": true,
        "bridge": false,
        "tunnel": false,
        "midpoint_grid_row": 160,
        "midpoint_grid_col": 112,
        "elevation_m": 9.66,
        "start_node": "RN-0208",
        "end_node": "RN-0314"
      },
      "geometry": {
        "type": "LineString",
        "coordinates": [
          [
            72.860522,
            19.074641
          ],
          [
            72.86055,
            19.07471
          ],
          [
            72.86057,
            19.074748
          ]
        ]
      }
    },
    {
      "type": "Feature",
      "properties": {
        "id": "R-0285",
        "osm_id": 652579146,
        "name": "Unnamed Residential Road",
        "highway_type": "residential",
        "lanes": 2,
        "width_m": 7.0,
        "length_m": 83.83,
        "maxspeed_kmh": 30,
        "oneway": false,
        "bridge": false,
        "tunnel": false,
        "midpoint_grid_row": 178,
        "midpoint_grid_col": 180,
        "elevation_m": 3.33,
        "start_node": "RN-0230",
        "end_node": "RN-0213"
      },
      "geometry": {
        "type": "LineString",
        "coordinates": [
          [
            72.866617,
            19.076157
          ],
          [
            72.866784,
            19.07623
          ],
          [
            72.866894,
            19.076281
          ],
          [
            72.867004,
            19.076344
          ],
          [
            72.867122,
            19.076512
          ],
          [
            72.867133,
            19.076548
          ],
          [
            72.867165,
            19.076647
          ]
        ]
      }
    },
    {
      "type": "Feature",
      "properties": {
        "id": "R-0286",
        "osm_id": 685873279,
        "name": "Unnamed Residential Road",
        "highway_type": "residential",
        "lanes": 2,
        "width_m": 7.0,
        "length_m": 18.95,
        "maxspeed_kmh": 30,
        "oneway": false,
        "bridge": false,
        "tunnel": false,
        "midpoint_grid_row": 173,
        "midpoint_grid_col": 49,
        "elevation_m": 5.26,
        "start_node": "RN-0315",
        "end_node": "RN-0316"
      },
      "geometry": {
        "type": "LineString",
        "coordinates": [
          [
            72.85458,
            19.075844
          ],
          [
            72.854566,
            19.075872
          ],
          [
            72.854569,
            19.075914
          ],
          [
            72.854586,
            19.07601
          ]
        ]
      }
    },
    {
      "type": "Feature",
      "properties": {
        "id": "R-0287",
        "osm_id": 685873279,
        "name": "Unnamed Residential Road",
        "highway_type": "residential",
        "lanes": 2,
        "width_m": 7.0,
        "length_m": 92.27,
        "maxspeed_kmh": 30,
        "oneway": false,
        "bridge": false,
        "tunnel": false,
        "midpoint_grid_row": 183,
        "midpoint_grid_col": 51,
        "elevation_m": 5.7,
        "start_node": "RN-0316",
        "end_node": "RN-0317"
      },
      "geometry": {
        "type": "LineString",
        "coordinates": [
          [
            72.854586,
            19.07601
          ],
          [
            72.854749,
            19.076763
          ],
          [
            72.854762,
            19.076823
          ]
        ]
      }
    },
    {
      "type": "Feature",
      "properties": {
        "id": "R-0288",
        "osm_id": 685873279,
        "name": "Unnamed Residential Road",
        "highway_type": "residential",
        "lanes": 2,
        "width_m": 7.0,
        "length_m": 31.52,
        "maxspeed_kmh": 30,
        "oneway": false,
        "bridge": false,
        "tunnel": false,
        "midpoint_grid_row": 184,
        "midpoint_grid_col": 52,
        "elevation_m": 4.19,
        "start_node": "RN-0317",
        "end_node": "RN-0318"
      },
      "geometry": {
        "type": "LineString",
        "coordinates": [
          [
            72.854762,
            19.076823
          ],
          [
            72.854794,
            19.076854
          ],
          [
            72.854844,
            19.076879
          ],
          [
            72.854943,
            19.076914
          ],
          [
            72.855027,
            19.076949
          ]
        ]
      }
    },
    {
      "type": "Feature",
      "properties": {
        "id": "R-0289",
        "osm_id": 685873279,
        "name": "Unnamed Residential Road",
        "highway_type": "residential",
        "lanes": 2,
        "width_m": 7.0,
        "length_m": 339.27,
        "maxspeed_kmh": 30,
        "oneway": false,
        "bridge": false,
        "tunnel": false,
        "midpoint_grid_row": 194,
        "midpoint_grid_col": 64,
        "elevation_m": 2.43,
        "start_node": "RN-0318",
        "end_node": "RN-0318"
      },
      "geometry": {
        "type": "LineString",
        "coordinates": [
          [
            72.855027,
            19.076949
          ],
          [
            72.856133,
            19.077495
          ],
          [
            72.85617,
            19.077539
          ],
          [
            72.856159,
            19.07759
          ],
          [
            72.856123,
            19.077659
          ],
          [
            72.856043,
            19.077779
          ],
          [
            72.856005,
            19.077817
          ],
          [
            72.855938,
            19.077825
          ],
          [
            72.855097,
            19.077379
          ],
          [
            72.854996,
            19.077316
          ],
          [
            72.854938,
            19.077255
          ],
          [
            72.85494,
            19.077186
          ],
          [
            72.854966,
            19.07708
          ],
          [
            72.855027,
            19.076949
          ]
        ]
      }
    },
    {
      "type": "Feature",
      "properties": {
        "id": "R-0290",
        "osm_id": 685882570,
        "name": "Unnamed Tertiary_link Road",
        "highway_type": "tertiary_link",
        "lanes": 1,
        "width_m": 3.5,
        "length_m": 7.97,
        "maxspeed_kmh": 25,
        "oneway": false,
        "bridge": false,
        "tunnel": false,
        "midpoint_grid_row": 80,
        "midpoint_grid_col": 45,
        "elevation_m": 2.63,
        "start_node": "RN-0319",
        "end_node": "RN-0320"
      },
      "geometry": {
        "type": "LineString",
        "coordinates": [
          [
            72.854127,
            19.067373
          ],
          [
            72.854173,
            19.06743
          ]
        ]
      }
    },
    {
      "type": "Feature",
      "properties": {
        "id": "R-0291",
        "osm_id": 685928374,
        "name": "Unnamed Residential Road",
        "highway_type": "residential",
        "lanes": 2,
        "width_m": 7.0,
        "length_m": 22.48,
        "maxspeed_kmh": 30,
        "oneway": false,
        "bridge": false,
        "tunnel": false,
        "midpoint_grid_row": 153,
        "midpoint_grid_col": 159,
        "elevation_m": 8.81,
        "start_node": "RN-0321",
        "end_node": "RN-0322"
      },
      "geometry": {
        "type": "LineString",
        "coordinates": [
          [
            72.864952,
            19.074143
          ],
          [
            72.864976,
            19.074045
          ],
          [
            72.865,
            19.073946
          ]
        ]
      }
    },
    {
      "type": "Feature",
      "properties": {
        "id": "R-0292",
        "osm_id": 685928375,
        "name": "Unnamed Residential Road",
        "highway_type": "residential",
        "lanes": 2,
        "width_m": 7.0,
        "length_m": 233.16,
        "maxspeed_kmh": 30,
        "oneway": false,
        "bridge": false,
        "tunnel": false,
        "midpoint_grid_row": 144,
        "midpoint_grid_col": 157,
        "elevation_m": 18.51,
        "start_node": "RN-0322",
        "end_node": "RN-0322"
      },
      "geometry": {
        "type": "LineString",
        "coordinates": [
          [
            72.865,
            19.073946
          ],
          [
            72.864866,
            19.073919
          ],
          [
            72.864702,
            19.073835
          ],
          [
            72.864667,
            19.073777
          ],
          [
            72.864676,
            19.073695
          ],
          [
            72.864762,
            19.073289
          ],
          [
            72.864794,
            19.07322
          ],
          [
            72.86484,
            19.073188
          ],
          [
            72.864965,
            19.073174
          ],
          [
            72.865132,
            19.073205
          ],
          [
            72.865211,
            19.073243
          ],
          [
            72.865217,
            19.073297
          ],
          [
            72.865,
            19.073946
          ]
        ]
      }
    },
    {
      "type": "Feature",
      "properties": {
        "id": "R-0293",
        "osm_id": 685930374,
        "name": "Unnamed Tertiary Road",
        "highway_type": "tertiary",
        "lanes": 2,
        "width_m": 7.0,
        "length_m": 32.86,
        "maxspeed_kmh": 30,
        "oneway": true,
        "bridge": false,
        "tunnel": false,
        "midpoint_grid_row": 4,
        "midpoint_grid_col": 14,
        "elevation_m": 3.02,
        "start_node": "RN-0323",
        "end_node": "RN-0324"
      },
      "geometry": {
        "type": "LineString",
        "coordinates": [
          [
            72.851336,
            19.060493
          ],
          [
            72.851264,
            19.060506
          ],
          [
            72.85121,
            19.060512
          ],
          [
            72.851025,
            19.06051
          ]
        ]
      }
    },
    {
      "type": "Feature",
      "properties": {
        "id": "R-0294",
        "osm_id": 685930374,
        "name": "Unnamed Tertiary Road",
        "highway_type": "tertiary",
        "lanes": 2,
        "width_m": 7.0,
        "length_m": 54.55,
        "maxspeed_kmh": 30,
        "oneway": true,
        "bridge": false,
        "tunnel": false,
        "midpoint_grid_row": 4,
        "midpoint_grid_col": 6,
        "elevation_m": 5.96,
        "start_node": "RN-0324",
        "end_node": "RN-0325"
      },
      "geometry": {
        "type": "LineString",
        "coordinates": [
          [
            72.851025,
            19.06051
          ],
          [
            72.850506,
            19.060505
          ]
        ]
      }
    },
    {
      "type": "Feature",
      "properties": {
        "id": "R-0295",
        "osm_id": 685930374,
        "name": "Unnamed Tertiary Road",
        "highway_type": "tertiary",
        "lanes": 2,
        "width_m": 7.0,
        "length_m": 51.22,
        "maxspeed_kmh": 30,
        "oneway": true,
        "bridge": false,
        "tunnel": false,
        "midpoint_grid_row": 3,
        "midpoint_grid_col": 2,
        "elevation_m": 7.89,
        "start_node": "RN-0325",
        "end_node": "RN-0326"
      },
      "geometry": {
        "type": "LineString",
        "coordinates": [
          [
            72.850506,
            19.060505
          ],
          [
            72.850063,
            19.060501
          ],
          [
            72.850019,
            19.060496
          ]
        ]
      }
    },
    {
      "type": "Feature",
      "properties": {
        "id": "R-0296",
        "osm_id": 685930374,
        "name": "Unnamed Tertiary Road",
        "highway_type": "tertiary",
        "lanes": 2,
        "width_m": 7.0,
        "length_m": 31.72,
        "maxspeed_kmh": 30,
        "oneway": true,
        "bridge": false,
        "tunnel": false,
        "midpoint_grid_row": 3,
        "midpoint_grid_col": 0,
        "elevation_m": 7.64,
        "start_node": "RN-0326",
        "end_node": "RN-0327"
      },
      "geometry": {
        "type": "LineString",
        "coordinates": [
          [
            72.850019,
            19.060496
          ],
          [
            72.849955,
            19.06049
          ],
          [
            72.849894,
            19.060474
          ],
          [
            72.849734,
            19.060409
          ]
        ]
      }
    },
    {
      "type": "Feature",
      "properties": {
        "id": "R-0297",
        "osm_id": 691646326,
        "name": "Unnamed Residential Road",
        "highway_type": "residential",
        "lanes": 2,
        "width_m": 7.0,
        "length_m": 113.47,
        "maxspeed_kmh": 30,
        "oneway": false,
        "bridge": false,
        "tunnel": false,
        "midpoint_grid_row": 156,
        "midpoint_grid_col": 125,
        "elevation_m": 23.31,
        "start_node": "RN-0328",
        "end_node": "RN-0329"
      },
      "geometry": {
        "type": "LineString",
        "coordinates": [
          [
            72.860723,
            19.073938
          ],
          [
            72.861728,
            19.074311
          ]
        ]
      }
    },
    {
      "type": "Feature",
      "properties": {
        "id": "R-0298",
        "osm_id": 691660429,
        "name": "Unnamed Residential Road",
        "highway_type": "residential",
        "lanes": 2,
        "width_m": 7.0,
        "length_m": 52.81,
        "maxspeed_kmh": 30,
        "oneway": false,
        "bridge": false,
        "tunnel": false,
        "midpoint_grid_row": 184,
        "midpoint_grid_col": 112,
        "elevation_m": 9.44,
        "start_node": "RN-0021",
        "end_node": "RN-0330"
      },
      "geometry": {
        "type": "LineString",
        "coordinates": [
          [
            72.860931,
            19.076547
          ],
          [
            72.860553,
            19.07686
          ]
        ]
      }
    },
    {
      "type": "Feature",
      "properties": {
        "id": "R-0299",
        "osm_id": 691661121,
        "name": "Unnamed Residential Road",
        "highway_type": "residential",
        "lanes": 2,
        "width_m": 7.0,
        "length_m": 29.53,
        "maxspeed_kmh": 30,
        "oneway": false,
        "bridge": false,
        "tunnel": false,
        "midpoint_grid_row": 150,
        "midpoint_grid_col": 148,
        "elevation_m": 14.66,
        "start_node": "RN-0331",
        "end_node": "RN-0051"
      },
      "geometry": {
        "type": "LineString",
        "coordinates": [
          [
            72.864148,
            19.073768
          ],
          [
            72.863986,
            19.073771
          ],
          [
            72.863867,
            19.07377
          ]
        ]
      }
    },
    {
      "type": "Feature",
      "properties": {
        "id": "R-0300",
        "osm_id": 691661122,
        "name": "Unnamed Residential Road",
        "highway_type": "residential",
        "lanes": 2,
        "width_m": 7.0,
        "length_m": 10.06,
        "maxspeed_kmh": 30,
        "oneway": false,
        "bridge": false,
        "tunnel": false,
        "midpoint_grid_row": 144,
        "midpoint_grid_col": 150,
        "elevation_m": 22.68,
        "start_node": "RN-0332",
        "end_node": "RN-0333"
      },
      "geometry": {
        "type": "LineString",
        "coordinates": [
          [
            72.864129,
            19.073166
          ],
          [
            72.86416,
            19.073207
          ],
          [
            72.864184,
            19.07324
          ]
        ]
      }
    },
    {
      "type": "Feature",
      "properties": {
        "id": "R-0301",
        "osm_id": 691661122,
        "name": "Unnamed Residential Road",
        "highway_type": "residential",
        "lanes": 2,
        "width_m": 7.0,
        "length_m": 113.14,
        "maxspeed_kmh": 30,
        "oneway": false,
        "bridge": false,
        "tunnel": false,
        "midpoint_grid_row": 149,
        "midpoint_grid_col": 153,
        "elevation_m": 19.04,
        "start_node": "RN-0333",
        "end_node": "RN-0331"
      },
      "geometry": {
        "type": "LineString",
        "coordinates": [
          [
            72.864184,
            19.07324
          ],
          [
            72.864296,
            19.073247
          ],
          [
            72.864446,
            19.073253
          ],
          [
            72.864415,
            19.073685
          ],
          [
            72.864413,
            19.073771
          ],
          [
            72.864148,
            19.073768
          ]
        ]
      }
    },
    {
      "type": "Feature",
      "properties": {
        "id": "R-0302",
        "osm_id": 691661122,
        "name": "Unnamed Residential Road",
        "highway_type": "residential",
        "lanes": 2,
        "width_m": 7.0,
        "length_m": 58.83,
        "maxspeed_kmh": 30,
        "oneway": false,
        "bridge": false,
        "tunnel": false,
        "midpoint_grid_row": 144,
        "midpoint_grid_col": 150,
        "elevation_m": 22.68,
        "start_node": "RN-0331",
        "end_node": "RN-0333"
      },
      "geometry": {
        "type": "LineString",
        "coordinates": [
          [
            72.864148,
            19.073768
          ],
          [
            72.864184,
            19.07324
          ]
        ]
      }
    },
    {
      "type": "Feature",
      "properties": {
        "id": "R-0303",
        "osm_id": 691673121,
        "name": "Unnamed Residential Road",
        "highway_type": "residential",
        "lanes": 2,
        "width_m": 7.0,
        "length_m": 31.66,
        "maxspeed_kmh": 30,
        "oneway": false,
        "bridge": false,
        "tunnel": false,
        "midpoint_grid_row": 169,
        "midpoint_grid_col": 171,
        "elevation_m": 3.89,
        "start_node": "RN-0334",
        "end_node": "RN-0231"
      },
      "geometry": {
        "type": "LineString",
        "coordinates": [
          [
            72.865819,
            19.075558
          ],
          [
            72.866119,
            19.075532
          ]
        ]
      }
    },
    {
      "type": "Feature",
      "properties": {
        "id": "R-0304",
        "osm_id": 697740275,
        "name": "Unnamed Primary_link Road",
        "highway_type": "primary_link",
        "lanes": 2,
        "width_m": 7.0,
        "length_m": 32.96,
        "maxspeed_kmh": 35,
        "oneway": true,
        "bridge": false,
        "tunnel": false,
        "midpoint_grid_row": 56,
        "midpoint_grid_col": 126,
        "elevation_m": 12.27,
        "start_node": "RN-0335",
        "end_node": "RN-0062"
      },
      "geometry": {
        "type": "LineString",
        "coordinates": [
          [
            72.861865,
            19.065161
          ],
          [
            72.861893,
            19.065241
          ],
          [
            72.8619,
            19.065303
          ],
          [
            72.861902,
            19.065325
          ],
          [
            72.861888,
            19.065452
          ]
        ]
      }
    },
    {
      "type": "Feature",
      "properties": {
        "id": "R-0305",
        "osm_id": 697893408,
        "name": "Unnamed Residential Road",
        "highway_type": "residential",
        "lanes": 2,
        "width_m": 7.0,
        "length_m": 163.04,
        "maxspeed_kmh": 30,
        "oneway": false,
        "bridge": false,
        "tunnel": false,
        "midpoint_grid_row": 198,
        "midpoint_grid_col": 149,
        "elevation_m": 8.67,
        "start_node": "RN-0336",
        "end_node": "RN-0337"
      },
      "geometry": {
        "type": "LineString",
        "coordinates": [
          [
            72.864605,
            19.077593
          ],
          [
            72.86456,
            19.077726
          ],
          [
            72.864536,
            19.077835
          ],
          [
            72.8645,
            19.077932
          ],
          [
            72.864481,
            19.077988
          ],
          [
            72.864434,
            19.078034
          ],
          [
            72.864244,
            19.078114
          ],
          [
            72.864076,
            19.078144
          ],
          [
            72.863899,
            19.078152
          ],
          [
            72.863816,
            19.078146
          ],
          [
            72.863776,
            19.078147
          ],
          [
            72.86375,
            19.078163
          ],
          [
            72.863727,
            19.078222
          ],
          [
            72.863694,
            19.078351
          ],
          [
            72.863646,
            19.078465
          ]
        ]
      }
    },
    {
      "type": "Feature",
      "properties": {
        "id": "R-0306",
        "osm_id": 697895746,
        "name": "Unnamed Residential Road",
        "highway_type": "residential",
        "lanes": 2,
        "width_m": 7.0,
        "length_m": 82.5,
        "maxspeed_kmh": 30,
        "oneway": false,
        "bridge": false,
        "tunnel": false,
        "midpoint_grid_row": 163,
        "midpoint_grid_col": 124,
        "elevation_m": 18.17,
        "start_node": "RN-0244",
        "end_node": "RN-0338"
      },
      "geometry": {
        "type": "LineString",
        "coordinates": [
          [
            72.861863,
            19.075379
          ],
          [
            72.861768,
            19.075199
          ],
          [
            72.861645,
            19.074981
          ],
          [
            72.861484,
            19.074775
          ],
          [
            72.86146,
            19.074745
          ]
        ]
      }
    },
    {
      "type": "Feature",
      "properties": {
        "id": "R-0307",
        "osm_id": 697895746,
        "name": "Unnamed Residential Road",
        "highway_type": "residential",
        "lanes": 2,
        "width_m": 7.0,
        "length_m": 12.31,
        "maxspeed_kmh": 30,
        "oneway": false,
        "bridge": false,
        "tunnel": false,
        "midpoint_grid_row": 160,
        "midpoint_grid_col": 121,
        "elevation_m": 31.37,
        "start_node": "RN-0338",
        "end_node": "RN-0339"
      },
      "geometry": {
        "type": "LineString",
        "coordinates": [
          [
            72.86146,
            19.074745
          ],
          [
            72.861389,
            19.074657
          ]
        ]
      }
    },
    {
      "type": "Feature",
      "properties": {
        "id": "R-0308",
        "osm_id": 697896120,
        "name": "Unnamed Residential Road",
        "highway_type": "residential",
        "lanes": 2,
        "width_m": 7.0,
        "length_m": 97.62,
        "maxspeed_kmh": 30,
        "oneway": false,
        "bridge": false,
        "tunnel": false,
        "midpoint_grid_row": 178,
        "midpoint_grid_col": 110,
        "elevation_m": 8.56,
        "start_node": "RN-0020",
        "end_node": "RN-0330"
      },
      "geometry": {
        "type": "LineString",
        "coordinates": [
          [
            72.860333,
            19.076053
          ],
          [
            72.860352,
            19.076093
          ],
          [
            72.860405,
            19.076159
          ],
          [
            72.86043,
            19.076238
          ],
          [
            72.86043,
            19.076294
          ],
          [
            72.860384,
            19.07636
          ],
          [
            72.860373,
            19.076423
          ],
          [
            72.860384,
            19.076474
          ],
          [
            72.860454,
            19.076646
          ],
          [
            72.860507,
            19.076765
          ],
          [
            72.860553,
            19.07686
          ]
        ]
      }
    },
    {
      "type": "Feature",
      "properties": {
        "id": "R-0309",
        "osm_id": 697896824,
        "name": "Unnamed Residential Road",
        "highway_type": "residential",
        "lanes": 2,
        "width_m": 7.0,
        "length_m": 113.16,
        "maxspeed_kmh": 30,
        "oneway": false,
        "bridge": false,
        "tunnel": false,
        "midpoint_grid_row": 177,
        "midpoint_grid_col": 169,
        "elevation_m": 5.18,
        "start_node": "RN-0008",
        "end_node": "RN-0229"
      },
      "geometry": {
        "type": "LineString",
        "coordinates": [
          [
            72.865439,
            19.075964
          ],
          [
            72.865601,
            19.076053
          ],
          [
            72.86574,
            19.076134
          ],
          [
            72.865829,
            19.076182
          ],
          [
            72.865944,
            19.076207
          ],
          [
            72.866038,
            19.076207
          ],
          [
            72.866143,
            19.076228
          ],
          [
            72.86622,
            19.07638
          ],
          [
            72.86633,
            19.076438
          ]
        ]
      }
    },
    {
      "type": "Feature",
      "properties": {
        "id": "R-0310",
        "osm_id": 701263860,
        "name": "Unnamed Residential Road",
        "highway_type": "residential",
        "lanes": 2,
        "width_m": 7.0,
        "length_m": 76.41,
        "maxspeed_kmh": 30,
        "oneway": false,
        "bridge": false,
        "tunnel": false,
        "midpoint_grid_row": 32,
        "midpoint_grid_col": 97,
        "elevation_m": 9.66,
        "start_node": "RN-0340",
        "end_node": "RN-0341"
      },
      "geometry": {
        "type": "LineString",
        "coordinates": [
          [
            72.859045,
            19.063328
          ],
          [
            72.859114,
            19.063112
          ],
          [
            72.859109,
            19.06306
          ],
          [
            72.85907,
            19.063031
          ],
          [
            72.85872,
            19.062883
          ]
        ]
      }
    },
    {
      "type": "Feature",
      "properties": {
        "id": "R-0311",
        "osm_id": 701263860,
        "name": "Unnamed Residential Road",
        "highway_type": "residential",
        "lanes": 2,
        "width_m": 7.0,
        "length_m": 15.03,
        "maxspeed_kmh": 30,
        "oneway": false,
        "bridge": false,
        "tunnel": false,
        "midpoint_grid_row": 30,
        "midpoint_grid_col": 93,
        "elevation_m": 11.54,
        "start_node": "RN-0341",
        "end_node": "RN-0342"
      },
      "geometry": {
        "type": "LineString",
        "coordinates": [
          [
            72.85872,
            19.062883
          ],
          [
            72.858705,
            19.062875
          ],
          [
            72.858599,
            19.062811
          ]
        ]
      }
    },
    {
      "type": "Feature",
      "properties": {
        "id": "R-0312",
        "osm_id": 701263860,
        "name": "Unnamed Residential Road",
        "highway_type": "residential",
        "lanes": 2,
        "width_m": 7.0,
        "length_m": 16.11,
        "maxspeed_kmh": 30,
        "oneway": false,
        "bridge": false,
        "tunnel": false,
        "midpoint_grid_row": 28,
        "midpoint_grid_col": 90,
        "elevation_m": 11.94,
        "start_node": "RN-0342",
        "end_node": "RN-0343"
      },
      "geometry": {
        "type": "LineString",
        "coordinates": [
          [
            72.858599,
            19.062811
          ],
          [
            72.858466,
            19.062739
          ]
        ]
      }
    },
    {
      "type": "Feature",
      "properties": {
        "id": "R-0313",
        "osm_id": 701263860,
        "name": "Unnamed Residential Road",
        "highway_type": "residential",
        "lanes": 2,
        "width_m": 7.0,
        "length_m": 79.01,
        "maxspeed_kmh": 30,
        "oneway": false,
        "bridge": false,
        "tunnel": false,
        "midpoint_grid_row": 24,
        "midpoint_grid_col": 84,
        "elevation_m": 6.61,
        "start_node": "RN-0343",
        "end_node": "RN-0344"
      },
      "geometry": {
        "type": "LineString",
        "coordinates": [
          [
            72.858466,
            19.062739
          ],
          [
            72.858248,
            19.062616
          ],
          [
            72.857855,
            19.062394
          ],
          [
            72.857821,
            19.062374
          ]
        ]
      }
    },
    {
      "type": "Feature",
      "properties": {
        "id": "R-0314",
        "osm_id": 701263860,
        "name": "Unnamed Residential Road",
        "highway_type": "residential",
        "lanes": 2,
        "width_m": 7.0,
        "length_m": 20.84,
        "maxspeed_kmh": 30,
        "oneway": false,
        "bridge": false,
        "tunnel": false,
        "midpoint_grid_row": 23,
        "midpoint_grid_col": 82,
        "elevation_m": 5.15,
        "start_node": "RN-0344",
        "end_node": "RN-0136"
      },
      "geometry": {
        "type": "LineString",
        "coordinates": [
          [
            72.857821,
            19.062374
          ],
          [
            72.857654,
            19.062273
          ]
        ]
      }
    },
    {
      "type": "Feature",
      "properties": {
        "id": "R-0315",
        "osm_id": 739731012,
        "name": "Unnamed Residential Road",
        "highway_type": "residential",
        "lanes": 2,
        "width_m": 7.0,
        "length_m": 8.93,
        "maxspeed_kmh": 30,
        "oneway": false,
        "bridge": false,
        "tunnel": false,
        "midpoint_grid_row": 150,
        "midpoint_grid_col": 199,
        "elevation_m": -2.41,
        "start_node": "RN-0345",
        "end_node": "RN-0346"
      },
      "geometry": {
        "type": "LineString",
        "coordinates": [
          [
            72.868785,
            19.073701
          ],
          [
            72.868759,
            19.073755
          ],
          [
            72.868758,
            19.073776
          ]
        ]
      }
    },
    {
      "type": "Feature",
      "properties": {
        "id": "R-0316",
        "osm_id": 739731012,
        "name": "Unnamed Residential Road",
        "highway_type": "residential",
        "lanes": 2,
        "width_m": 7.0,
        "length_m": 18.97,
        "maxspeed_kmh": 30,
        "oneway": false,
        "bridge": false,
        "tunnel": false,
        "midpoint_grid_row": 150,
        "midpoint_grid_col": 199,
        "elevation_m": -2.41,
        "start_node": "RN-0346",
        "end_node": "RN-0347"
      },
      "geometry": {
        "type": "LineString",
        "coordinates": [
          [
            72.868758,
            19.073776
          ],
          [
            72.86877,
            19.073798
          ],
          [
            72.868774,
            19.073819
          ],
          [
            72.868786,
            19.073943
          ]
        ]
      }
    },
    {
      "type": "Feature",
      "properties": {
        "id": "R-0317",
        "osm_id": 739731012,
        "name": "Unnamed Residential Road",
        "highway_type": "residential",
        "lanes": 2,
        "width_m": 7.0,
        "length_m": 26.85,
        "maxspeed_kmh": 30,
        "oneway": false,
        "bridge": false,
        "tunnel": false,
        "midpoint_grid_row": 154,
        "midpoint_grid_col": 198,
        "elevation_m": 1.27,
        "start_node": "RN-0347",
        "end_node": "RN-0348"
      },
      "geometry": {
        "type": "LineString",
        "coordinates": [
          [
            72.868786,
            19.073943
          ],
          [
            72.868688,
            19.074166
          ]
        ]
      }
    },
    {
      "type": "Feature",
      "properties": {
        "id": "R-0318",
        "osm_id": 739731012,
        "name": "Unnamed Residential Road",
        "highway_type": "residential",
        "lanes": 2,
        "width_m": 7.0,
        "length_m": 28.28,
        "maxspeed_kmh": 30,
        "oneway": false,
        "bridge": false,
        "tunnel": false,
        "midpoint_grid_row": 157,
        "midpoint_grid_col": 198,
        "elevation_m": 4.36,
        "start_node": "RN-0348",
        "end_node": "RN-0349"
      },
      "geometry": {
        "type": "LineString",
        "coordinates": [
          [
            72.868688,
            19.074166
          ],
          [
            72.868701,
            19.07442
          ]
        ]
      }
    },
    {
      "type": "Feature",
      "properties": {
        "id": "R-0319",
        "osm_id": 739731013,
        "name": "Unnamed Residential Road",
        "highway_type": "residential",
        "lanes": 2,
        "width_m": 7.0,
        "length_m": 55.19,
        "maxspeed_kmh": 30,
        "oneway": false,
        "bridge": false,
        "tunnel": false,
        "midpoint_grid_row": 124,
        "midpoint_grid_col": 191,
        "elevation_m": 5.33,
        "start_node": "RN-0041",
        "end_node": "RN-0350"
      },
      "geometry": {
        "type": "LineString",
        "coordinates": [
          [
            72.868282,
            19.070972
          ],
          [
            72.868039,
            19.071412
          ]
        ]
      }
    },
    {
      "type": "Feature",
      "properties": {
        "id": "R-0320",
        "osm_id": 739731013,
        "name": "Unnamed Residential Road",
        "highway_type": "residential",
        "lanes": 2,
        "width_m": 7.0,
        "length_m": 33.05,
        "maxspeed_kmh": 30,
        "oneway": false,
        "bridge": false,
        "tunnel": false,
        "midpoint_grid_row": 127,
        "midpoint_grid_col": 189,
        "elevation_m": 5.26,
        "start_node": "RN-0350",
        "end_node": "RN-0351"
      },
      "geometry": {
        "type": "LineString",
        "coordinates": [
          [
            72.868039,
            19.071412
          ],
          [
            72.867874,
            19.071665
          ]
        ]
      }
    },
    {
      "type": "Feature",
      "properties": {
        "id": "R-0321",
        "osm_id": 745955254,
        "name": "Jogiraj Ashram Lane",
        "highway_type": "residential",
        "lanes": 2,
        "width_m": 7.0,
        "length_m": 51.23,
        "maxspeed_kmh": 30,
        "oneway": false,
        "bridge": false,
        "tunnel": false,
        "midpoint_grid_row": 186,
        "midpoint_grid_col": 121,
        "elevation_m": 2.41,
        "start_node": "RN-0352",
        "end_node": "RN-0353"
      },
      "geometry": {
        "type": "LineString",
        "coordinates": [
          [
            72.861099,
            19.076723
          ],
          [
            72.861416,
            19.077073
          ]
        ]
      }
    },
    {
      "type": "Feature",
      "properties": {
        "id": "R-0322",
        "osm_id": 745955255,
        "name": "Gurudwara Road",
        "highway_type": "residential",
        "lanes": 2,
        "width_m": 7.0,
        "length_m": 47.79,
        "maxspeed_kmh": 30,
        "oneway": false,
        "bridge": false,
        "tunnel": false,
        "midpoint_grid_row": 186,
        "midpoint_grid_col": 121,
        "elevation_m": 2.41,
        "start_node": "RN-0014",
        "end_node": "RN-0353"
      },
      "geometry": {
        "type": "LineString",
        "coordinates": [
          [
            72.861811,
            19.07686
          ],
          [
            72.861416,
            19.077073
          ]
        ]
      }
    },
    {
      "type": "Feature",
      "properties": {
        "id": "R-0323",
        "osm_id": 745955255,
        "name": "Gurudwara Road",
        "highway_type": "residential",
        "lanes": 2,
        "width_m": 7.0,
        "length_m": 66.97,
        "maxspeed_kmh": 30,
        "oneway": false,
        "bridge": false,
        "tunnel": false,
        "midpoint_grid_row": 190,
        "midpoint_grid_col": 117,
        "elevation_m": 6.29,
        "start_node": "RN-0353",
        "end_node": "RN-0354"
      },
      "geometry": {
        "type": "LineString",
        "coordinates": [
          [
            72.861416,
            19.077073
          ],
          [
            72.860971,
            19.077424
          ],
          [
            72.860948,
            19.077474
          ]
        ]
      }
    },
    {
      "type": "Feature",
      "properties": {
        "id": "R-0324",
        "osm_id": 745955256,
        "name": "Vidya Nagari Marg",
        "highway_type": "secondary",
        "lanes": 2,
        "width_m": 7.0,
        "length_m": 38.75,
        "maxspeed_kmh": 40,
        "oneway": true,
        "bridge": false,
        "tunnel": false,
        "midpoint_grid_row": 192,
        "midpoint_grid_col": 132,
        "elevation_m": 2.0,
        "start_node": "RN-0355",
        "end_node": "RN-0356"
      },
      "geometry": {
        "type": "LineString",
        "coordinates": [
          [
            72.862543,
            19.077803
          ],
          [
            72.862461,
            19.077682
          ],
          [
            72.862415,
            19.077601
          ],
          [
            72.862354,
            19.077504
          ]
        ]
      }
    },
    {
      "type": "Feature",
      "properties": {
        "id": "R-0325",
        "osm_id": 760468674,
        "name": "Swadeshi Mill Road",
        "highway_type": "residential",
        "lanes": 2,
        "width_m": 7.0,
        "length_m": 59.45,
        "maxspeed_kmh": 30,
        "oneway": false,
        "bridge": false,
        "tunnel": false,
        "midpoint_grid_row": 144,
        "midpoint_grid_col": 196,
        "elevation_m": -1.01,
        "start_node": "RN-0357",
        "end_node": "RN-0259"
      },
      "geometry": {
        "type": "LineString",
        "coordinates": [
          [
            72.868641,
            19.072708
          ],
          [
            72.868505,
            19.073227
          ]
        ]
      }
    },
    {
      "type": "Feature",
      "properties": {
        "id": "R-0326",
        "osm_id": 781375325,
        "name": "Unnamed Residential Road",
        "highway_type": "residential",
        "lanes": 2,
        "width_m": 7.0,
        "length_m": 25.07,
        "maxspeed_kmh": 30,
        "oneway": false,
        "bridge": false,
        "tunnel": false,
        "midpoint_grid_row": 72,
        "midpoint_grid_col": 3,
        "elevation_m": 0.16,
        "start_node": "RN-0139",
        "end_node": "RN-0358"
      },
      "geometry": {
        "type": "LineString",
        "coordinates": [
          [
            72.850315,
            19.06655
          ],
          [
            72.850201,
            19.066748
          ]
        ]
      }
    },
    {
      "type": "Feature",
      "properties": {
        "id": "R-0327",
        "osm_id": 781375325,
        "name": "Unnamed Residential Road",
        "highway_type": "residential",
        "lanes": 2,
        "width_m": 7.0,
        "length_m": 27.13,
        "maxspeed_kmh": 30,
        "oneway": false,
        "bridge": false,
        "tunnel": false,
        "midpoint_grid_row": 73,
        "midpoint_grid_col": 3,
        "elevation_m": 1.02,
        "start_node": "RN-0358",
        "end_node": "RN-0359"
      },
      "geometry": {
        "type": "LineString",
        "coordinates": [
          [
            72.850201,
            19.066748
          ],
          [
            72.850161,
            19.066817
          ],
          [
            72.850077,
            19.066962
          ]
        ]
      }
    },
    {
      "type": "Feature",
      "properties": {
        "id": "R-0328",
        "osm_id": 781375325,
        "name": "Unnamed Residential Road",
        "highway_type": "residential",
        "lanes": 2,
        "width_m": 7.0,
        "length_m": 49.94,
        "maxspeed_kmh": 30,
        "oneway": false,
        "bridge": false,
        "tunnel": false,
        "midpoint_grid_row": 77,
        "midpoint_grid_col": 1,
        "elevation_m": 3.97,
        "start_node": "RN-0359",
        "end_node": "RN-0360"
      },
      "geometry": {
        "type": "LineString",
        "coordinates": [
          [
            72.850077,
            19.066962
          ],
          [
            72.849968,
            19.06715
          ],
          [
            72.849849,
            19.067356
          ]
        ]
      }
    },
    {
      "type": "Feature",
      "properties": {
        "id": "R-0329",
        "osm_id": 781375325,
        "name": "Unnamed Residential Road",
        "highway_type": "residential",
        "lanes": 2,
        "width_m": 7.0,
        "length_m": 135.99,
        "maxspeed_kmh": 30,
        "oneway": false,
        "bridge": false,
        "tunnel": false,
        "midpoint_grid_row": 83,
        "midpoint_grid_col": 0,
        "elevation_m": 3.36,
        "start_node": "RN-0360",
        "end_node": "RN-0134"
      },
      "geometry": {
        "type": "LineString",
        "coordinates": [
          [
            72.849849,
            19.067356
          ],
          [
            72.849687,
            19.067636
          ],
          [
            72.84966,
            19.067681
          ],
          [
            72.849413,
            19.068113
          ],
          [
            72.849232,
            19.068431
          ]
        ]
      }
    },
    {
      "type": "Feature",
      "properties": {
        "id": "R-0330",
        "osm_id": 782111814,
        "name": "Parshiwadi Road",
        "highway_type": "residential",
        "lanes": 2,
        "width_m": 7.0,
        "length_m": 125.61,
        "maxspeed_kmh": 30,
        "oneway": false,
        "bridge": false,
        "tunnel": false,
        "midpoint_grid_row": 194,
        "midpoint_grid_col": 128,
        "elevation_m": 2.81,
        "start_node": "RN-0353",
        "end_node": "RN-0361"
      },
      "geometry": {
        "type": "LineString",
        "coordinates": [
          [
            72.861416,
            19.077073
          ],
          [
            72.861832,
            19.077655
          ],
          [
            72.861889,
            19.077703
          ],
          [
            72.861925,
            19.077736
          ],
          [
            72.861946,
            19.077751
          ],
          [
            72.86203,
            19.077786
          ],
          [
            72.862066,
            19.077792
          ],
          [
            72.862115,
            19.077795
          ],
          [
            72.862164,
            19.077795
          ],
          [
            72.862188,
            19.077799
          ],
          [
            72.862197,
            19.077844
          ]
        ]
      }
    },
    {
      "type": "Feature",
      "properties": {
        "id": "R-0331",
        "osm_id": 787883358,
        "name": "Unnamed Residential Road",
        "highway_type": "residential",
        "lanes": 2,
        "width_m": 7.0,
        "length_m": 104.34,
        "maxspeed_kmh": 30,
        "oneway": false,
        "bridge": false,
        "tunnel": false,
        "midpoint_grid_row": 27,
        "midpoint_grid_col": 57,
        "elevation_m": -0.05,
        "start_node": "RN-0362",
        "end_node": "RN-0363"
      },
      "geometry": {
        "type": "LineString",
        "coordinates": [
          [
            72.854561,
            19.062014
          ],
          [
            72.855274,
            19.062667
          ]
        ]
      }
    },
    {
      "type": "Feature",
      "properties": {
        "id": "R-0332",
        "osm_id": 788520276,
        "name": "Unnamed Residential Road",
        "highway_type": "residential",
        "lanes": 2,
        "width_m": 7.0,
        "length_m": 115.4,
        "maxspeed_kmh": 30,
        "oneway": false,
        "bridge": false,
        "tunnel": false,
        "midpoint_grid_row": 63,
        "midpoint_grid_col": 36,
        "elevation_m": 0.83,
        "start_node": "RN-0364",
        "end_node": "RN-0365"
      },
      "geometry": {
        "type": "LineString",
        "coordinates": [
          [
            72.852716,
            19.066504
          ],
          [
            72.852791,
            19.066405
          ],
          [
            72.853,
            19.066161
          ],
          [
            72.853126,
            19.066045
          ],
          [
            72.853287,
            19.065899
          ],
          [
            72.853352,
            19.06579
          ],
          [
            72.853357,
            19.065767
          ],
          [
            72.853371,
            19.065747
          ],
          [
            72.853408,
            19.065708
          ]
        ]
      }
    },
    {
      "type": "Feature",
      "properties": {
        "id": "R-0333",
        "osm_id": 788520276,
        "name": "Unnamed Residential Road",
        "highway_type": "residential",
        "lanes": 2,
        "width_m": 7.0,
        "length_m": 391.56,
        "maxspeed_kmh": 30,
        "oneway": false,
        "bridge": false,
        "tunnel": false,
        "midpoint_grid_row": 36,
        "midpoint_grid_col": 52,
        "elevation_m": 3.86,
        "start_node": "RN-0365",
        "end_node": "RN-0363"
      },
      "geometry": {
        "type": "LineString",
        "coordinates": [
          [
            72.853408,
            19.065708
          ],
          [
            72.853582,
            19.065482
          ],
          [
            72.853885,
            19.065079
          ],
          [
            72.854113,
            19.064668
          ],
          [
            72.854728,
            19.063634
          ],
          [
            72.854846,
            19.063446
          ],
          [
            72.854964,
            19.063198
          ],
          [
            72.85506,
            19.063021
          ],
          [
            72.85513,
            19.062897
          ],
          [
            72.855146,
            19.062868
          ],
          [
            72.855274,
            19.062667
          ]
        ]
      }
    },
    {
      "type": "Feature",
      "properties": {
        "id": "R-0334",
        "osm_id": 792051488,
        "name": "Unnamed Residential Road",
        "highway_type": "residential",
        "lanes": 2,
        "width_m": 7.0,
        "length_m": 92.83,
        "maxspeed_kmh": 30,
        "oneway": false,
        "bridge": false,
        "tunnel": false,
        "midpoint_grid_row": 190,
        "midpoint_grid_col": 180,
        "elevation_m": 2.08,
        "start_node": "RN-0214",
        "end_node": "RN-0366"
      },
      "geometry": {
        "type": "LineString",
        "coordinates": [
          [
            72.867282,
            19.077386
          ],
          [
            72.867052,
            19.077436
          ],
          [
            72.866957,
            19.077442
          ],
          [
            72.866823,
            19.077437
          ],
          [
            72.866405,
            19.077438
          ]
        ]
      }
    },
    {
      "type": "Feature",
      "properties": {
        "id": "R-0335",
        "osm_id": 792051490,
        "name": "Unnamed Residential Road",
        "highway_type": "residential",
        "lanes": 2,
        "width_m": 7.0,
        "length_m": 88.1,
        "maxspeed_kmh": 30,
        "oneway": false,
        "bridge": false,
        "tunnel": false,
        "midpoint_grid_row": 183,
        "midpoint_grid_col": 89,
        "elevation_m": 6.8,
        "start_node": "RN-0301",
        "end_node": "RN-0367"
      },
      "geometry": {
        "type": "LineString",
        "coordinates": [
          [
            72.857949,
            19.077108
          ],
          [
            72.858083,
            19.076945
          ],
          [
            72.85815,
            19.076874
          ],
          [
            72.858335,
            19.076745
          ],
          [
            72.858421,
            19.076684
          ],
          [
            72.858469,
            19.076621
          ],
          [
            72.85852,
            19.07654
          ]
        ]
      }
    },
    {
      "type": "Feature",
      "properties": {
        "id": "R-0336",
        "osm_id": 792051492,
        "name": "Unnamed Residential Road",
        "highway_type": "residential",
        "lanes": 2,
        "width_m": 7.0,
        "length_m": 174.19,
        "maxspeed_kmh": 30,
        "oneway": false,
        "bridge": false,
        "tunnel": false,
        "midpoint_grid_row": 199,
        "midpoint_grid_col": 115,
        "elevation_m": 9.0,
        "start_node": "RN-0016",
        "end_node": "RN-0368"
      },
      "geometry": {
        "type": "LineString",
        "coordinates": [
          [
            72.860992,
            19.077916
          ],
          [
            72.861006,
            19.078097
          ],
          [
            72.860989,
            19.078159
          ],
          [
            72.860957,
            19.078199
          ],
          [
            72.860824,
            19.07826
          ],
          [
            72.860073,
            19.07859
          ],
          [
            72.859907,
            19.078711
          ],
          [
            72.85985,
            19.078772
          ],
          [
            72.859823,
            19.078836
          ]
        ]
      }
    },
    {
      "type": "Feature",
      "properties": {
        "id": "R-0337",
        "osm_id": 792051493,
        "name": "Vidya Nagari Marg",
        "highway_type": "secondary",
        "lanes": 2,
        "width_m": 7.0,
        "length_m": 7.36,
        "maxspeed_kmh": 40,
        "oneway": true,
        "bridge": false,
        "tunnel": false,
        "midpoint_grid_row": 192,
        "midpoint_grid_col": 131,
        "elevation_m": 2.0,
        "start_node": "RN-0369",
        "end_node": "RN-0370"
      },
      "geometry": {
        "type": "LineString",
        "coordinates": [
          [
            72.862311,
            19.077531
          ],
          [
            72.86235,
            19.077586
          ]
        ]
      }
    },
    {
      "type": "Feature",
      "properties": {
        "id": "R-0338",
        "osm_id": 792051493,
        "name": "Vidya Nagari Marg",
        "highway_type": "secondary",
        "lanes": 2,
        "width_m": 7.0,
        "length_m": 26.96,
        "maxspeed_kmh": 40,
        "oneway": true,
        "bridge": false,
        "tunnel": false,
        "midpoint_grid_row": 192,
        "midpoint_grid_col": 131,
        "elevation_m": 2.0,
        "start_node": "RN-0370",
        "end_node": "RN-0371"
      },
      "geometry": {
        "type": "LineString",
        "coordinates": [
          [
            72.86235,
            19.077586
          ],
          [
            72.862371,
            19.077625
          ],
          [
            72.862453,
            19.077808
          ]
        ]
      }
    },
    {
      "type": "Feature",
      "properties": {
        "id": "R-0339",
        "osm_id": 792051494,
        "name": "Vidya Nagari Marg",
        "highway_type": "secondary",
        "lanes": 2,
        "width_m": 7.0,
        "length_m": 5.78,
        "maxspeed_kmh": 40,
        "oneway": true,
        "bridge": false,
        "tunnel": false,
        "midpoint_grid_row": 161,
        "midpoint_grid_col": 112,
        "elevation_m": 10.23,
        "start_node": "RN-0314",
        "end_node": "RN-0372"
      },
      "geometry": {
        "type": "LineString",
        "coordinates": [
          [
            72.86057,
            19.074748
          ],
          [
            72.860574,
            19.074763
          ],
          [
            72.860585,
            19.074798
          ]
        ]
      }
    },
    {
      "type": "Feature",
      "properties": {
        "id": "R-0340",
        "osm_id": 792051494,
        "name": "Vidya Nagari Marg",
        "highway_type": "secondary",
        "lanes": 2,
        "width_m": 7.0,
        "length_m": 266.4,
        "maxspeed_kmh": 40,
        "oneway": true,
        "bridge": false,
        "tunnel": false,
        "midpoint_grid_row": 171,
        "midpoint_grid_col": 116,
        "elevation_m": 12.63,
        "start_node": "RN-0372",
        "end_node": "RN-0014"
      },
      "geometry": {
        "type": "LineString",
        "coordinates": [
          [
            72.860585,
            19.074798
          ],
          [
            72.86078,
            19.075456
          ],
          [
            72.860863,
            19.075621
          ],
          [
            72.860925,
            19.075721
          ],
          [
            72.861405,
            19.076318
          ],
          [
            72.861811,
            19.07686
          ]
        ]
      }
    },
    {
      "type": "Feature",
      "properties": {
        "id": "R-0341",
        "osm_id": 792051495,
        "name": "Unnamed Residential Road",
        "highway_type": "residential",
        "lanes": 2,
        "width_m": 7.0,
        "length_m": 27.06,
        "maxspeed_kmh": 30,
        "oneway": false,
        "bridge": false,
        "tunnel": false,
        "midpoint_grid_row": 188,
        "midpoint_grid_col": 147,
        "elevation_m": 8.45,
        "start_node": "RN-0373",
        "end_node": "RN-0374"
      },
      "geometry": {
        "type": "LineString",
        "coordinates": [
          [
            72.863872,
            19.077479
          ],
          [
            72.863858,
            19.077236
          ]
        ]
      }
    },
    {
      "type": "Feature",
      "properties": {
        "id": "R-0342",
        "osm_id": 792051496,
        "name": "Unnamed Residential Road",
        "highway_type": "residential",
        "lanes": 2,
        "width_m": 7.0,
        "length_m": 125.97,
        "maxspeed_kmh": 30,
        "oneway": false,
        "bridge": false,
        "tunnel": false,
        "midpoint_grid_row": 185,
        "midpoint_grid_col": 157,
        "elevation_m": 5.09,
        "start_node": "RN-0375",
        "end_node": "RN-0336"
      },
      "geometry": {
        "type": "LineString",
        "coordinates": [
          [
            72.865177,
            19.076858
          ],
          [
            72.864887,
            19.076815
          ],
          [
            72.864855,
            19.07682
          ],
          [
            72.864827,
            19.076844
          ],
          [
            72.864811,
            19.076878
          ],
          [
            72.86479,
            19.076986
          ],
          [
            72.864772,
            19.077083
          ],
          [
            72.864756,
            19.07723
          ],
          [
            72.864713,
            19.077405
          ],
          [
            72.864681,
            19.077493
          ],
          [
            72.864605,
            19.077593
          ]
        ]
      }
    },
    {
      "type": "Feature",
      "properties": {
        "id": "R-0343",
        "osm_id": 830251238,
        "name": "BKC - CST Link Road",
        "highway_type": "tertiary",
        "lanes": 3,
        "width_m": 10.5,
        "length_m": 144.89,
        "maxspeed_kmh": 30,
        "oneway": true,
        "bridge": false,
        "tunnel": false,
        "midpoint_grid_row": 75,
        "midpoint_grid_col": 111,
        "elevation_m": 12.21,
        "start_node": "RN-0277",
        "end_node": "RN-0376"
      },
      "geometry": {
        "type": "LineString",
        "coordinates": [
          [
            72.860022,
            19.065985
          ],
          [
            72.860457,
            19.066975
          ],
          [
            72.860535,
            19.067194
          ]
        ]
      }
    },
    {
      "type": "Feature",
      "properties": {
        "id": "R-0344",
        "osm_id": 830251238,
        "name": "BKC - CST Link Road",
        "highway_type": "tertiary",
        "lanes": 3,
        "width_m": 10.5,
        "length_m": 70.37,
        "maxspeed_kmh": 30,
        "oneway": true,
        "bridge": false,
        "tunnel": false,
        "midpoint_grid_row": 81,
        "midpoint_grid_col": 113,
        "elevation_m": 10.85,
        "start_node": "RN-0376",
        "end_node": "RN-0377"
      },
      "geometry": {
        "type": "LineString",
        "coordinates": [
          [
            72.860535,
            19.067194
          ],
          [
            72.860656,
            19.067531
          ],
          [
            72.86073,
            19.067799
          ]
        ]
      }
    },
    {
      "type": "Feature",
      "properties": {
        "id": "R-0345",
        "osm_id": 830251238,
        "name": "BKC - CST Link Road",
        "highway_type": "tertiary",
        "lanes": 3,
        "width_m": 10.5,
        "length_m": 222.37,
        "maxspeed_kmh": 30,
        "oneway": true,
        "bridge": false,
        "tunnel": false,
        "midpoint_grid_row": 92,
        "midpoint_grid_col": 116,
        "elevation_m": 2.16,
        "start_node": "RN-0377",
        "end_node": "RN-0378"
      },
      "geometry": {
        "type": "LineString",
        "coordinates": [
          [
            72.86073,
            19.067799
          ],
          [
            72.860789,
            19.068015
          ],
          [
            72.860877,
            19.068498
          ],
          [
            72.861052,
            19.069774
          ]
        ]
      }
    },
    {
      "type": "Feature",
      "properties": {
        "id": "R-0346",
        "osm_id": 830251238,
        "name": "BKC - CST Link Road",
        "highway_type": "tertiary",
        "lanes": 3,
        "width_m": 10.5,
        "length_m": 94.73,
        "maxspeed_kmh": 30,
        "oneway": true,
        "bridge": false,
        "tunnel": false,
        "midpoint_grid_row": 115,
        "midpoint_grid_col": 119,
        "elevation_m": 2.09,
        "start_node": "RN-0378",
        "end_node": "RN-0379"
      },
      "geometry": {
        "type": "LineString",
        "coordinates": [
          [
            72.861052,
            19.069774
          ],
          [
            72.861182,
            19.070617
          ]
        ]
      }
    },
    {
      "type": "Feature",
      "properties": {
        "id": "R-0347",
        "osm_id": 830251238,
        "name": "BKC - CST Link Road",
        "highway_type": "tertiary",
        "lanes": 3,
        "width_m": 10.5,
        "length_m": 121.48,
        "maxspeed_kmh": 30,
        "oneway": true,
        "bridge": false,
        "tunnel": false,
        "midpoint_grid_row": 125,
        "midpoint_grid_col": 120,
        "elevation_m": 1.82,
        "start_node": "RN-0379",
        "end_node": "RN-0265"
      },
      "geometry": {
        "type": "LineString",
        "coordinates": [
          [
            72.861182,
            19.070617
          ],
          [
            72.861346,
            19.071502
          ],
          [
            72.861349,
            19.071696
          ]
        ]
      }
    },
    {
      "type": "Feature",
      "properties": {
        "id": "R-0348",
        "osm_id": 830251239,
        "name": "BKC - CST Link Road",
        "highway_type": "tertiary",
        "lanes": 3,
        "width_m": 10.5,
        "length_m": 103.73,
        "maxspeed_kmh": 30,
        "oneway": true,
        "bridge": false,
        "tunnel": false,
        "midpoint_grid_row": 123,
        "midpoint_grid_col": 122,
        "elevation_m": 1.1,
        "start_node": "RN-0264",
        "end_node": "RN-0380"
      },
      "geometry": {
        "type": "LineString",
        "coordinates": [
          [
            72.861557,
            19.071494
          ],
          [
            72.861507,
            19.071441
          ],
          [
            72.861458,
            19.071319
          ],
          [
            72.861322,
            19.070599
          ]
        ]
      }
    },
    {
      "type": "Feature",
      "properties": {
        "id": "R-0349",
        "osm_id": 830251239,
        "name": "BKC - CST Link Road",
        "highway_type": "tertiary",
        "lanes": 3,
        "width_m": 10.5,
        "length_m": 93.53,
        "maxspeed_kmh": 30,
        "oneway": true,
        "bridge": false,
        "tunnel": false,
        "midpoint_grid_row": 106,
        "midpoint_grid_col": 119,
        "elevation_m": 4.13,
        "start_node": "RN-0380",
        "end_node": "RN-0381"
      },
      "geometry": {
        "type": "LineString",
        "coordinates": [
          [
            72.861322,
            19.070599
          ],
          [
            72.861191,
            19.069767
          ]
        ]
      }
    },
    {
      "type": "Feature",
      "properties": {
        "id": "R-0350",
        "osm_id": 830251239,
        "name": "BKC - CST Link Road",
        "highway_type": "tertiary",
        "lanes": 3,
        "width_m": 10.5,
        "length_m": 225.28,
        "maxspeed_kmh": 30,
        "oneway": true,
        "bridge": false,
        "tunnel": false,
        "midpoint_grid_row": 91,
        "midpoint_grid_col": 117,
        "elevation_m": 2.79,
        "start_node": "RN-0381",
        "end_node": "RN-0382"
      },
      "geometry": {
        "type": "LineString",
        "coordinates": [
          [
            72.861191,
            19.069767
          ],
          [
            72.861158,
            19.069583
          ],
          [
            72.861023,
            19.068473
          ],
          [
            72.860911,
            19.067954
          ],
          [
            72.860859,
            19.067768
          ]
        ]
      }
    },
    {
      "type": "Feature",
      "properties": {
        "id": "R-0351",
        "osm_id": 830251239,
        "name": "BKC - CST Link Road",
        "highway_type": "tertiary",
        "lanes": 3,
        "width_m": 10.5,
        "length_m": 71.61,
        "maxspeed_kmh": 30,
        "oneway": true,
        "bridge": false,
        "tunnel": false,
        "midpoint_grid_row": 78,
        "midpoint_grid_col": 114,
        "elevation_m": 12.96,
        "start_node": "RN-0382",
        "end_node": "RN-0383"
      },
      "geometry": {
        "type": "LineString",
        "coordinates": [
          [
            72.860859,
            19.067768
          ],
          [
            72.860726,
            19.067299
          ],
          [
            72.860666,
            19.067151
          ]
        ]
      }
    },
    {
      "type": "Feature",
      "properties": {
        "id": "R-0352",
        "osm_id": 830251239,
        "name": "BKC - CST Link Road",
        "highway_type": "tertiary",
        "lanes": 3,
        "width_m": 10.5,
        "length_m": 140.74,
        "maxspeed_kmh": 30,
        "oneway": true,
        "bridge": false,
        "tunnel": false,
        "midpoint_grid_row": 64,
        "midpoint_grid_col": 108,
        "elevation_m": 10.6,
        "start_node": "RN-0383",
        "end_node": "RN-0278"
      },
      "geometry": {
        "type": "LineString",
        "coordinates": [
          [
            72.860666,
            19.067151
          ],
          [
            72.860187,
            19.065969
          ]
        ]
      }
    },
    {
      "type": "Feature",
      "properties": {
        "id": "R-0353",
        "osm_id": 830251247,
        "name": "Avenue 3",
        "highway_type": "tertiary",
        "lanes": 2,
        "width_m": 7.0,
        "length_m": 183.56,
        "maxspeed_kmh": 30,
        "oneway": true,
        "bridge": false,
        "tunnel": false,
        "midpoint_grid_row": 74,
        "midpoint_grid_col": 199,
        "elevation_m": 3.29,
        "start_node": "RN-0384",
        "end_node": "RN-0222"
      },
      "geometry": {
        "type": "LineString",
        "coordinates": [
          [
            72.867564,
            19.065765
          ],
          [
            72.868853,
            19.066879
          ]
        ]
      }
    },
    {
      "type": "Feature",
      "properties": {
        "id": "R-0354",
        "osm_id": 830251247,
        "name": "Avenue 3",
        "highway_type": "tertiary",
        "lanes": 2,
        "width_m": 7.0,
        "length_m": 99.08,
        "maxspeed_kmh": 30,
        "oneway": true,
        "bridge": false,
        "tunnel": false,
        "midpoint_grid_row": 79,
        "midpoint_grid_col": 199,
        "elevation_m": 2.0,
        "start_node": "RN-0222",
        "end_node": "RN-0290"
      },
      "geometry": {
        "type": "LineString",
        "coordinates": [
          [
            72.868853,
            19.066879
          ],
          [
            72.869233,
            19.067266
          ],
          [
            72.869355,
            19.06739
          ],
          [
            72.86952,
            19.067505
          ]
        ]
      }
    },
    {
      "type": "Feature",
      "properties": {
        "id": "R-0355",
        "osm_id": 830251247,
        "name": "Avenue 3",
        "highway_type": "tertiary",
        "lanes": 2,
        "width_m": 7.0,
        "length_m": 8.0,
        "maxspeed_kmh": 30,
        "oneway": true,
        "bridge": false,
        "tunnel": false,
        "midpoint_grid_row": 81,
        "midpoint_grid_col": 199,
        "elevation_m": 2.0,
        "start_node": "RN-0290",
        "end_node": "RN-0292"
      },
      "geometry": {
        "type": "LineString",
        "coordinates": [
          [
            72.86952,
            19.067505
          ],
          [
            72.869581,
            19.067548
          ]
        ]
      }
    },
    {
      "type": "Feature",
      "properties": {
        "id": "R-0356",
        "osm_id": 830251247,
        "name": "Avenue 3",
        "highway_type": "tertiary",
        "lanes": 2,
        "width_m": 7.0,
        "length_m": 526.03,
        "maxspeed_kmh": 30,
        "oneway": true,
        "bridge": false,
        "tunnel": false,
        "midpoint_grid_row": 97,
        "midpoint_grid_col": 199,
        "elevation_m": 4.62,
        "start_node": "RN-0292",
        "end_node": "RN-0249"
      },
      "geometry": {
        "type": "LineString",
        "coordinates": [
          [
            72.869581,
            19.067548
          ],
          [
            72.869671,
            19.067611
          ],
          [
            72.870113,
            19.067889
          ],
          [
            72.870749,
            19.068295
          ],
          [
            72.871094,
            19.068516
          ],
          [
            72.871256,
            19.068616
          ],
          [
            72.871384,
            19.068695
          ],
          [
            72.871875,
            19.068997
          ],
          [
            72.87191,
            19.069019
          ],
          [
            72.871937,
            19.069044
          ],
          [
            72.87195,
            19.069076
          ],
          [
            72.872354,
            19.070191
          ],
          [
            72.872381,
            19.070295
          ],
          [
            72.872363,
            19.070595
          ],
          [
            72.872344,
            19.070657
          ],
          [
            72.872317,
            19.070729
          ],
          [
            72.872174,
            19.070981
          ]
        ]
      }
    },
    {
      "type": "Feature",
      "properties": {
        "id": "R-0357",
        "osm_id": 830251248,
        "name": "Avenue 3: Lane 3",
        "highway_type": "secondary",
        "lanes": 2,
        "width_m": 7.0,
        "length_m": 11.01,
        "maxspeed_kmh": 40,
        "oneway": true,
        "bridge": false,
        "tunnel": false,
        "midpoint_grid_row": 30,
        "midpoint_grid_col": 159,
        "elevation_m": 8.89,
        "start_node": "RN-0296",
        "end_node": "RN-0028"
      },
      "geometry": {
        "type": "LineString",
        "coordinates": [
          [
            72.864985,
            19.062774
          ],
          [
            72.865021,
            19.062867
          ]
        ]
      }
    },
    {
      "type": "Feature",
      "properties": {
        "id": "R-0358",
        "osm_id": 830251248,
        "name": "Avenue 3: Lane 3",
        "highway_type": "secondary",
        "lanes": 2,
        "width_m": 7.0,
        "length_m": 392.73,
        "maxspeed_kmh": 40,
        "oneway": true,
        "bridge": false,
        "tunnel": false,
        "midpoint_grid_row": 62,
        "midpoint_grid_col": 171,
        "elevation_m": 7.47,
        "start_node": "RN-0028",
        "end_node": "RN-0043"
      },
      "geometry": {
        "type": "LineString",
        "coordinates": [
          [
            72.865021,
            19.062867
          ],
          [
            72.865397,
            19.063825
          ],
          [
            72.865534,
            19.064175
          ],
          [
            72.866051,
            19.065495
          ],
          [
            72.866181,
            19.065827
          ],
          [
            72.866292,
            19.065979
          ],
          [
            72.866365,
            19.066064
          ],
          [
            72.866384,
            19.066079
          ],
          [
            72.866431,
            19.066116
          ]
        ]
      }
    },
    {
      "type": "Feature",
      "properties": {
        "id": "R-0359",
        "osm_id": 830251248,
        "name": "Avenue 3: Lane 3",
        "highway_type": "secondary",
        "lanes": 2,
        "width_m": 7.0,
        "length_m": 8.33,
        "maxspeed_kmh": 40,
        "oneway": true,
        "bridge": false,
        "tunnel": false,
        "midpoint_grid_row": 66,
        "midpoint_grid_col": 175,
        "elevation_m": 7.91,
        "start_node": "RN-0043",
        "end_node": "RN-0039"
      },
      "geometry": {
        "type": "LineString",
        "coordinates": [
          [
            72.866431,
            19.066116
          ],
          [
            72.866487,
            19.066169
          ]
        ]
      }
    },
    {
      "type": "Feature",
      "properties": {
        "id": "R-0360",
        "osm_id": 834204009,
        "name": "Unnamed Residential Road",
        "highway_type": "residential",
        "lanes": 2,
        "width_m": 7.0,
        "length_m": 7.46,
        "maxspeed_kmh": 30,
        "oneway": false,
        "bridge": false,
        "tunnel": false,
        "midpoint_grid_row": 188,
        "midpoint_grid_col": 147,
        "elevation_m": 8.45,
        "start_node": "RN-0385",
        "end_node": "RN-0374"
      },
      "geometry": {
        "type": "LineString",
        "coordinates": [
          [
            72.863929,
            19.077234
          ],
          [
            72.863858,
            19.077236
          ]
        ]
      }
    },
    {
      "type": "Feature",
      "properties": {
        "id": "R-0361",
        "osm_id": 834204009,
        "name": "Unnamed Residential Road",
        "highway_type": "residential",
        "lanes": 2,
        "width_m": 7.0,
        "length_m": 16.23,
        "maxspeed_kmh": 30,
        "oneway": false,
        "bridge": false,
        "tunnel": false,
        "midpoint_grid_row": 186,
        "midpoint_grid_col": 147,
        "elevation_m": 8.02,
        "start_node": "RN-0374",
        "end_node": "RN-0386"
      },
      "geometry": {
        "type": "LineString",
        "coordinates": [
          [
            72.863858,
            19.077236
          ],
          [
            72.863857,
            19.07709
          ]
        ]
      }
    },
    {
      "type": "Feature",
      "properties": {
        "id": "R-0362",
        "osm_id": 909382839,
        "name": "BKC - WEH Connector",
        "highway_type": "secondary",
        "lanes": 2,
        "width_m": 7.0,
        "length_m": 954.13,
        "maxspeed_kmh": 40,
        "oneway": true,
        "bridge": true,
        "tunnel": false,
        "midpoint_grid_row": 146,
        "midpoint_grid_col": 0,
        "elevation_m": 7.0,
        "start_node": "RN-0387",
        "end_node": "RN-0388"
      },
      "geometry": {
        "type": "LineString",
        "coordinates": [
          [
            72.85254,
            19.068095
          ],
          [
            72.850283,
            19.072491
          ],
          [
            72.84995,
            19.073079
          ],
          [
            72.849707,
            19.07339
          ],
          [
            72.849226,
            19.073697
          ],
          [
            72.847898,
            19.074207
          ],
          [
            72.847247,
            19.074614
          ]
        ]
      }
    },
    {
      "type": "Feature",
      "properties": {
        "id": "R-0363",
        "osm_id": 909382847,
        "name": "Street 3",
        "highway_type": "secondary",
        "lanes": 2,
        "width_m": 7.0,
        "length_m": 167.6,
        "maxspeed_kmh": 40,
        "oneway": true,
        "bridge": false,
        "tunnel": false,
        "midpoint_grid_row": 0,
        "midpoint_grid_col": 153,
        "elevation_m": 12.0,
        "start_node": "RN-0269",
        "end_node": "RN-0389"
      },
      "geometry": {
        "type": "LineString",
        "coordinates": [
          [
            72.86433,
            19.060769
          ],
          [
            72.864379,
            19.060392
          ],
          [
            72.864386,
            19.06034
          ],
          [
            72.86439,
            19.060311
          ],
          [
            72.864409,
            19.060177
          ],
          [
            72.864424,
            19.060053
          ],
          [
            72.864436,
            19.059954
          ],
          [
            72.864439,
            19.059921
          ],
          [
            72.864445,
            19.059877
          ],
          [
            72.864515,
            19.059272
          ]
        ]
      }
    },
    {
      "type": "Feature",
      "properties": {
        "id": "R-0364",
        "osm_id": 909382861,
        "name": "Sharada Devi Road",
        "highway_type": "residential",
        "lanes": 2,
        "width_m": 7.0,
        "length_m": 238.4,
        "maxspeed_kmh": 30,
        "oneway": false,
        "bridge": false,
        "tunnel": false,
        "midpoint_grid_row": 96,
        "midpoint_grid_col": 2,
        "elevation_m": -0.56,
        "start_node": "RN-0142",
        "end_node": "RN-0135"
      },
      "geometry": {
        "type": "LineString",
        "coordinates": [
          [
            72.851186,
            19.066987
          ],
          [
            72.850086,
            19.068862
          ]
        ]
      }
    },
    {
      "type": "Feature",
      "properties": {
        "id": "R-0365",
        "osm_id": 909382863,
        "name": "Sant Dnyaneshwar Marg",
        "highway_type": "tertiary",
        "lanes": 2,
        "width_m": 7.0,
        "length_m": 573.06,
        "maxspeed_kmh": 30,
        "oneway": false,
        "bridge": false,
        "tunnel": false,
        "midpoint_grid_row": 101,
        "midpoint_grid_col": 12,
        "elevation_m": -0.01,
        "start_node": "RN-0390",
        "end_node": "RN-0284"
      },
      "geometry": {
        "type": "LineString",
        "coordinates": [
          [
            72.84971,
            19.071994
          ],
          [
            72.850023,
            19.071386
          ],
          [
            72.850064,
            19.071311
          ],
          [
            72.850126,
            19.071171
          ],
          [
            72.850251,
            19.07093
          ],
          [
            72.850379,
            19.070685
          ],
          [
            72.850739,
            19.070005
          ],
          [
            72.851075,
            19.069346
          ],
          [
            72.85184,
            19.067866
          ],
          [
            72.851966,
            19.067614
          ],
          [
            72.851988,
            19.067534
          ],
          [
            72.852005,
            19.067459
          ],
          [
            72.852017,
            19.067414
          ],
          [
            72.852046,
            19.067343
          ]
        ]
      }
    },
    {
      "type": "Feature",
      "properties": {
        "id": "R-0366",
        "osm_id": 909382863,
        "name": "Sant Dnyaneshwar Marg",
        "highway_type": "tertiary",
        "lanes": 2,
        "width_m": 7.0,
        "length_m": 9.16,
        "maxspeed_kmh": 30,
        "oneway": false,
        "bridge": false,
        "tunnel": false,
        "midpoint_grid_row": 78,
        "midpoint_grid_col": 23,
        "elevation_m": 2.96,
        "start_node": "RN-0284",
        "end_node": "RN-0188"
      },
      "geometry": {
        "type": "LineString",
        "coordinates": [
          [
            72.852046,
            19.067343
          ],
          [
            72.852082,
            19.067268
          ]
        ]
      }
    },
    {
      "type": "Feature",
      "properties": {
        "id": "R-0367",
        "osm_id": 939151335,
        "name": "Parshiwadi Road",
        "highway_type": "residential",
        "lanes": 2,
        "width_m": 7.0,
        "length_m": 26.36,
        "maxspeed_kmh": 30,
        "oneway": false,
        "bridge": false,
        "tunnel": false,
        "midpoint_grid_row": 182,
        "midpoint_grid_col": 118,
        "elevation_m": 3.2,
        "start_node": "RN-0021",
        "end_node": "RN-0352"
      },
      "geometry": {
        "type": "LineString",
        "coordinates": [
          [
            72.860931,
            19.076547
          ],
          [
            72.861099,
            19.076723
          ]
        ]
      }
    },
    {
      "type": "Feature",
      "properties": {
        "id": "R-0368",
        "osm_id": 940362343,
        "name": "Unnamed Residential Road",
        "highway_type": "residential",
        "lanes": 2,
        "width_m": 7.0,
        "length_m": 134.61,
        "maxspeed_kmh": 30,
        "oneway": false,
        "bridge": false,
        "tunnel": false,
        "midpoint_grid_row": 64,
        "midpoint_grid_col": 43,
        "elevation_m": 0.22,
        "start_node": "RN-0192",
        "end_node": "RN-0391"
      },
      "geometry": {
        "type": "LineString",
        "coordinates": [
          [
            72.854207,
            19.065752
          ],
          [
            72.854174,
            19.065822
          ],
          [
            72.854027,
            19.065964
          ],
          [
            72.853844,
            19.066107
          ],
          [
            72.853277,
            19.066574
          ]
        ]
      }
    },
    {
      "type": "Feature",
      "properties": {
        "id": "R-0369",
        "osm_id": 961495736,
        "name": "Unnamed Secondary Road",
        "highway_type": "secondary",
        "lanes": 2,
        "width_m": 7.0,
        "length_m": 11.26,
        "maxspeed_kmh": 40,
        "oneway": true,
        "bridge": false,
        "tunnel": false,
        "midpoint_grid_row": 6,
        "midpoint_grid_col": 151,
        "elevation_m": 11.62,
        "start_node": "RN-0269",
        "end_node": "RN-0392"
      },
      "geometry": {
        "type": "LineString",
        "coordinates": [
          [
            72.86433,
            19.060769
          ],
          [
            72.864263,
            19.06069
          ]
        ]
      }
    },
    {
      "type": "Feature",
      "properties": {
        "id": "R-0370",
        "osm_id": 1042713540,
        "name": "Unnamed Tertiary Road",
        "highway_type": "tertiary",
        "lanes": 2,
        "width_m": 7.0,
        "length_m": 83.86,
        "maxspeed_kmh": 30,
        "oneway": false,
        "bridge": false,
        "tunnel": false,
        "midpoint_grid_row": 53,
        "midpoint_grid_col": 104,
        "elevation_m": 10.84,
        "start_node": "RN-0393",
        "end_node": "RN-0068"
      },
      "geometry": {
        "type": "LineString",
        "coordinates": [
          [
            72.860164,
            19.064916
          ],
          [
            72.859929,
            19.064946
          ],
          [
            72.859787,
            19.064965
          ],
          [
            72.859373,
            19.065015
          ]
        ]
      }
    },
    {
      "type": "Feature",
      "properties": {
        "id": "R-0371",
        "osm_id": 1053839694,
        "name": "Gurudwara Road",
        "highway_type": "residential",
        "lanes": 2,
        "width_m": 7.0,
        "length_m": 8.96,
        "maxspeed_kmh": 30,
        "oneway": false,
        "bridge": false,
        "tunnel": false,
        "midpoint_grid_row": 191,
        "midpoint_grid_col": 116,
        "elevation_m": 6.86,
        "start_node": "RN-0354",
        "end_node": "RN-0001"
      },
      "geometry": {
        "type": "LineString",
        "coordinates": [
          [
            72.860948,
            19.077474
          ],
          [
            72.860947,
            19.077507
          ],
          [
            72.860955,
            19.077554
          ]
        ]
      }
    },
    {
      "type": "Feature",
      "properties": {
        "id": "R-0372",
        "osm_id": 1063794425,
        "name": "Unnamed Residential Road",
        "highway_type": "residential",
        "lanes": 2,
        "width_m": 7.0,
        "length_m": 47.39,
        "maxspeed_kmh": 30,
        "oneway": false,
        "bridge": false,
        "tunnel": false,
        "midpoint_grid_row": 56,
        "midpoint_grid_col": 74,
        "elevation_m": 6.44,
        "start_node": "RN-0093",
        "end_node": "RN-0394"
      },
      "geometry": {
        "type": "LineString",
        "coordinates": [
          [
            72.857085,
            19.065457
          ],
          [
            72.856965,
            19.065294
          ],
          [
            72.856819,
            19.065113
          ]
        ]
      }
    },
    {
      "type": "Feature",
      "properties": {
        "id": "R-0373",
        "osm_id": 1081717868,
        "name": "Unnamed Residential Road",
        "highway_type": "residential",
        "lanes": 2,
        "width_m": 7.0,
        "length_m": 79.32,
        "maxspeed_kmh": 30,
        "oneway": false,
        "bridge": false,
        "tunnel": false,
        "midpoint_grid_row": 199,
        "midpoint_grid_col": 62,
        "elevation_m": 3.5,
        "start_node": "RN-0155",
        "end_node": "RN-0157"
      },
      "geometry": {
        "type": "LineString",
        "coordinates": [
          [
            72.855824,
            19.078165
          ],
          [
            72.855846,
            19.078301
          ],
          [
            72.855865,
            19.078398
          ],
          [
            72.855857,
            19.078412
          ],
          [
            72.855788,
            19.078421
          ],
          [
            72.855777,
            19.078414
          ],
          [
            72.855753,
            19.078412
          ],
          [
            72.855621,
            19.078431
          ],
          [
            72.855598,
            19.078426
          ],
          [
            72.855578,
            19.078343
          ],
          [
            72.855547,
            19.07822
          ]
        ]
      }
    },
    {
      "type": "Feature",
      "properties": {
        "id": "R-0374",
        "osm_id": 1098169092,
        "name": "Unnamed Residential Road",
        "highway_type": "residential",
        "lanes": 2,
        "width_m": 7.0,
        "length_m": 7.22,
        "maxspeed_kmh": 30,
        "oneway": false,
        "bridge": false,
        "tunnel": false,
        "midpoint_grid_row": 77,
        "midpoint_grid_col": 20,
        "elevation_m": 1.72,
        "start_node": "RN-0189",
        "end_node": "RN-0395"
      },
      "geometry": {
        "type": "LineString",
        "coordinates": [
          [
            72.851833,
            19.067176
          ],
          [
            72.851849,
            19.06714
          ],
          [
            72.851865,
            19.067119
          ]
        ]
      }
    },
    {
      "type": "Feature",
      "properties": {
        "id": "R-0375",
        "osm_id": 1098169092,
        "name": "Unnamed Residential Road",
        "highway_type": "residential",
        "lanes": 2,
        "width_m": 7.0,
        "length_m": 90.35,
        "maxspeed_kmh": 30,
        "oneway": false,
        "bridge": false,
        "tunnel": false,
        "midpoint_grid_row": 72,
        "midpoint_grid_col": 24,
        "elevation_m": 2.07,
        "start_node": "RN-0395",
        "end_node": "RN-0396"
      },
      "geometry": {
        "type": "LineString",
        "coordinates": [
          [
            72.851865,
            19.067119
          ],
          [
            72.852108,
            19.066783
          ],
          [
            72.85213,
            19.066765
          ],
          [
            72.852163,
            19.066749
          ],
          [
            72.852199,
            19.066711
          ],
          [
            72.852331,
            19.066447
          ]
        ]
      }
    },
    {
      "type": "Feature",
      "properties": {
        "id": "R-0376",
        "osm_id": 1102782714,
        "name": "Unnamed Tertiary Road",
        "highway_type": "tertiary",
        "lanes": 2,
        "width_m": 7.0,
        "length_m": 64.62,
        "maxspeed_kmh": 30,
        "oneway": false,
        "bridge": false,
        "tunnel": false,
        "midpoint_grid_row": 5,
        "midpoint_grid_col": 82,
        "elevation_m": 7.71,
        "start_node": "RN-0397",
        "end_node": "RN-0137"
      },
      "geometry": {
        "type": "LineString",
        "coordinates": [
          [
            72.857886,
            19.06052
          ],
          [
            72.857754,
            19.060622
          ],
          [
            72.857665,
            19.060679
          ],
          [
            72.857518,
            19.060757
          ],
          [
            72.857372,
            19.060836
          ]
        ]
      }
    },
    {
      "type": "Feature",
      "properties": {
        "id": "R-0377",
        "osm_id": 1102782715,
        "name": "Unnamed Tertiary Road",
        "highway_type": "tertiary",
        "lanes": 2,
        "width_m": 7.0,
        "length_m": 32.34,
        "maxspeed_kmh": 30,
        "oneway": true,
        "bridge": false,
        "tunnel": false,
        "midpoint_grid_row": 34,
        "midpoint_grid_col": 62,
        "elevation_m": 3.39,
        "start_node": "RN-0398",
        "end_node": "RN-0399"
      },
      "geometry": {
        "type": "LineString",
        "coordinates": [
          [
            72.855893,
            19.062973
          ],
          [
            72.855751,
            19.063231
          ]
        ]
      }
    },
    {
      "type": "Feature",
      "properties": {
        "id": "R-0378",
        "osm_id": 1102782715,
        "name": "Unnamed Tertiary Road",
        "highway_type": "tertiary",
        "lanes": 2,
        "width_m": 7.0,
        "length_m": 36.56,
        "maxspeed_kmh": 30,
        "oneway": true,
        "bridge": false,
        "tunnel": false,
        "midpoint_grid_row": 37,
        "midpoint_grid_col": 60,
        "elevation_m": 3.34,
        "start_node": "RN-0399",
        "end_node": "RN-0400"
      },
      "geometry": {
        "type": "LineString",
        "coordinates": [
          [
            72.855751,
            19.063231
          ],
          [
            72.855591,
            19.063523
          ]
        ]
      }
    },
    {
      "type": "Feature",
      "properties": {
        "id": "R-0379",
        "osm_id": 1102782715,
        "name": "Unnamed Tertiary Road",
        "highway_type": "tertiary",
        "lanes": 2,
        "width_m": 7.0,
        "length_m": 31.45,
        "maxspeed_kmh": 30,
        "oneway": true,
        "bridge": false,
        "tunnel": false,
        "midpoint_grid_row": 40,
        "midpoint_grid_col": 58,
        "elevation_m": 1.47,
        "start_node": "RN-0400",
        "end_node": "RN-0401"
      },
      "geometry": {
        "type": "LineString",
        "coordinates": [
          [
            72.855591,
            19.063523
          ],
          [
            72.855453,
            19.063774
          ]
        ]
      }
    },
    {
      "type": "Feature",
      "properties": {
        "id": "R-0380",
        "osm_id": 1102782715,
        "name": "Unnamed Tertiary Road",
        "highway_type": "tertiary",
        "lanes": 2,
        "width_m": 7.0,
        "length_m": 56.23,
        "maxspeed_kmh": 30,
        "oneway": true,
        "bridge": false,
        "tunnel": false,
        "midpoint_grid_row": 40,
        "midpoint_grid_col": 58,
        "elevation_m": 1.47,
        "start_node": "RN-0401",
        "end_node": "RN-0402"
      },
      "geometry": {
        "type": "LineString",
        "coordinates": [
          [
            72.855453,
            19.063774
          ],
          [
            72.855445,
            19.063789
          ],
          [
            72.855197,
            19.064218
          ]
        ]
      }
    },
    {
      "type": "Feature",
      "properties": {
        "id": "R-0381",
        "osm_id": 1102782715,
        "name": "Unnamed Tertiary Road",
        "highway_type": "tertiary",
        "lanes": 2,
        "width_m": 7.0,
        "length_m": 24.43,
        "maxspeed_kmh": 30,
        "oneway": true,
        "bridge": false,
        "tunnel": false,
        "midpoint_grid_row": 45,
        "midpoint_grid_col": 56,
        "elevation_m": 1.21,
        "start_node": "RN-0402",
        "end_node": "RN-0403"
      },
      "geometry": {
        "type": "LineString",
        "coordinates": [
          [
            72.855197,
            19.064218
          ],
          [
            72.855177,
            19.064252
          ],
          [
            72.855086,
            19.064411
          ]
        ]
      }
    },
    {
      "type": "Feature",
      "properties": {
        "id": "R-0382",
        "osm_id": 1102782715,
        "name": "Unnamed Tertiary Road",
        "highway_type": "tertiary",
        "lanes": 2,
        "width_m": 7.0,
        "length_m": 79.53,
        "maxspeed_kmh": 30,
        "oneway": true,
        "bridge": false,
        "tunnel": false,
        "midpoint_grid_row": 52,
        "midpoint_grid_col": 51,
        "elevation_m": 3.53,
        "start_node": "RN-0403",
        "end_node": "RN-0404"
      },
      "geometry": {
        "type": "LineString",
        "coordinates": [
          [
            72.855086,
            19.064411
          ],
          [
            72.854791,
            19.064926
          ],
          [
            72.854722,
            19.065038
          ]
        ]
      }
    },
    {
      "type": "Feature",
      "properties": {
        "id": "R-0383",
        "osm_id": 1102782715,
        "name": "Unnamed Tertiary Road",
        "highway_type": "tertiary",
        "lanes": 2,
        "width_m": 7.0,
        "length_m": 40.07,
        "maxspeed_kmh": 30,
        "oneway": true,
        "bridge": false,
        "tunnel": false,
        "midpoint_grid_row": 57,
        "midpoint_grid_col": 49,
        "elevation_m": 0.69,
        "start_node": "RN-0404",
        "end_node": "RN-0104"
      },
      "geometry": {
        "type": "LineString",
        "coordinates": [
          [
            72.854722,
            19.065038
          ],
          [
            72.854533,
            19.065351
          ]
        ]
      }
    },
    {
      "type": "Feature",
      "properties": {
        "id": "R-0384",
        "osm_id": 1102782715,
        "name": "Unnamed Tertiary Road",
        "highway_type": "tertiary",
        "lanes": 2,
        "width_m": 7.0,
        "length_m": 16.06,
        "maxspeed_kmh": 30,
        "oneway": true,
        "bridge": false,
        "tunnel": false,
        "midpoint_grid_row": 57,
        "midpoint_grid_col": 48,
        "elevation_m": 1.41,
        "start_node": "RN-0104",
        "end_node": "RN-0405"
      },
      "geometry": {
        "type": "LineString",
        "coordinates": [
          [
            72.854533,
            19.065351
          ],
          [
            72.854505,
            19.065396
          ],
          [
            72.854444,
            19.065468
          ]
        ]
      }
    },
    {
      "type": "Feature",
      "properties": {
        "id": "R-0385",
        "osm_id": 1102782715,
        "name": "Unnamed Tertiary Road",
        "highway_type": "tertiary",
        "lanes": 2,
        "width_m": 7.0,
        "length_m": 33.17,
        "maxspeed_kmh": 30,
        "oneway": true,
        "bridge": false,
        "tunnel": false,
        "midpoint_grid_row": 60,
        "midpoint_grid_col": 46,
        "elevation_m": -0.84,
        "start_node": "RN-0405",
        "end_node": "RN-0094"
      },
      "geometry": {
        "type": "LineString",
        "coordinates": [
          [
            72.854444,
            19.065468
          ],
          [
            72.854299,
            19.065637
          ],
          [
            72.854253,
            19.065705
          ]
        ]
      }
    },
    {
      "type": "Feature",
      "properties": {
        "id": "R-0386",
        "osm_id": 1102782716,
        "name": "Unnamed Tertiary Road",
        "highway_type": "tertiary",
        "lanes": 2,
        "width_m": 7.0,
        "length_m": 61.66,
        "maxspeed_kmh": 30,
        "oneway": true,
        "bridge": false,
        "tunnel": false,
        "midpoint_grid_row": 5,
        "midpoint_grid_col": 81,
        "elevation_m": 7.71,
        "start_node": "RN-0406",
        "end_node": "RN-0407"
      },
      "geometry": {
        "type": "LineString",
        "coordinates": [
          [
            72.857828,
            19.060496
          ],
          [
            72.857698,
            19.060604
          ],
          [
            72.857589,
            19.06067
          ],
          [
            72.857338,
            19.060796
          ]
        ]
      }
    },
    {
      "type": "Feature",
      "properties": {
        "id": "R-0387",
        "osm_id": 1102782716,
        "name": "Unnamed Tertiary Road",
        "highway_type": "tertiary",
        "lanes": 2,
        "width_m": 7.0,
        "length_m": 125.65,
        "maxspeed_kmh": 30,
        "oneway": true,
        "bridge": false,
        "tunnel": false,
        "midpoint_grid_row": 8,
        "midpoint_grid_col": 77,
        "elevation_m": 5.55,
        "start_node": "RN-0407",
        "end_node": "RN-0408"
      },
      "geometry": {
        "type": "LineString",
        "coordinates": [
          [
            72.857338,
            19.060796
          ],
          [
            72.857247,
            19.060875
          ],
          [
            72.857184,
            19.060953
          ],
          [
            72.856683,
            19.061736
          ]
        ]
      }
    },
    {
      "type": "Feature",
      "properties": {
        "id": "R-0388",
        "osm_id": 1102782720,
        "name": "Unnamed Residential Road",
        "highway_type": "residential",
        "lanes": 2,
        "width_m": 7.0,
        "length_m": 7.65,
        "maxspeed_kmh": 30,
        "oneway": false,
        "bridge": false,
        "tunnel": false,
        "midpoint_grid_row": 34,
        "midpoint_grid_col": 62,
        "elevation_m": 3.39,
        "start_node": "RN-0399",
        "end_node": "RN-0102"
      },
      "geometry": {
        "type": "LineString",
        "coordinates": [
          [
            72.855751,
            19.063231
          ],
          [
            72.855811,
            19.06327
          ]
        ]
      }
    },
    {
      "type": "Feature",
      "properties": {
        "id": "R-0389",
        "osm_id": 1102782721,
        "name": "Unnamed Residential Road",
        "highway_type": "residential",
        "lanes": 2,
        "width_m": 7.0,
        "length_m": 6.23,
        "maxspeed_kmh": 30,
        "oneway": false,
        "bridge": false,
        "tunnel": false,
        "midpoint_grid_row": 17,
        "midpoint_grid_col": 71,
        "elevation_m": 2.81,
        "start_node": "RN-0118",
        "end_node": "RN-0408"
      },
      "geometry": {
        "type": "LineString",
        "coordinates": [
          [
            72.856738,
            19.061757
          ],
          [
            72.856683,
            19.061736
          ]
        ]
      }
    },
    {
      "type": "Feature",
      "properties": {
        "id": "R-0390",
        "osm_id": 1104888868,
        "name": "Ramakrishna Paramahansa Marg",
        "highway_type": "tertiary",
        "lanes": 2,
        "width_m": 7.0,
        "length_m": 67.63,
        "maxspeed_kmh": 30,
        "oneway": true,
        "bridge": false,
        "tunnel": false,
        "midpoint_grid_row": 0,
        "midpoint_grid_col": 54,
        "elevation_m": 9.03,
        "start_node": "RN-0409",
        "end_node": "RN-0410"
      },
      "geometry": {
        "type": "LineString",
        "coordinates": [
          [
            72.855119,
            19.059618
          ],
          [
            72.8551,
            19.059653
          ],
          [
            72.855056,
            19.059737
          ],
          [
            72.854882,
            19.059998
          ],
          [
            72.854788,
            19.060139
          ]
        ]
      }
    },
    {
      "type": "Feature",
      "properties": {
        "id": "R-0391",
        "osm_id": 1104888868,
        "name": "Ramakrishna Paramahansa Marg",
        "highway_type": "tertiary",
        "lanes": 2,
        "width_m": 7.0,
        "length_m": 15.53,
        "maxspeed_kmh": 30,
        "oneway": true,
        "bridge": false,
        "tunnel": false,
        "midpoint_grid_row": 1,
        "midpoint_grid_col": 51,
        "elevation_m": 9.99,
        "start_node": "RN-0410",
        "end_node": "RN-0075"
      },
      "geometry": {
        "type": "LineString",
        "coordinates": [
          [
            72.854788,
            19.060139
          ],
          [
            72.854709,
            19.060257
          ]
        ]
      }
    },
    {
      "type": "Feature",
      "properties": {
        "id": "R-0392",
        "osm_id": 1105146210,
        "name": "Santa Cruz \u2013 Chembur Link Road",
        "highway_type": "trunk",
        "lanes": 3,
        "width_m": 10.5,
        "length_m": 45.22,
        "maxspeed_kmh": 60,
        "oneway": true,
        "bridge": false,
        "tunnel": false,
        "midpoint_grid_row": 168,
        "midpoint_grid_col": 54,
        "elevation_m": 3.74,
        "start_node": "RN-0411",
        "end_node": "RN-0412"
      },
      "geometry": {
        "type": "LineString",
        "coordinates": [
          [
            72.854856,
            19.075314
          ],
          [
            72.855035,
            19.075426
          ],
          [
            72.855247,
            19.075463
          ]
        ]
      }
    },
    {
      "type": "Feature",
      "properties": {
        "id": "R-0393",
        "osm_id": 1105146210,
        "name": "Santa Cruz \u2013 Chembur Link Road",
        "highway_type": "trunk",
        "lanes": 3,
        "width_m": 10.5,
        "length_m": 147.7,
        "maxspeed_kmh": 60,
        "oneway": true,
        "bridge": false,
        "tunnel": false,
        "midpoint_grid_row": 168,
        "midpoint_grid_col": 60,
        "elevation_m": 3.91,
        "start_node": "RN-0412",
        "end_node": "RN-0304"
      },
      "geometry": {
        "type": "LineString",
        "coordinates": [
          [
            72.855247,
            19.075463
          ],
          [
            72.855377,
            19.075479
          ],
          [
            72.855646,
            19.075463
          ],
          [
            72.856634,
            19.07529
          ]
        ]
      }
    },
    {
      "type": "Feature",
      "properties": {
        "id": "R-0394",
        "osm_id": 1105146210,
        "name": "Santa Cruz \u2013 Chembur Link Road",
        "highway_type": "trunk",
        "lanes": 3,
        "width_m": 10.5,
        "length_m": 82.8,
        "maxspeed_kmh": 60,
        "oneway": true,
        "bridge": false,
        "tunnel": false,
        "midpoint_grid_row": 165,
        "midpoint_grid_col": 78,
        "elevation_m": 6.0,
        "start_node": "RN-0304",
        "end_node": "RN-0413"
      },
      "geometry": {
        "type": "LineString",
        "coordinates": [
          [
            72.856634,
            19.07529
          ],
          [
            72.856852,
            19.075249
          ],
          [
            72.8573,
            19.075164
          ],
          [
            72.857407,
            19.075146
          ]
        ]
      }
    },
    {
      "type": "Feature",
      "properties": {
        "id": "R-0395",
        "osm_id": 1105146210,
        "name": "Santa Cruz \u2013 Chembur Link Road",
        "highway_type": "trunk",
        "lanes": 3,
        "width_m": 10.5,
        "length_m": 222.01,
        "maxspeed_kmh": 60,
        "oneway": true,
        "bridge": false,
        "tunnel": false,
        "midpoint_grid_row": 163,
        "midpoint_grid_col": 87,
        "elevation_m": 7.27,
        "start_node": "RN-0413",
        "end_node": "RN-0414"
      },
      "geometry": {
        "type": "LineString",
        "coordinates": [
          [
            72.857407,
            19.075146
          ],
          [
            72.858037,
            19.075021
          ],
          [
            72.858167,
            19.074988
          ],
          [
            72.8587,
            19.074879
          ],
          [
            72.859473,
            19.07473
          ]
        ]
      }
    },
    {
      "type": "Feature",
      "properties": {
        "id": "R-0396",
        "osm_id": 1105146210,
        "name": "Santa Cruz \u2013 Chembur Link Road",
        "highway_type": "trunk",
        "lanes": 3,
        "width_m": 10.5,
        "length_m": 36.46,
        "maxspeed_kmh": 60,
        "oneway": true,
        "bridge": false,
        "tunnel": false,
        "midpoint_grid_row": 159,
        "midpoint_grid_col": 104,
        "elevation_m": 5.33,
        "start_node": "RN-0414",
        "end_node": "RN-0415"
      },
      "geometry": {
        "type": "LineString",
        "coordinates": [
          [
            72.859473,
            19.07473
          ],
          [
            72.85981,
            19.074652
          ]
        ]
      }
    },
    {
      "type": "Feature",
      "properties": {
        "id": "R-0397",
        "osm_id": 1105146210,
        "name": "Santa Cruz \u2013 Chembur Link Road",
        "highway_type": "trunk",
        "lanes": 3,
        "width_m": 10.5,
        "length_m": 30.49,
        "maxspeed_kmh": 60,
        "oneway": true,
        "bridge": false,
        "tunnel": false,
        "midpoint_grid_row": 158,
        "midpoint_grid_col": 107,
        "elevation_m": 4.04,
        "start_node": "RN-0415",
        "end_node": "RN-0205"
      },
      "geometry": {
        "type": "LineString",
        "coordinates": [
          [
            72.85981,
            19.074652
          ],
          [
            72.860081,
            19.074554
          ]
        ]
      }
    },
    {
      "type": "Feature",
      "properties": {
        "id": "R-0398",
        "osm_id": 1105146210,
        "name": "Santa Cruz \u2013 Chembur Link Road",
        "highway_type": "trunk",
        "lanes": 3,
        "width_m": 10.5,
        "length_m": 42.27,
        "maxspeed_kmh": 60,
        "oneway": true,
        "bridge": false,
        "tunnel": false,
        "midpoint_grid_row": 157,
        "midpoint_grid_col": 111,
        "elevation_m": 5.39,
        "start_node": "RN-0205",
        "end_node": "RN-0313"
      },
      "geometry": {
        "type": "LineString",
        "coordinates": [
          [
            72.860081,
            19.074554
          ],
          [
            72.860474,
            19.074473
          ]
        ]
      }
    },
    {
      "type": "Feature",
      "properties": {
        "id": "R-0399",
        "osm_id": 1107720631,
        "name": "Unnamed Residential Road",
        "highway_type": "residential",
        "lanes": 2,
        "width_m": 7.0,
        "length_m": 53.91,
        "maxspeed_kmh": 30,
        "oneway": false,
        "bridge": false,
        "tunnel": false,
        "midpoint_grid_row": 18,
        "midpoint_grid_col": 43,
        "elevation_m": 1.19,
        "start_node": "RN-0148",
        "end_node": "RN-0416"
      },
      "geometry": {
        "type": "LineString",
        "coordinates": [
          [
            72.853769,
            19.062144
          ],
          [
            72.85398,
            19.061774
          ],
          [
            72.854012,
            19.061717
          ]
        ]
      }
    },
    {
      "type": "Feature",
      "properties": {
        "id": "R-0400",
        "osm_id": 1117996497,
        "name": "Unnamed Residential Road",
        "highway_type": "residential",
        "lanes": 2,
        "width_m": 7.0,
        "length_m": 126.83,
        "maxspeed_kmh": 30,
        "oneway": false,
        "bridge": false,
        "tunnel": false,
        "midpoint_grid_row": 128,
        "midpoint_grid_col": 199,
        "elevation_m": 1.95,
        "start_node": "RN-0417",
        "end_node": "RN-0350"
      },
      "geometry": {
        "type": "LineString",
        "coordinates": [
          [
            72.869118,
            19.071922
          ],
          [
            72.868808,
            19.07176
          ],
          [
            72.868039,
            19.071412
          ]
        ]
      }
    },
    {
      "type": "Feature",
      "properties": {
        "id": "R-0401",
        "osm_id": 1118901771,
        "name": "Unnamed Residential Road",
        "highway_type": "residential",
        "lanes": 2,
        "width_m": 7.0,
        "length_m": 77.22,
        "maxspeed_kmh": 30,
        "oneway": false,
        "bridge": false,
        "tunnel": false,
        "midpoint_grid_row": 61,
        "midpoint_grid_col": 18,
        "elevation_m": 2.7,
        "start_node": "RN-0092",
        "end_node": "RN-0418"
      },
      "geometry": {
        "type": "LineString",
        "coordinates": [
          [
            72.850954,
            19.065433
          ],
          [
            72.851611,
            19.065744
          ]
        ]
      }
    },
    {
      "type": "Feature",
      "properties": {
        "id": "R-0402",
        "osm_id": 1120064757,
        "name": "Avenue 3",
        "highway_type": "secondary",
        "lanes": 2,
        "width_m": 7.0,
        "length_m": 61.85,
        "maxspeed_kmh": 40,
        "oneway": true,
        "bridge": false,
        "tunnel": false,
        "midpoint_grid_row": 0,
        "midpoint_grid_col": 93,
        "elevation_m": 11.29,
        "start_node": "RN-0419",
        "end_node": "RN-0420"
      },
      "geometry": {
        "type": "LineString",
        "coordinates": [
          [
            72.858911,
            19.060009
          ],
          [
            72.858773,
            19.060189
          ],
          [
            72.858634,
            19.060496
          ]
        ]
      }
    },
    {
      "type": "Feature",
      "properties": {
        "id": "R-0403",
        "osm_id": 1120064757,
        "name": "Avenue 3",
        "highway_type": "secondary",
        "lanes": 2,
        "width_m": 7.0,
        "length_m": 17.98,
        "maxspeed_kmh": 40,
        "oneway": true,
        "bridge": false,
        "tunnel": false,
        "midpoint_grid_row": 5,
        "midpoint_grid_col": 91,
        "elevation_m": 10.32,
        "start_node": "RN-0420",
        "end_node": "RN-0421"
      },
      "geometry": {
        "type": "LineString",
        "coordinates": [
          [
            72.858634,
            19.060496
          ],
          [
            72.85857,
            19.060646
          ]
        ]
      }
    },
    {
      "type": "Feature",
      "properties": {
        "id": "R-0404",
        "osm_id": 1120232015,
        "name": "Unnamed Residential Road",
        "highway_type": "residential",
        "lanes": 2,
        "width_m": 7.0,
        "length_m": 42.48,
        "maxspeed_kmh": 30,
        "oneway": true,
        "bridge": false,
        "tunnel": false,
        "midpoint_grid_row": 150,
        "midpoint_grid_col": 183,
        "elevation_m": 3.15,
        "start_node": "RN-0422",
        "end_node": "RN-0423"
      },
      "geometry": {
        "type": "LineString",
        "coordinates": [
          [
            72.867241,
            19.073812
          ],
          [
            72.867229,
            19.073794
          ],
          [
            72.867233,
            19.073772
          ],
          [
            72.867379,
            19.073463
          ]
        ]
      }
    },
    {
      "type": "Feature",
      "properties": {
        "id": "R-0405",
        "osm_id": 1120232015,
        "name": "Unnamed Residential Road",
        "highway_type": "residential",
        "lanes": 2,
        "width_m": 7.0,
        "length_m": 27.0,
        "maxspeed_kmh": 30,
        "oneway": true,
        "bridge": false,
        "tunnel": false,
        "midpoint_grid_row": 144,
        "midpoint_grid_col": 185,
        "elevation_m": 6.91,
        "start_node": "RN-0423",
        "end_node": "RN-0424"
      },
      "geometry": {
        "type": "LineString",
        "coordinates": [
          [
            72.867379,
            19.073463
          ],
          [
            72.867483,
            19.073241
          ]
        ]
      }
    },
    {
      "type": "Feature",
      "properties": {
        "id": "R-0406",
        "osm_id": 1120232015,
        "name": "Unnamed Residential Road",
        "highway_type": "residential",
        "lanes": 2,
        "width_m": 7.0,
        "length_m": 10.59,
        "maxspeed_kmh": 30,
        "oneway": true,
        "bridge": false,
        "tunnel": false,
        "midpoint_grid_row": 144,
        "midpoint_grid_col": 185,
        "elevation_m": 6.91,
        "start_node": "RN-0424",
        "end_node": "RN-0425"
      },
      "geometry": {
        "type": "LineString",
        "coordinates": [
          [
            72.867483,
            19.073241
          ],
          [
            72.867494,
            19.073217
          ],
          [
            72.867524,
            19.073154
          ]
        ]
      }
    },
    {
      "type": "Feature",
      "properties": {
        "id": "R-0407",
        "osm_id": 1120232016,
        "name": "Unnamed Residential Road",
        "highway_type": "residential",
        "lanes": 2,
        "width_m": 7.0,
        "length_m": 9.28,
        "maxspeed_kmh": 30,
        "oneway": true,
        "bridge": false,
        "tunnel": false,
        "midpoint_grid_row": 145,
        "midpoint_grid_col": 188,
        "elevation_m": 6.96,
        "start_node": "RN-0426",
        "end_node": "RN-0427"
      },
      "geometry": {
        "type": "LineString",
        "coordinates": [
          [
            72.867796,
            19.073277
          ],
          [
            72.867775,
            19.073325
          ],
          [
            72.867762,
            19.073354
          ]
        ]
      }
    },
    {
      "type": "Feature",
      "properties": {
        "id": "R-0408",
        "osm_id": 1120232016,
        "name": "Unnamed Residential Road",
        "highway_type": "residential",
        "lanes": 2,
        "width_m": 7.0,
        "length_m": 56.61,
        "maxspeed_kmh": 30,
        "oneway": true,
        "bridge": false,
        "tunnel": false,
        "midpoint_grid_row": 147,
        "midpoint_grid_col": 188,
        "elevation_m": 5.87,
        "start_node": "RN-0427",
        "end_node": "RN-0428"
      },
      "geometry": {
        "type": "LineString",
        "coordinates": [
          [
            72.867762,
            19.073354
          ],
          [
            72.867714,
            19.073465
          ],
          [
            72.867711,
            19.073495
          ],
          [
            72.867722,
            19.073515
          ],
          [
            72.867782,
            19.073544
          ],
          [
            72.867792,
            19.073557
          ],
          [
            72.867791,
            19.073576
          ],
          [
            72.867686,
            19.073792
          ]
        ]
      }
    },
    {
      "type": "Feature",
      "properties": {
        "id": "R-0409",
        "osm_id": 1120232017,
        "name": "Unnamed Residential Road",
        "highway_type": "residential",
        "lanes": 2,
        "width_m": 7.0,
        "length_m": 57.21,
        "maxspeed_kmh": 30,
        "oneway": true,
        "bridge": false,
        "tunnel": false,
        "midpoint_grid_row": 150,
        "midpoint_grid_col": 186,
        "elevation_m": 3.72,
        "start_node": "RN-0428",
        "end_node": "RN-0422"
      },
      "geometry": {
        "type": "LineString",
        "coordinates": [
          [
            72.867686,
            19.073792
          ],
          [
            72.867665,
            19.073824
          ],
          [
            72.867645,
            19.073832
          ],
          [
            72.867627,
            19.073832
          ],
          [
            72.867611,
            19.073822
          ],
          [
            72.867595,
            19.073821
          ],
          [
            72.867583,
            19.073828
          ],
          [
            72.86755,
            19.073902
          ],
          [
            72.867535,
            19.073911
          ],
          [
            72.867514,
            19.073909
          ],
          [
            72.867241,
            19.073812
          ]
        ]
      }
    },
    {
      "type": "Feature",
      "properties": {
        "id": "R-0410",
        "osm_id": 1122421029,
        "name": "Flyover",
        "highway_type": "trunk_link",
        "lanes": 2,
        "width_m": 7.0,
        "length_m": 242.02,
        "maxspeed_kmh": 40,
        "oneway": true,
        "bridge": true,
        "tunnel": false,
        "midpoint_grid_row": 153,
        "midpoint_grid_col": 0,
        "elevation_m": 6.0,
        "start_node": "RN-0429",
        "end_node": "RN-0430"
      },
      "geometry": {
        "type": "LineString",
        "coordinates": [
          [
            72.85122,
            19.073873
          ],
          [
            72.850972,
            19.073826
          ],
          [
            72.84969,
            19.07403
          ],
          [
            72.848948,
            19.074133
          ]
        ]
      }
    },
    {
      "type": "Feature",
      "properties": {
        "id": "R-0411",
        "osm_id": 1122421033,
        "name": "SCLR Flyover",
        "highway_type": "trunk",
        "lanes": 4,
        "width_m": 14.0,
        "length_m": 447.15,
        "maxspeed_kmh": 50,
        "oneway": true,
        "bridge": true,
        "tunnel": false,
        "midpoint_grid_row": 168,
        "midpoint_grid_col": 59,
        "elevation_m": 3.93,
        "start_node": "RN-0431",
        "end_node": "RN-0432"
      },
      "geometry": {
        "type": "LineString",
        "coordinates": [
          [
            72.855147,
            19.07537
          ],
          [
            72.855331,
            19.075399
          ],
          [
            72.8555,
            19.075401
          ],
          [
            72.855894,
            19.075361
          ],
          [
            72.85933,
            19.074716
          ]
        ]
      }
    },
    {
      "type": "Feature",
      "properties": {
        "id": "R-0412",
        "osm_id": 1122421034,
        "name": "Unnamed Trunk Road",
        "highway_type": "trunk",
        "lanes": 2,
        "width_m": 7.0,
        "length_m": 747.2,
        "maxspeed_kmh": 60,
        "oneway": true,
        "bridge": true,
        "tunnel": false,
        "midpoint_grid_row": 163,
        "midpoint_grid_col": 199,
        "elevation_m": 6.0,
        "start_node": "RN-0433",
        "end_node": "RN-0434"
      },
      "geometry": {
        "type": "LineString",
        "coordinates": [
          [
            72.87288,
            19.075257
          ],
          [
            72.872433,
            19.075032
          ],
          [
            72.872359,
            19.074995
          ],
          [
            72.86721,
            19.072745
          ],
          [
            72.866441,
            19.072409
          ]
        ]
      }
    },
    {
      "type": "Feature",
      "properties": {
        "id": "R-0413",
        "osm_id": 1122421034,
        "name": "Unnamed Trunk Road",
        "highway_type": "trunk",
        "lanes": 2,
        "width_m": 7.0,
        "length_m": 1893.24,
        "maxspeed_kmh": 60,
        "oneway": true,
        "bridge": true,
        "tunnel": false,
        "midpoint_grid_row": 156,
        "midpoint_grid_col": 108,
        "elevation_m": 2.48,
        "start_node": "RN-0434",
        "end_node": "RN-0429"
      },
      "geometry": {
        "type": "LineString",
        "coordinates": [
          [
            72.866441,
            19.072409
          ],
          [
            72.865938,
            19.072189
          ],
          [
            72.864053,
            19.071366
          ],
          [
            72.863508,
            19.071179
          ],
          [
            72.863286,
            19.071118
          ],
          [
            72.862946,
            19.071081
          ],
          [
            72.862704,
            19.071089
          ],
          [
            72.862465,
            19.071129
          ],
          [
            72.862238,
            19.071197
          ],
          [
            72.862001,
            19.071282
          ],
          [
            72.861723,
            19.071461
          ],
          [
            72.861504,
            19.071654
          ],
          [
            72.861355,
            19.071835
          ],
          [
            72.861213,
            19.072062
          ],
          [
            72.860753,
            19.073485
          ],
          [
            72.860625,
            19.073785
          ],
          [
            72.860479,
            19.074008
          ],
          [
            72.860309,
            19.074201
          ],
          [
            72.860115,
            19.074345
          ],
          [
            72.859884,
            19.074478
          ],
          [
            72.85961,
            19.074578
          ],
          [
            72.859316,
            19.07464
          ],
          [
            72.855882,
            19.075285
          ],
          [
            72.855496,
            19.075325
          ],
          [
            72.855336,
            19.075323
          ],
          [
            72.855158,
            19.075301
          ],
          [
            72.854993,
            19.075254
          ],
          [
            72.85473,
            19.075148
          ],
          [
            72.853381,
            19.074405
          ],
          [
            72.852969,
            19.074189
          ],
          [
            72.85271,
            19.074074
          ],
          [
            72.852378,
            19.073963
          ],
          [
            72.852013,
            19.073888
          ],
          [
            72.851647,
            19.073866
          ],
          [
            72.851346,
            19.073866
          ],
          [
            72.85122,
            19.073873
          ]
        ]
      }
    },
    {
      "type": "Feature",
      "properties": {
        "id": "R-0414",
        "osm_id": 1122421036,
        "name": "SCLR Flyover",
        "highway_type": "trunk",
        "lanes": 2,
        "width_m": 7.0,
        "length_m": 742.21,
        "maxspeed_kmh": 50,
        "oneway": true,
        "bridge": true,
        "tunnel": false,
        "midpoint_grid_row": 164,
        "midpoint_grid_col": 199,
        "elevation_m": 6.0,
        "start_node": "RN-0435",
        "end_node": "RN-0436"
      },
      "geometry": {
        "type": "LineString",
        "coordinates": [
          [
            72.866442,
            19.072506
          ],
          [
            72.872316,
            19.075075
          ],
          [
            72.872837,
            19.075337
          ]
        ]
      }
    },
    {
      "type": "Feature",
      "properties": {
        "id": "R-0415",
        "osm_id": 1124095104,
        "name": "Unnamed Primary_link Road",
        "highway_type": "primary_link",
        "lanes": 2,
        "width_m": 7.0,
        "length_m": 41.38,
        "maxspeed_kmh": 35,
        "oneway": true,
        "bridge": false,
        "tunnel": false,
        "midpoint_grid_row": 97,
        "midpoint_grid_col": 197,
        "elevation_m": 4.69,
        "start_node": "RN-0250",
        "end_node": "RN-0291"
      },
      "geometry": {
        "type": "LineString",
        "coordinates": [
          [
            72.868726,
            19.069227
          ],
          [
            72.868656,
            19.069097
          ],
          [
            72.868649,
            19.068998
          ],
          [
            72.868651,
            19.068871
          ]
        ]
      }
    },
    {
      "type": "Feature",
      "properties": {
        "id": "R-0416",
        "osm_id": 1124095105,
        "name": "Unnamed Primary_link Road",
        "highway_type": "primary_link",
        "lanes": 2,
        "width_m": 7.0,
        "length_m": 54.54,
        "maxspeed_kmh": 35,
        "oneway": true,
        "bridge": false,
        "tunnel": false,
        "midpoint_grid_row": 77,
        "midpoint_grid_col": 166,
        "elevation_m": 9.63,
        "start_node": "RN-0253",
        "end_node": "RN-0037"
      },
      "geometry": {
        "type": "LineString",
        "coordinates": [
          [
            72.865678,
            19.067335
          ],
          [
            72.865637,
            19.06724
          ],
          [
            72.865632,
            19.067127
          ],
          [
            72.865661,
            19.067013
          ],
          [
            72.865718,
            19.066865
          ]
        ]
      }
    },
    {
      "type": "Feature",
      "properties": {
        "id": "R-0417",
        "osm_id": 1125791626,
        "name": "Unnamed Residential Road",
        "highway_type": "residential",
        "lanes": 2,
        "width_m": 7.0,
        "length_m": 141.22,
        "maxspeed_kmh": 30,
        "oneway": false,
        "bridge": false,
        "tunnel": false,
        "midpoint_grid_row": 68,
        "midpoint_grid_col": 5,
        "elevation_m": -1.48,
        "start_node": "RN-0092",
        "end_node": "RN-0139"
      },
      "geometry": {
        "type": "LineString",
        "coordinates": [
          [
            72.850954,
            19.065433
          ],
          [
            72.850743,
            19.065787
          ],
          [
            72.850415,
            19.066361
          ],
          [
            72.850315,
            19.06655
          ]
        ]
      }
    },
    {
      "type": "Feature",
      "properties": {
        "id": "R-0418",
        "osm_id": 1128423096,
        "name": "Unnamed Residential Road",
        "highway_type": "residential",
        "lanes": 2,
        "width_m": 7.0,
        "length_m": 65.44,
        "maxspeed_kmh": 30,
        "oneway": false,
        "bridge": false,
        "tunnel": false,
        "midpoint_grid_row": 155,
        "midpoint_grid_col": 163,
        "elevation_m": 6.38,
        "start_node": "RN-0437",
        "end_node": "RN-0321"
      },
      "geometry": {
        "type": "LineString",
        "coordinates": [
          [
            72.865564,
            19.074251
          ],
          [
            72.865403,
            19.074218
          ],
          [
            72.864952,
            19.074143
          ]
        ]
      }
    },
    {
      "type": "Feature",
      "properties": {
        "id": "R-0419",
        "osm_id": 1128423096,
        "name": "Unnamed Residential Road",
        "highway_type": "residential",
        "lanes": 2,
        "width_m": 7.0,
        "length_m": 38.29,
        "maxspeed_kmh": 30,
        "oneway": false,
        "bridge": false,
        "tunnel": false,
        "midpoint_grid_row": 153,
        "midpoint_grid_col": 155,
        "elevation_m": 11.21,
        "start_node": "RN-0321",
        "end_node": "RN-0218"
      },
      "geometry": {
        "type": "LineString",
        "coordinates": [
          [
            72.864952,
            19.074143
          ],
          [
            72.864593,
            19.074084
          ]
        ]
      }
    },
    {
      "type": "Feature",
      "properties": {
        "id": "R-0420",
        "osm_id": 1128423096,
        "name": "Unnamed Residential Road",
        "highway_type": "residential",
        "lanes": 2,
        "width_m": 7.0,
        "length_m": 78.2,
        "maxspeed_kmh": 30,
        "oneway": false,
        "bridge": false,
        "tunnel": false,
        "midpoint_grid_row": 152,
        "midpoint_grid_col": 147,
        "elevation_m": 8.68,
        "start_node": "RN-0218",
        "end_node": "RN-0052"
      },
      "geometry": {
        "type": "LineString",
        "coordinates": [
          [
            72.864593,
            19.074084
          ],
          [
            72.86386,
            19.073963
          ]
        ]
      }
    },
    {
      "type": "Feature",
      "properties": {
        "id": "R-0421",
        "osm_id": 1128423097,
        "name": "Kolivery Road",
        "highway_type": "residential",
        "lanes": 2,
        "width_m": 7.0,
        "length_m": 187.59,
        "maxspeed_kmh": 30,
        "oneway": false,
        "bridge": false,
        "tunnel": false,
        "midpoint_grid_row": 146,
        "midpoint_grid_col": 173,
        "elevation_m": 5.32,
        "start_node": "RN-0438",
        "end_node": "RN-0227"
      },
      "geometry": {
        "type": "LineString",
        "coordinates": [
          [
            72.866657,
            19.072775
          ],
          [
            72.866469,
            19.073157
          ],
          [
            72.866433,
            19.07323
          ],
          [
            72.866355,
            19.073389
          ],
          [
            72.866331,
            19.073429
          ],
          [
            72.866145,
            19.073755
          ],
          [
            72.865981,
            19.074328
          ]
        ]
      }
    },
    {
      "type": "Feature",
      "properties": {
        "id": "R-0422",
        "osm_id": 1129143532,
        "name": "Unnamed Trunk_link Road",
        "highway_type": "trunk_link",
        "lanes": 2,
        "width_m": 7.0,
        "length_m": 22.41,
        "maxspeed_kmh": 40,
        "oneway": false,
        "bridge": false,
        "tunnel": false,
        "midpoint_grid_row": 157,
        "midpoint_grid_col": 104,
        "elevation_m": 3.74,
        "start_node": "RN-0415",
        "end_node": "RN-0439"
      },
      "geometry": {
        "type": "LineString",
        "coordinates": [
          [
            72.85981,
            19.074652
          ],
          [
            72.859765,
            19.074455
          ]
        ]
      }
    },
    {
      "type": "Feature",
      "properties": {
        "id": "R-0423",
        "osm_id": 1133062834,
        "name": "Unnamed Residential Road",
        "highway_type": "residential",
        "lanes": 2,
        "width_m": 7.0,
        "length_m": 16.81,
        "maxspeed_kmh": 30,
        "oneway": false,
        "bridge": false,
        "tunnel": false,
        "midpoint_grid_row": 128,
        "midpoint_grid_col": 151,
        "elevation_m": 5.98,
        "start_node": "RN-0440",
        "end_node": "RN-0441"
      },
      "geometry": {
        "type": "LineString",
        "coordinates": [
          [
            72.864325,
            19.071665
          ],
          [
            72.864253,
            19.0718
          ]
        ]
      }
    },
    {
      "type": "Feature",
      "properties": {
        "id": "R-0424",
        "osm_id": 1144581732,
        "name": "Ramakrishna Paramahansa Marg",
        "highway_type": "tertiary",
        "lanes": 2,
        "width_m": 7.0,
        "length_m": 8.93,
        "maxspeed_kmh": 30,
        "oneway": false,
        "bridge": false,
        "tunnel": false,
        "midpoint_grid_row": 13,
        "midpoint_grid_col": 36,
        "elevation_m": 7.99,
        "start_node": "RN-0442",
        "end_node": "RN-0443"
      },
      "geometry": {
        "type": "LineString",
        "coordinates": [
          [
            72.853373,
            19.061378
          ],
          [
            72.853296,
            19.061344
          ]
        ]
      }
    },
    {
      "type": "Feature",
      "properties": {
        "id": "R-0425",
        "osm_id": 1144581732,
        "name": "Ramakrishna Paramahansa Marg",
        "highway_type": "tertiary",
        "lanes": 2,
        "width_m": 7.0,
        "length_m": 10.45,
        "maxspeed_kmh": 30,
        "oneway": false,
        "bridge": false,
        "tunnel": false,
        "midpoint_grid_row": 12,
        "midpoint_grid_col": 35,
        "elevation_m": 8.18,
        "start_node": "RN-0443",
        "end_node": "RN-0444"
      },
      "geometry": {
        "type": "LineString",
        "coordinates": [
          [
            72.853296,
            19.061344
          ],
          [
            72.853206,
            19.061304
          ]
        ]
      }
    },
    {
      "type": "Feature",
      "properties": {
        "id": "R-0426",
        "osm_id": 1144581732,
        "name": "Ramakrishna Paramahansa Marg",
        "highway_type": "tertiary",
        "lanes": 2,
        "width_m": 7.0,
        "length_m": 97.16,
        "maxspeed_kmh": 30,
        "oneway": false,
        "bridge": false,
        "tunnel": false,
        "midpoint_grid_row": 9,
        "midpoint_grid_col": 28,
        "elevation_m": 6.86,
        "start_node": "RN-0444",
        "end_node": "RN-0445"
      },
      "geometry": {
        "type": "LineString",
        "coordinates": [
          [
            72.853206,
            19.061304
          ],
          [
            72.852624,
            19.061032
          ],
          [
            72.852567,
            19.060988
          ],
          [
            72.852533,
            19.060934
          ],
          [
            72.852484,
            19.060815
          ]
        ]
      }
    },
    {
      "type": "Feature",
      "properties": {
        "id": "R-0427",
        "osm_id": 1144581732,
        "name": "Ramakrishna Paramahansa Marg",
        "highway_type": "tertiary",
        "lanes": 2,
        "width_m": 7.0,
        "length_m": 28.89,
        "maxspeed_kmh": 30,
        "oneway": false,
        "bridge": false,
        "tunnel": false,
        "midpoint_grid_row": 4,
        "midpoint_grid_col": 26,
        "elevation_m": 5.06,
        "start_node": "RN-0445",
        "end_node": "RN-0446"
      },
      "geometry": {
        "type": "LineString",
        "coordinates": [
          [
            72.852484,
            19.060815
          ],
          [
            72.852402,
            19.060567
          ]
        ]
      }
    },
    {
      "type": "Feature",
      "properties": {
        "id": "R-0428",
        "osm_id": 1144581732,
        "name": "Ramakrishna Paramahansa Marg",
        "highway_type": "tertiary",
        "lanes": 2,
        "width_m": 7.0,
        "length_m": 42.18,
        "maxspeed_kmh": 30,
        "oneway": false,
        "bridge": false,
        "tunnel": false,
        "midpoint_grid_row": 0,
        "midpoint_grid_col": 25,
        "elevation_m": 6.83,
        "start_node": "RN-0446",
        "end_node": "RN-0447"
      },
      "geometry": {
        "type": "LineString",
        "coordinates": [
          [
            72.852402,
            19.060567
          ],
          [
            72.852282,
            19.060205
          ]
        ]
      }
    },
    {
      "type": "Feature",
      "properties": {
        "id": "R-0429",
        "osm_id": 1144581732,
        "name": "Ramakrishna Paramahansa Marg",
        "highway_type": "tertiary",
        "lanes": 2,
        "width_m": 7.0,
        "length_m": 9.55,
        "maxspeed_kmh": 30,
        "oneway": false,
        "bridge": false,
        "tunnel": false,
        "midpoint_grid_row": 0,
        "midpoint_grid_col": 25,
        "elevation_m": 6.83,
        "start_node": "RN-0447",
        "end_node": "RN-0448"
      },
      "geometry": {
        "type": "LineString",
        "coordinates": [
          [
            72.852282,
            19.060205
          ],
          [
            72.852249,
            19.060125
          ]
        ]
      }
    },
    {
      "type": "Feature",
      "properties": {
        "id": "R-0430",
        "osm_id": 1144581733,
        "name": "Unnamed Residential Road",
        "highway_type": "residential",
        "lanes": 2,
        "width_m": 7.0,
        "length_m": 64.63,
        "maxspeed_kmh": 30,
        "oneway": false,
        "bridge": false,
        "tunnel": false,
        "midpoint_grid_row": 21,
        "midpoint_grid_col": 10,
        "elevation_m": 12.23,
        "start_node": "RN-0179",
        "end_node": "RN-0125"
      },
      "geometry": {
        "type": "LineString",
        "coordinates": [
          [
            72.851091,
            19.061547
          ],
          [
            72.850812,
            19.062065
          ]
        ]
      }
    },
    {
      "type": "Feature",
      "properties": {
        "id": "R-0431",
        "osm_id": 1144581733,
        "name": "Unnamed Residential Road",
        "highway_type": "residential",
        "lanes": 2,
        "width_m": 7.0,
        "length_m": 155.66,
        "maxspeed_kmh": 30,
        "oneway": false,
        "bridge": false,
        "tunnel": false,
        "midpoint_grid_row": 31,
        "midpoint_grid_col": 4,
        "elevation_m": 5.5,
        "start_node": "RN-0125",
        "end_node": "RN-0120"
      },
      "geometry": {
        "type": "LineString",
        "coordinates": [
          [
            72.850812,
            19.062065
          ],
          [
            72.850606,
            19.062455
          ],
          [
            72.850333,
            19.062961
          ],
          [
            72.850137,
            19.063311
          ]
        ]
      }
    },
    {
      "type": "Feature",
      "properties": {
        "id": "R-0432",
        "osm_id": 1144581733,
        "name": "Unnamed Residential Road",
        "highway_type": "residential",
        "lanes": 2,
        "width_m": 7.0,
        "length_m": 137.19,
        "maxspeed_kmh": 30,
        "oneway": false,
        "bridge": false,
        "tunnel": false,
        "midpoint_grid_row": 42,
        "midpoint_grid_col": 0,
        "elevation_m": 6.31,
        "start_node": "RN-0120",
        "end_node": "RN-0449"
      },
      "geometry": {
        "type": "LineString",
        "coordinates": [
          [
            72.850137,
            19.063311
          ],
          [
            72.850035,
            19.063495
          ],
          [
            72.849727,
            19.064015
          ],
          [
            72.849518,
            19.064304
          ],
          [
            72.84947,
            19.06437
          ]
        ]
      }
    },
    {
      "type": "Feature",
      "properties": {
        "id": "R-0433",
        "osm_id": 1144942345,
        "name": "Unnamed Residential Road",
        "highway_type": "residential",
        "lanes": 2,
        "width_m": 7.0,
        "length_m": 5.6,
        "maxspeed_kmh": 30,
        "oneway": false,
        "bridge": false,
        "tunnel": false,
        "midpoint_grid_row": 65,
        "midpoint_grid_col": 19,
        "elevation_m": 2.87,
        "start_node": "RN-0450",
        "end_node": "RN-0451"
      },
      "geometry": {
        "type": "LineString",
        "coordinates": [
          [
            72.851727,
            19.066066
          ],
          [
            72.851701,
            19.06611
          ]
        ]
      }
    },
    {
      "type": "Feature",
      "properties": {
        "id": "R-0434",
        "osm_id": 1144942345,
        "name": "Unnamed Residential Road",
        "highway_type": "residential",
        "lanes": 2,
        "width_m": 7.0,
        "length_m": 111.53,
        "maxspeed_kmh": 30,
        "oneway": false,
        "bridge": false,
        "tunnel": false,
        "midpoint_grid_row": 75,
        "midpoint_grid_col": 13,
        "elevation_m": -1.04,
        "start_node": "RN-0451",
        "end_node": "RN-0142"
      },
      "geometry": {
        "type": "LineString",
        "coordinates": [
          [
            72.851701,
            19.06611
          ],
          [
            72.851186,
            19.066987
          ]
        ]
      }
    },
    {
      "type": "Feature",
      "properties": {
        "id": "R-0435",
        "osm_id": 1148113028,
        "name": "Unnamed Tertiary Road",
        "highway_type": "tertiary",
        "lanes": 2,
        "width_m": 7.0,
        "length_m": 29.97,
        "maxspeed_kmh": 30,
        "oneway": true,
        "bridge": false,
        "tunnel": false,
        "midpoint_grid_row": 20,
        "midpoint_grid_col": 70,
        "elevation_m": 1.91,
        "start_node": "RN-0408",
        "end_node": "RN-0452"
      },
      "geometry": {
        "type": "LineString",
        "coordinates": [
          [
            72.856683,
            19.061736
          ],
          [
            72.856531,
            19.061964
          ]
        ]
      }
    },
    {
      "type": "Feature",
      "properties": {
        "id": "R-0436",
        "osm_id": 1148113028,
        "name": "Unnamed Tertiary Road",
        "highway_type": "tertiary",
        "lanes": 2,
        "width_m": 7.0,
        "length_m": 33.33,
        "maxspeed_kmh": 30,
        "oneway": true,
        "bridge": false,
        "tunnel": false,
        "midpoint_grid_row": 22,
        "midpoint_grid_col": 68,
        "elevation_m": 1.15,
        "start_node": "RN-0452",
        "end_node": "RN-0453"
      },
      "geometry": {
        "type": "LineString",
        "coordinates": [
          [
            72.856531,
            19.061964
          ],
          [
            72.856366,
            19.06222
          ]
        ]
      }
    },
    {
      "type": "Feature",
      "properties": {
        "id": "R-0437",
        "osm_id": 1148113028,
        "name": "Unnamed Tertiary Road",
        "highway_type": "tertiary",
        "lanes": 2,
        "width_m": 7.0,
        "length_m": 36.7,
        "maxspeed_kmh": 30,
        "oneway": true,
        "bridge": false,
        "tunnel": false,
        "midpoint_grid_row": 26,
        "midpoint_grid_col": 66,
        "elevation_m": 2.0,
        "start_node": "RN-0453",
        "end_node": "RN-0454"
      },
      "geometry": {
        "type": "LineString",
        "coordinates": [
          [
            72.856366,
            19.06222
          ],
          [
            72.856188,
            19.062504
          ]
        ]
      }
    },
    {
      "type": "Feature",
      "properties": {
        "id": "R-0438",
        "osm_id": 1148113028,
        "name": "Unnamed Tertiary Road",
        "highway_type": "tertiary",
        "lanes": 2,
        "width_m": 7.0,
        "length_m": 32.23,
        "maxspeed_kmh": 30,
        "oneway": true,
        "bridge": false,
        "tunnel": false,
        "midpoint_grid_row": 28,
        "midpoint_grid_col": 65,
        "elevation_m": 3.11,
        "start_node": "RN-0454",
        "end_node": "RN-0455"
      },
      "geometry": {
        "type": "LineString",
        "coordinates": [
          [
            72.856188,
            19.062504
          ],
          [
            72.856031,
            19.062753
          ]
        ]
      }
    },
    {
      "type": "Feature",
      "properties": {
        "id": "R-0439",
        "osm_id": 1148113028,
        "name": "Unnamed Tertiary Road",
        "highway_type": "tertiary",
        "lanes": 2,
        "width_m": 7.0,
        "length_m": 25.39,
        "maxspeed_kmh": 30,
        "oneway": true,
        "bridge": false,
        "tunnel": false,
        "midpoint_grid_row": 30,
        "midpoint_grid_col": 63,
        "elevation_m": 4.03,
        "start_node": "RN-0455",
        "end_node": "RN-0456"
      },
      "geometry": {
        "type": "LineString",
        "coordinates": [
          [
            72.856031,
            19.062753
          ],
          [
            72.855907,
            19.062949
          ]
        ]
      }
    },
    {
      "type": "Feature",
      "properties": {
        "id": "R-0440",
        "osm_id": 1148113028,
        "name": "Unnamed Tertiary Road",
        "highway_type": "tertiary",
        "lanes": 2,
        "width_m": 7.0,
        "length_m": 3.05,
        "maxspeed_kmh": 30,
        "oneway": true,
        "bridge": false,
        "tunnel": false,
        "midpoint_grid_row": 31,
        "midpoint_grid_col": 63,
        "elevation_m": 3.41,
        "start_node": "RN-0456",
        "end_node": "RN-0398"
      },
      "geometry": {
        "type": "LineString",
        "coordinates": [
          [
            72.855907,
            19.062949
          ],
          [
            72.855893,
            19.062973
          ]
        ]
      }
    },
    {
      "type": "Feature",
      "properties": {
        "id": "R-0441",
        "osm_id": 1149824742,
        "name": "Unnamed Residential Road",
        "highway_type": "residential",
        "lanes": 2,
        "width_m": 7.0,
        "length_m": 29.22,
        "maxspeed_kmh": 30,
        "oneway": false,
        "bridge": false,
        "tunnel": false,
        "midpoint_grid_row": 21,
        "midpoint_grid_col": 10,
        "elevation_m": 12.23,
        "start_node": "RN-0178",
        "end_node": "RN-0125"
      },
      "geometry": {
        "type": "LineString",
        "coordinates": [
          [
            72.850576,
            19.061926
          ],
          [
            72.850812,
            19.062065
          ]
        ]
      }
    },
    {
      "type": "Feature",
      "properties": {
        "id": "R-0442",
        "osm_id": 1149824746,
        "name": "Unnamed Residential Road",
        "highway_type": "residential",
        "lanes": 2,
        "width_m": 7.0,
        "length_m": 64.63,
        "maxspeed_kmh": 30,
        "oneway": false,
        "bridge": false,
        "tunnel": false,
        "midpoint_grid_row": 21,
        "midpoint_grid_col": 10,
        "elevation_m": 12.23,
        "start_node": "RN-0122",
        "end_node": "RN-0126"
      },
      "geometry": {
        "type": "LineString",
        "coordinates": [
          [
            72.851157,
            19.061581
          ],
          [
            72.850874,
            19.062097
          ]
        ]
      }
    },
    {
      "type": "Feature",
      "properties": {
        "id": "R-0443",
        "osm_id": 1149824746,
        "name": "Unnamed Residential Road",
        "highway_type": "residential",
        "lanes": 2,
        "width_m": 7.0,
        "length_m": 48.38,
        "maxspeed_kmh": 30,
        "oneway": false,
        "bridge": false,
        "tunnel": false,
        "midpoint_grid_row": 25,
        "midpoint_grid_col": 8,
        "elevation_m": 11.47,
        "start_node": "RN-0126",
        "end_node": "RN-0129"
      },
      "geometry": {
        "type": "LineString",
        "coordinates": [
          [
            72.850874,
            19.062097
          ],
          [
            72.85067,
            19.062487
          ]
        ]
      }
    },
    {
      "type": "Feature",
      "properties": {
        "id": "R-0444",
        "osm_id": 1149824746,
        "name": "Unnamed Residential Road",
        "highway_type": "residential",
        "lanes": 2,
        "width_m": 7.0,
        "length_m": 33.55,
        "maxspeed_kmh": 30,
        "oneway": false,
        "bridge": false,
        "tunnel": false,
        "midpoint_grid_row": 28,
        "midpoint_grid_col": 6,
        "elevation_m": 8.12,
        "start_node": "RN-0129",
        "end_node": "RN-0457"
      },
      "geometry": {
        "type": "LineString",
        "coordinates": [
          [
            72.85067,
            19.062487
          ],
          [
            72.850508,
            19.062747
          ]
        ]
      }
    },
    {
      "type": "Feature",
      "properties": {
        "id": "R-0445",
        "osm_id": 1149824746,
        "name": "Unnamed Residential Road",
        "highway_type": "residential",
        "lanes": 2,
        "width_m": 7.0,
        "length_m": 29.75,
        "maxspeed_kmh": 30,
        "oneway": false,
        "bridge": false,
        "tunnel": false,
        "midpoint_grid_row": 31,
        "midpoint_grid_col": 5,
        "elevation_m": 5.25,
        "start_node": "RN-0457",
        "end_node": "RN-0112"
      },
      "geometry": {
        "type": "LineString",
        "coordinates": [
          [
            72.850508,
            19.062747
          ],
          [
            72.850367,
            19.062979
          ]
        ]
      }
    },
    {
      "type": "Feature",
      "properties": {
        "id": "R-0446",
        "osm_id": 1149824746,
        "name": "Unnamed Residential Road",
        "highway_type": "residential",
        "lanes": 2,
        "width_m": 7.0,
        "length_m": 39.81,
        "maxspeed_kmh": 30,
        "oneway": false,
        "bridge": false,
        "tunnel": false,
        "midpoint_grid_row": 34,
        "midpoint_grid_col": 3,
        "elevation_m": 5.31,
        "start_node": "RN-0112",
        "end_node": "RN-0458"
      },
      "geometry": {
        "type": "LineString",
        "coordinates": [
          [
            72.850367,
            19.062979
          ],
          [
            72.850191,
            19.063296
          ]
        ]
      }
    },
    {
      "type": "Feature",
      "properties": {
        "id": "R-0447",
        "osm_id": 1149824746,
        "name": "Unnamed Residential Road",
        "highway_type": "residential",
        "lanes": 2,
        "width_m": 7.0,
        "length_m": 27.23,
        "maxspeed_kmh": 30,
        "oneway": false,
        "bridge": false,
        "tunnel": false,
        "midpoint_grid_row": 37,
        "midpoint_grid_col": 2,
        "elevation_m": 5.44,
        "start_node": "RN-0458",
        "end_node": "RN-0088"
      },
      "geometry": {
        "type": "LineString",
        "coordinates": [
          [
            72.850191,
            19.063296
          ],
          [
            72.850071,
            19.063513
          ]
        ]
      }
    },
    {
      "type": "Feature",
      "properties": {
        "id": "R-0448",
        "osm_id": 1149824754,
        "name": "Unnamed Tertiary Road",
        "highway_type": "tertiary",
        "lanes": 2,
        "width_m": 7.0,
        "length_m": 14.65,
        "maxspeed_kmh": 30,
        "oneway": false,
        "bridge": false,
        "tunnel": false,
        "midpoint_grid_row": 61,
        "midpoint_grid_col": 38,
        "elevation_m": 1.72,
        "start_node": "RN-0365",
        "end_node": "RN-0184"
      },
      "geometry": {
        "type": "LineString",
        "coordinates": [
          [
            72.853408,
            19.065708
          ],
          [
            72.853544,
            19.065737
          ]
        ]
      }
    },
    {
      "type": "Feature",
      "properties": {
        "id": "R-0449",
        "osm_id": 1149824756,
        "name": "Ramakrishna Paramahansa Marg",
        "highway_type": "residential",
        "lanes": 2,
        "width_m": 7.0,
        "length_m": 16.12,
        "maxspeed_kmh": 30,
        "oneway": false,
        "bridge": false,
        "tunnel": false,
        "midpoint_grid_row": 44,
        "midpoint_grid_col": 9,
        "elevation_m": 3.95,
        "start_node": "RN-0459",
        "end_node": "RN-0460"
      },
      "geometry": {
        "type": "LineString",
        "coordinates": [
          [
            72.850771,
            19.064194
          ],
          [
            72.850785,
            19.064168
          ],
          [
            72.850841,
            19.064065
          ]
        ]
      }
    },
    {
      "type": "Feature",
      "properties": {
        "id": "R-0450",
        "osm_id": 1149824756,
        "name": "Ramakrishna Paramahansa Marg",
        "highway_type": "residential",
        "lanes": 2,
        "width_m": 7.0,
        "length_m": 14.21,
        "maxspeed_kmh": 30,
        "oneway": false,
        "bridge": false,
        "tunnel": false,
        "midpoint_grid_row": 42,
        "midpoint_grid_col": 10,
        "elevation_m": 2.6,
        "start_node": "RN-0460",
        "end_node": "RN-0090"
      },
      "geometry": {
        "type": "LineString",
        "coordinates": [
          [
            72.850841,
            19.064065
          ],
          [
            72.850902,
            19.063951
          ]
        ]
      }
    },
    {
      "type": "Feature",
      "properties": {
        "id": "R-0451",
        "osm_id": 1149824756,
        "name": "Ramakrishna Paramahansa Marg",
        "highway_type": "residential",
        "lanes": 2,
        "width_m": 7.0,
        "length_m": 49.01,
        "maxspeed_kmh": 30,
        "oneway": false,
        "bridge": false,
        "tunnel": false,
        "midpoint_grid_row": 37,
        "midpoint_grid_col": 13,
        "elevation_m": 4.0,
        "start_node": "RN-0090",
        "end_node": "RN-0107"
      },
      "geometry": {
        "type": "LineString",
        "coordinates": [
          [
            72.850902,
            19.063951
          ],
          [
            72.851129,
            19.063566
          ]
        ]
      }
    },
    {
      "type": "Feature",
      "properties": {
        "id": "R-0452",
        "osm_id": 1149824756,
        "name": "Ramakrishna Paramahansa Marg",
        "highway_type": "residential",
        "lanes": 2,
        "width_m": 7.0,
        "length_m": 64.83,
        "maxspeed_kmh": 30,
        "oneway": false,
        "bridge": false,
        "tunnel": false,
        "midpoint_grid_row": 32,
        "midpoint_grid_col": 16,
        "elevation_m": 7.66,
        "start_node": "RN-0107",
        "end_node": "RN-0461"
      },
      "geometry": {
        "type": "LineString",
        "coordinates": [
          [
            72.851129,
            19.063566
          ],
          [
            72.851428,
            19.063056
          ]
        ]
      }
    },
    {
      "type": "Feature",
      "properties": {
        "id": "R-0453",
        "osm_id": 1149824756,
        "name": "Ramakrishna Paramahansa Marg",
        "highway_type": "residential",
        "lanes": 2,
        "width_m": 7.0,
        "length_m": 64.98,
        "maxspeed_kmh": 30,
        "oneway": false,
        "bridge": false,
        "tunnel": false,
        "midpoint_grid_row": 26,
        "midpoint_grid_col": 19,
        "elevation_m": 8.65,
        "start_node": "RN-0461",
        "end_node": "RN-0128"
      },
      "geometry": {
        "type": "LineString",
        "coordinates": [
          [
            72.851428,
            19.063056
          ],
          [
            72.851728,
            19.062545
          ]
        ]
      }
    },
    {
      "type": "Feature",
      "properties": {
        "id": "R-0454",
        "osm_id": 1149824756,
        "name": "Ramakrishna Paramahansa Marg",
        "highway_type": "residential",
        "lanes": 2,
        "width_m": 7.0,
        "length_m": 66.3,
        "maxspeed_kmh": 30,
        "oneway": false,
        "bridge": false,
        "tunnel": false,
        "midpoint_grid_row": 20,
        "midpoint_grid_col": 22,
        "elevation_m": 5.15,
        "start_node": "RN-0128",
        "end_node": "RN-0124"
      },
      "geometry": {
        "type": "LineString",
        "coordinates": [
          [
            72.851728,
            19.062545
          ],
          [
            72.852015,
            19.062014
          ]
        ]
      }
    },
    {
      "type": "Feature",
      "properties": {
        "id": "R-0455",
        "osm_id": 1149824756,
        "name": "Ramakrishna Paramahansa Marg",
        "highway_type": "residential",
        "lanes": 2,
        "width_m": 7.0,
        "length_m": 88.32,
        "maxspeed_kmh": 30,
        "oneway": false,
        "bridge": false,
        "tunnel": false,
        "midpoint_grid_row": 14,
        "midpoint_grid_col": 25,
        "elevation_m": 4.17,
        "start_node": "RN-0124",
        "end_node": "RN-0462"
      },
      "geometry": {
        "type": "LineString",
        "coordinates": [
          [
            72.852015,
            19.062014
          ],
          [
            72.852312,
            19.061483
          ],
          [
            72.852402,
            19.061309
          ]
        ]
      }
    },
    {
      "type": "Feature",
      "properties": {
        "id": "R-0456",
        "osm_id": 1150792544,
        "name": "Unnamed Trunk_link Road",
        "highway_type": "trunk_link",
        "lanes": 2,
        "width_m": 7.0,
        "length_m": 23.96,
        "maxspeed_kmh": 40,
        "oneway": false,
        "bridge": false,
        "tunnel": false,
        "midpoint_grid_row": 121,
        "midpoint_grid_col": 134,
        "elevation_m": 2.01,
        "start_node": "RN-0463",
        "end_node": "RN-0263"
      },
      "geometry": {
        "type": "LineString",
        "coordinates": [
          [
            72.862694,
            19.07124
          ],
          [
            72.862675,
            19.071142
          ],
          [
            72.862653,
            19.071028
          ]
        ]
      }
    },
    {
      "type": "Feature",
      "properties": {
        "id": "R-0457",
        "osm_id": 1153091837,
        "name": "Sharada Devi Road",
        "highway_type": "tertiary",
        "lanes": 2,
        "width_m": 7.0,
        "length_m": 11.37,
        "maxspeed_kmh": 30,
        "oneway": true,
        "bridge": false,
        "tunnel": false,
        "midpoint_grid_row": 55,
        "midpoint_grid_col": 25,
        "elevation_m": 2.46,
        "start_node": "RN-0153",
        "end_node": "RN-0464"
      },
      "geometry": {
        "type": "LineString",
        "coordinates": [
          [
            72.852193,
            19.065083
          ],
          [
            72.852288,
            19.065132
          ]
        ]
      }
    },
    {
      "type": "Feature",
      "properties": {
        "id": "R-0458",
        "osm_id": 1153091837,
        "name": "Sharada Devi Road",
        "highway_type": "tertiary",
        "lanes": 2,
        "width_m": 7.0,
        "length_m": 46.78,
        "maxspeed_kmh": 30,
        "oneway": true,
        "bridge": false,
        "tunnel": false,
        "midpoint_grid_row": 56,
        "midpoint_grid_col": 28,
        "elevation_m": 2.28,
        "start_node": "RN-0464",
        "end_node": "RN-0465"
      },
      "geometry": {
        "type": "LineString",
        "coordinates": [
          [
            72.852288,
            19.065132
          ],
          [
            72.852575,
            19.065276
          ],
          [
            72.852679,
            19.065333
          ]
        ]
      }
    },
    {
      "type": "Feature",
      "properties": {
        "id": "R-0459",
        "osm_id": 1153091837,
        "name": "Sharada Devi Road",
        "highway_type": "tertiary",
        "lanes": 2,
        "width_m": 7.0,
        "length_m": 75.1,
        "maxspeed_kmh": 30,
        "oneway": true,
        "bridge": false,
        "tunnel": false,
        "midpoint_grid_row": 60,
        "midpoint_grid_col": 35,
        "elevation_m": 2.74,
        "start_node": "RN-0465",
        "end_node": "RN-0466"
      },
      "geometry": {
        "type": "LineString",
        "coordinates": [
          [
            72.852679,
            19.065333
          ],
          [
            72.853233,
            19.065635
          ],
          [
            72.853308,
            19.065637
          ]
        ]
      }
    },
    {
      "type": "Feature",
      "properties": {
        "id": "R-0460",
        "osm_id": 1153097726,
        "name": "Street 3",
        "highway_type": "secondary",
        "lanes": 2,
        "width_m": 7.0,
        "length_m": 41.56,
        "maxspeed_kmh": 40,
        "oneway": true,
        "bridge": false,
        "tunnel": false,
        "midpoint_grid_row": 24,
        "midpoint_grid_col": 106,
        "elevation_m": 9.78,
        "start_node": "RN-0257",
        "end_node": "RN-0295"
      },
      "geometry": {
        "type": "LineString",
        "coordinates": [
          [
            72.859596,
            19.062528
          ],
          [
            72.859966,
            19.062396
          ]
        ]
      }
    },
    {
      "type": "Feature",
      "properties": {
        "id": "R-0461",
        "osm_id": 1153097726,
        "name": "Street 3",
        "highway_type": "secondary",
        "lanes": 2,
        "width_m": 7.0,
        "length_m": 77.39,
        "maxspeed_kmh": 40,
        "oneway": true,
        "bridge": false,
        "tunnel": false,
        "midpoint_grid_row": 22,
        "midpoint_grid_col": 113,
        "elevation_m": 15.26,
        "start_node": "RN-0295",
        "end_node": "RN-0180"
      },
      "geometry": {
        "type": "LineString",
        "coordinates": [
          [
            72.859966,
            19.062396
          ],
          [
            72.860654,
            19.062148
          ]
        ]
      }
    },
    {
      "type": "Feature",
      "properties": {
        "id": "R-0462",
        "osm_id": 1153097726,
        "name": "Street 3",
        "highway_type": "secondary",
        "lanes": 2,
        "width_m": 7.0,
        "length_m": 301.33,
        "maxspeed_kmh": 40,
        "oneway": true,
        "bridge": false,
        "tunnel": false,
        "midpoint_grid_row": 16,
        "midpoint_grid_col": 128,
        "elevation_m": 9.67,
        "start_node": "RN-0180",
        "end_node": "RN-0182"
      },
      "geometry": {
        "type": "LineString",
        "coordinates": [
          [
            72.860654,
            19.062148
          ],
          [
            72.861277,
            19.061924
          ],
          [
            72.861936,
            19.061687
          ],
          [
            72.862084,
            19.061634
          ],
          [
            72.862352,
            19.061538
          ],
          [
            72.862638,
            19.061435
          ],
          [
            72.863334,
            19.061185
          ]
        ]
      }
    },
    {
      "type": "Feature",
      "properties": {
        "id": "R-0463",
        "osm_id": 1153097726,
        "name": "Street 3",
        "highway_type": "secondary",
        "lanes": 2,
        "width_m": 7.0,
        "length_m": 90.26,
        "maxspeed_kmh": 40,
        "oneway": true,
        "bridge": false,
        "tunnel": false,
        "midpoint_grid_row": 9,
        "midpoint_grid_col": 146,
        "elevation_m": 11.48,
        "start_node": "RN-0182",
        "end_node": "RN-0467"
      },
      "geometry": {
        "type": "LineString",
        "coordinates": [
          [
            72.863334,
            19.061185
          ],
          [
            72.863767,
            19.061004
          ],
          [
            72.86412,
            19.060858
          ]
        ]
      }
    },
    {
      "type": "Feature",
      "properties": {
        "id": "R-0464",
        "osm_id": 1153097726,
        "name": "Street 3",
        "highway_type": "secondary",
        "lanes": 2,
        "width_m": 7.0,
        "length_m": 24.19,
        "maxspeed_kmh": 40,
        "oneway": true,
        "bridge": false,
        "tunnel": false,
        "midpoint_grid_row": 7,
        "midpoint_grid_col": 151,
        "elevation_m": 11.95,
        "start_node": "RN-0467",
        "end_node": "RN-0269"
      },
      "geometry": {
        "type": "LineString",
        "coordinates": [
          [
            72.86412,
            19.060858
          ],
          [
            72.864238,
            19.060809
          ],
          [
            72.86433,
            19.060769
          ]
        ]
      }
    },
    {
      "type": "Feature",
      "properties": {
        "id": "R-0465",
        "osm_id": 1153097727,
        "name": "Avenue 3: Lane 1",
        "highway_type": "tertiary",
        "lanes": 2,
        "width_m": 7.0,
        "length_m": 317.28,
        "maxspeed_kmh": 30,
        "oneway": true,
        "bridge": false,
        "tunnel": false,
        "midpoint_grid_row": 8,
        "midpoint_grid_col": 112,
        "elevation_m": 14.0,
        "start_node": "RN-0468",
        "end_node": "RN-0469"
      },
      "geometry": {
        "type": "LineString",
        "coordinates": [
          [
            72.860676,
            19.062061
          ],
          [
            72.860492,
            19.06125
          ],
          [
            72.860489,
            19.061216
          ],
          [
            72.860492,
            19.061179
          ],
          [
            72.860507,
            19.061084
          ],
          [
            72.860543,
            19.060872
          ],
          [
            72.860664,
            19.060143
          ],
          [
            72.860655,
            19.060099
          ],
          [
            72.860454,
            19.059582
          ],
          [
            72.86041,
            19.059523
          ],
          [
            72.860269,
            19.059328
          ]
        ]
      }
    },
    {
      "type": "Feature",
      "properties": {
        "id": "R-0466",
        "osm_id": 1153097727,
        "name": "Avenue 3: Lane 1",
        "highway_type": "tertiary",
        "lanes": 2,
        "width_m": 7.0,
        "length_m": 11.93,
        "maxspeed_kmh": 30,
        "oneway": true,
        "bridge": false,
        "tunnel": false,
        "midpoint_grid_row": 0,
        "midpoint_grid_col": 108,
        "elevation_m": 13.0,
        "start_node": "RN-0469",
        "end_node": "RN-0470"
      },
      "geometry": {
        "type": "LineString",
        "coordinates": [
          [
            72.860269,
            19.059328
          ],
          [
            72.860204,
            19.05924
          ]
        ]
      }
    },
    {
      "type": "Feature",
      "properties": {
        "id": "R-0467",
        "osm_id": 1153999781,
        "name": "Sharada Devi Road",
        "highway_type": "tertiary",
        "lanes": 2,
        "width_m": 7.0,
        "length_m": 11.03,
        "maxspeed_kmh": 30,
        "oneway": true,
        "bridge": false,
        "tunnel": false,
        "midpoint_grid_row": 54,
        "midpoint_grid_col": 23,
        "elevation_m": 2.39,
        "start_node": "RN-0111",
        "end_node": "RN-0471"
      },
      "geometry": {
        "type": "LineString",
        "coordinates": [
          [
            72.852016,
            19.064995
          ],
          [
            72.852109,
            19.065041
          ]
        ]
      }
    },
    {
      "type": "Feature",
      "properties": {
        "id": "R-0468",
        "osm_id": 1153999781,
        "name": "Sharada Devi Road",
        "highway_type": "tertiary",
        "lanes": 2,
        "width_m": 7.0,
        "length_m": 9.99,
        "maxspeed_kmh": 30,
        "oneway": true,
        "bridge": false,
        "tunnel": false,
        "midpoint_grid_row": 54,
        "midpoint_grid_col": 24,
        "elevation_m": 2.65,
        "start_node": "RN-0471",
        "end_node": "RN-0153"
      },
      "geometry": {
        "type": "LineString",
        "coordinates": [
          [
            72.852109,
            19.065041
          ],
          [
            72.852193,
            19.065083
          ]
        ]
      }
    },
    {
      "type": "Feature",
      "properties": {
        "id": "R-0469",
        "osm_id": 1158399722,
        "name": "Santa Cruz \u2013 Chembur Link Road",
        "highway_type": "trunk",
        "lanes": 3,
        "width_m": 10.5,
        "length_m": 193.93,
        "maxspeed_kmh": 60,
        "oneway": true,
        "bridge": false,
        "tunnel": false,
        "midpoint_grid_row": 128,
        "midpoint_grid_col": 123,
        "elevation_m": 2.89,
        "start_node": "RN-0242",
        "end_node": "RN-0472"
      },
      "geometry": {
        "type": "LineString",
        "coordinates": [
          [
            72.861094,
            19.072914
          ],
          [
            72.861398,
            19.072061
          ],
          [
            72.861538,
            19.071848
          ],
          [
            72.861578,
            19.071805
          ],
          [
            72.861737,
            19.071639
          ],
          [
            72.861963,
            19.071477
          ],
          [
            72.862005,
            19.071458
          ]
        ]
      }
    },
    {
      "type": "Feature",
      "properties": {
        "id": "R-0470",
        "osm_id": 1158399722,
        "name": "Santa Cruz \u2013 Chembur Link Road",
        "highway_type": "trunk",
        "lanes": 3,
        "width_m": 10.5,
        "length_m": 54.34,
        "maxspeed_kmh": 60,
        "oneway": true,
        "bridge": false,
        "tunnel": false,
        "midpoint_grid_row": 122,
        "midpoint_grid_col": 132,
        "elevation_m": 2.31,
        "start_node": "RN-0472",
        "end_node": "RN-0473"
      },
      "geometry": {
        "type": "LineString",
        "coordinates": [
          [
            72.862005,
            19.071458
          ],
          [
            72.862247,
            19.071347
          ],
          [
            72.862467,
            19.071281
          ],
          [
            72.862484,
            19.071278
          ]
        ]
      }
    },
    {
      "type": "Feature",
      "properties": {
        "id": "R-0471",
        "osm_id": 1158399722,
        "name": "Santa Cruz \u2013 Chembur Link Road",
        "highway_type": "trunk",
        "lanes": 3,
        "width_m": 10.5,
        "length_m": 22.47,
        "maxspeed_kmh": 60,
        "oneway": true,
        "bridge": false,
        "tunnel": false,
        "midpoint_grid_row": 122,
        "midpoint_grid_col": 135,
        "elevation_m": 2.18,
        "start_node": "RN-0473",
        "end_node": "RN-0463"
      },
      "geometry": {
        "type": "LineString",
        "coordinates": [
          [
            72.862484,
            19.071278
          ],
          [
            72.862694,
            19.07124
          ]
        ]
      }
    },
    {
      "type": "Feature",
      "properties": {
        "id": "R-0472",
        "osm_id": 1158399722,
        "name": "Santa Cruz \u2013 Chembur Link Road",
        "highway_type": "trunk",
        "lanes": 3,
        "width_m": 10.5,
        "length_m": 32.79,
        "maxspeed_kmh": 60,
        "oneway": true,
        "bridge": false,
        "tunnel": false,
        "midpoint_grid_row": 122,
        "midpoint_grid_col": 138,
        "elevation_m": 2.9,
        "start_node": "RN-0463",
        "end_node": "RN-0239"
      },
      "geometry": {
        "type": "LineString",
        "coordinates": [
          [
            72.862694,
            19.07124
          ],
          [
            72.863005,
            19.071216
          ]
        ]
      }
    },
    {
      "type": "Feature",
      "properties": {
        "id": "R-0473",
        "osm_id": 1158399722,
        "name": "Santa Cruz \u2013 Chembur Link Road",
        "highway_type": "trunk",
        "lanes": 3,
        "width_m": 10.5,
        "length_m": 148.59,
        "maxspeed_kmh": 60,
        "oneway": true,
        "bridge": false,
        "tunnel": false,
        "midpoint_grid_row": 123,
        "midpoint_grid_col": 143,
        "elevation_m": 4.82,
        "start_node": "RN-0239",
        "end_node": "RN-0440"
      },
      "geometry": {
        "type": "LineString",
        "coordinates": [
          [
            72.863005,
            19.071216
          ],
          [
            72.863073,
            19.071216
          ],
          [
            72.863247,
            19.071248
          ],
          [
            72.863495,
            19.071304
          ],
          [
            72.863975,
            19.071512
          ],
          [
            72.864325,
            19.071665
          ]
        ]
      }
    },
    {
      "type": "Feature",
      "properties": {
        "id": "R-0474",
        "osm_id": 1158399722,
        "name": "Santa Cruz \u2013 Chembur Link Road",
        "highway_type": "trunk",
        "lanes": 3,
        "width_m": 10.5,
        "length_m": 48.51,
        "maxspeed_kmh": 60,
        "oneway": true,
        "bridge": false,
        "tunnel": false,
        "midpoint_grid_row": 129,
        "midpoint_grid_col": 156,
        "elevation_m": 4.96,
        "start_node": "RN-0440",
        "end_node": "RN-0047"
      },
      "geometry": {
        "type": "LineString",
        "coordinates": [
          [
            72.864325,
            19.071665
          ],
          [
            72.864744,
            19.071848
          ]
        ]
      }
    },
    {
      "type": "Feature",
      "properties": {
        "id": "R-0475",
        "osm_id": 1158399722,
        "name": "Santa Cruz \u2013 Chembur Link Road",
        "highway_type": "trunk",
        "lanes": 3,
        "width_m": 10.5,
        "length_m": 226.06,
        "maxspeed_kmh": 60,
        "oneway": true,
        "bridge": false,
        "tunnel": false,
        "midpoint_grid_row": 133,
        "midpoint_grid_col": 165,
        "elevation_m": 15.49,
        "start_node": "RN-0047",
        "end_node": "RN-0438"
      },
      "geometry": {
        "type": "LineString",
        "coordinates": [
          [
            72.864744,
            19.071848
          ],
          [
            72.865591,
            19.072219
          ],
          [
            72.866657,
            19.072775
          ]
        ]
      }
    },
    {
      "type": "Feature",
      "properties": {
        "id": "R-0476",
        "osm_id": 1158399723,
        "name": "Unnamed Trunk Road",
        "highway_type": "trunk",
        "lanes": 4,
        "width_m": 14.0,
        "length_m": 996.64,
        "maxspeed_kmh": 50,
        "oneway": true,
        "bridge": true,
        "tunnel": false,
        "midpoint_grid_row": 127,
        "midpoint_grid_col": 123,
        "elevation_m": 2.43,
        "start_node": "RN-0432",
        "end_node": "RN-0435"
      },
      "geometry": {
        "type": "LineString",
        "coordinates": [
          [
            72.85933,
            19.074716
          ],
          [
            72.859633,
            19.074651
          ],
          [
            72.85992,
            19.074547
          ],
          [
            72.860161,
            19.074408
          ],
          [
            72.860365,
            19.074256
          ],
          [
            72.860545,
            19.074053
          ],
          [
            72.860698,
            19.07382
          ],
          [
            72.860829,
            19.07351
          ],
          [
            72.861288,
            19.072093
          ],
          [
            72.861422,
            19.071878
          ],
          [
            72.861564,
            19.071706
          ],
          [
            72.861773,
            19.07152
          ],
          [
            72.862039,
            19.071351
          ],
          [
            72.862264,
            19.071269
          ],
          [
            72.862484,
            19.071203
          ],
          [
            72.862712,
            19.071165
          ],
          [
            72.862943,
            19.071158
          ],
          [
            72.86327,
            19.071193
          ],
          [
            72.863482,
            19.071252
          ],
          [
            72.86401,
            19.071445
          ],
          [
            72.866442,
            19.072506
          ]
        ]
      }
    },
    {
      "type": "Feature",
      "properties": {
        "id": "R-0477",
        "osm_id": 1158399724,
        "name": "Flyover",
        "highway_type": "trunk_link",
        "lanes": 2,
        "width_m": 7.0,
        "length_m": 173.27,
        "maxspeed_kmh": 40,
        "oneway": true,
        "bridge": true,
        "tunnel": false,
        "midpoint_grid_row": 138,
        "midpoint_grid_col": 178,
        "elevation_m": 7.81,
        "start_node": "RN-0435",
        "end_node": "RN-0474"
      },
      "geometry": {
        "type": "LineString",
        "coordinates": [
          [
            72.866442,
            19.072506
          ],
          [
            72.866772,
            19.072713
          ],
          [
            72.867905,
            19.073218
          ]
        ]
      }
    },
    {
      "type": "Feature",
      "properties": {
        "id": "R-0478",
        "osm_id": 1166098200,
        "name": "Swadeshi Mill Road",
        "highway_type": "residential",
        "lanes": 2,
        "width_m": 7.0,
        "length_m": 55.96,
        "maxspeed_kmh": 30,
        "oneway": false,
        "bridge": false,
        "tunnel": false,
        "midpoint_grid_row": 138,
        "midpoint_grid_col": 197,
        "elevation_m": -1.67,
        "start_node": "RN-0475",
        "end_node": "RN-0357"
      },
      "geometry": {
        "type": "LineString",
        "coordinates": [
          [
            72.868787,
            19.072224
          ],
          [
            72.868641,
            19.072708
          ]
        ]
      }
    },
    {
      "type": "Feature",
      "properties": {
        "id": "R-0479",
        "osm_id": 1166098200,
        "name": "Swadeshi Mill Road",
        "highway_type": "residential",
        "lanes": 2,
        "width_m": 7.0,
        "length_m": 68.86,
        "maxspeed_kmh": 30,
        "oneway": false,
        "bridge": false,
        "tunnel": false,
        "midpoint_grid_row": 140,
        "midpoint_grid_col": 199,
        "elevation_m": -0.84,
        "start_node": "RN-0357",
        "end_node": "RN-0476"
      },
      "geometry": {
        "type": "LineString",
        "coordinates": [
          [
            72.868641,
            19.072708
          ],
          [
            72.869266,
            19.072894
          ]
        ]
      }
    },
    {
      "type": "Feature",
      "properties": {
        "id": "R-0480",
        "osm_id": 1174924413,
        "name": "Unnamed Residential Road",
        "highway_type": "residential",
        "lanes": 2,
        "width_m": 7.0,
        "length_m": 79.39,
        "maxspeed_kmh": 30,
        "oneway": false,
        "bridge": false,
        "tunnel": false,
        "midpoint_grid_row": 169,
        "midpoint_grid_col": 132,
        "elevation_m": 5.82,
        "start_node": "RN-0057",
        "end_node": "RN-0240"
      },
      "geometry": {
        "type": "LineString",
        "coordinates": [
          [
            72.862561,
            19.075381
          ],
          [
            72.862522,
            19.075454
          ],
          [
            72.86248,
            19.075515
          ],
          [
            72.86202,
            19.075867
          ]
        ]
      }
    },
    {
      "type": "Feature",
      "properties": {
        "id": "R-0481",
        "osm_id": 1174924414,
        "name": "Unnamed Residential Road",
        "highway_type": "residential",
        "lanes": 2,
        "width_m": 7.0,
        "length_m": 74.92,
        "maxspeed_kmh": 30,
        "oneway": false,
        "bridge": false,
        "tunnel": false,
        "midpoint_grid_row": 173,
        "midpoint_grid_col": 128,
        "elevation_m": 4.85,
        "start_node": "RN-0011",
        "end_node": "RN-0240"
      },
      "geometry": {
        "type": "LineString",
        "coordinates": [
          [
            72.862418,
            19.076426
          ],
          [
            72.86202,
            19.075867
          ]
        ]
      }
    },
    {
      "type": "Feature",
      "properties": {
        "id": "R-0482",
        "osm_id": 1175567942,
        "name": "Jawaharlal Nehru Road",
        "highway_type": "tertiary",
        "lanes": 2,
        "width_m": 7.0,
        "length_m": 6.73,
        "maxspeed_kmh": 30,
        "oneway": false,
        "bridge": false,
        "tunnel": false,
        "midpoint_grid_row": 194,
        "midpoint_grid_col": 134,
        "elevation_m": 2.23,
        "start_node": "RN-0355",
        "end_node": "RN-0005"
      },
      "geometry": {
        "type": "LineString",
        "coordinates": [
          [
            72.862543,
            19.077803
          ],
          [
            72.862607,
            19.077805
          ]
        ]
      }
    },
    {
      "type": "Feature",
      "properties": {
        "id": "R-0483",
        "osm_id": 1175567942,
        "name": "Jawaharlal Nehru Road",
        "highway_type": "tertiary",
        "lanes": 2,
        "width_m": 7.0,
        "length_m": 42.96,
        "maxspeed_kmh": 30,
        "oneway": false,
        "bridge": false,
        "tunnel": false,
        "midpoint_grid_row": 193,
        "midpoint_grid_col": 138,
        "elevation_m": 3.95,
        "start_node": "RN-0005",
        "end_node": "RN-0225"
      },
      "geometry": {
        "type": "LineString",
        "coordinates": [
          [
            72.862607,
            19.077805
          ],
          [
            72.86301,
            19.07774
          ]
        ]
      }
    },
    {
      "type": "Feature",
      "properties": {
        "id": "R-0484",
        "osm_id": 1175567942,
        "name": "Jawaharlal Nehru Road",
        "highway_type": "tertiary",
        "lanes": 2,
        "width_m": 7.0,
        "length_m": 95.84,
        "maxspeed_kmh": 30,
        "oneway": false,
        "bridge": false,
        "tunnel": false,
        "midpoint_grid_row": 191,
        "midpoint_grid_col": 146,
        "elevation_m": 7.01,
        "start_node": "RN-0225",
        "end_node": "RN-0373"
      },
      "geometry": {
        "type": "LineString",
        "coordinates": [
          [
            72.86301,
            19.07774
          ],
          [
            72.863633,
            19.077508
          ],
          [
            72.863781,
            19.077478
          ],
          [
            72.86383,
            19.077479
          ],
          [
            72.863872,
            19.077479
          ]
        ]
      }
    },
    {
      "type": "Feature",
      "properties": {
        "id": "R-0485",
        "osm_id": 1175567942,
        "name": "Jawaharlal Nehru Road",
        "highway_type": "tertiary",
        "lanes": 2,
        "width_m": 7.0,
        "length_m": 78.72,
        "maxspeed_kmh": 30,
        "oneway": false,
        "bridge": false,
        "tunnel": false,
        "midpoint_grid_row": 191,
        "midpoint_grid_col": 150,
        "elevation_m": 10.43,
        "start_node": "RN-0373",
        "end_node": "RN-0336"
      },
      "geometry": {
        "type": "LineString",
        "coordinates": [
          [
            72.863872,
            19.077479
          ],
          [
            72.863935,
            19.077479
          ],
          [
            72.864154,
            19.077478
          ],
          [
            72.864605,
            19.077593
          ]
        ]
      }
    },
    {
      "type": "Feature",
      "properties": {
        "id": "R-0486",
        "osm_id": 1175567942,
        "name": "Jawaharlal Nehru Road",
        "highway_type": "tertiary",
        "lanes": 2,
        "width_m": 7.0,
        "length_m": 27.45,
        "maxspeed_kmh": 30,
        "oneway": false,
        "bridge": false,
        "tunnel": false,
        "midpoint_grid_row": 192,
        "midpoint_grid_col": 158,
        "elevation_m": 6.3,
        "start_node": "RN-0336",
        "end_node": "RN-0477"
      },
      "geometry": {
        "type": "LineString",
        "coordinates": [
          [
            72.864605,
            19.077593
          ],
          [
            72.864861,
            19.077642
          ]
        ]
      }
    },
    {
      "type": "Feature",
      "properties": {
        "id": "R-0487",
        "osm_id": 1175567942,
        "name": "Jawaharlal Nehru Road",
        "highway_type": "tertiary",
        "lanes": 2,
        "width_m": 7.0,
        "length_m": 32.92,
        "maxspeed_kmh": 30,
        "oneway": false,
        "bridge": false,
        "tunnel": false,
        "midpoint_grid_row": 193,
        "midpoint_grid_col": 161,
        "elevation_m": 3.04,
        "start_node": "RN-0477",
        "end_node": "RN-0228"
      },
      "geometry": {
        "type": "LineString",
        "coordinates": [
          [
            72.864861,
            19.077642
          ],
          [
            72.865168,
            19.077701
          ]
        ]
      }
    },
    {
      "type": "Feature",
      "properties": {
        "id": "R-0488",
        "osm_id": 1175567942,
        "name": "Jawaharlal Nehru Road",
        "highway_type": "tertiary",
        "lanes": 2,
        "width_m": 7.0,
        "length_m": 222.46,
        "maxspeed_kmh": 30,
        "oneway": false,
        "bridge": false,
        "tunnel": false,
        "midpoint_grid_row": 196,
        "midpoint_grid_col": 169,
        "elevation_m": -0.67,
        "start_node": "RN-0228",
        "end_node": "RN-0478"
      },
      "geometry": {
        "type": "LineString",
        "coordinates": [
          [
            72.865168,
            19.077701
          ],
          [
            72.865226,
            19.077716
          ],
          [
            72.865709,
            19.077848
          ],
          [
            72.865922,
            19.077937
          ],
          [
            72.866155,
            19.078083
          ],
          [
            72.866722,
            19.078775
          ],
          [
            72.866793,
            19.078861
          ]
        ]
      }
    },
    {
      "type": "Feature",
      "properties": {
        "id": "R-0489",
        "osm_id": 1175856728,
        "name": "Unnamed Residential Road",
        "highway_type": "residential",
        "lanes": 2,
        "width_m": 7.0,
        "length_m": 34.67,
        "maxspeed_kmh": 30,
        "oneway": false,
        "bridge": false,
        "tunnel": false,
        "midpoint_grid_row": 195,
        "midpoint_grid_col": 55,
        "elevation_m": 3.63,
        "start_node": "RN-0479",
        "end_node": "RN-0480"
      },
      "geometry": {
        "type": "LineString",
        "coordinates": [
          [
            72.854969,
            19.077754
          ],
          [
            72.855105,
            19.077805
          ],
          [
            72.85516,
            19.077848
          ],
          [
            72.855183,
            19.077878
          ],
          [
            72.855215,
            19.07794
          ]
        ]
      }
    },
    {
      "type": "Feature",
      "properties": {
        "id": "R-0490",
        "osm_id": 1175856728,
        "name": "Unnamed Residential Road",
        "highway_type": "residential",
        "lanes": 2,
        "width_m": 7.0,
        "length_m": 33.44,
        "maxspeed_kmh": 30,
        "oneway": false,
        "bridge": false,
        "tunnel": false,
        "midpoint_grid_row": 197,
        "midpoint_grid_col": 56,
        "elevation_m": 3.29,
        "start_node": "RN-0480",
        "end_node": "RN-0481"
      },
      "geometry": {
        "type": "LineString",
        "coordinates": [
          [
            72.855215,
            19.07794
          ],
          [
            72.855229,
            19.077982
          ],
          [
            72.855242,
            19.078015
          ],
          [
            72.85526,
            19.078044
          ],
          [
            72.85529,
            19.07808
          ],
          [
            72.855343,
            19.078165
          ],
          [
            72.855367,
            19.078202
          ]
        ]
      }
    },
    {
      "type": "Feature",
      "properties": {
        "id": "R-0491",
        "osm_id": 1175856728,
        "name": "Unnamed Residential Road",
        "highway_type": "residential",
        "lanes": 2,
        "width_m": 7.0,
        "length_m": 9.15,
        "maxspeed_kmh": 30,
        "oneway": false,
        "bridge": false,
        "tunnel": false,
        "midpoint_grid_row": 199,
        "midpoint_grid_col": 58,
        "elevation_m": 2.61,
        "start_node": "RN-0481",
        "end_node": "RN-0158"
      },
      "geometry": {
        "type": "LineString",
        "coordinates": [
          [
            72.855367,
            19.078202
          ],
          [
            72.855411,
            19.078273
          ]
        ]
      }
    },
    {
      "type": "Feature",
      "properties": {
        "id": "R-0492",
        "osm_id": 1175857594,
        "name": "Unnamed Residential Road",
        "highway_type": "residential",
        "lanes": 2,
        "width_m": 7.0,
        "length_m": 51.06,
        "maxspeed_kmh": 30,
        "oneway": false,
        "bridge": false,
        "tunnel": false,
        "midpoint_grid_row": 194,
        "midpoint_grid_col": 42,
        "elevation_m": 3.63,
        "start_node": "RN-0202",
        "end_node": "RN-0482"
      },
      "geometry": {
        "type": "LineString",
        "coordinates": [
          [
            72.853685,
            19.077857
          ],
          [
            72.853785,
            19.077816
          ],
          [
            72.853922,
            19.077782
          ],
          [
            72.854078,
            19.077753
          ],
          [
            72.854154,
            19.077747
          ]
        ]
      }
    },
    {
      "type": "Feature",
      "properties": {
        "id": "R-0493",
        "osm_id": 1175857594,
        "name": "Unnamed Residential Road",
        "highway_type": "residential",
        "lanes": 2,
        "width_m": 7.0,
        "length_m": 8.62,
        "maxspeed_kmh": 30,
        "oneway": false,
        "bridge": false,
        "tunnel": false,
        "midpoint_grid_row": 194,
        "midpoint_grid_col": 46,
        "elevation_m": 4.62,
        "start_node": "RN-0482",
        "end_node": "RN-0483"
      },
      "geometry": {
        "type": "LineString",
        "coordinates": [
          [
            72.854154,
            19.077747
          ],
          [
            72.854236,
            19.077749
          ]
        ]
      }
    },
    {
      "type": "Feature",
      "properties": {
        "id": "R-0494",
        "osm_id": 1175857594,
        "name": "Unnamed Residential Road",
        "highway_type": "residential",
        "lanes": 2,
        "width_m": 7.0,
        "length_m": 5.15,
        "maxspeed_kmh": 30,
        "oneway": false,
        "bridge": false,
        "tunnel": false,
        "midpoint_grid_row": 194,
        "midpoint_grid_col": 46,
        "elevation_m": 4.62,
        "start_node": "RN-0483",
        "end_node": "RN-0484"
      },
      "geometry": {
        "type": "LineString",
        "coordinates": [
          [
            72.854236,
            19.077749
          ],
          [
            72.854285,
            19.07775
          ]
        ]
      }
    },
    {
      "type": "Feature",
      "properties": {
        "id": "R-0495",
        "osm_id": 1177461837,
        "name": "Unnamed Residential Road",
        "highway_type": "residential",
        "lanes": 2,
        "width_m": 7.0,
        "length_m": 49.93,
        "maxspeed_kmh": 30,
        "oneway": false,
        "bridge": false,
        "tunnel": false,
        "midpoint_grid_row": 170,
        "midpoint_grid_col": 147,
        "elevation_m": 11.37,
        "start_node": "RN-0010",
        "end_node": "RN-0485"
      },
      "geometry": {
        "type": "LineString",
        "coordinates": [
          [
            72.863876,
            19.075886
          ],
          [
            72.863873,
            19.075627
          ],
          [
            72.863868,
            19.075437
          ]
        ]
      }
    },
    {
      "type": "Feature",
      "properties": {
        "id": "R-0496",
        "osm_id": 1186816694,
        "name": "Street 3",
        "highway_type": "secondary",
        "lanes": 2,
        "width_m": 7.0,
        "length_m": 205.58,
        "maxspeed_kmh": 40,
        "oneway": true,
        "bridge": false,
        "tunnel": false,
        "midpoint_grid_row": 9,
        "midpoint_grid_col": 144,
        "elevation_m": 10.74,
        "start_node": "RN-0220",
        "end_node": "RN-0392"
      },
      "geometry": {
        "type": "LineString",
        "coordinates": [
          [
            72.862468,
            19.061412
          ],
          [
            72.863311,
            19.061103
          ],
          [
            72.863562,
            19.061003
          ],
          [
            72.864175,
            19.060759
          ],
          [
            72.864263,
            19.06069
          ]
        ]
      }
    },
    {
      "type": "Feature",
      "properties": {
        "id": "R-0497",
        "osm_id": 1186816694,
        "name": "Street 3",
        "highway_type": "secondary",
        "lanes": 2,
        "width_m": 7.0,
        "length_m": 204.93,
        "maxspeed_kmh": 40,
        "oneway": true,
        "bridge": false,
        "tunnel": false,
        "midpoint_grid_row": 0,
        "midpoint_grid_col": 152,
        "elevation_m": 12.0,
        "start_node": "RN-0392",
        "end_node": "RN-0486"
      },
      "geometry": {
        "type": "LineString",
        "coordinates": [
          [
            72.864263,
            19.06069
          ],
          [
            72.864281,
            19.060461
          ],
          [
            72.864293,
            19.060308
          ],
          [
            72.864302,
            19.060194
          ],
          [
            72.864324,
            19.060004
          ],
          [
            72.864335,
            19.059911
          ],
          [
            72.864344,
            19.059838
          ],
          [
            72.864411,
            19.059261
          ],
          [
            72.864396,
            19.059174
          ],
          [
            72.864341,
            19.059093
          ],
          [
            72.864254,
            19.059035
          ],
          [
            72.864135,
            19.058988
          ]
        ]
      }
    },
    {
      "type": "Feature",
      "properties": {
        "id": "R-0498",
        "osm_id": 1187522828,
        "name": "Kanzul Iman Road",
        "highway_type": "unclassified",
        "lanes": 2,
        "width_m": 7.0,
        "length_m": 197.19,
        "maxspeed_kmh": 30,
        "oneway": true,
        "bridge": false,
        "tunnel": false,
        "midpoint_grid_row": 68,
        "midpoint_grid_col": 120,
        "elevation_m": 10.53,
        "start_node": "RN-0487",
        "end_node": "RN-0280"
      },
      "geometry": {
        "type": "LineString",
        "coordinates": [
          [
            72.862354,
            19.067089
          ],
          [
            72.861512,
            19.066553
          ],
          [
            72.861395,
            19.066464
          ],
          [
            72.86133,
            19.066401
          ],
          [
            72.861287,
            19.066328
          ],
          [
            72.861253,
            19.066237
          ],
          [
            72.861231,
            19.066116
          ],
          [
            72.861224,
            19.065963
          ],
          [
            72.861226,
            19.065835
          ]
        ]
      }
    },
    {
      "type": "Feature",
      "properties": {
        "id": "R-0499",
        "osm_id": 1187522828,
        "name": "Kanzul Iman Road",
        "highway_type": "unclassified",
        "lanes": 2,
        "width_m": 7.0,
        "length_m": 8.12,
        "maxspeed_kmh": 30,
        "oneway": true,
        "bridge": false,
        "tunnel": false,
        "midpoint_grid_row": 61,
        "midpoint_grid_col": 119,
        "elevation_m": 11.74,
        "start_node": "RN-0280",
        "end_node": "RN-0063"
      },
      "geometry": {
        "type": "LineString",
        "coordinates": [
          [
            72.861226,
            19.065835
          ],
          [
            72.861227,
            19.065762
          ]
        ]
      }
    },
    {
      "type": "Feature",
      "properties": {
        "id": "R-0500",
        "osm_id": 1187522829,
        "name": "Kanzul Iman Road",
        "highway_type": "unclassified",
        "lanes": 2,
        "width_m": 7.0,
        "length_m": 8.01,
        "maxspeed_kmh": 30,
        "oneway": true,
        "bridge": false,
        "tunnel": false,
        "midpoint_grid_row": 62,
        "midpoint_grid_col": 118,
        "elevation_m": 12.04,
        "start_node": "RN-0064",
        "end_node": "RN-0279"
      },
      "geometry": {
        "type": "LineString",
        "coordinates": [
          [
            72.861151,
            19.065772
          ],
          [
            72.86115,
            19.065844
          ]
        ]
      }
    },
    {
      "type": "Feature",
      "properties": {
        "id": "R-0501",
        "osm_id": 1187522829,
        "name": "Kanzul Iman Road",
        "highway_type": "unclassified",
        "lanes": 2,
        "width_m": 7.0,
        "length_m": 203.96,
        "maxspeed_kmh": 30,
        "oneway": true,
        "bridge": false,
        "tunnel": false,
        "midpoint_grid_row": 68,
        "midpoint_grid_col": 119,
        "elevation_m": 10.87,
        "start_node": "RN-0279",
        "end_node": "RN-0488"
      },
      "geometry": {
        "type": "LineString",
        "coordinates": [
          [
            72.86115,
            19.065844
          ],
          [
            72.861148,
            19.065964
          ],
          [
            72.861155,
            19.066124
          ],
          [
            72.861179,
            19.066255
          ],
          [
            72.861218,
            19.066358
          ],
          [
            72.861269,
            19.066444
          ],
          [
            72.861318,
            19.066497
          ],
          [
            72.861468,
            19.066612
          ],
          [
            72.862311,
            19.067148
          ]
        ]
      }
    },
    {
      "type": "Feature",
      "properties": {
        "id": "R-0502",
        "osm_id": 1187522830,
        "name": "Kanzul Iman Road",
        "highway_type": "unclassified",
        "lanes": 2,
        "width_m": 7.0,
        "length_m": 342.74,
        "maxspeed_kmh": 30,
        "oneway": false,
        "bridge": false,
        "tunnel": false,
        "midpoint_grid_row": 107,
        "midpoint_grid_col": 176,
        "elevation_m": 3.94,
        "start_node": "RN-0489",
        "end_node": "RN-0490"
      },
      "geometry": {
        "type": "LineString",
        "coordinates": [
          [
            72.864569,
            19.068545
          ],
          [
            72.866634,
            19.069855
          ],
          [
            72.867276,
            19.070264
          ]
        ]
      }
    },
    {
      "type": "Feature",
      "properties": {
        "id": "R-0503",
        "osm_id": 1188775154,
        "name": "Unnamed Residential Road",
        "highway_type": "residential",
        "lanes": 2,
        "width_m": 7.0,
        "length_m": 57.84,
        "maxspeed_kmh": 30,
        "oneway": false,
        "bridge": false,
        "tunnel": false,
        "midpoint_grid_row": 17,
        "midpoint_grid_col": 37,
        "elevation_m": 4.64,
        "start_node": "RN-0491",
        "end_node": "RN-0175"
      },
      "geometry": {
        "type": "LineString",
        "coordinates": [
          [
            72.853191,
            19.061561
          ],
          [
            72.853392,
            19.061701
          ],
          [
            72.853397,
            19.061713
          ],
          [
            72.853387,
            19.06174
          ],
          [
            72.853266,
            19.061954
          ]
        ]
      }
    },
    {
      "type": "Feature",
      "properties": {
        "id": "R-0504",
        "osm_id": 1189608262,
        "name": "Unnamed Residential Road",
        "highway_type": "residential",
        "lanes": 2,
        "width_m": 7.0,
        "length_m": 19.72,
        "maxspeed_kmh": 30,
        "oneway": false,
        "bridge": false,
        "tunnel": false,
        "midpoint_grid_row": 197,
        "midpoint_grid_col": 39,
        "elevation_m": 1.22,
        "start_node": "RN-0492",
        "end_node": "RN-0203"
      },
      "geometry": {
        "type": "LineString",
        "coordinates": [
          [
            72.853458,
            19.078126
          ],
          [
            72.853633,
            19.078062
          ]
        ]
      }
    },
    {
      "type": "Feature",
      "properties": {
        "id": "R-0505",
        "osm_id": 1189608840,
        "name": "Unnamed Residential Road",
        "highway_type": "residential",
        "lanes": 2,
        "width_m": 7.0,
        "length_m": 24.91,
        "maxspeed_kmh": 30,
        "oneway": false,
        "bridge": false,
        "tunnel": false,
        "midpoint_grid_row": 195,
        "midpoint_grid_col": 47,
        "elevation_m": 5.06,
        "start_node": "RN-0493",
        "end_node": "RN-0494"
      },
      "geometry": {
        "type": "LineString",
        "coordinates": [
          [
            72.854365,
            19.078127
          ],
          [
            72.854362,
            19.077903
          ]
        ]
      }
    },
    {
      "type": "Feature",
      "properties": {
        "id": "R-0506",
        "osm_id": 1189608840,
        "name": "Unnamed Residential Road",
        "highway_type": "residential",
        "lanes": 2,
        "width_m": 7.0,
        "length_m": 20.93,
        "maxspeed_kmh": 30,
        "oneway": false,
        "bridge": false,
        "tunnel": false,
        "midpoint_grid_row": 195,
        "midpoint_grid_col": 45,
        "elevation_m": 5.01,
        "start_node": "RN-0494",
        "end_node": "RN-0495"
      },
      "geometry": {
        "type": "LineString",
        "coordinates": [
          [
            72.854362,
            19.077903
          ],
          [
            72.854163,
            19.077911
          ]
        ]
      }
    },
    {
      "type": "Feature",
      "properties": {
        "id": "R-0507",
        "osm_id": 1189608840,
        "name": "Unnamed Residential Road",
        "highway_type": "residential",
        "lanes": 2,
        "width_m": 7.0,
        "length_m": 18.26,
        "maxspeed_kmh": 30,
        "oneway": false,
        "bridge": false,
        "tunnel": false,
        "midpoint_grid_row": 194,
        "midpoint_grid_col": 45,
        "elevation_m": 4.68,
        "start_node": "RN-0495",
        "end_node": "RN-0482"
      },
      "geometry": {
        "type": "LineString",
        "coordinates": [
          [
            72.854163,
            19.077911
          ],
          [
            72.854154,
            19.077747
          ]
        ]
      }
    },
    {
      "type": "Feature",
      "properties": {
        "id": "R-0508",
        "osm_id": 1189777860,
        "name": "Unnamed Residential Road",
        "highway_type": "residential",
        "lanes": 2,
        "width_m": 7.0,
        "length_m": 121.3,
        "maxspeed_kmh": 30,
        "oneway": false,
        "bridge": false,
        "tunnel": false,
        "midpoint_grid_row": 64,
        "midpoint_grid_col": 20,
        "elevation_m": 2.53,
        "start_node": "RN-0464",
        "end_node": "RN-0450"
      },
      "geometry": {
        "type": "LineString",
        "coordinates": [
          [
            72.852288,
            19.065132
          ],
          [
            72.851827,
            19.065995
          ],
          [
            72.851811,
            19.066005
          ],
          [
            72.851791,
            19.066011
          ],
          [
            72.85176,
            19.066021
          ],
          [
            72.851743,
            19.066038
          ],
          [
            72.851727,
            19.066066
          ]
        ]
      }
    },
    {
      "type": "Feature",
      "properties": {
        "id": "R-0509",
        "osm_id": 1189781145,
        "name": "Unnamed Residential Road",
        "highway_type": "residential",
        "lanes": 2,
        "width_m": 7.0,
        "length_m": 61.39,
        "maxspeed_kmh": 30,
        "oneway": false,
        "bridge": false,
        "tunnel": false,
        "midpoint_grid_row": 18,
        "midpoint_grid_col": 32,
        "elevation_m": 6.97,
        "start_node": "RN-0444",
        "end_node": "RN-0081"
      },
      "geometry": {
        "type": "LineString",
        "coordinates": [
          [
            72.853206,
            19.061304
          ],
          [
            72.852941,
            19.061796
          ]
        ]
      }
    },
    {
      "type": "Feature",
      "properties": {
        "id": "R-0510",
        "osm_id": 1190574586,
        "name": "Unnamed Residential Road",
        "highway_type": "residential",
        "lanes": 2,
        "width_m": 7.0,
        "length_m": 13.27,
        "maxspeed_kmh": 30,
        "oneway": false,
        "bridge": false,
        "tunnel": false,
        "midpoint_grid_row": 129,
        "midpoint_grid_col": 140,
        "elevation_m": 8.0,
        "start_node": "RN-0237",
        "end_node": "RN-0496"
      },
      "geometry": {
        "type": "LineString",
        "coordinates": [
          [
            72.863122,
            19.071847
          ],
          [
            72.863174,
            19.071869
          ],
          [
            72.86322,
            19.071918
          ]
        ]
      }
    },
    {
      "type": "Feature",
      "properties": {
        "id": "R-0511",
        "osm_id": 1190574586,
        "name": "Unnamed Residential Road",
        "highway_type": "residential",
        "lanes": 2,
        "width_m": 7.0,
        "length_m": 200.91,
        "maxspeed_kmh": 30,
        "oneway": false,
        "bridge": false,
        "tunnel": false,
        "midpoint_grid_row": 132,
        "midpoint_grid_col": 148,
        "elevation_m": 6.01,
        "start_node": "RN-0496",
        "end_node": "RN-0496"
      },
      "geometry": {
        "type": "LineString",
        "coordinates": [
          [
            72.86322,
            19.071918
          ],
          [
            72.863198,
            19.071994
          ],
          [
            72.863199,
            19.07201
          ],
          [
            72.86321,
            19.072025
          ],
          [
            72.863335,
            19.072118
          ],
          [
            72.863459,
            19.072153
          ],
          [
            72.863768,
            19.0722
          ],
          [
            72.863802,
            19.072199
          ],
          [
            72.863829,
            19.072193
          ],
          [
            72.863873,
            19.072171
          ],
          [
            72.863917,
            19.07217
          ],
          [
            72.86393,
            19.072161
          ],
          [
            72.863937,
            19.072146
          ],
          [
            72.863952,
            19.072055
          ],
          [
            72.863957,
            19.071982
          ],
          [
            72.863951,
            19.071966
          ],
          [
            72.863936,
            19.071956
          ],
          [
            72.863901,
            19.071946
          ],
          [
            72.863729,
            19.071931
          ],
          [
            72.86347,
            19.071887
          ],
          [
            72.863291,
            19.071834
          ],
          [
            72.863263,
            19.071832
          ],
          [
            72.863247,
            19.071847
          ],
          [
            72.86322,
            19.071918
          ]
        ]
      }
    },
    {
      "type": "Feature",
      "properties": {
        "id": "R-0512",
        "osm_id": 1190578526,
        "name": "Unnamed Residential Road",
        "highway_type": "residential",
        "lanes": 2,
        "width_m": 7.0,
        "length_m": 16.19,
        "maxspeed_kmh": 30,
        "oneway": false,
        "bridge": false,
        "tunnel": false,
        "midpoint_grid_row": 157,
        "midpoint_grid_col": 168,
        "elevation_m": 9.54,
        "start_node": "RN-0497",
        "end_node": "RN-0498"
      },
      "geometry": {
        "type": "LineString",
        "coordinates": [
          [
            72.865966,
            19.074455
          ],
          [
            72.865876,
            19.074454
          ],
          [
            72.865812,
            19.074453
          ]
        ]
      }
    },
    {
      "type": "Feature",
      "properties": {
        "id": "R-0513",
        "osm_id": 1190578526,
        "name": "Unnamed Residential Road",
        "highway_type": "residential",
        "lanes": 2,
        "width_m": 7.0,
        "length_m": 107.23,
        "maxspeed_kmh": 30,
        "oneway": false,
        "bridge": false,
        "tunnel": false,
        "midpoint_grid_row": 159,
        "midpoint_grid_col": 164,
        "elevation_m": 10.77,
        "start_node": "RN-0498",
        "end_node": "RN-0498"
      },
      "geometry": {
        "type": "LineString",
        "coordinates": [
          [
            72.865812,
            19.074453
          ],
          [
            72.865508,
            19.07445
          ],
          [
            72.865448,
            19.074452
          ],
          [
            72.865438,
            19.074459
          ],
          [
            72.865434,
            19.074474
          ],
          [
            72.865431,
            19.074577
          ],
          [
            72.865438,
            19.074593
          ],
          [
            72.86546,
            19.0746
          ],
          [
            72.86573,
            19.074602
          ],
          [
            72.865768,
            19.074591
          ],
          [
            72.865804,
            19.07457
          ],
          [
            72.865814,
            19.074525
          ],
          [
            72.865812,
            19.074453
          ]
        ]
      }
    },
    {
      "type": "Feature",
      "properties": {
        "id": "R-0514",
        "osm_id": 1192361029,
        "name": "Sharada Devi Road",
        "highway_type": "tertiary",
        "lanes": 2,
        "width_m": 7.0,
        "length_m": 75.15,
        "maxspeed_kmh": 30,
        "oneway": true,
        "bridge": false,
        "tunnel": false,
        "midpoint_grid_row": 49,
        "midpoint_grid_col": 16,
        "elevation_m": 3.73,
        "start_node": "RN-0499",
        "end_node": "RN-0500"
      },
      "geometry": {
        "type": "LineString",
        "coordinates": [
          [
            72.852048,
            19.064936
          ],
          [
            72.851417,
            19.064618
          ]
        ]
      }
    },
    {
      "type": "Feature",
      "properties": {
        "id": "R-0515",
        "osm_id": 1192361029,
        "name": "Sharada Devi Road",
        "highway_type": "tertiary",
        "lanes": 2,
        "width_m": 7.0,
        "length_m": 8.89,
        "maxspeed_kmh": 30,
        "oneway": true,
        "bridge": false,
        "tunnel": false,
        "midpoint_grid_row": 48,
        "midpoint_grid_col": 15,
        "elevation_m": 4.4,
        "start_node": "RN-0500",
        "end_node": "RN-0501"
      },
      "geometry": {
        "type": "LineString",
        "coordinates": [
          [
            72.851417,
            19.064618
          ],
          [
            72.851342,
            19.064581
          ]
        ]
      }
    },
    {
      "type": "Feature",
      "properties": {
        "id": "R-0516",
        "osm_id": 1192361029,
        "name": "Sharada Devi Road",
        "highway_type": "tertiary",
        "lanes": 2,
        "width_m": 7.0,
        "length_m": 184.13,
        "maxspeed_kmh": 30,
        "oneway": true,
        "bridge": false,
        "tunnel": false,
        "midpoint_grid_row": 46,
        "midpoint_grid_col": 6,
        "elevation_m": 4.72,
        "start_node": "RN-0501",
        "end_node": "RN-0502"
      },
      "geometry": {
        "type": "LineString",
        "coordinates": [
          [
            72.851342,
            19.064581
          ],
          [
            72.850726,
            19.064276
          ],
          [
            72.850597,
            19.064255
          ],
          [
            72.850524,
            19.06427
          ],
          [
            72.850468,
            19.064318
          ],
          [
            72.850415,
            19.064381
          ],
          [
            72.850262,
            19.064654
          ],
          [
            72.850093,
            19.064958
          ]
        ]
      }
    },
    {
      "type": "Feature",
      "properties": {
        "id": "R-0517",
        "osm_id": 1192361029,
        "name": "Sharada Devi Road",
        "highway_type": "tertiary",
        "lanes": 2,
        "width_m": 7.0,
        "length_m": 52.09,
        "maxspeed_kmh": 30,
        "oneway": true,
        "bridge": false,
        "tunnel": false,
        "midpoint_grid_row": 57,
        "midpoint_grid_col": 0,
        "elevation_m": 0.38,
        "start_node": "RN-0502",
        "end_node": "RN-0503"
      },
      "geometry": {
        "type": "LineString",
        "coordinates": [
          [
            72.850093,
            19.064958
          ],
          [
            72.849861,
            19.065372
          ]
        ]
      }
    },
    {
      "type": "Feature",
      "properties": {
        "id": "R-0518",
        "osm_id": 1196003671,
        "name": "Santa Cruz \u2013 Chembur Link Road",
        "highway_type": "trunk",
        "lanes": 3,
        "width_m": 10.5,
        "length_m": 393.73,
        "maxspeed_kmh": 60,
        "oneway": true,
        "bridge": false,
        "tunnel": false,
        "midpoint_grid_row": 152,
        "midpoint_grid_col": 11,
        "elevation_m": 6.06,
        "start_node": "RN-0504",
        "end_node": "RN-0505"
      },
      "geometry": {
        "type": "LineString",
        "coordinates": [
          [
            72.848837,
            19.074386
          ],
          [
            72.84906,
            19.074339
          ],
          [
            72.84948,
            19.074271
          ],
          [
            72.849814,
            19.074215
          ],
          [
            72.85097,
            19.07399
          ],
          [
            72.851313,
            19.073941
          ],
          [
            72.851666,
            19.073939
          ],
          [
            72.852042,
            19.07398
          ],
          [
            72.852522,
            19.074091
          ]
        ]
      }
    },
    {
      "type": "Feature",
      "properties": {
        "id": "R-0519",
        "osm_id": 1200787703,
        "name": "Unnamed Residential Road",
        "highway_type": "residential",
        "lanes": 2,
        "width_m": 7.0,
        "length_m": 74.66,
        "maxspeed_kmh": 30,
        "oneway": false,
        "bridge": false,
        "tunnel": false,
        "midpoint_grid_row": 33,
        "midpoint_grid_col": 32,
        "elevation_m": 3.66,
        "start_node": "RN-0083",
        "end_node": "RN-0506"
      },
      "geometry": {
        "type": "LineString",
        "coordinates": [
          [
            72.852339,
            19.062852
          ],
          [
            72.852954,
            19.063188
          ]
        ]
      }
    },
    {
      "type": "Feature",
      "properties": {
        "id": "R-0520",
        "osm_id": 1201368429,
        "name": "Flyover",
        "highway_type": "trunk_link",
        "lanes": 2,
        "width_m": 7.0,
        "length_m": 155.92,
        "maxspeed_kmh": 40,
        "oneway": true,
        "bridge": false,
        "tunnel": false,
        "midpoint_grid_row": 150,
        "midpoint_grid_col": 199,
        "elevation_m": -2.41,
        "start_node": "RN-0474",
        "end_node": "RN-0507"
      },
      "geometry": {
        "type": "LineString",
        "coordinates": [
          [
            72.867905,
            19.073218
          ],
          [
            72.869037,
            19.073724
          ],
          [
            72.869153,
            19.073775
          ],
          [
            72.869247,
            19.073816
          ]
        ]
      }
    },
    {
      "type": "Feature",
      "properties": {
        "id": "R-0521",
        "osm_id": 1214220293,
        "name": "Unnamed Residential Road",
        "highway_type": "residential",
        "lanes": 2,
        "width_m": 7.0,
        "length_m": 36.88,
        "maxspeed_kmh": 30,
        "oneway": false,
        "bridge": false,
        "tunnel": false,
        "midpoint_grid_row": 42,
        "midpoint_grid_col": 62,
        "elevation_m": 1.44,
        "start_node": "RN-0100",
        "end_node": "RN-0508"
      },
      "geometry": {
        "type": "LineString",
        "coordinates": [
          [
            72.855518,
            19.063805
          ],
          [
            72.855823,
            19.063969
          ]
        ]
      }
    },
    {
      "type": "Feature",
      "properties": {
        "id": "R-0522",
        "osm_id": 1214220293,
        "name": "Unnamed Residential Road",
        "highway_type": "residential",
        "lanes": 2,
        "width_m": 7.0,
        "length_m": 24.36,
        "maxspeed_kmh": 30,
        "oneway": false,
        "bridge": false,
        "tunnel": false,
        "midpoint_grid_row": 43,
        "midpoint_grid_col": 64,
        "elevation_m": 2.07,
        "start_node": "RN-0508",
        "end_node": "RN-0509"
      },
      "geometry": {
        "type": "LineString",
        "coordinates": [
          [
            72.855823,
            19.063969
          ],
          [
            72.856019,
            19.064086
          ]
        ]
      }
    },
    {
      "type": "Feature",
      "properties": {
        "id": "R-0523",
        "osm_id": 1214220293,
        "name": "Unnamed Residential Road",
        "highway_type": "residential",
        "lanes": 2,
        "width_m": 7.0,
        "length_m": 24.54,
        "maxspeed_kmh": 30,
        "oneway": false,
        "bridge": false,
        "tunnel": false,
        "midpoint_grid_row": 44,
        "midpoint_grid_col": 66,
        "elevation_m": 2.78,
        "start_node": "RN-0509",
        "end_node": "RN-0510"
      },
      "geometry": {
        "type": "LineString",
        "coordinates": [
          [
            72.856019,
            19.064086
          ],
          [
            72.856217,
            19.064203
          ]
        ]
      }
    },
    {
      "type": "Feature",
      "properties": {
        "id": "R-0524",
        "osm_id": 1225851593,
        "name": "Unnamed Residential Road",
        "highway_type": "residential",
        "lanes": 2,
        "width_m": 7.0,
        "length_m": 25.45,
        "maxspeed_kmh": 30,
        "oneway": false,
        "bridge": false,
        "tunnel": false,
        "midpoint_grid_row": 179,
        "midpoint_grid_col": 89,
        "elevation_m": 6.93,
        "start_node": "RN-0367",
        "end_node": "RN-0511"
      },
      "geometry": {
        "type": "LineString",
        "coordinates": [
          [
            72.85852,
            19.07654
          ],
          [
            72.858512,
            19.076461
          ],
          [
            72.858394,
            19.076441
          ],
          [
            72.858356,
            19.076436
          ]
        ]
      }
    },
    {
      "type": "Feature",
      "properties": {
        "id": "R-0525",
        "osm_id": 1225851594,
        "name": "Unnamed Residential Road",
        "highway_type": "residential",
        "lanes": 2,
        "width_m": 7.0,
        "length_m": 65.19,
        "maxspeed_kmh": 30,
        "oneway": false,
        "bridge": false,
        "tunnel": false,
        "midpoint_grid_row": 181,
        "midpoint_grid_col": 83,
        "elevation_m": 5.6,
        "start_node": "RN-0309",
        "end_node": "RN-0512"
      },
      "geometry": {
        "type": "LineString",
        "coordinates": [
          [
            72.857601,
            19.076518
          ],
          [
            72.857776,
            19.076479
          ],
          [
            72.857799,
            19.076488
          ],
          [
            72.857816,
            19.07651
          ],
          [
            72.857829,
            19.07657
          ],
          [
            72.857844,
            19.076596
          ],
          [
            72.857866,
            19.076604
          ],
          [
            72.858129,
            19.07656
          ]
        ]
      }
    },
    {
      "type": "Feature",
      "properties": {
        "id": "R-0526",
        "osm_id": 1235767985,
        "name": "M D Abasaheb Shinde Marg",
        "highway_type": "residential",
        "lanes": 2,
        "width_m": 7.0,
        "length_m": 119.27,
        "maxspeed_kmh": 30,
        "oneway": false,
        "bridge": false,
        "tunnel": false,
        "midpoint_grid_row": 7,
        "midpoint_grid_col": 16,
        "elevation_m": 3.0,
        "start_node": "RN-0179",
        "end_node": "RN-0513"
      },
      "geometry": {
        "type": "LineString",
        "coordinates": [
          [
            72.851091,
            19.061547
          ],
          [
            72.851125,
            19.061487
          ],
          [
            72.851407,
            19.060975
          ],
          [
            72.851457,
            19.060782
          ],
          [
            72.851446,
            19.060742
          ],
          [
            72.851395,
            19.060561
          ]
        ]
      }
    },
    {
      "type": "Feature",
      "properties": {
        "id": "R-0527",
        "osm_id": 1235767986,
        "name": "Unnamed Tertiary Road",
        "highway_type": "tertiary",
        "lanes": 2,
        "width_m": 7.0,
        "length_m": 95.7,
        "maxspeed_kmh": 30,
        "oneway": true,
        "bridge": false,
        "tunnel": false,
        "midpoint_grid_row": 0,
        "midpoint_grid_col": 25,
        "elevation_m": 6.83,
        "start_node": "RN-0514",
        "end_node": "RN-0447"
      },
      "geometry": {
        "type": "LineString",
        "coordinates": [
          [
            72.851433,
            19.060516
          ],
          [
            72.852282,
            19.060205
          ]
        ]
      }
    },
    {
      "type": "Feature",
      "properties": {
        "id": "R-0528",
        "osm_id": 1235767986,
        "name": "Unnamed Tertiary Road",
        "highway_type": "tertiary",
        "lanes": 2,
        "width_m": 7.0,
        "length_m": 16.35,
        "maxspeed_kmh": 30,
        "oneway": true,
        "bridge": false,
        "tunnel": false,
        "midpoint_grid_row": 0,
        "midpoint_grid_col": 26,
        "elevation_m": 6.49,
        "start_node": "RN-0447",
        "end_node": "RN-0515"
      },
      "geometry": {
        "type": "LineString",
        "coordinates": [
          [
            72.852282,
            19.060205
          ],
          [
            72.852397,
            19.060106
          ]
        ]
      }
    },
    {
      "type": "Feature",
      "properties": {
        "id": "R-0529",
        "osm_id": 1236088973,
        "name": "Jawaharlal Nehru Road",
        "highway_type": "secondary",
        "lanes": 2,
        "width_m": 7.0,
        "length_m": 9.47,
        "maxspeed_kmh": 40,
        "oneway": false,
        "bridge": false,
        "tunnel": false,
        "midpoint_grid_row": 194,
        "midpoint_grid_col": 133,
        "elevation_m": 2.0,
        "start_node": "RN-0371",
        "end_node": "RN-0355"
      },
      "geometry": {
        "type": "LineString",
        "coordinates": [
          [
            72.862453,
            19.077808
          ],
          [
            72.862543,
            19.077803
          ]
        ]
      }
    },
    {
      "type": "Feature",
      "properties": {
        "id": "R-0530",
        "osm_id": 1236088974,
        "name": "Santa Cruz \u2013 Chembur Link Road",
        "highway_type": "trunk",
        "lanes": 3,
        "width_m": 10.5,
        "length_m": 46.71,
        "maxspeed_kmh": 60,
        "oneway": true,
        "bridge": false,
        "tunnel": false,
        "midpoint_grid_row": 157,
        "midpoint_grid_col": 110,
        "elevation_m": 3.46,
        "start_node": "RN-0516",
        "end_node": "RN-0517"
      },
      "geometry": {
        "type": "LineString",
        "coordinates": [
          [
            72.860448,
            19.074396
          ],
          [
            72.860306,
            19.074423
          ],
          [
            72.86001,
            19.074467
          ]
        ]
      }
    },
    {
      "type": "Feature",
      "properties": {
        "id": "R-0531",
        "osm_id": 1236088974,
        "name": "Santa Cruz \u2013 Chembur Link Road",
        "highway_type": "trunk",
        "lanes": 3,
        "width_m": 10.5,
        "length_m": 23.22,
        "maxspeed_kmh": 60,
        "oneway": true,
        "bridge": false,
        "tunnel": false,
        "midpoint_grid_row": 157,
        "midpoint_grid_col": 104,
        "elevation_m": 3.74,
        "start_node": "RN-0517",
        "end_node": "RN-0518"
      },
      "geometry": {
        "type": "LineString",
        "coordinates": [
          [
            72.86001,
            19.074467
          ],
          [
            72.85979,
            19.074448
          ]
        ]
      }
    },
    {
      "type": "Feature",
      "properties": {
        "id": "R-0532",
        "osm_id": 1236088974,
        "name": "Santa Cruz \u2013 Chembur Link Road",
        "highway_type": "trunk",
        "lanes": 3,
        "width_m": 10.5,
        "length_m": 2.74,
        "maxspeed_kmh": 60,
        "oneway": true,
        "bridge": false,
        "tunnel": false,
        "midpoint_grid_row": 157,
        "midpoint_grid_col": 104,
        "elevation_m": 3.74,
        "start_node": "RN-0518",
        "end_node": "RN-0439"
      },
      "geometry": {
        "type": "LineString",
        "coordinates": [
          [
            72.85979,
            19.074448
          ],
          [
            72.859765,
            19.074455
          ]
        ]
      }
    },
    {
      "type": "Feature",
      "properties": {
        "id": "R-0533",
        "osm_id": 1236088974,
        "name": "Santa Cruz \u2013 Chembur Link Road",
        "highway_type": "trunk",
        "lanes": 3,
        "width_m": 10.5,
        "length_m": 257.73,
        "maxspeed_kmh": 60,
        "oneway": true,
        "bridge": false,
        "tunnel": false,
        "midpoint_grid_row": 158,
        "midpoint_grid_col": 100,
        "elevation_m": 2.03,
        "start_node": "RN-0439",
        "end_node": "RN-0519"
      },
      "geometry": {
        "type": "LineString",
        "coordinates": [
          [
            72.859765,
            19.074455
          ],
          [
            72.859441,
            19.074551
          ],
          [
            72.85736,
            19.074897
          ]
        ]
      }
    },
    {
      "type": "Feature",
      "properties": {
        "id": "R-0534",
        "osm_id": 1236088974,
        "name": "Santa Cruz \u2013 Chembur Link Road",
        "highway_type": "trunk",
        "lanes": 3,
        "width_m": 10.5,
        "length_m": 483.18,
        "maxspeed_kmh": 60,
        "oneway": true,
        "bridge": false,
        "tunnel": false,
        "midpoint_grid_row": 165,
        "midpoint_grid_col": 55,
        "elevation_m": 4.26,
        "start_node": "RN-0519",
        "end_node": "RN-0195"
      },
      "geometry": {
        "type": "LineString",
        "coordinates": [
          [
            72.85736,
            19.074897
          ],
          [
            72.855645,
            19.075172
          ],
          [
            72.855356,
            19.075187
          ],
          [
            72.855136,
            19.075184
          ],
          [
            72.854628,
            19.075015
          ],
          [
            72.854356,
            19.074875
          ],
          [
            72.853057,
            19.074165
          ]
        ]
      }
    },
    {
      "type": "Feature",
      "properties": {
        "id": "R-0535",
        "osm_id": 1236088974,
        "name": "Santa Cruz \u2013 Chembur Link Road",
        "highway_type": "trunk",
        "lanes": 3,
        "width_m": 10.5,
        "length_m": 44.34,
        "maxspeed_kmh": 60,
        "oneway": true,
        "bridge": false,
        "tunnel": false,
        "midpoint_grid_row": 152,
        "midpoint_grid_col": 29,
        "elevation_m": 2.57,
        "start_node": "RN-0195",
        "end_node": "RN-0520"
      },
      "geometry": {
        "type": "LineString",
        "coordinates": [
          [
            72.853057,
            19.074165
          ],
          [
            72.85268,
            19.073986
          ]
        ]
      }
    },
    {
      "type": "Feature",
      "properties": {
        "id": "R-0536",
        "osm_id": 1238603932,
        "name": "Bandra Kurla Complex Road",
        "highway_type": "primary",
        "lanes": 3,
        "width_m": 10.5,
        "length_m": 170.93,
        "maxspeed_kmh": 50,
        "oneway": true,
        "bridge": false,
        "tunnel": false,
        "midpoint_grid_row": 8,
        "midpoint_grid_col": 97,
        "elevation_m": 11.12,
        "start_node": "RN-0294",
        "end_node": "RN-0281"
      },
      "geometry": {
        "type": "LineString",
        "coordinates": [
          [
            72.859501,
            19.062132
          ],
          [
            72.859209,
            19.061007
          ],
          [
            72.859151,
            19.060883
          ],
          [
            72.859084,
            19.060777
          ],
          [
            72.858998,
            19.060689
          ]
        ]
      }
    },
    {
      "type": "Feature",
      "properties": {
        "id": "R-0537",
        "osm_id": 1238603932,
        "name": "Bandra Kurla Complex Road",
        "highway_type": "primary",
        "lanes": 3,
        "width_m": 10.5,
        "length_m": 36.67,
        "maxspeed_kmh": 50,
        "oneway": true,
        "bridge": false,
        "tunnel": false,
        "midpoint_grid_row": 4,
        "midpoint_grid_col": 93,
        "elevation_m": 11.29,
        "start_node": "RN-0281",
        "end_node": "RN-0521"
      },
      "geometry": {
        "type": "LineString",
        "coordinates": [
          [
            72.858998,
            19.060689
          ],
          [
            72.858894,
            19.060603
          ],
          [
            72.858722,
            19.060514
          ],
          [
            72.858708,
            19.06051
          ]
        ]
      }
    },
    {
      "type": "Feature",
      "properties": {
        "id": "R-0538",
        "osm_id": 1238603932,
        "name": "Bandra Kurla Complex Road",
        "highway_type": "primary",
        "lanes": 3,
        "width_m": 10.5,
        "length_m": 7.93,
        "maxspeed_kmh": 50,
        "oneway": true,
        "bridge": false,
        "tunnel": false,
        "midpoint_grid_row": 3,
        "midpoint_grid_col": 92,
        "elevation_m": 10.97,
        "start_node": "RN-0521",
        "end_node": "RN-0420"
      },
      "geometry": {
        "type": "LineString",
        "coordinates": [
          [
            72.858708,
            19.06051
          ],
          [
            72.858634,
            19.060496
          ]
        ]
      }
    },
    {
      "type": "Feature",
      "properties": {
        "id": "R-0539",
        "osm_id": 1238603932,
        "name": "Bandra Kurla Complex Road",
        "highway_type": "primary",
        "lanes": 3,
        "width_m": 10.5,
        "length_m": 49.69,
        "maxspeed_kmh": 50,
        "oneway": true,
        "bridge": false,
        "tunnel": false,
        "midpoint_grid_row": 3,
        "midpoint_grid_col": 90,
        "elevation_m": 10.53,
        "start_node": "RN-0420",
        "end_node": "RN-0522"
      },
      "geometry": {
        "type": "LineString",
        "coordinates": [
          [
            72.858634,
            19.060496
          ],
          [
            72.858548,
            19.06047
          ],
          [
            72.858419,
            19.060452
          ],
          [
            72.858279,
            19.060452
          ],
          [
            72.858167,
            19.060448
          ]
        ]
      }
    },
    {
      "type": "Feature",
      "properties": {
        "id": "R-0540",
        "osm_id": 1238603933,
        "name": "Street 3",
        "highway_type": "secondary",
        "lanes": 2,
        "width_m": 7.0,
        "length_m": 46.09,
        "maxspeed_kmh": 40,
        "oneway": true,
        "bridge": false,
        "tunnel": false,
        "midpoint_grid_row": 25,
        "midpoint_grid_col": 102,
        "elevation_m": 8.43,
        "start_node": "RN-0293",
        "end_node": "RN-0523"
      },
      "geometry": {
        "type": "LineString",
        "coordinates": [
          [
            72.859989,
            19.062309
          ],
          [
            72.859579,
            19.062456
          ]
        ]
      }
    },
    {
      "type": "Feature",
      "properties": {
        "id": "R-0541",
        "osm_id": 1238603934,
        "name": "Avenue 3",
        "highway_type": "secondary",
        "lanes": 2,
        "width_m": 7.0,
        "length_m": 18.55,
        "maxspeed_kmh": 40,
        "oneway": true,
        "bridge": false,
        "tunnel": false,
        "midpoint_grid_row": 4,
        "midpoint_grid_col": 93,
        "elevation_m": 11.29,
        "start_node": "RN-0524",
        "end_node": "RN-0521"
      },
      "geometry": {
        "type": "LineString",
        "coordinates": [
          [
            72.858633,
            19.060661
          ],
          [
            72.858708,
            19.06051
          ]
        ]
      }
    },
    {
      "type": "Feature",
      "properties": {
        "id": "R-0542",
        "osm_id": 1238603934,
        "name": "Avenue 3",
        "highway_type": "secondary",
        "lanes": 2,
        "width_m": 7.0,
        "length_m": 45.51,
        "maxspeed_kmh": 40,
        "oneway": true,
        "bridge": false,
        "tunnel": false,
        "midpoint_grid_row": 1,
        "midpoint_grid_col": 94,
        "elevation_m": 11.63,
        "start_node": "RN-0521",
        "end_node": "RN-0282"
      },
      "geometry": {
        "type": "LineString",
        "coordinates": [
          [
            72.858708,
            19.06051
          ],
          [
            72.85887,
            19.060246
          ],
          [
            72.858935,
            19.060162
          ]
        ]
      }
    },
    {
      "type": "Feature",
      "properties": {
        "id": "R-0543",
        "osm_id": 1238603934,
        "name": "Avenue 3",
        "highway_type": "secondary",
        "lanes": 2,
        "width_m": 7.0,
        "length_m": 159.93,
        "maxspeed_kmh": 40,
        "oneway": true,
        "bridge": false,
        "tunnel": false,
        "midpoint_grid_row": 0,
        "midpoint_grid_col": 96,
        "elevation_m": 12.31,
        "start_node": "RN-0282",
        "end_node": "RN-0271"
      },
      "geometry": {
        "type": "LineString",
        "coordinates": [
          [
            72.858935,
            19.060162
          ],
          [
            72.858997,
            19.06008
          ],
          [
            72.859036,
            19.060044
          ],
          [
            72.859082,
            19.060017
          ],
          [
            72.860198,
            19.059375
          ]
        ]
      }
    },
    {
      "type": "Feature",
      "properties": {
        "id": "R-0544",
        "osm_id": 1238603934,
        "name": "Avenue 3",
        "highway_type": "secondary",
        "lanes": 2,
        "width_m": 7.0,
        "length_m": 9.11,
        "maxspeed_kmh": 40,
        "oneway": true,
        "bridge": false,
        "tunnel": false,
        "midpoint_grid_row": 0,
        "midpoint_grid_col": 109,
        "elevation_m": 13.0,
        "start_node": "RN-0271",
        "end_node": "RN-0469"
      },
      "geometry": {
        "type": "LineString",
        "coordinates": [
          [
            72.860198,
            19.059375
          ],
          [
            72.860269,
            19.059328
          ]
        ]
      }
    },
    {
      "type": "Feature",
      "properties": {
        "id": "R-0545",
        "osm_id": 1238603934,
        "name": "Avenue 3",
        "highway_type": "secondary",
        "lanes": 2,
        "width_m": 7.0,
        "length_m": 278.36,
        "maxspeed_kmh": 40,
        "oneway": true,
        "bridge": false,
        "tunnel": false,
        "midpoint_grid_row": 0,
        "midpoint_grid_col": 120,
        "elevation_m": 13.47,
        "start_node": "RN-0469",
        "end_node": "RN-0219"
      },
      "geometry": {
        "type": "LineString",
        "coordinates": [
          [
            72.860269,
            19.059328
          ],
          [
            72.860392,
            19.059247
          ],
          [
            72.861097,
            19.058822
          ],
          [
            72.861214,
            19.05877
          ],
          [
            72.861341,
            19.058768
          ],
          [
            72.862483,
            19.058858
          ],
          [
            72.86257,
            19.058892
          ],
          [
            72.862613,
            19.058948
          ],
          [
            72.862643,
            19.059031
          ]
        ]
      }
    },
    {
      "type": "Feature",
      "properties": {
        "id": "R-0546",
        "osm_id": 1238603937,
        "name": "Avenue 3",
        "highway_type": "tertiary",
        "lanes": 2,
        "width_m": 7.0,
        "length_m": 302.42,
        "maxspeed_kmh": 30,
        "oneway": true,
        "bridge": false,
        "tunnel": false,
        "midpoint_grid_row": 0,
        "midpoint_grid_col": 172,
        "elevation_m": 10.7,
        "start_node": "RN-0287",
        "end_node": "RN-0525"
      },
      "geometry": {
        "type": "LineString",
        "coordinates": [
          [
            72.86705,
            19.060305
          ],
          [
            72.866658,
            19.059625
          ],
          [
            72.866611,
            19.059544
          ],
          [
            72.866512,
            19.059408
          ],
          [
            72.866364,
            19.059261
          ],
          [
            72.866205,
            19.059152
          ],
          [
            72.865998,
            19.059065
          ],
          [
            72.865744,
            19.059022
          ],
          [
            72.865649,
            19.059006
          ],
          [
            72.865556,
            19.059005
          ],
          [
            72.864857,
            19.05896
          ]
        ]
      }
    },
    {
      "type": "Feature",
      "properties": {
        "id": "R-0547",
        "osm_id": 1238603938,
        "name": "Unnamed Unclassified Road",
        "highway_type": "unclassified",
        "lanes": 2,
        "width_m": 7.0,
        "length_m": 12.0,
        "maxspeed_kmh": 30,
        "oneway": true,
        "bridge": false,
        "tunnel": false,
        "midpoint_grid_row": 2,
        "midpoint_grid_col": 180,
        "elevation_m": 9.95,
        "start_node": "RN-0287",
        "end_node": "RN-0526"
      },
      "geometry": {
        "type": "LineString",
        "coordinates": [
          [
            72.86705,
            19.060305
          ],
          [
            72.86695,
            19.060357
          ]
        ]
      }
    },
    {
      "type": "Feature",
      "properties": {
        "id": "R-0548",
        "osm_id": 1238603941,
        "name": "Avenue 3",
        "highway_type": "tertiary",
        "lanes": 2,
        "width_m": 7.0,
        "length_m": 336.13,
        "maxspeed_kmh": 30,
        "oneway": true,
        "bridge": false,
        "tunnel": false,
        "midpoint_grid_row": 0,
        "midpoint_grid_col": 169,
        "elevation_m": 12.74,
        "start_node": "RN-0389",
        "end_node": "RN-0526"
      },
      "geometry": {
        "type": "LineString",
        "coordinates": [
          [
            72.864515,
            19.059272
          ],
          [
            72.864564,
            19.059178
          ],
          [
            72.864644,
            19.059108
          ],
          [
            72.864752,
            19.059068
          ],
          [
            72.864878,
            19.059053
          ],
          [
            72.865547,
            19.059112
          ],
          [
            72.865634,
            19.059121
          ],
          [
            72.865964,
            19.059168
          ],
          [
            72.866148,
            19.059246
          ],
          [
            72.866182,
            19.059269
          ],
          [
            72.866289,
            19.059342
          ],
          [
            72.866424,
            19.059476
          ],
          [
            72.866514,
            19.0596
          ],
          [
            72.866555,
            19.059672
          ],
          [
            72.86695,
            19.060357
          ]
        ]
      }
    },
    {
      "type": "Feature",
      "properties": {
        "id": "R-0549",
        "osm_id": 1238603941,
        "name": "Avenue 3",
        "highway_type": "tertiary",
        "lanes": 2,
        "width_m": 7.0,
        "length_m": 7.96,
        "maxspeed_kmh": 30,
        "oneway": true,
        "bridge": false,
        "tunnel": false,
        "midpoint_grid_row": 3,
        "midpoint_grid_col": 180,
        "elevation_m": 10.04,
        "start_node": "RN-0526",
        "end_node": "RN-0032"
      },
      "geometry": {
        "type": "LineString",
        "coordinates": [
          [
            72.86695,
            19.060357
          ],
          [
            72.866986,
            19.06042
          ]
        ]
      }
    },
    {
      "type": "Feature",
      "properties": {
        "id": "R-0550",
        "osm_id": 1238603941,
        "name": "Avenue 3",
        "highway_type": "tertiary",
        "lanes": 2,
        "width_m": 7.0,
        "length_m": 220.54,
        "maxspeed_kmh": 30,
        "oneway": true,
        "bridge": false,
        "tunnel": false,
        "midpoint_grid_row": 19,
        "midpoint_grid_col": 189,
        "elevation_m": 6.74,
        "start_node": "RN-0032",
        "end_node": "RN-0527"
      },
      "geometry": {
        "type": "LineString",
        "coordinates": [
          [
            72.866986,
            19.06042
          ],
          [
            72.867778,
            19.061795
          ],
          [
            72.86783,
            19.061914
          ],
          [
            72.867847,
            19.062035
          ],
          [
            72.867847,
            19.062202
          ]
        ]
      }
    },
    {
      "type": "Feature",
      "properties": {
        "id": "R-0551",
        "osm_id": 1238603944,
        "name": "Bandra Kurla Complex Road",
        "highway_type": "primary",
        "lanes": 3,
        "width_m": 10.5,
        "length_m": 74.19,
        "maxspeed_kmh": 50,
        "oneway": true,
        "bridge": false,
        "tunnel": false,
        "midpoint_grid_row": 5,
        "midpoint_grid_col": 88,
        "elevation_m": 9.3,
        "start_node": "RN-0397",
        "end_node": "RN-0421"
      },
      "geometry": {
        "type": "LineString",
        "coordinates": [
          [
            72.857886,
            19.06052
          ],
          [
            72.858024,
            19.06058
          ],
          [
            72.858142,
            19.060609
          ],
          [
            72.858276,
            19.060614
          ],
          [
            72.858407,
            19.060614
          ],
          [
            72.858513,
            19.060629
          ],
          [
            72.85857,
            19.060646
          ]
        ]
      }
    },
    {
      "type": "Feature",
      "properties": {
        "id": "R-0552",
        "osm_id": 1238603944,
        "name": "Bandra Kurla Complex Road",
        "highway_type": "primary",
        "lanes": 3,
        "width_m": 10.5,
        "length_m": 6.83,
        "maxspeed_kmh": 50,
        "oneway": true,
        "bridge": false,
        "tunnel": false,
        "midpoint_grid_row": 5,
        "midpoint_grid_col": 92,
        "elevation_m": 10.66,
        "start_node": "RN-0421",
        "end_node": "RN-0524"
      },
      "geometry": {
        "type": "LineString",
        "coordinates": [
          [
            72.85857,
            19.060646
          ],
          [
            72.858633,
            19.060661
          ]
        ]
      }
    },
    {
      "type": "Feature",
      "properties": {
        "id": "R-0553",
        "osm_id": 1238603944,
        "name": "Bandra Kurla Complex Road",
        "highway_type": "primary",
        "lanes": 3,
        "width_m": 10.5,
        "length_m": 230.9,
        "maxspeed_kmh": 50,
        "oneway": true,
        "bridge": false,
        "tunnel": false,
        "midpoint_grid_row": 8,
        "midpoint_grid_col": 95,
        "elevation_m": 10.44,
        "start_node": "RN-0524",
        "end_node": "RN-0528"
      },
      "geometry": {
        "type": "LineString",
        "coordinates": [
          [
            72.858633,
            19.060661
          ],
          [
            72.858658,
            19.060665
          ],
          [
            72.858796,
            19.060737
          ],
          [
            72.858879,
            19.060805
          ],
          [
            72.858946,
            19.060874
          ],
          [
            72.858999,
            19.060958
          ],
          [
            72.859049,
            19.061066
          ],
          [
            72.859418,
            19.062515
          ]
        ]
      }
    },
    {
      "type": "Feature",
      "properties": {
        "id": "R-0554",
        "osm_id": 1243105384,
        "name": "Pipeline Road",
        "highway_type": "tertiary",
        "lanes": 2,
        "width_m": 7.0,
        "length_m": 150.19,
        "maxspeed_kmh": 30,
        "oneway": false,
        "bridge": false,
        "tunnel": false,
        "midpoint_grid_row": 189,
        "midpoint_grid_col": 6,
        "elevation_m": 8.8,
        "start_node": "RN-0193",
        "end_node": "RN-0160"
      },
      "geometry": {
        "type": "LineString",
        "coordinates": [
          [
            72.850222,
            19.076934
          ],
          [
            72.850296,
            19.077041
          ],
          [
            72.850374,
            19.077164
          ],
          [
            72.850511,
            19.077376
          ],
          [
            72.850893,
            19.077969
          ],
          [
            72.850968,
            19.078086
          ]
        ]
      }
    },
    {
      "type": "Feature",
      "properties": {
        "id": "R-0555",
        "osm_id": 1243105384,
        "name": "Pipeline Road",
        "highway_type": "tertiary",
        "lanes": 2,
        "width_m": 7.0,
        "length_m": 347.62,
        "maxspeed_kmh": 30,
        "oneway": false,
        "bridge": false,
        "tunnel": false,
        "midpoint_grid_row": 199,
        "midpoint_grid_col": 18,
        "elevation_m": 5.58,
        "start_node": "RN-0160",
        "end_node": "RN-0529"
      },
      "geometry": {
        "type": "LineString",
        "coordinates": [
          [
            72.850968,
            19.078086
          ],
          [
            72.851556,
            19.079174
          ],
          [
            72.851653,
            19.079315
          ],
          [
            72.852487,
            19.080659
          ],
          [
            72.852615,
            19.08079
          ]
        ]
      }
    },
    {
      "type": "Feature",
      "properties": {
        "id": "R-0556",
        "osm_id": 1253603270,
        "name": "Unnamed Residential Road",
        "highway_type": "residential",
        "lanes": 2,
        "width_m": 7.0,
        "length_m": 7.97,
        "maxspeed_kmh": 30,
        "oneway": false,
        "bridge": false,
        "tunnel": false,
        "midpoint_grid_row": 57,
        "midpoint_grid_col": 0,
        "elevation_m": 0.38,
        "start_node": "RN-0109",
        "end_node": "RN-0503"
      },
      "geometry": {
        "type": "LineString",
        "coordinates": [
          [
            72.849926,
            19.065409
          ],
          [
            72.849861,
            19.065372
          ]
        ]
      }
    },
    {
      "type": "Feature",
      "properties": {
        "id": "R-0557",
        "osm_id": 1254524230,
        "name": "Street 3",
        "highway_type": "secondary",
        "lanes": 2,
        "width_m": 7.0,
        "length_m": 201.69,
        "maxspeed_kmh": 40,
        "oneway": true,
        "bridge": false,
        "tunnel": false,
        "midpoint_grid_row": 18,
        "midpoint_grid_col": 121,
        "elevation_m": 13.19,
        "start_node": "RN-0220",
        "end_node": "RN-0468"
      },
      "geometry": {
        "type": "LineString",
        "coordinates": [
          [
            72.862468,
            19.061412
          ],
          [
            72.862296,
            19.061477
          ],
          [
            72.861764,
            19.061669
          ],
          [
            72.861657,
            19.061708
          ],
          [
            72.861357,
            19.061816
          ],
          [
            72.861205,
            19.06187
          ],
          [
            72.861034,
            19.061932
          ],
          [
            72.860676,
            19.062061
          ]
        ]
      }
    },
    {
      "type": "Feature",
      "properties": {
        "id": "R-0558",
        "osm_id": 1266798834,
        "name": "Santa Cruz \u2013 Chembur Link Road",
        "highway_type": "trunk",
        "lanes": 3,
        "width_m": 10.5,
        "length_m": 11.94,
        "maxspeed_kmh": 60,
        "oneway": true,
        "bridge": false,
        "tunnel": false,
        "midpoint_grid_row": 156,
        "midpoint_grid_col": 113,
        "elevation_m": 8.24,
        "start_node": "RN-0289",
        "end_node": "RN-0530"
      },
      "geometry": {
        "type": "LineString",
        "coordinates": [
          [
            72.8606,
            19.074463
          ],
          [
            72.86061,
            19.074356
          ]
        ]
      }
    },
    {
      "type": "Feature",
      "properties": {
        "id": "R-0559",
        "osm_id": 1266798834,
        "name": "Santa Cruz \u2013 Chembur Link Road",
        "highway_type": "trunk",
        "lanes": 3,
        "width_m": 10.5,
        "length_m": 48.0,
        "maxspeed_kmh": 60,
        "oneway": true,
        "bridge": false,
        "tunnel": false,
        "midpoint_grid_row": 153,
        "midpoint_grid_col": 114,
        "elevation_m": 6.29,
        "start_node": "RN-0530",
        "end_node": "RN-0328"
      },
      "geometry": {
        "type": "LineString",
        "coordinates": [
          [
            72.86061,
            19.074356
          ],
          [
            72.860632,
            19.074265
          ],
          [
            72.860703,
            19.074033
          ],
          [
            72.860723,
            19.073938
          ]
        ]
      }
    },
    {
      "type": "Feature",
      "properties": {
        "id": "R-0560",
        "osm_id": 1266798834,
        "name": "Santa Cruz \u2013 Chembur Link Road",
        "highway_type": "trunk",
        "lanes": 3,
        "width_m": 10.5,
        "length_m": 77.32,
        "maxspeed_kmh": 60,
        "oneway": true,
        "bridge": false,
        "tunnel": false,
        "midpoint_grid_row": 148,
        "midpoint_grid_col": 115,
        "elevation_m": 4.64,
        "start_node": "RN-0328",
        "end_node": "RN-0531"
      },
      "geometry": {
        "type": "LineString",
        "coordinates": [
          [
            72.860723,
            19.073938
          ],
          [
            72.860784,
            19.07377
          ],
          [
            72.860845,
            19.0736
          ],
          [
            72.860961,
            19.07328
          ]
        ]
      }
    },
    {
      "type": "Feature",
      "properties": {
        "id": "R-0561",
        "osm_id": 1266798834,
        "name": "Santa Cruz \u2013 Chembur Link Road",
        "highway_type": "trunk",
        "lanes": 3,
        "width_m": 10.5,
        "length_m": 43.03,
        "maxspeed_kmh": 60,
        "oneway": true,
        "bridge": false,
        "tunnel": false,
        "midpoint_grid_row": 140,
        "midpoint_grid_col": 118,
        "elevation_m": 4.0,
        "start_node": "RN-0531",
        "end_node": "RN-0242"
      },
      "geometry": {
        "type": "LineString",
        "coordinates": [
          [
            72.860961,
            19.07328
          ],
          [
            72.861094,
            19.072914
          ]
        ]
      }
    },
    {
      "type": "Feature",
      "properties": {
        "id": "R-0562",
        "osm_id": 1266798835,
        "name": "Unnamed Residential Road",
        "highway_type": "residential",
        "lanes": 2,
        "width_m": 7.0,
        "length_m": 24.99,
        "maxspeed_kmh": 30,
        "oneway": false,
        "bridge": false,
        "tunnel": false,
        "midpoint_grid_row": 140,
        "midpoint_grid_col": 118,
        "elevation_m": 4.0,
        "start_node": "RN-0266",
        "end_node": "RN-0242"
      },
      "geometry": {
        "type": "LineString",
        "coordinates": [
          [
            72.86086,
            19.072874
          ],
          [
            72.861094,
            19.072914
          ]
        ]
      }
    },
    {
      "type": "Feature",
      "properties": {
        "id": "R-0563",
        "osm_id": 1266798838,
        "name": "Santa Cruz \u2013 Chembur Link Road",
        "highway_type": "trunk",
        "lanes": 3,
        "width_m": 10.5,
        "length_m": 52.86,
        "maxspeed_kmh": 60,
        "oneway": true,
        "bridge": false,
        "tunnel": false,
        "midpoint_grid_row": 155,
        "midpoint_grid_col": 32,
        "elevation_m": 4.57,
        "start_node": "RN-0505",
        "end_node": "RN-0194"
      },
      "geometry": {
        "type": "LineString",
        "coordinates": [
          [
            72.852522,
            19.074091
          ],
          [
            72.852988,
            19.07427
          ]
        ]
      }
    },
    {
      "type": "Feature",
      "properties": {
        "id": "R-0564",
        "osm_id": 1266798838,
        "name": "Santa Cruz \u2013 Chembur Link Road",
        "highway_type": "trunk",
        "lanes": 3,
        "width_m": 10.5,
        "length_m": 17.94,
        "maxspeed_kmh": 60,
        "oneway": true,
        "bridge": false,
        "tunnel": false,
        "midpoint_grid_row": 156,
        "midpoint_grid_col": 34,
        "elevation_m": 5.08,
        "start_node": "RN-0194",
        "end_node": "RN-0245"
      },
      "geometry": {
        "type": "LineString",
        "coordinates": [
          [
            72.852988,
            19.07427
          ],
          [
            72.853135,
            19.074352
          ]
        ]
      }
    },
    {
      "type": "Feature",
      "properties": {
        "id": "R-0565",
        "osm_id": 1266798838,
        "name": "Santa Cruz \u2013 Chembur Link Road",
        "highway_type": "trunk",
        "lanes": 3,
        "width_m": 10.5,
        "length_m": 172.35,
        "maxspeed_kmh": 60,
        "oneway": true,
        "bridge": false,
        "tunnel": false,
        "midpoint_grid_row": 165,
        "midpoint_grid_col": 49,
        "elevation_m": 2.57,
        "start_node": "RN-0245",
        "end_node": "RN-0196"
      },
      "geometry": {
        "type": "LineString",
        "coordinates": [
          [
            72.853135,
            19.074352
          ],
          [
            72.854528,
            19.07517
          ]
        ]
      }
    },
    {
      "type": "Feature",
      "properties": {
        "id": "R-0566",
        "osm_id": 1266798842,
        "name": "Santa Cruz \u2013 Chembur Link Road",
        "highway_type": "trunk",
        "lanes": 3,
        "width_m": 10.5,
        "length_m": 413.19,
        "maxspeed_kmh": 60,
        "oneway": true,
        "bridge": false,
        "tunnel": false,
        "midpoint_grid_row": 149,
        "midpoint_grid_col": 14,
        "elevation_m": 6.09,
        "start_node": "RN-0532",
        "end_node": "RN-0533"
      },
      "geometry": {
        "type": "LineString",
        "coordinates": [
          [
            72.85256,
            19.073939
          ],
          [
            72.85213,
            19.073808
          ],
          [
            72.851935,
            19.073748
          ],
          [
            72.851834,
            19.073714
          ],
          [
            72.851578,
            19.073694
          ],
          [
            72.851267,
            19.073693
          ],
          [
            72.850953,
            19.073723
          ],
          [
            72.850725,
            19.073761
          ],
          [
            72.848927,
            19.074063
          ],
          [
            72.848722,
            19.074154
          ]
        ]
      }
    },
    {
      "type": "Feature",
      "properties": {
        "id": "R-0567",
        "osm_id": 1266798847,
        "name": "Santa Cruz \u2013 Chembur Link Road",
        "highway_type": "trunk",
        "lanes": 3,
        "width_m": 10.5,
        "length_m": 85.0,
        "maxspeed_kmh": 60,
        "oneway": true,
        "bridge": false,
        "tunnel": false,
        "midpoint_grid_row": 148,
        "midpoint_grid_col": 113,
        "elevation_m": 4.28,
        "start_node": "RN-0266",
        "end_node": "RN-0534"
      },
      "geometry": {
        "type": "LineString",
        "coordinates": [
          [
            72.86086,
            19.072874
          ],
          [
            72.860649,
            19.073612
          ]
        ]
      }
    },
    {
      "type": "Feature",
      "properties": {
        "id": "R-0568",
        "osm_id": 1266798847,
        "name": "Santa Cruz \u2013 Chembur Link Road",
        "highway_type": "trunk",
        "lanes": 3,
        "width_m": 10.5,
        "length_m": 41.39,
        "maxspeed_kmh": 60,
        "oneway": true,
        "bridge": false,
        "tunnel": false,
        "midpoint_grid_row": 152,
        "midpoint_grid_col": 112,
        "elevation_m": 2.64,
        "start_node": "RN-0534",
        "end_node": "RN-0535"
      },
      "geometry": {
        "type": "LineString",
        "coordinates": [
          [
            72.860649,
            19.073612
          ],
          [
            72.860583,
            19.073979
          ]
        ]
      }
    },
    {
      "type": "Feature",
      "properties": {
        "id": "R-0569",
        "osm_id": 1266798847,
        "name": "Santa Cruz \u2013 Chembur Link Road",
        "highway_type": "trunk",
        "lanes": 3,
        "width_m": 10.5,
        "length_m": 45.32,
        "maxspeed_kmh": 60,
        "oneway": true,
        "bridge": false,
        "tunnel": false,
        "midpoint_grid_row": 156,
        "midpoint_grid_col": 111,
        "elevation_m": 4.29,
        "start_node": "RN-0535",
        "end_node": "RN-0536"
      },
      "geometry": {
        "type": "LineString",
        "coordinates": [
          [
            72.860583,
            19.073979
          ],
          [
            72.860481,
            19.074375
          ]
        ]
      }
    },
    {
      "type": "Feature",
      "properties": {
        "id": "R-0570",
        "osm_id": 1266798847,
        "name": "Santa Cruz \u2013 Chembur Link Road",
        "highway_type": "trunk",
        "lanes": 3,
        "width_m": 10.5,
        "length_m": 4.18,
        "maxspeed_kmh": 60,
        "oneway": true,
        "bridge": false,
        "tunnel": false,
        "midpoint_grid_row": 157,
        "midpoint_grid_col": 111,
        "elevation_m": 5.39,
        "start_node": "RN-0536",
        "end_node": "RN-0516"
      },
      "geometry": {
        "type": "LineString",
        "coordinates": [
          [
            72.860481,
            19.074375
          ],
          [
            72.860448,
            19.074396
          ]
        ]
      }
    },
    {
      "type": "Feature",
      "properties": {
        "id": "R-0571",
        "osm_id": 1280123751,
        "name": "Kanzul Iman Road",
        "highway_type": "tertiary",
        "lanes": 2,
        "width_m": 7.0,
        "length_m": 9.42,
        "maxspeed_kmh": 30,
        "oneway": true,
        "bridge": false,
        "tunnel": false,
        "midpoint_grid_row": 113,
        "midpoint_grid_col": 185,
        "elevation_m": 2.95,
        "start_node": "RN-0275",
        "end_node": "RN-0040"
      },
      "geometry": {
        "type": "LineString",
        "coordinates": [
          [
            72.867581,
            19.070417
          ],
          [
            72.867493,
            19.070401
          ]
        ]
      }
    },
    {
      "type": "Feature",
      "properties": {
        "id": "R-0572",
        "osm_id": 1291881353,
        "name": "Avenue 3",
        "highway_type": "tertiary",
        "lanes": 2,
        "width_m": 7.0,
        "length_m": 10.07,
        "maxspeed_kmh": 30,
        "oneway": true,
        "bridge": false,
        "tunnel": false,
        "midpoint_grid_row": 60,
        "midpoint_grid_col": 187,
        "elevation_m": 7.55,
        "start_node": "RN-0074",
        "end_node": "RN-0537"
      },
      "geometry": {
        "type": "LineString",
        "coordinates": [
          [
            72.867673,
            19.065729
          ],
          [
            72.867662,
            19.065639
          ]
        ]
      }
    },
    {
      "type": "Feature",
      "properties": {
        "id": "R-0573",
        "osm_id": 1291881353,
        "name": "Avenue 3",
        "highway_type": "tertiary",
        "lanes": 2,
        "width_m": 7.0,
        "length_m": 198.12,
        "maxspeed_kmh": 30,
        "oneway": true,
        "bridge": false,
        "tunnel": false,
        "midpoint_grid_row": 41,
        "midpoint_grid_col": 189,
        "elevation_m": 8.09,
        "start_node": "RN-0537",
        "end_node": "RN-0059"
      },
      "geometry": {
        "type": "LineString",
        "coordinates": [
          [
            72.867662,
            19.065639
          ],
          [
            72.867813,
            19.063863
          ]
        ]
      }
    },
    {
      "type": "Feature",
      "properties": {
        "id": "R-0574",
        "osm_id": 1291881353,
        "name": "Avenue 3",
        "highway_type": "tertiary",
        "lanes": 2,
        "width_m": 7.0,
        "length_m": 194.93,
        "maxspeed_kmh": 30,
        "oneway": true,
        "bridge": false,
        "tunnel": false,
        "midpoint_grid_row": 23,
        "midpoint_grid_col": 190,
        "elevation_m": 7.42,
        "start_node": "RN-0059",
        "end_node": "RN-0024"
      },
      "geometry": {
        "type": "LineString",
        "coordinates": [
          [
            72.867813,
            19.063863
          ],
          [
            72.86796,
            19.062232
          ],
          [
            72.867965,
            19.062116
          ]
        ]
      }
    },
    {
      "type": "Feature",
      "properties": {
        "id": "R-0575",
        "osm_id": 1291881353,
        "name": "Avenue 3",
        "highway_type": "tertiary",
        "lanes": 2,
        "width_m": 7.0,
        "length_m": 8.01,
        "maxspeed_kmh": 30,
        "oneway": true,
        "bridge": false,
        "tunnel": false,
        "midpoint_grid_row": 20,
        "midpoint_grid_col": 190,
        "elevation_m": 7.07,
        "start_node": "RN-0024",
        "end_node": "RN-0031"
      },
      "geometry": {
        "type": "LineString",
        "coordinates": [
          [
            72.867965,
            19.062116
          ],
          [
            72.867964,
            19.062044
          ]
        ]
      }
    },
    {
      "type": "Feature",
      "properties": {
        "id": "R-0576",
        "osm_id": 1291881353,
        "name": "Avenue 3",
        "highway_type": "tertiary",
        "lanes": 2,
        "width_m": 7.0,
        "length_m": 209.05,
        "maxspeed_kmh": 30,
        "oneway": true,
        "bridge": false,
        "tunnel": false,
        "midpoint_grid_row": 17,
        "midpoint_grid_col": 189,
        "elevation_m": 5.45,
        "start_node": "RN-0031",
        "end_node": "RN-0033"
      },
      "geometry": {
        "type": "LineString",
        "coordinates": [
          [
            72.867964,
            19.062044
          ],
          [
            72.867941,
            19.061886
          ],
          [
            72.867881,
            19.061748
          ],
          [
            72.867086,
            19.060368
          ]
        ]
      }
    },
    {
      "type": "Feature",
      "properties": {
        "id": "R-0577",
        "osm_id": 1291881353,
        "name": "Avenue 3",
        "highway_type": "tertiary",
        "lanes": 2,
        "width_m": 7.0,
        "length_m": 7.96,
        "maxspeed_kmh": 30,
        "oneway": true,
        "bridge": false,
        "tunnel": false,
        "midpoint_grid_row": 1,
        "midpoint_grid_col": 181,
        "elevation_m": 10.0,
        "start_node": "RN-0033",
        "end_node": "RN-0287"
      },
      "geometry": {
        "type": "LineString",
        "coordinates": [
          [
            72.867086,
            19.060368
          ],
          [
            72.86705,
            19.060305
          ]
        ]
      }
    },
    {
      "type": "Feature",
      "properties": {
        "id": "R-0578",
        "osm_id": 1291881354,
        "name": "Avenue 3",
        "highway_type": "tertiary",
        "lanes": 2,
        "width_m": 7.0,
        "length_m": 184.34,
        "maxspeed_kmh": 30,
        "oneway": true,
        "bridge": false,
        "tunnel": false,
        "midpoint_grid_row": 27,
        "midpoint_grid_col": 189,
        "elevation_m": 8.98,
        "start_node": "RN-0527",
        "end_node": "RN-0058"
      },
      "geometry": {
        "type": "LineString",
        "coordinates": [
          [
            72.867847,
            19.062202
          ],
          [
            72.867835,
            19.062348
          ],
          [
            72.867812,
            19.06261
          ],
          [
            72.867736,
            19.063447
          ],
          [
            72.8677,
            19.063854
          ]
        ]
      }
    },
    {
      "type": "Feature",
      "properties": {
        "id": "R-0579",
        "osm_id": 1291881354,
        "name": "Avenue 3",
        "highway_type": "tertiary",
        "lanes": 2,
        "width_m": 7.0,
        "length_m": 203.54,
        "maxspeed_kmh": 30,
        "oneway": true,
        "bridge": false,
        "tunnel": false,
        "midpoint_grid_row": 48,
        "midpoint_grid_col": 187,
        "elevation_m": 8.26,
        "start_node": "RN-0058",
        "end_node": "RN-0538"
      },
      "geometry": {
        "type": "LineString",
        "coordinates": [
          [
            72.8677,
            19.063854
          ],
          [
            72.867681,
            19.064083
          ],
          [
            72.867645,
            19.064523
          ],
          [
            72.867581,
            19.065301
          ],
          [
            72.86755,
            19.065679
          ]
        ]
      }
    },
    {
      "type": "Feature",
      "properties": {
        "id": "R-0580",
        "osm_id": 1291881354,
        "name": "Avenue 3",
        "highway_type": "tertiary",
        "lanes": 2,
        "width_m": 7.0,
        "length_m": 9.68,
        "maxspeed_kmh": 30,
        "oneway": true,
        "bridge": false,
        "tunnel": false,
        "midpoint_grid_row": 62,
        "midpoint_grid_col": 186,
        "elevation_m": 7.01,
        "start_node": "RN-0538",
        "end_node": "RN-0384"
      },
      "geometry": {
        "type": "LineString",
        "coordinates": [
          [
            72.86755,
            19.065679
          ],
          [
            72.867564,
            19.065765
          ]
        ]
      }
    },
    {
      "type": "Feature",
      "properties": {
        "id": "R-0581",
        "osm_id": 1291881361,
        "name": "Kanzul Iman Road",
        "highway_type": "unclassified",
        "lanes": 2,
        "width_m": 7.0,
        "length_m": 284.75,
        "maxspeed_kmh": 30,
        "oneway": true,
        "bridge": false,
        "tunnel": false,
        "midpoint_grid_row": 90,
        "midpoint_grid_col": 153,
        "elevation_m": 3.48,
        "start_node": "RN-0489",
        "end_node": "RN-0487"
      },
      "geometry": {
        "type": "LineString",
        "coordinates": [
          [
            72.864569,
            19.068545
          ],
          [
            72.86454,
            19.068481
          ],
          [
            72.864477,
            19.068441
          ],
          [
            72.864398,
            19.06839
          ],
          [
            72.863786,
            19.068001
          ],
          [
            72.862807,
            19.067377
          ],
          [
            72.862354,
            19.067089
          ]
        ]
      }
    },
    {
      "type": "Feature",
      "properties": {
        "id": "R-0582",
        "osm_id": 1291881362,
        "name": "Kanzul Iman Road",
        "highway_type": "unclassified",
        "lanes": 2,
        "width_m": 7.0,
        "length_m": 284.7,
        "maxspeed_kmh": 30,
        "oneway": true,
        "bridge": false,
        "tunnel": false,
        "midpoint_grid_row": 91,
        "midpoint_grid_col": 152,
        "elevation_m": 3.65,
        "start_node": "RN-0488",
        "end_node": "RN-0489"
      },
      "geometry": {
        "type": "LineString",
        "coordinates": [
          [
            72.862311,
            19.067148
          ],
          [
            72.862763,
            19.067436
          ],
          [
            72.863746,
            19.068062
          ],
          [
            72.864356,
            19.068451
          ],
          [
            72.864435,
            19.068501
          ],
          [
            72.864508,
            19.068545
          ],
          [
            72.864569,
            19.068545
          ]
        ]
      }
    },
    {
      "type": "Feature",
      "properties": {
        "id": "R-0583",
        "osm_id": 1291883373,
        "name": "Street 7",
        "highway_type": "tertiary",
        "lanes": 2,
        "width_m": 7.0,
        "length_m": 42.26,
        "maxspeed_kmh": 30,
        "oneway": true,
        "bridge": false,
        "tunnel": false,
        "midpoint_grid_row": 64,
        "midpoint_grid_col": 178,
        "elevation_m": 7.26,
        "start_node": "RN-0539",
        "end_node": "RN-0224"
      },
      "geometry": {
        "type": "LineString",
        "coordinates": [
          [
            72.866551,
            19.066135
          ],
          [
            72.866786,
            19.066009
          ],
          [
            72.866911,
            19.065969
          ]
        ]
      }
    },
    {
      "type": "Feature",
      "properties": {
        "id": "R-0584",
        "osm_id": 1291883373,
        "name": "Street 7",
        "highway_type": "tertiary",
        "lanes": 2,
        "width_m": 7.0,
        "length_m": 72.28,
        "maxspeed_kmh": 30,
        "oneway": true,
        "bridge": false,
        "tunnel": false,
        "midpoint_grid_row": 62,
        "midpoint_grid_col": 186,
        "elevation_m": 7.01,
        "start_node": "RN-0224",
        "end_node": "RN-0384"
      },
      "geometry": {
        "type": "LineString",
        "coordinates": [
          [
            72.866911,
            19.065969
          ],
          [
            72.867564,
            19.065765
          ]
        ]
      }
    },
    {
      "type": "Feature",
      "properties": {
        "id": "R-0585",
        "osm_id": 1291883373,
        "name": "Street 7",
        "highway_type": "tertiary",
        "lanes": 2,
        "width_m": 7.0,
        "length_m": 12.13,
        "maxspeed_kmh": 30,
        "oneway": true,
        "bridge": false,
        "tunnel": false,
        "midpoint_grid_row": 61,
        "midpoint_grid_col": 187,
        "elevation_m": 7.14,
        "start_node": "RN-0384",
        "end_node": "RN-0074"
      },
      "geometry": {
        "type": "LineString",
        "coordinates": [
          [
            72.867564,
            19.065765
          ],
          [
            72.867673,
            19.065729
          ]
        ]
      }
    },
    {
      "type": "Feature",
      "properties": {
        "id": "R-0586",
        "osm_id": 1291883374,
        "name": "Street 7",
        "highway_type": "tertiary",
        "lanes": 2,
        "width_m": 7.0,
        "length_m": 12.58,
        "maxspeed_kmh": 30,
        "oneway": true,
        "bridge": false,
        "tunnel": false,
        "midpoint_grid_row": 61,
        "midpoint_grid_col": 186,
        "elevation_m": 7.33,
        "start_node": "RN-0537",
        "end_node": "RN-0538"
      },
      "geometry": {
        "type": "LineString",
        "coordinates": [
          [
            72.867662,
            19.065639
          ],
          [
            72.86755,
            19.065679
          ]
        ]
      }
    },
    {
      "type": "Feature",
      "properties": {
        "id": "R-0587",
        "osm_id": 1291883374,
        "name": "Street 7",
        "highway_type": "tertiary",
        "lanes": 2,
        "width_m": 7.0,
        "length_m": 75.79,
        "maxspeed_kmh": 30,
        "oneway": true,
        "bridge": false,
        "tunnel": false,
        "midpoint_grid_row": 62,
        "midpoint_grid_col": 181,
        "elevation_m": 5.04,
        "start_node": "RN-0538",
        "end_node": "RN-0223"
      },
      "geometry": {
        "type": "LineString",
        "coordinates": [
          [
            72.86755,
            19.065679
          ],
          [
            72.867261,
            19.065775
          ],
          [
            72.867087,
            19.065834
          ],
          [
            72.86687,
            19.065906
          ]
        ]
      }
    },
    {
      "type": "Feature",
      "properties": {
        "id": "R-0588",
        "osm_id": 1291883374,
        "name": "Street 7",
        "highway_type": "tertiary",
        "lanes": 2,
        "width_m": 7.0,
        "length_m": 44.2,
        "maxspeed_kmh": 30,
        "oneway": true,
        "bridge": false,
        "tunnel": false,
        "midpoint_grid_row": 64,
        "midpoint_grid_col": 176,
        "elevation_m": 7.46,
        "start_node": "RN-0223",
        "end_node": "RN-0267"
      },
      "geometry": {
        "type": "LineString",
        "coordinates": [
          [
            72.86687,
            19.065906
          ],
          [
            72.866759,
            19.065942
          ],
          [
            72.866587,
            19.066014
          ],
          [
            72.866491,
            19.066074
          ]
        ]
      }
    },
    {
      "type": "Feature",
      "properties": {
        "id": "R-0589",
        "osm_id": 1297296349,
        "name": "Street 3",
        "highway_type": "secondary",
        "lanes": 2,
        "width_m": 7.0,
        "length_m": 68.28,
        "maxspeed_kmh": 40,
        "oneway": true,
        "bridge": false,
        "tunnel": false,
        "midpoint_grid_row": 23,
        "midpoint_grid_col": 106,
        "elevation_m": 10.44,
        "start_node": "RN-0272",
        "end_node": "RN-0293"
      },
      "geometry": {
        "type": "LineString",
        "coordinates": [
          [
            72.860596,
            19.06209
          ],
          [
            72.859989,
            19.062309
          ]
        ]
      }
    },
    {
      "type": "Feature",
      "properties": {
        "id": "R-0590",
        "osm_id": 1304773940,
        "name": "Street 7",
        "highway_type": "secondary",
        "lanes": 2,
        "width_m": 7.0,
        "length_m": 7.72,
        "maxspeed_kmh": 40,
        "oneway": true,
        "bridge": false,
        "tunnel": false,
        "midpoint_grid_row": 66,
        "midpoint_grid_col": 175,
        "elevation_m": 7.91,
        "start_node": "RN-0039",
        "end_node": "RN-0539"
      },
      "geometry": {
        "type": "LineString",
        "coordinates": [
          [
            72.866487,
            19.066169
          ],
          [
            72.866551,
            19.066135
          ]
        ]
      }
    },
    {
      "type": "Feature",
      "properties": {
        "id": "R-0591",
        "osm_id": 1304773941,
        "name": "Street 7",
        "highway_type": "secondary",
        "lanes": 2,
        "width_m": 7.0,
        "length_m": 7.85,
        "maxspeed_kmh": 40,
        "oneway": true,
        "bridge": false,
        "tunnel": false,
        "midpoint_grid_row": 65,
        "midpoint_grid_col": 174,
        "elevation_m": 7.82,
        "start_node": "RN-0267",
        "end_node": "RN-0043"
      },
      "geometry": {
        "type": "LineString",
        "coordinates": [
          [
            72.866491,
            19.066074
          ],
          [
            72.866455,
            19.0661
          ],
          [
            72.866431,
            19.066116
          ]
        ]
      }
    },
    {
      "type": "Feature",
      "properties": {
        "id": "R-0592",
        "osm_id": 1304773942,
        "name": "Avenue 3: Lane 3",
        "highway_type": "secondary",
        "lanes": 2,
        "width_m": 7.0,
        "length_m": 9.26,
        "maxspeed_kmh": 40,
        "oneway": true,
        "bridge": false,
        "tunnel": false,
        "midpoint_grid_row": 65,
        "midpoint_grid_col": 175,
        "elevation_m": 7.79,
        "start_node": "RN-0539",
        "end_node": "RN-0267"
      },
      "geometry": {
        "type": "LineString",
        "coordinates": [
          [
            72.866551,
            19.066135
          ],
          [
            72.866491,
            19.066074
          ]
        ]
      }
    },
    {
      "type": "Feature",
      "properties": {
        "id": "R-0593",
        "osm_id": 1311474905,
        "name": "Unnamed Trunk Road",
        "highway_type": "trunk",
        "lanes": 4,
        "width_m": 14.0,
        "length_m": 425.66,
        "maxspeed_kmh": 60,
        "oneway": true,
        "bridge": true,
        "tunnel": false,
        "midpoint_grid_row": 157,
        "midpoint_grid_col": 0,
        "elevation_m": 6.69,
        "start_node": "RN-0429",
        "end_node": "RN-0388"
      },
      "geometry": {
        "type": "LineString",
        "coordinates": [
          [
            72.85122,
            19.073873
          ],
          [
            72.849408,
            19.074202
          ],
          [
            72.848946,
            19.074281
          ],
          [
            72.848221,
            19.074421
          ],
          [
            72.847842,
            19.074486
          ],
          [
            72.847518,
            19.074545
          ],
          [
            72.847247,
            19.074614
          ]
        ]
      }
    },
    {
      "type": "Feature",
      "properties": {
        "id": "R-0594",
        "osm_id": 1311474905,
        "name": "Unnamed Trunk Road",
        "highway_type": "trunk",
        "lanes": 4,
        "width_m": 14.0,
        "length_m": 1256.71,
        "maxspeed_kmh": 60,
        "oneway": true,
        "bridge": true,
        "tunnel": false,
        "midpoint_grid_row": 199,
        "midpoint_grid_col": 0,
        "elevation_m": 5.0,
        "start_node": "RN-0388",
        "end_node": "RN-0540"
      },
      "geometry": {
        "type": "LineString",
        "coordinates": [
          [
            72.847247,
            19.074614
          ],
          [
            72.847062,
            19.074731
          ],
          [
            72.846815,
            19.074961
          ],
          [
            72.846706,
            19.075185
          ],
          [
            72.846679,
            19.075453
          ],
          [
            72.846721,
            19.076562
          ],
          [
            72.846768,
            19.079787
          ],
          [
            72.846748,
            19.080281
          ],
          [
            72.846673,
            19.080685
          ],
          [
            72.846498,
            19.081581
          ],
          [
            72.846298,
            19.082416
          ],
          [
            72.846158,
            19.083095
          ],
          [
            72.846103,
            19.083784
          ],
          [
            72.84607,
            19.084094
          ],
          [
            72.845975,
            19.084469
          ],
          [
            72.845884,
            19.084762
          ],
          [
            72.845781,
            19.085012
          ],
          [
            72.845634,
            19.08531
          ],
          [
            72.845488,
            19.085529
          ]
        ]
      }
    },
    {
      "type": "Feature",
      "properties": {
        "id": "R-0595",
        "osm_id": 1325469676,
        "name": "Unnamed Residential Road",
        "highway_type": "residential",
        "lanes": 2,
        "width_m": 7.0,
        "length_m": 130.07,
        "maxspeed_kmh": 30,
        "oneway": false,
        "bridge": false,
        "tunnel": false,
        "midpoint_grid_row": 199,
        "midpoint_grid_col": 158,
        "elevation_m": 2.22,
        "start_node": "RN-0477",
        "end_node": "RN-0541"
      },
      "geometry": {
        "type": "LineString",
        "coordinates": [
          [
            72.864861,
            19.077642
          ],
          [
            72.864865,
            19.077783
          ],
          [
            72.864863,
            19.078042
          ],
          [
            72.864875,
            19.078204
          ],
          [
            72.864861,
            19.078481
          ],
          [
            72.86483,
            19.078737
          ],
          [
            72.864807,
            19.078806
          ]
        ]
      }
    },
    {
      "type": "Feature",
      "properties": {
        "id": "R-0596",
        "osm_id": 1333243989,
        "name": "Unnamed Trunk_link Road",
        "highway_type": "trunk_link",
        "lanes": 2,
        "width_m": 7.0,
        "length_m": 279.54,
        "maxspeed_kmh": 40,
        "oneway": true,
        "bridge": true,
        "tunnel": false,
        "midpoint_grid_row": 129,
        "midpoint_grid_col": 164,
        "elevation_m": 10.29,
        "start_node": "RN-0434",
        "end_node": "RN-0542"
      },
      "geometry": {
        "type": "LineString",
        "coordinates": [
          [
            72.866441,
            19.072409
          ],
          [
            72.866435,
            19.072376
          ],
          [
            72.866427,
            19.072357
          ],
          [
            72.866121,
            19.072215
          ],
          [
            72.865672,
            19.072027
          ],
          [
            72.865437,
            19.071928
          ],
          [
            72.865071,
            19.071762
          ],
          [
            72.864683,
            19.071598
          ],
          [
            72.864278,
            19.07142
          ],
          [
            72.864063,
            19.071328
          ]
        ]
      }
    },
    {
      "type": "Feature",
      "properties": {
        "id": "R-0597",
        "osm_id": 1334966781,
        "name": "Unnamed Residential Road",
        "highway_type": "residential",
        "lanes": 2,
        "width_m": 7.0,
        "length_m": 7.75,
        "maxspeed_kmh": 30,
        "oneway": false,
        "bridge": false,
        "tunnel": false,
        "midpoint_grid_row": 53,
        "midpoint_grid_col": 2,
        "elevation_m": 1.06,
        "start_node": "RN-0091",
        "end_node": "RN-0502"
      },
      "geometry": {
        "type": "LineString",
        "coordinates": [
          [
            72.850158,
            19.064991
          ],
          [
            72.850093,
            19.064958
          ]
        ]
      }
    },
    {
      "type": "Feature",
      "properties": {
        "id": "R-0598",
        "osm_id": 1334968866,
        "name": "Unnamed Tertiary_link Road",
        "highway_type": "tertiary_link",
        "lanes": 1,
        "width_m": 3.5,
        "length_m": 8.28,
        "maxspeed_kmh": 25,
        "oneway": false,
        "bridge": false,
        "tunnel": false,
        "midpoint_grid_row": 50,
        "midpoint_grid_col": 16,
        "elevation_m": 3.77,
        "start_node": "RN-0500",
        "end_node": "RN-0110"
      },
      "geometry": {
        "type": "LineString",
        "coordinates": [
          [
            72.851417,
            19.064618
          ],
          [
            72.851385,
            19.064686
          ]
        ]
      }
    },
    {
      "type": "Feature",
      "properties": {
        "id": "R-0599",
        "osm_id": 1334970375,
        "name": "Unnamed Tertiary_link Road",
        "highway_type": "tertiary_link",
        "lanes": 1,
        "width_m": 3.5,
        "length_m": 7.23,
        "maxspeed_kmh": 25,
        "oneway": false,
        "bridge": false,
        "tunnel": false,
        "midpoint_grid_row": 4,
        "midpoint_grid_col": 6,
        "elevation_m": 5.96,
        "start_node": "RN-0145",
        "end_node": "RN-0325"
      },
      "geometry": {
        "type": "LineString",
        "coordinates": [
          [
            72.850506,
            19.06057
          ],
          [
            72.850506,
            19.060505
          ]
        ]
      }
    },
    {
      "type": "Feature",
      "properties": {
        "id": "R-0600",
        "osm_id": 1338235124,
        "name": "Unnamed Residential Road",
        "highway_type": "residential",
        "lanes": 2,
        "width_m": 7.0,
        "length_m": 16.81,
        "maxspeed_kmh": 30,
        "oneway": true,
        "bridge": false,
        "tunnel": false,
        "midpoint_grid_row": 142,
        "midpoint_grid_col": 148,
        "elevation_m": 24.45,
        "start_node": "RN-0543",
        "end_node": "RN-0544"
      },
      "geometry": {
        "type": "LineString",
        "coordinates": [
          [
            72.864132,
            19.073111
          ],
          [
            72.863972,
            19.073112
          ]
        ]
      }
    },
    {
      "type": "Feature",
      "properties": {
        "id": "R-0601",
        "osm_id": 1338235125,
        "name": "Unnamed Residential Road",
        "highway_type": "residential",
        "lanes": 2,
        "width_m": 7.0,
        "length_m": 8.3,
        "maxspeed_kmh": 30,
        "oneway": true,
        "bridge": false,
        "tunnel": false,
        "midpoint_grid_row": 142,
        "midpoint_grid_col": 147,
        "elevation_m": 24.98,
        "start_node": "RN-0544",
        "end_node": "RN-0049"
      },
      "geometry": {
        "type": "LineString",
        "coordinates": [
          [
            72.863972,
            19.073112
          ],
          [
            72.863893,
            19.073112
          ]
        ]
      }
    },
    {
      "type": "Feature",
      "properties": {
        "id": "R-0602",
        "osm_id": 1338235126,
        "name": "Unnamed Residential Road",
        "highway_type": "residential",
        "lanes": 2,
        "width_m": 7.0,
        "length_m": 25.22,
        "maxspeed_kmh": 30,
        "oneway": true,
        "bridge": false,
        "tunnel": false,
        "midpoint_grid_row": 143,
        "midpoint_grid_col": 149,
        "elevation_m": 23.83,
        "start_node": "RN-0050",
        "end_node": "RN-0332"
      },
      "geometry": {
        "type": "LineString",
        "coordinates": [
          [
            72.863889,
            19.073165
          ],
          [
            72.863974,
            19.073166
          ],
          [
            72.864076,
            19.073166
          ],
          [
            72.864129,
            19.073166
          ]
        ]
      }
    },
    {
      "type": "Feature",
      "properties": {
        "id": "R-0603",
        "osm_id": 1338240712,
        "name": "Unnamed Residential Road",
        "highway_type": "residential",
        "lanes": 2,
        "width_m": 7.0,
        "length_m": 6.12,
        "maxspeed_kmh": 30,
        "oneway": false,
        "bridge": false,
        "tunnel": false,
        "midpoint_grid_row": 143,
        "midpoint_grid_col": 150,
        "elevation_m": 22.9,
        "start_node": "RN-0543",
        "end_node": "RN-0332"
      },
      "geometry": {
        "type": "LineString",
        "coordinates": [
          [
            72.864132,
            19.073111
          ],
          [
            72.864131,
            19.073138
          ],
          [
            72.864129,
            19.073166
          ]
        ]
      }
    },
    {
      "type": "Feature",
      "properties": {
        "id": "R-0604",
        "osm_id": 1341170783,
        "name": "Unnamed Trunk_link Road",
        "highway_type": "trunk_link",
        "lanes": 2,
        "width_m": 7.0,
        "length_m": 28.12,
        "maxspeed_kmh": 40,
        "oneway": false,
        "bridge": false,
        "tunnel": false,
        "midpoint_grid_row": 162,
        "midpoint_grid_col": 79,
        "elevation_m": 6.0,
        "start_node": "RN-0413",
        "end_node": "RN-0519"
      },
      "geometry": {
        "type": "LineString",
        "coordinates": [
          [
            72.857407,
            19.075146
          ],
          [
            72.85736,
            19.074897
          ]
        ]
      }
    },
    {
      "type": "Feature",
      "properties": {
        "id": "R-0605",
        "osm_id": 1341170784,
        "name": "Unnamed Residential Road",
        "highway_type": "residential",
        "lanes": 2,
        "width_m": 7.0,
        "length_m": 156.15,
        "maxspeed_kmh": 30,
        "oneway": false,
        "bridge": false,
        "tunnel": false,
        "midpoint_grid_row": 171,
        "midpoint_grid_col": 58,
        "elevation_m": 2.78,
        "start_node": "RN-0305",
        "end_node": "RN-0545"
      },
      "geometry": {
        "type": "LineString",
        "coordinates": [
          [
            72.856657,
            19.075406
          ],
          [
            72.855725,
            19.075606
          ],
          [
            72.855403,
            19.075666
          ],
          [
            72.855274,
            19.075637
          ],
          [
            72.855216,
            19.075601
          ]
        ]
      }
    },
    {
      "type": "Feature",
      "properties": {
        "id": "R-0606",
        "osm_id": 1341201075,
        "name": "Santa Cruz \u2013 Chembur Link Road",
        "highway_type": "trunk",
        "lanes": 3,
        "width_m": 10.5,
        "length_m": 13.29,
        "maxspeed_kmh": 60,
        "oneway": true,
        "bridge": false,
        "tunnel": false,
        "midpoint_grid_row": 157,
        "midpoint_grid_col": 113,
        "elevation_m": 9.59,
        "start_node": "RN-0313",
        "end_node": "RN-0289"
      },
      "geometry": {
        "type": "LineString",
        "coordinates": [
          [
            72.860474,
            19.074473
          ],
          [
            72.8606,
            19.074463
          ]
        ]
      }
    },
    {
      "type": "Feature",
      "properties": {
        "id": "R-0607",
        "osm_id": 1341201076,
        "name": "Unnamed Trunk Road",
        "highway_type": "trunk",
        "lanes": 4,
        "width_m": 14.0,
        "length_m": 13.72,
        "maxspeed_kmh": 60,
        "oneway": true,
        "bridge": false,
        "tunnel": false,
        "midpoint_grid_row": 156,
        "midpoint_grid_col": 111,
        "elevation_m": 4.29,
        "start_node": "RN-0530",
        "end_node": "RN-0536"
      },
      "geometry": {
        "type": "LineString",
        "coordinates": [
          [
            72.86061,
            19.074356
          ],
          [
            72.860481,
            19.074375
          ]
        ]
      }
    },
    {
      "type": "Feature",
      "properties": {
        "id": "R-0608",
        "osm_id": 1341201077,
        "name": "Unnamed Trunk Road",
        "highway_type": "trunk",
        "lanes": 4,
        "width_m": 14.0,
        "length_m": 10.92,
        "maxspeed_kmh": 60,
        "oneway": true,
        "bridge": false,
        "tunnel": false,
        "midpoint_grid_row": 157,
        "midpoint_grid_col": 111,
        "elevation_m": 5.39,
        "start_node": "RN-0536",
        "end_node": "RN-0313"
      },
      "geometry": {
        "type": "LineString",
        "coordinates": [
          [
            72.860481,
            19.074375
          ],
          [
            72.860474,
            19.074473
          ]
        ]
      }
    },
    {
      "type": "Feature",
      "properties": {
        "id": "R-0609",
        "osm_id": 1341201078,
        "name": "Unnamed Trunk_link Road",
        "highway_type": "trunk_link",
        "lanes": 2,
        "width_m": 7.0,
        "length_m": 86.77,
        "maxspeed_kmh": 40,
        "oneway": true,
        "bridge": false,
        "tunnel": false,
        "midpoint_grid_row": 156,
        "midpoint_grid_col": 110,
        "elevation_m": 2.46,
        "start_node": "RN-0535",
        "end_node": "RN-0517"
      },
      "geometry": {
        "type": "LineString",
        "coordinates": [
          [
            72.860583,
            19.073979
          ],
          [
            72.860555,
            19.074061
          ],
          [
            72.860496,
            19.074195
          ],
          [
            72.860394,
            19.074302
          ],
          [
            72.860266,
            19.074395
          ],
          [
            72.86001,
            19.074467
          ]
        ]
      }
    },
    {
      "type": "Feature",
      "properties": {
        "id": "R-0610",
        "osm_id": 1341201079,
        "name": "Unnamed Trunk_link Road",
        "highway_type": "trunk_link",
        "lanes": 2,
        "width_m": 7.0,
        "length_m": 133.97,
        "maxspeed_kmh": 40,
        "oneway": true,
        "bridge": false,
        "tunnel": false,
        "midpoint_grid_row": 155,
        "midpoint_grid_col": 108,
        "elevation_m": 1.7,
        "start_node": "RN-0534",
        "end_node": "RN-0518"
      },
      "geometry": {
        "type": "LineString",
        "coordinates": [
          [
            72.860649,
            19.073612
          ],
          [
            72.860543,
            19.073836
          ],
          [
            72.860387,
            19.074045
          ],
          [
            72.860166,
            19.074262
          ],
          [
            72.859923,
            19.0744
          ],
          [
            72.85979,
            19.074448
          ]
        ]
      }
    },
    {
      "type": "Feature",
      "properties": {
        "id": "R-0611",
        "osm_id": 1353492610,
        "name": "Avenue 3: Lane 3",
        "highway_type": "secondary",
        "lanes": 2,
        "width_m": 7.0,
        "length_m": 234.75,
        "maxspeed_kmh": 40,
        "oneway": true,
        "bridge": false,
        "tunnel": false,
        "midpoint_grid_row": 13,
        "midpoint_grid_col": 153,
        "elevation_m": 10.89,
        "start_node": "RN-0467",
        "end_node": "RN-0296"
      },
      "geometry": {
        "type": "LineString",
        "coordinates": [
          [
            72.86412,
            19.060858
          ],
          [
            72.864186,
            19.060885
          ],
          [
            72.864236,
            19.06093
          ],
          [
            72.864276,
            19.060979
          ],
          [
            72.864419,
            19.061341
          ],
          [
            72.864712,
            19.062095
          ],
          [
            72.864817,
            19.062365
          ],
          [
            72.864985,
            19.062774
          ]
        ]
      }
    },
    {
      "type": "Feature",
      "properties": {
        "id": "R-0612",
        "osm_id": 1353492611,
        "name": "Street 5",
        "highway_type": "tertiary",
        "lanes": 2,
        "width_m": 7.0,
        "length_m": 11.79,
        "maxspeed_kmh": 30,
        "oneway": true,
        "bridge": false,
        "tunnel": false,
        "midpoint_grid_row": 29,
        "midpoint_grid_col": 159,
        "elevation_m": 10.19,
        "start_node": "RN-0268",
        "end_node": "RN-0296"
      },
      "geometry": {
        "type": "LineString",
        "coordinates": [
          [
            72.865092,
            19.062742
          ],
          [
            72.864985,
            19.062774
          ]
        ]
      }
    },
    {
      "type": "Feature",
      "properties": {
        "id": "R-0613",
        "osm_id": 1354969525,
        "name": "Street 3",
        "highway_type": "secondary",
        "lanes": 2,
        "width_m": 7.0,
        "length_m": 9.0,
        "maxspeed_kmh": 40,
        "oneway": true,
        "bridge": false,
        "tunnel": false,
        "midpoint_grid_row": 21,
        "midpoint_grid_col": 113,
        "elevation_m": 15.56,
        "start_node": "RN-0468",
        "end_node": "RN-0272"
      },
      "geometry": {
        "type": "LineString",
        "coordinates": [
          [
            72.860676,
            19.062061
          ],
          [
            72.860596,
            19.06209
          ]
        ]
      }
    },
    {
      "type": "Feature",
      "properties": {
        "id": "R-0614",
        "osm_id": 1356570595,
        "name": "Unnamed Trunk_link Road",
        "highway_type": "trunk_link",
        "lanes": 2,
        "width_m": 7.0,
        "length_m": 44.63,
        "maxspeed_kmh": 40,
        "oneway": true,
        "bridge": false,
        "tunnel": false,
        "midpoint_grid_row": 121,
        "midpoint_grid_col": 145,
        "elevation_m": 4.0,
        "start_node": "RN-0542",
        "end_node": "RN-0262"
      },
      "geometry": {
        "type": "LineString",
        "coordinates": [
          [
            72.864063,
            19.071328
          ],
          [
            72.86388,
            19.07125
          ],
          [
            72.863718,
            19.071194
          ],
          [
            72.863705,
            19.071147
          ]
        ]
      }
    },
    {
      "type": "Feature",
      "properties": {
        "id": "R-0615",
        "osm_id": 1356570742,
        "name": "Flyover",
        "highway_type": "trunk",
        "lanes": 4,
        "width_m": 14.0,
        "length_m": 31.29,
        "maxspeed_kmh": 80,
        "oneway": true,
        "bridge": false,
        "tunnel": false,
        "midpoint_grid_row": 167,
        "midpoint_grid_col": 54,
        "elevation_m": 4.0,
        "start_node": "RN-0411",
        "end_node": "RN-0431"
      },
      "geometry": {
        "type": "LineString",
        "coordinates": [
          [
            72.854856,
            19.075314
          ],
          [
            72.855015,
            19.075334
          ],
          [
            72.855147,
            19.07537
          ]
        ]
      }
    },
    {
      "type": "Feature",
      "properties": {
        "id": "R-0616",
        "osm_id": 1357686056,
        "name": "Santa Cruz \u2013 Chembur Link Road",
        "highway_type": "trunk",
        "lanes": 3,
        "width_m": 10.5,
        "length_m": 38.03,
        "maxspeed_kmh": 60,
        "oneway": true,
        "bridge": false,
        "tunnel": false,
        "midpoint_grid_row": 166,
        "midpoint_grid_col": 50,
        "elevation_m": 3.62,
        "start_node": "RN-0196",
        "end_node": "RN-0411"
      },
      "geometry": {
        "type": "LineString",
        "coordinates": [
          [
            72.854528,
            19.07517
          ],
          [
            72.854678,
            19.075242
          ],
          [
            72.854856,
            19.075314
          ]
        ]
      }
    },
    {
      "type": "Feature",
      "properties": {
        "id": "R-0617",
        "osm_id": 1370854801,
        "name": "Unnamed Residential Road",
        "highway_type": "residential",
        "lanes": 2,
        "width_m": 7.0,
        "length_m": 257.12,
        "maxspeed_kmh": 30,
        "oneway": false,
        "bridge": false,
        "tunnel": false,
        "midpoint_grid_row": 115,
        "midpoint_grid_col": 0,
        "elevation_m": 5.04,
        "start_node": "RN-0135",
        "end_node": "RN-0546"
      },
      "geometry": {
        "type": "LineString",
        "coordinates": [
          [
            72.850086,
            19.068862
          ],
          [
            72.849239,
            19.070235
          ],
          [
            72.848995,
            19.07063
          ],
          [
            72.848849,
            19.070857
          ]
        ]
      }
    },
    {
      "type": "Feature",
      "properties": {
        "id": "R-0618",
        "osm_id": 1377702520,
        "name": "Unnamed Residential Road",
        "highway_type": "residential",
        "lanes": 2,
        "width_m": 7.0,
        "length_m": 156.04,
        "maxspeed_kmh": 30,
        "oneway": false,
        "bridge": false,
        "tunnel": false,
        "midpoint_grid_row": 183,
        "midpoint_grid_col": 48,
        "elevation_m": 4.83,
        "start_node": "RN-0316",
        "end_node": "RN-0317"
      },
      "geometry": {
        "type": "LineString",
        "coordinates": [
          [
            72.854586,
            19.07601
          ],
          [
            72.854251,
            19.076093
          ],
          [
            72.854227,
            19.076152
          ],
          [
            72.854344,
            19.076684
          ],
          [
            72.854429,
            19.076805
          ],
          [
            72.854514,
            19.076832
          ],
          [
            72.854617,
            19.076852
          ],
          [
            72.854762,
            19.076823
          ]
        ]
      }
    },
    {
      "type": "Feature",
      "properties": {
        "id": "R-0619",
        "osm_id": 1377702521,
        "name": "Unnamed Residential Road",
        "highway_type": "residential",
        "lanes": 2,
        "width_m": 7.0,
        "length_m": 15.69,
        "maxspeed_kmh": 30,
        "oneway": false,
        "bridge": false,
        "tunnel": false,
        "midpoint_grid_row": 170,
        "midpoint_grid_col": 56,
        "elevation_m": 3.09,
        "start_node": "RN-0412",
        "end_node": "RN-0545"
      },
      "geometry": {
        "type": "LineString",
        "coordinates": [
          [
            72.855247,
            19.075463
          ],
          [
            72.855216,
            19.075601
          ]
        ]
      }
    },
    {
      "type": "Feature",
      "properties": {
        "id": "R-0620",
        "osm_id": 1377702521,
        "name": "Unnamed Residential Road",
        "highway_type": "residential",
        "lanes": 2,
        "width_m": 7.0,
        "length_m": 76.62,
        "maxspeed_kmh": 30,
        "oneway": false,
        "bridge": false,
        "tunnel": false,
        "midpoint_grid_row": 172,
        "midpoint_grid_col": 54,
        "elevation_m": 2.98,
        "start_node": "RN-0545",
        "end_node": "RN-0315"
      },
      "geometry": {
        "type": "LineString",
        "coordinates": [
          [
            72.855216,
            19.075601
          ],
          [
            72.855192,
            19.075677
          ],
          [
            72.855143,
            19.075717
          ],
          [
            72.854988,
            19.075758
          ],
          [
            72.854693,
            19.075811
          ],
          [
            72.854618,
            19.075826
          ],
          [
            72.85458,
            19.075844
          ]
        ]
      }
    },
    {
      "type": "Feature",
      "properties": {
        "id": "R-0621",
        "osm_id": 1430215061,
        "name": "Bandra Kurla Complex Road",
        "highway_type": "primary",
        "lanes": 3,
        "width_m": 10.5,
        "length_m": 36.34,
        "maxspeed_kmh": 50,
        "oneway": true,
        "bridge": false,
        "tunnel": false,
        "midpoint_grid_row": 29,
        "midpoint_grid_col": 101,
        "elevation_m": 8.0,
        "start_node": "RN-0547",
        "end_node": "RN-0548"
      },
      "geometry": {
        "type": "LineString",
        "coordinates": [
          [
            72.859436,
            19.062575
          ],
          [
            72.859488,
            19.062804
          ],
          [
            72.859515,
            19.062893
          ]
        ]
      }
    },
    {
      "type": "Feature",
      "properties": {
        "id": "R-0622",
        "osm_id": 1430215062,
        "name": "Street 5",
        "highway_type": "tertiary",
        "lanes": 2,
        "width_m": 7.0,
        "length_m": 18.18,
        "maxspeed_kmh": 30,
        "oneway": true,
        "bridge": false,
        "tunnel": false,
        "midpoint_grid_row": 55,
        "midpoint_grid_col": 130,
        "elevation_m": 12.46,
        "start_node": "RN-0169",
        "end_node": "RN-0026"
      },
      "geometry": {
        "type": "LineString",
        "coordinates": [
          [
            72.862146,
            19.065336
          ],
          [
            72.86226,
            19.065213
          ]
        ]
      }
    },
    {
      "type": "Feature",
      "properties": {
        "id": "R-0623",
        "osm_id": 1430215063,
        "name": "Street 5",
        "highway_type": "tertiary",
        "lanes": 2,
        "width_m": 7.0,
        "length_m": 18.17,
        "maxspeed_kmh": 30,
        "oneway": true,
        "bridge": false,
        "tunnel": false,
        "midpoint_grid_row": 56,
        "midpoint_grid_col": 128,
        "elevation_m": 12.14,
        "start_node": "RN-0254",
        "end_node": "RN-0061"
      },
      "geometry": {
        "type": "LineString",
        "coordinates": [
          [
            72.862195,
            19.065173
          ],
          [
            72.86208,
            19.065295
          ]
        ]
      }
    },
    {
      "type": "Feature",
      "properties": {
        "id": "R-0624",
        "osm_id": 1430215064,
        "name": "Bandra Kurla Complex Road",
        "highway_type": "primary",
        "lanes": 3,
        "width_m": 10.5,
        "length_m": 8.3,
        "maxspeed_kmh": 50,
        "oneway": true,
        "bridge": false,
        "tunnel": false,
        "midpoint_grid_row": 57,
        "midpoint_grid_col": 129,
        "elevation_m": 11.91,
        "start_node": "RN-0061",
        "end_node": "RN-0169"
      },
      "geometry": {
        "type": "LineString",
        "coordinates": [
          [
            72.86208,
            19.065295
          ],
          [
            72.862146,
            19.065336
          ]
        ]
      }
    },
    {
      "type": "Feature",
      "properties": {
        "id": "R-0625",
        "osm_id": 1430215065,
        "name": "Unnamed Tertiary Road",
        "highway_type": "tertiary",
        "lanes": 2,
        "width_m": 7.0,
        "length_m": 60.68,
        "maxspeed_kmh": 30,
        "oneway": true,
        "bridge": false,
        "tunnel": false,
        "midpoint_grid_row": 68,
        "midpoint_grid_col": 70,
        "elevation_m": 8.36,
        "start_node": "RN-0066",
        "end_node": "RN-0549"
      },
      "geometry": {
        "type": "LineString",
        "coordinates": [
          [
            72.857163,
            19.066282
          ],
          [
            72.856597,
            19.06639
          ]
        ]
      }
    },
    {
      "type": "Feature",
      "properties": {
        "id": "R-0626",
        "osm_id": 1430215065,
        "name": "Unnamed Tertiary Road",
        "highway_type": "tertiary",
        "lanes": 2,
        "width_m": 7.0,
        "length_m": 36.42,
        "maxspeed_kmh": 30,
        "oneway": true,
        "bridge": false,
        "tunnel": false,
        "midpoint_grid_row": 69,
        "midpoint_grid_col": 67,
        "elevation_m": 6.81,
        "start_node": "RN-0549",
        "end_node": "RN-0105"
      },
      "geometry": {
        "type": "LineString",
        "coordinates": [
          [
            72.856597,
            19.06639
          ],
          [
            72.856307,
            19.066454
          ],
          [
            72.856259,
            19.066462
          ]
        ]
      }
    },
    {
      "type": "Feature",
      "properties": {
        "id": "R-0627",
        "osm_id": 1430215065,
        "name": "Unnamed Tertiary Road",
        "highway_type": "tertiary",
        "lanes": 2,
        "width_m": 7.0,
        "length_m": 18.55,
        "maxspeed_kmh": 30,
        "oneway": true,
        "bridge": false,
        "tunnel": false,
        "midpoint_grid_row": 69,
        "midpoint_grid_col": 65,
        "elevation_m": 5.24,
        "start_node": "RN-0105",
        "end_node": "RN-0550"
      },
      "geometry": {
        "type": "LineString",
        "coordinates": [
          [
            72.856259,
            19.066462
          ],
          [
            72.856085,
            19.06649
          ]
        ]
      }
    },
    {
      "type": "Feature",
      "properties": {
        "id": "R-0628",
        "osm_id": 1430215065,
        "name": "Unnamed Tertiary Road",
        "highway_type": "tertiary",
        "lanes": 2,
        "width_m": 7.0,
        "length_m": 235.56,
        "maxspeed_kmh": 30,
        "oneway": true,
        "bridge": false,
        "tunnel": false,
        "midpoint_grid_row": 71,
        "midpoint_grid_col": 56,
        "elevation_m": 1.95,
        "start_node": "RN-0550",
        "end_node": "RN-0319"
      },
      "geometry": {
        "type": "LineString",
        "coordinates": [
          [
            72.856085,
            19.06649
          ],
          [
            72.856006,
            19.066502
          ],
          [
            72.855489,
            19.066555
          ],
          [
            72.855351,
            19.066574
          ],
          [
            72.855235,
            19.066606
          ],
          [
            72.855127,
            19.066642
          ],
          [
            72.855038,
            19.066685
          ],
          [
            72.854923,
            19.066759
          ],
          [
            72.854127,
            19.067373
          ]
        ]
      }
    },
    {
      "type": "Feature",
      "properties": {
        "id": "R-0629",
        "osm_id": 1430215065,
        "name": "Unnamed Tertiary Road",
        "highway_type": "tertiary",
        "lanes": 2,
        "width_m": 7.0,
        "length_m": 154.51,
        "maxspeed_kmh": 30,
        "oneway": true,
        "bridge": false,
        "tunnel": false,
        "midpoint_grid_row": 82,
        "midpoint_grid_col": 37,
        "elevation_m": 2.91,
        "start_node": "RN-0319",
        "end_node": "RN-0186"
      },
      "geometry": {
        "type": "LineString",
        "coordinates": [
          [
            72.854127,
            19.067373
          ],
          [
            72.85391,
            19.067522
          ],
          [
            72.853799,
            19.067574
          ],
          [
            72.853661,
            19.06762
          ],
          [
            72.853534,
            19.067649
          ],
          [
            72.853407,
            19.067653
          ],
          [
            72.853274,
            19.067641
          ],
          [
            72.853115,
            19.067599
          ],
          [
            72.852836,
            19.067506
          ],
          [
            72.852776,
            19.067486
          ],
          [
            72.852761,
            19.067481
          ]
        ]
      }
    },
    {
      "type": "Feature",
      "properties": {
        "id": "R-0630",
        "osm_id": 1430215066,
        "name": "Unnamed Tertiary Road",
        "highway_type": "tertiary",
        "lanes": 2,
        "width_m": 7.0,
        "length_m": 8.16,
        "maxspeed_kmh": 30,
        "oneway": false,
        "bridge": false,
        "tunnel": false,
        "midpoint_grid_row": 67,
        "midpoint_grid_col": 76,
        "elevation_m": 6.69,
        "start_node": "RN-0276",
        "end_node": "RN-0066"
      },
      "geometry": {
        "type": "LineString",
        "coordinates": [
          [
            72.857178,
            19.066354
          ],
          [
            72.857163,
            19.066282
          ]
        ]
      }
    },
    {
      "type": "Feature",
      "properties": {
        "id": "R-0631",
        "osm_id": 1430215067,
        "name": "Unnamed Tertiary Road",
        "highway_type": "tertiary",
        "lanes": 2,
        "width_m": 7.0,
        "length_m": 148.14,
        "maxspeed_kmh": 30,
        "oneway": true,
        "bridge": false,
        "tunnel": false,
        "midpoint_grid_row": 72,
        "midpoint_grid_col": 56,
        "elevation_m": 2.25,
        "start_node": "RN-0551",
        "end_node": "RN-0552"
      },
      "geometry": {
        "type": "LineString",
        "coordinates": [
          [
            72.854791,
            19.066954
          ],
          [
            72.854947,
            19.066834
          ],
          [
            72.854969,
            19.066817
          ],
          [
            72.855077,
            19.066747
          ],
          [
            72.855157,
            19.066708
          ],
          [
            72.855258,
            19.066674
          ],
          [
            72.855367,
            19.066645
          ],
          [
            72.855499,
            19.066627
          ],
          [
            72.856016,
            19.066573
          ],
          [
            72.8561,
            19.06656
          ]
        ]
      }
    },
    {
      "type": "Feature",
      "properties": {
        "id": "R-0632",
        "osm_id": 1430215067,
        "name": "Unnamed Tertiary Road",
        "highway_type": "tertiary",
        "lanes": 2,
        "width_m": 7.0,
        "length_m": 19.6,
        "maxspeed_kmh": 30,
        "oneway": true,
        "bridge": false,
        "tunnel": false,
        "midpoint_grid_row": 70,
        "midpoint_grid_col": 67,
        "elevation_m": 6.49,
        "start_node": "RN-0552",
        "end_node": "RN-0106"
      },
      "geometry": {
        "type": "LineString",
        "coordinates": [
          [
            72.8561,
            19.06656
          ],
          [
            72.856284,
            19.066531
          ]
        ]
      }
    },
    {
      "type": "Feature",
      "properties": {
        "id": "R-0633",
        "osm_id": 1430215067,
        "name": "Unnamed Tertiary Road",
        "highway_type": "tertiary",
        "lanes": 2,
        "width_m": 7.0,
        "length_m": 35.94,
        "maxspeed_kmh": 30,
        "oneway": true,
        "bridge": false,
        "tunnel": false,
        "midpoint_grid_row": 69,
        "midpoint_grid_col": 69,
        "elevation_m": 8.04,
        "start_node": "RN-0106",
        "end_node": "RN-0553"
      },
      "geometry": {
        "type": "LineString",
        "coordinates": [
          [
            72.856284,
            19.066531
          ],
          [
            72.856323,
            19.066525
          ],
          [
            72.856489,
            19.066487
          ],
          [
            72.856618,
            19.066462
          ]
        ]
      }
    },
    {
      "type": "Feature",
      "properties": {
        "id": "R-0634",
        "osm_id": 1430215067,
        "name": "Unnamed Tertiary Road",
        "highway_type": "tertiary",
        "lanes": 2,
        "width_m": 7.0,
        "length_m": 60.07,
        "maxspeed_kmh": 30,
        "oneway": true,
        "bridge": false,
        "tunnel": false,
        "midpoint_grid_row": 68,
        "midpoint_grid_col": 77,
        "elevation_m": 6.1,
        "start_node": "RN-0553",
        "end_node": "RN-0276"
      },
      "geometry": {
        "type": "LineString",
        "coordinates": [
          [
            72.856618,
            19.066462
          ],
          [
            72.857178,
            19.066354
          ]
        ]
      }
    },
    {
      "type": "Feature",
      "properties": {
        "id": "R-0635",
        "osm_id": 1430217913,
        "name": "Sunder Nagar Road Number 2",
        "highway_type": "residential",
        "lanes": 2,
        "width_m": 7.0,
        "length_m": 14.21,
        "maxspeed_kmh": 30,
        "oneway": false,
        "bridge": false,
        "tunnel": false,
        "midpoint_grid_row": 157,
        "midpoint_grid_col": 169,
        "elevation_m": 8.96,
        "start_node": "RN-0227",
        "end_node": "RN-0497"
      },
      "geometry": {
        "type": "LineString",
        "coordinates": [
          [
            72.865981,
            19.074328
          ],
          [
            72.865966,
            19.074455
          ]
        ]
      }
    },
    {
      "type": "Feature",
      "properties": {
        "id": "R-0636",
        "osm_id": 1430217913,
        "name": "Sunder Nagar Road Number 2",
        "highway_type": "residential",
        "lanes": 2,
        "width_m": 7.0,
        "length_m": 57.65,
        "maxspeed_kmh": 30,
        "oneway": false,
        "bridge": false,
        "tunnel": false,
        "midpoint_grid_row": 163,
        "midpoint_grid_col": 169,
        "elevation_m": 4.52,
        "start_node": "RN-0497",
        "end_node": "RN-0232"
      },
      "geometry": {
        "type": "LineString",
        "coordinates": [
          [
            72.865966,
            19.074455
          ],
          [
            72.865906,
            19.074944
          ],
          [
            72.865903,
            19.07497
          ]
        ]
      }
    },
    {
      "type": "Feature",
      "properties": {
        "id": "R-0637",
        "osm_id": 1430217913,
        "name": "Sunder Nagar Road Number 2",
        "highway_type": "residential",
        "lanes": 2,
        "width_m": 7.0,
        "length_m": 66.02,
        "maxspeed_kmh": 30,
        "oneway": false,
        "bridge": false,
        "tunnel": false,
        "midpoint_grid_row": 165,
        "midpoint_grid_col": 168,
        "elevation_m": 5.49,
        "start_node": "RN-0232",
        "end_node": "RN-0334"
      },
      "geometry": {
        "type": "LineString",
        "coordinates": [
          [
            72.865903,
            19.07497
          ],
          [
            72.865866,
            19.075156
          ],
          [
            72.865819,
            19.075558
          ]
        ]
      }
    },
    {
      "type": "Feature",
      "properties": {
        "id": "R-0638",
        "osm_id": 1430217913,
        "name": "Sunder Nagar Road Number 2",
        "highway_type": "residential",
        "lanes": 2,
        "width_m": 7.0,
        "length_m": 49.67,
        "maxspeed_kmh": 30,
        "oneway": false,
        "bridge": false,
        "tunnel": false,
        "midpoint_grid_row": 174,
        "midpoint_grid_col": 167,
        "elevation_m": 7.12,
        "start_node": "RN-0334",
        "end_node": "RN-0007"
      },
      "geometry": {
        "type": "LineString",
        "coordinates": [
          [
            72.865819,
            19.075558
          ],
          [
            72.865786,
            19.075895
          ],
          [
            72.86576,
            19.075944
          ],
          [
            72.865709,
            19.075967
          ]
        ]
      }
    },
    {
      "type": "Feature",
      "properties": {
        "id": "R-0639",
        "osm_id": 1430217914,
        "name": "Santa Cruz \u2013 Chembur Link Road",
        "highway_type": "trunk",
        "lanes": 3,
        "width_m": 10.5,
        "length_m": 46.99,
        "maxspeed_kmh": 60,
        "oneway": true,
        "bridge": false,
        "tunnel": false,
        "midpoint_grid_row": 141,
        "midpoint_grid_col": 181,
        "elevation_m": 6.23,
        "start_node": "RN-0438",
        "end_node": "RN-0554"
      },
      "geometry": {
        "type": "LineString",
        "coordinates": [
          [
            72.866657,
            19.072775
          ],
          [
            72.867063,
            19.072952
          ]
        ]
      }
    },
    {
      "type": "Feature",
      "properties": {
        "id": "R-0640",
        "osm_id": 1430217914,
        "name": "Santa Cruz \u2013 Chembur Link Road",
        "highway_type": "trunk",
        "lanes": 3,
        "width_m": 10.5,
        "length_m": 48.17,
        "maxspeed_kmh": 60,
        "oneway": true,
        "bridge": false,
        "tunnel": false,
        "midpoint_grid_row": 142,
        "midpoint_grid_col": 183,
        "elevation_m": 6.82,
        "start_node": "RN-0554",
        "end_node": "RN-0555"
      },
      "geometry": {
        "type": "LineString",
        "coordinates": [
          [
            72.867063,
            19.072952
          ],
          [
            72.867289,
            19.073051
          ],
          [
            72.867479,
            19.073134
          ]
        ]
      }
    },
    {
      "type": "Feature",
      "properties": {
        "id": "R-0641",
        "osm_id": 1430217914,
        "name": "Santa Cruz \u2013 Chembur Link Road",
        "highway_type": "trunk",
        "lanes": 3,
        "width_m": 10.5,
        "length_m": 5.23,
        "maxspeed_kmh": 60,
        "oneway": true,
        "bridge": false,
        "tunnel": false,
        "midpoint_grid_row": 143,
        "midpoint_grid_col": 186,
        "elevation_m": 7.76,
        "start_node": "RN-0555",
        "end_node": "RN-0425"
      },
      "geometry": {
        "type": "LineString",
        "coordinates": [
          [
            72.867479,
            19.073134
          ],
          [
            72.867524,
            19.073154
          ]
        ]
      }
    },
    {
      "type": "Feature",
      "properties": {
        "id": "R-0642",
        "osm_id": 1430217914,
        "name": "Santa Cruz \u2013 Chembur Link Road",
        "highway_type": "trunk",
        "lanes": 3,
        "width_m": 10.5,
        "length_m": 31.69,
        "maxspeed_kmh": 60,
        "oneway": true,
        "bridge": false,
        "tunnel": false,
        "midpoint_grid_row": 144,
        "midpoint_grid_col": 188,
        "elevation_m": 6.9,
        "start_node": "RN-0425",
        "end_node": "RN-0426"
      },
      "geometry": {
        "type": "LineString",
        "coordinates": [
          [
            72.867524,
            19.073154
          ],
          [
            72.867796,
            19.073277
          ]
        ]
      }
    },
    {
      "type": "Feature",
      "properties": {
        "id": "R-0643",
        "osm_id": 1430217914,
        "name": "Santa Cruz \u2013 Chembur Link Road",
        "highway_type": "trunk",
        "lanes": 3,
        "width_m": 10.5,
        "length_m": 64.14,
        "maxspeed_kmh": 60,
        "oneway": true,
        "bridge": false,
        "tunnel": false,
        "midpoint_grid_row": 146,
        "midpoint_grid_col": 192,
        "elevation_m": 3.81,
        "start_node": "RN-0426",
        "end_node": "RN-0556"
      },
      "geometry": {
        "type": "LineString",
        "coordinates": [
          [
            72.867796,
            19.073277
          ],
          [
            72.868147,
            19.073426
          ],
          [
            72.868352,
            19.073515
          ]
        ]
      }
    },
    {
      "type": "Feature",
      "properties": {
        "id": "R-0644",
        "osm_id": 1430217914,
        "name": "Santa Cruz \u2013 Chembur Link Road",
        "highway_type": "trunk",
        "lanes": 3,
        "width_m": 10.5,
        "length_m": 49.98,
        "maxspeed_kmh": 60,
        "oneway": true,
        "bridge": false,
        "tunnel": false,
        "midpoint_grid_row": 149,
        "midpoint_grid_col": 199,
        "elevation_m": -2.09,
        "start_node": "RN-0556",
        "end_node": "RN-0345"
      },
      "geometry": {
        "type": "LineString",
        "coordinates": [
          [
            72.868352,
            19.073515
          ],
          [
            72.868785,
            19.073701
          ]
        ]
      }
    },
    {
      "type": "Feature",
      "properties": {
        "id": "R-0645",
        "osm_id": 1430217914,
        "name": "Santa Cruz \u2013 Chembur Link Road",
        "highway_type": "trunk",
        "lanes": 3,
        "width_m": 10.5,
        "length_m": 52.19,
        "maxspeed_kmh": 60,
        "oneway": true,
        "bridge": false,
        "tunnel": false,
        "midpoint_grid_row": 151,
        "midpoint_grid_col": 199,
        "elevation_m": -2.74,
        "start_node": "RN-0345",
        "end_node": "RN-0507"
      },
      "geometry": {
        "type": "LineString",
        "coordinates": [
          [
            72.868785,
            19.073701
          ],
          [
            72.869,
            19.073799
          ],
          [
            72.86919,
            19.073841
          ],
          [
            72.869247,
            19.073816
          ]
        ]
      }
    },
    {
      "type": "Feature",
      "properties": {
        "id": "R-0646",
        "osm_id": 1430217914,
        "name": "Santa Cruz \u2013 Chembur Link Road",
        "highway_type": "trunk",
        "lanes": 3,
        "width_m": 10.5,
        "length_m": 187.33,
        "maxspeed_kmh": 60,
        "oneway": true,
        "bridge": false,
        "tunnel": false,
        "midpoint_grid_row": 153,
        "midpoint_grid_col": 199,
        "elevation_m": -0.68,
        "start_node": "RN-0507",
        "end_node": "RN-0557"
      },
      "geometry": {
        "type": "LineString",
        "coordinates": [
          [
            72.869247,
            19.073816
          ],
          [
            72.86985,
            19.074079
          ],
          [
            72.870865,
            19.074523
          ]
        ]
      }
    },
    {
      "type": "Feature",
      "properties": {
        "id": "R-0647",
        "osm_id": 1430217915,
        "name": "Unnamed Residential Road",
        "highway_type": "residential",
        "lanes": 2,
        "width_m": 7.0,
        "length_m": 104.58,
        "maxspeed_kmh": 30,
        "oneway": false,
        "bridge": false,
        "tunnel": false,
        "midpoint_grid_row": 132,
        "midpoint_grid_col": 180,
        "elevation_m": 6.27,
        "start_node": "RN-0558",
        "end_node": "RN-0261"
      },
      "geometry": {
        "type": "LineString",
        "coordinates": [
          [
            72.867218,
            19.071632
          ],
          [
            72.867071,
            19.071967
          ],
          [
            72.86699,
            19.072162
          ],
          [
            72.866923,
            19.072329
          ],
          [
            72.866843,
            19.072503
          ]
        ]
      }
    },
    {
      "type": "Feature",
      "properties": {
        "id": "R-0648",
        "osm_id": 1430217915,
        "name": "Unnamed Residential Road",
        "highway_type": "residential",
        "lanes": 2,
        "width_m": 7.0,
        "length_m": 36.01,
        "maxspeed_kmh": 30,
        "oneway": false,
        "bridge": false,
        "tunnel": false,
        "midpoint_grid_row": 139,
        "midpoint_grid_col": 176,
        "elevation_m": 7.92,
        "start_node": "RN-0261",
        "end_node": "RN-0438"
      },
      "geometry": {
        "type": "LineString",
        "coordinates": [
          [
            72.866843,
            19.072503
          ],
          [
            72.866657,
            19.072775
          ]
        ]
      }
    },
    {
      "type": "Feature",
      "properties": {
        "id": "R-0649",
        "osm_id": 1441508700,
        "name": "Unnamed Tertiary Road",
        "highway_type": "tertiary",
        "lanes": 2,
        "width_m": 7.0,
        "length_m": 167.6,
        "maxspeed_kmh": 30,
        "oneway": true,
        "bridge": false,
        "tunnel": false,
        "midpoint_grid_row": 83,
        "midpoint_grid_col": 38,
        "elevation_m": 3.16,
        "start_node": "RN-0274",
        "end_node": "RN-0320"
      },
      "geometry": {
        "type": "LineString",
        "coordinates": [
          [
            72.852688,
            19.067541
          ],
          [
            72.852806,
            19.067577
          ],
          [
            72.853078,
            19.067661
          ],
          [
            72.853232,
            19.067706
          ],
          [
            72.853415,
            19.067733
          ],
          [
            72.853548,
            19.06772
          ],
          [
            72.853683,
            19.067688
          ],
          [
            72.853829,
            19.06764
          ],
          [
            72.85395,
            19.067583
          ],
          [
            72.854173,
            19.06743
          ]
        ]
      }
    },
    {
      "type": "Feature",
      "properties": {
        "id": "R-0650",
        "osm_id": 1441508700,
        "name": "Unnamed Tertiary Road",
        "highway_type": "tertiary",
        "lanes": 2,
        "width_m": 7.0,
        "length_m": 83.78,
        "maxspeed_kmh": 30,
        "oneway": true,
        "bridge": false,
        "tunnel": false,
        "midpoint_grid_row": 75,
        "midpoint_grid_col": 51,
        "elevation_m": 3.0,
        "start_node": "RN-0320",
        "end_node": "RN-0551"
      },
      "geometry": {
        "type": "LineString",
        "coordinates": [
          [
            72.854173,
            19.06743
          ],
          [
            72.854791,
            19.066954
          ]
        ]
      }
    },
    {
      "type": "Feature",
      "properties": {
        "id": "R-0651",
        "osm_id": 1442035917,
        "name": "Unnamed Tertiary Road",
        "highway_type": "tertiary",
        "lanes": 2,
        "width_m": 7.0,
        "length_m": 11.02,
        "maxspeed_kmh": 30,
        "oneway": false,
        "bridge": false,
        "tunnel": false,
        "midpoint_grid_row": 44,
        "midpoint_grid_col": 143,
        "elevation_m": 9.0,
        "start_node": "RN-0183",
        "end_node": "RN-0027"
      },
      "geometry": {
        "type": "LineString",
        "coordinates": [
          [
            72.863396,
            19.0641
          ],
          [
            72.863468,
            19.064172
          ]
        ]
      }
    },
    {
      "type": "Feature",
      "properties": {
        "id": "R-0652",
        "osm_id": 1455689769,
        "name": "Bandra Kurla Complex Road",
        "highway_type": "primary",
        "lanes": 3,
        "width_m": 10.5,
        "length_m": 23.78,
        "maxspeed_kmh": 50,
        "oneway": true,
        "bridge": false,
        "tunnel": false,
        "midpoint_grid_row": 3,
        "midpoint_grid_col": 83,
        "elevation_m": 8.36,
        "start_node": "RN-0168",
        "end_node": "RN-0406"
      },
      "geometry": {
        "type": "LineString",
        "coordinates": [
          [
            72.857619,
            19.060414
          ],
          [
            72.857828,
            19.060496
          ]
        ]
      }
    },
    {
      "type": "Feature",
      "properties": {
        "id": "R-0653",
        "osm_id": 1455689769,
        "name": "Bandra Kurla Complex Road",
        "highway_type": "primary",
        "lanes": 3,
        "width_m": 10.5,
        "length_m": 6.65,
        "maxspeed_kmh": 50,
        "oneway": true,
        "bridge": false,
        "tunnel": false,
        "midpoint_grid_row": 4,
        "midpoint_grid_col": 84,
        "elevation_m": 8.27,
        "start_node": "RN-0406",
        "end_node": "RN-0397"
      },
      "geometry": {
        "type": "LineString",
        "coordinates": [
          [
            72.857828,
            19.060496
          ],
          [
            72.857886,
            19.06052
          ]
        ]
      }
    },
    {
      "type": "Feature",
      "properties": {
        "id": "R-0654",
        "osm_id": 1455689770,
        "name": "Bandra Kurla Complex Road",
        "highway_type": "primary",
        "lanes": 3,
        "width_m": 10.5,
        "length_m": 53.28,
        "maxspeed_kmh": 50,
        "oneway": true,
        "bridge": false,
        "tunnel": false,
        "midpoint_grid_row": 2,
        "midpoint_grid_col": 85,
        "elevation_m": 9.26,
        "start_node": "RN-0522",
        "end_node": "RN-0216"
      },
      "geometry": {
        "type": "LineString",
        "coordinates": [
          [
            72.858167,
            19.060448
          ],
          [
            72.858074,
            19.060425
          ],
          [
            72.857938,
            19.06038
          ],
          [
            72.857698,
            19.06027
          ]
        ]
      }
    },
    {
      "type": "Feature",
      "properties": {
        "id": "R-0655",
        "osm_id": 1460804062,
        "name": "Unnamed Tertiary_link Road",
        "highway_type": "tertiary_link",
        "lanes": 1,
        "width_m": 3.5,
        "length_m": 14.63,
        "maxspeed_kmh": 25,
        "oneway": false,
        "bridge": false,
        "tunnel": false,
        "midpoint_grid_row": 106,
        "midpoint_grid_col": 119,
        "elevation_m": 4.13,
        "start_node": "RN-0378",
        "end_node": "RN-0381"
      },
      "geometry": {
        "type": "LineString",
        "coordinates": [
          [
            72.861052,
            19.069774
          ],
          [
            72.861191,
            19.069767
          ]
        ]
      }
    },
    {
      "type": "Feature",
      "properties": {
        "id": "R-0656",
        "osm_id": 1461786000,
        "name": "Unnamed Residential Road",
        "highway_type": "residential",
        "lanes": 2,
        "width_m": 7.0,
        "length_m": 70.42,
        "maxspeed_kmh": 30,
        "oneway": false,
        "bridge": false,
        "tunnel": false,
        "midpoint_grid_row": 136,
        "midpoint_grid_col": 139,
        "elevation_m": 5.88,
        "start_node": "RN-0234",
        "end_node": "RN-0559"
      },
      "geometry": {
        "type": "LineString",
        "coordinates": [
          [
            72.862995,
            19.072552
          ],
          [
            72.863115,
            19.072563
          ],
          [
            72.863662,
            19.072613
          ]
        ]
      }
    },
    {
      "type": "Feature",
      "properties": {
        "id": "R-0657",
        "osm_id": 1461786001,
        "name": "Unnamed Residential Road",
        "highway_type": "residential",
        "lanes": 2,
        "width_m": 7.0,
        "length_m": 47.74,
        "maxspeed_kmh": 30,
        "oneway": false,
        "bridge": false,
        "tunnel": false,
        "midpoint_grid_row": 132,
        "midpoint_grid_col": 139,
        "elevation_m": 6.88,
        "start_node": "RN-0235",
        "end_node": "RN-0560"
      },
      "geometry": {
        "type": "LineString",
        "coordinates": [
          [
            72.863101,
            19.072184
          ],
          [
            72.863149,
            19.072194
          ],
          [
            72.863543,
            19.072283
          ]
        ]
      }
    },
    {
      "type": "Feature",
      "properties": {
        "id": "R-0658",
        "osm_id": 1464529403,
        "name": "Unnamed Residential Road",
        "highway_type": "residential",
        "lanes": 2,
        "width_m": 7.0,
        "length_m": 61.56,
        "maxspeed_kmh": 30,
        "oneway": false,
        "bridge": false,
        "tunnel": false,
        "midpoint_grid_row": 134,
        "midpoint_grid_col": 188,
        "elevation_m": 4.09,
        "start_node": "RN-0260",
        "end_node": "RN-0561"
      },
      "geometry": {
        "type": "LineString",
        "coordinates": [
          [
            72.86768,
            19.072867
          ],
          [
            72.867753,
            19.07236
          ],
          [
            72.867774,
            19.072323
          ]
        ]
      }
    },
    {
      "type": "Feature",
      "properties": {
        "id": "R-0659",
        "osm_id": 1464529403,
        "name": "Unnamed Residential Road",
        "highway_type": "residential",
        "lanes": 2,
        "width_m": 7.0,
        "length_m": 44.98,
        "maxspeed_kmh": 30,
        "oneway": false,
        "bridge": false,
        "tunnel": false,
        "midpoint_grid_row": 134,
        "midpoint_grid_col": 189,
        "elevation_m": 4.01,
        "start_node": "RN-0561",
        "end_node": "RN-0562"
      },
      "geometry": {
        "type": "LineString",
        "coordinates": [
          [
            72.867774,
            19.072323
          ],
          [
            72.867831,
            19.072308
          ],
          [
            72.868193,
            19.072375
          ]
        ]
      }
    },
    {
      "type": "Feature",
      "properties": {
        "id": "R-0660",
        "osm_id": 1464529404,
        "name": "Unnamed Residential Road",
        "highway_type": "residential",
        "lanes": 2,
        "width_m": 7.0,
        "length_m": 74.15,
        "maxspeed_kmh": 30,
        "oneway": false,
        "bridge": false,
        "tunnel": false,
        "midpoint_grid_row": 129,
        "midpoint_grid_col": 186,
        "elevation_m": 5.7,
        "start_node": "RN-0561",
        "end_node": "RN-0563"
      },
      "geometry": {
        "type": "LineString",
        "coordinates": [
          [
            72.867774,
            19.072323
          ],
          [
            72.867574,
            19.071972
          ],
          [
            72.867557,
            19.071928
          ],
          [
            72.867655,
            19.071727
          ]
        ]
      }
    },
    {
      "type": "Feature",
      "properties": {
        "id": "R-0661",
        "osm_id": 1471534773,
        "name": "Unnamed Residential Road",
        "highway_type": "residential",
        "lanes": 2,
        "width_m": 7.0,
        "length_m": 105.26,
        "maxspeed_kmh": 30,
        "oneway": false,
        "bridge": false,
        "tunnel": false,
        "midpoint_grid_row": 130,
        "midpoint_grid_col": 133,
        "elevation_m": 5.72,
        "start_node": "RN-0236",
        "end_node": "RN-0564"
      },
      "geometry": {
        "type": "LineString",
        "coordinates": [
          [
            72.863138,
            19.071957
          ],
          [
            72.863005,
            19.071944
          ],
          [
            72.862589,
            19.071923
          ],
          [
            72.862543,
            19.071929
          ],
          [
            72.86252,
            19.071952
          ],
          [
            72.862496,
            19.071994
          ],
          [
            72.862491,
            19.07207
          ],
          [
            72.862502,
            19.072102
          ],
          [
            72.862528,
            19.072127
          ],
          [
            72.862556,
            19.072144
          ],
          [
            72.86269,
            19.072153
          ]
        ]
      }
    },
    {
      "type": "Feature",
      "properties": {
        "id": "R-0662",
        "osm_id": 1483242083,
        "name": "Unnamed Residential Road",
        "highway_type": "residential",
        "lanes": 2,
        "width_m": 7.0,
        "length_m": 82.24,
        "maxspeed_kmh": 30,
        "oneway": false,
        "bridge": false,
        "tunnel": false,
        "midpoint_grid_row": 195,
        "midpoint_grid_col": 33,
        "elevation_m": 1.04,
        "start_node": "RN-0565",
        "end_node": "RN-0566"
      },
      "geometry": {
        "type": "LineString",
        "coordinates": [
          [
            72.853314,
            19.077798
          ],
          [
            72.853314,
            19.07781
          ],
          [
            72.853299,
            19.077837
          ],
          [
            72.85328,
            19.077845
          ],
          [
            72.853055,
            19.077874
          ],
          [
            72.853038,
            19.077859
          ],
          [
            72.85303,
            19.077755
          ],
          [
            72.853037,
            19.077739
          ],
          [
            72.853282,
            19.077715
          ],
          [
            72.853343,
            19.077709
          ],
          [
            72.853373,
            19.077706
          ]
        ]
      }
    },
    {
      "type": "Feature",
      "properties": {
        "id": "R-0663",
        "osm_id": 1484923014,
        "name": "Unnamed Residential Road",
        "highway_type": "residential",
        "lanes": 2,
        "width_m": 7.0,
        "length_m": 18.97,
        "maxspeed_kmh": 30,
        "oneway": false,
        "bridge": false,
        "tunnel": false,
        "midpoint_grid_row": 22,
        "midpoint_grid_col": 84,
        "elevation_m": 5.6,
        "start_node": "RN-0344",
        "end_node": "RN-0567"
      },
      "geometry": {
        "type": "LineString",
        "coordinates": [
          [
            72.857821,
            19.062374
          ],
          [
            72.857909,
            19.062225
          ]
        ]
      }
    },
    {
      "type": "Feature",
      "properties": {
        "id": "R-0664",
        "osm_id": 1484923015,
        "name": "Unnamed Residential Road",
        "highway_type": "residential",
        "lanes": 2,
        "width_m": 7.0,
        "length_m": 79.87,
        "maxspeed_kmh": 30,
        "oneway": false,
        "bridge": false,
        "tunnel": false,
        "midpoint_grid_row": 22,
        "midpoint_grid_col": 84,
        "elevation_m": 5.6,
        "start_node": "RN-0567",
        "end_node": "RN-0568"
      },
      "geometry": {
        "type": "LineString",
        "coordinates": [
          [
            72.857909,
            19.062225
          ],
          [
            72.857921,
            19.062222
          ],
          [
            72.858571,
            19.062571
          ]
        ]
      }
    },
    {
      "type": "Feature",
      "properties": {
        "id": "R-0665",
        "osm_id": 1484923016,
        "name": "Unnamed Residential Road",
        "highway_type": "residential",
        "lanes": 2,
        "width_m": 7.0,
        "length_m": 21.7,
        "maxspeed_kmh": 30,
        "oneway": false,
        "bridge": false,
        "tunnel": false,
        "midpoint_grid_row": 26,
        "midpoint_grid_col": 91,
        "elevation_m": 11.46,
        "start_node": "RN-0343",
        "end_node": "RN-0568"
      },
      "geometry": {
        "type": "LineString",
        "coordinates": [
          [
            72.858466,
            19.062739
          ],
          [
            72.858571,
            19.062571
          ]
        ]
      }
    },
    {
      "type": "Feature",
      "properties": {
        "id": "R-0666",
        "osm_id": 1484923016,
        "name": "Unnamed Residential Road",
        "highway_type": "residential",
        "lanes": 2,
        "width_m": 7.0,
        "length_m": 19.62,
        "maxspeed_kmh": 30,
        "oneway": false,
        "bridge": false,
        "tunnel": false,
        "midpoint_grid_row": 26,
        "midpoint_grid_col": 92,
        "elevation_m": 11.16,
        "start_node": "RN-0568",
        "end_node": "RN-0569"
      },
      "geometry": {
        "type": "LineString",
        "coordinates": [
          [
            72.858571,
            19.062571
          ],
          [
            72.858603,
            19.062546
          ],
          [
            72.85864,
            19.062549
          ],
          [
            72.858733,
            19.062601
          ]
        ]
      }
    },
    {
      "type": "Feature",
      "properties": {
        "id": "R-0667",
        "osm_id": 1484923016,
        "name": "Unnamed Residential Road",
        "highway_type": "residential",
        "lanes": 2,
        "width_m": 7.0,
        "length_m": 39.11,
        "maxspeed_kmh": 30,
        "oneway": false,
        "bridge": false,
        "tunnel": false,
        "midpoint_grid_row": 28,
        "midpoint_grid_col": 94,
        "elevation_m": 10.65,
        "start_node": "RN-0569",
        "end_node": "RN-0341"
      },
      "geometry": {
        "type": "LineString",
        "coordinates": [
          [
            72.858733,
            19.062601
          ],
          [
            72.858818,
            19.062657
          ],
          [
            72.858829,
            19.062684
          ],
          [
            72.858823,
            19.062707
          ],
          [
            72.85872,
            19.062883
          ]
        ]
      }
    },
    {
      "type": "Feature",
      "properties": {
        "id": "R-0668",
        "osm_id": 1484923017,
        "name": "Unnamed Residential Road",
        "highway_type": "residential",
        "lanes": 2,
        "width_m": 7.0,
        "length_m": 27.27,
        "maxspeed_kmh": 30,
        "oneway": false,
        "bridge": false,
        "tunnel": false,
        "midpoint_grid_row": 27,
        "midpoint_grid_col": 93,
        "elevation_m": 11.02,
        "start_node": "RN-0342",
        "end_node": "RN-0569"
      },
      "geometry": {
        "type": "LineString",
        "coordinates": [
          [
            72.858599,
            19.062811
          ],
          [
            72.858733,
            19.062601
          ]
        ]
      }
    },
    {
      "type": "Feature",
      "properties": {
        "id": "R-0669",
        "osm_id": 1484940035,
        "name": "Unnamed Residential Road",
        "highway_type": "residential",
        "lanes": 2,
        "width_m": 7.0,
        "length_m": 139.77,
        "maxspeed_kmh": 30,
        "oneway": false,
        "bridge": false,
        "tunnel": false,
        "midpoint_grid_row": 128,
        "midpoint_grid_col": 133,
        "elevation_m": 4.41,
        "start_node": "RN-0472",
        "end_node": "RN-0473"
      },
      "geometry": {
        "type": "LineString",
        "coordinates": [
          [
            72.862005,
            19.071458
          ],
          [
            72.862056,
            19.07153
          ],
          [
            72.862151,
            19.071664
          ],
          [
            72.862176,
            19.071718
          ],
          [
            72.86218,
            19.071783
          ],
          [
            72.862196,
            19.07182
          ],
          [
            72.862235,
            19.071843
          ],
          [
            72.862273,
            19.071846
          ],
          [
            72.862388,
            19.071825
          ],
          [
            72.862497,
            19.071787
          ],
          [
            72.86253,
            19.07176
          ],
          [
            72.862539,
            19.071727
          ],
          [
            72.862529,
            19.071701
          ],
          [
            72.862496,
            19.071671
          ],
          [
            72.86248,
            19.071631
          ],
          [
            72.862476,
            19.071591
          ],
          [
            72.862497,
            19.071404
          ],
          [
            72.862498,
            19.071382
          ],
          [
            72.8625,
            19.071343
          ],
          [
            72.862484,
            19.071278
          ]
        ]
      }
    },
    {
      "type": "Feature",
      "properties": {
        "id": "R-0670",
        "osm_id": 1484941544,
        "name": "Unnamed Residential Road",
        "highway_type": "residential",
        "lanes": 2,
        "width_m": 7.0,
        "length_m": 4.31,
        "maxspeed_kmh": 30,
        "oneway": false,
        "bridge": false,
        "tunnel": false,
        "midpoint_grid_row": 125,
        "midpoint_grid_col": 138,
        "elevation_m": 4.62,
        "start_node": "RN-0238",
        "end_node": "RN-0570"
      },
      "geometry": {
        "type": "LineString",
        "coordinates": [
          [
            72.863026,
            19.071522
          ],
          [
            72.862994,
            19.071521
          ],
          [
            72.862985,
            19.071521
          ]
        ]
      }
    },
    {
      "type": "Feature",
      "properties": {
        "id": "R-0671",
        "osm_id": 1484941544,
        "name": "Unnamed Residential Road",
        "highway_type": "residential",
        "lanes": 2,
        "width_m": 7.0,
        "length_m": 18.67,
        "maxspeed_kmh": 30,
        "oneway": false,
        "bridge": false,
        "tunnel": false,
        "midpoint_grid_row": 125,
        "midpoint_grid_col": 138,
        "elevation_m": 4.62,
        "start_node": "RN-0570",
        "end_node": "RN-0571"
      },
      "geometry": {
        "type": "LineString",
        "coordinates": [
          [
            72.862985,
            19.071521
          ],
          [
            72.862975,
            19.071511
          ],
          [
            72.862966,
            19.071502
          ],
          [
            72.862816,
            19.0715
          ]
        ]
      }
    },
    {
      "type": "Feature",
      "properties": {
        "id": "R-0672",
        "osm_id": 1484941545,
        "name": "Unnamed Residential Road",
        "highway_type": "residential",
        "lanes": 2,
        "width_m": 7.0,
        "length_m": 25.06,
        "maxspeed_kmh": 30,
        "oneway": false,
        "bridge": false,
        "tunnel": false,
        "midpoint_grid_row": 126,
        "midpoint_grid_col": 138,
        "elevation_m": 5.79,
        "start_node": "RN-0570",
        "end_node": "RN-0572"
      },
      "geometry": {
        "type": "LineString",
        "coordinates": [
          [
            72.862985,
            19.071521
          ],
          [
            72.862981,
            19.071588
          ],
          [
            72.862973,
            19.071597
          ],
          [
            72.862818,
            19.071597
          ]
        ]
      }
    },
    {
      "type": "Feature",
      "properties": {
        "id": "R-0673",
        "osm_id": 1485040771,
        "name": "Unnamed Tertiary_link Road",
        "highway_type": "tertiary_link",
        "lanes": 1,
        "width_m": 3.5,
        "length_m": 14.85,
        "maxspeed_kmh": 25,
        "oneway": false,
        "bridge": false,
        "tunnel": false,
        "midpoint_grid_row": 115,
        "midpoint_grid_col": 120,
        "elevation_m": 2.41,
        "start_node": "RN-0379",
        "end_node": "RN-0380"
      },
      "geometry": {
        "type": "LineString",
        "coordinates": [
          [
            72.861182,
            19.070617
          ],
          [
            72.861322,
            19.070599
          ]
        ]
      }
    },
    {
      "type": "Feature",
      "properties": {
        "id": "R-0674",
        "osm_id": 1485040772,
        "name": "Unnamed Tertiary_link Road",
        "highway_type": "tertiary_link",
        "lanes": 1,
        "width_m": 3.5,
        "length_m": 13.99,
        "maxspeed_kmh": 25,
        "oneway": false,
        "bridge": false,
        "tunnel": false,
        "midpoint_grid_row": 84,
        "midpoint_grid_col": 115,
        "elevation_m": 8.05,
        "start_node": "RN-0377",
        "end_node": "RN-0382"
      },
      "geometry": {
        "type": "LineString",
        "coordinates": [
          [
            72.86073,
            19.067799
          ],
          [
            72.860859,
            19.067768
          ]
        ]
      }
    },
    {
      "type": "Feature",
      "properties": {
        "id": "R-0675",
        "osm_id": 1485040773,
        "name": "Unnamed Tertiary_link Road",
        "highway_type": "tertiary_link",
        "lanes": 1,
        "width_m": 3.5,
        "length_m": 14.57,
        "maxspeed_kmh": 25,
        "oneway": false,
        "bridge": false,
        "tunnel": false,
        "midpoint_grid_row": 77,
        "midpoint_grid_col": 113,
        "elevation_m": 13.34,
        "start_node": "RN-0376",
        "end_node": "RN-0383"
      },
      "geometry": {
        "type": "LineString",
        "coordinates": [
          [
            72.860535,
            19.067194
          ],
          [
            72.860666,
            19.067151
          ]
        ]
      }
    },
    {
      "type": "Feature",
      "properties": {
        "id": "R-0676",
        "osm_id": 1485049685,
        "name": "Unnamed Residential Road",
        "highway_type": "residential",
        "lanes": 2,
        "width_m": 7.0,
        "length_m": 7.65,
        "maxspeed_kmh": 30,
        "oneway": false,
        "bridge": false,
        "tunnel": false,
        "midpoint_grid_row": 40,
        "midpoint_grid_col": 58,
        "elevation_m": 1.47,
        "start_node": "RN-0100",
        "end_node": "RN-0401"
      },
      "geometry": {
        "type": "LineString",
        "coordinates": [
          [
            72.855518,
            19.063805
          ],
          [
            72.855453,
            19.063774
          ]
        ]
      }
    },
    {
      "type": "Feature",
      "properties": {
        "id": "R-0677",
        "osm_id": 1485180038,
        "name": "Unnamed Tertiary_link Road",
        "highway_type": "tertiary_link",
        "lanes": 1,
        "width_m": 3.5,
        "length_m": 6.02,
        "maxspeed_kmh": 25,
        "oneway": false,
        "bridge": false,
        "tunnel": false,
        "midpoint_grid_row": 20,
        "midpoint_grid_col": 70,
        "elevation_m": 1.91,
        "start_node": "RN-0117",
        "end_node": "RN-0452"
      },
      "geometry": {
        "type": "LineString",
        "coordinates": [
          [
            72.85658,
            19.061992
          ],
          [
            72.856531,
            19.061964
          ]
        ]
      }
    },
    {
      "type": "Feature",
      "properties": {
        "id": "R-0678",
        "osm_id": 1485180039,
        "name": "Unnamed Residential Road",
        "highway_type": "residential",
        "lanes": 2,
        "width_m": 7.0,
        "length_m": 5.42,
        "maxspeed_kmh": 30,
        "oneway": false,
        "bridge": false,
        "tunnel": false,
        "midpoint_grid_row": 23,
        "midpoint_grid_col": 69,
        "elevation_m": 1.15,
        "start_node": "RN-0453",
        "end_node": "RN-0116"
      },
      "geometry": {
        "type": "LineString",
        "coordinates": [
          [
            72.856366,
            19.06222
          ],
          [
            72.856412,
            19.062242
          ]
        ]
      }
    },
    {
      "type": "Feature",
      "properties": {
        "id": "R-0679",
        "osm_id": 1485180040,
        "name": "Unnamed Residential Road",
        "highway_type": "residential",
        "lanes": 2,
        "width_m": 7.0,
        "length_m": 5.09,
        "maxspeed_kmh": 30,
        "oneway": false,
        "bridge": false,
        "tunnel": false,
        "midpoint_grid_row": 28,
        "midpoint_grid_col": 65,
        "elevation_m": 3.11,
        "start_node": "RN-0455",
        "end_node": "RN-0114"
      },
      "geometry": {
        "type": "LineString",
        "coordinates": [
          [
            72.856031,
            19.062753
          ],
          [
            72.856076,
            19.06277
          ]
        ]
      }
    },
    {
      "type": "Feature",
      "properties": {
        "id": "R-0680",
        "osm_id": 1485266118,
        "name": "Unnamed Residential Road",
        "highway_type": "residential",
        "lanes": 2,
        "width_m": 7.0,
        "length_m": 9.77,
        "maxspeed_kmh": 30,
        "oneway": false,
        "bridge": false,
        "tunnel": false,
        "midpoint_grid_row": 78,
        "midpoint_grid_col": 20,
        "elevation_m": 1.39,
        "start_node": "RN-0189",
        "end_node": "RN-0283"
      },
      "geometry": {
        "type": "LineString",
        "coordinates": [
          [
            72.851833,
            19.067176
          ],
          [
            72.851797,
            19.067257
          ]
        ]
      }
    },
    {
      "type": "Feature",
      "properties": {
        "id": "R-0681",
        "osm_id": 1485266119,
        "name": "Unnamed Tertiary_link Road",
        "highway_type": "tertiary_link",
        "lanes": 1,
        "width_m": 3.5,
        "length_m": 7.94,
        "maxspeed_kmh": 25,
        "oneway": false,
        "bridge": false,
        "tunnel": false,
        "midpoint_grid_row": 69,
        "midpoint_grid_col": 65,
        "elevation_m": 5.24,
        "start_node": "RN-0552",
        "end_node": "RN-0550"
      },
      "geometry": {
        "type": "LineString",
        "coordinates": [
          [
            72.8561,
            19.06656
          ],
          [
            72.856085,
            19.06649
          ]
        ]
      }
    },
    {
      "type": "Feature",
      "properties": {
        "id": "R-0682",
        "osm_id": 1485266120,
        "name": "Unnamed Residential Road",
        "highway_type": "residential",
        "lanes": 2,
        "width_m": 7.0,
        "length_m": 8.3,
        "maxspeed_kmh": 30,
        "oneway": false,
        "bridge": false,
        "tunnel": false,
        "midpoint_grid_row": 69,
        "midpoint_grid_col": 71,
        "elevation_m": 8.72,
        "start_node": "RN-0549",
        "end_node": "RN-0553"
      },
      "geometry": {
        "type": "LineString",
        "coordinates": [
          [
            72.856597,
            19.06639
          ],
          [
            72.856618,
            19.066462
          ]
        ]
      }
    },
    {
      "type": "Feature",
      "properties": {
        "id": "R-0683",
        "osm_id": 1485276654,
        "name": "Sharada Devi Road",
        "highway_type": "tertiary",
        "lanes": 2,
        "width_m": 7.0,
        "length_m": 13.14,
        "maxspeed_kmh": 30,
        "oneway": false,
        "bridge": false,
        "tunnel": false,
        "midpoint_grid_row": 61,
        "midpoint_grid_col": 37,
        "elevation_m": 1.9,
        "start_node": "RN-0466",
        "end_node": "RN-0365"
      },
      "geometry": {
        "type": "LineString",
        "coordinates": [
          [
            72.853308,
            19.065637
          ],
          [
            72.853408,
            19.065708
          ]
        ]
      }
    },
    {
      "type": "Feature",
      "properties": {
        "id": "R-0684",
        "osm_id": 1485276655,
        "name": "Unnamed Tertiary Road",
        "highway_type": "tertiary",
        "lanes": 2,
        "width_m": 7.0,
        "length_m": 74.61,
        "maxspeed_kmh": 30,
        "oneway": true,
        "bridge": false,
        "tunnel": false,
        "midpoint_grid_row": 60,
        "midpoint_grid_col": 35,
        "elevation_m": 2.74,
        "start_node": "RN-0466",
        "end_node": "RN-0573"
      },
      "geometry": {
        "type": "LineString",
        "coordinates": [
          [
            72.853308,
            19.065637
          ],
          [
            72.853273,
            19.065597
          ],
          [
            72.852703,
            19.065292
          ]
        ]
      }
    },
    {
      "type": "Feature",
      "properties": {
        "id": "R-0685",
        "osm_id": 1485276655,
        "name": "Unnamed Tertiary Road",
        "highway_type": "tertiary",
        "lanes": 2,
        "width_m": 7.0,
        "length_m": 57.91,
        "maxspeed_kmh": 30,
        "oneway": true,
        "bridge": false,
        "tunnel": false,
        "midpoint_grid_row": 56,
        "midpoint_grid_col": 28,
        "elevation_m": 2.28,
        "start_node": "RN-0573",
        "end_node": "RN-0152"
      },
      "geometry": {
        "type": "LineString",
        "coordinates": [
          [
            72.852703,
            19.065292
          ],
          [
            72.85259,
            19.065231
          ],
          [
            72.852225,
            19.065033
          ]
        ]
      }
    },
    {
      "type": "Feature",
      "properties": {
        "id": "R-0686",
        "osm_id": 1485276655,
        "name": "Unnamed Tertiary Road",
        "highway_type": "tertiary",
        "lanes": 2,
        "width_m": 7.0,
        "length_m": 10.29,
        "maxspeed_kmh": 30,
        "oneway": true,
        "bridge": false,
        "tunnel": false,
        "midpoint_grid_row": 53,
        "midpoint_grid_col": 24,
        "elevation_m": 2.72,
        "start_node": "RN-0152",
        "end_node": "RN-0574"
      },
      "geometry": {
        "type": "LineString",
        "coordinates": [
          [
            72.852225,
            19.065033
          ],
          [
            72.85214,
            19.064987
          ]
        ]
      }
    },
    {
      "type": "Feature",
      "properties": {
        "id": "R-0687",
        "osm_id": 1485276655,
        "name": "Unnamed Tertiary Road",
        "highway_type": "tertiary",
        "lanes": 2,
        "width_m": 7.0,
        "length_m": 11.21,
        "maxspeed_kmh": 30,
        "oneway": true,
        "bridge": false,
        "tunnel": false,
        "midpoint_grid_row": 52,
        "midpoint_grid_col": 23,
        "elevation_m": 2.05,
        "start_node": "RN-0574",
        "end_node": "RN-0499"
      },
      "geometry": {
        "type": "LineString",
        "coordinates": [
          [
            72.85214,
            19.064987
          ],
          [
            72.852048,
            19.064936
          ]
        ]
      }
    },
    {
      "type": "Feature",
      "properties": {
        "id": "R-0688",
        "osm_id": 1485276656,
        "name": "Unnamed Tertiary_link Road",
        "highway_type": "tertiary_link",
        "lanes": 1,
        "width_m": 3.5,
        "length_m": 5.21,
        "maxspeed_kmh": 25,
        "oneway": false,
        "bridge": false,
        "tunnel": false,
        "midpoint_grid_row": 56,
        "midpoint_grid_col": 29,
        "elevation_m": 2.52,
        "start_node": "RN-0465",
        "end_node": "RN-0573"
      },
      "geometry": {
        "type": "LineString",
        "coordinates": [
          [
            72.852679,
            19.065333
          ],
          [
            72.852703,
            19.065292
          ]
        ]
      }
    },
    {
      "type": "Feature",
      "properties": {
        "id": "R-0689",
        "osm_id": 1485276657,
        "name": "Unnamed Tertiary_link Road",
        "highway_type": "tertiary_link",
        "lanes": 1,
        "width_m": 3.5,
        "length_m": 7.85,
        "maxspeed_kmh": 25,
        "oneway": false,
        "bridge": false,
        "tunnel": false,
        "midpoint_grid_row": 59,
        "midpoint_grid_col": 48,
        "elevation_m": -0.52,
        "start_node": "RN-0405",
        "end_node": "RN-0095"
      },
      "geometry": {
        "type": "LineString",
        "coordinates": [
          [
            72.854444,
            19.065468
          ],
          [
            72.854507,
            19.065506
          ]
        ]
      }
    },
    {
      "type": "Feature",
      "properties": {
        "id": "R-0690",
        "osm_id": 1485276658,
        "name": "Unnamed Tertiary_link Road",
        "highway_type": "tertiary_link",
        "lanes": 1,
        "width_m": 3.5,
        "length_m": 8.18,
        "maxspeed_kmh": 25,
        "oneway": false,
        "bridge": false,
        "tunnel": false,
        "midpoint_grid_row": 54,
        "midpoint_grid_col": 51,
        "elevation_m": 2.91,
        "start_node": "RN-0404",
        "end_node": "RN-0097"
      },
      "geometry": {
        "type": "LineString",
        "coordinates": [
          [
            72.854722,
            19.065038
          ],
          [
            72.854788,
            19.065077
          ]
        ]
      }
    },
    {
      "type": "Feature",
      "properties": {
        "id": "R-0691",
        "osm_id": 1485276659,
        "name": "Unnamed Tertiary_link Road",
        "highway_type": "tertiary_link",
        "lanes": 1,
        "width_m": 3.5,
        "length_m": 8.34,
        "maxspeed_kmh": 25,
        "oneway": false,
        "bridge": false,
        "tunnel": false,
        "midpoint_grid_row": 47,
        "midpoint_grid_col": 55,
        "elevation_m": 1.04,
        "start_node": "RN-0098",
        "end_node": "RN-0403"
      },
      "geometry": {
        "type": "LineString",
        "coordinates": [
          [
            72.855155,
            19.064448
          ],
          [
            72.855086,
            19.064411
          ]
        ]
      }
    },
    {
      "type": "Feature",
      "properties": {
        "id": "R-0692",
        "osm_id": 1485276660,
        "name": "Unnamed Tertiary_link Road",
        "highway_type": "tertiary_link",
        "lanes": 1,
        "width_m": 3.5,
        "length_m": 8.21,
        "maxspeed_kmh": 25,
        "oneway": false,
        "bridge": false,
        "tunnel": false,
        "midpoint_grid_row": 44,
        "midpoint_grid_col": 56,
        "elevation_m": 1.3,
        "start_node": "RN-0099",
        "end_node": "RN-0402"
      },
      "geometry": {
        "type": "LineString",
        "coordinates": [
          [
            72.855264,
            19.064256
          ],
          [
            72.855197,
            19.064218
          ]
        ]
      }
    },
    {
      "type": "Feature",
      "properties": {
        "id": "R-0693",
        "osm_id": 1485276661,
        "name": "Unnamed Tertiary_link Road",
        "highway_type": "tertiary_link",
        "lanes": 1,
        "width_m": 3.5,
        "length_m": 7.56,
        "maxspeed_kmh": 25,
        "oneway": false,
        "bridge": false,
        "tunnel": false,
        "midpoint_grid_row": 37,
        "midpoint_grid_col": 60,
        "elevation_m": 3.34,
        "start_node": "RN-0101",
        "end_node": "RN-0400"
      },
      "geometry": {
        "type": "LineString",
        "coordinates": [
          [
            72.855655,
            19.063554
          ],
          [
            72.855591,
            19.063523
          ]
        ]
      }
    },
    {
      "type": "Feature",
      "properties": {
        "id": "R-0694",
        "osm_id": 1485276662,
        "name": "Unnamed Tertiary_link Road",
        "highway_type": "tertiary_link",
        "lanes": 1,
        "width_m": 3.5,
        "length_m": 5.19,
        "maxspeed_kmh": 25,
        "oneway": false,
        "bridge": false,
        "tunnel": false,
        "midpoint_grid_row": 26,
        "midpoint_grid_col": 66,
        "elevation_m": 2.0,
        "start_node": "RN-0115",
        "end_node": "RN-0454"
      },
      "geometry": {
        "type": "LineString",
        "coordinates": [
          [
            72.856229,
            19.06253
          ],
          [
            72.856188,
            19.062504
          ]
        ]
      }
    },
    {
      "type": "Feature",
      "properties": {
        "id": "R-0695",
        "osm_id": 1485276663,
        "name": "Unnamed Tertiary_link Road",
        "highway_type": "tertiary_link",
        "lanes": 1,
        "width_m": 3.5,
        "length_m": 6.73,
        "maxspeed_kmh": 25,
        "oneway": false,
        "bridge": false,
        "tunnel": false,
        "midpoint_grid_row": 30,
        "midpoint_grid_col": 63,
        "elevation_m": 4.03,
        "start_node": "RN-0103",
        "end_node": "RN-0456"
      },
      "geometry": {
        "type": "LineString",
        "coordinates": [
          [
            72.855962,
            19.06298
          ],
          [
            72.855907,
            19.062949
          ]
        ]
      }
    },
    {
      "type": "Feature",
      "properties": {
        "id": "R-0696",
        "osm_id": 1485276664,
        "name": "Unnamed Primary_link Road",
        "highway_type": "primary_link",
        "lanes": 2,
        "width_m": 7.0,
        "length_m": 92.18,
        "maxspeed_kmh": 35,
        "oneway": true,
        "bridge": false,
        "tunnel": false,
        "midpoint_grid_row": 3,
        "midpoint_grid_col": 87,
        "elevation_m": 9.61,
        "start_node": "RN-0419",
        "end_node": "RN-0522"
      },
      "geometry": {
        "type": "LineString",
        "coordinates": [
          [
            72.858911,
            19.060009
          ],
          [
            72.858167,
            19.060448
          ]
        ]
      }
    },
    {
      "type": "Feature",
      "properties": {
        "id": "R-0697",
        "osm_id": 1485283986,
        "name": "Unnamed Residential Road",
        "highway_type": "residential",
        "lanes": 2,
        "width_m": 7.0,
        "length_m": 6.83,
        "maxspeed_kmh": 30,
        "oneway": false,
        "bridge": false,
        "tunnel": false,
        "midpoint_grid_row": 53,
        "midpoint_grid_col": 24,
        "elevation_m": 2.72,
        "start_node": "RN-0471",
        "end_node": "RN-0574"
      },
      "geometry": {
        "type": "LineString",
        "coordinates": [
          [
            72.852109,
            19.065041
          ],
          [
            72.85214,
            19.064987
          ]
        ]
      }
    },
    {
      "type": "Feature",
      "properties": {
        "id": "R-0698",
        "osm_id": 1485283986,
        "name": "Unnamed Residential Road",
        "highway_type": "residential",
        "lanes": 2,
        "width_m": 7.0,
        "length_m": 23.44,
        "maxspeed_kmh": 30,
        "oneway": false,
        "bridge": false,
        "tunnel": false,
        "midpoint_grid_row": 51,
        "midpoint_grid_col": 25,
        "elevation_m": 2.5,
        "start_node": "RN-0574",
        "end_node": "RN-0575"
      },
      "geometry": {
        "type": "LineString",
        "coordinates": [
          [
            72.85214,
            19.064987
          ],
          [
            72.852247,
            19.064802
          ]
        ]
      }
    },
    {
      "type": "Feature",
      "properties": {
        "id": "R-0699",
        "osm_id": 1485283986,
        "name": "Unnamed Residential Road",
        "highway_type": "residential",
        "lanes": 2,
        "width_m": 7.0,
        "length_m": 176.05,
        "maxspeed_kmh": 30,
        "oneway": false,
        "bridge": false,
        "tunnel": false,
        "midpoint_grid_row": 36,
        "midpoint_grid_col": 33,
        "elevation_m": 3.64,
        "start_node": "RN-0575",
        "end_node": "RN-0576"
      },
      "geometry": {
        "type": "LineString",
        "coordinates": [
          [
            72.852247,
            19.064802
          ],
          [
            72.853051,
            19.063413
          ]
        ]
      }
    },
    {
      "type": "Feature",
      "properties": {
        "id": "R-0700",
        "osm_id": 1485283986,
        "name": "Unnamed Residential Road",
        "highway_type": "residential",
        "lanes": 2,
        "width_m": 7.0,
        "length_m": 63.85,
        "maxspeed_kmh": 30,
        "oneway": false,
        "bridge": false,
        "tunnel": false,
        "midpoint_grid_row": 31,
        "midpoint_grid_col": 36,
        "elevation_m": 1.37,
        "start_node": "RN-0576",
        "end_node": "RN-0149"
      },
      "geometry": {
        "type": "LineString",
        "coordinates": [
          [
            72.853051,
            19.063413
          ],
          [
            72.853153,
            19.063237
          ],
          [
            72.85324,
            19.063087
          ],
          [
            72.853301,
            19.062983
          ],
          [
            72.85332,
            19.062956
          ],
          [
            72.853342,
            19.062956
          ],
          [
            72.853371,
            19.062969
          ]
        ]
      }
    },
    {
      "type": "Feature",
      "properties": {
        "id": "R-0701",
        "osm_id": 1485283987,
        "name": "Unnamed Residential Road",
        "highway_type": "residential",
        "lanes": 2,
        "width_m": 7.0,
        "length_m": 6.37,
        "maxspeed_kmh": 30,
        "oneway": false,
        "bridge": false,
        "tunnel": false,
        "midpoint_grid_row": 36,
        "midpoint_grid_col": 34,
        "elevation_m": 3.49,
        "start_node": "RN-0576",
        "end_node": "RN-0150"
      },
      "geometry": {
        "type": "LineString",
        "coordinates": [
          [
            72.853051,
            19.063413
          ],
          [
            72.853102,
            19.063444
          ]
        ]
      }
    },
    {
      "type": "Feature",
      "properties": {
        "id": "R-0702",
        "osm_id": 1485283988,
        "name": "Unnamed Residential Road",
        "highway_type": "residential",
        "lanes": 2,
        "width_m": 7.0,
        "length_m": 9.63,
        "maxspeed_kmh": 30,
        "oneway": false,
        "bridge": false,
        "tunnel": false,
        "midpoint_grid_row": 51,
        "midpoint_grid_col": 25,
        "elevation_m": 2.5,
        "start_node": "RN-0151",
        "end_node": "RN-0575"
      },
      "geometry": {
        "type": "LineString",
        "coordinates": [
          [
            72.852324,
            19.064849
          ],
          [
            72.852247,
            19.064802
          ]
        ]
      }
    },
    {
      "type": "Feature",
      "properties": {
        "id": "R-0703",
        "osm_id": 1485283989,
        "name": "Unnamed Tertiary Road",
        "highway_type": "tertiary",
        "lanes": 2,
        "width_m": 7.0,
        "length_m": 15.7,
        "maxspeed_kmh": 30,
        "oneway": true,
        "bridge": false,
        "tunnel": false,
        "midpoint_grid_row": 0,
        "midpoint_grid_col": 25,
        "elevation_m": 6.83,
        "start_node": "RN-0515",
        "end_node": "RN-0448"
      },
      "geometry": {
        "type": "LineString",
        "coordinates": [
          [
            72.852397,
            19.060106
          ],
          [
            72.852249,
            19.060125
          ]
        ]
      }
    },
    {
      "type": "Feature",
      "properties": {
        "id": "R-0704",
        "osm_id": 1485283989,
        "name": "Unnamed Tertiary Road",
        "highway_type": "tertiary",
        "lanes": 2,
        "width_m": 7.0,
        "length_m": 97.34,
        "maxspeed_kmh": 30,
        "oneway": true,
        "bridge": false,
        "tunnel": false,
        "midpoint_grid_row": 2,
        "midpoint_grid_col": 19,
        "elevation_m": 3.22,
        "start_node": "RN-0448",
        "end_node": "RN-0577"
      },
      "geometry": {
        "type": "LineString",
        "coordinates": [
          [
            72.852249,
            19.060125
          ],
          [
            72.851742,
            19.060322
          ],
          [
            72.851398,
            19.06047
          ]
        ]
      }
    },
    {
      "type": "Feature",
      "properties": {
        "id": "R-0705",
        "osm_id": 1485283990,
        "name": "Unnamed Tertiary Road",
        "highway_type": "tertiary",
        "lanes": 2,
        "width_m": 7.0,
        "length_m": 5.39,
        "maxspeed_kmh": 30,
        "oneway": true,
        "bridge": false,
        "tunnel": false,
        "midpoint_grid_row": 3,
        "midpoint_grid_col": 15,
        "elevation_m": 3.08,
        "start_node": "RN-0080",
        "end_node": "RN-0323"
      },
      "geometry": {
        "type": "LineString",
        "coordinates": [
          [
            72.851377,
            19.060467
          ],
          [
            72.851361,
            19.060471
          ],
          [
            72.851346,
            19.06048
          ],
          [
            72.851336,
            19.060493
          ]
        ]
      }
    },
    {
      "type": "Feature",
      "properties": {
        "id": "R-0706",
        "osm_id": 1485283990,
        "name": "Unnamed Tertiary Road",
        "highway_type": "tertiary",
        "lanes": 2,
        "width_m": 7.0,
        "length_m": 7.18,
        "maxspeed_kmh": 30,
        "oneway": true,
        "bridge": false,
        "tunnel": false,
        "midpoint_grid_row": 4,
        "midpoint_grid_col": 15,
        "elevation_m": 3.01,
        "start_node": "RN-0323",
        "end_node": "RN-0147"
      },
      "geometry": {
        "type": "LineString",
        "coordinates": [
          [
            72.851336,
            19.060493
          ],
          [
            72.851331,
            19.060509
          ],
          [
            72.851332,
            19.060526
          ],
          [
            72.851339,
            19.060541
          ],
          [
            72.851349,
            19.060552
          ]
        ]
      }
    },
    {
      "type": "Feature",
      "properties": {
        "id": "R-0707",
        "osm_id": 1485283990,
        "name": "Unnamed Tertiary Road",
        "highway_type": "tertiary",
        "lanes": 2,
        "width_m": 7.0,
        "length_m": 5.13,
        "maxspeed_kmh": 30,
        "oneway": true,
        "bridge": false,
        "tunnel": false,
        "midpoint_grid_row": 4,
        "midpoint_grid_col": 15,
        "elevation_m": 3.01,
        "start_node": "RN-0147",
        "end_node": "RN-0513"
      },
      "geometry": {
        "type": "LineString",
        "coordinates": [
          [
            72.851349,
            19.060552
          ],
          [
            72.851363,
            19.06056
          ],
          [
            72.851379,
            19.060563
          ],
          [
            72.851395,
            19.060561
          ]
        ]
      }
    },
    {
      "type": "Feature",
      "properties": {
        "id": "R-0708",
        "osm_id": 1485283990,
        "name": "Unnamed Tertiary Road",
        "highway_type": "tertiary",
        "lanes": 2,
        "width_m": 7.0,
        "length_m": 6.86,
        "maxspeed_kmh": 30,
        "oneway": true,
        "bridge": false,
        "tunnel": false,
        "midpoint_grid_row": 4,
        "midpoint_grid_col": 16,
        "elevation_m": 3.0,
        "start_node": "RN-0513",
        "end_node": "RN-0514"
      },
      "geometry": {
        "type": "LineString",
        "coordinates": [
          [
            72.851395,
            19.060561
          ],
          [
            72.85141,
            19.060555
          ],
          [
            72.851422,
            19.060545
          ],
          [
            72.85143,
            19.060531
          ],
          [
            72.851433,
            19.060516
          ]
        ]
      }
    },
    {
      "type": "Feature",
      "properties": {
        "id": "R-0709",
        "osm_id": 1485283990,
        "name": "Unnamed Tertiary Road",
        "highway_type": "tertiary",
        "lanes": 2,
        "width_m": 7.0,
        "length_m": 6.78,
        "maxspeed_kmh": 30,
        "oneway": true,
        "bridge": false,
        "tunnel": false,
        "midpoint_grid_row": 3,
        "midpoint_grid_col": 16,
        "elevation_m": 3.0,
        "start_node": "RN-0514",
        "end_node": "RN-0577"
      },
      "geometry": {
        "type": "LineString",
        "coordinates": [
          [
            72.851433,
            19.060516
          ],
          [
            72.851431,
            19.060501
          ],
          [
            72.851423,
            19.060486
          ],
          [
            72.851411,
            19.060475
          ],
          [
            72.851398,
            19.06047
          ]
        ]
      }
    },
    {
      "type": "Feature",
      "properties": {
        "id": "R-0710",
        "osm_id": 1485283990,
        "name": "Unnamed Tertiary Road",
        "highway_type": "tertiary",
        "lanes": 2,
        "width_m": 7.0,
        "length_m": 2.28,
        "maxspeed_kmh": 30,
        "oneway": true,
        "bridge": false,
        "tunnel": false,
        "midpoint_grid_row": 3,
        "midpoint_grid_col": 16,
        "elevation_m": 3.0,
        "start_node": "RN-0577",
        "end_node": "RN-0080"
      },
      "geometry": {
        "type": "LineString",
        "coordinates": [
          [
            72.851398,
            19.06047
          ],
          [
            72.851395,
            19.060468
          ],
          [
            72.851377,
            19.060467
          ]
        ]
      }
    },
    {
      "type": "Feature",
      "properties": {
        "id": "R-0711",
        "osm_id": 1485316176,
        "name": "Unnamed Residential Road",
        "highway_type": "residential",
        "lanes": 2,
        "width_m": 7.0,
        "length_m": 13.1,
        "maxspeed_kmh": 30,
        "oneway": false,
        "bridge": false,
        "tunnel": false,
        "midpoint_grid_row": 191,
        "midpoint_grid_col": 86,
        "elevation_m": 6.83,
        "start_node": "RN-0312",
        "end_node": "RN-0578"
      },
      "geometry": {
        "type": "LineString",
        "coordinates": [
          [
            72.85818,
            19.077494
          ],
          [
            72.8581,
            19.077542
          ],
          [
            72.858074,
            19.077556
          ]
        ]
      }
    },
    {
      "type": "Feature",
      "properties": {
        "id": "R-0712",
        "osm_id": 1485316176,
        "name": "Unnamed Residential Road",
        "highway_type": "residential",
        "lanes": 2,
        "width_m": 7.0,
        "length_m": 99.53,
        "maxspeed_kmh": 30,
        "oneway": false,
        "bridge": false,
        "tunnel": false,
        "midpoint_grid_row": 194,
        "midpoint_grid_col": 85,
        "elevation_m": 6.72,
        "start_node": "RN-0578",
        "end_node": "RN-0578"
      },
      "geometry": {
        "type": "LineString",
        "coordinates": [
          [
            72.858074,
            19.077556
          ],
          [
            72.858039,
            19.077507
          ],
          [
            72.858022,
            19.077499
          ],
          [
            72.857989,
            19.077515
          ],
          [
            72.857942,
            19.077537
          ],
          [
            72.857924,
            19.077563
          ],
          [
            72.857853,
            19.077593
          ],
          [
            72.85784,
            19.077631
          ],
          [
            72.857838,
            19.077661
          ],
          [
            72.857865,
            19.077747
          ],
          [
            72.857889,
            19.077765
          ],
          [
            72.857919,
            19.077779
          ],
          [
            72.857953,
            19.07777
          ],
          [
            72.858014,
            19.077763
          ],
          [
            72.858089,
            19.077737
          ],
          [
            72.858111,
            19.077714
          ],
          [
            72.858111,
            19.077682
          ],
          [
            72.85811,
            19.077652
          ],
          [
            72.858139,
            19.077633
          ],
          [
            72.858144,
            19.077622
          ],
          [
            72.858124,
            19.077586
          ],
          [
            72.858108,
            19.07758
          ],
          [
            72.858088,
            19.07758
          ],
          [
            72.858074,
            19.077556
          ]
        ]
      }
    },
    {
      "type": "Feature",
      "properties": {
        "id": "R-0713",
        "osm_id": 1485346468,
        "name": "Ramakrishna Paramahansa Marg",
        "highway_type": "tertiary",
        "lanes": 2,
        "width_m": 7.0,
        "length_m": 23.16,
        "maxspeed_kmh": 30,
        "oneway": true,
        "bridge": false,
        "tunnel": false,
        "midpoint_grid_row": 14,
        "midpoint_grid_col": 37,
        "elevation_m": 7.22,
        "start_node": "RN-0442",
        "end_node": "RN-0579"
      },
      "geometry": {
        "type": "LineString",
        "coordinates": [
          [
            72.853373,
            19.061378
          ],
          [
            72.853414,
            19.061418
          ],
          [
            72.853561,
            19.061481
          ]
        ]
      }
    },
    {
      "type": "Feature",
      "properties": {
        "id": "R-0714",
        "osm_id": 1485346468,
        "name": "Ramakrishna Paramahansa Marg",
        "highway_type": "tertiary",
        "lanes": 2,
        "width_m": 7.0,
        "length_m": 6.89,
        "maxspeed_kmh": 30,
        "oneway": true,
        "bridge": false,
        "tunnel": false,
        "midpoint_grid_row": 14,
        "midpoint_grid_col": 39,
        "elevation_m": 6.25,
        "start_node": "RN-0579",
        "end_node": "RN-0580"
      },
      "geometry": {
        "type": "LineString",
        "coordinates": [
          [
            72.853561,
            19.061481
          ],
          [
            72.853593,
            19.061495
          ],
          [
            72.853623,
            19.061499
          ]
        ]
      }
    },
    {
      "type": "Feature",
      "properties": {
        "id": "R-0715",
        "osm_id": 1485346468,
        "name": "Ramakrishna Paramahansa Marg",
        "highway_type": "tertiary",
        "lanes": 2,
        "width_m": 7.0,
        "length_m": 26.81,
        "maxspeed_kmh": 30,
        "oneway": true,
        "bridge": false,
        "tunnel": false,
        "midpoint_grid_row": 15,
        "midpoint_grid_col": 41,
        "elevation_m": 3.96,
        "start_node": "RN-0580",
        "end_node": "RN-0581"
      },
      "geometry": {
        "type": "LineString",
        "coordinates": [
          [
            72.853623,
            19.061499
          ],
          [
            72.853766,
            19.061522
          ],
          [
            72.853876,
            19.061526
          ]
        ]
      }
    },
    {
      "type": "Feature",
      "properties": {
        "id": "R-0716",
        "osm_id": 1485346469,
        "name": "Unnamed Tertiary Road",
        "highway_type": "tertiary",
        "lanes": 2,
        "width_m": 7.0,
        "length_m": 5.32,
        "maxspeed_kmh": 30,
        "oneway": true,
        "bridge": false,
        "tunnel": false,
        "midpoint_grid_row": 14,
        "midpoint_grid_col": 42,
        "elevation_m": 4.45,
        "start_node": "RN-0582",
        "end_node": "RN-0583"
      },
      "geometry": {
        "type": "LineString",
        "coordinates": [
          [
            72.853924,
            19.061429
          ],
          [
            72.853902,
            19.061439
          ],
          [
            72.853884,
            19.061457
          ]
        ]
      }
    },
    {
      "type": "Feature",
      "properties": {
        "id": "R-0717",
        "osm_id": 1485346469,
        "name": "Unnamed Tertiary Road",
        "highway_type": "tertiary",
        "lanes": 2,
        "width_m": 7.0,
        "length_m": 8.03,
        "maxspeed_kmh": 30,
        "oneway": true,
        "bridge": false,
        "tunnel": false,
        "midpoint_grid_row": 15,
        "midpoint_grid_col": 42,
        "elevation_m": 3.46,
        "start_node": "RN-0583",
        "end_node": "RN-0581"
      },
      "geometry": {
        "type": "LineString",
        "coordinates": [
          [
            72.853884,
            19.061457
          ],
          [
            72.853873,
            19.061479
          ],
          [
            72.85387,
            19.061503
          ],
          [
            72.853876,
            19.061526
          ]
        ]
      }
    },
    {
      "type": "Feature",
      "properties": {
        "id": "R-0718",
        "osm_id": 1485346469,
        "name": "Unnamed Tertiary Road",
        "highway_type": "tertiary",
        "lanes": 2,
        "width_m": 7.0,
        "length_m": 5.29,
        "maxspeed_kmh": 30,
        "oneway": true,
        "bridge": false,
        "tunnel": false,
        "midpoint_grid_row": 15,
        "midpoint_grid_col": 42,
        "elevation_m": 3.46,
        "start_node": "RN-0581",
        "end_node": "RN-0584"
      },
      "geometry": {
        "type": "LineString",
        "coordinates": [
          [
            72.853876,
            19.061526
          ],
          [
            72.853889,
            19.061546
          ],
          [
            72.853909,
            19.061561
          ]
        ]
      }
    },
    {
      "type": "Feature",
      "properties": {
        "id": "R-0719",
        "osm_id": 1485346469,
        "name": "Unnamed Tertiary Road",
        "highway_type": "tertiary",
        "lanes": 2,
        "width_m": 7.0,
        "length_m": 2.62,
        "maxspeed_kmh": 30,
        "oneway": true,
        "bridge": false,
        "tunnel": false,
        "midpoint_grid_row": 15,
        "midpoint_grid_col": 42,
        "elevation_m": 3.46,
        "start_node": "RN-0584",
        "end_node": "RN-0585"
      },
      "geometry": {
        "type": "LineString",
        "coordinates": [
          [
            72.853909,
            19.061561
          ],
          [
            72.853932,
            19.06157
          ]
        ]
      }
    },
    {
      "type": "Feature",
      "properties": {
        "id": "R-0720",
        "osm_id": 1485346469,
        "name": "Unnamed Tertiary Road",
        "highway_type": "tertiary",
        "lanes": 2,
        "width_m": 7.0,
        "length_m": 10.0,
        "maxspeed_kmh": 30,
        "oneway": true,
        "bridge": false,
        "tunnel": false,
        "midpoint_grid_row": 15,
        "midpoint_grid_col": 43,
        "elevation_m": 3.7,
        "start_node": "RN-0585",
        "end_node": "RN-0586"
      },
      "geometry": {
        "type": "LineString",
        "coordinates": [
          [
            72.853932,
            19.06157
          ],
          [
            72.853957,
            19.061571
          ],
          [
            72.853981,
            19.061564
          ],
          [
            72.854002,
            19.06155
          ],
          [
            72.854013,
            19.061535
          ]
        ]
      }
    },
    {
      "type": "Feature",
      "properties": {
        "id": "R-0721",
        "osm_id": 1485346469,
        "name": "Unnamed Tertiary Road",
        "highway_type": "tertiary",
        "lanes": 2,
        "width_m": 7.0,
        "length_m": 3.23,
        "maxspeed_kmh": 30,
        "oneway": true,
        "bridge": false,
        "tunnel": false,
        "midpoint_grid_row": 15,
        "midpoint_grid_col": 43,
        "elevation_m": 3.7,
        "start_node": "RN-0586",
        "end_node": "RN-0587"
      },
      "geometry": {
        "type": "LineString",
        "coordinates": [
          [
            72.854013,
            19.061535
          ],
          [
            72.854016,
            19.06153
          ],
          [
            72.854024,
            19.061508
          ]
        ]
      }
    },
    {
      "type": "Feature",
      "properties": {
        "id": "R-0722",
        "osm_id": 1485346469,
        "name": "Unnamed Tertiary Road",
        "highway_type": "tertiary",
        "lanes": 2,
        "width_m": 7.0,
        "length_m": 9.38,
        "maxspeed_kmh": 30,
        "oneway": true,
        "bridge": false,
        "tunnel": false,
        "midpoint_grid_row": 14,
        "midpoint_grid_col": 43,
        "elevation_m": 4.49,
        "start_node": "RN-0587",
        "end_node": "RN-0078"
      },
      "geometry": {
        "type": "LineString",
        "coordinates": [
          [
            72.854024,
            19.061508
          ],
          [
            72.854023,
            19.061484
          ],
          [
            72.854013,
            19.061461
          ],
          [
            72.853997,
            19.061443
          ],
          [
            72.853986,
            19.061437
          ]
        ]
      }
    },
    {
      "type": "Feature",
      "properties": {
        "id": "R-0723",
        "osm_id": 1485346469,
        "name": "Unnamed Tertiary Road",
        "highway_type": "tertiary",
        "lanes": 2,
        "width_m": 7.0,
        "length_m": 6.85,
        "maxspeed_kmh": 30,
        "oneway": true,
        "bridge": false,
        "tunnel": false,
        "midpoint_grid_row": 14,
        "midpoint_grid_col": 43,
        "elevation_m": 4.49,
        "start_node": "RN-0078",
        "end_node": "RN-0582"
      },
      "geometry": {
        "type": "LineString",
        "coordinates": [
          [
            72.853986,
            19.061437
          ],
          [
            72.853975,
            19.06143
          ],
          [
            72.85395,
            19.061425
          ],
          [
            72.853924,
            19.061429
          ]
        ]
      }
    },
    {
      "type": "Feature",
      "properties": {
        "id": "R-0724",
        "osm_id": 1485346470,
        "name": "Unnamed Residential Road",
        "highway_type": "residential",
        "lanes": 2,
        "width_m": 7.0,
        "length_m": 20.45,
        "maxspeed_kmh": 30,
        "oneway": true,
        "bridge": false,
        "tunnel": false,
        "midpoint_grid_row": 16,
        "midpoint_grid_col": 43,
        "elevation_m": 2.91,
        "start_node": "RN-0585",
        "end_node": "RN-0416"
      },
      "geometry": {
        "type": "LineString",
        "coordinates": [
          [
            72.853932,
            19.06157
          ],
          [
            72.853933,
            19.061616
          ],
          [
            72.853948,
            19.06163
          ],
          [
            72.85398,
            19.061642
          ],
          [
            72.854005,
            19.061665
          ],
          [
            72.854012,
            19.061717
          ]
        ]
      }
    },
    {
      "type": "Feature",
      "properties": {
        "id": "R-0725",
        "osm_id": 1485346470,
        "name": "Unnamed Residential Road",
        "highway_type": "residential",
        "lanes": 2,
        "width_m": 7.0,
        "length_m": 21.09,
        "maxspeed_kmh": 30,
        "oneway": true,
        "bridge": false,
        "tunnel": false,
        "midpoint_grid_row": 16,
        "midpoint_grid_col": 43,
        "elevation_m": 2.91,
        "start_node": "RN-0416",
        "end_node": "RN-0586"
      },
      "geometry": {
        "type": "LineString",
        "coordinates": [
          [
            72.854012,
            19.061717
          ],
          [
            72.85403,
            19.061638
          ],
          [
            72.854035,
            19.061606
          ],
          [
            72.854033,
            19.061565
          ],
          [
            72.854013,
            19.061535
          ]
        ]
      }
    },
    {
      "type": "Feature",
      "properties": {
        "id": "R-0726",
        "osm_id": 1485346471,
        "name": "Unnamed Tertiary Road",
        "highway_type": "tertiary",
        "lanes": 2,
        "width_m": 7.0,
        "length_m": 26.28,
        "maxspeed_kmh": 30,
        "oneway": true,
        "bridge": false,
        "tunnel": false,
        "midpoint_grid_row": 14,
        "midpoint_grid_col": 39,
        "elevation_m": 6.25,
        "start_node": "RN-0583",
        "end_node": "RN-0588"
      },
      "geometry": {
        "type": "LineString",
        "coordinates": [
          [
            72.853884,
            19.061457
          ],
          [
            72.853635,
            19.061435
          ]
        ]
      }
    },
    {
      "type": "Feature",
      "properties": {
        "id": "R-0727",
        "osm_id": 1485346471,
        "name": "Unnamed Tertiary Road",
        "highway_type": "tertiary",
        "lanes": 2,
        "width_m": 7.0,
        "length_m": 28.48,
        "maxspeed_kmh": 30,
        "oneway": true,
        "bridge": false,
        "tunnel": false,
        "midpoint_grid_row": 13,
        "midpoint_grid_col": 37,
        "elevation_m": 7.64,
        "start_node": "RN-0588",
        "end_node": "RN-0442"
      },
      "geometry": {
        "type": "LineString",
        "coordinates": [
          [
            72.853635,
            19.061435
          ],
          [
            72.853429,
            19.061377
          ],
          [
            72.853373,
            19.061378
          ]
        ]
      }
    },
    {
      "type": "Feature",
      "properties": {
        "id": "R-0728",
        "osm_id": 1485346472,
        "name": "Unnamed Tertiary_link Road",
        "highway_type": "tertiary_link",
        "lanes": 1,
        "width_m": 3.5,
        "length_m": 7.23,
        "maxspeed_kmh": 25,
        "oneway": false,
        "bridge": false,
        "tunnel": false,
        "midpoint_grid_row": 14,
        "midpoint_grid_col": 39,
        "elevation_m": 6.25,
        "start_node": "RN-0588",
        "end_node": "RN-0580"
      },
      "geometry": {
        "type": "LineString",
        "coordinates": [
          [
            72.853635,
            19.061435
          ],
          [
            72.853623,
            19.061499
          ]
        ]
      }
    },
    {
      "type": "Feature",
      "properties": {
        "id": "R-0729",
        "osm_id": 1485346473,
        "name": "Unnamed Tertiary Road",
        "highway_type": "tertiary",
        "lanes": 2,
        "width_m": 7.0,
        "length_m": 24.63,
        "maxspeed_kmh": 30,
        "oneway": true,
        "bridge": false,
        "tunnel": false,
        "midpoint_grid_row": 13,
        "midpoint_grid_col": 44,
        "elevation_m": 5.14,
        "start_node": "RN-0587",
        "end_node": "RN-0589"
      },
      "geometry": {
        "type": "LineString",
        "coordinates": [
          [
            72.854024,
            19.061508
          ],
          [
            72.85412,
            19.061391
          ],
          [
            72.85416,
            19.061328
          ]
        ]
      }
    },
    {
      "type": "Feature",
      "properties": {
        "id": "R-0730",
        "osm_id": 1485346473,
        "name": "Unnamed Tertiary Road",
        "highway_type": "tertiary",
        "lanes": 2,
        "width_m": 7.0,
        "length_m": 85.3,
        "maxspeed_kmh": 30,
        "oneway": true,
        "bridge": false,
        "tunnel": false,
        "midpoint_grid_row": 5,
        "midpoint_grid_col": 49,
        "elevation_m": 8.38,
        "start_node": "RN-0589",
        "end_node": "RN-0590"
      },
      "geometry": {
        "type": "LineString",
        "coordinates": [
          [
            72.85416,
            19.061328
          ],
          [
            72.854579,
            19.060671
          ]
        ]
      }
    },
    {
      "type": "Feature",
      "properties": {
        "id": "R-0731",
        "osm_id": 1485346473,
        "name": "Unnamed Tertiary Road",
        "highway_type": "tertiary",
        "lanes": 2,
        "width_m": 7.0,
        "length_m": 27.07,
        "maxspeed_kmh": 30,
        "oneway": true,
        "bridge": false,
        "tunnel": false,
        "midpoint_grid_row": 3,
        "midpoint_grid_col": 51,
        "elevation_m": 8.73,
        "start_node": "RN-0590",
        "end_node": "RN-0591"
      },
      "geometry": {
        "type": "LineString",
        "coordinates": [
          [
            72.854579,
            19.060671
          ],
          [
            72.854711,
            19.060462
          ]
        ]
      }
    },
    {
      "type": "Feature",
      "properties": {
        "id": "R-0732",
        "osm_id": 1485346474,
        "name": "Unnamed Tertiary Road",
        "highway_type": "tertiary",
        "lanes": 2,
        "width_m": 7.0,
        "length_m": 103.22,
        "maxspeed_kmh": 30,
        "oneway": true,
        "bridge": false,
        "tunnel": false,
        "midpoint_grid_row": 0,
        "midpoint_grid_col": 56,
        "elevation_m": 9.71,
        "start_node": "RN-0591",
        "end_node": "RN-0592"
      },
      "geometry": {
        "type": "LineString",
        "coordinates": [
          [
            72.854711,
            19.060462
          ],
          [
            72.855192,
            19.059707
          ],
          [
            72.855218,
            19.059667
          ]
        ]
      }
    },
    {
      "type": "Feature",
      "properties": {
        "id": "R-0733",
        "osm_id": 1485346475,
        "name": "Unnamed Tertiary_link Road",
        "highway_type": "tertiary_link",
        "lanes": 1,
        "width_m": 3.5,
        "length_m": 7.94,
        "maxspeed_kmh": 25,
        "oneway": false,
        "bridge": false,
        "tunnel": false,
        "midpoint_grid_row": 13,
        "midpoint_grid_col": 45,
        "elevation_m": 5.22,
        "start_node": "RN-0077",
        "end_node": "RN-0589"
      },
      "geometry": {
        "type": "LineString",
        "coordinates": [
          [
            72.854093,
            19.061295
          ],
          [
            72.85416,
            19.061328
          ]
        ]
      }
    },
    {
      "type": "Feature",
      "properties": {
        "id": "R-0734",
        "osm_id": 1485346476,
        "name": "Unnamed Residential Road",
        "highway_type": "residential",
        "lanes": 2,
        "width_m": 7.0,
        "length_m": 14.76,
        "maxspeed_kmh": 30,
        "oneway": false,
        "bridge": false,
        "tunnel": false,
        "midpoint_grid_row": 5,
        "midpoint_grid_col": 49,
        "elevation_m": 8.38,
        "start_node": "RN-0076",
        "end_node": "RN-0590"
      },
      "geometry": {
        "type": "LineString",
        "coordinates": [
          [
            72.854459,
            19.060602
          ],
          [
            72.854579,
            19.060671
          ]
        ]
      }
    },
    {
      "type": "Feature",
      "properties": {
        "id": "R-0735",
        "osm_id": 1485412383,
        "name": "Unnamed Residential Road",
        "highway_type": "residential",
        "lanes": 2,
        "width_m": 7.0,
        "length_m": 16.57,
        "maxspeed_kmh": 30,
        "oneway": false,
        "bridge": false,
        "tunnel": false,
        "midpoint_grid_row": 4,
        "midpoint_grid_col": 47,
        "elevation_m": 9.06,
        "start_node": "RN-0076",
        "end_node": "RN-0593"
      },
      "geometry": {
        "type": "LineString",
        "coordinates": [
          [
            72.854459,
            19.060602
          ],
          [
            72.854374,
            19.060554
          ],
          [
            72.854324,
            19.060525
          ]
        ]
      }
    },
    {
      "type": "Feature",
      "properties": {
        "id": "R-0736",
        "osm_id": 1485412384,
        "name": "Unnamed Residential Road",
        "highway_type": "residential",
        "lanes": 2,
        "width_m": 7.0,
        "length_m": 42.26,
        "maxspeed_kmh": 30,
        "oneway": false,
        "bridge": false,
        "tunnel": false,
        "midpoint_grid_row": 3,
        "midpoint_grid_col": 44,
        "elevation_m": 8.99,
        "start_node": "RN-0594",
        "end_node": "RN-0595"
      },
      "geometry": {
        "type": "LineString",
        "coordinates": [
          [
            72.85429,
            19.060581
          ],
          [
            72.854274,
            19.060592
          ],
          [
            72.854254,
            19.060591
          ],
          [
            72.854095,
            19.06051
          ],
          [
            72.854088,
            19.060498
          ],
          [
            72.854088,
            19.060486
          ],
          [
            72.854139,
            19.060388
          ],
          [
            72.854139,
            19.060373
          ],
          [
            72.854133,
            19.060352
          ]
        ]
      }
    },
    {
      "type": "Feature",
      "properties": {
        "id": "R-0737",
        "osm_id": 1485412384,
        "name": "Unnamed Residential Road",
        "highway_type": "residential",
        "lanes": 2,
        "width_m": 7.0,
        "length_m": 137.56,
        "maxspeed_kmh": 30,
        "oneway": false,
        "bridge": false,
        "tunnel": false,
        "midpoint_grid_row": 0,
        "midpoint_grid_col": 48,
        "elevation_m": 10.99,
        "start_node": "RN-0595",
        "end_node": "RN-0596"
      },
      "geometry": {
        "type": "LineString",
        "coordinates": [
          [
            72.854133,
            19.060352
          ],
          [
            72.854099,
            19.060282
          ],
          [
            72.854097,
            19.060268
          ],
          [
            72.854099,
            19.060255
          ],
          [
            72.854163,
            19.060155
          ],
          [
            72.854183,
            19.060144
          ],
          [
            72.854213,
            19.060145
          ],
          [
            72.854276,
            19.060181
          ],
          [
            72.854292,
            19.060183
          ],
          [
            72.854306,
            19.060177
          ],
          [
            72.854387,
            19.060104
          ],
          [
            72.854402,
            19.060094
          ],
          [
            72.854429,
            19.060088
          ],
          [
            72.854494,
            19.060089
          ],
          [
            72.8546,
            19.060157
          ],
          [
            72.854603,
            19.060174
          ],
          [
            72.8546,
            19.060189
          ],
          [
            72.854498,
            19.06035
          ],
          [
            72.854486,
            19.060356
          ],
          [
            72.854468,
            19.060356
          ],
          [
            72.854356,
            19.060292
          ],
          [
            72.854345,
            19.060292
          ],
          [
            72.854337,
            19.060299
          ],
          [
            72.854251,
            19.060413
          ]
        ]
      }
    },
    {
      "type": "Feature",
      "properties": {
        "id": "R-0738",
        "osm_id": 1485412384,
        "name": "Unnamed Residential Road",
        "highway_type": "residential",
        "lanes": 2,
        "width_m": 7.0,
        "length_m": 18.9,
        "maxspeed_kmh": 30,
        "oneway": false,
        "bridge": false,
        "tunnel": false,
        "midpoint_grid_row": 3,
        "midpoint_grid_col": 47,
        "elevation_m": 9.6,
        "start_node": "RN-0596",
        "end_node": "RN-0593"
      },
      "geometry": {
        "type": "LineString",
        "coordinates": [
          [
            72.854251,
            19.060413
          ],
          [
            72.854336,
            19.060461
          ],
          [
            72.854349,
            19.06047
          ],
          [
            72.854348,
            19.060486
          ],
          [
            72.854324,
            19.060525
          ]
        ]
      }
    },
    {
      "type": "Feature",
      "properties": {
        "id": "R-0739",
        "osm_id": 1485412384,
        "name": "Unnamed Residential Road",
        "highway_type": "residential",
        "lanes": 2,
        "width_m": 7.0,
        "length_m": 7.18,
        "maxspeed_kmh": 30,
        "oneway": false,
        "bridge": false,
        "tunnel": false,
        "midpoint_grid_row": 4,
        "midpoint_grid_col": 46,
        "elevation_m": 9.05,
        "start_node": "RN-0593",
        "end_node": "RN-0594"
      },
      "geometry": {
        "type": "LineString",
        "coordinates": [
          [
            72.854324,
            19.060525
          ],
          [
            72.85429,
            19.060581
          ]
        ]
      }
    },
    {
      "type": "Feature",
      "properties": {
        "id": "R-0740",
        "osm_id": 1485412385,
        "name": "Unnamed Residential Road",
        "highway_type": "residential",
        "lanes": 2,
        "width_m": 7.0,
        "length_m": 14.14,
        "maxspeed_kmh": 30,
        "oneway": false,
        "bridge": false,
        "tunnel": false,
        "midpoint_grid_row": 2,
        "midpoint_grid_col": 45,
        "elevation_m": 9.66,
        "start_node": "RN-0596",
        "end_node": "RN-0595"
      },
      "geometry": {
        "type": "LineString",
        "coordinates": [
          [
            72.854251,
            19.060413
          ],
          [
            72.854133,
            19.060352
          ]
        ]
      }
    },
    {
      "type": "Feature",
      "properties": {
        "id": "R-0741",
        "osm_id": 1485414896,
        "name": "Unnamed Residential Road",
        "highway_type": "residential",
        "lanes": 2,
        "width_m": 7.0,
        "length_m": 51.79,
        "maxspeed_kmh": 30,
        "oneway": false,
        "bridge": false,
        "tunnel": false,
        "midpoint_grid_row": 0,
        "midpoint_grid_col": 49,
        "elevation_m": 10.67,
        "start_node": "RN-0597",
        "end_node": "RN-0410"
      },
      "geometry": {
        "type": "LineString",
        "coordinates": [
          [
            72.854658,
            19.059838
          ],
          [
            72.854548,
            19.059998
          ],
          [
            72.854549,
            19.060012
          ],
          [
            72.854555,
            19.060022
          ],
          [
            72.854682,
            19.060086
          ],
          [
            72.854698,
            19.060094
          ],
          [
            72.854788,
            19.060139
          ]
        ]
      }
    },
    {
      "type": "Feature",
      "properties": {
        "id": "R-0742",
        "osm_id": 1485435130,
        "name": "Unnamed Residential Road",
        "highway_type": "residential",
        "lanes": 2,
        "width_m": 7.0,
        "length_m": 7.83,
        "maxspeed_kmh": 30,
        "oneway": false,
        "bridge": false,
        "tunnel": false,
        "midpoint_grid_row": 140,
        "midpoint_grid_col": 147,
        "elevation_m": 23.72,
        "start_node": "RN-0211",
        "end_node": "RN-0598"
      },
      "geometry": {
        "type": "LineString",
        "coordinates": [
          [
            72.863887,
            19.07295
          ],
          [
            72.863893,
            19.072895
          ],
          [
            72.863895,
            19.07288
          ]
        ]
      }
    },
    {
      "type": "Feature",
      "properties": {
        "id": "R-0743",
        "osm_id": 1485435130,
        "name": "Unnamed Residential Road",
        "highway_type": "residential",
        "lanes": 2,
        "width_m": 7.0,
        "length_m": 51.29,
        "maxspeed_kmh": 30,
        "oneway": false,
        "bridge": false,
        "tunnel": false,
        "midpoint_grid_row": 138,
        "midpoint_grid_col": 146,
        "elevation_m": 19.67,
        "start_node": "RN-0598",
        "end_node": "RN-0599"
      },
      "geometry": {
        "type": "LineString",
        "coordinates": [
          [
            72.863895,
            19.07288
          ],
          [
            72.863913,
            19.072724
          ],
          [
            72.863899,
            19.072703
          ],
          [
            72.863797,
            19.072689
          ],
          [
            72.863759,
            19.072696
          ],
          [
            72.863732,
            19.072722
          ],
          [
            72.863716,
            19.07283
          ]
        ]
      }
    },
    {
      "type": "Feature",
      "properties": {
        "id": "R-0744",
        "osm_id": 1485435130,
        "name": "Unnamed Residential Road",
        "highway_type": "residential",
        "lanes": 2,
        "width_m": 7.0,
        "length_m": 12.02,
        "maxspeed_kmh": 30,
        "oneway": false,
        "bridge": false,
        "tunnel": false,
        "midpoint_grid_row": 140,
        "midpoint_grid_col": 145,
        "elevation_m": 25.91,
        "start_node": "RN-0599",
        "end_node": "RN-0210"
      },
      "geometry": {
        "type": "LineString",
        "coordinates": [
          [
            72.863716,
            19.07283
          ],
          [
            72.863711,
            19.072874
          ],
          [
            72.8637,
            19.072937
          ]
        ]
      }
    },
    {
      "type": "Feature",
      "properties": {
        "id": "R-0745",
        "osm_id": 1485435131,
        "name": "Unnamed Residential Road",
        "highway_type": "residential",
        "lanes": 2,
        "width_m": 7.0,
        "length_m": 20.88,
        "maxspeed_kmh": 30,
        "oneway": false,
        "bridge": false,
        "tunnel": false,
        "midpoint_grid_row": 140,
        "midpoint_grid_col": 146,
        "elevation_m": 24.91,
        "start_node": "RN-0599",
        "end_node": "RN-0598"
      },
      "geometry": {
        "type": "LineString",
        "coordinates": [
          [
            72.863716,
            19.07283
          ],
          [
            72.863732,
            19.072842
          ],
          [
            72.863741,
            19.072851
          ],
          [
            72.863744,
            19.072863
          ],
          [
            72.863895,
            19.07288
          ]
        ]
      }
    },
    {
      "type": "Feature",
      "properties": {
        "id": "R-0746",
        "osm_id": 1485437714,
        "name": "Unnamed Residential Road",
        "highway_type": "residential",
        "lanes": 2,
        "width_m": 7.0,
        "length_m": 174.96,
        "maxspeed_kmh": 30,
        "oneway": false,
        "bridge": false,
        "tunnel": false,
        "midpoint_grid_row": 162,
        "midpoint_grid_col": 105,
        "elevation_m": 6.91,
        "start_node": "RN-0372",
        "end_node": "RN-0207"
      },
      "geometry": {
        "type": "LineString",
        "coordinates": [
          [
            72.860585,
            19.074798
          ],
          [
            72.860436,
            19.074869
          ],
          [
            72.860394,
            19.074888
          ],
          [
            72.860354,
            19.074892
          ],
          [
            72.860332,
            19.074905
          ],
          [
            72.860217,
            19.075042
          ],
          [
            72.860147,
            19.075094
          ],
          [
            72.860117,
            19.075143
          ],
          [
            72.860096,
            19.075153
          ],
          [
            72.859956,
            19.075123
          ],
          [
            72.859893,
            19.075095
          ],
          [
            72.859878,
            19.075077
          ],
          [
            72.85989,
            19.074908
          ],
          [
            72.859909,
            19.074886
          ],
          [
            72.85994,
            19.074879
          ],
          [
            72.860022,
            19.074917
          ],
          [
            72.860046,
            19.074913
          ],
          [
            72.860062,
            19.074895
          ],
          [
            72.860106,
            19.074866
          ],
          [
            72.860131,
            19.074871
          ],
          [
            72.860161,
            19.074862
          ],
          [
            72.860234,
            19.074706
          ],
          [
            72.860244,
            19.074684
          ],
          [
            72.860248,
            19.074675
          ],
          [
            72.860275,
            19.074602
          ]
        ]
      }
    },
    {
      "type": "Feature",
      "properties": {
        "id": "R-0747",
        "osm_id": 1485441584,
        "name": "Unnamed Residential Road",
        "highway_type": "residential",
        "lanes": 2,
        "width_m": 7.0,
        "length_m": 19.05,
        "maxspeed_kmh": 30,
        "oneway": false,
        "bridge": false,
        "tunnel": false,
        "midpoint_grid_row": 186,
        "midpoint_grid_col": 82,
        "elevation_m": 6.11,
        "start_node": "RN-0600",
        "end_node": "RN-0311"
      },
      "geometry": {
        "type": "LineString",
        "coordinates": [
          [
            72.857562,
            19.077136
          ],
          [
            72.85772,
            19.077052
          ]
        ]
      }
    },
    {
      "type": "Feature",
      "properties": {
        "id": "R-0748",
        "osm_id": 1485441585,
        "name": "Unnamed Residential Road",
        "highway_type": "residential",
        "lanes": 2,
        "width_m": 7.0,
        "length_m": 15.18,
        "maxspeed_kmh": 30,
        "oneway": false,
        "bridge": false,
        "tunnel": false,
        "midpoint_grid_row": 184,
        "midpoint_grid_col": 82,
        "elevation_m": 6.24,
        "start_node": "RN-0601",
        "end_node": "RN-0310"
      },
      "geometry": {
        "type": "LineString",
        "coordinates": [
          [
            72.857532,
            19.076889
          ],
          [
            72.857674,
            19.076864
          ]
        ]
      }
    },
    {
      "type": "Feature",
      "properties": {
        "id": "R-0749",
        "osm_id": 1485441586,
        "name": "Unnamed Residential Road",
        "highway_type": "residential",
        "lanes": 2,
        "width_m": 7.0,
        "length_m": 69.02,
        "maxspeed_kmh": 30,
        "oneway": false,
        "bridge": false,
        "tunnel": false,
        "midpoint_grid_row": 184,
        "midpoint_grid_col": 84,
        "elevation_m": 6.0,
        "start_node": "RN-0311",
        "end_node": "RN-0602"
      },
      "geometry": {
        "type": "LineString",
        "coordinates": [
          [
            72.85772,
            19.077052
          ],
          [
            72.8579,
            19.076967
          ],
          [
            72.857918,
            19.076942
          ],
          [
            72.857917,
            19.076906
          ],
          [
            72.857901,
            19.076835
          ],
          [
            72.857914,
            19.0768
          ],
          [
            72.857946,
            19.076787
          ],
          [
            72.858175,
            19.076739
          ]
        ]
      }
    },
    {
      "type": "Feature",
      "properties": {
        "id": "R-0750",
        "osm_id": 1485441587,
        "name": "Unnamed Residential Road",
        "highway_type": "residential",
        "lanes": 2,
        "width_m": 7.0,
        "length_m": 26.77,
        "maxspeed_kmh": 30,
        "oneway": false,
        "bridge": false,
        "tunnel": false,
        "midpoint_grid_row": 179,
        "midpoint_grid_col": 76,
        "elevation_m": 6.35,
        "start_node": "RN-0307",
        "end_node": "RN-0603"
      },
      "geometry": {
        "type": "LineString",
        "coordinates": [
          [
            72.856904,
            19.076477
          ],
          [
            72.857154,
            19.076431
          ]
        ]
      }
    },
    {
      "type": "Feature",
      "properties": {
        "id": "R-0751",
        "osm_id": 1485441587,
        "name": "Unnamed Residential Road",
        "highway_type": "residential",
        "lanes": 2,
        "width_m": 7.0,
        "length_m": 42.68,
        "maxspeed_kmh": 30,
        "oneway": false,
        "bridge": false,
        "tunnel": false,
        "midpoint_grid_row": 179,
        "midpoint_grid_col": 79,
        "elevation_m": 6.31,
        "start_node": "RN-0603",
        "end_node": "RN-0308"
      },
      "geometry": {
        "type": "LineString",
        "coordinates": [
          [
            72.857154,
            19.076431
          ],
          [
            72.85735,
            19.076395
          ],
          [
            72.857382,
            19.076403
          ],
          [
            72.857399,
            19.076415
          ],
          [
            72.857408,
            19.076441
          ],
          [
            72.857433,
            19.076555
          ]
        ]
      }
    },
    {
      "type": "Feature",
      "properties": {
        "id": "R-0752",
        "osm_id": 1485441588,
        "name": "Unnamed Residential Road",
        "highway_type": "residential",
        "lanes": 2,
        "width_m": 7.0,
        "length_m": 71.66,
        "maxspeed_kmh": 30,
        "oneway": false,
        "bridge": false,
        "tunnel": false,
        "midpoint_grid_row": 175,
        "midpoint_grid_col": 75,
        "elevation_m": 5.86,
        "start_node": "RN-0306",
        "end_node": "RN-0603"
      },
      "geometry": {
        "type": "LineString",
        "coordinates": [
          [
            72.856808,
            19.076078
          ],
          [
            72.85701,
            19.076029
          ],
          [
            72.857044,
            19.076037
          ],
          [
            72.857073,
            19.076061
          ],
          [
            72.857154,
            19.076431
          ]
        ]
      }
    },
    {
      "type": "Feature",
      "properties": {
        "id": "R-0753",
        "osm_id": 1485441589,
        "name": "Unnamed Residential Road",
        "highway_type": "residential",
        "lanes": 2,
        "width_m": 7.0,
        "length_m": 57.64,
        "maxspeed_kmh": 30,
        "oneway": false,
        "bridge": false,
        "tunnel": false,
        "midpoint_grid_row": 177,
        "midpoint_grid_col": 67,
        "elevation_m": 3.54,
        "start_node": "RN-0306",
        "end_node": "RN-0604"
      },
      "geometry": {
        "type": "LineString",
        "coordinates": [
          [
            72.856808,
            19.076078
          ],
          [
            72.856277,
            19.076208
          ]
        ]
      }
    },
    {
      "type": "Feature",
      "properties": {
        "id": "R-0754",
        "osm_id": 1485443623,
        "name": "Unnamed Residential Road",
        "highway_type": "residential",
        "lanes": 2,
        "width_m": 7.0,
        "length_m": 51.06,
        "maxspeed_kmh": 30,
        "oneway": false,
        "bridge": false,
        "tunnel": false,
        "midpoint_grid_row": 173,
        "midpoint_grid_col": 43,
        "elevation_m": 1.61,
        "start_node": "RN-0605",
        "end_node": "RN-0606"
      },
      "geometry": {
        "type": "LineString",
        "coordinates": [
          [
            72.853771,
            19.075859
          ],
          [
            72.85397,
            19.075853
          ],
          [
            72.853981,
            19.075862
          ],
          [
            72.853991,
            19.075878
          ],
          [
            72.853936,
            19.076111
          ]
        ]
      }
    },
    {
      "type": "Feature",
      "properties": {
        "id": "R-0755",
        "osm_id": 1485443624,
        "name": "Unnamed Residential Road",
        "highway_type": "residential",
        "lanes": 2,
        "width_m": 7.0,
        "length_m": 20.18,
        "maxspeed_kmh": 30,
        "oneway": false,
        "bridge": false,
        "tunnel": false,
        "midpoint_grid_row": 175,
        "midpoint_grid_col": 42,
        "elevation_m": 0.54,
        "start_node": "RN-0607",
        "end_node": "RN-0606"
      },
      "geometry": {
        "type": "LineString",
        "coordinates": [
          [
            72.853819,
            19.075981
          ],
          [
            72.853851,
            19.076057
          ],
          [
            72.853867,
            19.07608
          ],
          [
            72.853936,
            19.076111
          ]
        ]
      }
    },
    {
      "type": "Feature",
      "properties": {
        "id": "R-0756",
        "osm_id": 1485443624,
        "name": "Unnamed Residential Road",
        "highway_type": "residential",
        "lanes": 2,
        "width_m": 7.0,
        "length_m": 8.17,
        "maxspeed_kmh": 30,
        "oneway": false,
        "bridge": false,
        "tunnel": false,
        "midpoint_grid_row": 176,
        "midpoint_grid_col": 43,
        "elevation_m": 0.72,
        "start_node": "RN-0606",
        "end_node": "RN-0197"
      },
      "geometry": {
        "type": "LineString",
        "coordinates": [
          [
            72.853936,
            19.076111
          ],
          [
            72.853983,
            19.076132
          ],
          [
            72.854006,
            19.076143
          ]
        ]
      }
    },
    {
      "type": "Feature",
      "properties": {
        "id": "R-0757",
        "osm_id": 1485446141,
        "name": "Unnamed Residential Road",
        "highway_type": "residential",
        "lanes": 2,
        "width_m": 7.0,
        "length_m": 7.58,
        "maxspeed_kmh": 30,
        "oneway": false,
        "bridge": false,
        "tunnel": false,
        "midpoint_grid_row": 182,
        "midpoint_grid_col": 36,
        "elevation_m": 2.42,
        "start_node": "RN-0608",
        "end_node": "RN-0609"
      },
      "geometry": {
        "type": "LineString",
        "coordinates": [
          [
            72.853338,
            19.076755
          ],
          [
            72.85334,
            19.076716
          ],
          [
            72.853337,
            19.076687
          ]
        ]
      }
    },
    {
      "type": "Feature",
      "properties": {
        "id": "R-0758",
        "osm_id": 1485446141,
        "name": "Unnamed Residential Road",
        "highway_type": "residential",
        "lanes": 2,
        "width_m": 7.0,
        "length_m": 62.73,
        "maxspeed_kmh": 30,
        "oneway": false,
        "bridge": false,
        "tunnel": false,
        "midpoint_grid_row": 180,
        "midpoint_grid_col": 34,
        "elevation_m": 3.86,
        "start_node": "RN-0609",
        "end_node": "RN-0610"
      },
      "geometry": {
        "type": "LineString",
        "coordinates": [
          [
            72.853337,
            19.076687
          ],
          [
            72.853322,
            19.076529
          ],
          [
            72.853317,
            19.076514
          ],
          [
            72.853305,
            19.076507
          ],
          [
            72.85313,
            19.076513
          ],
          [
            72.85311,
            19.076526
          ],
          [
            72.85311,
            19.076546
          ],
          [
            72.853112,
            19.076714
          ]
        ]
      }
    },
    {
      "type": "Feature",
      "properties": {
        "id": "R-0759",
        "osm_id": 1485446141,
        "name": "Unnamed Residential Road",
        "highway_type": "residential",
        "lanes": 2,
        "width_m": 7.0,
        "length_m": 13.38,
        "maxspeed_kmh": 30,
        "oneway": false,
        "bridge": false,
        "tunnel": false,
        "midpoint_grid_row": 183,
        "midpoint_grid_col": 34,
        "elevation_m": 4.17,
        "start_node": "RN-0610",
        "end_node": "RN-0611"
      },
      "geometry": {
        "type": "LineString",
        "coordinates": [
          [
            72.853112,
            19.076714
          ],
          [
            72.853112,
            19.076758
          ],
          [
            72.853119,
            19.076834
          ]
        ]
      }
    },
    {
      "type": "Feature",
      "properties": {
        "id": "R-0760",
        "osm_id": 1485446142,
        "name": "Unnamed Residential Road",
        "highway_type": "residential",
        "lanes": 2,
        "width_m": 7.0,
        "length_m": 23.83,
        "maxspeed_kmh": 30,
        "oneway": false,
        "bridge": false,
        "tunnel": false,
        "midpoint_grid_row": 182,
        "midpoint_grid_col": 36,
        "elevation_m": 2.42,
        "start_node": "RN-0610",
        "end_node": "RN-0609"
      },
      "geometry": {
        "type": "LineString",
        "coordinates": [
          [
            72.853112,
            19.076714
          ],
          [
            72.853337,
            19.076687
          ]
        ]
      }
    },
    {
      "type": "Feature",
      "properties": {
        "id": "R-0761",
        "osm_id": 1485554822,
        "name": "Unnamed Residential Road",
        "highway_type": "residential",
        "lanes": 2,
        "width_m": 7.0,
        "length_m": 70.46,
        "maxspeed_kmh": 30,
        "oneway": false,
        "bridge": false,
        "tunnel": false,
        "midpoint_grid_row": 186,
        "midpoint_grid_col": 35,
        "elevation_m": 2.13,
        "start_node": "RN-0612",
        "end_node": "RN-0613"
      },
      "geometry": {
        "type": "LineString",
        "coordinates": [
          [
            72.852919,
            19.077154
          ],
          [
            72.852962,
            19.077167
          ],
          [
            72.853147,
            19.077226
          ],
          [
            72.853178,
            19.077222
          ],
          [
            72.853198,
            19.077207
          ],
          [
            72.853248,
            19.077083
          ],
          [
            72.85326,
            19.077048
          ],
          [
            72.853282,
            19.076942
          ],
          [
            72.853278,
            19.076923
          ],
          [
            72.853268,
            19.076905
          ],
          [
            72.853235,
            19.076888
          ]
        ]
      }
    },
    {
      "type": "Feature",
      "properties": {
        "id": "R-0762",
        "osm_id": 1485554822,
        "name": "Unnamed Residential Road",
        "highway_type": "residential",
        "lanes": 2,
        "width_m": 7.0,
        "length_m": 18.78,
        "maxspeed_kmh": 30,
        "oneway": false,
        "bridge": false,
        "tunnel": false,
        "midpoint_grid_row": 184,
        "midpoint_grid_col": 34,
        "elevation_m": 3.85,
        "start_node": "RN-0613",
        "end_node": "RN-0614"
      },
      "geometry": {
        "type": "LineString",
        "coordinates": [
          [
            72.853235,
            19.076888
          ],
          [
            72.853188,
            19.076875
          ],
          [
            72.853163,
            19.076891
          ],
          [
            72.853134,
            19.076981
          ]
        ]
      }
    },
    {
      "type": "Feature",
      "properties": {
        "id": "R-0763",
        "osm_id": 1485554823,
        "name": "Unnamed Residential Road",
        "highway_type": "residential",
        "lanes": 2,
        "width_m": 7.0,
        "length_m": 13.29,
        "maxspeed_kmh": 30,
        "oneway": false,
        "bridge": false,
        "tunnel": false,
        "midpoint_grid_row": 183,
        "midpoint_grid_col": 35,
        "elevation_m": 3.15,
        "start_node": "RN-0613",
        "end_node": "RN-0615"
      },
      "geometry": {
        "type": "LineString",
        "coordinates": [
          [
            72.853235,
            19.076888
          ],
          [
            72.853254,
            19.076815
          ],
          [
            72.85326,
            19.076771
          ]
        ]
      }
    },
    {
      "type": "Feature",
      "properties": {
        "id": "R-0764",
        "osm_id": 1485570170,
        "name": "Unnamed Residential Road",
        "highway_type": "residential",
        "lanes": 2,
        "width_m": 7.0,
        "length_m": 35.2,
        "maxspeed_kmh": 30,
        "oneway": false,
        "bridge": false,
        "tunnel": false,
        "midpoint_grid_row": 15,
        "midpoint_grid_col": 35,
        "elevation_m": 7.59,
        "start_node": "RN-0176",
        "end_node": "RN-0491"
      },
      "geometry": {
        "type": "LineString",
        "coordinates": [
          [
            72.853052,
            19.061849
          ],
          [
            72.853191,
            19.061561
          ]
        ]
      }
    },
    {
      "type": "Feature",
      "properties": {
        "id": "R-0765",
        "osm_id": 1485570170,
        "name": "Unnamed Residential Road",
        "highway_type": "residential",
        "lanes": 2,
        "width_m": 7.0,
        "length_m": 26.53,
        "maxspeed_kmh": 30,
        "oneway": false,
        "bridge": false,
        "tunnel": false,
        "midpoint_grid_row": 14,
        "midpoint_grid_col": 35,
        "elevation_m": 8.1,
        "start_node": "RN-0491",
        "end_node": "RN-0443"
      },
      "geometry": {
        "type": "LineString",
        "coordinates": [
          [
            72.853191,
            19.061561
          ],
          [
            72.853259,
            19.061419
          ],
          [
            72.853296,
            19.061344
          ]
        ]
      }
    },
    {
      "type": "Feature",
      "properties": {
        "id": "R-0766",
        "osm_id": 1485570171,
        "name": "Unnamed Residential Road",
        "highway_type": "residential",
        "lanes": 2,
        "width_m": 7.0,
        "length_m": 69.41,
        "maxspeed_kmh": 30,
        "oneway": false,
        "bridge": false,
        "tunnel": false,
        "midpoint_grid_row": 19,
        "midpoint_grid_col": 40,
        "elevation_m": -0.39,
        "start_node": "RN-0173",
        "end_node": "RN-0174"
      },
      "geometry": {
        "type": "LineString",
        "coordinates": [
          [
            72.853563,
            19.062099
          ],
          [
            72.853578,
            19.062102
          ],
          [
            72.853591,
            19.062099
          ],
          [
            72.853602,
            19.062088
          ],
          [
            72.853675,
            19.06193
          ],
          [
            72.853674,
            19.06192
          ],
          [
            72.853669,
            19.061915
          ],
          [
            72.853517,
            19.061833
          ],
          [
            72.853505,
            19.061831
          ],
          [
            72.853493,
            19.061837
          ],
          [
            72.853392,
            19.062016
          ]
        ]
      }
    },
    {
      "type": "Feature",
      "properties": {
        "id": "R-0767",
        "osm_id": 1485570172,
        "name": "Unnamed Residential Road",
        "highway_type": "residential",
        "lanes": 2,
        "width_m": 7.0,
        "length_m": 80.59,
        "maxspeed_kmh": 30,
        "oneway": false,
        "bridge": false,
        "tunnel": false,
        "midpoint_grid_row": 18,
        "midpoint_grid_col": 40,
        "elevation_m": 0.82,
        "start_node": "RN-0579",
        "end_node": "RN-0616"
      },
      "geometry": {
        "type": "LineString",
        "coordinates": [
          [
            72.853561,
            19.061481
          ],
          [
            72.853515,
            19.061573
          ],
          [
            72.853455,
            19.061693
          ],
          [
            72.853454,
            19.061708
          ],
          [
            72.853461,
            19.061719
          ],
          [
            72.853719,
            19.061858
          ],
          [
            72.853738,
            19.06186
          ],
          [
            72.85375,
            19.061853
          ],
          [
            72.853808,
            19.061744
          ],
          [
            72.853822,
            19.061719
          ]
        ]
      }
    },
    {
      "type": "Feature",
      "properties": {
        "id": "R-0768",
        "osm_id": 1485570173,
        "name": "Unnamed Residential Road",
        "highway_type": "residential",
        "lanes": 2,
        "width_m": 7.0,
        "length_m": 19.81,
        "maxspeed_kmh": 30,
        "oneway": false,
        "bridge": false,
        "tunnel": false,
        "midpoint_grid_row": 16,
        "midpoint_grid_col": 42,
        "elevation_m": 2.47,
        "start_node": "RN-0616",
        "end_node": "RN-0584"
      },
      "geometry": {
        "type": "LineString",
        "coordinates": [
          [
            72.853822,
            19.061719
          ],
          [
            72.853844,
            19.061676
          ],
          [
            72.85385,
            19.061665
          ],
          [
            72.853909,
            19.061561
          ]
        ]
      }
    },
    {
      "type": "Feature",
      "properties": {
        "id": "R-0769",
        "osm_id": 1485574789,
        "name": "Unnamed Residential Road",
        "highway_type": "residential",
        "lanes": 2,
        "width_m": 7.0,
        "length_m": 137.26,
        "maxspeed_kmh": 30,
        "oneway": false,
        "bridge": false,
        "tunnel": false,
        "midpoint_grid_row": 44,
        "midpoint_grid_col": 71,
        "elevation_m": 0.19,
        "start_node": "RN-0617",
        "end_node": "RN-0618"
      },
      "geometry": {
        "type": "LineString",
        "coordinates": [
          [
            72.856675,
            19.063831
          ],
          [
            72.856639,
            19.063902
          ],
          [
            72.856614,
            19.063979
          ],
          [
            72.856602,
            19.064057
          ],
          [
            72.856605,
            19.064099
          ],
          [
            72.856617,
            19.064138
          ],
          [
            72.856658,
            19.064191
          ],
          [
            72.856752,
            19.064267
          ],
          [
            72.85683,
            19.064328
          ],
          [
            72.857086,
            19.0646
          ],
          [
            72.857101,
            19.064623
          ],
          [
            72.857097,
            19.064654
          ],
          [
            72.856993,
            19.064843
          ]
        ]
      }
    },
    {
      "type": "Feature",
      "properties": {
        "id": "R-0770",
        "osm_id": 1485574789,
        "name": "Unnamed Residential Road",
        "highway_type": "residential",
        "lanes": 2,
        "width_m": 7.0,
        "length_m": 35.15,
        "maxspeed_kmh": 30,
        "oneway": false,
        "bridge": false,
        "tunnel": false,
        "midpoint_grid_row": 54,
        "midpoint_grid_col": 73,
        "elevation_m": 4.53,
        "start_node": "RN-0618",
        "end_node": "RN-0394"
      },
      "geometry": {
        "type": "LineString",
        "coordinates": [
          [
            72.856993,
            19.064843
          ],
          [
            72.856819,
            19.065113
          ]
        ]
      }
    },
    {
      "type": "Feature",
      "properties": {
        "id": "R-0771",
        "osm_id": 1485574789,
        "name": "Unnamed Residential Road",
        "highway_type": "residential",
        "lanes": 2,
        "width_m": 7.0,
        "length_m": 58.65,
        "maxspeed_kmh": 30,
        "oneway": false,
        "bridge": false,
        "tunnel": false,
        "midpoint_grid_row": 57,
        "midpoint_grid_col": 70,
        "elevation_m": 4.94,
        "start_node": "RN-0394",
        "end_node": "RN-0619"
      },
      "geometry": {
        "type": "LineString",
        "coordinates": [
          [
            72.856819,
            19.065113
          ],
          [
            72.856645,
            19.065383
          ],
          [
            72.856622,
            19.065392
          ],
          [
            72.856596,
            19.065386
          ],
          [
            72.856494,
            19.065295
          ],
          [
            72.856485,
            19.06527
          ],
          [
            72.856487,
            19.065267
          ]
        ]
      }
    },
    {
      "type": "Feature",
      "properties": {
        "id": "R-0772",
        "osm_id": 1485574789,
        "name": "Unnamed Residential Road",
        "highway_type": "residential",
        "lanes": 2,
        "width_m": 7.0,
        "length_m": 71.25,
        "maxspeed_kmh": 30,
        "oneway": false,
        "bridge": false,
        "tunnel": false,
        "midpoint_grid_row": 50,
        "midpoint_grid_col": 73,
        "elevation_m": 1.91,
        "start_node": "RN-0619",
        "end_node": "RN-0620"
      },
      "geometry": {
        "type": "LineString",
        "coordinates": [
          [
            72.856487,
            19.065267
          ],
          [
            72.856852,
            19.064727
          ]
        ]
      }
    },
    {
      "type": "Feature",
      "properties": {
        "id": "R-0773",
        "osm_id": 1485574790,
        "name": "Unnamed Residential Road",
        "highway_type": "residential",
        "lanes": 2,
        "width_m": 7.0,
        "length_m": 19.65,
        "maxspeed_kmh": 30,
        "oneway": false,
        "bridge": false,
        "tunnel": false,
        "midpoint_grid_row": 50,
        "midpoint_grid_col": 73,
        "elevation_m": 1.91,
        "start_node": "RN-0618",
        "end_node": "RN-0620"
      },
      "geometry": {
        "type": "LineString",
        "coordinates": [
          [
            72.856993,
            19.064843
          ],
          [
            72.856852,
            19.064727
          ]
        ]
      }
    },
    {
      "type": "Feature",
      "properties": {
        "id": "R-0774",
        "osm_id": 1485574790,
        "name": "Unnamed Residential Road",
        "highway_type": "residential",
        "lanes": 2,
        "width_m": 7.0,
        "length_m": 19.95,
        "maxspeed_kmh": 30,
        "oneway": false,
        "bridge": false,
        "tunnel": false,
        "midpoint_grid_row": 49,
        "midpoint_grid_col": 72,
        "elevation_m": 1.3,
        "start_node": "RN-0620",
        "end_node": "RN-0621"
      },
      "geometry": {
        "type": "LineString",
        "coordinates": [
          [
            72.856852,
            19.064727
          ],
          [
            72.856709,
            19.064609
          ]
        ]
      }
    },
    {
      "type": "Feature",
      "properties": {
        "id": "R-0775",
        "osm_id": 1485574790,
        "name": "Unnamed Residential Road",
        "highway_type": "residential",
        "lanes": 2,
        "width_m": 7.0,
        "length_m": 68.64,
        "maxspeed_kmh": 30,
        "oneway": false,
        "bridge": false,
        "tunnel": false,
        "midpoint_grid_row": 44,
        "midpoint_grid_col": 66,
        "elevation_m": 2.78,
        "start_node": "RN-0621",
        "end_node": "RN-0510"
      },
      "geometry": {
        "type": "LineString",
        "coordinates": [
          [
            72.856709,
            19.064609
          ],
          [
            72.856217,
            19.064203
          ]
        ]
      }
    },
    {
      "type": "Feature",
      "properties": {
        "id": "R-0776",
        "osm_id": 1485574791,
        "name": "Unnamed Residential Road",
        "highway_type": "residential",
        "lanes": 2,
        "width_m": 7.0,
        "length_m": 32.91,
        "maxspeed_kmh": 30,
        "oneway": false,
        "bridge": false,
        "tunnel": false,
        "midpoint_grid_row": 55,
        "midpoint_grid_col": 68,
        "elevation_m": 3.02,
        "start_node": "RN-0619",
        "end_node": "RN-0622"
      },
      "geometry": {
        "type": "LineString",
        "coordinates": [
          [
            72.856487,
            19.065267
          ],
          [
            72.856465,
            19.065244
          ],
          [
            72.856349,
            19.065168
          ],
          [
            72.856346,
            19.065157
          ],
          [
            72.856349,
            19.065144
          ],
          [
            72.85641,
            19.065054
          ]
        ]
      }
    },
    {
      "type": "Feature",
      "properties": {
        "id": "R-0777",
        "osm_id": 1485574791,
        "name": "Unnamed Residential Road",
        "highway_type": "residential",
        "lanes": 2,
        "width_m": 7.0,
        "length_m": 58.62,
        "maxspeed_kmh": 30,
        "oneway": false,
        "bridge": false,
        "tunnel": false,
        "midpoint_grid_row": 49,
        "midpoint_grid_col": 72,
        "elevation_m": 1.3,
        "start_node": "RN-0622",
        "end_node": "RN-0621"
      },
      "geometry": {
        "type": "LineString",
        "coordinates": [
          [
            72.85641,
            19.065054
          ],
          [
            72.856709,
            19.064609
          ]
        ]
      }
    },
    {
      "type": "Feature",
      "properties": {
        "id": "R-0778",
        "osm_id": 1485574792,
        "name": "Unnamed Residential Road",
        "highway_type": "residential",
        "lanes": 2,
        "width_m": 7.0,
        "length_m": 27.92,
        "maxspeed_kmh": 30,
        "oneway": false,
        "bridge": false,
        "tunnel": false,
        "midpoint_grid_row": 42,
        "midpoint_grid_col": 62,
        "elevation_m": 1.44,
        "start_node": "RN-0508",
        "end_node": "RN-0623"
      },
      "geometry": {
        "type": "LineString",
        "coordinates": [
          [
            72.855823,
            19.063969
          ],
          [
            72.855811,
            19.064005
          ],
          [
            72.855814,
            19.06402
          ],
          [
            72.855973,
            19.064149
          ]
        ]
      }
    },
    {
      "type": "Feature",
      "properties": {
        "id": "R-0779",
        "osm_id": 1485574792,
        "name": "Unnamed Residential Road",
        "highway_type": "residential",
        "lanes": 2,
        "width_m": 7.0,
        "length_m": 135.7,
        "maxspeed_kmh": 30,
        "oneway": false,
        "bridge": false,
        "tunnel": false,
        "midpoint_grid_row": 49,
        "midpoint_grid_col": 68,
        "elevation_m": 0.91,
        "start_node": "RN-0623",
        "end_node": "RN-0622"
      },
      "geometry": {
        "type": "LineString",
        "coordinates": [
          [
            72.855973,
            19.064149
          ],
          [
            72.855929,
            19.064214
          ],
          [
            72.85593,
            19.064235
          ],
          [
            72.855939,
            19.064247
          ],
          [
            72.856181,
            19.064445
          ],
          [
            72.856381,
            19.0646
          ],
          [
            72.856394,
            19.064623
          ],
          [
            72.856393,
            19.064649
          ],
          [
            72.856254,
            19.064899
          ],
          [
            72.856252,
            19.064921
          ],
          [
            72.856261,
            19.064946
          ],
          [
            72.85641,
            19.065054
          ]
        ]
      }
    },
    {
      "type": "Feature",
      "properties": {
        "id": "R-0780",
        "osm_id": 1485576905,
        "name": "Unnamed Residential Road",
        "highway_type": "residential",
        "lanes": 2,
        "width_m": 7.0,
        "length_m": 15.81,
        "maxspeed_kmh": 30,
        "oneway": false,
        "bridge": false,
        "tunnel": false,
        "midpoint_grid_row": 161,
        "midpoint_grid_col": 121,
        "elevation_m": 31.43,
        "start_node": "RN-0338",
        "end_node": "RN-0624"
      },
      "geometry": {
        "type": "LineString",
        "coordinates": [
          [
            72.86146,
            19.074745
          ],
          [
            72.861376,
            19.074766
          ],
          [
            72.861315,
            19.074783
          ]
        ]
      }
    },
    {
      "type": "Feature",
      "properties": {
        "id": "R-0781",
        "osm_id": 1485576905,
        "name": "Unnamed Residential Road",
        "highway_type": "residential",
        "lanes": 2,
        "width_m": 7.0,
        "length_m": 164.96,
        "maxspeed_kmh": 30,
        "oneway": false,
        "bridge": false,
        "tunnel": false,
        "midpoint_grid_row": 165,
        "midpoint_grid_col": 118,
        "elevation_m": 21.83,
        "start_node": "RN-0624",
        "end_node": "RN-0624"
      },
      "geometry": {
        "type": "LineString",
        "coordinates": [
          [
            72.861315,
            19.074783
          ],
          [
            72.861289,
            19.07472
          ],
          [
            72.861244,
            19.074706
          ],
          [
            72.861108,
            19.074703
          ],
          [
            72.861079,
            19.074723
          ],
          [
            72.861075,
            19.075176
          ],
          [
            72.861094,
            19.075205
          ],
          [
            72.861194,
            19.075292
          ],
          [
            72.861279,
            19.075287
          ],
          [
            72.861302,
            19.075263
          ],
          [
            72.861315,
            19.074783
          ]
        ]
      }
    },
    {
      "type": "Feature",
      "properties": {
        "id": "R-0782",
        "osm_id": 1485577894,
        "name": "Unnamed Secondary Road",
        "highway_type": "secondary",
        "lanes": 2,
        "width_m": 7.0,
        "length_m": 91.26,
        "maxspeed_kmh": 40,
        "oneway": true,
        "bridge": false,
        "tunnel": false,
        "midpoint_grid_row": 191,
        "midpoint_grid_col": 131,
        "elevation_m": 2.0,
        "start_node": "RN-0014",
        "end_node": "RN-0369"
      },
      "geometry": {
        "type": "LineString",
        "coordinates": [
          [
            72.861811,
            19.07686
          ],
          [
            72.862311,
            19.077531
          ]
        ]
      }
    },
    {
      "type": "Feature",
      "properties": {
        "id": "R-0783",
        "osm_id": 1485577895,
        "name": "Unnamed Secondary_link Road",
        "highway_type": "secondary_link",
        "lanes": 1,
        "width_m": 3.5,
        "length_m": 29.37,
        "maxspeed_kmh": 30,
        "oneway": true,
        "bridge": false,
        "tunnel": false,
        "midpoint_grid_row": 194,
        "midpoint_grid_col": 131,
        "elevation_m": 2.0,
        "start_node": "RN-0370",
        "end_node": "RN-0625"
      },
      "geometry": {
        "type": "LineString",
        "coordinates": [
          [
            72.86235,
            19.077586
          ],
          [
            72.862332,
            19.07768
          ],
          [
            72.86232,
            19.077744
          ],
          [
            72.862312,
            19.077776
          ],
          [
            72.862276,
            19.077838
          ]
        ]
      }
    },
    {
      "type": "Feature",
      "properties": {
        "id": "R-0784",
        "osm_id": 1485579505,
        "name": "Unnamed Residential Road",
        "highway_type": "residential",
        "lanes": 2,
        "width_m": 7.0,
        "length_m": 14.36,
        "maxspeed_kmh": 30,
        "oneway": false,
        "bridge": false,
        "tunnel": false,
        "midpoint_grid_row": 144,
        "midpoint_grid_col": 117,
        "elevation_m": 4.0,
        "start_node": "RN-0531",
        "end_node": "RN-0626"
      },
      "geometry": {
        "type": "LineString",
        "coordinates": [
          [
            72.860961,
            19.07328
          ],
          [
            72.861048,
            19.073293
          ],
          [
            72.861096,
            19.0733
          ]
        ]
      }
    },
    {
      "type": "Feature",
      "properties": {
        "id": "R-0785",
        "osm_id": 1485579505,
        "name": "Unnamed Residential Road",
        "highway_type": "residential",
        "lanes": 2,
        "width_m": 7.0,
        "length_m": 37.26,
        "maxspeed_kmh": 30,
        "oneway": false,
        "bridge": false,
        "tunnel": false,
        "midpoint_grid_row": 147,
        "midpoint_grid_col": 118,
        "elevation_m": 4.09,
        "start_node": "RN-0626",
        "end_node": "RN-0627"
      },
      "geometry": {
        "type": "LineString",
        "coordinates": [
          [
            72.861096,
            19.0733
          ],
          [
            72.861071,
            19.073455
          ],
          [
            72.861095,
            19.073485
          ],
          [
            72.86124,
            19.073517
          ]
        ]
      }
    },
    {
      "type": "Feature",
      "properties": {
        "id": "R-0786",
        "osm_id": 1485579506,
        "name": "Unnamed Residential Road",
        "highway_type": "residential",
        "lanes": 2,
        "width_m": 7.0,
        "length_m": 15.57,
        "maxspeed_kmh": 30,
        "oneway": false,
        "bridge": false,
        "tunnel": false,
        "midpoint_grid_row": 143,
        "midpoint_grid_col": 118,
        "elevation_m": 4.0,
        "start_node": "RN-0626",
        "end_node": "RN-0628"
      },
      "geometry": {
        "type": "LineString",
        "coordinates": [
          [
            72.861096,
            19.0733
          ],
          [
            72.861121,
            19.073162
          ]
        ]
      }
    },
    {
      "type": "Feature",
      "properties": {
        "id": "R-0787",
        "osm_id": 1485581363,
        "name": "Unnamed Residential Road",
        "highway_type": "residential",
        "lanes": 2,
        "width_m": 7.0,
        "length_m": 11.11,
        "maxspeed_kmh": 30,
        "oneway": false,
        "bridge": false,
        "tunnel": false,
        "midpoint_grid_row": 159,
        "midpoint_grid_col": 108,
        "elevation_m": 5.14,
        "start_node": "RN-0206",
        "end_node": "RN-0629"
      },
      "geometry": {
        "type": "LineString",
        "coordinates": [
          [
            72.86017,
            19.074572
          ],
          [
            72.860153,
            19.074644
          ],
          [
            72.86015,
            19.07467
          ]
        ]
      }
    },
    {
      "type": "Feature",
      "properties": {
        "id": "R-0788",
        "osm_id": 1485581363,
        "name": "Unnamed Residential Road",
        "highway_type": "residential",
        "lanes": 2,
        "width_m": 7.0,
        "length_m": 47.2,
        "maxspeed_kmh": 30,
        "oneway": false,
        "bridge": false,
        "tunnel": false,
        "midpoint_grid_row": 161,
        "midpoint_grid_col": 105,
        "elevation_m": 6.35,
        "start_node": "RN-0629",
        "end_node": "RN-0630"
      },
      "geometry": {
        "type": "LineString",
        "coordinates": [
          [
            72.86015,
            19.07467
          ],
          [
            72.860124,
            19.074775
          ],
          [
            72.860101,
            19.074795
          ],
          [
            72.859888,
            19.074811
          ],
          [
            72.85986,
            19.074796
          ],
          [
            72.85985,
            19.07478
          ],
          [
            72.859846,
            19.074744
          ]
        ]
      }
    },
    {
      "type": "Feature",
      "properties": {
        "id": "R-0789",
        "osm_id": 1485581364,
        "name": "Unnamed Residential Road",
        "highway_type": "residential",
        "lanes": 2,
        "width_m": 7.0,
        "length_m": 29.95,
        "maxspeed_kmh": 30,
        "oneway": false,
        "bridge": false,
        "tunnel": false,
        "midpoint_grid_row": 160,
        "midpoint_grid_col": 107,
        "elevation_m": 6.02,
        "start_node": "RN-0631",
        "end_node": "RN-0629"
      },
      "geometry": {
        "type": "LineString",
        "coordinates": [
          [
            72.859866,
            19.074692
          ],
          [
            72.860094,
            19.074674
          ],
          [
            72.86015,
            19.07467
          ]
        ]
      }
    },
    {
      "type": "Feature",
      "properties": {
        "id": "R-0790",
        "osm_id": 1485581843,
        "name": "Unnamed Residential Road",
        "highway_type": "residential",
        "lanes": 2,
        "width_m": 7.0,
        "length_m": 44.79,
        "maxspeed_kmh": 30,
        "oneway": false,
        "bridge": false,
        "tunnel": false,
        "midpoint_grid_row": 195,
        "midpoint_grid_col": 55,
        "elevation_m": 3.63,
        "start_node": "RN-0480",
        "end_node": "RN-0632"
      },
      "geometry": {
        "type": "LineString",
        "coordinates": [
          [
            72.855215,
            19.07794
          ],
          [
            72.855114,
            19.077888
          ],
          [
            72.854803,
            19.077878
          ]
        ]
      }
    },
    {
      "type": "Feature",
      "properties": {
        "id": "R-0791",
        "osm_id": 1485581843,
        "name": "Unnamed Residential Road",
        "highway_type": "residential",
        "lanes": 2,
        "width_m": 7.0,
        "length_m": 128.25,
        "maxspeed_kmh": 30,
        "oneway": false,
        "bridge": false,
        "tunnel": false,
        "midpoint_grid_row": 191,
        "midpoint_grid_col": 49,
        "elevation_m": 3.18,
        "start_node": "RN-0632",
        "end_node": "RN-0632"
      },
      "geometry": {
        "type": "LineString",
        "coordinates": [
          [
            72.854803,
            19.077878
          ],
          [
            72.854642,
            19.077873
          ],
          [
            72.854616,
            19.077864
          ],
          [
            72.854602,
            19.077849
          ],
          [
            72.854574,
            19.077496
          ],
          [
            72.854581,
            19.077482
          ],
          [
            72.854595,
            19.077474
          ],
          [
            72.854735,
            19.077475
          ],
          [
            72.854762,
            19.077484
          ],
          [
            72.854792,
            19.077506
          ],
          [
            72.854808,
            19.077547
          ],
          [
            72.854803,
            19.077878
          ]
        ]
      }
    },
    {
      "type": "Feature",
      "properties": {
        "id": "R-0792",
        "osm_id": 1485581844,
        "name": "Unnamed Residential Road",
        "highway_type": "residential",
        "lanes": 2,
        "width_m": 7.0,
        "length_m": 103.41,
        "maxspeed_kmh": 30,
        "oneway": false,
        "bridge": false,
        "tunnel": false,
        "midpoint_grid_row": 192,
        "midpoint_grid_col": 49,
        "elevation_m": 3.12,
        "start_node": "RN-0633",
        "end_node": "RN-0634"
      },
      "geometry": {
        "type": "LineString",
        "coordinates": [
          [
            72.854357,
            19.077761
          ],
          [
            72.854368,
            19.07787
          ],
          [
            72.854374,
            19.077881
          ],
          [
            72.854384,
            19.077886
          ],
          [
            72.85454,
            19.077882
          ],
          [
            72.854551,
            19.077879
          ],
          [
            72.85456,
            19.077869
          ],
          [
            72.854577,
            19.077763
          ],
          [
            72.854549,
            19.077628
          ],
          [
            72.854544,
            19.077612
          ],
          [
            72.854531,
            19.077606
          ],
          [
            72.85432,
            19.077569
          ],
          [
            72.854307,
            19.077576
          ],
          [
            72.854303,
            19.077587
          ],
          [
            72.854287,
            19.077701
          ],
          [
            72.854289,
            19.077708
          ]
        ]
      }
    },
    {
      "type": "Feature",
      "properties": {
        "id": "R-0793",
        "osm_id": 1485581844,
        "name": "Unnamed Residential Road",
        "highway_type": "residential",
        "lanes": 2,
        "width_m": 7.0,
        "length_m": 10.6,
        "maxspeed_kmh": 30,
        "oneway": false,
        "bridge": false,
        "tunnel": false,
        "midpoint_grid_row": 193,
        "midpoint_grid_col": 47,
        "elevation_m": 3.99,
        "start_node": "RN-0634",
        "end_node": "RN-0633"
      },
      "geometry": {
        "type": "LineString",
        "coordinates": [
          [
            72.854289,
            19.077708
          ],
          [
            72.854296,
            19.077711
          ],
          [
            72.854339,
            19.077724
          ],
          [
            72.854348,
            19.077728
          ],
          [
            72.854355,
            19.077734
          ],
          [
            72.854357,
            19.077761
          ]
        ]
      }
    },
    {
      "type": "Feature",
      "properties": {
        "id": "R-0794",
        "osm_id": 1485581845,
        "name": "Unnamed Residential Road",
        "highway_type": "residential",
        "lanes": 2,
        "width_m": 7.0,
        "length_m": 7.68,
        "maxspeed_kmh": 30,
        "oneway": false,
        "bridge": false,
        "tunnel": false,
        "midpoint_grid_row": 194,
        "midpoint_grid_col": 46,
        "elevation_m": 4.62,
        "start_node": "RN-0484",
        "end_node": "RN-0633"
      },
      "geometry": {
        "type": "LineString",
        "coordinates": [
          [
            72.854285,
            19.07775
          ],
          [
            72.854306,
            19.077751
          ],
          [
            72.854357,
            19.077761
          ]
        ]
      }
    },
    {
      "type": "Feature",
      "properties": {
        "id": "R-0795",
        "osm_id": 1485581846,
        "name": "Unnamed Residential Road",
        "highway_type": "residential",
        "lanes": 2,
        "width_m": 7.0,
        "length_m": 7.2,
        "maxspeed_kmh": 30,
        "oneway": false,
        "bridge": false,
        "tunnel": false,
        "midpoint_grid_row": 193,
        "midpoint_grid_col": 46,
        "elevation_m": 4.2,
        "start_node": "RN-0483",
        "end_node": "RN-0634"
      },
      "geometry": {
        "type": "LineString",
        "coordinates": [
          [
            72.854236,
            19.077749
          ],
          [
            72.854273,
            19.07772
          ],
          [
            72.854289,
            19.077708
          ]
        ]
      }
    },
    {
      "type": "Feature",
      "properties": {
        "id": "R-0796",
        "osm_id": 1485587970,
        "name": "Unnamed Residential Road",
        "highway_type": "residential",
        "lanes": 2,
        "width_m": 7.0,
        "length_m": 5.54,
        "maxspeed_kmh": 30,
        "oneway": false,
        "bridge": false,
        "tunnel": false,
        "midpoint_grid_row": 186,
        "midpoint_grid_col": 32,
        "elevation_m": 4.22,
        "start_node": "RN-0635",
        "end_node": "RN-0636"
      },
      "geometry": {
        "type": "LineString",
        "coordinates": [
          [
            72.852957,
            19.077057
          ],
          [
            72.852931,
            19.077053
          ],
          [
            72.852905,
            19.077049
          ]
        ]
      }
    },
    {
      "type": "Feature",
      "properties": {
        "id": "R-0797",
        "osm_id": 1485587970,
        "name": "Unnamed Residential Road",
        "highway_type": "residential",
        "lanes": 2,
        "width_m": 7.0,
        "length_m": 103.85,
        "maxspeed_kmh": 30,
        "oneway": false,
        "bridge": false,
        "tunnel": false,
        "midpoint_grid_row": 182,
        "midpoint_grid_col": 30,
        "elevation_m": 5.84,
        "start_node": "RN-0636",
        "end_node": "RN-0636"
      },
      "geometry": {
        "type": "LineString",
        "coordinates": [
          [
            72.852905,
            19.077049
          ],
          [
            72.852856,
            19.07706
          ],
          [
            72.85281,
            19.077066
          ],
          [
            72.85276,
            19.07705
          ],
          [
            72.852753,
            19.077025
          ],
          [
            72.852779,
            19.076733
          ],
          [
            72.852801,
            19.076716
          ],
          [
            72.852912,
            19.076718
          ],
          [
            72.852931,
            19.076732
          ],
          [
            72.852926,
            19.076957
          ],
          [
            72.852905,
            19.077049
          ]
        ]
      }
    },
    {
      "type": "Feature",
      "properties": {
        "id": "R-0798",
        "osm_id": 1485589745,
        "name": "Unnamed Residential Road",
        "highway_type": "residential",
        "lanes": 2,
        "width_m": 7.0,
        "length_m": 20.93,
        "maxspeed_kmh": 30,
        "oneway": false,
        "bridge": false,
        "tunnel": false,
        "midpoint_grid_row": 193,
        "midpoint_grid_col": 38,
        "elevation_m": 1.18,
        "start_node": "RN-0566",
        "end_node": "RN-0201"
      },
      "geometry": {
        "type": "LineString",
        "coordinates": [
          [
            72.853373,
            19.077706
          ],
          [
            72.853404,
            19.077703
          ],
          [
            72.85351,
            19.077704
          ],
          [
            72.853572,
            19.077706
          ]
        ]
      }
    },
    {
      "type": "Feature",
      "properties": {
        "id": "R-0799",
        "osm_id": 1485590985,
        "name": "Unnamed Residential Road",
        "highway_type": "residential",
        "lanes": 2,
        "width_m": 7.0,
        "length_m": 78.51,
        "maxspeed_kmh": 30,
        "oneway": true,
        "bridge": false,
        "tunnel": false,
        "midpoint_grid_row": 180,
        "midpoint_grid_col": 43,
        "elevation_m": 0.46,
        "start_node": "RN-0199",
        "end_node": "RN-0198"
      },
      "geometry": {
        "type": "LineString",
        "coordinates": [
          [
            72.853636,
            19.076675
          ],
          [
            72.853788,
            19.076689
          ],
          [
            72.853985,
            19.076683
          ],
          [
            72.853996,
            19.076666
          ],
          [
            72.853986,
            19.076546
          ],
          [
            72.853973,
            19.076535
          ],
          [
            72.85378,
            19.076545
          ],
          [
            72.853742,
            19.076547
          ]
        ]
      }
    },
    {
      "type": "Feature",
      "properties": {
        "id": "R-0800",
        "osm_id": 1485590986,
        "name": "Unnamed Residential Road",
        "highway_type": "residential",
        "lanes": 2,
        "width_m": 7.0,
        "length_m": 20.45,
        "maxspeed_kmh": 30,
        "oneway": false,
        "bridge": false,
        "tunnel": false,
        "midpoint_grid_row": 183,
        "midpoint_grid_col": 36,
        "elevation_m": 2.13,
        "start_node": "RN-0200",
        "end_node": "RN-0608"
      },
      "geometry": {
        "type": "LineString",
        "coordinates": [
          [
            72.853529,
            19.07672
          ],
          [
            72.853338,
            19.076755
          ]
        ]
      }
    },
    {
      "type": "Feature",
      "properties": {
        "id": "R-0801",
        "osm_id": 1485590986,
        "name": "Unnamed Residential Road",
        "highway_type": "residential",
        "lanes": 2,
        "width_m": 7.0,
        "length_m": 8.39,
        "maxspeed_kmh": 30,
        "oneway": false,
        "bridge": false,
        "tunnel": false,
        "midpoint_grid_row": 183,
        "midpoint_grid_col": 35,
        "elevation_m": 3.15,
        "start_node": "RN-0608",
        "end_node": "RN-0615"
      },
      "geometry": {
        "type": "LineString",
        "coordinates": [
          [
            72.853338,
            19.076755
          ],
          [
            72.85326,
            19.076771
          ]
        ]
      }
    },
    {
      "type": "Feature",
      "properties": {
        "id": "R-0802",
        "osm_id": 1485590986,
        "name": "Unnamed Residential Road",
        "highway_type": "residential",
        "lanes": 2,
        "width_m": 7.0,
        "length_m": 16.49,
        "maxspeed_kmh": 30,
        "oneway": false,
        "bridge": false,
        "tunnel": false,
        "midpoint_grid_row": 183,
        "midpoint_grid_col": 35,
        "elevation_m": 3.15,
        "start_node": "RN-0615",
        "end_node": "RN-0611"
      },
      "geometry": {
        "type": "LineString",
        "coordinates": [
          [
            72.85326,
            19.076771
          ],
          [
            72.85321,
            19.076785
          ],
          [
            72.853119,
            19.076834
          ]
        ]
      }
    },
    {
      "type": "Feature",
      "properties": {
        "id": "R-0803",
        "osm_id": 1485590986,
        "name": "Unnamed Residential Road",
        "highway_type": "residential",
        "lanes": 2,
        "width_m": 7.0,
        "length_m": 30.17,
        "maxspeed_kmh": 30,
        "oneway": false,
        "bridge": false,
        "tunnel": false,
        "midpoint_grid_row": 185,
        "midpoint_grid_col": 33,
        "elevation_m": 4.32,
        "start_node": "RN-0611",
        "end_node": "RN-0635"
      },
      "geometry": {
        "type": "LineString",
        "coordinates": [
          [
            72.853119,
            19.076834
          ],
          [
            72.853057,
            19.076902
          ],
          [
            72.853011,
            19.076971
          ],
          [
            72.852957,
            19.077057
          ]
        ]
      }
    },
    {
      "type": "Feature",
      "properties": {
        "id": "R-0804",
        "osm_id": 1485590986,
        "name": "Unnamed Residential Road",
        "highway_type": "residential",
        "lanes": 2,
        "width_m": 7.0,
        "length_m": 11.5,
        "maxspeed_kmh": 30,
        "oneway": false,
        "bridge": false,
        "tunnel": false,
        "midpoint_grid_row": 187,
        "midpoint_grid_col": 32,
        "elevation_m": 3.58,
        "start_node": "RN-0635",
        "end_node": "RN-0612"
      },
      "geometry": {
        "type": "LineString",
        "coordinates": [
          [
            72.852957,
            19.077057
          ],
          [
            72.852919,
            19.077154
          ]
        ]
      }
    },
    {
      "type": "Feature",
      "properties": {
        "id": "R-0805",
        "osm_id": 1485590986,
        "name": "Unnamed Residential Road",
        "highway_type": "residential",
        "lanes": 2,
        "width_m": 7.0,
        "length_m": 34.42,
        "maxspeed_kmh": 30,
        "oneway": false,
        "bridge": false,
        "tunnel": false,
        "midpoint_grid_row": 189,
        "midpoint_grid_col": 31,
        "elevation_m": 2.63,
        "start_node": "RN-0612",
        "end_node": "RN-0637"
      },
      "geometry": {
        "type": "LineString",
        "coordinates": [
          [
            72.852919,
            19.077154
          ],
          [
            72.852872,
            19.077329
          ],
          [
            72.852871,
            19.077458
          ]
        ]
      }
    },
    {
      "type": "Feature",
      "properties": {
        "id": "R-0806",
        "osm_id": 1485762578,
        "name": "Unnamed Residential Road",
        "highway_type": "residential",
        "lanes": 2,
        "width_m": 7.0,
        "length_m": 8.51,
        "maxspeed_kmh": 30,
        "oneway": false,
        "bridge": false,
        "tunnel": false,
        "midpoint_grid_row": 43,
        "midpoint_grid_col": 64,
        "elevation_m": 2.07,
        "start_node": "RN-0623",
        "end_node": "RN-0509"
      },
      "geometry": {
        "type": "LineString",
        "coordinates": [
          [
            72.855973,
            19.064149
          ],
          [
            72.856019,
            19.064086
          ]
        ]
      }
    },
    {
      "type": "Feature",
      "properties": {
        "id": "R-0807",
        "osm_id": 1485875307,
        "name": "Unnamed Residential Road",
        "highway_type": "residential",
        "lanes": 2,
        "width_m": 7.0,
        "length_m": 12.69,
        "maxspeed_kmh": 30,
        "oneway": false,
        "bridge": false,
        "tunnel": false,
        "midpoint_grid_row": 198,
        "midpoint_grid_col": 9,
        "elevation_m": 6.27,
        "start_node": "RN-0638",
        "end_node": "RN-0161"
      },
      "geometry": {
        "type": "LineString",
        "coordinates": [
          [
            72.850705,
            19.07802
          ],
          [
            72.850724,
            19.078115
          ],
          [
            72.850728,
            19.078132
          ]
        ]
      }
    },
    {
      "type": "Feature",
      "properties": {
        "id": "R-0808",
        "osm_id": 1485875308,
        "name": "Unnamed Residential Road",
        "highway_type": "residential",
        "lanes": 2,
        "width_m": 7.0,
        "length_m": 13.03,
        "maxspeed_kmh": 30,
        "oneway": false,
        "bridge": false,
        "tunnel": false,
        "midpoint_grid_row": 197,
        "midpoint_grid_col": 8,
        "elevation_m": 6.42,
        "start_node": "RN-0162",
        "end_node": "RN-0639"
      },
      "geometry": {
        "type": "LineString",
        "coordinates": [
          [
            72.850703,
            19.078136
          ],
          [
            72.850679,
            19.078021
          ]
        ]
      }
    },
    {
      "type": "Feature",
      "properties": {
        "id": "R-0809",
        "osm_id": 1485875309,
        "name": "Unnamed Residential Road",
        "highway_type": "residential",
        "lanes": 2,
        "width_m": 7.0,
        "length_m": 12.89,
        "maxspeed_kmh": 30,
        "oneway": false,
        "bridge": false,
        "tunnel": false,
        "midpoint_grid_row": 198,
        "midpoint_grid_col": 8,
        "elevation_m": 6.61,
        "start_node": "RN-0640",
        "end_node": "RN-0163"
      },
      "geometry": {
        "type": "LineString",
        "coordinates": [
          [
            72.850653,
            19.078028
          ],
          [
            72.850672,
            19.078124
          ],
          [
            72.850675,
            19.078142
          ]
        ]
      }
    },
    {
      "type": "Feature",
      "properties": {
        "id": "R-0810",
        "osm_id": 1485875310,
        "name": "Unnamed Residential Road",
        "highway_type": "residential",
        "lanes": 2,
        "width_m": 7.0,
        "length_m": 4.79,
        "maxspeed_kmh": 30,
        "oneway": false,
        "bridge": false,
        "tunnel": false,
        "midpoint_grid_row": 199,
        "midpoint_grid_col": 3,
        "elevation_m": 6.38,
        "start_node": "RN-0165",
        "end_node": "RN-0641"
      },
      "geometry": {
        "type": "LineString",
        "coordinates": [
          [
            72.850248,
            19.078223
          ],
          [
            72.850238,
            19.0782
          ],
          [
            72.850231,
            19.078183
          ]
        ]
      }
    },
    {
      "type": "Feature",
      "properties": {
        "id": "R-0811",
        "osm_id": 1485875310,
        "name": "Unnamed Residential Road",
        "highway_type": "residential",
        "lanes": 2,
        "width_m": 7.0,
        "length_m": 84.0,
        "maxspeed_kmh": 30,
        "oneway": false,
        "bridge": false,
        "tunnel": false,
        "midpoint_grid_row": 195,
        "midpoint_grid_col": 3,
        "elevation_m": 4.75,
        "start_node": "RN-0641",
        "end_node": "RN-0642"
      },
      "geometry": {
        "type": "LineString",
        "coordinates": [
          [
            72.850231,
            19.078183
          ],
          [
            72.850109,
            19.077881
          ],
          [
            72.850108,
            19.077875
          ],
          [
            72.850114,
            19.077868
          ],
          [
            72.850184,
            19.077843
          ],
          [
            72.850194,
            19.077842
          ],
          [
            72.850204,
            19.077846
          ],
          [
            72.850338,
            19.078147
          ]
        ]
      }
    },
    {
      "type": "Feature",
      "properties": {
        "id": "R-0812",
        "osm_id": 1485875310,
        "name": "Unnamed Residential Road",
        "highway_type": "residential",
        "lanes": 2,
        "width_m": 7.0,
        "length_m": 6.51,
        "maxspeed_kmh": 30,
        "oneway": false,
        "bridge": false,
        "tunnel": false,
        "midpoint_grid_row": 198,
        "midpoint_grid_col": 5,
        "elevation_m": 7.0,
        "start_node": "RN-0642",
        "end_node": "RN-0164"
      },
      "geometry": {
        "type": "LineString",
        "coordinates": [
          [
            72.850338,
            19.078147
          ],
          [
            72.85035,
            19.078174
          ],
          [
            72.850362,
            19.078201
          ]
        ]
      }
    },
    {
      "type": "Feature",
      "properties": {
        "id": "R-0813",
        "osm_id": 1485875311,
        "name": "Unnamed Residential Road",
        "highway_type": "residential",
        "lanes": 2,
        "width_m": 7.0,
        "length_m": 11.94,
        "maxspeed_kmh": 30,
        "oneway": false,
        "bridge": false,
        "tunnel": false,
        "midpoint_grid_row": 198,
        "midpoint_grid_col": 5,
        "elevation_m": 7.0,
        "start_node": "RN-0641",
        "end_node": "RN-0642"
      },
      "geometry": {
        "type": "LineString",
        "coordinates": [
          [
            72.850231,
            19.078183
          ],
          [
            72.850338,
            19.078147
          ]
        ]
      }
    },
    {
      "type": "Feature",
      "properties": {
        "id": "R-0814",
        "osm_id": 1485893126,
        "name": "Unnamed Tertiary_link Road",
        "highway_type": "tertiary_link",
        "lanes": 1,
        "width_m": 3.5,
        "length_m": 7.57,
        "maxspeed_kmh": 25,
        "oneway": false,
        "bridge": false,
        "tunnel": false,
        "midpoint_grid_row": 4,
        "midpoint_grid_col": 12,
        "elevation_m": 3.3,
        "start_node": "RN-0146",
        "end_node": "RN-0324"
      },
      "geometry": {
        "type": "LineString",
        "coordinates": [
          [
            72.851022,
            19.060578
          ],
          [
            72.851025,
            19.06051
          ]
        ]
      }
    },
    {
      "type": "Feature",
      "properties": {
        "id": "R-0815",
        "osm_id": 1485893127,
        "name": "Unnamed Tertiary_link Road",
        "highway_type": "tertiary_link",
        "lanes": 1,
        "width_m": 3.5,
        "length_m": 7.34,
        "maxspeed_kmh": 25,
        "oneway": false,
        "bridge": false,
        "tunnel": false,
        "midpoint_grid_row": 3,
        "midpoint_grid_col": 1,
        "elevation_m": 7.64,
        "start_node": "RN-0144",
        "end_node": "RN-0326"
      },
      "geometry": {
        "type": "LineString",
        "coordinates": [
          [
            72.850018,
            19.060562
          ],
          [
            72.850019,
            19.060496
          ]
        ]
      }
    },
    {
      "type": "Feature",
      "properties": {
        "id": "R-0816",
        "osm_id": 1485893844,
        "name": "Unnamed Residential Road",
        "highway_type": "residential",
        "lanes": 2,
        "width_m": 7.0,
        "length_m": 45.46,
        "maxspeed_kmh": 30,
        "oneway": false,
        "bridge": false,
        "tunnel": false,
        "midpoint_grid_row": 5,
        "midpoint_grid_col": 25,
        "elevation_m": 5.05,
        "start_node": "RN-0643",
        "end_node": "RN-0644"
      },
      "geometry": {
        "type": "LineString",
        "coordinates": [
          [
            72.852115,
            19.061006
          ],
          [
            72.852167,
            19.060883
          ],
          [
            72.852245,
            19.060657
          ],
          [
            72.852252,
            19.060638
          ],
          [
            72.852267,
            19.060626
          ]
        ]
      }
    },
    {
      "type": "Feature",
      "properties": {
        "id": "R-0817",
        "osm_id": 1485893845,
        "name": "Unnamed Residential Road",
        "highway_type": "residential",
        "lanes": 2,
        "width_m": 7.0,
        "length_m": 36.96,
        "maxspeed_kmh": 30,
        "oneway": false,
        "bridge": false,
        "tunnel": false,
        "midpoint_grid_row": 7,
        "midpoint_grid_col": 27,
        "elevation_m": 5.8,
        "start_node": "RN-0645",
        "end_node": "RN-0445"
      },
      "geometry": {
        "type": "LineString",
        "coordinates": [
          [
            72.852314,
            19.061106
          ],
          [
            72.852484,
            19.060815
          ]
        ]
      }
    },
    {
      "type": "Feature",
      "properties": {
        "id": "R-0818",
        "osm_id": 1485912169,
        "name": "Santa Cruz \u2013 Chembur Link Road",
        "highway_type": "trunk",
        "lanes": 3,
        "width_m": 10.5,
        "length_m": 13.65,
        "maxspeed_kmh": 60,
        "oneway": true,
        "bridge": false,
        "tunnel": false,
        "midpoint_grid_row": 152,
        "midpoint_grid_col": 28,
        "elevation_m": 2.88,
        "start_node": "RN-0520",
        "end_node": "RN-0532"
      },
      "geometry": {
        "type": "LineString",
        "coordinates": [
          [
            72.85268,
            19.073986
          ],
          [
            72.85256,
            19.073939
          ]
        ]
      }
    },
    {
      "type": "Feature",
      "properties": {
        "id": "R-0819",
        "osm_id": 1485948072,
        "name": "Unnamed Residential Road",
        "highway_type": "residential",
        "lanes": 2,
        "width_m": 7.0,
        "length_m": 39.4,
        "maxspeed_kmh": 30,
        "oneway": false,
        "bridge": false,
        "tunnel": false,
        "midpoint_grid_row": 64,
        "midpoint_grid_col": 198,
        "elevation_m": 7.06,
        "start_node": "RN-0297",
        "end_node": "RN-0298"
      },
      "geometry": {
        "type": "LineString",
        "coordinates": [
          [
            72.868494,
            19.065879
          ],
          [
            72.868496,
            19.065906
          ],
          [
            72.868497,
            19.065921
          ],
          [
            72.868498,
            19.065936
          ],
          [
            72.868508,
            19.06595
          ],
          [
            72.868718,
            19.06597
          ],
          [
            72.868735,
            19.065963
          ],
          [
            72.868737,
            19.06594
          ],
          [
            72.868738,
            19.065925
          ],
          [
            72.868741,
            19.0659
          ]
        ]
      }
    },
    {
      "type": "Feature",
      "properties": {
        "id": "R-0820",
        "osm_id": 1485962758,
        "name": "Unnamed Residential Road",
        "highway_type": "residential",
        "lanes": 2,
        "width_m": 7.0,
        "length_m": 29.92,
        "maxspeed_kmh": 30,
        "oneway": false,
        "bridge": false,
        "tunnel": false,
        "midpoint_grid_row": 162,
        "midpoint_grid_col": 101,
        "elevation_m": 5.32,
        "start_node": "RN-0414",
        "end_node": "RN-0646"
      },
      "geometry": {
        "type": "LineString",
        "coordinates": [
          [
            72.859473,
            19.07473
          ],
          [
            72.859454,
            19.074858
          ],
          [
            72.859438,
            19.074997
          ]
        ]
      }
    },
    {
      "type": "Feature",
      "properties": {
        "id": "R-0821",
        "osm_id": 1485962758,
        "name": "Unnamed Residential Road",
        "highway_type": "residential",
        "lanes": 2,
        "width_m": 7.0,
        "length_m": 87.91,
        "maxspeed_kmh": 30,
        "oneway": false,
        "bridge": false,
        "tunnel": false,
        "midpoint_grid_row": 164,
        "midpoint_grid_col": 97,
        "elevation_m": 5.34,
        "start_node": "RN-0646",
        "end_node": "RN-0646"
      },
      "geometry": {
        "type": "LineString",
        "coordinates": [
          [
            72.859438,
            19.074997
          ],
          [
            72.859416,
            19.075164
          ],
          [
            72.859382,
            19.075178
          ],
          [
            72.859204,
            19.075139
          ],
          [
            72.85915,
            19.075092
          ],
          [
            72.85916,
            19.075019
          ],
          [
            72.859187,
            19.074996
          ],
          [
            72.859438,
            19.074997
          ]
        ]
      }
    },
    {
      "type": "Feature",
      "properties": {
        "id": "R-0822",
        "osm_id": 1485975191,
        "name": "Unnamed Residential Road",
        "highway_type": "residential",
        "lanes": 2,
        "width_m": 7.0,
        "length_m": 2.73,
        "maxspeed_kmh": 30,
        "oneway": false,
        "bridge": false,
        "tunnel": false,
        "midpoint_grid_row": 195,
        "midpoint_grid_col": 47,
        "elevation_m": 5.06,
        "start_node": "RN-0494",
        "end_node": "RN-0647"
      },
      "geometry": {
        "type": "LineString",
        "coordinates": [
          [
            72.854362,
            19.077903
          ],
          [
            72.854373,
            19.077903
          ],
          [
            72.854388,
            19.077903
          ]
        ]
      }
    },
    {
      "type": "Feature",
      "properties": {
        "id": "R-0823",
        "osm_id": 1485975191,
        "name": "Unnamed Residential Road",
        "highway_type": "residential",
        "lanes": 2,
        "width_m": 7.0,
        "length_m": 70.14,
        "maxspeed_kmh": 30,
        "oneway": false,
        "bridge": false,
        "tunnel": false,
        "midpoint_grid_row": 197,
        "midpoint_grid_col": 49,
        "elevation_m": 6.15,
        "start_node": "RN-0647",
        "end_node": "RN-0647"
      },
      "geometry": {
        "type": "LineString",
        "coordinates": [
          [
            72.854388,
            19.077903
          ],
          [
            72.854548,
            19.077903
          ],
          [
            72.854562,
            19.077917
          ],
          [
            72.854568,
            19.078055
          ],
          [
            72.85456,
            19.07806
          ],
          [
            72.854402,
            19.078063
          ],
          [
            72.85439,
            19.078048
          ],
          [
            72.854388,
            19.077903
          ]
        ]
      }
    },
    {
      "type": "Feature",
      "properties": {
        "id": "R-0824",
        "osm_id": 1485975192,
        "name": "Unnamed Residential Road",
        "highway_type": "residential",
        "lanes": 2,
        "width_m": 7.0,
        "length_m": 27.48,
        "maxspeed_kmh": 30,
        "oneway": false,
        "bridge": false,
        "tunnel": false,
        "midpoint_grid_row": 196,
        "midpoint_grid_col": 43,
        "elevation_m": 4.65,
        "start_node": "RN-0495",
        "end_node": "RN-0648"
      },
      "geometry": {
        "type": "LineString",
        "coordinates": [
          [
            72.854163,
            19.077911
          ],
          [
            72.854011,
            19.077925
          ],
          [
            72.853994,
            19.07794
          ],
          [
            72.854012,
            19.078019
          ]
        ]
      }
    },
    {
      "type": "Feature",
      "properties": {
        "id": "R-0825",
        "osm_id": 1485978591,
        "name": "Unnamed Residential Road",
        "highway_type": "residential",
        "lanes": 2,
        "width_m": 7.0,
        "length_m": 11.41,
        "maxspeed_kmh": 30,
        "oneway": false,
        "bridge": false,
        "tunnel": false,
        "midpoint_grid_row": 199,
        "midpoint_grid_col": 57,
        "elevation_m": 2.95,
        "start_node": "RN-0481",
        "end_node": "RN-0649"
      },
      "geometry": {
        "type": "LineString",
        "coordinates": [
          [
            72.855367,
            19.078202
          ],
          [
            72.855286,
            19.078241
          ],
          [
            72.85527,
            19.078248
          ]
        ]
      }
    },
    {
      "type": "Feature",
      "properties": {
        "id": "R-0826",
        "osm_id": 1485978591,
        "name": "Unnamed Residential Road",
        "highway_type": "residential",
        "lanes": 2,
        "width_m": 7.0,
        "length_m": 97.62,
        "maxspeed_kmh": 30,
        "oneway": false,
        "bridge": false,
        "tunnel": false,
        "midpoint_grid_row": 198,
        "midpoint_grid_col": 54,
        "elevation_m": 3.97,
        "start_node": "RN-0649",
        "end_node": "RN-0649"
      },
      "geometry": {
        "type": "LineString",
        "coordinates": [
          [
            72.85527,
            19.078248
          ],
          [
            72.855236,
            19.078264
          ],
          [
            72.855149,
            19.078296
          ],
          [
            72.855077,
            19.078301
          ],
          [
            72.855,
            19.078274
          ],
          [
            72.854973,
            19.078241
          ],
          [
            72.854966,
            19.078136
          ],
          [
            72.854978,
            19.078117
          ],
          [
            72.855015,
            19.078116
          ],
          [
            72.855069,
            19.078122
          ],
          [
            72.855093,
            19.078117
          ],
          [
            72.855108,
            19.078093
          ],
          [
            72.855119,
            19.078055
          ],
          [
            72.855141,
            19.078047
          ],
          [
            72.855162,
            19.078055
          ],
          [
            72.85527,
            19.078248
          ]
        ]
      }
    },
    {
      "type": "Feature",
      "properties": {
        "id": "R-0827",
        "osm_id": 1485980554,
        "name": "Unnamed Residential Road",
        "highway_type": "residential",
        "lanes": 2,
        "width_m": 7.0,
        "length_m": 6.49,
        "maxspeed_kmh": 30,
        "oneway": false,
        "bridge": false,
        "tunnel": false,
        "midpoint_grid_row": 198,
        "midpoint_grid_col": 59,
        "elevation_m": 2.27,
        "start_node": "RN-0156",
        "end_node": "RN-0650"
      },
      "geometry": {
        "type": "LineString",
        "coordinates": [
          [
            72.855561,
            19.078217
          ],
          [
            72.855555,
            19.078174
          ],
          [
            72.855554,
            19.078159
          ]
        ]
      }
    },
    {
      "type": "Feature",
      "properties": {
        "id": "R-0828",
        "osm_id": 1485980554,
        "name": "Unnamed Residential Road",
        "highway_type": "residential",
        "lanes": 2,
        "width_m": 7.0,
        "length_m": 26.69,
        "maxspeed_kmh": 30,
        "oneway": false,
        "bridge": false,
        "tunnel": false,
        "midpoint_grid_row": 197,
        "midpoint_grid_col": 59,
        "elevation_m": 2.27,
        "start_node": "RN-0650",
        "end_node": "RN-0651"
      },
      "geometry": {
        "type": "LineString",
        "coordinates": [
          [
            72.855554,
            19.078159
          ],
          [
            72.85555,
            19.078037
          ],
          [
            72.855538,
            19.078025
          ],
          [
            72.855431,
            19.078017
          ]
        ]
      }
    },
    {
      "type": "Feature",
      "properties": {
        "id": "R-0829",
        "osm_id": 1485980555,
        "name": "Unnamed Residential Road",
        "highway_type": "residential",
        "lanes": 2,
        "width_m": 7.0,
        "length_m": 15.14,
        "maxspeed_kmh": 30,
        "oneway": false,
        "bridge": false,
        "tunnel": false,
        "midpoint_grid_row": 198,
        "midpoint_grid_col": 58,
        "elevation_m": 2.61,
        "start_node": "RN-0650",
        "end_node": "RN-0652"
      },
      "geometry": {
        "type": "LineString",
        "coordinates": [
          [
            72.855554,
            19.078159
          ],
          [
            72.85541,
            19.078156
          ]
        ]
      }
    },
    {
      "type": "Feature",
      "properties": {
        "id": "R-0830",
        "osm_id": 1486432238,
        "name": "Unnamed Residential Road",
        "highway_type": "residential",
        "lanes": 2,
        "width_m": 7.0,
        "length_m": 6.94,
        "maxspeed_kmh": 30,
        "oneway": true,
        "bridge": false,
        "tunnel": false,
        "midpoint_grid_row": 75,
        "midpoint_grid_col": 17,
        "elevation_m": -0.14,
        "start_node": "RN-0191",
        "end_node": "RN-0653"
      },
      "geometry": {
        "type": "LineString",
        "coordinates": [
          [
            72.851458,
            19.067055
          ],
          [
            72.851482,
            19.067007
          ],
          [
            72.851487,
            19.066999
          ]
        ]
      }
    },
    {
      "type": "Feature",
      "properties": {
        "id": "R-0831",
        "osm_id": 1486432238,
        "name": "Unnamed Residential Road",
        "highway_type": "residential",
        "lanes": 2,
        "width_m": 7.0,
        "length_m": 4.92,
        "maxspeed_kmh": 30,
        "oneway": true,
        "bridge": false,
        "tunnel": false,
        "midpoint_grid_row": 75,
        "midpoint_grid_col": 17,
        "elevation_m": -0.14,
        "start_node": "RN-0653",
        "end_node": "RN-0654"
      },
      "geometry": {
        "type": "LineString",
        "coordinates": [
          [
            72.851487,
            19.066999
          ],
          [
            72.851491,
            19.06699
          ],
          [
            72.851507,
            19.066959
          ]
        ]
      }
    },
    {
      "type": "Feature",
      "properties": {
        "id": "R-0832",
        "osm_id": 1486432239,
        "name": "Unnamed Residential Road",
        "highway_type": "residential",
        "lanes": 2,
        "width_m": 7.0,
        "length_m": 55.35,
        "maxspeed_kmh": 30,
        "oneway": false,
        "bridge": false,
        "tunnel": false,
        "midpoint_grid_row": 65,
        "midpoint_grid_col": 19,
        "elevation_m": 2.87,
        "start_node": "RN-0451",
        "end_node": "RN-0655"
      },
      "geometry": {
        "type": "LineString",
        "coordinates": [
          [
            72.851701,
            19.06611
          ],
          [
            72.851734,
            19.066125
          ],
          [
            72.852178,
            19.066321
          ]
        ]
      }
    },
    {
      "type": "Feature",
      "properties": {
        "id": "R-0833",
        "osm_id": 1486432240,
        "name": "Unnamed Residential Road",
        "highway_type": "residential",
        "lanes": 2,
        "width_m": 7.0,
        "length_m": 22.62,
        "maxspeed_kmh": 30,
        "oneway": false,
        "bridge": false,
        "tunnel": false,
        "midpoint_grid_row": 76,
        "midpoint_grid_col": 18,
        "elevation_m": 0.22,
        "start_node": "RN-0395",
        "end_node": "RN-0656"
      },
      "geometry": {
        "type": "LineString",
        "coordinates": [
          [
            72.851865,
            19.067119
          ],
          [
            72.851661,
            19.067054
          ]
        ]
      }
    },
    {
      "type": "Feature",
      "properties": {
        "id": "R-0834",
        "osm_id": 1486432240,
        "name": "Unnamed Residential Road",
        "highway_type": "residential",
        "lanes": 2,
        "width_m": 7.0,
        "length_m": 19.28,
        "maxspeed_kmh": 30,
        "oneway": false,
        "bridge": false,
        "tunnel": false,
        "midpoint_grid_row": 75,
        "midpoint_grid_col": 17,
        "elevation_m": -0.14,
        "start_node": "RN-0656",
        "end_node": "RN-0653"
      },
      "geometry": {
        "type": "LineString",
        "coordinates": [
          [
            72.851661,
            19.067054
          ],
          [
            72.851487,
            19.066999
          ]
        ]
      }
    },
    {
      "type": "Feature",
      "properties": {
        "id": "R-0835",
        "osm_id": 1487076475,
        "name": "Unnamed Residential Road",
        "highway_type": "residential",
        "lanes": 2,
        "width_m": 7.0,
        "length_m": 15.65,
        "maxspeed_kmh": 30,
        "oneway": false,
        "bridge": false,
        "tunnel": false,
        "midpoint_grid_row": 4,
        "midpoint_grid_col": 26,
        "elevation_m": 5.06,
        "start_node": "RN-0644",
        "end_node": "RN-0446"
      },
      "geometry": {
        "type": "LineString",
        "coordinates": [
          [
            72.852267,
            19.060626
          ],
          [
            72.85234,
            19.06059
          ],
          [
            72.852402,
            19.060567
          ]
        ]
      }
    },
    {
      "type": "Feature",
      "properties": {
        "id": "R-0836",
        "osm_id": 1487079384,
        "name": "Unnamed Tertiary_link Road",
        "highway_type": "tertiary_link",
        "lanes": 1,
        "width_m": 3.5,
        "length_m": 5.71,
        "maxspeed_kmh": 25,
        "oneway": false,
        "bridge": false,
        "tunnel": false,
        "midpoint_grid_row": 7,
        "midpoint_grid_col": 78,
        "elevation_m": 6.35,
        "start_node": "RN-0137",
        "end_node": "RN-0407"
      },
      "geometry": {
        "type": "LineString",
        "coordinates": [
          [
            72.857372,
            19.060836
          ],
          [
            72.857338,
            19.060796
          ]
        ]
      }
    },
    {
      "type": "Feature",
      "properties": {
        "id": "R-0837",
        "osm_id": 1487607630,
        "name": "Unnamed Residential Road",
        "highway_type": "residential",
        "lanes": 2,
        "width_m": 7.0,
        "length_m": 24.67,
        "maxspeed_kmh": 30,
        "oneway": false,
        "bridge": false,
        "tunnel": false,
        "midpoint_grid_row": 83,
        "midpoint_grid_col": 6,
        "elevation_m": 1.38,
        "start_node": "RN-0657",
        "end_node": "RN-0658"
      },
      "geometry": {
        "type": "LineString",
        "coordinates": [
          [
            72.850571,
            19.067705
          ],
          [
            72.850549,
            19.067714
          ],
          [
            72.850513,
            19.067706
          ],
          [
            72.850363,
            19.067623
          ]
        ]
      }
    },
    {
      "type": "Feature",
      "properties": {
        "id": "R-0838",
        "osm_id": 1487607630,
        "name": "Unnamed Residential Road",
        "highway_type": "residential",
        "lanes": 2,
        "width_m": 7.0,
        "length_m": 19.76,
        "maxspeed_kmh": 30,
        "oneway": false,
        "bridge": false,
        "tunnel": false,
        "midpoint_grid_row": 81,
        "midpoint_grid_col": 3,
        "elevation_m": 1.93,
        "start_node": "RN-0658",
        "end_node": "RN-0659"
      },
      "geometry": {
        "type": "LineString",
        "coordinates": [
          [
            72.850363,
            19.067623
          ],
          [
            72.850199,
            19.067536
          ]
        ]
      }
    },
    {
      "type": "Feature",
      "properties": {
        "id": "R-0839",
        "osm_id": 1487607630,
        "name": "Unnamed Residential Road",
        "highway_type": "residential",
        "lanes": 2,
        "width_m": 7.0,
        "length_m": 9.23,
        "maxspeed_kmh": 30,
        "oneway": false,
        "bridge": false,
        "tunnel": false,
        "midpoint_grid_row": 81,
        "midpoint_grid_col": 2,
        "elevation_m": 2.95,
        "start_node": "RN-0659",
        "end_node": "RN-0660"
      },
      "geometry": {
        "type": "LineString",
        "coordinates": [
          [
            72.850199,
            19.067536
          ],
          [
            72.850122,
            19.067496
          ]
        ]
      }
    },
    {
      "type": "Feature",
      "properties": {
        "id": "R-0840",
        "osm_id": 1487607630,
        "name": "Unnamed Residential Road",
        "highway_type": "residential",
        "lanes": 2,
        "width_m": 7.0,
        "length_m": 8.71,
        "maxspeed_kmh": 30,
        "oneway": false,
        "bridge": false,
        "tunnel": false,
        "midpoint_grid_row": 80,
        "midpoint_grid_col": 1,
        "elevation_m": 3.97,
        "start_node": "RN-0660",
        "end_node": "RN-0661"
      },
      "geometry": {
        "type": "LineString",
        "coordinates": [
          [
            72.850122,
            19.067496
          ],
          [
            72.850049,
            19.067459
          ]
        ]
      }
    },
    {
      "type": "Feature",
      "properties": {
        "id": "R-0841",
        "osm_id": 1487607630,
        "name": "Unnamed Residential Road",
        "highway_type": "residential",
        "lanes": 2,
        "width_m": 7.0,
        "length_m": 23.94,
        "maxspeed_kmh": 30,
        "oneway": false,
        "bridge": false,
        "tunnel": false,
        "midpoint_grid_row": 79,
        "midpoint_grid_col": 0,
        "elevation_m": 4.0,
        "start_node": "RN-0661",
        "end_node": "RN-0360"
      },
      "geometry": {
        "type": "LineString",
        "coordinates": [
          [
            72.850049,
            19.067459
          ],
          [
            72.849849,
            19.067356
          ]
        ]
      }
    },
    {
      "type": "Feature",
      "properties": {
        "id": "R-0842",
        "osm_id": 1487607631,
        "name": "Unnamed Residential Road",
        "highway_type": "residential",
        "lanes": 2,
        "width_m": 7.0,
        "length_m": 73.08,
        "maxspeed_kmh": 30,
        "oneway": false,
        "bridge": false,
        "tunnel": false,
        "midpoint_grid_row": 74,
        "midpoint_grid_col": 6,
        "elevation_m": 0.41,
        "start_node": "RN-0660",
        "end_node": "RN-0662"
      },
      "geometry": {
        "type": "LineString",
        "coordinates": [
          [
            72.850122,
            19.067496
          ],
          [
            72.850445,
            19.066914
          ]
        ]
      }
    },
    {
      "type": "Feature",
      "properties": {
        "id": "R-0843",
        "osm_id": 1487607632,
        "name": "Unnamed Residential Road",
        "highway_type": "residential",
        "lanes": 2,
        "width_m": 7.0,
        "length_m": 74.6,
        "maxspeed_kmh": 30,
        "oneway": false,
        "bridge": false,
        "tunnel": false,
        "midpoint_grid_row": 75,
        "midpoint_grid_col": 8,
        "elevation_m": -0.41,
        "start_node": "RN-0658",
        "end_node": "RN-0663"
      },
      "geometry": {
        "type": "LineString",
        "coordinates": [
          [
            72.850363,
            19.067623
          ],
          [
            72.850697,
            19.067031
          ]
        ]
      }
    },
    {
      "type": "Feature",
      "properties": {
        "id": "R-0844",
        "osm_id": 1487607633,
        "name": "Unnamed Residential Road",
        "highway_type": "residential",
        "lanes": 2,
        "width_m": 7.0,
        "length_m": 100.8,
        "maxspeed_kmh": 30,
        "oneway": false,
        "bridge": false,
        "tunnel": false,
        "midpoint_grid_row": 75,
        "midpoint_grid_col": 11,
        "elevation_m": -1.02,
        "start_node": "RN-0657",
        "end_node": "RN-0141"
      },
      "geometry": {
        "type": "LineString",
        "coordinates": [
          [
            72.850571,
            19.067705
          ],
          [
            72.850967,
            19.06698
          ],
          [
            72.851012,
            19.0669
          ]
        ]
      }
    },
    {
      "type": "Feature",
      "properties": {
        "id": "R-0845",
        "osm_id": 1487607634,
        "name": "Unnamed Residential Road",
        "highway_type": "residential",
        "lanes": 2,
        "width_m": 7.0,
        "length_m": 31.11,
        "maxspeed_kmh": 30,
        "oneway": false,
        "bridge": false,
        "tunnel": false,
        "midpoint_grid_row": 82,
        "midpoint_grid_col": 5,
        "elevation_m": 1.06,
        "start_node": "RN-0664",
        "end_node": "RN-0658"
      },
      "geometry": {
        "type": "LineString",
        "coordinates": [
          [
            72.850228,
            19.067872
          ],
          [
            72.850363,
            19.067623
          ]
        ]
      }
    },
    {
      "type": "Feature",
      "properties": {
        "id": "R-0846",
        "osm_id": 1487607635,
        "name": "Unnamed Residential Road",
        "highway_type": "residential",
        "lanes": 2,
        "width_m": 7.0,
        "length_m": 31.3,
        "maxspeed_kmh": 30,
        "oneway": false,
        "bridge": false,
        "tunnel": false,
        "midpoint_grid_row": 81,
        "midpoint_grid_col": 3,
        "elevation_m": 1.93,
        "start_node": "RN-0665",
        "end_node": "RN-0659"
      },
      "geometry": {
        "type": "LineString",
        "coordinates": [
          [
            72.85006,
            19.067785
          ],
          [
            72.850199,
            19.067536
          ]
        ]
      }
    },
    {
      "type": "Feature",
      "properties": {
        "id": "R-0847",
        "osm_id": 1487607636,
        "name": "Unnamed Residential Road",
        "highway_type": "residential",
        "lanes": 2,
        "width_m": 7.0,
        "length_m": 30.77,
        "maxspeed_kmh": 30,
        "oneway": false,
        "bridge": false,
        "tunnel": false,
        "midpoint_grid_row": 80,
        "midpoint_grid_col": 1,
        "elevation_m": 3.97,
        "start_node": "RN-0666",
        "end_node": "RN-0661"
      },
      "geometry": {
        "type": "LineString",
        "coordinates": [
          [
            72.849907,
            19.067701
          ],
          [
            72.850049,
            19.067459
          ]
        ]
      }
    },
    {
      "type": "Feature",
      "properties": {
        "id": "R-0848",
        "osm_id": 1487607637,
        "name": "Unnamed Residential Road",
        "highway_type": "residential",
        "lanes": 2,
        "width_m": 7.0,
        "length_m": 13.27,
        "maxspeed_kmh": 30,
        "oneway": false,
        "bridge": false,
        "tunnel": false,
        "midpoint_grid_row": 72,
        "midpoint_grid_col": 8,
        "elevation_m": -0.39,
        "start_node": "RN-0667",
        "end_node": "RN-0140"
      },
      "geometry": {
        "type": "LineString",
        "coordinates": [
          [
            72.850632,
            19.066844
          ],
          [
            72.850692,
            19.066739
          ]
        ]
      }
    },
    {
      "type": "Feature",
      "properties": {
        "id": "R-0849",
        "osm_id": 1487607638,
        "name": "Unnamed Residential Road",
        "highway_type": "residential",
        "lanes": 2,
        "width_m": 7.0,
        "length_m": 9.95,
        "maxspeed_kmh": 30,
        "oneway": false,
        "bridge": false,
        "tunnel": false,
        "midpoint_grid_row": 73,
        "midpoint_grid_col": 4,
        "elevation_m": 0.75,
        "start_node": "RN-0358",
        "end_node": "RN-0668"
      },
      "geometry": {
        "type": "LineString",
        "coordinates": [
          [
            72.850201,
            19.066748
          ],
          [
            72.850284,
            19.066791
          ]
        ]
      }
    },
    {
      "type": "Feature",
      "properties": {
        "id": "R-0850",
        "osm_id": 1487607639,
        "name": "Unnamed Residential Road",
        "highway_type": "residential",
        "lanes": 2,
        "width_m": 7.0,
        "length_m": 13.03,
        "maxspeed_kmh": 30,
        "oneway": false,
        "bridge": false,
        "tunnel": false,
        "midpoint_grid_row": 75,
        "midpoint_grid_col": 3,
        "elevation_m": 2.59,
        "start_node": "RN-0359",
        "end_node": "RN-0669"
      },
      "geometry": {
        "type": "LineString",
        "coordinates": [
          [
            72.850077,
            19.066962
          ],
          [
            72.850187,
            19.067016
          ]
        ]
      }
    },
    {
      "type": "Feature",
      "properties": {
        "id": "R-0851",
        "osm_id": 1487681736,
        "name": "Unnamed Residential Road",
        "highway_type": "residential",
        "lanes": 2,
        "width_m": 7.0,
        "length_m": 45.51,
        "maxspeed_kmh": 30,
        "oneway": false,
        "bridge": false,
        "tunnel": false,
        "midpoint_grid_row": 11,
        "midpoint_grid_col": 15,
        "elevation_m": 3.24,
        "start_node": "RN-0122",
        "end_node": "RN-0670"
      },
      "geometry": {
        "type": "LineString",
        "coordinates": [
          [
            72.851157,
            19.061581
          ],
          [
            72.851363,
            19.061221
          ]
        ]
      }
    },
    {
      "type": "Feature",
      "properties": {
        "id": "R-0852",
        "osm_id": 1487681736,
        "name": "Unnamed Residential Road",
        "highway_type": "residential",
        "lanes": 2,
        "width_m": 7.0,
        "length_m": 39.02,
        "maxspeed_kmh": 30,
        "oneway": false,
        "bridge": false,
        "tunnel": false,
        "midpoint_grid_row": 8,
        "midpoint_grid_col": 17,
        "elevation_m": 3.12,
        "start_node": "RN-0670",
        "end_node": "RN-0671"
      },
      "geometry": {
        "type": "LineString",
        "coordinates": [
          [
            72.851363,
            19.061221
          ],
          [
            72.851539,
            19.060912
          ]
        ]
      }
    },
    {
      "type": "Feature",
      "properties": {
        "id": "R-0853",
        "osm_id": 1487681737,
        "name": "Unnamed Residential Road",
        "highway_type": "residential",
        "lanes": 2,
        "width_m": 7.0,
        "length_m": 73.17,
        "maxspeed_kmh": 30,
        "oneway": false,
        "bridge": false,
        "tunnel": false,
        "midpoint_grid_row": 15,
        "midpoint_grid_col": 22,
        "elevation_m": 4.39,
        "start_node": "RN-0670",
        "end_node": "RN-0132"
      },
      "geometry": {
        "type": "LineString",
        "coordinates": [
          [
            72.851363,
            19.061221
          ],
          [
            72.851981,
            19.061524
          ]
        ]
      }
    },
    {
      "type": "Feature",
      "properties": {
        "id": "R-0854",
        "osm_id": 1487681738,
        "name": "Unnamed Residential Road",
        "highway_type": "residential",
        "lanes": 2,
        "width_m": 7.0,
        "length_m": 61.18,
        "maxspeed_kmh": 30,
        "oneway": false,
        "bridge": false,
        "tunnel": false,
        "midpoint_grid_row": 11,
        "midpoint_grid_col": 24,
        "elevation_m": 4.67,
        "start_node": "RN-0672",
        "end_node": "RN-0131"
      },
      "geometry": {
        "type": "LineString",
        "coordinates": [
          [
            72.851667,
            19.060897
          ],
          [
            72.85218,
            19.061157
          ]
        ]
      }
    },
    {
      "type": "Feature",
      "properties": {
        "id": "R-0855",
        "osm_id": 1487681738,
        "name": "Unnamed Residential Road",
        "highway_type": "residential",
        "lanes": 2,
        "width_m": 7.0,
        "length_m": 30.68,
        "maxspeed_kmh": 30,
        "oneway": false,
        "bridge": false,
        "tunnel": false,
        "midpoint_grid_row": 12,
        "midpoint_grid_col": 26,
        "elevation_m": 5.17,
        "start_node": "RN-0131",
        "end_node": "RN-0462"
      },
      "geometry": {
        "type": "LineString",
        "coordinates": [
          [
            72.85218,
            19.061157
          ],
          [
            72.852392,
            19.06126
          ],
          [
            72.852402,
            19.061287
          ],
          [
            72.852402,
            19.061309
          ]
        ]
      }
    },
    {
      "type": "Feature",
      "properties": {
        "id": "R-0856",
        "osm_id": 1487681739,
        "name": "Unnamed Residential Road",
        "highway_type": "residential",
        "lanes": 2,
        "width_m": 7.0,
        "length_m": 38.28,
        "maxspeed_kmh": 30,
        "oneway": false,
        "bridge": false,
        "tunnel": false,
        "midpoint_grid_row": 40,
        "midpoint_grid_col": 0,
        "elevation_m": 5.66,
        "start_node": "RN-0088",
        "end_node": "RN-0673"
      },
      "geometry": {
        "type": "LineString",
        "coordinates": [
          [
            72.850071,
            19.063513
          ],
          [
            72.849902,
            19.063818
          ]
        ]
      }
    },
    {
      "type": "Feature",
      "properties": {
        "id": "R-0857",
        "osm_id": 1487681739,
        "name": "Unnamed Residential Road",
        "highway_type": "residential",
        "lanes": 2,
        "width_m": 7.0,
        "length_m": 108.46,
        "maxspeed_kmh": 30,
        "oneway": false,
        "bridge": false,
        "tunnel": false,
        "midpoint_grid_row": 45,
        "midpoint_grid_col": 4,
        "elevation_m": 4.98,
        "start_node": "RN-0673",
        "end_node": "RN-0133"
      },
      "geometry": {
        "type": "LineString",
        "coordinates": [
          [
            72.849902,
            19.063818
          ],
          [
            72.849803,
            19.063998
          ],
          [
            72.8498,
            19.064017
          ],
          [
            72.849805,
            19.06403
          ],
          [
            72.850314,
            19.064289
          ],
          [
            72.850339,
            19.064292
          ],
          [
            72.850363,
            19.064289
          ],
          [
            72.850378,
            19.064277
          ],
          [
            72.850452,
            19.06417
          ]
        ]
      }
    },
    {
      "type": "Feature",
      "properties": {
        "id": "R-0858",
        "osm_id": 1487681740,
        "name": "Unnamed Residential Road",
        "highway_type": "residential",
        "lanes": 2,
        "width_m": 7.0,
        "length_m": 37.88,
        "maxspeed_kmh": 30,
        "oneway": false,
        "bridge": false,
        "tunnel": false,
        "midpoint_grid_row": 42,
        "midpoint_grid_col": 5,
        "elevation_m": 5.06,
        "start_node": "RN-0674",
        "end_node": "RN-0675"
      },
      "geometry": {
        "type": "LineString",
        "coordinates": [
          [
            72.850016,
            19.063873
          ],
          [
            72.850337,
            19.064028
          ]
        ]
      }
    },
    {
      "type": "Feature",
      "properties": {
        "id": "R-0859",
        "osm_id": 1487681741,
        "name": "Unnamed Residential Road",
        "highway_type": "residential",
        "lanes": 2,
        "width_m": 7.0,
        "length_m": 5.06,
        "maxspeed_kmh": 30,
        "oneway": false,
        "bridge": false,
        "tunnel": false,
        "midpoint_grid_row": 40,
        "midpoint_grid_col": 0,
        "elevation_m": 5.66,
        "start_node": "RN-0673",
        "end_node": "RN-0676"
      },
      "geometry": {
        "type": "LineString",
        "coordinates": [
          [
            72.849902,
            19.063818
          ],
          [
            72.849943,
            19.063838
          ],
          [
            72.849945,
            19.063838
          ]
        ]
      }
    },
    {
      "type": "Feature",
      "properties": {
        "id": "R-0860",
        "osm_id": 1487681742,
        "name": "Unnamed Residential Road",
        "highway_type": "residential",
        "lanes": 2,
        "width_m": 7.0,
        "length_m": 8.42,
        "maxspeed_kmh": 30,
        "oneway": false,
        "bridge": false,
        "tunnel": false,
        "midpoint_grid_row": 41,
        "midpoint_grid_col": 1,
        "elevation_m": 5.99,
        "start_node": "RN-0676",
        "end_node": "RN-0674"
      },
      "geometry": {
        "type": "LineString",
        "coordinates": [
          [
            72.849945,
            19.063838
          ],
          [
            72.850016,
            19.063873
          ]
        ]
      }
    },
    {
      "type": "Feature",
      "properties": {
        "id": "R-0861",
        "osm_id": 1487681743,
        "name": "Unnamed Residential Road",
        "highway_type": "residential",
        "lanes": 2,
        "width_m": 7.0,
        "length_m": 6.9,
        "maxspeed_kmh": 30,
        "oneway": false,
        "bridge": false,
        "tunnel": false,
        "midpoint_grid_row": 35,
        "midpoint_grid_col": 4,
        "elevation_m": 5.01,
        "start_node": "RN-0458",
        "end_node": "RN-0677"
      },
      "geometry": {
        "type": "LineString",
        "coordinates": [
          [
            72.850191,
            19.063296
          ],
          [
            72.850245,
            19.063323
          ],
          [
            72.850249,
            19.063325
          ]
        ]
      }
    },
    {
      "type": "Feature",
      "properties": {
        "id": "R-0862",
        "osm_id": 1487681744,
        "name": "Unnamed Residential Road",
        "highway_type": "residential",
        "lanes": 2,
        "width_m": 7.0,
        "length_m": 10.86,
        "maxspeed_kmh": 30,
        "oneway": false,
        "bridge": false,
        "tunnel": false,
        "midpoint_grid_row": 35,
        "midpoint_grid_col": 5,
        "elevation_m": 4.67,
        "start_node": "RN-0677",
        "end_node": "RN-0678"
      },
      "geometry": {
        "type": "LineString",
        "coordinates": [
          [
            72.850249,
            19.063325
          ],
          [
            72.850339,
            19.063373
          ]
        ]
      }
    },
    {
      "type": "Feature",
      "properties": {
        "id": "R-0863",
        "osm_id": 1487681745,
        "name": "Unnamed Residential Road",
        "highway_type": "residential",
        "lanes": 2,
        "width_m": 7.0,
        "length_m": 35.93,
        "maxspeed_kmh": 30,
        "oneway": false,
        "bridge": false,
        "tunnel": false,
        "midpoint_grid_row": 37,
        "midpoint_grid_col": 8,
        "elevation_m": 4.27,
        "start_node": "RN-0678",
        "end_node": "RN-0679"
      },
      "geometry": {
        "type": "LineString",
        "coordinates": [
          [
            72.850339,
            19.063373
          ],
          [
            72.850644,
            19.063519
          ]
        ]
      }
    },
    {
      "type": "Feature",
      "properties": {
        "id": "R-0864",
        "osm_id": 1487681746,
        "name": "Unnamed Residential Road",
        "highway_type": "residential",
        "lanes": 2,
        "width_m": 7.0,
        "length_m": 3.78,
        "maxspeed_kmh": 30,
        "oneway": false,
        "bridge": false,
        "tunnel": false,
        "midpoint_grid_row": 28,
        "midpoint_grid_col": 7,
        "elevation_m": 8.15,
        "start_node": "RN-0457",
        "end_node": "RN-0680"
      },
      "geometry": {
        "type": "LineString",
        "coordinates": [
          [
            72.850508,
            19.062747
          ],
          [
            72.850538,
            19.062762
          ],
          [
            72.85054,
            19.062762
          ]
        ]
      }
    },
    {
      "type": "Feature",
      "properties": {
        "id": "R-0865",
        "osm_id": 1487681747,
        "name": "Unnamed Residential Road",
        "highway_type": "residential",
        "lanes": 2,
        "width_m": 7.0,
        "length_m": 9.71,
        "maxspeed_kmh": 30,
        "oneway": false,
        "bridge": false,
        "tunnel": false,
        "midpoint_grid_row": 29,
        "midpoint_grid_col": 8,
        "elevation_m": 6.77,
        "start_node": "RN-0680",
        "end_node": "RN-0681"
      },
      "geometry": {
        "type": "LineString",
        "coordinates": [
          [
            72.85054,
            19.062762
          ],
          [
            72.850621,
            19.062804
          ]
        ]
      }
    },
    {
      "type": "Feature",
      "properties": {
        "id": "R-0866",
        "osm_id": 1487681748,
        "name": "Unnamed Residential Road",
        "highway_type": "residential",
        "lanes": 2,
        "width_m": 7.0,
        "length_m": 32.88,
        "maxspeed_kmh": 30,
        "oneway": false,
        "bridge": false,
        "tunnel": false,
        "midpoint_grid_row": 30,
        "midpoint_grid_col": 10,
        "elevation_m": 6.3,
        "start_node": "RN-0681",
        "end_node": "RN-0682"
      },
      "geometry": {
        "type": "LineString",
        "coordinates": [
          [
            72.850621,
            19.062804
          ],
          [
            72.850901,
            19.062936
          ]
        ]
      }
    },
    {
      "type": "Feature",
      "properties": {
        "id": "R-0867",
        "osm_id": 1487681749,
        "name": "Unnamed Residential Road",
        "highway_type": "residential",
        "lanes": 2,
        "width_m": 7.0,
        "length_m": 74.03,
        "maxspeed_kmh": 30,
        "oneway": false,
        "bridge": false,
        "tunnel": false,
        "midpoint_grid_row": 46,
        "midpoint_grid_col": 16,
        "elevation_m": 3.37,
        "start_node": "RN-0460",
        "end_node": "RN-0683"
      },
      "geometry": {
        "type": "LineString",
        "coordinates": [
          [
            72.850841,
            19.064065
          ],
          [
            72.851457,
            19.064388
          ]
        ]
      }
    },
    {
      "type": "Feature",
      "properties": {
        "id": "R-0868",
        "osm_id": 1487681750,
        "name": "Unnamed Residential Road",
        "highway_type": "residential",
        "lanes": 2,
        "width_m": 7.0,
        "length_m": 17.89,
        "maxspeed_kmh": 30,
        "oneway": false,
        "bridge": false,
        "tunnel": false,
        "midpoint_grid_row": 42,
        "midpoint_grid_col": 19,
        "elevation_m": 1.83,
        "start_node": "RN-0087",
        "end_node": "RN-0684"
      },
      "geometry": {
        "type": "LineString",
        "coordinates": [
          [
            72.851749,
            19.063887
          ],
          [
            72.851667,
            19.064028
          ]
        ]
      }
    },
    {
      "type": "Feature",
      "properties": {
        "id": "R-0869",
        "osm_id": 1487681750,
        "name": "Unnamed Residential Road",
        "highway_type": "residential",
        "lanes": 2,
        "width_m": 7.0,
        "length_m": 45.71,
        "maxspeed_kmh": 30,
        "oneway": false,
        "bridge": false,
        "tunnel": false,
        "midpoint_grid_row": 46,
        "midpoint_grid_col": 16,
        "elevation_m": 3.37,
        "start_node": "RN-0684",
        "end_node": "RN-0683"
      },
      "geometry": {
        "type": "LineString",
        "coordinates": [
          [
            72.851667,
            19.064028
          ],
          [
            72.851457,
            19.064388
          ]
        ]
      }
    },
    {
      "type": "Feature",
      "properties": {
        "id": "R-0870",
        "osm_id": 1487681750,
        "name": "Unnamed Residential Road",
        "highway_type": "residential",
        "lanes": 2,
        "width_m": 7.0,
        "length_m": 24.63,
        "maxspeed_kmh": 30,
        "oneway": false,
        "bridge": false,
        "tunnel": false,
        "midpoint_grid_row": 48,
        "midpoint_grid_col": 15,
        "elevation_m": 4.4,
        "start_node": "RN-0683",
        "end_node": "RN-0501"
      },
      "geometry": {
        "type": "LineString",
        "coordinates": [
          [
            72.851457,
            19.064388
          ],
          [
            72.851368,
            19.064537
          ],
          [
            72.851342,
            19.064581
          ]
        ]
      }
    },
    {
      "type": "Feature",
      "properties": {
        "id": "R-0871",
        "osm_id": 1487681751,
        "name": "Unnamed Residential Road",
        "highway_type": "residential",
        "lanes": 2,
        "width_m": 7.0,
        "length_m": 73.5,
        "maxspeed_kmh": 30,
        "oneway": false,
        "bridge": false,
        "tunnel": false,
        "midpoint_grid_row": 35,
        "midpoint_grid_col": 22,
        "elevation_m": 2.67,
        "start_node": "RN-0461",
        "end_node": "RN-0085"
      },
      "geometry": {
        "type": "LineString",
        "coordinates": [
          [
            72.851428,
            19.063056
          ],
          [
            72.852044,
            19.063369
          ]
        ]
      }
    },
    {
      "type": "Feature",
      "properties": {
        "id": "R-0872",
        "osm_id": 1487681752,
        "name": "Unnamed Residential Road",
        "highway_type": "residential",
        "lanes": 2,
        "width_m": 7.0,
        "length_m": 275.5,
        "maxspeed_kmh": 30,
        "oneway": false,
        "bridge": false,
        "tunnel": false,
        "midpoint_grid_row": 34,
        "midpoint_grid_col": 32,
        "elevation_m": 3.84,
        "start_node": "RN-0683",
        "end_node": "RN-0506"
      },
      "geometry": {
        "type": "LineString",
        "coordinates": [
          [
            72.851457,
            19.064388
          ],
          [
            72.85211,
            19.06471
          ],
          [
            72.852132,
            19.06472
          ],
          [
            72.852149,
            19.064722
          ],
          [
            72.852161,
            19.064717
          ],
          [
            72.852976,
            19.063262
          ],
          [
            72.852982,
            19.063241
          ],
          [
            72.852978,
            19.063217
          ],
          [
            72.852967,
            19.063198
          ],
          [
            72.852954,
            19.063188
          ]
        ]
      }
    },
    {
      "type": "Feature",
      "properties": {
        "id": "R-0873",
        "osm_id": 1487681753,
        "name": "Unnamed Residential Road",
        "highway_type": "residential",
        "lanes": 2,
        "width_m": 7.0,
        "length_m": 94.32,
        "maxspeed_kmh": 30,
        "oneway": false,
        "bridge": false,
        "tunnel": false,
        "midpoint_grid_row": 44,
        "midpoint_grid_col": 24,
        "elevation_m": 1.64,
        "start_node": "RN-0685",
        "end_node": "RN-0686"
      },
      "geometry": {
        "type": "LineString",
        "coordinates": [
          [
            72.851858,
            19.064186
          ],
          [
            72.85184,
            19.06422
          ],
          [
            72.851849,
            19.064251
          ],
          [
            72.852022,
            19.064347
          ],
          [
            72.852046,
            19.064353
          ],
          [
            72.852072,
            19.064353
          ],
          [
            72.852174,
            19.064214
          ],
          [
            72.852174,
            19.064197
          ],
          [
            72.852159,
            19.064178
          ],
          [
            72.851992,
            19.064076
          ],
          [
            72.851962,
            19.064065
          ],
          [
            72.851935,
            19.064075
          ],
          [
            72.851886,
            19.064146
          ]
        ]
      }
    },
    {
      "type": "Feature",
      "properties": {
        "id": "R-0874",
        "osm_id": 1487681753,
        "name": "Unnamed Residential Road",
        "highway_type": "residential",
        "lanes": 2,
        "width_m": 7.0,
        "length_m": 5.33,
        "maxspeed_kmh": 30,
        "oneway": false,
        "bridge": false,
        "tunnel": false,
        "midpoint_grid_row": 44,
        "midpoint_grid_col": 21,
        "elevation_m": 0.41,
        "start_node": "RN-0686",
        "end_node": "RN-0685"
      },
      "geometry": {
        "type": "LineString",
        "coordinates": [
          [
            72.851886,
            19.064146
          ],
          [
            72.851858,
            19.064186
          ]
        ]
      }
    },
    {
      "type": "Feature",
      "properties": {
        "id": "R-0875",
        "osm_id": 1487681754,
        "name": "Unnamed Residential Road",
        "highway_type": "residential",
        "lanes": 2,
        "width_m": 7.0,
        "length_m": 26.49,
        "maxspeed_kmh": 30,
        "oneway": false,
        "bridge": false,
        "tunnel": false,
        "midpoint_grid_row": 42,
        "midpoint_grid_col": 19,
        "elevation_m": 1.83,
        "start_node": "RN-0686",
        "end_node": "RN-0684"
      },
      "geometry": {
        "type": "LineString",
        "coordinates": [
          [
            72.851886,
            19.064146
          ],
          [
            72.851667,
            19.064028
          ]
        ]
      }
    },
    {
      "type": "Feature",
      "properties": {
        "id": "R-0876",
        "osm_id": 1487681755,
        "name": "Unnamed Residential Road",
        "highway_type": "residential",
        "lanes": 2,
        "width_m": 7.0,
        "length_m": 25.52,
        "maxspeed_kmh": 30,
        "oneway": false,
        "bridge": false,
        "tunnel": false,
        "midpoint_grid_row": 38,
        "midpoint_grid_col": 21,
        "elevation_m": 2.18,
        "start_node": "RN-0687",
        "end_node": "RN-0086"
      },
      "geometry": {
        "type": "LineString",
        "coordinates": [
          [
            72.852092,
            19.063769
          ],
          [
            72.85188,
            19.063657
          ]
        ]
      }
    },
    {
      "type": "Feature",
      "properties": {
        "id": "R-0877",
        "osm_id": 1487681756,
        "name": "Unnamed Residential Road",
        "highway_type": "residential",
        "lanes": 2,
        "width_m": 7.0,
        "length_m": 94.34,
        "maxspeed_kmh": 30,
        "oneway": false,
        "bridge": false,
        "tunnel": false,
        "midpoint_grid_row": 40,
        "midpoint_grid_col": 26,
        "elevation_m": 1.51,
        "start_node": "RN-0688",
        "end_node": "RN-0687"
      },
      "geometry": {
        "type": "LineString",
        "coordinates": [
          [
            72.852065,
            19.06381
          ],
          [
            72.852047,
            19.063844
          ],
          [
            72.852056,
            19.063874
          ],
          [
            72.852229,
            19.063971
          ],
          [
            72.852253,
            19.063977
          ],
          [
            72.852279,
            19.063977
          ],
          [
            72.852381,
            19.063838
          ],
          [
            72.852381,
            19.06382
          ],
          [
            72.852366,
            19.063801
          ],
          [
            72.852199,
            19.0637
          ],
          [
            72.852169,
            19.063689
          ],
          [
            72.852142,
            19.063698
          ],
          [
            72.852092,
            19.063769
          ]
        ]
      }
    },
    {
      "type": "Feature",
      "properties": {
        "id": "R-0878",
        "osm_id": 1487681756,
        "name": "Unnamed Residential Road",
        "highway_type": "residential",
        "lanes": 2,
        "width_m": 7.0,
        "length_m": 5.37,
        "maxspeed_kmh": 30,
        "oneway": false,
        "bridge": false,
        "tunnel": false,
        "midpoint_grid_row": 40,
        "midpoint_grid_col": 23,
        "elevation_m": 1.17,
        "start_node": "RN-0687",
        "end_node": "RN-0688"
      },
      "geometry": {
        "type": "LineString",
        "coordinates": [
          [
            72.852092,
            19.063769
          ],
          [
            72.852065,
            19.06381
          ]
        ]
      }
    },
    {
      "type": "Feature",
      "properties": {
        "id": "R-0879",
        "osm_id": 1487681757,
        "name": "Unnamed Residential Road",
        "highway_type": "residential",
        "lanes": 2,
        "width_m": 7.0,
        "length_m": 27.21,
        "maxspeed_kmh": 30,
        "oneway": false,
        "bridge": false,
        "tunnel": false,
        "midpoint_grid_row": 34,
        "midpoint_grid_col": 23,
        "elevation_m": 2.45,
        "start_node": "RN-0689",
        "end_node": "RN-0084"
      },
      "geometry": {
        "type": "LineString",
        "coordinates": [
          [
            72.852322,
            19.063396
          ],
          [
            72.852097,
            19.063275
          ]
        ]
      }
    },
    {
      "type": "Feature",
      "properties": {
        "id": "R-0880",
        "osm_id": 1487681758,
        "name": "Unnamed Residential Road",
        "highway_type": "residential",
        "lanes": 2,
        "width_m": 7.0,
        "length_m": 89.45,
        "maxspeed_kmh": 30,
        "oneway": false,
        "bridge": false,
        "tunnel": false,
        "midpoint_grid_row": 36,
        "midpoint_grid_col": 28,
        "elevation_m": 2.31,
        "start_node": "RN-0690",
        "end_node": "RN-0689"
      },
      "geometry": {
        "type": "LineString",
        "coordinates": [
          [
            72.852294,
            19.063437
          ],
          [
            72.852276,
            19.063471
          ],
          [
            72.852285,
            19.063501
          ],
          [
            72.852437,
            19.063589
          ],
          [
            72.852461,
            19.063595
          ],
          [
            72.852487,
            19.063595
          ],
          [
            72.852589,
            19.063457
          ],
          [
            72.852589,
            19.063439
          ],
          [
            72.852574,
            19.06342
          ],
          [
            72.852428,
            19.063327
          ],
          [
            72.852398,
            19.063316
          ],
          [
            72.852371,
            19.063325
          ],
          [
            72.852322,
            19.063396
          ]
        ]
      }
    },
    {
      "type": "Feature",
      "properties": {
        "id": "R-0881",
        "osm_id": 1487681758,
        "name": "Unnamed Residential Road",
        "highway_type": "residential",
        "lanes": 2,
        "width_m": 7.0,
        "length_m": 5.43,
        "maxspeed_kmh": 30,
        "oneway": false,
        "bridge": false,
        "tunnel": false,
        "midpoint_grid_row": 36,
        "midpoint_grid_col": 25,
        "elevation_m": 1.17,
        "start_node": "RN-0689",
        "end_node": "RN-0690"
      },
      "geometry": {
        "type": "LineString",
        "coordinates": [
          [
            72.852322,
            19.063396
          ],
          [
            72.852294,
            19.063437
          ]
        ]
      }
    },
    {
      "type": "Feature",
      "properties": {
        "id": "R-0882",
        "osm_id": 1487848806,
        "name": "Unnamed Residential Road",
        "highway_type": "residential",
        "lanes": 2,
        "width_m": 7.0,
        "length_m": 7.18,
        "maxspeed_kmh": 30,
        "oneway": false,
        "bridge": false,
        "tunnel": false,
        "midpoint_grid_row": 76,
        "midpoint_grid_col": 18,
        "elevation_m": 0.22,
        "start_node": "RN-0190",
        "end_node": "RN-0656"
      },
      "geometry": {
        "type": "LineString",
        "coordinates": [
          [
            72.851627,
            19.06711
          ],
          [
            72.851644,
            19.067082
          ],
          [
            72.851661,
            19.067054
          ]
        ]
      }
    },
    {
      "type": "Feature",
      "properties": {
        "id": "R-0883",
        "osm_id": 1502383380,
        "name": "Bandra Kurla Complex Road",
        "highway_type": "primary",
        "lanes": 3,
        "width_m": 10.5,
        "length_m": 36.95,
        "maxspeed_kmh": 50,
        "oneway": true,
        "bridge": false,
        "tunnel": false,
        "midpoint_grid_row": 21,
        "midpoint_grid_col": 101,
        "elevation_m": 11.03,
        "start_node": "RN-0523",
        "end_node": "RN-0294"
      },
      "geometry": {
        "type": "LineString",
        "coordinates": [
          [
            72.859579,
            19.062456
          ],
          [
            72.859501,
            19.062132
          ]
        ]
      }
    },
    {
      "type": "Feature",
      "properties": {
        "id": "R-0884",
        "osm_id": 1502383382,
        "name": "Bandra Kurla Complex Road",
        "highway_type": "primary",
        "lanes": 3,
        "width_m": 10.5,
        "length_m": 8.2,
        "maxspeed_kmh": 50,
        "oneway": true,
        "bridge": false,
        "tunnel": false,
        "midpoint_grid_row": 25,
        "midpoint_grid_col": 102,
        "elevation_m": 8.43,
        "start_node": "RN-0257",
        "end_node": "RN-0523"
      },
      "geometry": {
        "type": "LineString",
        "coordinates": [
          [
            72.859596,
            19.062528
          ],
          [
            72.859579,
            19.062456
          ]
        ]
      }
    },
    {
      "type": "Feature",
      "properties": {
        "id": "R-0885",
        "osm_id": 1502383384,
        "name": "Bandra Kurla Complex Road",
        "highway_type": "primary",
        "lanes": 3,
        "width_m": 10.5,
        "length_m": 6.93,
        "maxspeed_kmh": 50,
        "oneway": true,
        "bridge": false,
        "tunnel": false,
        "midpoint_grid_row": 26,
        "midpoint_grid_col": 100,
        "elevation_m": 8.33,
        "start_node": "RN-0528",
        "end_node": "RN-0547"
      },
      "geometry": {
        "type": "LineString",
        "coordinates": [
          [
            72.859418,
            19.062515
          ],
          [
            72.859436,
            19.062575
          ]
        ]
      }
    },
    {
      "type": "Feature",
      "properties": {
        "id": "R-0886",
        "osm_id": 1502383385,
        "name": "Bandra Kurla Complex Road",
        "highway_type": "primary",
        "lanes": 3,
        "width_m": 10.5,
        "length_m": 362.42,
        "maxspeed_kmh": 50,
        "oneway": true,
        "bridge": false,
        "tunnel": false,
        "midpoint_grid_row": 44,
        "midpoint_grid_col": 110,
        "elevation_m": 11.04,
        "start_node": "RN-0548",
        "end_node": "RN-0335"
      },
      "geometry": {
        "type": "LineString",
        "coordinates": [
          [
            72.859515,
            19.062893
          ],
          [
            72.859546,
            19.062994
          ],
          [
            72.859637,
            19.063195
          ],
          [
            72.859721,
            19.063368
          ],
          [
            72.859838,
            19.063551
          ],
          [
            72.860008,
            19.063784
          ],
          [
            72.860152,
            19.063956
          ],
          [
            72.860266,
            19.064098
          ],
          [
            72.860322,
            19.064136
          ],
          [
            72.860356,
            19.064159
          ],
          [
            72.860416,
            19.064218
          ],
          [
            72.860569,
            19.064342
          ],
          [
            72.860673,
            19.064413
          ],
          [
            72.860785,
            19.06449
          ],
          [
            72.860791,
            19.064494
          ],
          [
            72.861051,
            19.064656
          ],
          [
            72.861206,
            19.064752
          ],
          [
            72.861392,
            19.064867
          ],
          [
            72.861865,
            19.065161
          ]
        ]
      }
    },
    {
      "type": "Feature",
      "properties": {
        "id": "R-0887",
        "osm_id": 1502383385,
        "name": "Bandra Kurla Complex Road",
        "highway_type": "primary",
        "lanes": 3,
        "width_m": 10.5,
        "length_m": 27.07,
        "maxspeed_kmh": 50,
        "oneway": true,
        "bridge": false,
        "tunnel": false,
        "midpoint_grid_row": 56,
        "midpoint_grid_col": 128,
        "elevation_m": 12.14,
        "start_node": "RN-0335",
        "end_node": "RN-0061"
      },
      "geometry": {
        "type": "LineString",
        "coordinates": [
          [
            72.861865,
            19.065161
          ],
          [
            72.86208,
            19.065295
          ]
        ]
      }
    },
    {
      "type": "Feature",
      "properties": {
        "id": "R-0888",
        "osm_id": 1509451010,
        "name": "Unnamed Residential Road",
        "highway_type": "residential",
        "lanes": 2,
        "width_m": 7.0,
        "length_m": 8.21,
        "maxspeed_kmh": 30,
        "oneway": false,
        "bridge": false,
        "tunnel": false,
        "midpoint_grid_row": 147,
        "midpoint_grid_col": 194,
        "elevation_m": -0.27,
        "start_node": "RN-0556",
        "end_node": "RN-0691"
      },
      "geometry": {
        "type": "LineString",
        "coordinates": [
          [
            72.868352,
            19.073515
          ],
          [
            72.86833,
            19.073556
          ],
          [
            72.868317,
            19.073581
          ]
        ]
      }
    },
    {
      "type": "Feature",
      "properties": {
        "id": "R-0889",
        "osm_id": 1509451010,
        "name": "Unnamed Residential Road",
        "highway_type": "residential",
        "lanes": 2,
        "width_m": 7.0,
        "length_m": 155.79,
        "maxspeed_kmh": 30,
        "oneway": false,
        "bridge": false,
        "tunnel": false,
        "midpoint_grid_row": 152,
        "midpoint_grid_col": 191,
        "elevation_m": 2.09,
        "start_node": "RN-0691",
        "end_node": "RN-0692"
      },
      "geometry": {
        "type": "LineString",
        "coordinates": [
          [
            72.868317,
            19.073581
          ],
          [
            72.868256,
            19.073696
          ],
          [
            72.868253,
            19.073706
          ],
          [
            72.868259,
            19.073716
          ],
          [
            72.8683,
            19.073737
          ],
          [
            72.868313,
            19.073746
          ],
          [
            72.868313,
            19.073759
          ],
          [
            72.868226,
            19.073963
          ],
          [
            72.868211,
            19.073971
          ],
          [
            72.868193,
            19.073969
          ],
          [
            72.868111,
            19.073934
          ],
          [
            72.868094,
            19.073933
          ],
          [
            72.868076,
            19.073938
          ],
          [
            72.868065,
            19.073947
          ],
          [
            72.868011,
            19.074065
          ],
          [
            72.868009,
            19.074084
          ],
          [
            72.868019,
            19.074099
          ],
          [
            72.868033,
            19.074108
          ],
          [
            72.868301,
            19.074214
          ],
          [
            72.868369,
            19.074259
          ],
          [
            72.868403,
            19.074326
          ],
          [
            72.868417,
            19.074364
          ],
          [
            72.868459,
            19.074403
          ],
          [
            72.868512,
            19.074416
          ],
          [
            72.86855,
            19.074417
          ]
        ]
      }
    },
    {
      "type": "Feature",
      "properties": {
        "id": "R-0890",
        "osm_id": 1509451010,
        "name": "Unnamed Residential Road",
        "highway_type": "residential",
        "lanes": 2,
        "width_m": 7.0,
        "length_m": 15.87,
        "maxspeed_kmh": 30,
        "oneway": false,
        "bridge": false,
        "tunnel": false,
        "midpoint_grid_row": 157,
        "midpoint_grid_col": 198,
        "elevation_m": 4.36,
        "start_node": "RN-0692",
        "end_node": "RN-0349"
      },
      "geometry": {
        "type": "LineString",
        "coordinates": [
          [
            72.86855,
            19.074417
          ],
          [
            72.868701,
            19.07442
          ]
        ]
      }
    },
    {
      "type": "Feature",
      "properties": {
        "id": "R-0891",
        "osm_id": 1509451010,
        "name": "Unnamed Residential Road",
        "highway_type": "residential",
        "lanes": 2,
        "width_m": 7.0,
        "length_m": 56.27,
        "maxspeed_kmh": 30,
        "oneway": false,
        "bridge": false,
        "tunnel": false,
        "midpoint_grid_row": 159,
        "midpoint_grid_col": 198,
        "elevation_m": 5.31,
        "start_node": "RN-0349",
        "end_node": "RN-0693"
      },
      "geometry": {
        "type": "LineString",
        "coordinates": [
          [
            72.868701,
            19.07442
          ],
          [
            72.868678,
            19.074551
          ],
          [
            72.868683,
            19.074579
          ],
          [
            72.8687,
            19.074594
          ],
          [
            72.868727,
            19.074603
          ],
          [
            72.86904,
            19.074604
          ]
        ]
      }
    },
    {
      "type": "Feature",
      "properties": {
        "id": "R-0892",
        "osm_id": 1509451011,
        "name": "Unnamed Residential Road",
        "highway_type": "residential",
        "lanes": 2,
        "width_m": 7.0,
        "length_m": 56.49,
        "maxspeed_kmh": 30,
        "oneway": false,
        "bridge": false,
        "tunnel": false,
        "midpoint_grid_row": 151,
        "midpoint_grid_col": 196,
        "elevation_m": -1.72,
        "start_node": "RN-0694",
        "end_node": "RN-0347"
      },
      "geometry": {
        "type": "LineString",
        "coordinates": [
          [
            72.868402,
            19.074078
          ],
          [
            72.868506,
            19.073878
          ],
          [
            72.868521,
            19.073863
          ],
          [
            72.868539,
            19.073861
          ],
          [
            72.868554,
            19.073867
          ],
          [
            72.868786,
            19.073943
          ]
        ]
      }
    },
    {
      "type": "Feature",
      "properties": {
        "id": "R-0893",
        "osm_id": 1509451012,
        "name": "Unnamed Residential Road",
        "highway_type": "residential",
        "lanes": 2,
        "width_m": 7.0,
        "length_m": 31.91,
        "maxspeed_kmh": 30,
        "oneway": false,
        "bridge": false,
        "tunnel": false,
        "midpoint_grid_row": 154,
        "midpoint_grid_col": 198,
        "elevation_m": 1.27,
        "start_node": "RN-0692",
        "end_node": "RN-0348"
      },
      "geometry": {
        "type": "LineString",
        "coordinates": [
          [
            72.86855,
            19.074417
          ],
          [
            72.868657,
            19.074188
          ],
          [
            72.868688,
            19.074166
          ]
        ]
      }
    },
    {
      "type": "Feature",
      "properties": {
        "id": "R-0894",
        "osm_id": 1509451013,
        "name": "Unnamed Residential Road",
        "highway_type": "residential",
        "lanes": 2,
        "width_m": 7.0,
        "length_m": 51.17,
        "maxspeed_kmh": 30,
        "oneway": false,
        "bridge": false,
        "tunnel": false,
        "midpoint_grid_row": 150,
        "midpoint_grid_col": 199,
        "elevation_m": -2.41,
        "start_node": "RN-0691",
        "end_node": "RN-0346"
      },
      "geometry": {
        "type": "LineString",
        "coordinates": [
          [
            72.868317,
            19.073581
          ],
          [
            72.868758,
            19.073776
          ]
        ]
      }
    },
    {
      "type": "Feature",
      "properties": {
        "id": "R-0895",
        "osm_id": 1509454894,
        "name": "Unnamed Residential Road",
        "highway_type": "residential",
        "lanes": 2,
        "width_m": 7.0,
        "length_m": 31.9,
        "maxspeed_kmh": 30,
        "oneway": false,
        "bridge": false,
        "tunnel": false,
        "midpoint_grid_row": 145,
        "midpoint_grid_col": 188,
        "elevation_m": 6.96,
        "start_node": "RN-0424",
        "end_node": "RN-0427"
      },
      "geometry": {
        "type": "LineString",
        "coordinates": [
          [
            72.867483,
            19.073241
          ],
          [
            72.867762,
            19.073354
          ]
        ]
      }
    },
    {
      "type": "Feature",
      "properties": {
        "id": "R-0896",
        "osm_id": 1509454895,
        "name": "Unnamed Residential Road",
        "highway_type": "residential",
        "lanes": 2,
        "width_m": 7.0,
        "length_m": 24.94,
        "maxspeed_kmh": 30,
        "oneway": false,
        "bridge": false,
        "tunnel": false,
        "midpoint_grid_row": 147,
        "midpoint_grid_col": 186,
        "elevation_m": 5.91,
        "start_node": "RN-0423",
        "end_node": "RN-0695"
      },
      "geometry": {
        "type": "LineString",
        "coordinates": [
          [
            72.867379,
            19.073463
          ],
          [
            72.867599,
            19.073547
          ]
        ]
      }
    },
    {
      "type": "Feature",
      "properties": {
        "id": "R-0897",
        "osm_id": 1509458683,
        "name": "Unnamed Residential Road",
        "highway_type": "residential",
        "lanes": 2,
        "width_m": 7.0,
        "length_m": 19.63,
        "maxspeed_kmh": 30,
        "oneway": false,
        "bridge": false,
        "tunnel": false,
        "midpoint_grid_row": 142,
        "midpoint_grid_col": 180,
        "elevation_m": 5.51,
        "start_node": "RN-0696",
        "end_node": "RN-0697"
      },
      "geometry": {
        "type": "LineString",
        "coordinates": [
          [
            72.867042,
            19.073004
          ],
          [
            72.867037,
            19.073023
          ],
          [
            72.867036,
            19.07318
          ]
        ]
      }
    },
    {
      "type": "Feature",
      "properties": {
        "id": "R-0898",
        "osm_id": 1509458683,
        "name": "Unnamed Residential Road",
        "highway_type": "residential",
        "lanes": 2,
        "width_m": 7.0,
        "length_m": 14.46,
        "maxspeed_kmh": 30,
        "oneway": false,
        "bridge": false,
        "tunnel": false,
        "midpoint_grid_row": 145,
        "midpoint_grid_col": 180,
        "elevation_m": 2.67,
        "start_node": "RN-0697",
        "end_node": "RN-0698"
      },
      "geometry": {
        "type": "LineString",
        "coordinates": [
          [
            72.867036,
            19.07318
          ],
          [
            72.867038,
            19.07331
          ]
        ]
      }
    },
    {
      "type": "Feature",
      "properties": {
        "id": "R-0899",
        "osm_id": 1509458683,
        "name": "Unnamed Residential Road",
        "highway_type": "residential",
        "lanes": 2,
        "width_m": 7.0,
        "length_m": 87.18,
        "maxspeed_kmh": 30,
        "oneway": false,
        "bridge": false,
        "tunnel": false,
        "midpoint_grid_row": 147,
        "midpoint_grid_col": 182,
        "elevation_m": 2.93,
        "start_node": "RN-0698",
        "end_node": "RN-0699"
      },
      "geometry": {
        "type": "LineString",
        "coordinates": [
          [
            72.867038,
            19.07331
          ],
          [
            72.867035,
            19.073452
          ],
          [
            72.867039,
            19.07347
          ],
          [
            72.867057,
            19.073487
          ],
          [
            72.867215,
            19.073546
          ],
          [
            72.867252,
            19.073547
          ],
          [
            72.867275,
            19.073533
          ],
          [
            72.867288,
            19.073512
          ],
          [
            72.86745,
            19.073193
          ]
        ]
      }
    },
    {
      "type": "Feature",
      "properties": {
        "id": "R-0900",
        "osm_id": 1509458683,
        "name": "Unnamed Residential Road",
        "highway_type": "residential",
        "lanes": 2,
        "width_m": 7.0,
        "length_m": 7.23,
        "maxspeed_kmh": 30,
        "oneway": false,
        "bridge": false,
        "tunnel": false,
        "midpoint_grid_row": 143,
        "midpoint_grid_col": 185,
        "elevation_m": 7.37,
        "start_node": "RN-0699",
        "end_node": "RN-0555"
      },
      "geometry": {
        "type": "LineString",
        "coordinates": [
          [
            72.86745,
            19.073193
          ],
          [
            72.867458,
            19.073176
          ],
          [
            72.867479,
            19.073134
          ]
        ]
      }
    },
    {
      "type": "Feature",
      "properties": {
        "id": "R-0901",
        "osm_id": 1509458685,
        "name": "Unnamed Residential Road",
        "highway_type": "residential",
        "lanes": 2,
        "width_m": 7.0,
        "length_m": 63.47,
        "maxspeed_kmh": 30,
        "oneway": false,
        "bridge": false,
        "tunnel": false,
        "midpoint_grid_row": 145,
        "midpoint_grid_col": 183,
        "elevation_m": 5.12,
        "start_node": "RN-0698",
        "end_node": "RN-0697"
      },
      "geometry": {
        "type": "LineString",
        "coordinates": [
          [
            72.867038,
            19.07331
          ],
          [
            72.867221,
            19.073385
          ],
          [
            72.867235,
            19.073384
          ],
          [
            72.867244,
            19.073379
          ],
          [
            72.867249,
            19.073372
          ],
          [
            72.867284,
            19.073302
          ],
          [
            72.867285,
            19.073293
          ],
          [
            72.867283,
            19.073285
          ],
          [
            72.867036,
            19.07318
          ]
        ]
      }
    },
    {
      "type": "Feature",
      "properties": {
        "id": "R-0902",
        "osm_id": 1511659332,
        "name": "Unnamed Residential Road",
        "highway_type": "residential",
        "lanes": 2,
        "width_m": 7.0,
        "length_m": 23.69,
        "maxspeed_kmh": 30,
        "oneway": false,
        "bridge": false,
        "tunnel": false,
        "midpoint_grid_row": 142,
        "midpoint_grid_col": 183,
        "elevation_m": 6.82,
        "start_node": "RN-0700",
        "end_node": "RN-0699"
      },
      "geometry": {
        "type": "LineString",
        "coordinates": [
          [
            72.86727,
            19.073084
          ],
          [
            72.86727,
            19.073099
          ],
          [
            72.867274,
            19.073111
          ],
          [
            72.86745,
            19.073193
          ]
        ]
      }
    },
    {
      "type": "Feature",
      "properties": {
        "id": "R-0903",
        "osm_id": 1511659333,
        "name": "Unnamed Residential Road",
        "highway_type": "residential",
        "lanes": 2,
        "width_m": 7.0,
        "length_m": 6.19,
        "maxspeed_kmh": 30,
        "oneway": false,
        "bridge": false,
        "tunnel": false,
        "midpoint_grid_row": 141,
        "midpoint_grid_col": 181,
        "elevation_m": 6.23,
        "start_node": "RN-0554",
        "end_node": "RN-0696"
      },
      "geometry": {
        "type": "LineString",
        "coordinates": [
          [
            72.867063,
            19.072952
          ],
          [
            72.867052,
            19.072978
          ],
          [
            72.867042,
            19.073004
          ]
        ]
      }
    },
    {
      "type": "Feature",
      "properties": {
        "id": "R-0904",
        "osm_id": 1511659334,
        "name": "Unnamed Residential Road",
        "highway_type": "residential",
        "lanes": 2,
        "width_m": 7.0,
        "length_m": 13.45,
        "maxspeed_kmh": 30,
        "oneway": false,
        "bridge": false,
        "tunnel": false,
        "midpoint_grid_row": 141,
        "midpoint_grid_col": 181,
        "elevation_m": 6.23,
        "start_node": "RN-0701",
        "end_node": "RN-0696"
      },
      "geometry": {
        "type": "LineString",
        "coordinates": [
          [
            72.866915,
            19.072989
          ],
          [
            72.867042,
            19.073004
          ]
        ]
      }
    },
    {
      "type": "Feature",
      "properties": {
        "id": "R-0905",
        "osm_id": 1545056489,
        "name": "Street 3",
        "highway_type": "secondary",
        "lanes": 2,
        "width_m": 7.0,
        "length_m": 18.15,
        "maxspeed_kmh": 40,
        "oneway": true,
        "bridge": false,
        "tunnel": false,
        "midpoint_grid_row": 26,
        "midpoint_grid_col": 100,
        "elevation_m": 8.33,
        "start_node": "RN-0523",
        "end_node": "RN-0528"
      },
      "geometry": {
        "type": "LineString",
        "coordinates": [
          [
            72.859579,
            19.062456
          ],
          [
            72.859418,
            19.062515
          ]
        ]
      }
    },
    {
      "type": "Feature",
      "properties": {
        "id": "R-0906",
        "osm_id": 1545056490,
        "name": "Street 3",
        "highway_type": "secondary",
        "lanes": 2,
        "width_m": 7.0,
        "length_m": 17.61,
        "maxspeed_kmh": 40,
        "oneway": true,
        "bridge": false,
        "tunnel": false,
        "midpoint_grid_row": 26,
        "midpoint_grid_col": 102,
        "elevation_m": 8.0,
        "start_node": "RN-0547",
        "end_node": "RN-0257"
      },
      "geometry": {
        "type": "LineString",
        "coordinates": [
          [
            72.859436,
            19.062575
          ],
          [
            72.859596,
            19.062528
          ]
        ]
      }
    },
    {
      "type": "Feature",
      "properties": {
        "id": "R-0907",
        "osm_id": 1550772174,
        "name": "Unnamed Secondary Road",
        "highway_type": "secondary",
        "lanes": 2,
        "width_m": 7.0,
        "length_m": 91.44,
        "maxspeed_kmh": 40,
        "oneway": true,
        "bridge": false,
        "tunnel": false,
        "midpoint_grid_row": 184,
        "midpoint_grid_col": 126,
        "elevation_m": 2.24,
        "start_node": "RN-0356",
        "end_node": "RN-0013"
      },
      "geometry": {
        "type": "LineString",
        "coordinates": [
          [
            72.862354,
            19.077504
          ],
          [
            72.861848,
            19.076835
          ]
        ]
      }
    },
    {
      "type": "Feature",
      "properties": {
        "id": "R-0908",
        "osm_id": 1550772174,
        "name": "Unnamed Secondary Road",
        "highway_type": "secondary",
        "lanes": 2,
        "width_m": 7.0,
        "length_m": 271.71,
        "maxspeed_kmh": 40,
        "oneway": true,
        "bridge": false,
        "tunnel": false,
        "midpoint_grid_row": 169,
        "midpoint_grid_col": 116,
        "elevation_m": 15.0,
        "start_node": "RN-0013",
        "end_node": "RN-0288"
      },
      "geometry": {
        "type": "LineString",
        "coordinates": [
          [
            72.861848,
            19.076835
          ],
          [
            72.861437,
            19.076295
          ],
          [
            72.861012,
            19.075753
          ],
          [
            72.860873,
            19.075542
          ],
          [
            72.860792,
            19.075346
          ],
          [
            72.860633,
            19.074719
          ]
        ]
      }
    },
    {
      "type": "Feature",
      "properties": {
        "id": "R-0909",
        "osm_id": 1552898324,
        "name": "Jawaharlal Nehru Road",
        "highway_type": "secondary",
        "lanes": 2,
        "width_m": 7.0,
        "length_m": 26.65,
        "maxspeed_kmh": 40,
        "oneway": false,
        "bridge": false,
        "tunnel": false,
        "midpoint_grid_row": 195,
        "midpoint_grid_col": 129,
        "elevation_m": 2.47,
        "start_node": "RN-0702",
        "end_node": "RN-0361"
      },
      "geometry": {
        "type": "LineString",
        "coordinates": [
          [
            72.861944,
            19.07786
          ],
          [
            72.862197,
            19.077844
          ]
        ]
      }
    },
    {
      "type": "Feature",
      "properties": {
        "id": "R-0910",
        "osm_id": 1552898324,
        "name": "Jawaharlal Nehru Road",
        "highway_type": "secondary",
        "lanes": 2,
        "width_m": 7.0,
        "length_m": 8.33,
        "maxspeed_kmh": 40,
        "oneway": false,
        "bridge": false,
        "tunnel": false,
        "midpoint_grid_row": 195,
        "midpoint_grid_col": 130,
        "elevation_m": 2.13,
        "start_node": "RN-0361",
        "end_node": "RN-0625"
      },
      "geometry": {
        "type": "LineString",
        "coordinates": [
          [
            72.862197,
            19.077844
          ],
          [
            72.862276,
            19.077838
          ]
        ]
      }
    },
    {
      "type": "Feature",
      "properties": {
        "id": "R-0911",
        "osm_id": 1552898324,
        "name": "Jawaharlal Nehru Road",
        "highway_type": "secondary",
        "lanes": 2,
        "width_m": 7.0,
        "length_m": 18.9,
        "maxspeed_kmh": 40,
        "oneway": false,
        "bridge": false,
        "tunnel": false,
        "midpoint_grid_row": 194,
        "midpoint_grid_col": 132,
        "elevation_m": 2.0,
        "start_node": "RN-0625",
        "end_node": "RN-0371"
      },
      "geometry": {
        "type": "LineString",
        "coordinates": [
          [
            72.862276,
            19.077838
          ],
          [
            72.862453,
            19.077808
          ]
        ]
      }
    },
    {
      "type": "Feature",
      "properties": {
        "id": "R-0912",
        "osm_id": 1552898325,
        "name": "Jawaharlal Nehru Road",
        "highway_type": "secondary",
        "lanes": 2,
        "width_m": 7.0,
        "length_m": 19.76,
        "maxspeed_kmh": 40,
        "oneway": false,
        "bridge": false,
        "tunnel": false,
        "midpoint_grid_row": 195,
        "midpoint_grid_col": 127,
        "elevation_m": 3.44,
        "start_node": "RN-0023",
        "end_node": "RN-0702"
      },
      "geometry": {
        "type": "LineString",
        "coordinates": [
          [
            72.861756,
            19.077856
          ],
          [
            72.861944,
            19.07786
          ]
        ]
      }
    },
    {
      "type": "Feature",
      "properties": {
        "id": "R-0913",
        "osm_id": 1552898326,
        "name": "St Anthony Road",
        "highway_type": "residential",
        "lanes": 2,
        "width_m": 7.0,
        "length_m": 16.64,
        "maxspeed_kmh": 30,
        "oneway": false,
        "bridge": false,
        "tunnel": false,
        "midpoint_grid_row": 194,
        "midpoint_grid_col": 123,
        "elevation_m": 7.82,
        "start_node": "RN-0023",
        "end_node": "RN-0015"
      },
      "geometry": {
        "type": "LineString",
        "coordinates": [
          [
            72.861756,
            19.077856
          ],
          [
            72.86161,
            19.077798
          ]
        ]
      }
    }
  ]
}