road_id,source,target,length_m,road_class,flood_susceptibility_score,risk_class,elevation_score,imperviousness_score,infiltration_score,flow_accumulation_score,twi_score,slope_score
R-001,10044201331,12243225438,31.35,trunk,0.6112,HIGH,0.8358,0.78,0.78,0.1805,0.3784,0.7817
R-002,10044201331,13615156515,103.69,tertiary,0.7433,HIGH,0.8715,0.8114,0.8114,0.5555,0.597,0.8433
R-003,10055232024,13616287392,9.75,residential,0.574,HIGH,0.8991,0.8343,0.8343,0.0557,0.1691,0.6567
R-004,10055232024,13626183259,7.16,residential,0.5725,HIGH,0.8973,0.8343,0.8343,0.0648,0.1644,0.6342
R-005,10055232024,13639959260,22.82,tertiary,0.6537,HIGH,0.9206,0.8543,0.8543,0.3028,0.2846,0.6733
R-006,10055232027,13626183259,90.39,residential,0.5675,HIGH,0.8412,0.7829,0.7829,0.0389,0.2452,0.8067
R-007,10091403656,13615172965,33.31,tertiary,0.8043,VERY_HIGH,0.8721,0.8114,0.8114,0.693,0.7761,0.9083
R-008,10091403656,13616325515,6.09,tertiary_link,0.751,VERY_HIGH,0.8612,0.8029,0.8029,0.6179,0.5769,0.8767
R-009,10091403659,296853793,74.13,primary,0.498,MODERATE,0.647,0.6114,0.6114,0.1382,0.3257,0.7808
R-010,10091403662,13617040694,36.49,tertiary,0.5426,HIGH,0.8064,0.7543,0.7543,0.0139,0.2269,0.805
R-011,10091403662,3193827831,7.59,residential,0.5406,HIGH,0.8006,0.7486,0.7486,0.0,0.2332,0.835
R-012,10091403664,10091403656,29.95,tertiary,0.7436,HIGH,0.85,0.7914,0.7914,0.6218,0.579,0.8542
R-013,10091403664,245666192,6.21,residential,0.768,VERY_HIGH,0.8436,0.7857,0.7857,0.6769,0.6958,0.845
R-014,10111287875,13618292025,47.89,residential,0.1573,LOW,0.2439,0.2543,0.2543,0.0148,0.0301,0.1208
R-015,10213907200,11027088421,342.73,unclassified,0.549,HIGH,0.7406,0.6943,0.6943,0.2097,0.2829,0.735
R-016,10245790327,10245790331,31.71,trunk,0.4702,MODERATE,0.6936,0.6543,0.6543,0.0,0.1817,0.7517
R-017,10245790331,13798210715,64.09,trunk,0.6129,HIGH,0.8112,0.7571,0.7571,0.4259,0.2791,0.5867
R-018,10245790331,13798244195,9.33,residential,0.4586,MODERATE,0.7052,0.6629,0.6629,0.0,0.1228,0.6708
R-019,10265662124,12406104883,82.88,trunk,0.5111,HIGH,0.7079,0.6657,0.6657,0.0276,0.2819,0.8867
R-020,10265662124,12406104885,13.21,residential,0.4981,MODERATE,0.7197,0.6771,0.6771,0.0367,0.1975,0.8017
R-021,10265662126,10265662124,147.7,trunk,0.6781,HIGH,0.8152,0.76,0.76,0.5889,0.3395,0.8033
R-022,10265662126,6428382636,15.66,residential,0.5818,HIGH,0.8139,0.76,0.76,0.0971,0.3259,0.8475
R-023,10265662174,622042581,86.75,trunk_link,0.5588,HIGH,0.7976,0.7457,0.7457,0.2605,0.2819,0.4392
R-024,10265662174,622042582,45.31,trunk,0.5235,HIGH,0.7755,0.7257,0.7257,0.2761,0.2432,0.2267
R-025,10265662175,10265662174,41.47,trunk,0.6355,HIGH,0.8082,0.7543,0.7543,0.4265,0.4221,0.6125
R-026,10265662175,12406085638,134.01,trunk_link,0.6298,HIGH,0.8215,0.7657,0.7657,0.3773,0.3689,0.6675
R-027,10279771623,10279771626,41.31,primary_link,0.5724,HIGH,0.8121,0.7571,0.7571,0.0862,0.3039,0.8217
R-028,10279771623,631507992,28.4,primary,0.5789,HIGH,0.8336,0.7771,0.7771,0.1152,0.2903,0.7358
R-029,10279771626,2897024777,70.02,tertiary,0.544,HIGH,0.7603,0.7114,0.7114,0.0045,0.3229,0.9358
R-030,10279771627,10279771631,54.54,primary_link,0.4217,MODERATE,0.6397,0.6057,0.6057,0.0105,0.1294,0.6025
R-031,10279771627,245666966,35.27,primary,0.4115,MODERATE,0.6267,0.5943,0.5943,0.0062,0.1224,0.5858
R-032,10279771631,631507969,76.02,secondary,0.4493,MODERATE,0.6548,0.6171,0.6171,0.0045,0.1804,0.7442
R-033,10292442915,13383144370,76.65,secondary,0.446,MODERATE,0.557,0.5314,0.5314,0.0563,0.3257,0.885
R-034,10294725029,12350425034,184.13,tertiary,0.5356,HIGH,0.7818,0.7314,0.7314,0.0418,0.2495,0.775
R-035,10294725029,13638535682,24.64,residential,0.5114,HIGH,0.7715,0.7229,0.7229,0.0,0.1831,0.7658
R-036,10316548327,6428793085,65.39,residential,0.5619,HIGH,0.6948,0.6543,0.6543,0.2955,0.4062,0.7392
R-037,10384248274,10384248275,22.33,trunk_link,0.5804,HIGH,0.7564,0.7086,0.7086,0.3407,0.2314,0.7825
R-038,10384248274,2897024866,30.44,trunk,0.4874,MODERATE,0.737,0.6914,0.6914,0.0221,0.1737,0.675
R-039,10384248275,10384248274,22.33,trunk_link,0.5804,HIGH,0.7564,0.7086,0.7086,0.3407,0.2314,0.7825
R-040,10384248275,12406104884,257.8,trunk,0.6008,HIGH,0.7382,0.6943,0.6943,0.3257,0.3814,0.8783
R-041,10564373799,10564373800,16.79,residential,0.5525,HIGH,0.7382,0.6914,0.6914,0.2045,0.3444,0.7033
R-042,10564373799,245667361,48.5,trunk,0.5316,HIGH,0.7648,0.7171,0.7171,0.1737,0.3067,0.4692
R-043,10564373800,10564373799,16.79,residential,0.5525,HIGH,0.7382,0.6914,0.6914,0.2045,0.3444,0.7033
R-044,10653501374,10653501375,64.59,residential,0.356,MODERATE,0.5427,0.52,0.52,0.0164,0.0952,0.4792
R-045,10653501374,245665910,119.23,residential,0.6197,HIGH,0.7894,0.7371,0.7371,0.3485,0.3962,0.7475
R-046,10653501374,473698890,69.48,residential,0.3567,MODERATE,0.5233,0.5029,0.5029,0.0213,0.1208,0.5367
R-047,10653501375,10653501374,64.59,residential,0.356,MODERATE,0.5427,0.52,0.52,0.0164,0.0952,0.4792
R-048,10653501375,10696472308,7.52,residential,0.3508,MODERATE,0.5088,0.4886,0.4886,0.0045,0.1198,0.5917
R-049,10653501375,245666351,155.72,residential,0.4554,MODERATE,0.6548,0.6171,0.6171,0.0284,0.2271,0.6867
R-050,10653501375,473698890,29.16,residential,0.3364,MODERATE,0.4594,0.4457,0.4457,0.0,0.1416,0.6725
R-051,10696472306,13638535670,39.79,residential,0.544,HIGH,0.7436,0.6971,0.6971,0.0433,0.3684,0.8742
R-052,10696472306,13638535675,29.79,residential,0.5401,HIGH,0.7439,0.6971,0.6971,0.0923,0.3303,0.7933
R-053,10696472306,245666367,71.59,residential,0.61,HIGH,0.77,0.72,0.72,0.2605,0.4386,0.8608
R-054,10696472307,10696472308,48.33,residential,0.3672,MODERATE,0.5488,0.5257,0.5257,0.0164,0.1145,0.53
R-055,10696472307,13638535675,33.56,residential,0.4436,MODERATE,0.6648,0.6286,0.6286,0.0666,0.1573,0.5367
R-056,10696472307,245666323,69.45,residential,0.4726,MODERATE,0.6682,0.6314,0.6314,0.0918,0.2231,0.6617
R-057,10696472308,10653501375,7.52,residential,0.3508,MODERATE,0.5088,0.4886,0.4886,0.0045,0.1198,0.5917
R-058,10696472308,10696472307,48.33,residential,0.3672,MODERATE,0.5488,0.5257,0.5257,0.0164,0.1145,0.53
R-059,10696472308,13638535652,64.73,residential,0.3684,MODERATE,0.5639,0.5371,0.5371,0.0164,0.1015,0.4908
R-060,10696472308,245666260,71.83,residential,0.4326,MODERATE,0.6106,0.58,0.58,0.0173,0.1983,0.7425
R-061,10696472309,13638535652,3.19,residential,0.4442,MODERATE,0.6903,0.6514,0.6514,0.0284,0.1378,0.5183
R-062,10696472347,10696472356,48.98,residential,0.7019,HIGH,0.8279,0.7714,0.7714,0.4069,0.699,0.8008
R-063,10696472347,13638535683,64.81,residential,0.5435,HIGH,0.7609,0.7114,0.7114,0.1531,0.2762,0.7025
R-064,10696472347,245666482,74.32,residential,0.7583,VERY_HIGH,0.8379,0.78,0.78,0.4561,0.9364,0.86
R-065,10696472349,10696472350,66.34,residential,0.467,MODERATE,0.6667,0.6286,0.6286,0.0088,0.2134,0.7992
R-066,10696472349,13638535686,74.14,residential,0.5482,HIGH,0.7555,0.7086,0.7086,0.1615,0.273,0.7583
R-067,10696472349,2439333822,119.0,residential,0.5907,HIGH,0.7697,0.72,0.72,0.1871,0.41,0.8583
R-068,10696472349,245666190,28.07,residential,0.488,MODERATE,0.7112,0.6686,0.6686,0.0292,0.2023,0.7558
R-069,10696472350,10696472349,66.34,residential,0.467,MODERATE,0.6667,0.6286,0.6286,0.0088,0.2134,0.7992
R-070,10696472350,13638535683,64.98,residential,0.4788,MODERATE,0.6755,0.6371,0.6371,0.0229,0.2356,0.8083
R-071,10696472350,13638535685,72.75,residential,0.5134,HIGH,0.7279,0.6829,0.6829,0.0955,0.2508,0.7208
R-072,10696472350,245666260,30.74,residential,0.4788,MODERATE,0.6494,0.6143,0.6143,0.0105,0.2837,0.8925
R-073,10696472351,13638535681,16.07,residential,0.5545,HIGH,0.7755,0.7257,0.7257,0.0716,0.314,0.84
R-074,10696472356,10696472347,48.98,residential,0.7019,HIGH,0.8279,0.7714,0.7714,0.4069,0.699,0.8008
R-075,10696472356,13638535681,14.31,residential,0.5801,HIGH,0.7939,0.7429,0.7429,0.1792,0.3156,0.7808
R-076,10696472356,245666446,29.73,residential,0.5907,HIGH,0.7927,0.74,0.74,0.2151,0.3384,0.7933
R-077,10724726259,11047568171,11.43,tertiary,0.603,HIGH,0.8442,0.7857,0.7857,0.036,0.3839,0.9442
R-078,10724726259,13617040682,6.53,residential,0.6116,HIGH,0.8415,0.7829,0.7829,0.0698,0.4081,0.9408
R-079,10724781030,13617040686,34.9,tertiary,0.8441,VERY_HIGH,0.9227,0.8543,0.8543,0.8807,0.662,0.8508
R-080,10724781030,245666801,7.12,tertiary,0.8067,VERY_HIGH,0.9136,0.8457,0.8457,0.8395,0.4992,0.8525
R-081,10772904744,2804481649,69.76,trunk,,UNKNOWN,,,,,,
R-082,10840042416,13619396536,18.54,residential,,UNKNOWN,,,,,,
R-083,10923438752,622039354,34.51,residential,0.654,HIGH,0.8297,0.7743,0.7743,0.4273,0.3658,0.7675
R-084,10923690270,10923690281,153.14,residential,,UNKNOWN,,,,,,
R-085,10923690270,6554236451,93.08,residential,,UNKNOWN,,,,,,
R-086,10923690270,6554236455,37.36,residential,,UNKNOWN,,,,,,
R-087,10923690281,10923690270,153.14,residential,,UNKNOWN,,,,,,
R-088,10923690283,10923690287,29.89,residential,,UNKNOWN,,,,,,
R-089,10923690283,6554236429,13.34,residential,,UNKNOWN,,,,,,
R-090,10923690283,6554236451,112.47,residential,,UNKNOWN,,,,,,
R-091,10923690287,10923690283,29.89,residential,,UNKNOWN,,,,,,
R-092,10923690293,13617292726,6.68,residential,,UNKNOWN,,,,,,
R-093,10923690293,13617292729,36.91,residential,,UNKNOWN,,,,,,
R-094,10923690293,2244637068,48.3,residential,,UNKNOWN,,,,,,
R-095,10924156281,9684698224,68.54,residential,,UNKNOWN,,,,,,
R-096,10924277272,10924277275,31.57,residential,0.5666,HIGH,0.7909,0.74,0.7371,0.1488,0.2755,0.7875
R-097,10924277272,12756633089,92.32,residential,0.462,MODERATE,0.7158,0.6714,0.6714,0.0,0.1309,0.6425
R-098,10924277272,12756633089,156.13,residential,0.5697,HIGH,0.8094,0.7543,0.7543,0.2602,0.1949,0.6258
R-099,10924277275,10924277272,31.57,residential,0.5666,HIGH,0.7909,0.74,0.7371,0.1488,0.2755,0.7875
R-100,10924277275,10924277275,339.19,residential,0.6545,HIGH,0.8276,0.7714,0.7714,0.2471,0.545,0.8783
R-101,10924277275,10924277275,339.19,residential,0.6545,HIGH,0.8276,0.7714,0.7714,0.2471,0.545,0.8783
R-102,10925931739,11046205760,18.27,residential,0.5158,HIGH,0.7627,0.7143,0.7143,0.0253,0.2084,0.7692
R-103,10925931739,13619485526,8.68,residential,0.5134,HIGH,0.7624,0.7143,0.7143,0.0173,0.1966,0.7792
R-104,10925931739,2244797686,51.06,residential,0.5478,HIGH,0.8136,0.76,0.76,0.0563,0.235,0.7258
R-105,10925931740,13619485519,103.44,residential,0.5331,HIGH,0.7648,0.7171,0.7171,0.059,0.2525,0.795
R-106,10925931740,13619485519,10.53,residential,0.5188,HIGH,0.7642,0.7143,0.7143,0.0229,0.211,0.7975
R-107,10925931740,13619485526,12.82,residential,0.5106,HIGH,0.7567,0.7086,0.7086,0.0148,0.1989,0.7842
R-108,10925931781,245667933,125.58,residential,0.5604,HIGH,0.7794,0.7286,0.7286,0.1912,0.2863,0.6833
R-109,10925931781,245668039,8.27,secondary,0.6739,HIGH,0.8394,0.7829,0.7829,0.2969,0.5751,0.8633
R-110,10925931781,4342420515,46.46,secondary,0.5687,HIGH,0.7991,0.7457,0.7457,0.1659,0.3206,0.6658
R-111,10925941296,10925941300,34.66,residential,0.5412,HIGH,0.787,0.7343,0.7343,0.0315,0.2519,0.8275
R-112,10925941300,10925941296,34.66,residential,0.5412,HIGH,0.787,0.7343,0.7343,0.0315,0.2519,0.8275
R-113,10925941300,13619412997,44.77,residential,0.5378,HIGH,0.7782,0.7286,0.7286,0.0353,0.2569,0.8158
R-114,10925941300,13622503093,33.46,residential,0.5821,HIGH,0.8042,0.7486,0.7486,0.0992,0.3659,0.845
R-115,10925943006,13619500841,47.23,residential,,UNKNOWN,,,,,,
R-116,10925943006,13622503093,9.08,residential,,UNKNOWN,,,,,,
R-117,10925943006,13622528191,15.5,residential,,UNKNOWN,,,,,,
R-118,11027088421,10213907200,342.73,unclassified,0.549,HIGH,0.7406,0.6943,0.6943,0.2097,0.2829,0.735
R-119,11027088421,2897024682,481.95,unclassified,0.5826,HIGH,0.6991,0.6571,0.6571,0.3108,0.4361,0.8525
R-120,11045926287,7404711443,269.44,residential,0.4601,MODERATE,0.6382,0.6029,0.6029,0.0345,0.2508,0.7692
R-121,11046194844,11046194845,19.74,residential,0.6331,HIGH,0.8994,0.8371,0.8371,0.2089,0.4566,0.5
R-122,11046194845,11046194844,19.74,residential,0.6327,HIGH,0.8994,0.8371,0.8343,0.2089,0.4566,0.5
R-123,11046194845,13619396529,29.14,residential,0.6163,HIGH,0.8912,0.8286,0.8286,0.1934,0.396,0.5
R-124,11046194845,2244797686,23.64,residential,0.6193,HIGH,0.8782,0.8171,0.8171,0.1596,0.3442,0.7408
R-125,11046205758,11046205759,24.89,residential,0.4988,MODERATE,0.7273,0.6829,0.6829,0.0062,0.2348,0.7783
R-126,11046205759,11046205758,24.89,residential,0.4988,MODERATE,0.7273,0.6829,0.6829,0.0062,0.2348,0.7783
R-127,11046205759,11046205760,20.9,residential,0.5085,HIGH,0.7497,0.7029,0.7029,0.0131,0.2134,0.7792
R-128,11046205759,13622492455,2.71,residential,0.5071,HIGH,0.7433,0.6971,0.6971,0.0173,0.2211,0.7783
R-129,11046205760,10925931739,18.27,residential,0.5158,HIGH,0.7627,0.7143,0.7143,0.0253,0.2084,0.7692
R-130,11046205760,11046205759,20.9,residential,0.5085,HIGH,0.7497,0.7029,0.7029,0.0131,0.2134,0.7792
R-131,11046205760,13622492459,27.53,residential,0.5173,HIGH,0.7685,0.72,0.72,0.0315,0.2061,0.7442
R-132,11047568171,13617040683,46.74,tertiary,0.6317,HIGH,0.847,0.7886,0.7886,0.0292,0.5731,0.945
R-133,11047568171,13626183257,126.95,residential,0.6199,HIGH,0.8379,0.78,0.78,0.0537,0.5094,0.9217
R-134,11047597219,13619318851,57.84,residential,0.4893,MODERATE,0.7442,0.6971,0.6971,0.0616,0.1734,0.5817
R-135,11047597219,13619318852,25.35,residential,0.4918,MODERATE,0.7427,0.6971,0.6971,0.008,0.1684,0.7242
R-136,11047597219,13619318864,14.89,residential,0.5185,HIGH,0.7858,0.7343,0.7343,0.0583,0.1866,0.6467
R-137,11054614468,11054614468,200.97,residential,0.5107,HIGH,0.6976,0.6571,0.6571,0.144,0.2916,0.6867
R-138,11054614468,11054614468,200.97,residential,0.5107,HIGH,0.6976,0.6571,0.6571,0.144,0.2916,0.6867
R-139,11054614468,3743617940,13.33,residential,0.4753,MODERATE,0.6667,0.6286,0.6286,0.0,0.245,0.8525
R-140,11054646813,11054646825,16.11,residential,0.4127,MODERATE,0.6367,0.6029,0.6029,0.0,0.1091,0.58
R-141,11054646813,2244637012,57.63,residential,0.4587,MODERATE,0.7209,0.6771,0.6771,0.1018,0.1376,0.3658
R-142,11054646813,622060792,14.23,residential,0.423,MODERATE,0.6506,0.6143,0.6143,0.0,0.1212,0.5967
R-143,11054646825,11054646813,16.11,residential,0.4127,MODERATE,0.6367,0.6029,0.6029,0.0,0.1091,0.58
R-144,11054646825,11054646825,107.16,residential,0.4011,MODERATE,0.5976,0.5686,0.5686,0.0,0.1386,0.6183
R-145,11054646825,11054646825,107.16,residential,0.4011,MODERATE,0.5976,0.5686,0.5686,0.0,0.1386,0.6183
R-146,11054673420,2244637056,46.64,residential,,UNKNOWN,,,,,,
R-147,11271580571,10091403659,6.71,primary,0.5246,HIGH,0.6755,0.6371,0.6371,0.152,0.3619,0.8183
R-148,11271580571,13617067002,61.72,tertiary,0.5112,HIGH,0.6973,0.6571,0.6571,0.1162,0.2749,0.7733
R-149,11368130746,7404711477,113.44,residential,0.5661,HIGH,0.7097,0.6657,0.6657,0.0404,0.6191,0.9025
R-150,11976374939,13622308166,65.09,tertiary,0.6464,HIGH,0.75,0.7029,0.7029,0.4167,0.5434,0.855
R-151,11976374939,245666426,36.9,tertiary,0.6223,HIGH,0.7473,0.7,0.7,0.3599,0.4717,0.8508
R-152,12079741513,2897024615,17.64,secondary,0.6061,HIGH,0.6642,0.6257,0.6257,0.3934,0.5942,0.8642
R-153,12079741513,6552594957,398.69,primary,0.4721,MODERATE,0.5467,0.5229,0.5229,0.2622,0.3225,0.7892
R-154,12084454212,631525434,42.28,tertiary,0.4912,MODERATE,0.6712,0.6314,0.6314,0.0114,0.2945,0.895
R-155,12084454212,9469495781,9.2,secondary,0.5075,HIGH,0.6733,0.6343,0.6343,0.0189,0.36,0.9308
R-156,12243225438,245667542,141.67,trunk,0.5427,HIGH,0.7555,0.7086,0.7086,0.0982,0.286,0.8108
R-157,12311766936,2897024667,12.64,tertiary,0.5266,HIGH,0.6982,0.6571,0.6571,0.1531,0.2904,0.8275
R-158,12311766936,476488948,198.12,tertiary,0.4879,MODERATE,0.6482,0.6143,0.6143,0.0851,0.2941,0.8208
R-159,12313982248,13615172966,7.68,residential,0.641,HIGH,0.8782,0.8171,0.8171,0.1928,0.3931,0.8183
R-160,12313982248,13617040693,31.44,tertiary,0.6045,HIGH,0.8597,0.8,0.8,0.1304,0.3123,0.7967
R-161,12313982248,13619368472,36.88,residential,0.6465,HIGH,0.8839,0.8229,0.8229,0.2025,0.393,0.8225
R-162,12313982253,12313982254,8.92,residential,0.8477,VERY_HIGH,0.9103,0.8457,0.8457,0.8691,0.7763,0.7942
R-163,12313982253,13617040688,39.95,tertiary,0.7994,VERY_HIGH,0.8958,0.8314,0.8314,0.8128,0.6294,0.7225
R-164,12313982253,3803645219,213.14,residential,0.6655,HIGH,0.8327,0.7771,0.7771,0.5088,0.3296,0.7575
R-165,12313982254,12313982253,8.92,residential,0.8477,VERY_HIGH,0.9103,0.8457,0.8457,0.8691,0.7763,0.7942
R-166,12313982254,13617040685,16.07,tertiary,0.8843,VERY_HIGH,0.9212,0.8543,0.8543,0.9286,0.8807,0.8325
R-167,12334925193,2804520131,48.26,trunk,0.6028,HIGH,0.7842,0.7343,0.7343,0.1845,0.4334,0.87
R-168,12334925204,10265648752,1919.79,trunk,0.5969,HIGH,0.7588,0.7114,0.7114,0.3245,0.3425,0.7983
R-169,12334925204,12334925193,324.23,trunk_link,0.4716,MODERATE,0.6697,0.6314,0.6314,0.1204,0.2135,0.6058
R-170,12350301184,245666579,14.74,tertiary,0.6131,HIGH,0.8952,0.8314,0.8314,0.044,0.364,0.7967
R-171,12350391111,10294725029,8.95,tertiary,0.5129,HIGH,0.7745,0.7257,0.7257,0.0,0.1797,0.77
R-172,12350391111,12350391112,8.29,tertiary_link,0.5198,HIGH,0.7812,0.7314,0.7286,0.0062,0.1909,0.7808
R-173,12350391112,12350391111,8.29,tertiary_link,0.5198,HIGH,0.7812,0.7314,0.7286,0.0062,0.1909,0.7808
R-174,12350391112,13617092826,85.79,tertiary,0.5883,HIGH,0.8288,0.7743,0.7743,0.0734,0.3324,0.87
R-175,12350425034,245666579,7.73,residential,0.5978,HIGH,0.8852,0.8229,0.8229,0.0635,0.2999,0.7508
R-176,12350446596,12350446597,7.21,tertiary_link,0.5209,HIGH,0.7088,0.6657,0.6657,0.1382,0.292,0.7475
R-177,12350446596,13621901230,54.21,tertiary,0.5708,HIGH,0.7645,0.7143,0.7143,0.2278,0.338,0.7167
R-178,12350446597,12350446596,7.21,tertiary_link,0.5209,HIGH,0.7088,0.6657,0.6657,0.1382,0.292,0.7475
R-179,12350446597,13621901233,51.22,tertiary,0.5003,HIGH,0.6767,0.6371,0.6371,0.0489,0.3554,0.7892
R-180,12350931355,2897024749,9.82,tertiary,,UNKNOWN,,,,,,
R-181,12350931355,631507991,96.86,tertiary,,UNKNOWN,,,,,,
R-182,12350931356,12350931355,8.27,tertiary,,UNKNOWN,,,,,,
R-183,12378368422,12378368426,5.99,residential,0.1729,LOW,0.1836,0.2,0.2,0.0,0.1021,0.5083
R-184,12378368422,6490872923,67.3,residential,0.2355,LOW,0.3576,0.3543,0.3543,0.0537,0.0861,0.1633
R-185,12378368422,6490872930,25.19,residential,0.1986,LOW,0.1964,0.2114,0.2114,0.0122,0.1391,0.62
R-186,12378368426,12378368422,5.99,residential,0.1729,LOW,0.1836,0.2,0.2,0.0,0.1021,0.5083
R-187,12378368426,245667468,17.87,residential,0.1798,LOW,0.1685,0.1886,0.1886,0.0,0.1302,0.6058
R-188,12378368427,12378368426,25.09,residential,0.1987,LOW,0.1964,0.2114,0.2114,0.0122,0.1391,0.6208
R-189,12378368427,6490872930,6.18,residential,0.2287,LOW,0.2218,0.2343,0.2343,0.03,0.1759,0.6992
R-190,12406085638,10384248275,2.73,trunk,0.6098,HIGH,0.7764,0.7257,0.7257,0.3962,0.2548,0.8308
R-191,12406104882,10265662126,45.18,trunk,0.5685,HIGH,0.7973,0.7457,0.7457,0.0468,0.3189,0.9083
R-192,12406104882,10772904744,1804.27,trunk,0.5819,HIGH,0.7536,0.7057,0.7057,0.3031,0.3197,0.7558
R-193,12406104883,12406104884,28.17,trunk_link,0.5562,HIGH,0.7273,0.6829,0.6829,0.0955,0.4033,0.9217
R-194,12406104883,5911310878,221.94,trunk,0.556,HIGH,0.7224,0.6771,0.6771,0.1547,0.3605,0.895
R-195,12406104884,12406104883,28.17,trunk_link,0.5562,HIGH,0.7273,0.6829,0.6829,0.0955,0.4033,0.9217
R-196,12406104884,245667803,483.15,trunk,0.636,HIGH,0.7673,0.7171,0.7171,0.453,0.3466,0.89
R-197,12406104885,10265662124,13.21,residential,0.4981,MODERATE,0.7197,0.6771,0.6771,0.0367,0.1975,0.8017
R-198,12406104885,13618374677,76.32,residential,0.5276,HIGH,0.7236,0.68,0.68,0.0945,0.2751,0.8475
R-199,12406104885,6428382636,156.17,residential,0.6763,HIGH,0.8212,0.7657,0.7657,0.5968,0.345,0.73
R-200,12486614582,11187458034,9.33,tertiary,0.4691,MODERATE,0.7279,0.6829,0.6829,0.0,0.23,0.5
R-201,12486614582,6428811261,4.7,tertiary,0.4691,MODERATE,0.7279,0.6829,0.6829,0.0,0.23,0.5
R-202,12486614584,12486614582,7.27,tertiary,0.4691,MODERATE,0.7279,0.6829,0.6829,0.0,0.23,0.5
R-203,12756633089,10924277272,92.32,residential,0.462,MODERATE,0.7158,0.6714,0.6714,0.0,0.1309,0.6425
R-204,12756633089,10924277272,156.13,residential,0.5697,HIGH,0.8094,0.7543,0.7543,0.2602,0.1949,0.6258
R-205,12756633089,6428382636,95.51,residential,0.5296,HIGH,0.7764,0.7257,0.7257,0.0641,0.2242,0.7383
R-206,13093786757,12334925204,88.97,trunk,0.5039,HIGH,0.6864,0.6457,0.6457,0.0114,0.3204,0.9025
R-207,13398075180,13398075181,14.55,tertiary_link,0.6197,HIGH,0.8009,0.7486,0.7486,0.3895,0.2532,0.8158
R-208,13398075180,13615156514,94.7,tertiary,0.6821,HIGH,0.8342,0.7771,0.7771,0.5022,0.3929,0.8392
R-209,13398075181,13398075180,14.55,tertiary_link,0.6197,HIGH,0.8009,0.7486,0.7486,0.3895,0.2532,0.8158
R-210,13398075181,13615156517,225.3,tertiary,0.6937,HIGH,0.8327,0.7771,0.7771,0.552,0.457,0.7625
R-211,13408237102,13408237103,70.39,residential,0.2863,MODERATE,0.4718,0.4571,0.4571,0.1119,0.0637,0.0
R-212,13408237102,13408237104,42.66,residential,0.542,HIGH,0.7321,0.6886,0.6886,0.2537,0.3183,0.5608
R-213,13408237102,2244637007,132.8,residential,0.469,MODERATE,0.6567,0.62,0.62,0.1959,0.2137,0.4942
R-214,13408237103,13408237102,70.39,residential,0.2863,MODERATE,0.4718,0.4571,0.4571,0.1119,0.0637,0.0
R-215,13408237104,13408237102,42.66,residential,0.542,HIGH,0.7321,0.6886,0.6886,0.2537,0.3183,0.5608
R-216,13408237104,13408237105,47.79,residential,0.5112,HIGH,0.7009,0.66,0.66,0.1921,0.2977,0.5692
R-217,13408237104,13503191895,25.54,residential,0.5401,HIGH,0.7006,0.66,0.66,0.1709,0.3385,0.84
R-218,13408237105,13408237104,47.79,residential,0.5112,HIGH,0.7009,0.66,0.66,0.1921,0.2977,0.5692
R-219,13433910625,13433910629,61.65,residential,0.526,HIGH,0.7627,0.7143,0.7143,0.1064,0.2221,0.6883
R-220,13433910625,2804481652,96.83,trunk,0.5027,HIGH,0.7012,0.66,0.66,0.036,0.2772,0.8267
R-221,13433910628,13433910629,44.95,residential,0.5707,HIGH,0.8364,0.78,0.78,0.1737,0.215,0.6342
R-222,13433910629,13433910625,61.65,residential,0.526,HIGH,0.7627,0.7143,0.7143,0.1064,0.2221,0.6883
R-223,13433910629,13433910628,44.95,residential,0.5707,HIGH,0.8364,0.78,0.78,0.1737,0.215,0.6342
R-224,13433910629,13433910631,74.18,residential,0.6028,HIGH,0.7676,0.7171,0.7171,0.287,0.3874,0.8283
R-225,13433910631,13433910629,74.18,residential,0.6028,HIGH,0.7676,0.7171,0.7171,0.287,0.3874,0.8283
R-226,13503191895,13408237104,25.54,residential,0.5401,HIGH,0.7006,0.66,0.66,0.1709,0.3385,0.84
R-227,13503191895,13503253504,105.22,residential,0.5158,HIGH,0.7133,0.6714,0.6714,0.1029,0.2376,0.8192
R-228,13503191895,3743617940,12.31,residential,0.4944,MODERATE,0.6739,0.6343,0.6371,0.0523,0.272,0.8592
R-229,13503253504,13503191895,105.22,residential,0.5157,HIGH,0.7133,0.6714,0.6714,0.1029,0.2376,0.8183
R-230,13601073293,13619507487,103.13,residential,0.6966,HIGH,0.8842,0.8229,0.8229,0.3674,0.4634,0.8875
R-231,13601073293,2244797686,20.6,residential,0.6713,HIGH,0.8761,0.8143,0.8143,0.3157,0.4489,0.8058
R-232,13601073293,622039341,110.41,residential,0.7272,HIGH,0.8936,0.8314,0.8314,0.4864,0.5285,0.8092
R-233,13614337239,13614337241,98.86,residential,0.4453,MODERATE,0.6288,0.5971,0.5971,0.0563,0.1927,0.7042
R-234,13614337239,13614337242,79.05,residential,0.4207,MODERATE,0.6042,0.5743,0.5743,0.0205,0.1686,0.695
R-235,13614337239,245666192,132.84,residential,0.6408,HIGH,0.7833,0.7314,0.7314,0.436,0.3896,0.825
R-236,13614337241,13614337239,98.86,residential,0.4453,MODERATE,0.6288,0.5971,0.5971,0.0563,0.1927,0.7042
R-237,13614337241,13614337242,21.79,residential,0.4171,MODERATE,0.547,0.5229,0.5229,0.0,0.2508,0.8708
R-238,13614337241,13614337249,19.66,residential,0.4194,MODERATE,0.5527,0.5286,0.5286,0.0,0.2495,0.8642
R-239,13614337242,13614337239,79.05,residential,0.4207,MODERATE,0.6042,0.5743,0.5743,0.0205,0.1686,0.695
R-240,13614337242,13614337241,21.79,residential,0.4171,MODERATE,0.547,0.5229,0.5229,0.0,0.2508,0.8708
R-241,13614337242,6585962883,16.14,residential,0.4159,MODERATE,0.5455,0.5229,0.5229,0.0,0.2502,0.8625
R-242,13614337247,13614337249,39.04,residential,0.4256,MODERATE,0.5576,0.5343,0.5343,0.0122,0.2591,0.8575
R-243,13614337247,6585962883,14.99,residential,0.4196,MODERATE,0.5455,0.5229,0.5229,0.0,0.2668,0.875
R-244,13614337247,6585998686,76.41,residential,0.5155,HIGH,0.5806,0.5543,0.5543,0.2813,0.4316,0.8433
R-245,13614337249,13614337241,19.66,residential,0.4194,MODERATE,0.5527,0.5286,0.5286,0.0,0.2495,0.8642
R-246,13614337249,13614337247,39.04,residential,0.4256,MODERATE,0.5576,0.5343,0.5343,0.0122,0.2591,0.8575
R-247,13614337249,6585962883,27.32,residential,0.4173,MODERATE,0.5479,0.5257,0.5257,0.0,0.2491,0.8633
R-248,13614452347,13614452359,54.31,trunk,0.6866,HIGH,0.8545,0.7971,0.7971,0.3951,0.4554,0.8942
R-249,13614452347,13614452359,139.79,residential,0.6267,HIGH,0.8106,0.7571,0.7571,0.3372,0.3616,0.7792
R-250,13614452359,13614452347,139.79,residential,0.6267,HIGH,0.8106,0.7571,0.7571,0.3372,0.3616,0.7792
R-251,13614452359,9691859215,22.47,trunk,0.6501,HIGH,0.843,0.7857,0.7857,0.259,0.4646,0.85
R-252,13614466650,13614466653,18.75,residential,0.4899,MODERATE,0.7503,0.7029,0.7029,0.036,0.1599,0.6267
R-253,13614466650,13614466656,25.02,residential,0.4664,MODERATE,0.7221,0.6771,0.6771,0.0148,0.1352,0.6175
R-254,13614466650,13614467518,4.31,residential,0.4818,MODERATE,0.7336,0.6886,0.6886,0.0323,0.16,0.6358
R-255,13614466653,13614466650,18.75,residential,0.4899,MODERATE,0.7503,0.7029,0.7029,0.036,0.1599,0.6267
R-256,13614466656,13614466650,25.02,residential,0.4664,MODERATE,0.7221,0.6771,0.6771,0.0148,0.1354,0.6175
R-257,13614467518,13614466650,4.31,residential,0.4818,MODERATE,0.7336,0.6886,0.6886,0.0323,0.16,0.6358
R-258,13614467518,3743617937,34.2,residential,0.531,HIGH,0.7788,0.7286,0.7286,0.1013,0.2265,0.66
R-259,13614467518,3743617940,37.51,residential,0.4662,MODERATE,0.6873,0.6486,0.6486,0.008,0.1833,0.7267
R-260,13615156514,12243225438,121.44,tertiary,0.7111,HIGH,0.8618,0.8029,0.8029,0.5169,0.4986,0.7958
R-261,13615156514,13615156515,14.84,tertiary_link,0.7156,HIGH,0.8555,0.7971,0.7971,0.5439,0.4869,0.8367
R-262,13615156515,13398075181,93.56,tertiary,0.5789,HIGH,0.8094,0.7571,0.7571,0.1633,0.2569,0.8083
R-263,13615156515,13615156514,14.84,tertiary_link,0.7156,HIGH,0.8555,0.7971,0.7971,0.5439,0.4869,0.8367
R-264,13615156516,13398075180,222.42,tertiary,0.7252,HIGH,0.8415,0.7829,0.7829,0.6139,0.541,0.7892
R-265,13615156516,13615156517,13.96,tertiary_link,0.4702,MODERATE,0.7015,0.66,0.66,0.0788,0.172,0.5733
R-266,13615156517,13615156516,13.96,tertiary_link,0.4702,MODERATE,0.7015,0.66,0.66,0.0788,0.172,0.5733
R-267,13615156517,13615156519,71.54,tertiary,0.4166,MODERATE,0.6121,0.58,0.58,0.0367,0.1509,0.6125
R-268,13615156518,13615156516,70.36,tertiary,0.4227,MODERATE,0.6088,0.5771,0.5771,0.0503,0.1701,0.6342
R-269,13615156518,13615156519,14.51,tertiary_link,0.3817,MODERATE,0.5309,0.5086,0.5086,0.0,0.1634,0.73
R-270,13615156519,13615156518,14.51,tertiary_link,0.3817,MODERATE,0.5309,0.5086,0.5086,0.0,0.1634,0.73
R-271,13615156519,6554302593,140.77,tertiary,0.4343,MODERATE,0.5576,0.5314,0.5314,0.0734,0.2758,0.8075
R-272,13615156523,245666274,24.14,secondary,0.4127,MODERATE,0.5315,0.5086,0.5086,0.0,0.278,0.8667
R-273,13615156523,2897024625,234.8,secondary,0.4435,MODERATE,0.6006,0.5714,0.5714,0.0939,0.2342,0.695
R-274,13615172965,13617040696,36.73,tertiary,0.6811,HIGH,0.8518,0.7943,0.7943,0.454,0.3855,0.8408
R-275,13615172965,9469523484,5.42,residential,0.7875,VERY_HIGH,0.8733,0.8114,0.8114,0.652,0.7234,0.8992
R-276,13615172966,12313982248,7.68,residential,0.641,HIGH,0.8782,0.8171,0.8171,0.1928,0.3931,0.8183
R-277,13615172966,13617040692,56.23,tertiary,0.6219,HIGH,0.8727,0.8114,0.8114,0.1423,0.3384,0.8417
R-278,13616287392,10055232024,9.75,residential,0.574,HIGH,0.8991,0.8343,0.8343,0.0557,0.1691,0.6567
R-279,13616287392,5896564331,27.84,tertiary,0.577,HIGH,0.8933,0.8314,0.8314,0.0229,0.1989,0.7292
R-280,13616287393,13616287394,7.99,tertiary_link,0.5528,HIGH,0.7903,0.7371,0.7371,0.1386,0.2682,0.6883
R-281,13616287393,6428617352,19.54,tertiary,0.5343,HIGH,0.7679,0.72,0.72,0.1209,0.245,0.6783
R-282,13616287394,13616287393,7.99,tertiary_link,0.5528,HIGH,0.7903,0.7371,0.7371,0.1386,0.2682,0.6883
R-283,13616287394,2897024748,235.5,tertiary,0.5934,HIGH,0.8364,0.78,0.78,0.0987,0.3223,0.85
R-284,13616287395,2897024710,60.06,tertiary,0.4904,MODERATE,0.6721,0.6343,0.6343,0.0315,0.2798,0.8575
R-285,13616287395,2897024713,8.37,residential,0.4778,MODERATE,0.6697,0.6343,0.6314,0.0,0.25,0.8475
R-286,13616325515,10091403656,6.09,tertiary_link,0.751,VERY_HIGH,0.8612,0.8029,0.8029,0.6179,0.5769,0.8767
R-287,13616325515,245666192,30.94,tertiary,0.7534,VERY_HIGH,0.8524,0.7943,0.7943,0.6367,0.6186,0.8483
R-288,13616325516,13617040697,25.39,tertiary,0.5404,HIGH,0.8027,0.7486,0.7486,0.0071,0.2294,0.82
R-289,13616325516,3803643818,5.12,residential,0.5466,HIGH,0.8033,0.7514,0.7514,0.0156,0.2404,0.8375
R-290,13617034594,631507968,130.89,secondary,0.5139,HIGH,0.5979,0.5686,0.5686,0.2875,0.3619,0.835
R-291,13617040678,13617040684,74.61,tertiary,0.5928,HIGH,0.8382,0.78,0.78,0.057,0.3452,0.89
R-292,13617040678,7372035744,13.12,tertiary,0.5718,HIGH,0.8545,0.7943,0.7943,0.0397,0.245,0.7817
R-293,13617040682,10724726259,6.53,residential,0.6116,HIGH,0.8415,0.7829,0.7829,0.0698,0.4081,0.9408
R-294,13617040682,13617092827,10.26,tertiary,0.6268,HIGH,0.8409,0.7829,0.7829,0.1133,0.4534,0.9392
R-295,13617040682,13617092837,22.96,residential,0.6006,HIGH,0.8333,0.7771,0.7771,0.071,0.3718,0.92
R-296,13617040683,13617040678,75.06,tertiary,0.5962,HIGH,0.8418,0.7829,0.7857,0.0666,0.344,0.885
R-297,13617040683,13617040684,5.21,tertiary_link,0.6111,HIGH,0.8458,0.7886,0.7886,0.0468,0.414,0.945
R-298,13617040684,13617040682,57.9,tertiary,0.6118,HIGH,0.8442,0.7857,0.7857,0.0389,0.441,0.94
R-299,13617040684,13617040683,5.21,tertiary_link,0.6111,HIGH,0.8458,0.7886,0.7886,0.0468,0.414,0.945
R-300,13617040685,10724781030,33.11,tertiary,0.8783,VERY_HIGH,0.9267,0.86,0.86,0.9455,0.7676,0.8767
R-301,13617040685,13617040686,7.84,tertiary_link,0.9184,VERY_HIGH,0.9345,0.8657,0.8657,0.9683,0.9788,0.88
R-302,13617040686,12313982253,16.49,tertiary,0.9032,VERY_HIGH,0.9312,0.8629,0.8629,0.9299,0.9574,0.8533
R-303,13617040686,13617040685,7.84,tertiary_link,0.9184,VERY_HIGH,0.9345,0.8657,0.8657,0.9683,0.9788,0.88
R-304,13617040687,12313982254,40.09,tertiary,0.7451,HIGH,0.8739,0.8114,0.8114,0.7355,0.4549,0.71
R-305,13617040687,13617040688,8.16,tertiary_link,0.7397,HIGH,0.8533,0.7943,0.7943,0.725,0.468,0.7583
R-306,13617040688,13617040687,8.16,tertiary_link,0.7397,HIGH,0.8533,0.7943,0.7943,0.725,0.468,0.7583
R-307,13617040688,13617040689,79.85,tertiary,0.6995,HIGH,0.8448,0.7886,0.7886,0.5921,0.3699,0.8058
R-308,13617040689,13617040690,8.4,tertiary_link,0.6509,HIGH,0.8715,0.8114,0.8114,0.2482,0.3881,0.8475
R-309,13617040689,13617040691,24.3,tertiary,0.6637,HIGH,0.8761,0.8143,0.8143,0.3271,0.3534,0.8508
R-310,13617040690,13617040687,79.46,tertiary,0.659,HIGH,0.8352,0.78,0.78,0.4546,0.3055,0.8217
R-311,13617040690,13617040689,8.4,tertiary_link,0.6509,HIGH,0.8715,0.8114,0.8114,0.2482,0.3881,0.8475
R-312,13617040691,12313982248,56.77,tertiary,0.6236,HIGH,0.8782,0.8171,0.8171,0.1411,0.3353,0.835
R-313,13617040691,13617040692,8.25,tertiary_link,0.6113,HIGH,0.8733,0.8114,0.8114,0.1074,0.3006,0.8608
R-314,13617040692,13617040690,24.5,tertiary,0.6433,HIGH,0.8733,0.8114,0.8114,0.204,0.3782,0.8717
R-315,13617040692,13617040691,8.25,tertiary_link,0.6113,HIGH,0.8733,0.8114,0.8114,0.1074,0.3006,0.8608
R-316,13617040693,13617040694,7.62,tertiary_link,0.5603,HIGH,0.8318,0.7771,0.7743,0.0475,0.2322,0.78
R-317,13617040693,3193827831,35.57,tertiary,0.5447,HIGH,0.8112,0.7571,0.7571,0.0097,0.2272,0.815
R-318,13617040694,13615172966,31.47,tertiary,0.6003,HIGH,0.853,0.7943,0.7943,0.1322,0.3089,0.7892
R-319,13617040694,13617040693,7.62,tertiary_link,0.5603,HIGH,0.8318,0.7771,0.7743,0.0475,0.2322,0.78
R-320,13617040695,13617040696,5.23,tertiary_link,0.5629,HIGH,0.8336,0.7771,0.78,0.0404,0.227,0.8167
R-321,13617040695,9469523484,37.41,tertiary,0.6898,HIGH,0.8576,0.8,0.8,0.4506,0.421,0.85
R-322,13617040696,13616325516,32.27,tertiary,0.5432,HIGH,0.8088,0.7543,0.7571,0.0045,0.2221,0.8275
R-323,13617040696,13617040695,5.23,tertiary_link,0.5629,HIGH,0.8336,0.7771,0.78,0.0404,0.227,0.8167
R-324,13617040697,10091403662,35.41,tertiary,0.5394,HIGH,0.797,0.7457,0.7457,0.0,0.2382,0.8325
R-325,13617040697,245666370,6.68,tertiary_link,0.5431,HIGH,0.8085,0.7543,0.7543,0.0045,0.2342,0.8133
R-326,13617067002,10091403664,125.59,tertiary,0.7127,HIGH,0.8039,0.7514,0.7514,0.5726,0.5951,0.8517
R-327,13617067002,245666077,5.65,tertiary_link,0.5326,HIGH,0.7367,0.6914,0.6914,0.148,0.2664,0.7367
R-328,13617092826,10724726259,9.92,tertiary,0.6221,HIGH,0.8439,0.7857,0.7857,0.0879,0.4398,0.9475
R-329,13617092826,13617092827,6.9,residential,0.6405,HIGH,0.8458,0.7886,0.7857,0.1308,0.4974,0.95
R-330,13617092827,12350391111,86.31,tertiary,0.5815,HIGH,0.827,0.7714,0.7714,0.0758,0.3123,0.8408
R-331,13617092827,13617092826,6.9,residential,0.6405,HIGH,0.8458,0.7886,0.7857,0.1308,0.4974,0.95
R-332,13617092827,13617092838,23.35,residential,0.6323,HIGH,0.843,0.7857,0.7857,0.152,0.4512,0.9058
R-333,13617092832,13617092835,63.86,residential,0.5573,HIGH,0.8067,0.7543,0.7543,0.0097,0.2698,0.895
R-334,13617092832,13617092836,59.88,residential,0.5595,HIGH,0.8106,0.7571,0.7571,0.0139,0.2668,0.8958
R-335,13617092832,13617550909,156.58,residential,0.7102,HIGH,0.9003,0.8371,0.8371,0.4532,0.4526,0.7867
R-336,13617092835,13617092832,63.86,residential,0.5573,HIGH,0.8067,0.7543,0.7543,0.0097,0.2698,0.895
R-337,13617092835,13617092836,6.33,residential,0.5595,HIGH,0.8088,0.7543,0.7543,0.0,0.2867,0.9075
R-338,13617092835,13617092838,176.09,residential,0.6576,HIGH,0.8385,0.78,0.78,0.3809,0.3645,0.86
R-339,13617092836,13617092832,59.88,residential,0.5595,HIGH,0.8106,0.7571,0.7571,0.0139,0.2668,0.8958
R-340,13617092836,13617092835,6.33,residential,0.5595,HIGH,0.8088,0.7543,0.7543,0.0,0.2867,0.9075
R-341,13617092836,13617092837,176.37,residential,0.6495,HIGH,0.8303,0.7743,0.7743,0.3517,0.3559,0.8867
R-342,13617092837,13617040682,22.96,residential,0.6006,HIGH,0.8333,0.7771,0.7771,0.071,0.3718,0.92
R-343,13617092837,13617092836,176.37,residential,0.6495,HIGH,0.8303,0.7743,0.7743,0.3517,0.3559,0.8867
R-344,13617092837,13617092838,9.69,residential,0.6056,HIGH,0.837,0.78,0.78,0.1186,0.3578,0.8783
R-345,13617092838,13617092827,23.35,residential,0.6323,HIGH,0.843,0.7857,0.7857,0.152,0.4512,0.9058
R-346,13617092838,13617092835,176.09,residential,0.6576,HIGH,0.8385,0.78,0.78,0.3809,0.3645,0.86
R-347,13617092838,13617092837,9.69,residential,0.6056,HIGH,0.837,0.78,0.78,0.1186,0.3578,0.8783
R-348,13617092839,6428811263,5.46,tertiary,0.6164,HIGH,0.823,0.7686,0.7686,0.1785,0.379,0.9025
R-349,13617092839,8570027362,42.87,residential,0.5766,HIGH,0.8085,0.7543,0.7543,0.0679,0.3325,0.8742
R-350,13617092840,6428811262,6.78,tertiary,0.6082,HIGH,0.8218,0.7657,0.7686,0.1411,0.3702,0.9167
R-351,13617092840,6428811270,95.73,tertiary,0.5802,HIGH,0.7903,0.7371,0.7371,0.1241,0.3521,0.865
R-352,13617280082,13617280087,38.42,residential,,UNKNOWN,,,,,,
R-353,13617280082,13617327485,128.75,residential,0.5462,HIGH,0.7691,0.72,0.72,0.1356,0.277,0.7167
R-354,13617280082,245668208,44.67,residential,,UNKNOWN,,,,,,
R-355,13617280087,13617280082,38.42,residential,,UNKNOWN,,,,,,
R-356,13617292720,13617292726,31.17,residential,,UNKNOWN,,,,,,
R-357,13617292720,13617292726,44.62,residential,,UNKNOWN,,,,,,
R-358,13617292720,13617292729,12.94,residential,,UNKNOWN,,,,,,
R-359,13617292726,10923690293,6.68,residential,,UNKNOWN,,,,,,
R-360,13617292726,13617292720,44.62,residential,,UNKNOWN,,,,,,
R-361,13617292726,13617292720,31.17,residential,,UNKNOWN,,,,,,
R-362,13617292729,10923690293,36.91,residential,,UNKNOWN,,,,,,
R-363,13617292729,13617292720,12.94,residential,,UNKNOWN,,,,,,
R-364,13617292729,623895532,50.08,residential,,UNKNOWN,,,,,,
R-365,13617327485,13617280082,128.75,residential,0.5462,HIGH,0.7691,0.72,0.72,0.1356,0.277,0.7167
R-366,13617327485,13617327487,13.04,residential,0.4955,MODERATE,0.6936,0.6514,0.6514,0.0009,0.265,0.8883
R-367,13617327485,7404711477,52.26,residential,0.534,HIGH,0.7112,0.6686,0.6686,0.055,0.384,0.8917
R-368,13617327487,13617327485,13.04,residential,0.4955,MODERATE,0.6936,0.6514,0.6514,0.0009,0.265,0.8883
R-369,13617327487,13617327487,99.62,residential,0.4821,MODERATE,0.6948,0.6543,0.6543,0.0009,0.2146,0.8175
R-370,13617327487,13617327487,99.62,residential,0.4821,MODERATE,0.6948,0.6543,0.6543,0.0009,0.2146,0.8175
R-371,13617483789,13617483791,5.29,tertiary,0.6152,HIGH,0.8394,0.7829,0.7829,0.3436,0.3575,0.5092
R-372,13617483791,13617483792,2.64,tertiary,0.6306,HIGH,0.8561,0.7971,0.7971,0.3592,0.3829,0.5108
R-373,13617483791,13619318866,100.36,residential,0.5852,HIGH,0.8409,0.7829,0.7829,0.2434,0.2819,0.52
R-374,13617483792,13617550909,20.4,residential,0.6628,HIGH,0.8715,0.8114,0.8114,0.4016,0.4521,0.5642
R-375,13617483792,13617550913,9.91,tertiary,0.6426,HIGH,0.8515,0.7914,0.7914,0.3881,0.4235,0.5417
R-376,13617483794,13617550919,9.35,tertiary,0.6171,HIGH,0.8194,0.7657,0.7629,0.3528,0.3708,0.5942
R-377,13617483794,13617550927,24.58,tertiary,0.6138,HIGH,0.8052,0.7514,0.7514,0.3419,0.3759,0.65
R-378,13617550905,13617483789,8.06,tertiary,0.5993,HIGH,0.8224,0.7686,0.7686,0.3265,0.3321,0.5067
R-379,13617550905,13617550915,26.3,tertiary,0.5324,HIGH,0.7727,0.7229,0.7229,0.1946,0.218,0.5325
R-380,13617550909,13617092832,156.58,residential,0.7102,HIGH,0.9003,0.8371,0.8371,0.4532,0.4526,0.7867
R-381,13617550909,13617550913,21.05,residential,0.663,HIGH,0.8642,0.8029,0.8029,0.409,0.4631,0.5792
R-382,13617550913,13617483794,3.32,tertiary,0.6339,HIGH,0.8342,0.7771,0.7771,0.3857,0.4159,0.5558
R-383,13617550915,245666158,28.38,tertiary,0.4665,MODERATE,0.7064,0.6629,0.6657,0.0461,0.1621,0.5925
R-384,13617550915,7365871208,7.27,tertiary_link,0.4872,MODERATE,0.7518,0.7057,0.7057,0.0799,0.1653,0.4908
R-385,13617550919,13617550905,12.15,tertiary,0.5885,HIGH,0.8052,0.7514,0.7514,0.3014,0.309,0.5783
R-386,13617550926,13617550919,19.52,tertiary,0.5892,HIGH,0.7885,0.7371,0.7371,0.2877,0.3169,0.6842
R-387,13617550926,13617550927,7.96,tertiary_link,0.591,HIGH,0.7709,0.72,0.72,0.2888,0.348,0.7483
R-388,13617550927,13617550926,7.96,tertiary_link,0.591,HIGH,0.7709,0.72,0.72,0.2888,0.348,0.7483
R-389,13617550927,13617550929,85.37,tertiary,0.5309,HIGH,0.7155,0.6714,0.6714,0.1861,0.2678,0.7542
R-390,13617550928,13617550926,86.76,tertiary,0.5268,HIGH,0.7088,0.6657,0.6657,0.1778,0.2608,0.7733
R-391,13617550928,13617550929,14.72,residential,0.4521,MODERATE,0.6597,0.6229,0.6257,0.0,0.1785,0.7492
R-392,13617550928,13618123059,16.53,residential,0.452,MODERATE,0.6515,0.6171,0.6171,0.0,0.1881,0.775
R-393,13617550929,13617550923,27.06,tertiary,0.483,MODERATE,0.6609,0.6257,0.6257,0.0939,0.2482,0.7583
R-394,13617550929,13617550928,14.72,residential,0.4521,MODERATE,0.6597,0.6229,0.6257,0.0,0.1785,0.7492
R-395,13618123059,13617550928,16.53,residential,0.452,MODERATE,0.6515,0.6171,0.6171,0.0,0.1881,0.775
R-396,13618123059,13618123066,49.46,residential,0.4662,MODERATE,0.6548,0.62,0.62,0.0307,0.2226,0.7867
R-397,13618123059,13618123089,18.89,residential,0.4489,MODERATE,0.6406,0.6057,0.6057,0.0018,0.1941,0.7933
R-398,13618123066,13618123059,49.46,residential,0.4662,MODERATE,0.6548,0.62,0.62,0.0307,0.2226,0.7867
R-399,13618123066,13618123089,14.18,residential,0.4591,MODERATE,0.643,0.6086,0.6086,0.0237,0.2228,0.7933
R-400,13618123066,13618123089,137.56,residential,0.4416,MODERATE,0.6148,0.5829,0.5829,0.0054,0.2296,0.7908
R-401,13618123089,13618123059,18.89,residential,0.4489,MODERATE,0.6406,0.6057,0.6057,0.0018,0.1941,0.7933
R-402,13618123089,13618123066,14.18,residential,0.4591,MODERATE,0.643,0.6086,0.6086,0.0237,0.2228,0.7933
R-403,13618123089,13618123066,137.56,residential,0.4416,MODERATE,0.6148,0.5829,0.5829,0.0054,0.2296,0.7908
R-404,13618156305,13618156307,29.01,residential,0.3963,MODERATE,0.5861,0.5571,0.5571,0.0,0.227,0.5
R-405,13618156307,13617550928,62.17,tertiary,0.4561,MODERATE,0.6324,0.6,0.6,0.0307,0.237,0.7792
R-406,13618156307,13618156305,29.01,residential,0.3962,MODERATE,0.5858,0.5571,0.5571,0.0,0.227,0.5
R-407,13618292019,13618292025,19.65,residential,0.1554,LOW,0.1376,0.16,0.16,0.0,0.1091,0.555
R-408,13618292019,13618292027,7.85,residential,0.166,LOW,0.1618,0.1829,0.1829,0.0,0.1098,0.5317
R-409,13618292019,245667468,4.23,residential,0.1804,LOW,0.1603,0.1829,0.18,0.0,0.1402,0.6375
R-410,13618292025,10111287875,47.89,residential,0.1573,LOW,0.2439,0.2543,0.2543,0.0148,0.0301,0.1208
R-411,13618292025,13618292019,19.65,residential,0.1554,LOW,0.1376,0.16,0.16,0.0,0.1091,0.555
R-412,13618292025,13618292030,12.03,residential,0.1223,LOW,0.1242,0.1486,0.1486,0.0,0.0611,0.3625
R-413,13618292027,13618292019,7.85,residential,0.166,LOW,0.1618,0.1829,0.1829,0.0,0.1098,0.5317
R-414,13618292027,13618292030,51.24,residential,0.1448,LOW,0.1955,0.2114,0.2114,0.0062,0.0454,0.2367
R-415,13618292027,13618292030,20.74,residential,0.1348,LOW,0.1467,0.1686,0.1686,0.0,0.0666,0.365
R-416,13618292030,13618292025,12.03,residential,0.1223,LOW,0.1242,0.1486,0.1486,0.0,0.0611,0.3625
R-417,13618292030,13618292027,51.24,residential,0.1448,LOW,0.1955,0.2114,0.2114,0.0062,0.0454,0.2367
R-418,13618292030,13618292027,20.74,residential,0.1348,LOW,0.1467,0.1686,0.1686,0.0,0.0666,0.365
R-419,13618347449,245667863,266.41,secondary,0.494,MODERATE,0.6494,0.6143,0.6143,0.2579,0.2585,0.5875
R-420,13618347449,7366246694,174.97,residential,0.421,MODERATE,0.6239,0.5914,0.5914,0.0734,0.1669,0.495
R-421,13618374654,13618374655,19.09,residential,0.5171,HIGH,0.7121,0.6686,0.6686,0.0315,0.308,0.8817
R-422,13618374655,13618374654,19.09,residential,0.5171,HIGH,0.7121,0.6686,0.6686,0.0315,0.308,0.8817
R-423,13618374655,13618374657,21.38,residential,0.5376,HIGH,0.7209,0.6771,0.6771,0.0397,0.3729,0.9258
R-424,13618374655,13618374664,69.05,residential,0.575,HIGH,0.7248,0.68,0.68,0.0229,0.6224,0.9408
R-425,13618374655,6598052694,16.18,residential,0.5104,HIGH,0.7091,0.6686,0.6657,0.0156,0.2916,0.8817
R-426,13618374656,13618374657,15.18,residential,0.5539,HIGH,0.7236,0.68,0.68,0.0679,0.4225,0.9425
R-427,13618374657,13618374655,21.38,residential,0.5376,HIGH,0.7209,0.6771,0.6771,0.0397,0.3729,0.9258
R-428,13618374657,13618374656,15.18,residential,0.5539,HIGH,0.7236,0.68,0.68,0.0679,0.4225,0.9425
R-429,13618374657,5911310880,39.28,residential,0.5342,HIGH,0.713,0.6686,0.6686,0.0237,0.3906,0.9425
R-430,13618374664,13618374655,69.05,residential,0.575,HIGH,0.7248,0.68,0.68,0.0229,0.6224,0.9408
R-431,13618374670,5911310880,65.19,residential,0.5539,HIGH,0.7276,0.6829,0.6829,0.0907,0.4005,0.9117
R-432,13618374671,13618374676,66.12,residential,0.591,HIGH,0.7345,0.6886,0.6886,0.2359,0.4341,0.9075
R-433,13618374671,13618374677,45.51,residential,0.6557,HIGH,0.7412,0.6971,0.6971,0.429,0.57,0.9217
R-434,13618374671,13618374681,26.7,residential,0.6176,HIGH,0.7352,0.6914,0.6914,0.3338,0.469,0.915
R-435,13618374676,13618374671,66.12,residential,0.591,HIGH,0.7345,0.6886,0.6886,0.2359,0.4341,0.9075
R-436,13618374676,13618374681,42.66,residential,0.5199,HIGH,0.7106,0.6686,0.6686,0.0181,0.3167,0.9267
R-437,13618374676,5911310880,18.15,residential,0.5159,HIGH,0.7121,0.6686,0.6686,0.0,0.324,0.9083
R-438,13618374677,12406104885,76.32,residential,0.5276,HIGH,0.7236,0.68,0.68,0.0945,0.2751,0.8475
R-439,13618374677,13618374671,45.51,residential,0.6557,HIGH,0.7412,0.6971,0.6971,0.429,0.57,0.9217
R-440,13618374677,13618374681,71.66,residential,0.6489,HIGH,0.7361,0.6914,0.6914,0.4114,0.5606,0.9333
R-441,13618374677,13618374689,57.67,residential,0.5778,HIGH,0.7612,0.7143,0.7143,0.2757,0.2986,0.7558
R-442,13618374681,13618374671,26.7,residential,0.6176,HIGH,0.7352,0.6914,0.6914,0.3338,0.469,0.915
R-443,13618374681,13618374676,42.66,residential,0.5199,HIGH,0.7106,0.6686,0.6686,0.0181,0.3167,0.9267
R-444,13618374681,13618374677,71.66,residential,0.6489,HIGH,0.7361,0.6914,0.6914,0.4114,0.5606,0.9333
R-445,13618374689,13618374677,57.67,residential,0.5778,HIGH,0.7612,0.7143,0.7143,0.2757,0.2986,0.7558
R-446,13618395293,13618395297,51.09,residential,0.8065,VERY_HIGH,0.8824,0.82,0.82,0.7649,0.7311,0.8042
R-447,13618395297,13618395293,51.09,residential,0.8065,VERY_HIGH,0.8824,0.82,0.82,0.7649,0.7311,0.8042
R-448,13618395297,13618395298,20.21,residential,0.7724,VERY_HIGH,0.8827,0.82,0.82,0.6921,0.6015,0.8017
R-449,13618395297,13618399201,8.18,residential,0.8363,VERY_HIGH,0.9024,0.84,0.84,0.7897,0.7979,0.8417
R-450,13618395298,13618395297,20.21,residential,0.7724,VERY_HIGH,0.8827,0.82,0.82,0.6921,0.6015,0.8017
R-451,13618399201,13618395297,8.18,residential,0.8363,VERY_HIGH,0.9024,0.84,0.84,0.7897,0.7979,0.8417
R-452,13618399201,13619536860,52.8,residential,0.7904,VERY_HIGH,0.8991,0.8343,0.8343,0.7182,0.6164,0.825
R-453,13618399201,5911310871,121.31,residential,0.7294,HIGH,0.8382,0.78,0.78,0.6625,0.4926,0.8233
R-454,13618414606,13618414607,23.83,residential,0.5204,HIGH,0.7848,0.7343,0.7343,0.0229,0.2127,0.7
R-455,13618414606,13618414607,62.6,residential,0.5361,HIGH,0.7864,0.7343,0.7343,0.0716,0.2365,0.72
R-456,13618414606,7365813760,13.43,residential,0.5017,HIGH,0.7633,0.7143,0.7143,0.0,0.1811,0.7183
R-457,13618414607,13618414606,23.83,residential,0.5204,HIGH,0.7848,0.7343,0.7343,0.0229,0.2127,0.7
R-458,13618414607,13618414606,62.6,residential,0.5361,HIGH,0.7864,0.7343,0.7343,0.0716,0.2365,0.72
R-459,13618414607,622039345,7.6,residential,0.5447,HIGH,0.8185,0.7657,0.7629,0.0454,0.2526,0.665
R-460,13619237603,13619237606,18.82,residential,0.5149,HIGH,0.7906,0.74,0.74,0.0071,0.2013,0.6617
R-461,13619237603,13619237610,13.31,residential,0.5216,HIGH,0.7973,0.7429,0.7429,0.0197,0.2104,0.6658
R-462,13619237603,622039354,70.45,residential,0.5666,HIGH,0.8312,0.7743,0.7743,0.1398,0.208,0.7017
R-463,13619237606,13619237603,18.82,residential,0.5149,HIGH,0.7906,0.74,0.74,0.0071,0.2013,0.6617
R-464,13619237610,13619237603,13.31,residential,0.5216,HIGH,0.7973,0.7429,0.7429,0.0197,0.2104,0.6658
R-465,13619237610,622039345,8.4,residential,0.5331,HIGH,0.8079,0.7543,0.7543,0.033,0.2276,0.6675
R-466,13619237610,7365813760,16.55,residential,0.512,HIGH,0.7803,0.7314,0.7286,0.0097,0.197,0.6892
R-467,13619239364,13619239365,12.26,residential,,UNKNOWN,,,,,,
R-468,13619239364,13619239367,21.43,residential,,UNKNOWN,,,,,,
R-469,13619239364,13619239369,8.07,residential,,UNKNOWN,,,,,,
R-470,13619239365,13619239364,12.26,residential,,UNKNOWN,,,,,,
R-471,13619239367,13619239364,21.43,residential,,UNKNOWN,,,,,,
R-472,13619239367,13619239369,15.13,residential,,UNKNOWN,,,,,,
R-473,13619239367,245668277,186.93,tertiary,0.4876,MODERATE,0.7336,0.6886,0.6886,0.0543,0.2604,0.5
R-474,13619239369,13619239364,8.07,residential,,UNKNOWN,,,,,,
R-475,13619239369,13619239367,15.13,residential,,UNKNOWN,,,,,,
R-476,13619239369,245668324,14.91,residential,,UNKNOWN,,,,,,
R-477,13619243522,13619243523,12.05,residential,,UNKNOWN,,,,,,
R-478,13619243522,13619243545,57.33,residential,,UNKNOWN,,,,,,
R-479,13619243522,9445072347,55.21,residential,,UNKNOWN,,,,,,
R-480,13619243523,13619243551,124.29,residential,,UNKNOWN,,,,,,
R-481,13619243544,13619243551,17.82,residential,,UNKNOWN,,,,,,
R-482,13619243545,13619243522,57.33,residential,,UNKNOWN,,,,,,
R-483,13619243545,245668324,58.86,residential,,UNKNOWN,,,,,,
R-484,13619243551,13619243523,124.29,residential,,UNKNOWN,,,,,,
R-485,13619243551,13619243544,17.82,residential,,UNKNOWN,,,,,,
R-486,13619243551,13619243558,33.83,residential,,UNKNOWN,,,,,,
R-487,13619243558,13619243545,14.22,residential,,UNKNOWN,,,,,,
R-488,13619243558,13619243551,33.83,residential,,UNKNOWN,,,,,,
R-489,13619318851,11047597219,57.84,residential,0.4893,MODERATE,0.7442,0.6971,0.6971,0.0616,0.1734,0.5817
R-490,13619318851,13619318852,35.19,residential,0.4675,MODERATE,0.7091,0.6657,0.6657,0.0,0.1482,0.705
R-491,13619318851,13619318853,26.52,residential,0.4562,MODERATE,0.6703,0.6314,0.6314,0.0097,0.177,0.7267
R-492,13619318852,11047597219,25.35,residential,0.4918,MODERATE,0.7427,0.6971,0.6971,0.008,0.1684,0.7242
R-493,13619318852,13619318851,35.19,residential,0.4675,MODERATE,0.7091,0.6657,0.6657,0.0,0.1482,0.705
R-494,13619318852,245666191,13.1,residential,0.4765,MODERATE,0.7261,0.68,0.68,0.0,0.1508,0.7067
R-495,13619318853,13619318851,26.52,residential,0.4562,MODERATE,0.67,0.6314,0.6314,0.0097,0.177,0.7267
R-496,13619318853,13619318854,10.45,tertiary,0.4615,MODERATE,0.6576,0.62,0.62,0.0071,0.214,0.795
R-497,13619318853,245666158,9.0,tertiary,0.4593,MODERATE,0.6715,0.6343,0.6314,0.0189,0.1863,0.7175
R-498,13619318854,13619318853,10.45,tertiary,0.4615,MODERATE,0.6576,0.62,0.62,0.0071,0.214,0.795
R-499,13619318854,13621886870,97.18,tertiary,0.4839,MODERATE,0.6864,0.6457,0.6457,0.0404,0.2229,0.7908
R-500,13619318854,245666191,61.43,residential,0.4603,MODERATE,0.6745,0.6371,0.6371,0.0009,0.1785,0.7542
R-501,13619318864,11047597219,14.89,residential,0.5185,HIGH,0.7858,0.7343,0.7343,0.0583,0.1866,0.6467
R-502,13619318864,13619318864,89.56,residential,0.5788,HIGH,0.8545,0.7971,0.7971,0.1615,0.2429,0.6017
R-503,13619318864,13619318864,89.56,residential,0.5788,HIGH,0.8545,0.7971,0.7971,0.1615,0.2429,0.6017
R-504,13619318866,13617483791,100.36,residential,0.5852,HIGH,0.8409,0.7829,0.7829,0.2434,0.2819,0.52
R-505,13619318866,7365871208,6.89,tertiary,0.4857,MODERATE,0.7536,0.7086,0.7086,0.0868,0.1651,0.4483
R-506,13619368459,13619368460,19.68,residential,0.6604,HIGH,0.8145,0.76,0.76,0.5547,0.3196,0.7258
R-507,13619368459,13619368466,71.23,residential,0.5607,HIGH,0.793,0.74,0.74,0.2324,0.1775,0.7
R-508,13619368459,13619368471,19.88,residential,0.6847,HIGH,0.8488,0.7886,0.7914,0.5581,0.3251,0.7817
R-509,13619368460,13619368459,19.68,residential,0.6604,HIGH,0.8145,0.76,0.76,0.5547,0.3196,0.7258
R-510,13619368460,13619368498,137.34,residential,0.7597,VERY_HIGH,0.8682,0.8086,0.8086,0.6737,0.5836,0.8075
R-511,13619368460,9771116360,35.05,residential,0.5491,HIGH,0.7655,0.7171,0.7171,0.2371,0.1813,0.7042
R-512,13619368466,13619368459,71.23,residential,0.5607,HIGH,0.793,0.74,0.74,0.2324,0.1775,0.7
R-513,13619368466,13619368487,32.86,residential,0.6335,HIGH,0.8136,0.76,0.76,0.442,0.3056,0.705
R-514,13619368466,9771116360,58.73,residential,0.5108,HIGH,0.7609,0.7114,0.7114,0.0345,0.1955,0.7342
R-515,13619368471,13619368459,19.88,residential,0.6847,HIGH,0.8488,0.7886,0.7914,0.5581,0.3251,0.7817
R-516,13619368471,13619368487,58.63,residential,0.6832,HIGH,0.8397,0.7829,0.7829,0.5882,0.336,0.7317
R-517,13619368471,13620896407,93.24,residential,0.7408,HIGH,0.8558,0.7971,0.7971,0.5838,0.5901,0.8533
R-518,13619368472,12313982248,36.88,residential,0.6459,HIGH,0.8839,0.82,0.8229,0.2025,0.393,0.8225
R-519,13619368472,13619368475,27.84,residential,0.6489,HIGH,0.8858,0.8229,0.8229,0.2701,0.3307,0.8008
R-520,13619368472,13620896407,24.35,residential,0.6247,HIGH,0.8742,0.8143,0.8143,0.1104,0.4138,0.8075
R-521,13619368475,13619368472,27.84,residential,0.6489,HIGH,0.8858,0.8229,0.8229,0.2701,0.3307,0.8008
R-522,13619368475,13619368487,135.86,residential,0.7396,HIGH,0.8745,0.8143,0.8143,0.6754,0.4578,0.7592
R-523,13619368475,13620896407,8.53,residential,0.6184,HIGH,0.8627,0.8029,0.8029,0.0,0.5575,0.8125
R-524,13619368487,13619368466,32.86,residential,0.6335,HIGH,0.8136,0.76,0.76,0.442,0.3056,0.705
R-525,13619368487,13619368471,58.63,residential,0.6832,HIGH,0.8397,0.7829,0.7829,0.5882,0.336,0.7317
R-526,13619368487,13619368475,135.86,residential,0.7396,HIGH,0.8745,0.8143,0.8143,0.6754,0.4578,0.7592
R-527,13619368498,13619368460,137.34,residential,0.7597,VERY_HIGH,0.8682,0.8086,0.8086,0.6737,0.5836,0.8075
R-528,13619374592,13619374593,14.32,residential,0.6964,HIGH,0.787,0.7371,0.7371,0.4534,0.6769,0.8883
R-529,13619374592,2244637004,43.06,trunk,0.6643,HIGH,0.7879,0.7371,0.7371,0.3774,0.5711,0.8758
R-530,13619374593,13619374592,14.32,residential,0.6964,HIGH,0.787,0.7371,0.7371,0.4534,0.6769,0.8883
R-531,13619374593,13619374596,37.21,residential,0.656,HIGH,0.7842,0.7343,0.7343,0.3791,0.5529,0.8342
R-532,13619374593,13619374597,15.61,residential,0.6596,HIGH,0.7876,0.7371,0.7371,0.3473,0.5756,0.8833
R-533,13619374596,13619374593,37.21,residential,0.656,HIGH,0.7842,0.7343,0.7343,0.3791,0.5529,0.8342
R-534,13619374597,13619374593,15.61,residential,0.6596,HIGH,0.7876,0.7371,0.7371,0.3473,0.5756,0.8833
R-535,13619396529,11046194845,29.14,residential,0.6163,HIGH,0.8912,0.8286,0.8286,0.1934,0.396,0.5
R-536,13619396529,13619396536,36.49,residential,,UNKNOWN,,,,,,
R-537,13619396529,9171835705,19.0,residential,,UNKNOWN,,,,,,
R-538,13619396536,10840042416,18.54,residential,,UNKNOWN,,,,,,
R-539,13619396536,13619396529,36.49,residential,,UNKNOWN,,,,,,
R-540,13619396536,9171835705,17.29,residential,,UNKNOWN,,,,,,
R-541,13619400539,245668039,29.34,secondary_link,0.6912,HIGH,0.8467,0.7886,0.7886,0.3179,0.6073,0.9117
R-542,13619400539,7404711447,26.99,secondary,0.6776,HIGH,0.8482,0.7914,0.7914,0.2832,0.563,0.8992
R-543,13619401780,13619401781,15.74,residential,0.0507,LOW,0.0618,0.0914,0.0914,0.0,0.0144,0.0417
R-544,13619401780,6554271017,12.32,residential,0.0246,LOW,0.007,0.0457,0.0429,0.0,0.013,0.0567
R-545,13619401780,6554271024,82.48,residential,0.2675,MODERATE,0.4221,0.4114,0.4114,0.1218,0.0985,0.0
R-546,13619401781,13619401780,15.74,residential,0.0507,LOW,0.0618,0.0914,0.0914,0.0,0.0144,0.0417
R-547,13619401781,13619401781,164.97,residential,0.144,LOW,0.2267,0.24,0.24,0.0054,0.0259,0.0967
R-548,13619401781,13619401781,164.97,residential,0.144,LOW,0.2267,0.24,0.24,0.0054,0.0259,0.0967
R-549,13619403785,13619403794,32.31,residential,,UNKNOWN,,,,,,
R-550,13619403785,13619678849,18.09,residential,,UNKNOWN,,,,,,
R-551,13619403785,245668197,22.99,residential,,UNKNOWN,,,,,,
R-552,13619403787,13619433317,3.94,residential,,UNKNOWN,,,,,,
R-553,13619403787,13619678849,2.55,residential,,UNKNOWN,,,,,,
R-554,13619403787,245668286,71.42,residential,,UNKNOWN,,,,,,
R-555,13619403788,13619403789,21.13,residential,,UNKNOWN,,,,,,
R-556,13619403788,245668197,28.94,residential,,UNKNOWN,,,,,,
R-557,13619403788,245668324,104.46,residential,,UNKNOWN,,,,,,
R-558,13619403789,13619403788,21.13,residential,,UNKNOWN,,,,,,
R-559,13619403794,13619403785,32.31,residential,,UNKNOWN,,,,,,
R-560,13619412997,10925941300,44.77,residential,0.5379,HIGH,0.7785,0.7286,0.7286,0.0353,0.2569,0.8158
R-561,13619412997,13619412997,128.29,residential,0.5476,HIGH,0.7767,0.7257,0.7257,0.0752,0.2831,0.8075
R-562,13619412997,13619412997,128.29,residential,0.5476,HIGH,0.7767,0.7257,0.7257,0.0752,0.2831,0.8075
R-563,13619433317,13619403787,3.94,residential,,UNKNOWN,,,,,,
R-564,13619433317,13619433317,140.77,residential,,UNKNOWN,,,,,,
R-565,13619433317,13619433317,140.77,residential,,UNKNOWN,,,,,,
R-566,13619457121,13619457123,47.22,residential,0.4545,MODERATE,0.6924,0.6514,0.6514,0.0148,0.1663,0.6017
R-567,13619457122,13619457123,29.91,residential,0.4642,MODERATE,0.7118,0.6686,0.6686,0.0036,0.161,0.6292
R-568,13619457123,13619457121,47.22,residential,0.4545,MODERATE,0.6924,0.6514,0.6514,0.0148,0.1663,0.6017
R-569,13619457123,13619457122,29.91,residential,0.4642,MODERATE,0.7118,0.6686,0.6686,0.0036,0.161,0.6292
R-570,13619457123,13619457125,11.12,residential,0.4695,MODERATE,0.7082,0.6657,0.6657,0.0752,0.1855,0.52
R-571,13619457125,13619457123,11.12,residential,0.4695,MODERATE,0.7082,0.6657,0.6657,0.0752,0.1855,0.52
R-572,13619457125,7366246694,11.46,trunk_link,0.4886,MODERATE,0.7164,0.6743,0.6743,0.15,0.2189,0.465
R-573,13619463498,9445072347,9.05,residential,,UNKNOWN,,,,,,
R-574,13619485519,10925931740,10.53,residential,0.5188,HIGH,0.7642,0.7143,0.7143,0.0229,0.211,0.7975
R-575,13619485519,10925931740,103.44,residential,0.5331,HIGH,0.7648,0.7171,0.7171,0.059,0.2525,0.795
R-576,13619485519,13619485526,7.17,residential,0.5115,HIGH,0.7624,0.7143,0.7143,0.0018,0.1915,0.7992
R-577,13619485526,10925931739,8.68,residential,0.5134,HIGH,0.7624,0.7143,0.7143,0.0173,0.1966,0.7792
R-578,13619485526,10925931740,12.82,residential,0.5106,HIGH,0.7567,0.7086,0.7086,0.0148,0.1989,0.7842
R-579,13619485526,13619485519,7.17,residential,0.5115,HIGH,0.7624,0.7143,0.7143,0.0018,0.1915,0.7992
R-580,13619491182,13619491183,59.67,residential,,UNKNOWN,,,,,,
R-581,13619491182,13619500839,0.85,residential,,UNKNOWN,,,,,,
R-582,13619491182,9171835708,24.98,residential,,UNKNOWN,,,,,,
R-583,13619491183,13619491182,59.67,residential,,UNKNOWN,,,,,,
R-584,13619491183,13619500841,11.05,residential,,UNKNOWN,,,,,,
R-585,13619491183,9171835708,84.09,residential,,UNKNOWN,,,,,,
R-586,13619491193,13619500813,22.86,residential,,UNKNOWN,,,,,,
R-587,13619491193,9171835708,36.45,residential,,UNKNOWN,,,,,,
R-588,13619491193,9171835708,99.37,residential,,UNKNOWN,,,,,,
R-589,13619500809,13619500813,28.95,residential,,UNKNOWN,,,,,,
R-590,13619500809,13619500813,96.19,residential,,UNKNOWN,,,,,,
R-591,13619500809,13619500813,122.89,residential,,UNKNOWN,,,,,,
R-592,13619500813,13619491193,22.86,residential,,UNKNOWN,,,,,,
R-593,13619500813,13619500809,28.95,residential,,UNKNOWN,,,,,,
R-594,13619500813,13619500809,96.19,residential,,UNKNOWN,,,,,,
R-595,13619500813,13619500809,122.89,residential,,UNKNOWN,,,,,,
R-596,13619500839,13619491182,0.85,residential,,UNKNOWN,,,,,,
R-597,13619500841,10925943006,47.23,residential,,UNKNOWN,,,,,,
R-598,13619500841,245668374,60.13,residential,,UNKNOWN,,,,,,
R-599,13619507487,13601073293,103.13,residential,0.6966,HIGH,0.8842,0.8229,0.8229,0.3674,0.4634,0.8875
R-600,13619515794,13619515794,103.82,residential,0.5374,HIGH,0.7555,0.7086,0.7086,0.1204,0.2314,0.795
R-601,13619515794,13619515794,103.82,residential,0.5374,HIGH,0.7555,0.7086,0.7086,0.1204,0.2314,0.795
R-602,13619515794,7384246086,5.6,residential,0.5417,HIGH,0.7882,0.7371,0.7371,0.12,0.1945,0.7292
R-603,13619536860,13618399201,52.8,residential,0.7904,VERY_HIGH,0.8991,0.8343,0.8343,0.7182,0.6164,0.825
R-604,13619536860,13619536866,18.21,residential,0.63,HIGH,0.8924,0.8286,0.8286,0.174,0.3416,0.755
R-605,13619536866,13619536860,18.21,residential,0.63,HIGH,0.8924,0.8286,0.8286,0.174,0.3416,0.755
R-606,13619536866,13619536860,78.51,residential,0.7895,VERY_HIGH,0.9136,0.8486,0.8486,0.6994,0.5949,0.8067
R-607,13619536866,622039341,12.47,residential,0.6391,HIGH,0.8782,0.8171,0.8171,0.2568,0.3732,0.7017
R-608,13619539391,13619539396,14.57,residential,,UNKNOWN,,,,,,
R-609,13619539391,13619539396,47.37,residential,,UNKNOWN,,,,,,
R-610,13619539391,13622435420,16.31,residential,,UNKNOWN,,,,,,
R-611,13619539396,13619539391,14.57,residential,,UNKNOWN,,,,,,
R-612,13619539396,13619539391,47.37,residential,,UNKNOWN,,,,,,
R-613,13619539396,2244797706,35.28,residential,,UNKNOWN,,,,,,
R-614,13619570121,13619570121,191.6,residential,,UNKNOWN,,,,,,
R-615,13619570121,13619570121,191.6,residential,,UNKNOWN,,,,,,
R-616,13619570121,2244797706,14.73,residential,,UNKNOWN,,,,,,
R-617,13619604480,13622528188,6.51,residential,0.6167,HIGH,0.8403,0.7829,0.7829,0.1818,0.5882,0.5
R-618,13619604480,13622528191,1.56,residential,,UNKNOWN,,,,,,
R-619,13619604480,9914206292,28.2,residential,0.6042,HIGH,0.8339,0.7771,0.7771,0.1673,0.5464,0.5
R-620,13619678849,13619403785,18.09,residential,,UNKNOWN,,,,,,
R-621,13619678849,13619403787,2.55,residential,,UNKNOWN,,,,,,
R-622,13619678849,13619678859,83.26,residential,,UNKNOWN,,,,,,
R-623,13619678859,13619678849,83.26,residential,,UNKNOWN,,,,,,
R-624,13619678859,13622445020,12.85,residential,,UNKNOWN,,,,,,
R-625,13619678859,9171835705,53.15,residential,,UNKNOWN,,,,,,
R-626,13619939784,2897024523,18.49,secondary,0.4439,MODERATE,0.5994,0.5686,0.5686,0.0537,0.2502,0.7675
R-627,13619939784,2897024614,230.93,primary,0.4834,MODERATE,0.6067,0.5771,0.5771,0.1747,0.3143,0.78
R-628,13620657537,245666801,134.61,residential,0.8174,VERY_HIGH,0.8979,0.8343,0.8343,0.9069,0.5541,0.8133
R-629,13620896407,13619368471,93.24,residential,0.7408,HIGH,0.8558,0.7971,0.7971,0.5838,0.5901,0.8533
R-630,13620896407,13619368472,24.35,residential,0.6247,HIGH,0.8742,0.8143,0.8143,0.1104,0.4138,0.8075
R-631,13620896407,13619368475,8.53,residential,0.6184,HIGH,0.8627,0.8029,0.8029,0.0,0.5575,0.8125
R-632,13620903019,13622445031,7.81,residential,,UNKNOWN,,,,,,
R-633,13620903019,13622445936,24.83,residential,,UNKNOWN,,,,,,
R-634,13620903019,13622450251,38.98,residential,,UNKNOWN,,,,,,
R-635,13620903026,13622450256,3.89,residential,,UNKNOWN,,,,,,
R-636,13621749580,13621749581,12.68,residential,0.4614,MODERATE,0.6985,0.6571,0.6571,0.0,0.2779,0.5
R-637,13621749581,13621749580,12.68,residential,0.4614,MODERATE,0.6985,0.6571,0.6571,0.0,0.2779,0.5
R-638,13621749581,13621749583,2.65,residential,0.4614,MODERATE,0.6985,0.6571,0.6571,0.0,0.2779,0.5
R-639,13621749581,245668277,25.79,residential,0.4708,MODERATE,0.7152,0.6714,0.6714,0.0156,0.264,0.5
R-640,13621749583,13621749581,2.65,residential,0.4614,MODERATE,0.6985,0.6571,0.6571,0.0,0.2779,0.5
R-641,13621749583,13621749584,13.09,residential,0.4614,MODERATE,0.6985,0.6571,0.6571,0.0,0.2779,0.5
R-642,13621749583,13621749587,2.96,residential,0.4614,MODERATE,0.6985,0.6571,0.6571,0.0,0.2779,0.5
R-643,13621749584,13621749583,13.09,residential,0.4614,MODERATE,0.6985,0.6571,0.6571,0.0,0.2779,0.5
R-644,13621749585,13621749587,12.85,residential,0.4602,MODERATE,0.6979,0.6571,0.6571,0.0,0.2711,0.5
R-645,13621749587,13621749583,2.96,residential,0.4614,MODERATE,0.6985,0.6571,0.6571,0.0,0.2779,0.5
R-646,13621749587,13621749585,12.85,residential,0.4602,MODERATE,0.6979,0.6571,0.6571,0.0,0.2711,0.5
R-647,13621749587,13621749595,33.6,residential,0.456,MODERATE,0.6973,0.6571,0.6571,0.0,0.2434,0.5
R-648,13621749595,13621749587,33.6,residential,0.456,MODERATE,0.6973,0.6571,0.6571,0.0,0.2434,0.5
R-649,13621749595,13621749598,17.1,residential,0.4882,MODERATE,0.7364,0.6914,0.6914,0.0,0.3261,0.5
R-650,13621749595,13621749599,6.5,residential,0.4675,MODERATE,0.7158,0.6714,0.6714,0.0,0.2621,0.5
R-651,13621749598,13621749595,17.1,residential,0.4882,MODERATE,0.7364,0.6914,0.6914,0.0,0.3261,0.5
R-652,13621749598,13621749599,11.9,residential,0.4773,MODERATE,0.7261,0.68,0.68,0.0,0.2941,0.5
R-653,13621749598,13621749599,84.01,residential,0.5588,HIGH,0.7461,0.7,0.7,0.1181,0.3639,0.8633
R-654,13621749599,13621749595,6.5,residential,0.4675,MODERATE,0.7158,0.6714,0.6714,0.0,0.2621,0.5
R-655,13621749599,13621749598,11.9,residential,0.4773,MODERATE,0.7261,0.68,0.68,0.0,0.2941,0.5
R-656,13621749599,13621749598,84.01,residential,0.5588,HIGH,0.7461,0.7,0.7,0.1181,0.3639,0.8633
R-657,13621886865,13621886866,61.16,residential,0.6204,HIGH,0.7764,0.7257,0.7257,0.2861,0.4625,0.8458
R-658,13621886865,13621886870,28.86,tertiary,0.5773,HIGH,0.7485,0.7,0.7,0.2299,0.3761,0.8025
R-659,13621886865,6428811270,42.25,tertiary,0.5405,HIGH,0.7491,0.7029,0.7029,0.1054,0.2709,0.83
R-660,13621886866,13621886865,61.16,residential,0.6204,HIGH,0.7764,0.7257,0.7257,0.2861,0.4625,0.8458
R-661,13621886869,13621886870,36.93,residential,0.5521,HIGH,0.7521,0.7057,0.7057,0.1282,0.3146,0.8183
R-662,13621886870,13619318854,97.18,tertiary,0.4839,MODERATE,0.6864,0.6457,0.6457,0.0404,0.2229,0.7908
R-663,13621886870,13621886865,28.86,tertiary,0.5773,HIGH,0.7485,0.7,0.7,0.2299,0.3761,0.8025
R-664,13621886870,13621886869,36.93,residential,0.5521,HIGH,0.7521,0.7057,0.7057,0.1282,0.3146,0.8183
R-665,13621901230,13621901231,7.57,tertiary_link,0.595,HIGH,0.8036,0.7486,0.7486,0.2422,0.3317,0.7408
R-666,13621901230,6428811268,34.8,tertiary,0.6483,HIGH,0.8239,0.7686,0.7686,0.3051,0.4572,0.8492
R-667,13621901231,12350446597,54.55,tertiary,0.5482,HIGH,0.7594,0.7114,0.7114,0.1709,0.2863,0.7025
R-668,13621901231,13621901230,7.57,tertiary_link,0.595,HIGH,0.8036,0.7486,0.7486,0.2422,0.3317,0.7408
R-669,13621901232,12350446596,51.38,tertiary,0.5108,HIGH,0.6809,0.64,0.64,0.0788,0.3761,0.7842
R-670,13621901232,13621901233,7.31,tertiary_link,0.4708,MODERATE,0.6667,0.6286,0.6286,0.0,0.4499,0.5
R-671,13621901233,13621901232,7.31,tertiary_link,0.4708,MODERATE,0.6667,0.6286,0.6286,0.0,0.4499,0.5
R-672,13622308157,13622308160,36.75,tertiary,,UNKNOWN,,,,,,
R-673,13622308160,13622308157,36.75,tertiary,,UNKNOWN,,,,,,
R-674,13622308160,13622308161,36.39,residential,,UNKNOWN,,,,,,
R-675,13622308160,13622308163,93.79,tertiary,,UNKNOWN,,,,,,
R-676,13622308161,13622308160,36.39,residential,,UNKNOWN,,,,,,
R-677,13622308163,13622308160,93.79,tertiary,,UNKNOWN,,,,,,
R-678,13622308163,13622308164,43.63,residential,,UNKNOWN,,,,,,
R-679,13622308163,13622308171,53.68,tertiary,0.4503,MODERATE,0.6948,0.6543,0.6543,0.0,0.2155,0.5
R-680,13622308164,13622308163,43.63,residential,,UNKNOWN,,,,,,
R-681,13622308166,11976374939,65.09,tertiary,0.6464,HIGH,0.75,0.7029,0.7029,0.4167,0.5434,0.855
R-682,13622308166,13622308171,26.02,tertiary,0.5406,HIGH,0.707,0.6657,0.6657,0.2237,0.2841,0.7883
R-683,13622308166,13622308171,39.49,residential,0.5679,HIGH,0.7197,0.6771,0.6771,0.283,0.3217,0.8208
R-684,13622308171,13622308163,53.68,tertiary,0.4503,MODERATE,0.6948,0.6543,0.6543,0.0,0.2155,0.5
R-685,13622308171,13622308166,26.02,tertiary,0.5406,HIGH,0.707,0.6657,0.6657,0.2237,0.2841,0.7883
R-686,13622308171,13622308166,39.49,residential,0.5679,HIGH,0.7197,0.6771,0.6771,0.283,0.3217,0.8208
R-687,13622393246,13622393246,87.86,residential,0.6278,HIGH,0.743,0.6971,0.6971,0.3509,0.4931,0.9108
R-688,13622393246,13622393246,87.86,residential,0.6278,HIGH,0.743,0.6971,0.6971,0.351,0.4931,0.9108
R-689,13622393246,5911310878,29.93,residential,0.6201,HIGH,0.7482,0.7,0.7,0.3694,0.4323,0.8675
R-690,13622435420,13619539391,16.31,residential,,UNKNOWN,,,,,,
R-691,13622435420,13622435423,8.32,residential,,UNKNOWN,,,,,,
R-692,13622435420,6489058155,52.42,residential,,UNKNOWN,,,,,,
R-693,13622435423,13622435420,8.32,residential,,UNKNOWN,,,,,,
R-694,13622435423,13622435424,14.06,residential,,UNKNOWN,,,,,,
R-695,13622435423,13622450250,27.16,residential,,UNKNOWN,,,,,,
R-696,13622435424,13622435423,14.06,residential,,UNKNOWN,,,,,,
R-697,13622445020,13619678859,12.85,residential,,UNKNOWN,,,,,,
R-698,13622445020,13622445031,89.79,residential,,UNKNOWN,,,,,,
R-699,13622445020,245668286,9.07,residential,,UNKNOWN,,,,,,
R-700,13622445031,13620903019,7.81,residential,,UNKNOWN,,,,,,
R-701,13622445031,13622445020,89.79,residential,,UNKNOWN,,,,,,
R-702,13622445031,13622445933,3.46,residential,,UNKNOWN,,,,,,
R-703,13622445933,13622445031,3.46,residential,,UNKNOWN,,,,,,
R-704,13622445933,13622445935,31.17,residential,,UNKNOWN,,,,,,
R-705,13622445933,245668286,2.71,residential,,UNKNOWN,,,,,,
R-706,13622445935,13622445933,31.17,residential,,UNKNOWN,,,,,,
R-707,13622445936,13620903019,24.83,residential,,UNKNOWN,,,,,,
R-708,13622445936,13622445937,12.05,residential,,UNKNOWN,,,,,,
R-709,13622445936,6489058155,9.93,residential,,UNKNOWN,,,,,,
R-710,13622445937,13622445936,12.05,residential,,UNKNOWN,,,,,,
R-711,13622450250,13622435423,27.16,residential,,UNKNOWN,,,,,,
R-712,13622450251,13620903019,38.98,residential,,UNKNOWN,,,,,,
R-713,13622450251,13622450256,17.73,residential,,UNKNOWN,,,,,,
R-714,13622450251,13622450256,49.66,residential,,UNKNOWN,,,,,,
R-715,13622450256,13620903026,3.89,residential,,UNKNOWN,,,,,,
R-716,13622450256,13622450251,17.73,residential,,UNKNOWN,,,,,,
R-717,13622450256,13622450251,49.66,residential,,UNKNOWN,,,,,,
R-718,13622492455,11046205759,2.71,residential,0.5071,HIGH,0.7433,0.6971,0.6971,0.0173,0.2211,0.7783
R-719,13622492455,13622492455,70.2,residential,0.498,MODERATE,0.7233,0.68,0.68,0.0181,0.236,0.7633
R-720,13622492455,13622492455,70.2,residential,0.498,MODERATE,0.7233,0.68,0.68,0.0181,0.2361,0.7633
R-721,13622492459,11046205760,27.53,residential,0.5173,HIGH,0.7685,0.72,0.72,0.0315,0.2061,0.7442
R-722,13622503093,10925941300,33.46,residential,0.5826,HIGH,0.8042,0.7514,0.7486,0.0992,0.3659,0.845
R-723,13622503093,10925943006,9.08,residential,,UNKNOWN,,,,,,
R-724,13622503093,13622531608,11.41,residential,,UNKNOWN,,,,,,
R-725,13622528187,13622528188,26.61,residential,0.6352,HIGH,0.8327,0.7771,0.7771,0.1611,0.5194,0.8658
R-726,13622528188,13619604480,6.51,residential,0.6167,HIGH,0.8403,0.7829,0.7829,0.1818,0.5882,0.5
R-727,13622528188,13622528187,26.61,residential,0.6352,HIGH,0.8324,0.7771,0.7771,0.1611,0.5194,0.8658
R-728,13622528188,13622528189,15.17,residential,0.5943,HIGH,0.83,0.7743,0.7743,0.1577,0.5052,0.5
R-729,13622528189,13622528188,15.17,residential,0.5943,HIGH,0.83,0.7743,0.7743,0.1577,0.5052,0.5
R-730,13622528191,10925943006,15.5,residential,,UNKNOWN,,,,,,
R-731,13622528191,13619604480,1.56,residential,,UNKNOWN,,,,,,
R-732,13622528191,9914206292,79.32,residential,0.5598,HIGH,0.8133,0.76,0.76,0.1104,0.3936,0.5
R-733,13622531608,13622503093,11.41,residential,,UNKNOWN,,,,,,
R-734,13622531608,13622531608,97.62,residential,0.5256,HIGH,0.7821,0.7314,0.7314,0.0716,0.3261,0.5
R-735,13622531608,13622531608,97.62,residential,0.5256,HIGH,0.7821,0.7314,0.7314,0.0716,0.3261,0.5
R-736,13626183249,13626183260,6.93,residential,0.7666,VERY_HIGH,0.9552,0.8857,0.8857,0.4642,0.597,0.8317
R-737,13626183249,245666901,29.88,tertiary,0.7441,HIGH,0.9545,0.8829,0.8829,0.3829,0.5266,0.8858
R-738,13626183257,11047568171,126.95,residential,0.6199,HIGH,0.8379,0.78,0.78,0.0537,0.5094,0.9217
R-739,13626183257,13626183258,55.37,residential,0.6552,HIGH,0.8567,0.7971,0.7971,0.2393,0.4459,0.9017
R-740,13626183257,245666901,111.52,residential,0.6372,HIGH,0.8967,0.8343,0.8343,0.1698,0.3266,0.8292
R-741,13626183258,13626183257,55.37,residential,0.6552,HIGH,0.8567,0.7971,0.7971,0.2393,0.4459,0.9017
R-742,13626183259,10055232024,7.16,residential,0.5725,HIGH,0.8973,0.8343,0.8343,0.0648,0.1644,0.6342
R-743,13626183259,10055232027,90.39,residential,0.5675,HIGH,0.8412,0.7829,0.7829,0.0389,0.2452,0.8067
R-744,13626183259,13639959261,22.54,residential,0.6494,HIGH,0.9142,0.8486,0.8486,0.2943,0.2863,0.6775
R-745,13626183260,13626183250,4.87,residential,0.7567,VERY_HIGH,0.947,0.8771,0.8771,0.463,0.5784,0.8092
R-746,13626183260,13639959261,19.36,residential,0.7436,HIGH,0.9458,0.8771,0.8771,0.4491,0.5291,0.7825
R-747,13638081803,13638081804,73.08,residential,0.5448,HIGH,0.8339,0.7771,0.7771,0.033,0.1973,0.6983
R-748,13638081803,13638081811,9.23,residential,0.543,HIGH,0.8103,0.7571,0.7571,0.0261,0.235,0.755
R-749,13638081803,13638081813,8.65,residential,0.5262,HIGH,0.7945,0.7429,0.7429,0.0009,0.2105,0.755
R-750,13638081804,13638081803,73.08,residential,0.5448,HIGH,0.8339,0.7771,0.7771,0.033,0.1973,0.6983
R-751,13638081805,13638081806,74.6,residential,0.6352,HIGH,0.8912,0.8286,0.8286,0.1883,0.3454,0.775
R-752,13638081805,13638081807,125.54,residential,0.6429,HIGH,0.897,0.8343,0.8343,0.1751,0.3502,0.8392
R-753,13638081805,13638081809,31.06,residential,0.5761,HIGH,0.8327,0.7771,0.7771,0.0411,0.3015,0.8408
R-754,13638081805,13638081811,19.75,residential,0.5656,HIGH,0.8303,0.7743,0.7743,0.0523,0.2679,0.7792
R-755,13638081806,13638081805,74.6,residential,0.6352,HIGH,0.8912,0.8286,0.8286,0.1883,0.3454,0.775
R-756,13638081807,13638081805,125.54,residential,0.6429,HIGH,0.897,0.8343,0.8343,0.1751,0.3502,0.8392
R-757,13638081807,13638081817,38.09,tertiary,0.6927,HIGH,0.9267,0.86,0.86,0.2587,0.4472,0.8758
R-758,13638081807,245666901,20.6,tertiary,0.7216,HIGH,0.9436,0.8743,0.8743,0.2995,0.5029,0.9158
R-759,13638081809,13638081805,31.06,residential,0.5761,HIGH,0.8327,0.7771,0.7771,0.0411,0.3015,0.8408
R-760,13638081810,13638081811,31.39,residential,0.5543,HIGH,0.8164,0.7629,0.7629,0.0131,0.2812,0.7917
R-761,13638081811,13638081803,9.23,residential,0.543,HIGH,0.8103,0.7571,0.7571,0.0261,0.235,0.755
R-762,13638081811,13638081805,19.75,residential,0.5656,HIGH,0.8303,0.7743,0.7743,0.0523,0.2679,0.7792
R-763,13638081811,13638081810,31.39,residential,0.5543,HIGH,0.8164,0.7629,0.7629,0.0131,0.2812,0.7917
R-764,13638081813,13638081803,8.65,residential,0.5262,HIGH,0.7945,0.7429,0.7429,0.0009,0.2105,0.755
R-765,13638081816,13638081817,13.27,residential,0.5958,HIGH,0.9,0.8371,0.8371,0.0213,0.248,0.8133
R-766,13638081817,13638081807,38.09,tertiary,0.6927,HIGH,0.9267,0.86,0.86,0.2587,0.4472,0.8758
R-767,13638081817,13638081816,13.27,residential,0.5958,HIGH,0.9,0.8371,0.8371,0.0213,0.248,0.8133
R-768,13638081817,245666881,44.87,tertiary,0.5942,HIGH,0.907,0.8429,0.8429,0.0468,0.213,0.765
R-769,13638081818,13638081819,10.0,residential,0.5449,HIGH,0.8452,0.7886,0.7857,0.0122,0.1699,0.7233
R-770,13638081818,13638081821,40.15,residential,0.5206,HIGH,0.8024,0.7486,0.7486,0.0071,0.1707,0.7108
R-771,13638081818,245666881,25.11,residential,0.5851,HIGH,0.8879,0.8257,0.8257,0.0716,0.2123,0.7233
R-772,13638081819,13638081818,10.0,residential,0.5449,HIGH,0.8452,0.7886,0.7857,0.0122,0.1699,0.7233
R-773,13638081821,13638081818,40.15,residential,0.5206,HIGH,0.8024,0.7486,0.7486,0.0071,0.1707,0.7108
R-774,13638530342,245666351,13.01,residential,0.5428,HIGH,0.7385,0.6914,0.6914,0.0307,0.3859,0.8908
R-775,13638535652,10696472308,64.73,residential,0.3684,MODERATE,0.5639,0.5371,0.5371,0.0164,0.1015,0.4908
R-776,13638535652,10696472309,3.19,residential,0.4442,MODERATE,0.6903,0.6514,0.6514,0.0284,0.1378,0.5183
R-777,13638535652,13638535654,45.47,residential,0.5112,HIGH,0.7464,0.7,0.7,0.1034,0.2183,0.635
R-778,13638535652,245666190,74.18,residential,0.5097,HIGH,0.7133,0.6714,0.6714,0.1143,0.2576,0.7058
R-779,13638535653,13638535654,39.0,residential,0.6599,HIGH,0.8042,0.7514,0.7514,0.4292,0.4791,0.7833
R-780,13638535654,13638535652,45.47,residential,0.5112,HIGH,0.7464,0.7,0.7,0.1034,0.2183,0.635
R-781,13638535654,13638535653,39.0,residential,0.6599,HIGH,0.8042,0.7514,0.7514,0.4292,0.4791,0.7833
R-782,13638535654,13638535655,73.26,residential,0.5688,HIGH,0.7567,0.7086,0.7086,0.1805,0.3411,0.8217
R-783,13638535655,13638535654,73.26,residential,0.5687,HIGH,0.7567,0.7086,0.7086,0.1805,0.3411,0.8208
R-784,13638535655,2439333822,45.9,residential,0.5945,HIGH,0.7691,0.72,0.72,0.1781,0.4196,0.9017
R-785,13638535655,245666190,46.91,residential,0.5597,HIGH,0.7397,0.6943,0.6943,0.1666,0.3509,0.8275
R-786,13638535656,2439333822,61.17,residential,0.6048,HIGH,0.7842,0.7343,0.7343,0.2224,0.3907,0.8783
R-787,13638535661,245666446,65.41,residential,0.5312,HIGH,0.7606,0.7143,0.7143,0.057,0.2584,0.7892
R-788,13638535670,10696472306,39.79,residential,0.544,HIGH,0.7436,0.6971,0.6971,0.0433,0.3684,0.8742
R-789,13638535670,13638535674,53.61,residential,0.535,HIGH,0.7427,0.6971,0.6971,0.0447,0.3027,0.8817
R-790,13638535670,245666446,97.55,residential,0.5421,HIGH,0.7473,0.7,0.7,0.0433,0.3451,0.8725
R-791,13638535674,13638535670,53.61,residential,0.535,HIGH,0.7427,0.6971,0.6971,0.0447,0.3027,0.8817
R-792,13638535675,10696472306,29.79,residential,0.5401,HIGH,0.7439,0.6971,0.6971,0.0923,0.3303,0.7933
R-793,13638535675,10696472307,33.56,residential,0.4436,MODERATE,0.6648,0.6286,0.6286,0.0666,0.1573,0.5367
R-794,13638535675,13638535679,46.38,residential,0.5657,HIGH,0.7482,0.7029,0.7029,0.2332,0.3549,0.7017
R-795,13638535679,13638535675,46.38,residential,0.5657,HIGH,0.7482,0.7029,0.7029,0.2332,0.3549,0.7017
R-796,13638535681,10696472351,16.07,residential,0.5545,HIGH,0.7755,0.7257,0.7257,0.0716,0.314,0.84
R-797,13638535681,10696472356,14.31,residential,0.5801,HIGH,0.7939,0.7429,0.7429,0.1792,0.3156,0.7808
R-798,13638535681,13638535682,74.05,residential,0.5281,HIGH,0.7697,0.72,0.72,0.0367,0.2436,0.7825
R-799,13638535682,10294725029,24.64,residential,0.5114,HIGH,0.7715,0.7229,0.7229,0.0,0.1831,0.7658
R-800,13638535682,13638535681,74.05,residential,0.5281,HIGH,0.7697,0.72,0.72,0.0367,0.2436,0.7825
R-801,13638535682,13638535685,350.21,residential,0.6384,HIGH,0.8397,0.7829,0.7829,0.3175,0.3469,0.8092
R-802,13638535682,13638546110,45.74,residential,0.5339,HIGH,0.8052,0.7514,0.7514,0.0276,0.1904,0.7575
R-803,13638535683,10696472347,64.81,residential,0.5435,HIGH,0.7609,0.7114,0.7114,0.1531,0.2762,0.7025
R-804,13638535683,10696472350,64.98,residential,0.4788,MODERATE,0.6755,0.6371,0.6371,0.0229,0.2356,0.8083
R-805,13638535683,13638535684,73.54,residential,0.5206,HIGH,0.7658,0.7171,0.7171,0.0716,0.2103,0.7058
R-806,13638535684,13638535683,73.54,residential,0.5206,HIGH,0.7658,0.7171,0.7171,0.0716,0.2103,0.7058
R-807,13638535684,13638546112,36.29,residential,0.6129,HIGH,0.8406,0.7829,0.7829,0.2337,0.311,0.7733
R-808,13638535684,13638546126,11.87,residential,0.5888,HIGH,0.8291,0.7743,0.7743,0.1673,0.3101,0.72
R-809,13638535685,10696472350,72.75,residential,0.5134,HIGH,0.7279,0.6829,0.6829,0.0955,0.2508,0.7208
R-810,13638535685,13638535682,350.21,residential,0.6384,HIGH,0.8397,0.7829,0.7829,0.3175,0.3469,0.8092
R-811,13638535685,13638535686,66.86,residential,0.5667,HIGH,0.7927,0.74,0.74,0.1304,0.301,0.7792
R-812,13638535685,13638546126,53.41,residential,0.6075,HIGH,0.8261,0.7686,0.7686,0.2381,0.3681,0.7042
R-813,13638535686,10696472349,74.14,residential,0.5482,HIGH,0.7555,0.7086,0.7086,0.1615,0.273,0.7583
R-814,13638535686,13638535685,66.86,residential,0.5667,HIGH,0.7927,0.74,0.74,0.1304,0.301,0.7792
R-815,13638535686,245666191,66.58,residential,0.5928,HIGH,0.7782,0.7286,0.7286,0.2535,0.3434,0.7992
R-816,13638546109,13638546109,99.63,residential,0.7383,HIGH,0.8912,0.8286,0.8286,0.4882,0.5826,0.85
R-817,13638546109,13638546109,99.63,residential,0.7383,HIGH,0.8912,0.8286,0.8286,0.4882,0.5826,0.85
R-818,13638546109,13638546110,26.52,residential,0.6353,HIGH,0.8552,0.7971,0.7971,0.3038,0.3037,0.79
R-819,13638546110,13638535682,45.74,residential,0.5339,HIGH,0.8052,0.7514,0.7514,0.0276,0.1904,0.7575
R-820,13638546110,13638546109,26.52,residential,0.6353,HIGH,0.8552,0.7971,0.7971,0.3038,0.3037,0.79
R-821,13638546110,245666482,17.87,residential,0.6513,HIGH,0.8403,0.7829,0.7829,0.3596,0.3736,0.8125
R-822,13638546111,13638546111,99.61,residential,0.7118,HIGH,0.8761,0.8143,0.8143,0.4141,0.5405,0.8767
R-823,13638546111,13638546111,99.61,residential,0.7118,HIGH,0.8761,0.8143,0.8143,0.4141,0.5405,0.8767
R-824,13638546111,13638546112,25.62,residential,0.6695,HIGH,0.8667,0.8057,0.8057,0.2964,0.4604,0.8583
R-825,13638546112,13638535684,36.29,residential,0.6129,HIGH,0.8406,0.7829,0.7829,0.2337,0.311,0.7733
R-826,13638546112,13638546111,25.62,residential,0.6695,HIGH,0.8667,0.8057,0.8057,0.2964,0.4604,0.8583
R-827,13638546112,245666482,29.08,residential,0.6974,HIGH,0.8482,0.7914,0.7914,0.4506,0.5216,0.8242
R-828,13638546125,13638546125,94.87,residential,0.6983,HIGH,0.8664,0.8057,0.8057,0.3638,0.5454,0.885
R-829,13638546125,13638546125,94.87,residential,0.6983,HIGH,0.8664,0.8057,0.8057,0.3638,0.5454,0.885
R-830,13638546125,13638546126,27.14,residential,0.6533,HIGH,0.8476,0.7886,0.7886,0.3067,0.4526,0.785
R-831,13638546126,13638535684,11.87,residential,0.5882,HIGH,0.8291,0.7714,0.7743,0.1673,0.3101,0.72
R-832,13638546126,13638535685,53.41,residential,0.6075,HIGH,0.8261,0.7686,0.7686,0.2381,0.3681,0.7042
R-833,13638546126,13638546125,27.14,residential,0.6533,HIGH,0.8476,0.7886,0.7886,0.3067,0.4526,0.785
R-834,13639959260,13626183249,18.8,tertiary,0.7499,HIGH,0.9521,0.8829,0.8829,0.4578,0.5397,0.78
R-835,13639959260,13639959261,7.09,residential,0.7098,HIGH,0.9379,0.8686,0.8686,0.4093,0.4252,0.7258
R-836,13639959261,13626183259,22.54,residential,0.6494,HIGH,0.9142,0.8486,0.8486,0.2943,0.2863,0.6775
R-837,13639959261,13626183260,19.36,residential,0.7436,HIGH,0.9458,0.8771,0.8771,0.4491,0.5291,0.7825
R-838,13639959261,13639959260,7.09,residential,0.7098,HIGH,0.9379,0.8686,0.8686,0.4093,0.4252,0.7258
R-839,1375215100,1375215119,153.45,residential,0.635,HIGH,0.8239,0.7686,0.7686,0.2371,0.4492,0.8642
R-840,1375215100,14104987804,39.68,residential,0.6028,HIGH,0.8321,0.7743,0.7743,0.1377,0.3441,0.8617
R-841,1375215100,2244637027,35.49,residential,0.5616,HIGH,0.7839,0.7343,0.7343,0.0982,0.276,0.8675
R-842,1375215119,1375215100,153.45,residential,0.635,HIGH,0.8239,0.7686,0.7686,0.2371,0.4492,0.8642
R-843,1375215119,245668000,42.9,tertiary,0.597,HIGH,0.8188,0.7657,0.7657,0.0912,0.4178,0.8433
R-844,1375215119,7404711455,95.82,tertiary,0.5203,HIGH,0.7279,0.6829,0.6829,0.0828,0.2778,0.775
R-845,1375251567,245668185,40.24,residential,0.4768,MODERATE,0.6864,0.6457,0.6457,0.0054,0.2252,0.7867
R-846,1375251567,245668277,150.21,tertiary,0.4932,MODERATE,0.6979,0.6571,0.6571,0.0189,0.2498,0.8242
R-847,1375251567,5911310869,430.52,tertiary,0.5225,HIGH,0.7067,0.6657,0.6657,0.0961,0.3095,0.825
R-848,13798210715,13798210737,8.15,residential,0.7713,VERY_HIGH,0.9497,0.88,0.88,0.5947,0.5851,0.6667
R-849,13798210715,6926279721,49.99,trunk,0.7525,VERY_HIGH,0.9724,0.9,0.9,0.5,0.4895,0.6958
R-850,13798210723,6926279717,56.29,residential,0.4846,MODERATE,0.7455,0.6971,0.6971,0.0,0.156,0.6808
R-851,13798210725,13798210735,31.96,residential,0.5179,HIGH,0.7967,0.7457,0.7457,0.0027,0.1613,0.7283
R-852,13798210725,6926279716,26.82,residential,0.6573,HIGH,0.8721,0.8114,0.8114,0.4398,0.2925,0.6708
R-853,13798210725,6926279717,28.31,residential,0.5112,HIGH,0.787,0.7371,0.7343,0.0,0.156,0.7283
R-854,13798210730,6926279716,56.49,residential,0.7294,HIGH,0.9445,0.8743,0.8743,0.5321,0.4336,0.6308
R-855,13798210735,13798210725,31.96,residential,0.5179,HIGH,0.7967,0.7457,0.7457,0.0027,0.1613,0.7283
R-856,13798210735,13798210737,155.84,residential,0.6139,HIGH,0.8461,0.7886,0.7886,0.2974,0.2456,0.7233
R-857,13798210735,6926279717,15.95,residential,0.5112,HIGH,0.7685,0.72,0.7171,0.0,0.1846,0.7825
R-858,13798210737,13798210715,8.15,residential,0.7713,VERY_HIGH,0.9497,0.88,0.88,0.5947,0.5851,0.6667
R-859,13798210737,13798210735,155.84,residential,0.6139,HIGH,0.8461,0.7886,0.7886,0.2974,0.2456,0.7233
R-860,13798210737,13798210738,51.18,residential,0.7676,VERY_HIGH,0.9685,0.8971,0.8971,0.5611,0.5379,0.67
R-861,13798210738,13798210737,51.18,residential,0.7676,VERY_HIGH,0.9685,0.8971,0.8971,0.5611,0.5379,0.67
R-862,13798210738,6926279716,18.95,residential,0.7615,VERY_HIGH,0.97,0.8971,0.8971,0.5987,0.5588,0.5
R-863,13798210738,6926279721,8.99,residential,0.7563,VERY_HIGH,0.9873,0.9114,0.9114,0.5498,0.5324,0.5
R-864,13798244194,10245790327,10.55,residential,0.4792,MODERATE,0.6979,0.6571,0.6571,0.0,0.2011,0.795
R-865,13798244194,13798244195,31.94,residential,0.4718,MODERATE,0.7048,0.6629,0.6629,0.0,0.1593,0.7492
R-866,13798244195,13798244194,31.94,residential,0.4718,MODERATE,0.7048,0.6629,0.6629,0.0,0.1593,0.7492
R-867,13798244195,13798244196,156.29,residential,0.635,HIGH,0.7921,0.74,0.74,0.4438,0.3609,0.7467
R-868,13798244196,13798244194,27.04,residential,0.5552,HIGH,0.7452,0.7,0.6971,0.2784,0.2214,0.7275
R-869,13798244196,13798244197,24.98,residential,0.5807,HIGH,0.7648,0.7171,0.7143,0.3143,0.247,0.7725
R-870,13798244197,13798244196,24.98,residential,0.5801,HIGH,0.7648,0.7143,0.7143,0.3143,0.2471,0.7725
R-871,13798296276,13798296277,6.17,residential,0.5137,HIGH,0.7358,0.6914,0.6914,0.0896,0.2409,0.705
R-872,13798296276,13798296286,48.23,trunk,0.4876,MODERATE,0.7085,0.6657,0.6657,0.0323,0.2093,0.7508
R-873,13798296277,13798296276,6.17,residential,0.5137,HIGH,0.7358,0.6914,0.6914,0.0896,0.2409,0.705
R-874,13798296277,13798296287,13.51,residential,0.5095,HIGH,0.7367,0.6914,0.6914,0.084,0.2336,0.6833
R-875,13798296277,13798296297,19.63,residential,0.5375,HIGH,0.7588,0.7114,0.7114,0.1504,0.2584,0.6792
R-876,13798296286,10245790327,5.22,trunk,0.482,MODERATE,0.6921,0.6514,0.6514,0.0,0.2265,0.8158
R-877,13798296286,13798296288,7.22,residential,0.479,MODERATE,0.6997,0.6571,0.6571,0.0,0.2047,0.7833
R-878,13798296287,13798296277,13.51,residential,0.5095,HIGH,0.7367,0.6914,0.6914,0.084,0.2336,0.6833
R-879,13798296288,13798296286,7.22,residential,0.479,MODERATE,0.6997,0.6571,0.6571,0.0,0.2047,0.7833
R-880,13798296288,13798296289,87.25,residential,0.6345,HIGH,0.7933,0.74,0.74,0.4261,0.392,0.7283
R-881,13798296288,13815611429,23.66,residential,0.4794,MODERATE,0.7152,0.6714,0.6714,0.0197,0.17,0.7192
R-882,13798296289,13798296288,87.25,residential,0.6345,HIGH,0.7933,0.74,0.74,0.4261,0.392,0.7283
R-883,13798296289,13798296297,14.44,residential,0.5986,HIGH,0.8091,0.7543,0.7543,0.2721,0.3365,0.6783
R-884,13798296289,13798296297,63.43,residential,0.5842,HIGH,0.7933,0.74,0.74,0.2881,0.2835,0.6642
R-885,13798296297,13798296277,19.63,residential,0.5375,HIGH,0.7588,0.7114,0.7114,0.1504,0.2584,0.6792
R-886,13798296297,13798296289,14.44,residential,0.5986,HIGH,0.8091,0.7543,0.7543,0.2721,0.3365,0.6783
R-887,13798296297,13798296289,63.43,residential,0.5842,HIGH,0.7933,0.74,0.74,0.2881,0.2835,0.6642
R-888,13815611429,13798296288,23.66,residential,0.4795,MODERATE,0.7152,0.6714,0.6714,0.0197,0.17,0.72
R-889,14090541020,10279771623,45.09,primary,0.5865,HIGH,0.8624,0.8029,0.8029,0.1641,0.3344,0.5
R-890,14104987804,1375215100,39.68,residential,0.6028,HIGH,0.8321,0.7743,0.7743,0.1377,0.3441,0.8617
R-891,14104987804,245667863,4.84,residential,0.598,HIGH,0.8427,0.7829,0.7857,0.077,0.3511,0.8692
R-892,14104987804,2897024862,300.37,secondary,0.4572,MODERATE,0.6309,0.5971,0.5971,0.2097,0.2195,0.4717
R-893,14104987809,2244637021,74.16,residential,0.5536,HIGH,0.7688,0.72,0.72,0.1754,0.2629,0.7333
R-894,14130497014,14130497015,20.82,residential,,UNKNOWN,,,,,,
R-895,14130497014,245668208,194.59,residential,,UNKNOWN,,,,,,
R-896,14130497014,9684698224,20.89,residential,,UNKNOWN,,,,,,
R-897,14130497015,14130497014,20.82,residential,,UNKNOWN,,,,,,
R-898,14130497022,9684698224,12.76,residential,,UNKNOWN,,,,,,
R-899,1934627523,245667676,129.94,residential,0.6147,HIGH,0.7573,0.7086,0.7086,0.4953,0.4061,0.5525
R-900,1934627523,245667685,78.23,residential,0.4226,MODERATE,0.6558,0.62,0.62,0.139,0.149,0.2425
R-901,1934627523,6490872923,21.5,residential,0.4078,MODERATE,0.6382,0.6029,0.6029,0.1543,0.1646,0.1358
R-902,2244637004,13614452347,193.91,trunk,0.6101,HIGH,0.7933,0.7429,0.7429,0.2611,0.3631,0.8475
R-903,2244637004,2244637007,89.18,residential,0.5133,HIGH,0.7185,0.6743,0.6743,0.1008,0.2706,0.7283
R-904,2244637004,245667542,25.01,residential,0.6216,HIGH,0.7852,0.7343,0.7343,0.2678,0.4751,0.8275
R-905,2244637007,13408237102,132.8,residential,0.469,MODERATE,0.6567,0.62,0.62,0.1959,0.2137,0.4942
R-906,2244637007,2244637004,89.18,residential,0.5138,HIGH,0.7185,0.6771,0.6743,0.1008,0.2706,0.7283
R-907,2244637007,245667730,204.59,residential,0.3229,MODERATE,0.4642,0.4486,0.4486,0.0928,0.126,0.3558
R-908,2244637012,11054646813,57.63,residential,0.4587,MODERATE,0.7209,0.6771,0.6771,0.1018,0.1376,0.3658
R-909,2244637012,6491091371,66.53,residential,0.5268,HIGH,0.7873,0.7371,0.7371,0.1712,0.2104,0.4558
R-910,2244637012,6491091372,66.0,residential,0.4838,MODERATE,0.7367,0.6914,0.6914,0.1456,0.1821,0.38
R-911,2244637013,245667730,33.76,residential,0.4897,MODERATE,0.6839,0.6429,0.6457,0.1761,0.2458,0.5542
R-912,2244637013,245667764,7.33,residential,0.502,HIGH,0.7103,0.6686,0.6686,0.133,0.2328,0.6442
R-913,2244637013,6554271024,71.18,residential,0.4944,MODERATE,0.6918,0.6514,0.6514,0.1326,0.2318,0.6675
R-914,2244637021,14104987809,74.16,residential,0.5536,HIGH,0.7688,0.72,0.72,0.1754,0.2629,0.7333
R-915,2244637021,2244637027,74.94,residential,0.5637,HIGH,0.7688,0.72,0.72,0.0912,0.3331,0.8975
R-916,2244637021,245667764,103.45,residential,0.554,HIGH,0.7515,0.7057,0.7057,0.1771,0.294,0.7717
R-917,2244637021,6554271024,67.22,residential,0.5444,HIGH,0.7364,0.6914,0.6914,0.1864,0.3115,0.7117
R-918,2244637026,2244637067,191.26,residential,0.5572,HIGH,0.8006,0.7486,0.7486,0.2327,0.2282,0.5433
R-919,2244637026,4342420383,43.76,residential,0.4286,MODERATE,0.6506,0.6143,0.6143,0.0213,0.143,0.5775
R-920,2244637026,6554206834,113.08,residential,0.4986,MODERATE,0.7015,0.66,0.66,0.1079,0.2485,0.6842
R-921,2244637027,1375215100,35.49,residential,0.5616,HIGH,0.7839,0.7343,0.7343,0.0982,0.276,0.8675
R-922,2244637027,2244637021,74.94,residential,0.5637,HIGH,0.7688,0.72,0.72,0.0912,0.3331,0.8975
R-923,2244637027,6490968308,168.17,residential,0.6348,HIGH,0.7982,0.7457,0.7457,0.3881,0.4306,0.7192
R-924,2244637034,2244637056,315.81,residential,0.5099,HIGH,0.7403,0.6943,0.6943,0.1373,0.207,0.6033
R-925,2244637034,4342420383,83.76,residential,0.5691,HIGH,0.7827,0.7314,0.7314,0.2224,0.3136,0.6508
R-926,2244637034,4342420490,83.59,residential,0.6361,HIGH,0.8379,0.78,0.78,0.3656,0.3611,0.6825
R-927,2244637056,11054673420,46.64,residential,,UNKNOWN,,,,,,
R-928,2244637056,2244637034,315.81,residential,0.5099,HIGH,0.7403,0.6943,0.6943,0.1373,0.207,0.6033
R-929,2244637056,622060872,101.59,residential,,UNKNOWN,,,,,,
R-930,2244637067,2244637026,191.26,residential,0.5572,HIGH,0.8006,0.7486,0.7486,0.2327,0.2282,0.5433
R-931,2244637067,6554236440,32.92,tertiary,0.5162,HIGH,0.793,0.74,0.7429,0.0468,0.1844,0.6117
R-932,2244637067,6554236441,210.33,tertiary,0.5924,HIGH,0.8745,0.8143,0.8143,0.1228,0.2688,0.6758
R-933,2244637068,10923690293,48.3,residential,,UNKNOWN,,,,,,
R-934,2244637068,245668029,141.2,residential,,UNKNOWN,,,,,,
R-935,2244637068,622060802,19.11,residential,,UNKNOWN,,,,,,
R-936,2244797470,2804520131,226.51,residential,0.557,HIGH,0.7752,0.7257,0.7257,0.1488,0.2805,0.7617
R-937,2244797686,10925931739,51.06,residential,0.5478,HIGH,0.8136,0.76,0.76,0.0563,0.235,0.7258
R-938,2244797686,11046194845,23.64,residential,0.6192,HIGH,0.8779,0.8171,0.8171,0.1596,0.3442,0.7408
R-939,2244797686,13601073293,20.6,residential,0.6713,HIGH,0.8761,0.8143,0.8143,0.3157,0.4489,0.8058
R-940,2244797706,13619539396,35.28,residential,,UNKNOWN,,,,,,
R-941,2244797706,13619570121,14.73,residential,,UNKNOWN,,,,,,
R-942,2244797706,245668374,37.97,residential,,UNKNOWN,,,,,,
R-943,2439333822,10696472349,119.0,residential,0.5907,HIGH,0.7697,0.72,0.72,0.1871,0.41,0.8583
R-944,2439333822,13638535655,45.9,residential,0.5945,HIGH,0.7691,0.72,0.72,0.1781,0.4196,0.9017
R-945,2439333822,13638535656,61.17,residential,0.6048,HIGH,0.7842,0.7343,0.7343,0.2224,0.3907,0.8783
R-946,245665874,3641869342,23.74,tertiary,0.466,MODERATE,0.71,0.6657,0.6657,0.0,0.2731,0.5
R-947,245665874,6428811261,15.69,tertiary,0.4602,MODERATE,0.7124,0.6686,0.6686,0.0,0.2249,0.5
R-948,245665910,10653501374,119.23,residential,0.6197,HIGH,0.7894,0.7371,0.7371,0.3485,0.3962,0.7475
R-949,245665910,13617092840,6.78,tertiary,0.6266,HIGH,0.8245,0.7686,0.7686,0.1968,0.4059,0.9242
R-950,245666041,245666337,213.16,tertiary,,UNKNOWN,,,,,,
R-951,245666041,2897024596,11.16,tertiary,,UNKNOWN,,,,,,
R-952,245666077,10091403659,64.63,tertiary,0.5223,HIGH,0.7048,0.6629,0.6629,0.1432,0.2883,0.7742
R-953,245666077,13617067002,5.65,tertiary_link,0.5326,HIGH,0.7367,0.6914,0.6914,0.148,0.2664,0.7367
R-954,245666078,245666041,109.96,tertiary,0.5458,HIGH,0.7367,0.6914,0.6914,0.1259,0.3406,0.8017
R-955,245666078,2897024594,8.02,tertiary,0.4945,MODERATE,0.7042,0.6629,0.66,0.0433,0.2425,0.7708
R-956,245666141,2897024627,11.81,tertiary,0.4855,MODERATE,0.6888,0.6486,0.6486,0.1181,0.2161,0.6467
R-957,245666141,9469495782,392.7,secondary,0.5788,HIGH,0.7239,0.68,0.68,0.2701,0.3708,0.8642
R-958,245666158,13619318853,9.0,tertiary,0.4593,MODERATE,0.6715,0.6343,0.6314,0.0189,0.1863,0.7175
R-959,245666158,13619318866,23.09,tertiary,0.466,MODERATE,0.7073,0.6657,0.6657,0.0503,0.1621,0.5717
R-960,245666190,10696472349,28.07,residential,0.488,MODERATE,0.7112,0.6686,0.6686,0.0292,0.2023,0.7558
R-961,245666190,13638535652,74.18,residential,0.5097,HIGH,0.7133,0.6714,0.6714,0.1143,0.2576,0.7058
R-962,245666190,13638535655,46.91,residential,0.5597,HIGH,0.7397,0.6943,0.6943,0.1666,0.3509,0.8275
R-963,245666190,245666260,65.45,residential,0.4774,MODERATE,0.6691,0.6314,0.6314,0.0205,0.2384,0.8275
R-964,245666191,13619318852,13.1,residential,0.4765,MODERATE,0.7261,0.68,0.68,0.0,0.1508,0.7067
R-965,245666191,13619318854,61.43,residential,0.4603,MODERATE,0.6745,0.6371,0.6371,0.0009,0.1785,0.7542
R-966,245666191,13638535686,66.58,residential,0.5928,HIGH,0.7782,0.7286,0.7286,0.2535,0.3434,0.7992
R-967,245666192,10091403664,6.21,residential,0.768,VERY_HIGH,0.8436,0.7857,0.7857,0.6769,0.6958,0.845
R-968,245666192,13614337239,132.84,residential,0.6408,HIGH,0.7833,0.7314,0.7314,0.436,0.3896,0.825
R-969,245666192,245666077,122.53,tertiary,0.7018,HIGH,0.8006,0.7486,0.7486,0.5604,0.5525,0.8467
R-970,245666260,10696472308,71.83,residential,0.4326,MODERATE,0.6106,0.58,0.58,0.0173,0.1983,0.7425
R-971,245666260,10696472350,30.74,residential,0.4788,MODERATE,0.6494,0.6143,0.6143,0.0105,0.2837,0.8925
R-972,245666260,245666190,65.45,residential,0.4774,MODERATE,0.6691,0.6314,0.6314,0.0205,0.2384,0.8275
R-973,245666260,245666323,46.8,residential,0.4696,MODERATE,0.657,0.62,0.62,0.0,0.2339,0.8608
R-974,245666274,10292442915,11.26,secondary,0.4062,MODERATE,0.5385,0.5171,0.5143,0.0054,0.2288,0.8258
R-975,245666274,12409410388,80.29,secondary,0.4431,MODERATE,0.5542,0.5286,0.5286,0.0475,0.3267,0.8875
R-976,245666323,10696472307,69.45,residential,0.4726,MODERATE,0.6682,0.6314,0.6314,0.0918,0.2231,0.6617
R-977,245666323,245666260,46.8,residential,0.4696,MODERATE,0.657,0.62,0.62,0.0,0.2339,0.8608
R-978,245666323,245666367,64.51,residential,0.5129,HIGH,0.7255,0.68,0.68,0.0834,0.2366,0.7758
R-979,245666337,245666041,213.16,tertiary,,UNKNOWN,,,,,,
R-980,245666351,10653501375,155.72,residential,0.4554,MODERATE,0.6548,0.6171,0.6171,0.0284,0.2271,0.6867
R-981,245666351,13638530342,13.01,residential,0.5428,HIGH,0.7385,0.6914,0.6914,0.0307,0.3859,0.8908
R-982,245666351,245666385,23.02,residential,0.5563,HIGH,0.7479,0.7,0.7,0.053,0.4094,0.8967
R-983,245666367,10696472306,71.59,residential,0.61,HIGH,0.77,0.72,0.72,0.2605,0.4386,0.8608
R-984,245666367,245666323,64.51,residential,0.5129,HIGH,0.7255,0.68,0.68,0.0834,0.2366,0.7758
R-985,245666367,245666446,67.69,residential,0.598,HIGH,0.7852,0.7343,0.7343,0.2598,0.3532,0.79
R-986,245666370,13617040697,6.68,tertiary_link,0.5431,HIGH,0.8085,0.7543,0.7543,0.0045,0.2342,0.8133
R-987,245666370,3803643818,26.19,tertiary,0.5481,HIGH,0.8121,0.7571,0.7571,0.0148,0.2374,0.8217
R-988,245666371,245666141,219.36,tertiary,0.5323,HIGH,0.6712,0.6343,0.6343,0.2364,0.2944,0.8458
R-989,245666371,2897024642,10.98,tertiary,0.4643,MODERATE,0.6473,0.6114,0.6114,0.0,0.236,0.8542
R-990,245666385,245666351,23.02,residential,0.5563,HIGH,0.7479,0.7,0.7,0.053,0.4094,0.8967
R-991,245666386,245666830,107.91,tertiary,0.5195,HIGH,0.6333,0.6,0.6,0.2407,0.354,0.8158
R-992,245666386,2897024660,251.12,tertiary,0.6289,HIGH,0.7176,0.6743,0.6743,0.546,0.428,0.76
R-993,245666386,6554384670,83.86,tertiary,0.4156,MODERATE,0.5788,0.5514,0.5514,0.0411,0.1994,0.6867
R-994,245666426,12311766936,10.15,tertiary,0.5544,HIGH,0.7073,0.6657,0.6657,0.2448,0.3313,0.8125
R-995,245666446,10696472356,29.73,residential,0.5907,HIGH,0.7927,0.74,0.74,0.2151,0.3384,0.7933
R-996,245666446,13638535661,65.41,residential,0.5312,HIGH,0.7606,0.7143,0.7143,0.057,0.2584,0.7892
R-997,245666446,13638535670,97.55,residential,0.5421,HIGH,0.7473,0.7,0.7,0.0433,0.3451,0.8725
R-998,245666446,245666367,67.69,residential,0.598,HIGH,0.7852,0.7343,0.7343,0.2598,0.3532,0.79
R-999,245666448,476480258,333.56,tertiary,0.483,MODERATE,0.5824,0.5543,0.5543,0.1277,0.4643,0.7733
R-1000,245666448,476480287,301.33,secondary,0.517,HIGH,0.5785,0.5514,0.5514,0.3556,0.3802,0.8017
R-1001,245666482,10696472347,74.32,residential,0.7583,VERY_HIGH,0.8379,0.78,0.78,0.4561,0.9364,0.86
R-1002,245666482,13638546110,17.87,residential,0.6513,HIGH,0.8403,0.7829,0.7829,0.3596,0.3735,0.8125
R-1003,245666482,13638546112,29.08,residential,0.6974,HIGH,0.8482,0.7914,0.7914,0.4506,0.5215,0.8242
R-1004,245666579,12350391112,182.63,tertiary,0.5476,HIGH,0.7918,0.74,0.74,0.0788,0.2585,0.7575
R-1005,245666579,12350425034,7.73,residential,0.5978,HIGH,0.8852,0.8229,0.8229,0.0635,0.2999,0.7508
R-1006,245666579,245666651,97.11,residential,0.6776,HIGH,0.8952,0.8314,0.8314,0.2779,0.4632,0.825
R-1007,245666651,245666579,97.11,residential,0.6776,HIGH,0.8952,0.8314,0.8314,0.2779,0.4632,0.825
R-1008,245666651,245666881,141.24,residential,0.6601,HIGH,0.9179,0.8514,0.8514,0.2016,0.3685,0.8292
R-1009,245666651,8443491310,77.22,residential,0.5504,HIGH,0.8158,0.76,0.76,0.0062,0.2455,0.8317
R-1010,245666801,10724781030,7.12,tertiary,0.8067,VERY_HIGH,0.9136,0.8457,0.8457,0.8395,0.4992,0.8525
R-1011,245666801,13620657537,134.61,residential,0.8174,VERY_HIGH,0.8979,0.8343,0.8343,0.9069,0.5541,0.8133
R-1012,245666801,7372035744,85.2,tertiary,0.8049,VERY_HIGH,0.897,0.8343,0.8343,0.8589,0.5284,0.8242
R-1013,245666830,245666386,107.91,tertiary,0.5195,HIGH,0.6333,0.6,0.6,0.2407,0.354,0.8158
R-1014,245666830,245666882,247.89,tertiary,0.4997,MODERATE,0.653,0.6171,0.6171,0.1273,0.3081,0.8142
R-1015,245666830,2897024695,7.98,tertiary,0.4982,MODERATE,0.6379,0.6057,0.6057,0.1313,0.3067,0.8633
R-1016,245666831,245666830,175.07,tertiary,0.4791,MODERATE,0.5879,0.56,0.56,0.1468,0.3445,0.845
R-1017,245666831,2897024683,8.09,unclassified,0.4362,MODERATE,0.5527,0.5286,0.5286,0.0698,0.2796,0.8475
R-1018,245666881,13638081817,44.87,tertiary,0.5942,HIGH,0.907,0.8429,0.8429,0.0468,0.213,0.765
R-1019,245666881,13638081818,25.11,residential,0.5851,HIGH,0.8879,0.8257,0.8257,0.0716,0.2123,0.7233
R-1020,245666881,245666651,141.24,residential,0.6601,HIGH,0.9179,0.8514,0.8514,0.2016,0.3685,0.8292
R-1021,245666882,2897024660,92.96,tertiary,0.4922,MODERATE,0.6997,0.66,0.66,0.0261,0.233,0.8108
R-1022,245666882,2897024710,8.15,tertiary,0.5006,HIGH,0.6988,0.6571,0.6571,0.0426,0.2634,0.8283
R-1023,245666882,2897024713,60.67,tertiary,0.483,MODERATE,0.663,0.6257,0.6257,0.0122,0.2804,0.8692
R-1024,245666901,13616287392,72.28,tertiary,0.7323,HIGH,0.9491,0.88,0.88,0.3964,0.488,0.82
R-1025,245666901,13626183257,111.52,residential,0.6373,HIGH,0.897,0.8343,0.8343,0.1698,0.3266,0.8292
R-1026,245666901,13638081807,20.6,tertiary,0.7216,HIGH,0.9436,0.8743,0.8743,0.2995,0.5029,0.9158
R-1027,245666901,245667237,238.41,residential,0.6067,HIGH,0.8903,0.8286,0.8286,0.0934,0.2691,0.7958
R-1028,245666966,10279771631,47.09,secondary,0.4091,MODERATE,0.6009,0.5714,0.5714,0.0018,0.1446,0.6692
R-1029,245666966,2897024737,8.19,primary,0.3925,MODERATE,0.58,0.5514,0.5514,0.0009,0.1282,0.6408
R-1030,245667237,245666901,238.41,residential,0.6067,HIGH,0.8903,0.8286,0.8286,0.0934,0.2691,0.7958
R-1031,245667361,245667423,226.08,trunk,0.4103,MODERATE,0.5979,0.5686,0.5686,0.0577,0.1753,0.5383
R-1032,245667361,245667468,151.02,residential,0.2609,MODERATE,0.3836,0.3771,0.3771,0.0596,0.1118,0.235
R-1033,245667423,13798296276,46.96,trunk,0.4931,MODERATE,0.7048,0.6629,0.6629,0.0389,0.2381,0.7667
R-1034,245667423,2804481652,36.04,residential,0.4946,MODERATE,0.6739,0.6343,0.6343,0.0114,0.3144,0.8833
R-1035,245667423,622060792,187.57,residential,0.5076,HIGH,0.7042,0.6629,0.6629,0.1531,0.2225,0.7075
R-1036,245667468,12378368426,17.87,residential,0.1798,LOW,0.1685,0.1886,0.1886,0.0,0.1302,0.6058
R-1037,245667468,13618292019,4.23,residential,0.1804,LOW,0.1603,0.1829,0.18,0.0,0.1402,0.6375
R-1038,245667468,245667361,151.02,residential,0.261,MODERATE,0.3836,0.3771,0.3771,0.0603,0.1118,0.235
R-1039,245667542,10265662175,84.99,trunk,0.6449,HIGH,0.7758,0.7257,0.7257,0.4042,0.4891,0.8158
R-1040,245667542,2244637004,25.01,residential,0.6216,HIGH,0.7852,0.7343,0.7343,0.2678,0.4751,0.8275
R-1041,245667676,1934627523,129.94,residential,0.6147,HIGH,0.7573,0.7086,0.7086,0.4953,0.4061,0.5525
R-1042,245667676,245667730,74.15,residential,0.4148,MODERATE,0.6518,0.6171,0.6171,0.1157,0.1336,0.2525
R-1043,245667676,245667764,98.77,residential,0.5775,HIGH,0.7612,0.7143,0.7143,0.396,0.3156,0.4875
R-1044,245667685,1934627523,78.23,residential,0.4226,MODERATE,0.6558,0.62,0.62,0.139,0.149,0.2425
R-1045,245667685,623895377,201.78,residential,0.4526,MODERATE,0.6036,0.5743,0.5743,0.2137,0.2202,0.5508
R-1046,245667685,6428793085,38.34,residential,0.4701,MODERATE,0.6485,0.6114,0.6114,0.2004,0.1917,0.5758
R-1047,245667730,2244637007,204.59,residential,0.3229,MODERATE,0.4642,0.4486,0.4486,0.0928,0.126,0.3558
R-1048,245667730,2244637013,33.76,residential,0.4897,MODERATE,0.6839,0.6429,0.6457,0.1761,0.2458,0.5542
R-1049,245667730,245667676,74.15,residential,0.4148,MODERATE,0.6518,0.6171,0.6171,0.1157,0.1336,0.2525
R-1050,245667764,2244637013,7.33,residential,0.502,HIGH,0.7103,0.6686,0.6686,0.133,0.2328,0.6442
R-1051,245667764,2244637021,103.45,residential,0.554,HIGH,0.7515,0.7057,0.7057,0.1771,0.294,0.7717
R-1052,245667764,245667676,98.77,residential,0.5775,HIGH,0.7612,0.7143,0.7143,0.396,0.3156,0.4875
R-1053,245667803,245667757,255.38,trunk,0.5713,HIGH,0.7552,0.7086,0.7086,0.1841,0.3459,0.8358
R-1054,245667803,5911310869,13.75,tertiary,0.5789,HIGH,0.77,0.72,0.72,0.1663,0.3728,0.8367
R-1055,245667863,13619400539,98.56,secondary,0.5998,HIGH,0.8342,0.7771,0.7771,0.0971,0.3625,0.8717
R-1056,245667863,14104987804,4.84,residential,0.598,HIGH,0.8427,0.7829,0.7857,0.077,0.3511,0.8692
R-1057,245667863,245667933,47.83,residential,0.6468,HIGH,0.8358,0.78,0.78,0.3067,0.4384,0.795
R-1058,245667933,10925931781,125.58,residential,0.5604,HIGH,0.7794,0.7286,0.7286,0.1912,0.2863,0.6833
R-1059,245667933,245667863,47.83,residential,0.6468,HIGH,0.8358,0.78,0.78,0.3067,0.4384,0.795
R-1060,245667933,245668038,114.17,residential,0.5464,HIGH,0.7161,0.6714,0.6714,0.2117,0.3554,0.725
R-1061,245667933,6490861784,77.54,residential,0.5677,HIGH,0.7821,0.7314,0.7314,0.2359,0.3329,0.5817
R-1062,245667958,245668141,125.66,residential,0.4961,MODERATE,0.6852,0.6457,0.6457,0.0918,0.2506,0.7708
R-1063,245667960,622060872,43.75,residential,,UNKNOWN,,,,,,
R-1064,245668000,1375215119,42.9,tertiary,0.597,HIGH,0.8188,0.7657,0.7657,0.0912,0.4178,0.8433
R-1065,245668000,245668015,6.76,tertiary,0.6345,HIGH,0.843,0.7857,0.7857,0.1764,0.474,0.845
R-1066,245668000,4342420553,69.13,residential,0.5755,HIGH,0.8073,0.7543,0.7543,0.0679,0.3448,0.8475
R-1067,245668015,14104987804,130.23,secondary,0.6197,HIGH,0.8385,0.7829,0.78,0.1365,0.4178,0.8842
R-1068,245668015,245668000,6.76,tertiary,0.6345,HIGH,0.843,0.7857,0.7857,0.1764,0.474,0.845
R-1069,245668015,7404711447,9.51,secondary,0.6627,HIGH,0.847,0.7886,0.7886,0.2546,0.5324,0.865
R-1070,245668029,2244637068,141.2,residential,,UNKNOWN,,,,,,
R-1071,245668029,623895533,58.72,tertiary,,UNKNOWN,,,,,,
R-1072,245668029,6554236441,12.21,tertiary,,UNKNOWN,,,,,,
R-1073,245668038,245667933,114.17,residential,0.5464,HIGH,0.7161,0.6714,0.6714,0.2117,0.3554,0.725
R-1074,245668038,4342420515,64.09,residential,0.4368,MODERATE,0.6455,0.6114,0.6114,0.0345,0.1641,0.6217
R-1075,245668038,7404711443,19.69,residential,0.4613,MODERATE,0.6391,0.6057,0.6057,0.0543,0.2472,0.735
R-1076,245668039,10925931781,8.27,secondary,0.6739,HIGH,0.8394,0.7829,0.7829,0.2969,0.5751,0.8633
R-1077,245668039,7404711447,18.91,secondary,0.6946,HIGH,0.8467,0.7886,0.7886,0.325,0.6251,0.905
R-1078,245668141,245667958,125.66,residential,0.4961,MODERATE,0.6852,0.6457,0.6457,0.0918,0.2506,0.7708
R-1079,245668141,245668208,104.5,residential,,UNKNOWN,,,,,,
R-1080,245668141,7404711443,156.42,residential,0.4503,MODERATE,0.6258,0.5943,0.5943,0.0269,0.2211,0.7858
R-1081,245668185,1375251567,40.24,residential,0.4768,MODERATE,0.6864,0.6457,0.6457,0.0054,0.2252,0.7867
R-1082,245668197,13619403785,22.99,residential,,UNKNOWN,,,,,,
R-1083,245668197,13619403788,28.94,residential,,UNKNOWN,,,,,,
R-1084,245668197,622039360,19.56,residential,,UNKNOWN,,,,,,
R-1085,245668208,13617280082,44.67,residential,,UNKNOWN,,,,,,
R-1086,245668208,14130497014,194.59,residential,,UNKNOWN,,,,,,
R-1087,245668208,245668141,104.5,residential,,UNKNOWN,,,,,,
R-1088,245668226,4342420553,194.56,residential,,UNKNOWN,,,,,,
R-1089,245668277,13619239367,186.93,tertiary,0.4876,MODERATE,0.7336,0.6886,0.6886,0.0543,0.2604,0.5
R-1090,245668277,13621749581,25.79,residential,0.4708,MODERATE,0.7152,0.6714,0.6714,0.0156,0.264,0.5
R-1091,245668277,1375251567,150.21,tertiary,0.4932,MODERATE,0.6979,0.6571,0.6571,0.0189,0.2498,0.8242
R-1092,245668286,13619403787,71.42,residential,,UNKNOWN,,,,,,
R-1093,245668286,13622445020,9.07,residential,,UNKNOWN,,,,,,
R-1094,245668286,13622445933,2.71,residential,,UNKNOWN,,,,,,
R-1095,245668324,13619239369,14.91,residential,,UNKNOWN,,,,,,
R-1096,245668324,13619243545,58.86,residential,,UNKNOWN,,,,,,
R-1097,245668324,13619403788,104.46,residential,,UNKNOWN,,,,,,
R-1098,245668373,9445072347,17.59,residential,,UNKNOWN,,,,,,
R-1099,245668374,13619500839,8.05,residential,,UNKNOWN,,,,,,
R-1100,245668374,13619500841,60.13,residential,,UNKNOWN,,,,,,
R-1101,245668374,2244797706,37.97,residential,,UNKNOWN,,,,,,
R-1102,245668449,9684698224,16.58,residential,,UNKNOWN,,,,,,
R-1103,2804481652,12334925193,362.75,trunk,0.4772,MODERATE,0.6736,0.6343,0.6343,0.1089,0.2309,0.6408
R-1104,2804481652,245667423,36.04,residential,0.4946,MODERATE,0.6739,0.6343,0.6343,0.0114,0.3144,0.8833
R-1105,2804481652,6926279722,104.56,residential,0.569,HIGH,0.7264,0.6829,0.6829,0.1758,0.4603,0.805
R-1106,2804520131,2244797470,226.51,residential,0.557,HIGH,0.7752,0.7257,0.7257,0.1488,0.2805,0.7617
R-1107,2804520131,5470238123,64.33,trunk,0.6686,HIGH,0.8294,0.7743,0.7743,0.3048,0.5465,0.8883
R-1108,2897022098,2897024519,92.09,primary_link,0.4687,MODERATE,0.5909,0.5629,0.5629,0.1013,0.3534,0.8025
R-1109,2897022098,296857831,61.85,secondary,0.4521,MODERATE,0.5755,0.5486,0.5486,0.074,0.3215,0.8192
R-1110,2897024501,2897024596,235.36,tertiary,0.5773,HIGH,0.7509,0.7029,0.7029,0.2804,0.3181,0.7733
R-1111,2897024506,2897022099,22.66,secondary,0.4026,MODERATE,0.543,0.52,0.52,0.0685,0.322,0.5
R-1112,2897024517,2897024636,404.85,tertiary,0.4991,MODERATE,0.6448,0.6086,0.6086,0.198,0.2744,0.7642
R-1113,2897024517,476489029,11.98,unclassified,0.4595,MODERATE,0.6073,0.5771,0.5743,0.0088,0.3043,0.8908
R-1114,2897024519,476465252,53.37,primary,0.4909,MODERATE,0.65,0.6143,0.6143,0.0805,0.3227,0.8142
R-1115,2897024523,2897024506,45.51,secondary,0.434,MODERATE,0.5633,0.5371,0.5371,0.0468,0.2855,0.8117
R-1116,2897024523,296857831,7.92,primary,0.4444,MODERATE,0.5912,0.56,0.56,0.0577,0.2582,0.7992
R-1117,2897024540,2897024506,59.55,primary_link,0.4233,MODERATE,0.5561,0.5314,0.5314,0.0454,0.2626,0.7758
R-1118,2897024540,2897024523,36.76,primary,0.4277,MODERATE,0.5794,0.5514,0.5514,0.0454,0.226,0.7583
R-1119,2897024594,476489029,208.98,tertiary,0.5571,HIGH,0.6867,0.6457,0.6457,0.2894,0.359,0.8208
R-1120,2897024595,2897024597,9.02,secondary,0.3409,MODERATE,0.4561,0.4429,0.4429,0.0018,0.1539,0.7117
R-1121,2897024595,476480400,221.79,tertiary,0.3975,MODERATE,0.4855,0.4686,0.4686,0.0307,0.2919,0.8642
R-1122,2897024596,245666041,11.16,tertiary,,UNKNOWN,,,,,,
R-1123,2897024596,2897024501,235.36,tertiary,0.5773,HIGH,0.7509,0.7029,0.7029,0.2804,0.3181,0.7733
R-1124,2897024596,2897024594,104.69,tertiary,0.5255,HIGH,0.7273,0.6829,0.6829,0.0616,0.3114,0.82
R-1125,2897024597,2897024609,68.22,secondary,0.415,MODERATE,0.5494,0.5257,0.5257,0.0928,0.2312,0.6792
R-1126,2897024601,2897024540,170.92,primary,0.4618,MODERATE,0.587,0.56,0.56,0.1448,0.2841,0.7683
R-1127,2897024609,2897024601,56.78,primary_link,0.5188,HIGH,0.6373,0.6029,0.6029,0.2426,0.387,0.7375
R-1128,2897024609,296857806,46.19,secondary,0.5605,HIGH,0.6561,0.62,0.62,0.3106,0.4819,0.7792
R-1129,2897024611,245666448,77.45,secondary,0.4331,MODERATE,0.5633,0.5371,0.5371,0.1255,0.2574,0.6875
R-1130,2897024614,12079741513,6.96,primary,0.5837,HIGH,0.6567,0.62,0.62,0.3511,0.5349,0.8492
R-1131,2897024615,2897024611,41.55,secondary,0.5793,HIGH,0.66,0.6229,0.6229,0.3582,0.5217,0.7942
R-1132,2897024615,296857806,8.19,primary,0.5919,HIGH,0.6667,0.6286,0.6286,0.3619,0.553,0.8325
R-1133,2897024623,245666274,233.6,secondary,0.4693,MODERATE,0.6261,0.5943,0.5943,0.1607,0.2546,0.6575
R-1134,2897024623,2897024625,11.8,tertiary,0.4458,MODERATE,0.6503,0.6143,0.6143,0.0746,0.1664,0.6083
R-1135,2897024625,245666141,10.97,secondary,0.4596,MODERATE,0.6594,0.6229,0.6229,0.0885,0.1896,0.6358
R-1136,2897024625,2897024642,223.77,tertiary,0.5727,HIGH,0.6682,0.6314,0.6314,0.3988,0.3554,0.85
R-1137,2897024627,2897024623,10.97,secondary,0.4721,MODERATE,0.6797,0.64,0.64,0.1064,0.1927,0.62
R-1138,2897024628,2897024611,68.06,primary_link,0.5734,HIGH,0.6455,0.6114,0.6114,0.4115,0.4881,0.7483
R-1139,2897024628,2897024615,47.23,primary,0.5883,HIGH,0.6448,0.6086,0.6086,0.4547,0.5246,0.7667
R-1140,2897024636,2897024667,203.56,tertiary,0.4789,MODERATE,0.6409,0.6057,0.6057,0.0616,0.2939,0.8233
R-1141,2897024636,476488948,11.98,unclassified,0.5122,HIGH,0.6618,0.6257,0.6257,0.1255,0.3489,0.8342
R-1142,2897024642,245666371,10.98,tertiary,0.4643,MODERATE,0.6473,0.6114,0.6114,0.0,0.236,0.8542
R-1143,2897024642,2897024644,139.0,tertiary,0.4913,MODERATE,0.6382,0.6029,0.6029,0.1968,0.2571,0.7467
R-1144,2897024642,476480258,98.6,tertiary,0.5451,HIGH,0.6976,0.6571,0.6571,0.2349,0.335,0.7833
R-1145,2897024644,2897024648,48.67,primary_link,0.3936,MODERATE,0.5252,0.5029,0.5029,0.0009,0.2065,0.8142
R-1146,2897024644,296853816,34.75,tertiary,0.4008,MODERATE,0.53,0.5086,0.5086,0.0,0.2216,0.835
R-1147,2897024648,2897024628,340.79,primary,0.424,MODERATE,0.5191,0.4971,0.4971,0.1282,0.2708,0.7992
R-1148,2897024651,245666371,171.79,tertiary,0.4902,MODERATE,0.6224,0.5886,0.5886,0.2324,0.2531,0.7525
R-1149,2897024651,296853816,8.12,primary,0.4146,MODERATE,0.5436,0.52,0.52,0.0,0.2484,0.8658
R-1150,2897024656,2897024658,8.31,primary,0.4245,MODERATE,0.5555,0.5314,0.5314,0.0,0.267,0.8733
R-1151,2897024656,6552594955,26.66,tertiary,0.4386,MODERATE,0.5697,0.5429,0.5429,0.0516,0.2662,0.8442
R-1152,2897024658,2897024651,18.15,tertiary,0.4226,MODERATE,0.5491,0.5257,0.5257,0.0,0.2712,0.8808
R-1153,2897024658,2897024742,383.65,primary,0.462,MODERATE,0.6042,0.5743,0.5743,0.0641,0.3,0.8233
R-1154,2897024660,245666386,251.12,tertiary,0.6289,HIGH,0.7176,0.6743,0.6743,0.546,0.428,0.76
R-1155,2897024660,245666882,92.96,tertiary,0.4922,MODERATE,0.6997,0.66,0.66,0.0261,0.233,0.8108
R-1156,2897024660,9771116360,47.48,residential,0.4824,MODERATE,0.7024,0.6629,0.66,0.0009,0.2039,0.7958
R-1157,2897024667,2897024676,9.67,tertiary,0.5329,HIGH,0.703,0.6629,0.66,0.1255,0.3189,0.8783
R-1158,2897024667,2897024687,75.77,tertiary,0.5717,HIGH,0.7224,0.68,0.68,0.2181,0.4067,0.8458
R-1159,2897024676,245666426,12.12,tertiary,0.5751,HIGH,0.7173,0.6743,0.6743,0.2611,0.38,0.8642
R-1160,2897024676,2897024734,183.57,tertiary,0.5922,HIGH,0.7588,0.7114,0.7114,0.2218,0.3847,0.8942
R-1161,2897024677,245666831,8.08,tertiary,0.4251,MODERATE,0.553,0.5286,0.5286,0.044,0.2479,0.835
R-1162,2897024682,2897024658,114.45,tertiary,0.4884,MODERATE,0.5845,0.5571,0.5571,0.1828,0.3609,0.8583
R-1163,2897024682,2897024677,8.07,unclassified,0.4447,MODERATE,0.5612,0.5371,0.5371,0.0923,0.2843,0.8333
R-1164,2897024683,11027088421,488.66,unclassified,0.5703,HIGH,0.6933,0.6514,0.6514,0.2798,0.4129,0.8575
R-1165,2897024683,2897024682,8.08,tertiary,0.4547,MODERATE,0.5612,0.5371,0.5371,0.1124,0.3159,0.8458
R-1166,2897024687,631525434,8.19,tertiary,0.4976,MODERATE,0.6903,0.6514,0.6514,0.0475,0.2602,0.83
R-1167,2897024687,9469495781,44.22,tertiary,0.4957,MODERATE,0.677,0.6371,0.6371,0.0197,0.2974,0.8875
R-1168,2897024695,245666830,7.98,tertiary,0.4982,MODERATE,0.6379,0.6057,0.6057,0.1313,0.3067,0.8633
R-1169,2897024695,7749797394,54.4,tertiary,0.483,MODERATE,0.6285,0.5943,0.5943,0.1124,0.3101,0.8033
R-1170,2897024696,12084454212,7.67,secondary,0.5075,HIGH,0.6755,0.6371,0.6371,0.0245,0.3498,0.9208
R-1171,2897024710,245666882,8.15,tertiary,0.5006,HIGH,0.6988,0.6571,0.6571,0.0426,0.2634,0.8283
R-1172,2897024710,2897024695,247.3,tertiary,0.4967,MODERATE,0.6479,0.6114,0.6114,0.1246,0.3076,0.8208
R-1173,2897024711,2897024737,125.16,secondary,0.4379,MODERATE,0.6252,0.5914,0.5914,0.0009,0.1944,0.765
R-1174,2897024711,631507969,7.99,tertiary,0.4821,MODERATE,0.6788,0.64,0.64,0.0229,0.2382,0.82
R-1175,2897024713,13616287395,8.37,residential,0.4778,MODERATE,0.6697,0.6343,0.6314,0.0,0.25,0.8475
R-1176,2897024713,3803645219,36.4,tertiary,0.4846,MODERATE,0.7033,0.6629,0.6629,0.036,0.2056,0.7392
R-1177,2897024734,2897024749,99.11,tertiary,,UNKNOWN,,,,,,
R-1178,2897024734,631507991,10.02,tertiary,,UNKNOWN,,,,,,
R-1179,2897024734,631525440,214.13,tertiary,0.6535,HIGH,0.81,0.7571,0.7571,0.2962,0.5166,0.8983
R-1180,2897024737,2897024651,386.36,primary,0.4503,MODERATE,0.6088,0.5771,0.5771,0.0375,0.2572,0.805
R-1181,2897024737,2897024742,18.7,secondary,0.4119,MODERATE,0.6039,0.5714,0.5743,0.0269,0.1482,0.6308
R-1182,2897024742,631525438,9.99,primary,0.4276,MODERATE,0.6252,0.5914,0.5914,0.0489,0.1645,0.6108
R-1183,2897024748,2897024751,8.0,tertiary_link,0.5689,HIGH,0.8348,0.7771,0.78,0.0036,0.2883,0.8558
R-1184,2897024748,6590384792,229.76,tertiary,0.7328,HIGH,0.8918,0.8286,0.8286,0.6886,0.3492,0.7433
R-1185,2897024749,2897024753,7.99,tertiary,,UNKNOWN,,,,,,
R-1186,2897024749,2897024795,205.85,tertiary,0.5424,HIGH,0.7648,0.7143,0.7143,0.0062,0.3236,0.8967
R-1187,2897024751,13616287393,231.94,tertiary,0.5889,HIGH,0.8321,0.7743,0.7743,0.0868,0.3221,0.8583
R-1188,2897024751,2897024748,8.0,tertiary_link,0.5689,HIGH,0.8348,0.7771,0.78,0.0036,0.2883,0.8558
R-1189,2897024752,12350931356,11.49,tertiary,,UNKNOWN,,,,,,
R-1190,2897024753,12350931356,9.43,tertiary,,UNKNOWN,,,,,,
R-1191,2897024753,2897024759,11.78,tertiary,,UNKNOWN,,,,,,
R-1192,2897024777,2897024753,106.64,tertiary,,UNKNOWN,,,,,,
R-1193,2897024777,6491469979,104.67,tertiary,,UNKNOWN,,,,,,
R-1194,2897024795,10279771627,346.77,primary,0.6445,HIGH,0.8121,0.7571,0.7571,0.3925,0.3749,0.8233
R-1195,2897024795,2897024798,17.97,tertiary,0.5274,HIGH,0.79,0.74,0.74,0.0122,0.2095,0.7658
R-1196,2897024798,631507993,8.0,primary,0.5296,HIGH,0.8064,0.7543,0.7543,0.0261,0.1847,0.7142
R-1197,2897024862,7366246698,11.91,trunk,0.4117,MODERATE,0.6691,0.6314,0.6314,0.1838,0.1339,0.0
R-1198,2897024865,2897024862,13.22,trunk,0.4202,MODERATE,0.6679,0.6286,0.6314,0.1896,0.1633,0.0375
R-1199,2897024865,2897024870,19.33,secondary,0.439,MODERATE,0.6712,0.6343,0.6314,0.1918,0.1953,0.1558
R-1200,2897024866,13619457125,9.61,trunk_link,0.4889,MODERATE,0.7342,0.6886,0.6886,0.0805,0.1987,0.5517
R-1201,2897024866,2897024865,42.35,trunk,0.5023,HIGH,0.7364,0.6914,0.6914,0.1822,0.2365,0.4108
R-1202,2897024870,13618347449,18.77,secondary,0.3832,MODERATE,0.6058,0.5743,0.5743,0.1436,0.1526,0.0942
R-1203,296853790,11271580571,23.73,primary,0.5122,HIGH,0.6721,0.6343,0.6343,0.1204,0.332,0.8192
R-1204,296853793,13619939784,6.85,primary,0.4551,MODERATE,0.6161,0.5829,0.5829,0.074,0.2618,0.7375
R-1205,296853816,2897024648,27.68,primary,0.3981,MODERATE,0.5352,0.5114,0.5114,0.0018,0.2016,0.8142
R-1206,296853816,2897024656,18.18,tertiary,0.4136,MODERATE,0.5494,0.5257,0.5257,0.0,0.2326,0.8483
R-1207,296857806,2897024601,36.97,primary,0.5188,HIGH,0.6421,0.6057,0.6057,0.2284,0.3822,0.7542
R-1208,296857806,2897024614,18.07,secondary,0.5825,HIGH,0.6633,0.6257,0.6257,0.3394,0.5311,0.8325
R-1209,296857831,2897024519,49.6,primary,0.476,MODERATE,0.6155,0.5829,0.5829,0.1124,0.3125,0.795
R-1210,296857831,296853793,17.93,secondary,0.4549,MODERATE,0.6061,0.5743,0.5743,0.0776,0.2694,0.7675
R-1211,3193827831,10091403662,7.59,residential,0.5406,HIGH,0.8006,0.7486,0.7486,0.0,0.2332,0.835
R-1212,3193827831,245666370,35.93,tertiary,0.5451,HIGH,0.81,0.7571,0.7571,0.0036,0.2311,0.8275
R-1213,3641869342,245665874,23.74,tertiary,0.466,MODERATE,0.71,0.6657,0.6657,0.0,0.2731,0.5
R-1214,3743617937,10564373799,148.61,trunk,0.5343,HIGH,0.7358,0.6914,0.6914,0.1472,0.2819,0.7342
R-1215,3743617937,13614467518,34.2,residential,0.531,HIGH,0.7788,0.7286,0.7286,0.1013,0.2265,0.66
R-1216,3743617940,11054614468,13.33,residential,0.4753,MODERATE,0.6667,0.6286,0.6286,0.0,0.245,0.8525
R-1217,3743617940,13503191895,12.31,residential,0.4944,MODERATE,0.6739,0.6343,0.6371,0.0523,0.272,0.8592
R-1218,3743617940,13614467518,37.51,residential,0.4662,MODERATE,0.6873,0.6486,0.6486,0.008,0.1833,0.7267
R-1219,3803643818,13616325516,5.12,residential,0.5466,HIGH,0.8033,0.7514,0.7514,0.0156,0.2404,0.8375
R-1220,3803643818,13617040695,31.18,tertiary,0.5568,HIGH,0.8185,0.7629,0.7629,0.0323,0.2405,0.835
R-1221,3803645219,12313982253,213.14,residential,0.6655,HIGH,0.8327,0.7771,0.7771,0.5088,0.3296,0.7575
R-1222,3803645219,13616287394,18.6,tertiary,0.5305,HIGH,0.7658,0.7171,0.7171,0.1143,0.2398,0.675
R-1223,3803645219,6428617352,8.08,residential,0.5105,HIGH,0.743,0.6971,0.6971,0.0912,0.2165,0.6717
R-1224,4342420383,2244637026,43.76,residential,0.4286,MODERATE,0.6506,0.6143,0.6143,0.0213,0.143,0.5775
R-1225,4342420383,2244637034,83.76,residential,0.5691,HIGH,0.7827,0.7314,0.7314,0.2221,0.3136,0.6508
R-1226,4342420383,6491091371,90.34,residential,0.5079,HIGH,0.7385,0.6943,0.6943,0.0205,0.2378,0.7742
R-1227,4342420489,6598052694,44.3,residential,0.4942,MODERATE,0.6955,0.6543,0.6543,0.0097,0.2564,0.8567
R-1228,4342420490,2244637034,83.59,residential,0.6361,HIGH,0.8379,0.78,0.78,0.3656,0.3611,0.6825
R-1229,4342420490,622060802,145.96,residential,0.5481,HIGH,0.8067,0.7543,0.7543,0.0728,0.2384,0.7242
R-1230,4342420490,7404711408,92.78,residential,0.666,HIGH,0.8691,0.8086,0.8086,0.4708,0.3861,0.5708
R-1231,4342420515,10925931781,46.46,secondary,0.5687,HIGH,0.7991,0.7457,0.7457,0.1659,0.3206,0.6658
R-1232,4342420515,245668038,64.09,residential,0.4368,MODERATE,0.6455,0.6114,0.6114,0.0345,0.1641,0.6217
R-1233,4342420515,621966589,353.9,secondary,0.4309,MODERATE,0.6339,0.6,0.6,0.0245,0.1805,0.6217
R-1234,4342420517,9914206292,78.72,residential,0.5191,HIGH,0.7609,0.7114,0.7114,0.0367,0.2416,0.7433
R-1235,4342420553,245668000,69.13,residential,0.5756,HIGH,0.8073,0.7543,0.7543,0.0679,0.3449,0.8483
R-1236,4342420553,245668226,194.56,residential,,UNKNOWN,,,,,,
R-1237,4342420553,6554236455,74.37,residential,,UNKNOWN,,,,,,
R-1238,4674280890,7104101070,164.64,trunk,0.6093,HIGH,0.9233,0.8571,0.8571,0.0563,0.2638,0.7383
R-1239,473698889,473698890,49.94,residential,0.3568,MODERATE,0.5221,0.5,0.5,0.0071,0.13,0.565
R-1240,473698890,10653501374,69.48,residential,0.3567,MODERATE,0.5233,0.5029,0.5029,0.0213,0.1208,0.5367
R-1241,473698890,10653501375,29.16,residential,0.3364,MODERATE,0.4594,0.4457,0.4457,0.0,0.1418,0.6725
R-1242,473698890,473698889,49.94,residential,0.3568,MODERATE,0.5221,0.5,0.5,0.0071,0.13,0.565
R-1243,476480258,245666448,333.56,tertiary,0.483,MODERATE,0.5824,0.5543,0.5543,0.1277,0.4643,0.7733
R-1244,476480258,2897024642,98.6,tertiary,0.5451,HIGH,0.6976,0.6571,0.6571,0.2349,0.335,0.7833
R-1245,476480258,476480287,306.86,tertiary,0.5511,HIGH,0.6455,0.6114,0.6114,0.3809,0.3442,0.8017
R-1246,476480287,13615156523,90.26,secondary,0.4128,MODERATE,0.55,0.5257,0.5257,0.0245,0.2275,0.7975
R-1247,476480287,476480258,306.86,tertiary,0.5511,HIGH,0.6455,0.6114,0.6114,0.3809,0.3442,0.8017
R-1248,476488948,245666078,194.93,tertiary,0.4566,MODERATE,0.6345,0.6,0.6,0.1018,0.2136,0.6725
R-1249,476488948,245666337,202.37,unclassified,0.5486,HIGH,0.697,0.6571,0.6571,0.1887,0.3821,0.8417
R-1250,476489029,2897024517,27.97,tertiary,0.4631,MODERATE,0.6073,0.5771,0.5771,0.0097,0.3245,0.8908
R-1251,5424387223,5424387232,182.28,residential,0.5032,HIGH,0.6748,0.6371,0.6371,0.0939,0.2971,0.8192
R-1252,5424387232,5424387223,182.28,residential,0.5032,HIGH,0.6748,0.6371,0.6371,0.0939,0.2971,0.8192
R-1253,5424387232,6490861784,90.96,residential,0.4959,MODERATE,0.6427,0.6086,0.6086,0.2123,0.3025,0.665
R-1254,5424387232,6490861784,150.46,residential,0.4974,MODERATE,0.6494,0.6143,0.6143,0.1452,0.316,0.7608
R-1255,5470238123,10044201331,128.41,trunk,0.6976,HIGH,0.8503,0.7914,0.7914,0.4297,0.5055,0.8875
R-1256,5470238123,9691859215,23.99,trunk_link,0.6775,HIGH,0.8439,0.7857,0.7857,0.3204,0.5546,0.8642
R-1257,5896564331,2897024751,238.6,tertiary,0.7166,HIGH,0.8839,0.8229,0.8229,0.625,0.3313,0.7708
R-1258,5896564331,6590384792,9.22,tertiary,0.5627,HIGH,0.8673,0.8057,0.8086,0.0054,0.2075,0.7458
R-1259,5896564331,8443532426,497.89,tertiary,0.5868,HIGH,0.8267,0.7714,0.7714,0.119,0.2997,0.8275
R-1260,5911310862,5911310869,218.06,trunk,0.5548,HIGH,0.7439,0.6971,0.6971,0.1304,0.3367,0.8542
R-1261,5911310869,1375251567,430.52,tertiary,0.5225,HIGH,0.7067,0.6657,0.6657,0.0961,0.3095,0.825
R-1262,5911310869,245667803,13.75,tertiary,0.5789,HIGH,0.77,0.72,0.72,0.1663,0.3728,0.8367
R-1263,5911310869,5911310870,17.94,trunk,0.5819,HIGH,0.7642,0.7171,0.7171,0.1423,0.4105,0.8808
R-1264,5911310870,5911310871,172.37,trunk,0.6193,HIGH,0.7724,0.7229,0.7229,0.3488,0.3514,0.8933
R-1265,5911310870,622039341,271.18,residential,0.5821,HIGH,0.7885,0.7371,0.7371,0.1695,0.3424,0.8117
R-1266,5911310871,12406104882,38.0,trunk,0.6431,HIGH,0.7973,0.7457,0.7457,0.3951,0.3413,0.9242
R-1267,5911310871,13618399201,121.31,residential,0.7294,HIGH,0.8382,0.78,0.78,0.6625,0.4926,0.8233
R-1268,5911310878,10384248274,36.52,trunk,0.6076,HIGH,0.7461,0.7,0.7,0.3837,0.3876,0.785
R-1269,5911310878,13622393246,29.93,residential,0.6201,HIGH,0.7482,0.7,0.7,0.3694,0.4323,0.8675
R-1270,5911310880,13618374657,39.28,residential,0.5342,HIGH,0.713,0.6686,0.6686,0.0237,0.3906,0.9425
R-1271,5911310880,13618374670,65.19,residential,0.5539,HIGH,0.7276,0.6829,0.6829,0.0907,0.4005,0.9117
R-1272,5911310880,13618374676,18.15,residential,0.5159,HIGH,0.7121,0.6686,0.6686,0.0,0.324,0.9083
R-1273,621966589,4342420515,353.9,secondary,0.4309,MODERATE,0.6339,0.6,0.6,0.0245,0.1805,0.6217
R-1274,622039341,13601073293,110.41,residential,0.7272,HIGH,0.8936,0.8314,0.8314,0.4864,0.5285,0.8092
R-1275,622039341,13619536866,12.47,residential,0.6391,HIGH,0.8782,0.8171,0.8171,0.2568,0.3732,0.7017
R-1276,622039341,5911310870,271.18,residential,0.5821,HIGH,0.7885,0.7371,0.7371,0.1695,0.3424,0.8117
R-1277,622039341,622039345,20.41,residential,0.5806,HIGH,0.8452,0.7886,0.7886,0.1195,0.3049,0.6592
R-1278,622039345,13618414607,7.6,residential,0.5447,HIGH,0.8185,0.7657,0.7629,0.0454,0.2526,0.665
R-1279,622039345,13619237610,8.4,residential,0.5331,HIGH,0.8079,0.7543,0.7543,0.033,0.2276,0.6675
R-1280,622039345,622039341,20.41,residential,0.5806,HIGH,0.8452,0.7886,0.7886,0.1195,0.3049,0.6592
R-1281,622039354,10923438752,34.51,residential,0.654,HIGH,0.8297,0.7743,0.7743,0.4273,0.3658,0.7675
R-1282,622039354,13619237603,70.45,residential,0.5666,HIGH,0.8312,0.7743,0.7743,0.1398,0.208,0.7017
R-1283,622039354,7384246086,11.49,residential,0.5216,HIGH,0.8003,0.7486,0.7486,0.0,0.1831,0.7208
R-1284,622039357,622039360,35.27,residential,,UNKNOWN,,,,,,
R-1285,622039360,245668197,19.56,residential,,UNKNOWN,,,,,,
R-1286,622039360,622039357,35.27,residential,,UNKNOWN,,,,,,
R-1287,622039360,6576335804,88.93,residential,0.5657,HIGH,0.8136,0.76,0.76,0.119,0.266,0.7333
R-1288,622042581,12406085638,23.16,trunk,0.5144,HIGH,0.7682,0.72,0.72,0.0307,0.1837,0.7508
R-1289,622042582,2897024865,10.89,trunk,0.4728,MODERATE,0.7145,0.6714,0.6714,0.2294,0.2204,0.16
R-1290,622042582,622042581,50.92,trunk,0.525,HIGH,0.767,0.7171,0.7171,0.2007,0.2518,0.4267
R-1291,622060792,11054646813,14.23,residential,0.423,MODERATE,0.6506,0.6143,0.6143,0.0,0.1212,0.5967
R-1292,622060792,245667423,187.57,residential,0.5076,HIGH,0.7042,0.6629,0.6629,0.1531,0.2225,0.7075
R-1293,622060792,9198946025,212.64,residential,0.5633,HIGH,0.7703,0.72,0.72,0.208,0.2606,0.765
R-1294,622060802,2244637068,19.11,residential,,UNKNOWN,,,,,,
R-1295,622060802,4342420490,145.96,residential,0.5481,HIGH,0.8067,0.7543,0.7543,0.0728,0.2384,0.7242
R-1296,622060802,622060872,141.73,residential,0.4708,MODERATE,0.7273,0.6829,0.6829,0.0,0.2425,0.5
R-1297,622060872,2244637056,101.59,residential,,UNKNOWN,,,,,,
R-1298,622060872,245667960,43.75,residential,,UNKNOWN,,,,,,
R-1299,622060872,622060802,141.73,residential,0.4708,MODERATE,0.7273,0.6829,0.6829,0.0,0.2425,0.5
R-1300,623895377,245667685,201.78,residential,0.4526,MODERATE,0.6036,0.5743,0.5743,0.2137,0.2202,0.5508
R-1301,623895377,6490968308,64.07,residential,0.3035,MODERATE,0.4527,0.44,0.44,0.0164,0.0865,0.4267
R-1302,623895377,6554206834,100.49,residential,0.3924,MODERATE,0.5612,0.5343,0.5343,0.1003,0.162,0.4875
R-1303,623895532,13617292729,50.08,residential,,UNKNOWN,,,,,,
R-1304,623895532,6430481233,76.08,tertiary,,UNKNOWN,,,,,,
R-1305,623895532,7404757837,82.42,tertiary,,UNKNOWN,,,,,,
R-1306,623895533,245668029,58.72,tertiary,,UNKNOWN,,,,,,
R-1307,623895533,6554236449,191.44,residential,,UNKNOWN,,,,,,
R-1308,623895533,7404757837,2.4,tertiary,,UNKNOWN,,,,,,
R-1309,631507968,10292442915,205.53,secondary,0.5374,HIGH,0.6018,0.5714,0.5714,0.3781,0.3961,0.82
R-1310,631507968,2897024595,201.69,secondary,0.4485,MODERATE,0.537,0.5143,0.5143,0.1887,0.2976,0.7867
R-1311,631507969,2897024696,35.9,secondary,0.5061,HIGH,0.6833,0.6429,0.6429,0.0418,0.3227,0.8767
R-1312,631507969,2897024711,7.99,tertiary,0.4821,MODERATE,0.6788,0.64,0.64,0.0229,0.2382,0.82
R-1313,631507969,631525440,141.03,tertiary,0.5244,HIGH,0.7273,0.6829,0.6829,0.084,0.2786,0.8133
R-1314,631507991,11976374939,141.9,tertiary,0.627,HIGH,0.7661,0.7171,0.7171,0.317,0.451,0.9175
R-1315,631507991,2897024734,10.02,tertiary,,UNKNOWN,,,,,,
R-1316,631507992,10279771626,28.73,tertiary,0.5446,HIGH,0.7855,0.7343,0.7343,0.0276,0.2766,0.835
R-1317,631507992,2897024795,7.99,primary,0.5353,HIGH,0.7909,0.74,0.74,0.0221,0.2361,0.7825
R-1318,631507993,10265837613,172.34,primary,0.6053,HIGH,0.8715,0.8114,0.8114,0.1637,0.3123,0.6742
R-1319,631507993,631507992,17.98,tertiary,0.5371,HIGH,0.8052,0.7514,0.7514,0.0367,0.214,0.7367
R-1320,631525434,2897024676,72.3,tertiary,0.5509,HIGH,0.7097,0.6657,0.6657,0.1845,0.3602,0.8508
R-1321,631525434,2897024687,8.19,tertiary,0.4976,MODERATE,0.6903,0.6514,0.6514,0.0475,0.2602,0.83
R-1322,631525434,631525440,138.0,tertiary,0.5163,HIGH,0.7091,0.6657,0.6657,0.0635,0.2893,0.8542
R-1323,631525438,245666966,18.3,secondary,0.4097,MODERATE,0.607,0.5771,0.5771,0.0237,0.1386,0.6083
R-1324,631525438,2897024798,385.32,primary,0.5982,HIGH,0.7876,0.7371,0.7371,0.2926,0.3064,0.7817
R-1325,631525440,2897024734,214.13,tertiary,0.6535,HIGH,0.81,0.7571,0.7571,0.2962,0.5166,0.8983
R-1326,631525440,631507969,141.03,tertiary,0.5244,HIGH,0.7273,0.6829,0.6829,0.084,0.2786,0.8133
R-1327,631525440,631525434,138.0,tertiary,0.5163,HIGH,0.7091,0.6657,0.6657,0.0635,0.2893,0.8542
R-1328,6428381511,7372035744,115.39,residential,0.6202,HIGH,0.8633,0.8029,0.8029,0.144,0.3341,0.8758
R-1329,6428382636,10265662126,15.66,residential,0.5818,HIGH,0.8139,0.76,0.76,0.0971,0.3259,0.8475
R-1330,6428382636,12406104885,156.17,residential,0.6763,HIGH,0.8212,0.7657,0.7657,0.5968,0.345,0.73
R-1331,6428382636,12756633089,95.51,residential,0.5296,HIGH,0.7764,0.7257,0.7257,0.0641,0.2242,0.7383
R-1332,6428617352,13616287395,36.02,tertiary,0.4869,MODERATE,0.7055,0.6629,0.6629,0.0397,0.2063,0.7492
R-1333,6428617352,3803645219,8.08,residential,0.5105,HIGH,0.743,0.6971,0.6971,0.0912,0.2165,0.6717
R-1334,6428792684,6428792684,233.2,residential,0.363,MODERATE,0.4818,0.4657,0.4657,0.1535,0.1784,0.4617
R-1335,6428792684,6428792684,233.2,residential,0.363,MODERATE,0.4818,0.4657,0.4657,0.1535,0.1784,0.4617
R-1336,6428792684,6428793085,22.47,residential,0.5435,HIGH,0.673,0.6343,0.6343,0.3472,0.3656,0.6258
R-1337,6428793085,10316548327,65.39,residential,0.5619,HIGH,0.6948,0.6543,0.6543,0.2955,0.4062,0.7392
R-1338,6428793085,245667685,38.34,residential,0.4701,MODERATE,0.6485,0.6114,0.6114,0.2004,0.1917,0.5758
R-1339,6428793085,6428792684,22.47,residential,0.5435,HIGH,0.673,0.6343,0.6343,0.3472,0.3656,0.6258
R-1340,6428811261,12486614582,4.7,tertiary,0.4691,MODERATE,0.7279,0.6829,0.6829,0.0,0.23,0.5
R-1341,6428811261,6428811262,97.3,tertiary,0.5847,HIGH,0.7958,0.7429,0.7429,0.1069,0.3662,0.8925
R-1342,6428811261,6428811270,9.52,tertiary,0.4968,MODERATE,0.72,0.6771,0.6771,0.0018,0.2192,0.8258
R-1343,6428811262,13617092839,2.21,tertiary,0.6164,HIGH,0.823,0.7686,0.7686,0.1785,0.379,0.9025
R-1344,6428811263,13621901231,32.82,tertiary,0.6061,HIGH,0.8152,0.76,0.76,0.2109,0.3511,0.8225
R-1345,6428811263,6428811268,7.16,tertiary,0.6334,HIGH,0.8258,0.7714,0.7714,0.2252,0.4146,0.91
R-1346,6428811268,245665910,5.09,tertiary,0.6475,HIGH,0.8288,0.7714,0.7714,0.2622,0.4503,0.9175
R-1347,6428811270,13621886865,42.25,tertiary,0.5407,HIGH,0.7491,0.7029,0.7029,0.1059,0.2709,0.8308
R-1348,6428811270,245665874,16.3,tertiary,0.4922,MODERATE,0.7112,0.6686,0.6686,0.0018,0.2199,0.8258
R-1349,6428811270,6428811261,9.52,tertiary,0.4968,MODERATE,0.72,0.6771,0.6771,0.0018,0.2192,0.8258
R-1350,6430481233,623895532,76.08,tertiary,,UNKNOWN,,,,,,
R-1351,6489058155,13622435420,52.42,residential,,UNKNOWN,,,,,,
R-1352,6489058155,13622445936,9.93,residential,,UNKNOWN,,,,,,
R-1353,6489058155,9445072347,42.55,residential,,UNKNOWN,,,,,,
R-1354,6490591812,6490591813,113.49,residential,0.1929,LOW,0.3273,0.3286,0.3286,0.044,0.0239,0.0
R-1355,6490591813,13619374592,77.33,trunk,0.6114,HIGH,0.7685,0.72,0.72,0.3779,0.4085,0.6883
R-1356,6490591813,6490591812,113.49,residential,0.1929,LOW,0.3273,0.3286,0.3286,0.044,0.0239,0.0
R-1357,6490861784,245667933,77.54,residential,0.5677,HIGH,0.7821,0.7314,0.7314,0.2359,0.3329,0.5817
R-1358,6490861784,5424387232,90.96,residential,0.4959,MODERATE,0.6427,0.6086,0.6086,0.2123,0.3025,0.665
R-1359,6490861784,5424387232,150.46,residential,0.4974,MODERATE,0.6494,0.6143,0.6143,0.1452,0.316,0.7608
R-1360,6490872923,12378368422,67.3,residential,0.2355,LOW,0.3576,0.3543,0.3543,0.0537,0.0861,0.1633
R-1361,6490872923,1934627523,21.5,residential,0.4078,MODERATE,0.6382,0.6029,0.6029,0.1543,0.1646,0.1358
R-1362,6490872923,6490872925,29.59,residential,0.3172,MODERATE,0.5294,0.5057,0.5086,0.1008,0.0917,0.0
R-1363,6490872924,6490872925,58.83,residential,0.2254,LOW,0.3179,0.32,0.32,0.033,0.0815,0.31
R-1364,6490872924,6490872925,112.98,residential,0.2503,MODERATE,0.3458,0.3457,0.3457,0.0307,0.0962,0.3958
R-1365,6490872924,6490872930,10.02,residential,0.2241,LOW,0.2252,0.2371,0.2371,0.0213,0.1591,0.68
R-1366,6490872925,6490872923,29.59,residential,0.3168,MODERATE,0.5294,0.5057,0.5057,0.1008,0.0917,0.0
R-1367,6490872925,6490872924,58.83,residential,0.2254,LOW,0.3179,0.32,0.32,0.033,0.0815,0.31
R-1368,6490872925,6490872924,112.98,residential,0.2503,MODERATE,0.3458,0.3457,0.3457,0.0307,0.0962,0.3958
R-1369,6490872930,12378368427,6.18,residential,0.2287,LOW,0.2218,0.2343,0.2343,0.03,0.1759,0.6992
R-1370,6490872930,6490872924,10.02,residential,0.2241,LOW,0.2252,0.2371,0.2371,0.0213,0.1591,0.68
R-1371,6490968306,6490968308,49.96,residential,0.3614,MODERATE,0.5782,0.5514,0.5514,0.0173,0.0801,0.3725
R-1372,6490968308,2244637027,168.17,residential,0.6348,HIGH,0.7982,0.7457,0.7457,0.3881,0.4306,0.7192
R-1373,6490968308,623895377,64.07,residential,0.3035,MODERATE,0.4527,0.44,0.44,0.0164,0.0865,0.4267
R-1374,6490968308,6490968306,49.96,residential,0.3614,MODERATE,0.5782,0.5514,0.5514,0.0173,0.0801,0.3725
R-1375,6491091371,2244637012,66.53,residential,0.5268,HIGH,0.7873,0.7371,0.7371,0.1712,0.2104,0.4558
R-1376,6491091371,4342420383,90.34,residential,0.5079,HIGH,0.7385,0.6943,0.6943,0.0205,0.2378,0.7742
R-1377,6491091371,6491091372,31.64,residential,0.4656,MODERATE,0.7206,0.6771,0.6771,0.0292,0.1362,0.5825
R-1378,6491091372,2244637012,66.0,residential,0.4838,MODERATE,0.7367,0.6914,0.6914,0.1456,0.1821,0.38
R-1379,6491091372,6491091371,31.64,residential,0.4656,MODERATE,0.7206,0.6771,0.6771,0.0292,0.1362,0.5825
R-1380,6491091372,6554206834,78.03,residential,0.4725,MODERATE,0.6912,0.6514,0.6514,0.0482,0.197,0.6708
R-1381,6491469979,2897024777,104.67,tertiary,,UNKNOWN,,,,,,
R-1382,6552594955,2897024677,79.69,tertiary,0.489,MODERATE,0.5912,0.5629,0.5629,0.1695,0.3642,0.8517
R-1383,6552594957,2897024656,27.1,primary,0.4122,MODERATE,0.5503,0.5257,0.5257,0.0237,0.2231,0.7992
R-1384,6552594957,6552594955,32.94,primary_link,0.4321,MODERATE,0.5606,0.5343,0.5343,0.0758,0.2605,0.7875
R-1385,6554206834,2244637026,113.08,residential,0.4986,MODERATE,0.7015,0.66,0.66,0.1079,0.2485,0.6842
R-1386,6554206834,623895377,100.49,residential,0.3924,MODERATE,0.5612,0.5343,0.5343,0.1003,0.162,0.4875
R-1387,6554206834,6491091372,78.03,residential,0.4725,MODERATE,0.6912,0.6514,0.6514,0.0482,0.197,0.6708
R-1388,6554236425,6554236440,27.36,tertiary,0.4345,MODERATE,0.6848,0.6457,0.6457,0.0269,0.1194,0.4825
R-1389,6554236425,6554236455,163.01,residential,0.435,MODERATE,0.6655,0.6286,0.6286,0.03,0.1919,0.4708
R-1390,6554236425,7404711455,78.82,tertiary,0.4278,MODERATE,0.603,0.5714,0.5714,0.0338,0.2005,0.7033
R-1391,6554236425,7404711465,126.02,residential,0.4904,MODERATE,0.7115,0.6686,0.6686,0.1317,0.2009,0.5758
R-1392,6554236429,10923690283,13.34,residential,,UNKNOWN,,,,,,
R-1393,6554236440,2244637067,32.92,tertiary,0.5158,HIGH,0.793,0.74,0.74,0.0468,0.1844,0.6117
R-1394,6554236440,6554236425,27.36,tertiary,0.4345,MODERATE,0.6848,0.6457,0.6457,0.0269,0.1195,0.4825
R-1395,6554236440,6554236451,130.04,residential,0.5391,HIGH,0.7994,0.7486,0.7486,0.1504,0.2489,0.4983
R-1396,6554236441,2244637067,210.33,tertiary,0.5923,HIGH,0.8745,0.8143,0.8143,0.1223,0.2688,0.6758
R-1397,6554236441,245668029,12.21,tertiary,,UNKNOWN,,,,,,
R-1398,6554236441,6554236449,140.04,residential,,UNKNOWN,,,,,,
R-1399,6554236449,623895533,191.44,residential,,UNKNOWN,,,,,,
R-1400,6554236449,6554236441,140.04,residential,,UNKNOWN,,,,,,
R-1401,6554236449,6554236451,64.09,residential,,UNKNOWN,,,,,,
R-1402,6554236451,10923690270,93.08,residential,,UNKNOWN,,,,,,
R-1403,6554236451,10923690283,112.47,residential,,UNKNOWN,,,,,,
R-1404,6554236451,6554236440,130.04,residential,0.5391,HIGH,0.7994,0.7486,0.7486,0.1504,0.2489,0.4983
R-1405,6554236451,6554236449,64.09,residential,,UNKNOWN,,,,,,
R-1406,6554236455,10923690270,37.36,residential,,UNKNOWN,,,,,,
R-1407,6554236455,4342420553,74.37,residential,,UNKNOWN,,,,,,
R-1408,6554236455,6554236425,163.01,residential,0.435,MODERATE,0.6655,0.6286,0.6286,0.03,0.1919,0.4708
R-1409,6554271017,13619401780,12.32,residential,0.0246,LOW,0.007,0.0457,0.0429,0.0,0.013,0.0567
R-1410,6554271024,13619401780,82.48,residential,0.2675,MODERATE,0.4221,0.4114,0.4114,0.1218,0.0985,0.0
R-1411,6554271024,2244637013,71.18,residential,0.4944,MODERATE,0.6918,0.6514,0.6514,0.1326,0.2318,0.6675
R-1412,6554271024,2244637021,67.22,residential,0.5444,HIGH,0.7364,0.6914,0.6914,0.1864,0.3115,0.7117
R-1413,6554302593,2897024683,102.16,tertiary,0.4589,MODERATE,0.563,0.5371,0.5371,0.0805,0.3529,0.8925
R-1414,6554384670,245666386,83.86,tertiary,0.4156,MODERATE,0.5788,0.5514,0.5514,0.0411,0.1994,0.6867
R-1415,6576335804,622039360,88.93,residential,0.5657,HIGH,0.8136,0.76,0.76,0.119,0.266,0.7333
R-1416,6585962883,13614337242,16.14,residential,0.4159,MODERATE,0.5455,0.5229,0.5229,0.0,0.2502,0.8625
R-1417,6585962883,13614337247,14.99,residential,0.4196,MODERATE,0.5455,0.5229,0.5229,0.0,0.2668,0.875
R-1418,6585962883,13614337249,27.32,residential,0.4173,MODERATE,0.5479,0.5257,0.5257,0.0,0.2491,0.8633
R-1419,6585998686,13614337247,76.41,residential,0.5155,HIGH,0.5806,0.5543,0.5543,0.2813,0.4316,0.8433
R-1420,6590384792,10055232024,28.08,tertiary,0.5648,HIGH,0.8779,0.8171,0.8171,0.0323,0.182,0.695
R-1421,6590384792,5896564331,9.22,tertiary,0.5627,HIGH,0.8673,0.8057,0.8086,0.0054,0.2075,0.7458
R-1422,6598052694,13618374655,16.18,residential,0.5104,HIGH,0.7091,0.6686,0.6657,0.0156,0.2916,0.8817
R-1423,6598052694,4342420489,44.3,residential,0.4942,MODERATE,0.6955,0.6543,0.6543,0.0097,0.2564,0.8567
R-1424,6598052694,7404711477,23.25,residential,0.5202,HIGH,0.7088,0.6657,0.6657,0.0148,0.3601,0.8842
R-1425,6926279716,13798210725,26.82,residential,0.6573,HIGH,0.8721,0.8114,0.8114,0.4398,0.2925,0.6708
R-1426,6926279716,13798210730,56.49,residential,0.7294,HIGH,0.9445,0.8743,0.8743,0.5321,0.4336,0.6308
R-1427,6926279716,13798210738,18.95,residential,0.7615,VERY_HIGH,0.97,0.8971,0.8971,0.5987,0.5588,0.5
R-1428,6926279717,13798210723,56.29,residential,0.4846,MODERATE,0.7455,0.6971,0.6971,0.0,0.156,0.6808
R-1429,6926279717,13798210725,28.31,residential,0.5106,HIGH,0.787,0.7343,0.7343,0.0,0.1559,0.7283
R-1430,6926279717,13798210735,15.95,residential,0.5112,HIGH,0.7685,0.72,0.7171,0.0,0.1846,0.7825
R-1431,6926279721,10772904744,52.24,trunk,0.7352,HIGH,0.9821,0.9086,0.9086,0.493,0.4811,0.5
R-1432,6926279721,13798210738,8.99,residential,0.7563,VERY_HIGH,0.9873,0.9114,0.9114,0.5498,0.5324,0.5
R-1433,6926279722,2804481652,104.56,residential,0.569,HIGH,0.7264,0.6829,0.6829,0.1758,0.4603,0.805
R-1434,6926279727,6926279727,276.37,residential,0.6442,HIGH,0.9512,0.88,0.88,0.0447,0.3765,0.805
R-1435,6926279727,6926279727,276.37,residential,0.6442,HIGH,0.9512,0.88,0.88,0.0447,0.3765,0.805
R-1436,6926279727,7104101070,59.41,residential,0.6402,HIGH,0.9339,0.8657,0.8657,0.1377,0.2956,0.785
R-1437,7104101070,13433910625,95.51,trunk,0.5361,HIGH,0.8303,0.7743,0.7743,0.0704,0.1869,0.5692
R-1438,7104101070,6926279727,59.41,residential,0.6402,HIGH,0.9339,0.8657,0.8657,0.1377,0.2956,0.785
R-1439,7200666559,2897024597,234.99,tertiary,0.4,MODERATE,0.4927,0.4743,0.4743,0.0181,0.2976,0.8717
R-1440,7365813760,13618414606,13.43,residential,0.5017,HIGH,0.7633,0.7143,0.7143,0.0,0.1811,0.7183
R-1441,7365813760,13619237610,16.55,residential,0.512,HIGH,0.7803,0.7314,0.7286,0.0097,0.197,0.6892
R-1442,7365813760,7384246086,30.09,residential,0.5076,HIGH,0.7758,0.7257,0.7257,0.0,0.1833,0.7092
R-1443,7365871208,13617483789,26.78,tertiary,0.5454,HIGH,0.7991,0.7486,0.7457,0.2178,0.2326,0.4558
R-1444,7365871208,13617550915,7.27,tertiary_link,0.4872,MODERATE,0.7518,0.7057,0.7057,0.0799,0.1653,0.4908
R-1445,7366153523,7372035744,495.95,residential,0.6828,HIGH,0.8418,0.7857,0.7857,0.5409,0.3271,0.8217
R-1446,7366246694,13618347449,174.97,residential,0.421,MODERATE,0.6239,0.5914,0.5914,0.0734,0.1669,0.495
R-1447,7366246694,2897024870,26.56,trunk_link,0.4663,MODERATE,0.69,0.6486,0.6486,0.1871,0.2188,0.3108
R-1448,7366246698,622042582,13.71,trunk,0.4618,MODERATE,0.7164,0.6743,0.6743,0.2273,0.1925,0.0817
R-1449,7366246698,6490591813,48.04,trunk,0.4134,MODERATE,0.6985,0.6571,0.6571,0.1291,0.119,0.0
R-1450,7372035744,13617040678,13.12,tertiary,0.5718,HIGH,0.8545,0.7943,0.7943,0.0397,0.245,0.7817
R-1451,7372035744,245666801,85.2,tertiary,0.8049,VERY_HIGH,0.897,0.8343,0.8343,0.8589,0.5284,0.8242
R-1452,7372035744,6428381511,115.39,residential,0.6202,HIGH,0.8633,0.8029,0.8029,0.144,0.3341,0.8758
R-1453,7372035744,7366153523,495.95,residential,0.6828,HIGH,0.8418,0.7857,0.7857,0.5409,0.3271,0.8217
R-1454,7384246086,13619515794,5.6,residential,0.5417,HIGH,0.7882,0.7371,0.7371,0.12,0.1945,0.7292
R-1455,7384246086,622039354,11.49,residential,0.5216,HIGH,0.8003,0.7486,0.7486,0.0,0.1831,0.7208
R-1456,7384246086,7365813760,30.09,residential,0.5076,HIGH,0.7758,0.7257,0.7257,0.0,0.1833,0.7092
R-1457,7404711408,4342420490,92.78,residential,0.666,HIGH,0.8691,0.8086,0.8086,0.4708,0.3861,0.5708
R-1458,7404711443,11045926287,269.44,residential,0.4601,MODERATE,0.6382,0.6029,0.6029,0.0345,0.2508,0.7692
R-1459,7404711443,245668038,19.69,residential,0.4613,MODERATE,0.6391,0.6057,0.6057,0.0543,0.2472,0.735
R-1460,7404711443,245668141,156.42,residential,0.4502,MODERATE,0.6258,0.5943,0.5943,0.0269,0.2211,0.785
R-1461,7404711447,245668015,9.51,secondary,0.6627,HIGH,0.847,0.7886,0.7886,0.2546,0.5324,0.865
R-1462,7404711447,245668039,18.91,secondary,0.6946,HIGH,0.8467,0.7886,0.7886,0.325,0.6251,0.905
R-1463,7404711453,7404711454,16.27,residential,0.4363,MODERATE,0.6542,0.6171,0.6171,0.0253,0.1429,0.63
R-1464,7404711454,7404711453,16.27,residential,0.4363,MODERATE,0.6542,0.6171,0.6171,0.0253,0.1429,0.63
R-1465,7404711454,7404711455,27.01,residential,0.4625,MODERATE,0.6594,0.6229,0.6229,0.0788,0.2021,0.665
R-1466,7404711454,7787253967,7.42,residential,0.4252,MODERATE,0.6303,0.5971,0.5971,0.0245,0.142,0.64
R-1467,7404711455,1375215119,95.82,tertiary,0.5203,HIGH,0.7279,0.6829,0.6829,0.0828,0.2778,0.775
R-1468,7404711455,6554236425,78.82,tertiary,0.4278,MODERATE,0.603,0.5714,0.5714,0.0338,0.2005,0.7033
R-1469,7404711455,7404711454,27.01,residential,0.4625,MODERATE,0.6594,0.6229,0.6229,0.0788,0.2021,0.665
R-1470,7404711465,6554236425,126.02,residential,0.4904,MODERATE,0.7115,0.6686,0.6686,0.1317,0.2009,0.5758
R-1471,7404711477,11368130746,113.44,residential,0.5661,HIGH,0.7097,0.6657,0.6657,0.0404,0.6191,0.9025
R-1472,7404711477,13617327485,52.26,residential,0.534,HIGH,0.7112,0.6686,0.6686,0.055,0.384,0.8917
R-1473,7404711477,6598052694,23.25,residential,0.5202,HIGH,0.7088,0.6657,0.6657,0.0148,0.3601,0.8842
R-1474,7404757836,7404757837,53.95,residential,,UNKNOWN,,,,,,
R-1475,7404757837,623895532,82.42,tertiary,,UNKNOWN,,,,,,
R-1476,7404757837,623895533,2.4,tertiary,,UNKNOWN,,,,,,
R-1477,7404757837,7404757836,53.95,residential,,UNKNOWN,,,,,,
R-1478,7749797394,13615156518,144.88,tertiary,0.4543,MODERATE,0.583,0.5543,0.5543,0.0923,0.2953,0.8092
R-1479,7749797394,6554302593,17.4,tertiary,0.4984,MODERATE,0.6042,0.5743,0.5743,0.1906,0.3925,0.7958
R-1480,7787253967,7404711454,7.42,residential,0.4252,MODERATE,0.6303,0.5971,0.5971,0.0245,0.142,0.64
R-1481,8443491310,245666651,77.22,residential,0.5504,HIGH,0.8158,0.76,0.76,0.0062,0.2455,0.8317
R-1482,8443532426,5896564331,497.89,tertiary,0.5868,HIGH,0.8267,0.7714,0.7714,0.119,0.2997,0.8275
R-1483,8570027362,13617092839,42.87,residential,0.5767,HIGH,0.8085,0.7543,0.7543,0.0685,0.3325,0.8742
R-1484,9171835705,13619396529,19.0,residential,,UNKNOWN,,,,,,
R-1485,9171835705,13619396536,17.29,residential,,UNKNOWN,,,,,,
R-1486,9171835705,13619678859,53.15,residential,,UNKNOWN,,,,,,
R-1487,9171835708,13619491182,24.98,residential,,UNKNOWN,,,,,,
R-1488,9171835708,13619491183,84.09,residential,,UNKNOWN,,,,,,
R-1489,9171835708,13619491193,36.45,residential,,UNKNOWN,,,,,,
R-1490,9171835708,13619491193,99.37,residential,,UNKNOWN,,,,,,
R-1491,9198946025,622060792,212.64,residential,0.5633,HIGH,0.7703,0.72,0.72,0.208,0.2606,0.765
R-1492,9445072347,13619243522,55.21,residential,,UNKNOWN,,,,,,
R-1493,9445072347,13619463498,9.05,residential,,UNKNOWN,,,,,,
R-1494,9445072347,245668373,17.59,residential,,UNKNOWN,,,,,,
R-1495,9445072347,6489058155,42.55,residential,,UNKNOWN,,,,,,
R-1496,9469495781,2897024627,388.68,secondary,0.581,HIGH,0.7215,0.6771,0.6771,0.2713,0.3898,0.87
R-1497,9469495781,9469495782,7.89,secondary,0.5123,HIGH,0.6748,0.6371,0.6371,0.0229,0.3744,0.9358
R-1498,9469495782,2897024696,8.32,secondary,0.514,HIGH,0.6776,0.64,0.64,0.03,0.3712,0.9283
R-1499,9469495782,2897024711,35.43,secondary,0.4992,MODERATE,0.6764,0.6371,0.6371,0.0261,0.313,0.8875
R-1500,9469523484,13615172965,5.42,residential,0.7875,VERY_HIGH,0.8733,0.8114,0.8114,0.652,0.7234,0.8992
R-1501,9469523484,13616325515,32.86,tertiary,0.7973,VERY_HIGH,0.8718,0.8114,0.8114,0.6808,0.7523,0.8992
R-1502,9684698224,10924156281,68.54,residential,,UNKNOWN,,,,,,
R-1503,9684698224,14130497014,20.89,residential,,UNKNOWN,,,,,,
R-1504,9684698224,14130497022,12.76,residential,,UNKNOWN,,,,,,
R-1505,9684698224,245668449,16.58,residential,,UNKNOWN,,,,,,
R-1506,9691859215,3743617937,32.75,trunk,0.6076,HIGH,0.8252,0.7686,0.7686,0.2153,0.3669,0.755
R-1507,9691859215,5470238123,23.99,trunk_link,0.6775,HIGH,0.8439,0.7857,0.7857,0.3204,0.5546,0.8642
R-1508,9771116360,13619368460,35.05,residential,0.5491,HIGH,0.7655,0.7171,0.7171,0.2371,0.1813,0.7042
R-1509,9771116360,13619368466,58.73,residential,0.5108,HIGH,0.7609,0.7114,0.7114,0.0345,0.1955,0.7342
R-1510,9771116360,2897024660,47.48,residential,0.4818,MODERATE,0.7024,0.66,0.66,0.0009,0.2039,0.7958
R-1511,9914206292,13619604480,28.2,residential,0.6042,HIGH,0.8339,0.7771,0.7771,0.1673,0.5464,0.5
R-1512,9914206292,13622528191,79.32,residential,0.5598,HIGH,0.8133,0.76,0.76,0.1104,0.3936,0.5
R-1513,9914206292,4342420517,78.72,residential,0.5191,HIGH,0.7609,0.7114,0.7114,0.0367,0.2416,0.7433
