rank,road_id,source,target,length_m,road_class,hotspot_score,hotspot_class,peak_flood_depth_m,mean_flood_depth_m,peak_combined_risk,mean_combined_risk,risk_duration,high_risk_duration,very_high_risk_duration,fraction_of_time_high_risk,first_high_risk_timestamp,first_critical_timestamp,peak_risk_timestamp,peak_flood_depth_timestamp,number_of_timestamps
1,R-301,13617040685,13617040686,7.84,tertiary_link,0.7959,CRITICAL,0.405,0.203,0.8534,0.6106,6,4,1,0.667,T+120min,T+90min,T+90min,T+90min,6
2,R-303,13617040686,13617040685,7.84,tertiary_link,0.7959,CRITICAL,0.405,0.203,0.8534,0.6106,6,4,1,0.667,T+120min,T+90min,T+90min,T+90min,6
3,R-1184,2897024748,6590384792,229.76,tertiary,0.7941,CRITICAL,0.475,0.183,0.8631,0.5785,6,3,1,0.5,T+120min,T+90min,T+90min,T+90min,6
4,R-860,13798210737,13798210738,51.18,residential,0.7933,CRITICAL,0.468,0.221,0.8686,0.5876,6,3,1,0.5,T+120min,T+90min,T+90min,T+90min,6
5,R-861,13798210738,13798210737,51.18,residential,0.7933,CRITICAL,0.468,0.221,0.8686,0.5876,6,3,1,0.5,T+120min,T+90min,T+90min,T+90min,6
6,R-302,13617040686,12313982253,16.49,tertiary,0.7928,CRITICAL,0.405,0.201,0.8473,0.6045,6,4,1,0.667,T+120min,T+90min,T+90min,T+90min,6
7,R-1427,6926279716,13798210738,18.95,residential,0.7921,CRITICAL,0.468,0.222,0.8662,0.5852,6,3,1,0.5,T+120min,T+90min,T+90min,T+90min,6
8,R-862,13798210738,6926279716,18.95,residential,0.7921,CRITICAL,0.468,0.222,0.8662,0.5852,6,3,1,0.5,T+120min,T+90min,T+90min,T+90min,6
9,R-1432,6926279721,13798210738,8.99,residential,0.7911,CRITICAL,0.468,0.231,0.8641,0.5831,6,3,1,0.5,T+120min,T+90min,T+90min,T+90min,6
10,R-863,13798210738,6926279721,8.99,residential,0.7911,CRITICAL,0.468,0.231,0.8641,0.5831,6,3,1,0.5,T+120min,T+90min,T+90min,T+90min,6
11,R-1257,5896564331,2897024751,238.6,tertiary,0.7908,CRITICAL,0.475,0.179,0.8566,0.5714,6,3,1,0.5,T+120min,T+90min,T+90min,T+90min,6
12,R-166,12313982254,13617040685,16.07,tertiary,0.789,CRITICAL,0.405,0.196,0.8397,0.5969,6,4,1,0.667,T+120min,T+90min,T+90min,T+90min,6
13,R-300,13617040685,10724781030,33.11,tertiary,0.7878,CRITICAL,0.405,0.199,0.8373,0.5945,6,4,1,0.667,T+120min,T+90min,T+90min,T+90min,6
14,R-1426,6926279716,13798210730,56.49,residential,0.7813,CRITICAL,0.464,0.209,0.8486,0.5702,6,3,1,0.5,T+120min,T+90min,T+90min,T+90min,6
15,R-854,13798210730,6926279716,56.49,residential,0.7813,CRITICAL,0.464,0.209,0.8486,0.5702,6,3,1,0.5,T+120min,T+90min,T+90min,T+90min,6
16,R-849,13798210715,6926279721,49.99,trunk,0.7782,CRITICAL,0.457,0.223,0.8494,0.575,6,3,1,0.5,T+120min,T+90min,T+90min,T+90min,6
17,R-1431,6926279721,10772904744,52.24,trunk,0.7747,CRITICAL,0.457,0.228,0.8425,0.5681,6,3,1,0.5,T+120min,T+90min,T+90min,T+90min,6
18,R-848,13798210715,13798210737,8.15,residential,0.7622,CRITICAL,0.439,0.211,0.8353,0.5721,6,3,1,0.5,T+120min,T+90min,T+90min,T+90min,6
19,R-858,13798210737,13798210715,8.15,residential,0.7622,CRITICAL,0.439,0.211,0.8353,0.5721,6,3,1,0.5,T+120min,T+90min,T+90min,T+90min,6
20,R-1230,4342420490,7404711408,92.78,residential,0.7609,CRITICAL,0.457,0.172,0.8148,0.5406,6,3,1,0.5,T+120min,T+90min,T+90min,T+90min,6
21,R-1457,7404711408,4342420490,92.78,residential,0.7609,CRITICAL,0.457,0.172,0.8148,0.5406,6,3,1,0.5,T+120min,T+90min,T+90min,T+90min,6
22,R-1024,245666901,13616287392,72.28,tertiary,0.7588,CRITICAL,0.443,0.211,0.8245,0.5587,6,3,1,0.5,T+120min,T+90min,T+90min,T+90min,6
23,R-736,13626183249,13626183260,6.93,residential,0.7546,CRITICAL,0.433,0.214,0.8262,0.5662,6,3,1,0.5,T+120min,T+90min,T+90min,T+90min,6
24,R-834,13639959260,13626183249,18.8,tertiary,0.7513,CRITICAL,0.433,0.212,0.8196,0.5596,6,3,1,0.5,T+120min,T+90min,T+90min,T+90min,6
25,R-737,13626183249,245666901,29.88,tertiary,0.7501,CRITICAL,0.433,0.213,0.8172,0.5572,6,3,1,0.5,T+120min,T+90min,T+90min,T+90min,6
26,R-746,13626183260,13639959261,19.36,residential,0.7412,HIGH,0.425,0.209,0.8074,0.5526,6,3,1,0.5,T+120min,T+90min,T+90min,T+90min,6
27,R-837,13639959261,13626183260,19.36,residential,0.7412,HIGH,0.425,0.209,0.8074,0.5526,6,3,1,0.5,T+120min,T+90min,T+90min,T+90min,6
28,R-745,13626183260,13626183250,4.87,residential,0.7405,HIGH,0.422,0.209,0.8091,0.5557,6,3,1,0.5,T+120min,T+90min,T+90min,T+90min,6
29,R-079,10724781030,13617040686,34.9,tertiary,0.7393,HIGH,0.405,0.197,0.8236,0.5808,6,3,1,0.5,T+120min,T+90min,T+90min,T+90min,6
30,R-1008,245666651,245666881,141.24,residential,0.7366,HIGH,0.436,0.195,0.7872,0.5256,6,3,1,0.5,T+120min,T+90min,T+90min,T+90min,6
31,R-1020,245666881,245666651,141.24,residential,0.7366,HIGH,0.436,0.195,0.7872,0.5256,6,3,1,0.5,T+120min,T+90min,T+90min,T+90min,6
32,R-1434,6926279727,6926279727,276.37,residential,0.7356,HIGH,0.438,0.211,0.7833,0.5205,6,3,1,0.5,T+120min,T+90min,T+90min,T+90min,6
33,R-1435,6926279727,6926279727,276.37,residential,0.7356,HIGH,0.438,0.211,0.7833,0.5205,6,3,1,0.5,T+120min,T+90min,T+90min,T+90min,6
34,R-192,12406104882,10772904744,1804.27,trunk,0.732,HIGH,0.446,0.124,0.768,0.5002,5,3,1,0.5,T+120min,T+90min,T+90min,T+90min,6
35,R-017,10245790331,13798210715,64.09,trunk,0.7305,HIGH,0.439,0.148,0.772,0.5088,5,3,1,0.5,T+120min,T+90min,T+90min,T+90min,6
36,R-1026,245666901,13638081807,20.6,tertiary,0.7302,HIGH,0.419,0.208,0.7914,0.54,6,3,1,0.5,T+120min,T+90min,T+90min,T+90min,6
37,R-758,13638081807,245666901,20.6,tertiary,0.7302,HIGH,0.419,0.208,0.7914,0.54,6,3,1,0.5,T+120min,T+90min,T+90min,T+90min,6
38,R-162,12313982253,12313982254,8.92,residential,0.729,HIGH,0.395,0.19,0.8131,0.5763,6,3,1,0.5,T+120min,T+90min,T+90min,T+90min,6
39,R-165,12313982254,12313982253,8.92,residential,0.729,HIGH,0.395,0.19,0.8131,0.5763,6,3,1,0.5,T+120min,T+90min,T+90min,T+90min,6
40,R-606,13619536866,13619536860,78.51,residential,0.7284,HIGH,0.405,0.192,0.8018,0.5588,6,3,1,0.5,T+120min,T+90min,T+90min,T+90min,6
41,R-1012,245666801,7372035744,85.2,tertiary,0.726,HIGH,0.4,0.184,0.802,0.5618,6,3,1,0.5,T+120min,T+90min,T+90min,T+90min,6
42,R-1451,7372035744,245666801,85.2,tertiary,0.726,HIGH,0.4,0.184,0.802,0.5618,6,3,1,0.5,T+120min,T+90min,T+90min,T+90min,6
43,R-835,13639959260,13639959261,7.09,residential,0.7224,HIGH,0.414,0.205,0.7807,0.5321,6,3,1,0.5,T+120min,T+90min,T+90min,T+90min,6
44,R-838,13639959261,13639959260,7.09,residential,0.7224,HIGH,0.414,0.205,0.7807,0.5321,6,3,1,0.5,T+120min,T+90min,T+90min,T+90min,6
45,R-163,12313982253,13617040688,39.95,tertiary,0.7194,HIGH,0.395,0.183,0.7938,0.557,6,3,1,0.5,T+120min,T+90min,T+90min,T+90min,6
46,R-1027,245666901,245667237,238.41,residential,0.716,HIGH,0.427,0.181,0.7551,0.4989,5,3,1,0.5,T+120min,T+90min,T+90min,T+90min,6
47,R-1030,245667237,245666901,238.41,residential,0.716,HIGH,0.427,0.181,0.7551,0.4989,5,3,1,0.5,T+120min,T+90min,T+90min,T+90min,6
48,R-335,13617092832,13617550909,156.58,residential,0.7158,HIGH,0.408,0.186,0.7737,0.5293,6,3,1,0.5,T+120min,T+90min,T+90min,T+90min,6
49,R-380,13617550909,13617092832,156.58,residential,0.7158,HIGH,0.408,0.186,0.7737,0.5293,6,3,1,0.5,T+120min,T+90min,T+90min,T+90min,6
50,R-757,13638081807,13638081817,38.09,tertiary,0.7156,HIGH,0.411,0.199,0.7703,0.5235,6,3,1,0.5,T+120min,T+90min,T+90min,T+90min,6
51,R-766,13638081817,13638081807,38.09,tertiary,0.7156,HIGH,0.411,0.199,0.7703,0.5235,6,3,1,0.5,T+120min,T+90min,T+90min,T+90min,6
52,R-1011,245666801,13620657537,134.61,residential,0.7142,HIGH,0.387,0.184,0.7914,0.5594,6,3,1,0.5,T+120min,T+90min,T+90min,T+90min,6
53,R-628,13620657537,245666801,134.61,residential,0.7142,HIGH,0.387,0.184,0.7914,0.5594,6,3,1,0.5,T+120min,T+90min,T+90min,T+90min,6
54,R-1025,245666901,13626183257,111.52,residential,0.7134,HIGH,0.419,0.184,0.7577,0.5063,6,3,1,0.5,T+120min,T+90min,T+90min,T+90min,6
55,R-740,13626183257,245666901,111.52,residential,0.7133,HIGH,0.419,0.184,0.7577,0.5063,6,3,1,0.5,T+120min,T+90min,T+90min,T+90min,6
56,R-1436,6926279727,7104101070,59.41,residential,0.7128,HIGH,0.418,0.203,0.7577,0.5069,6,3,1,0.5,T+120min,T+90min,T+90min,T+90min,6
57,R-1438,7104101070,6926279727,59.41,residential,0.7128,HIGH,0.418,0.203,0.7577,0.5069,6,3,1,0.5,T+120min,T+90min,T+90min,T+90min,6
58,R-005,10055232024,13639959260,22.82,tertiary,0.7111,HIGH,0.414,0.196,0.7583,0.5097,6,3,1,0.5,T+120min,T+90min,T+90min,T+90min,6
59,R-080,10724781030,245666801,7.12,tertiary,0.7109,HIGH,0.386,0.192,0.7859,0.5543,6,3,1,0.5,T+120min,T+90min,T+90min,T+90min,6
60,R-1010,245666801,10724781030,7.12,tertiary,0.7109,HIGH,0.386,0.192,0.7859,0.5543,6,3,1,0.5,T+120min,T+90min,T+90min,T+90min,6
61,R-449,13618395297,13618399201,8.18,residential,0.7081,HIGH,0.378,0.186,0.7881,0.5613,6,3,1,0.5,T+120min,T+90min,T+90min,T+90min,6
62,R-451,13618399201,13618395297,8.18,residential,0.7081,HIGH,0.378,0.186,0.7881,0.5613,6,3,1,0.5,T+120min,T+90min,T+90min,T+90min,6
63,R-752,13638081805,13638081807,125.54,residential,0.7068,HIGH,0.412,0.184,0.7516,0.5046,6,3,1,0.5,T+120min,T+90min,T+90min,T+90min,6
64,R-756,13638081807,13638081805,125.54,residential,0.7068,HIGH,0.412,0.184,0.7516,0.5046,6,3,1,0.5,T+120min,T+90min,T+90min,T+90min,6
65,R-1238,4674280890,7104101070,164.64,trunk,0.7067,HIGH,0.418,0.197,0.7453,0.4945,5,3,0,0.5,T+120min,,T+90min,T+90min,6
66,R-1445,7366153523,7372035744,495.95,residential,0.7005,HIGH,0.399,0.159,0.7519,0.5127,6,3,1,0.5,T+120min,T+90min,T+90min,T+90min,6
67,R-1453,7372035744,7366153523,495.95,residential,0.7005,HIGH,0.399,0.159,0.7519,0.5127,6,3,1,0.5,T+120min,T+90min,T+90min,T+90min,6
68,R-744,13626183259,13639959261,22.54,residential,0.6993,HIGH,0.404,0.193,0.7446,0.502,6,3,0,0.5,T+120min,,T+90min,T+90min,6
69,R-836,13639959261,13626183259,22.54,residential,0.6993,HIGH,0.404,0.193,0.7446,0.502,6,3,0,0.5,T+120min,,T+90min,T+90min,6
70,R-452,13618399201,13619536860,52.8,residential,0.6989,HIGH,0.378,0.185,0.7698,0.543,6,3,1,0.5,T+120min,T+90min,T+90min,T+90min,6
71,R-603,13619536860,13618399201,52.8,residential,0.6989,HIGH,0.378,0.185,0.7698,0.543,6,3,1,0.5,T+120min,T+90min,T+90min,T+90min,6
72,R-446,13618395293,13618395297,51.09,residential,0.6977,HIGH,0.374,0.177,0.7714,0.547,6,3,1,0.5,T+120min,T+90min,T+90min,T+90min,6
73,R-447,13618395297,13618395293,51.09,residential,0.6977,HIGH,0.374,0.177,0.7714,0.547,6,3,1,0.5,T+120min,T+90min,T+90min,T+90min,6
74,R-1425,6926279716,13798210725,26.82,residential,0.6965,HIGH,0.4,0.172,0.7429,0.5031,6,3,0,0.5,T+120min,,T+90min,T+90min,6
75,R-852,13798210725,6926279716,26.82,residential,0.6965,HIGH,0.4,0.172,0.7429,0.5031,6,3,0,0.5,T+120min,,T+90min,T+90min,6
76,R-1437,7104101070,13433910625,95.51,trunk,0.6953,HIGH,0.421,0.155,0.7196,0.4672,5,3,0,0.5,T+120min,,T+90min,T+90min,6
77,R-751,13638081805,13638081806,74.6,residential,0.6931,HIGH,0.401,0.181,0.7353,0.4947,6,3,0,0.5,T+120min,,T+90min,T+90min,6
78,R-755,13638081806,13638081805,74.6,residential,0.6931,HIGH,0.401,0.181,0.7353,0.4947,6,3,0,0.5,T+120min,,T+90min,T+90min,6
79,R-1221,3803645219,12313982253,213.14,residential,0.6926,HIGH,0.395,0.155,0.7402,0.5034,6,3,0,0.5,T+120min,,T+90min,T+90min,6
80,R-164,12313982253,3803645219,213.14,residential,0.6926,HIGH,0.395,0.155,0.7402,0.5034,6,3,0,0.5,T+120min,,T+90min,T+90min,6
81,R-856,13798210735,13798210737,155.84,residential,0.6922,HIGH,0.404,0.161,0.7304,0.4882,5,3,0,0.5,T+120min,,T+90min,T+90min,6
82,R-859,13798210737,13798210735,155.84,residential,0.6922,HIGH,0.404,0.161,0.7304,0.4882,5,3,0,0.5,T+120min,,T+90min,T+90min,6
83,R-816,13638546109,13638546109,99.63,residential,0.6896,HIGH,0.379,0.181,0.7501,0.5227,6,3,1,0.5,T+120min,T+90min,T+90min,T+90min,6
84,R-817,13638546109,13638546109,99.63,residential,0.6896,HIGH,0.379,0.181,0.7501,0.5227,6,3,1,0.5,T+120min,T+90min,T+90min,T+90min,6
85,R-510,13619368460,13619368498,137.34,residential,0.6883,HIGH,0.374,0.17,0.7527,0.5283,6,3,1,0.5,T+120min,T+90min,T+90min,T+90min,6
86,R-527,13619368498,13619368460,137.34,residential,0.6883,HIGH,0.374,0.17,0.7527,0.5283,6,3,1,0.5,T+120min,T+90min,T+90min,T+90min,6
87,R-1267,5911310871,13618399201,121.31,residential,0.6867,HIGH,0.378,0.157,0.7454,0.5186,6,3,0,0.5,T+120min,,T+90min,T+90min,6
88,R-453,13618399201,5911310871,121.31,residential,0.6867,HIGH,0.378,0.157,0.7454,0.5186,6,3,0,0.5,T+120min,,T+90min,T+90min,6
89,R-1274,622039341,13601073293,110.41,residential,0.6862,HIGH,0.378,0.182,0.7445,0.5177,6,3,0,0.5,T+120min,,T+90min,T+90min,6
90,R-232,13601073293,622039341,110.41,residential,0.6862,HIGH,0.378,0.182,0.7445,0.5177,6,3,0,0.5,T+120min,,T+90min,T+90min,6
91,R-522,13619368475,13619368487,135.86,residential,0.6843,HIGH,0.374,0.173,0.7446,0.5202,6,3,0,0.5,T+120min,,T+90min,T+90min,6
92,R-526,13619368487,13619368475,135.86,residential,0.6843,HIGH,0.374,0.173,0.7446,0.5202,6,3,0,0.5,T+120min,,T+90min,T+90min,6
93,R-448,13618395297,13618395298,20.21,residential,0.6843,HIGH,0.368,0.177,0.7506,0.5296,6,3,1,0.5,T+120min,T+90min,T+90min,T+90min,6
94,R-450,13618395298,13618395297,20.21,residential,0.6843,HIGH,0.368,0.177,0.7506,0.5296,6,3,1,0.5,T+120min,T+90min,T+90min,T+90min,6
95,R-1330,6428382636,12406104885,156.17,residential,0.6838,HIGH,0.385,0.15,0.7325,0.5017,6,3,0,0.5,T+120min,,T+90min,T+90min,6
96,R-199,12406104885,6428382636,156.17,residential,0.6838,HIGH,0.385,0.15,0.7325,0.5017,6,3,0,0.5,T+120min,,T+90min,T+90min,6
97,R-264,13615156516,13398075180,222.42,tertiary,0.6825,HIGH,0.375,0.159,0.7401,0.5149,6,3,0,0.5,T+120min,,T+90min,T+90min,6
98,R-1018,245666881,13638081817,44.87,tertiary,0.6794,HIGH,0.396,0.189,0.7129,0.4751,5,3,0,0.5,T+120min,,T+90min,T+90min,6
99,R-768,13638081817,245666881,44.87,tertiary,0.6794,HIGH,0.396,0.189,0.7129,0.4751,5,3,0,0.5,T+120min,,T+90min,T+90min,6
100,R-230,13601073293,13619507487,103.13,residential,0.679,HIGH,0.377,0.178,0.731,0.5046,6,3,0,0.5,T+120min,,T+90min,T+90min,6
101,R-599,13619507487,13601073293,103.13,residential,0.679,HIGH,0.377,0.178,0.731,0.5046,6,3,0,0.5,T+120min,,T+90min,T+90min,6
102,R-373,13617483791,13619318866,100.36,residential,0.6787,HIGH,0.397,0.159,0.7105,0.4723,5,3,0,0.5,T+120min,,T+90min,T+90min,6
103,R-504,13619318866,13617483791,100.36,residential,0.6787,HIGH,0.397,0.159,0.7105,0.4723,5,3,0,0.5,T+120min,,T+90min,T+90min,6
104,R-918,2244637026,2244637067,191.26,residential,0.6786,HIGH,0.402,0.145,0.7053,0.4641,5,3,0,0.5,T+120min,,T+90min,T+90min,6
105,R-930,2244637067,2244637026,191.26,residential,0.6786,HIGH,0.402,0.145,0.7053,0.4641,5,3,0,0.5,T+120min,,T+90min,T+90min,6
106,R-1006,245666579,245666651,97.11,residential,0.6785,HIGH,0.38,0.183,0.727,0.4988,6,3,0,0.5,T+120min,,T+90min,T+90min,6
107,R-1007,245666651,245666579,97.11,residential,0.6785,HIGH,0.38,0.183,0.727,0.4988,6,3,0,0.5,T+120min,,T+90min,T+90min,6
108,R-1019,245666881,13638081818,25.11,residential,0.6776,HIGH,0.396,0.18,0.7092,0.4714,5,3,0,0.5,T+120min,,T+90min,T+90min,6
109,R-771,13638081818,245666881,25.11,residential,0.6776,HIGH,0.396,0.18,0.7092,0.4714,5,3,0,0.5,T+120min,,T+90min,T+90min,6
110,R-304,13617040687,12313982254,40.09,tertiary,0.6766,HIGH,0.366,0.173,0.7372,0.5178,6,3,0,0.5,T+120min,,T+90min,T+90min,6
111,R-210,13398075181,13615156517,225.3,tertiary,0.6762,HIGH,0.375,0.155,0.7275,0.5023,6,3,0,0.5,T+120min,,T+90min,T+90min,6
112,R-196,12406104884,245667803,483.15,trunk,0.6746,HIGH,0.384,0.128,0.7152,0.4848,6,3,0,0.5,T+120min,,T+90min,T+90min,6
113,R-932,2244637067,6554236441,210.33,tertiary,0.6703,HIGH,0.388,0.173,0.7026,0.4696,5,3,0,0.5,T+120min,,T+90min,T+90min,6
114,R-1396,6554236441,2244637067,210.33,tertiary,0.6703,HIGH,0.388,0.173,0.7025,0.4695,5,3,0,0.5,T+120min,,T+90min,T+90min,6
115,R-007,10091403656,13615172965,33.31,tertiary,0.6698,HIGH,0.349,0.172,0.7405,0.5311,6,3,0,0.5,T+120min,,T+90min,T+90min,6
116,R-168,12334925204,10265648752,1919.79,trunk,0.669,HIGH,0.386,0.126,0.702,0.4706,5,3,0,0.5,T+120min,,T+90min,T+90min,6
117,R-338,13617092835,13617092838,176.09,residential,0.669,HIGH,0.375,0.157,0.713,0.488,6,3,0,0.5,T+120min,,T+90min,T+90min,6
118,R-346,13617092838,13617092835,176.09,residential,0.669,HIGH,0.375,0.157,0.713,0.488,6,3,0,0.5,T+120min,,T+90min,T+90min,6
119,R-1501,9469523484,13616325515,32.86,tertiary,0.6684,HIGH,0.349,0.172,0.7377,0.5283,6,3,0,0.5,T+120min,,T+90min,T+90min,6
120,R-502,13619318864,13619318864,89.56,residential,0.6676,HIGH,0.388,0.164,0.6971,0.4641,5,3,0,0.5,T+120min,,T+90min,T+90min,6
121,R-503,13619318864,13619318864,89.56,residential,0.6676,HIGH,0.388,0.164,0.6971,0.4641,5,3,0,0.5,T+120min,,T+90min,T+90min,6
122,R-1194,2897024795,10279771627,346.77,primary,0.6675,HIGH,0.376,0.146,0.709,0.4834,6,3,0,0.5,T+120min,,T+90min,T+90min,6
123,R-822,13638546111,13638546111,99.61,residential,0.6667,HIGH,0.363,0.174,0.7203,0.5027,6,3,0,0.5,T+120min,,T+90min,T+90min,6
124,R-823,13638546111,13638546111,99.61,residential,0.6667,HIGH,0.363,0.174,0.7203,0.5027,6,3,0,0.5,T+120min,,T+90min,T+90min,6
125,R-341,13617092836,13617092837,176.37,residential,0.6663,HIGH,0.374,0.153,0.7086,0.4842,6,3,0,0.5,T+120min,,T+90min,T+90min,6
126,R-343,13617092837,13617092836,176.37,residential,0.6663,HIGH,0.374,0.153,0.7086,0.4842,6,3,0,0.5,T+120min,,T+90min,T+90min,6
127,R-1259,5896564331,8443532426,497.89,tertiary,0.6659,HIGH,0.385,0.153,0.6967,0.4653,5,3,0,0.5,T+120min,,T+90min,T+90min,6
128,R-1482,8443532426,5896564331,497.89,tertiary,0.6659,HIGH,0.385,0.153,0.6967,0.4653,5,3,0,0.5,T+120min,,T+90min,T+90min,6
129,R-801,13638535682,13638535685,350.21,residential,0.6652,HIGH,0.375,0.157,0.7054,0.4806,6,3,0,0.5,T+120min,,T+90min,T+90min,6
130,R-810,13638535685,13638535682,350.21,residential,0.6652,HIGH,0.375,0.157,0.7054,0.4806,6,3,0,0.5,T+120min,,T+90min,T+90min,6
131,R-1500,9469523484,13615172965,5.42,residential,0.6642,HIGH,0.347,0.172,0.7314,0.5234,6,3,0,0.5,T+120min,,T+90min,T+90min,6
132,R-275,13615172965,9469523484,5.42,residential,0.6642,HIGH,0.347,0.172,0.7314,0.5234,6,3,0,0.5,T+120min,,T+90min,T+90min,6
133,R-1318,631507993,10265837613,172.34,primary,0.6641,HIGH,0.38,0.172,0.6981,0.4699,5,3,0,0.5,T+120min,,T+90min,T+90min,6
134,R-765,13638081816,13638081817,13.27,residential,0.6633,HIGH,0.381,0.185,0.6955,0.4671,5,3,0,0.5,T+120min,,T+90min,T+90min,6
135,R-767,13638081817,13638081816,13.27,residential,0.6633,HIGH,0.381,0.185,0.6955,0.4671,5,3,0,0.5,T+120min,,T+90min,T+90min,6
136,R-121,11046194844,11046194845,19.74,residential,0.663,HIGH,0.374,0.185,0.702,0.4776,6,3,0,0.5,T+120min,,T+90min,T+90min,6
137,R-122,11046194845,11046194844,19.74,residential,0.6629,HIGH,0.374,0.185,0.7019,0.4775,6,3,0,0.5,T+120min,,T+90min,T+90min,6
138,R-517,13619368471,13620896407,93.24,residential,0.6626,HIGH,0.354,0.164,0.7211,0.5085,6,3,0,0.5,T+120min,,T+90min,T+90min,6
139,R-629,13620896407,13619368471,93.24,residential,0.6626,HIGH,0.354,0.164,0.7211,0.5085,6,3,0,0.5,T+120min,,T+90min,T+90min,6
140,R-231,13601073293,2244797686,20.6,residential,0.6608,HIGH,0.365,0.174,0.7065,0.4873,6,3,0,0.5,T+120min,,T+90min,T+90min,6
141,R-939,2244797686,13601073293,20.6,residential,0.6608,HIGH,0.365,0.174,0.7065,0.4873,6,3,0,0.5,T+120min,,T+90min,T+90min,6
142,R-170,12350301184,245666579,14.74,tertiary,0.6601,HIGH,0.375,0.183,0.6952,0.4704,5,3,0,0.5,T+120min,,T+90min,T+90min,6
143,R-381,13617550909,13617550913,21.05,residential,0.6591,HIGH,0.365,0.168,0.7032,0.484,6,3,0,0.5,T+120min,,T+90min,T+90min,6
144,R-374,13617483792,13617550909,20.4,residential,0.6591,HIGH,0.365,0.172,0.7031,0.4839,6,3,0,0.5,T+120min,,T+90min,T+90min,6
145,R-002,10044201331,13615156515,103.69,tertiary,0.6587,HIGH,0.35,0.172,0.7173,0.5075,6,3,0,0.5,T+120min,,T+90min,T+90min,6
146,R-604,13619536860,13619536866,18.21,residential,0.658,HIGH,0.37,0.182,0.696,0.474,6,3,0,0.5,T+120min,,T+90min,T+90min,6
147,R-605,13619536866,13619536860,18.21,residential,0.658,HIGH,0.37,0.182,0.696,0.474,6,3,0,0.5,T+120min,,T+90min,T+90min,6
148,R-519,13619368472,13619368475,27.84,residential,0.6574,HIGH,0.366,0.178,0.6988,0.4794,6,3,0,0.5,T+120min,,T+90min,T+90min,6
149,R-521,13619368475,13619368472,27.84,residential,0.6574,HIGH,0.366,0.178,0.6988,0.4794,6,3,0,0.5,T+120min,,T+90min,T+90min,6
150,R-260,13615156514,12243225438,121.44,tertiary,0.6522,HIGH,0.35,0.167,0.7044,0.4946,6,3,0,0.5,T+120min,,T+90min,T+90min,6
151,R-021,10265662126,10265662124,147.7,trunk,0.65,HIGH,0.354,0.147,0.696,0.4838,6,3,0,0.5,T+120min,,T+90min,T+90min,6
152,R-279,13616287392,5896564331,27.84,tertiary,0.6496,HIGH,0.372,0.182,0.6772,0.4538,5,3,0,0.5,T+120min,,T+90min,T+90min,6
153,R-003,10055232024,13616287392,9.75,residential,0.649,HIGH,0.372,0.185,0.676,0.4526,5,3,0,0.5,T+120min,,T+90min,T+90min,6
154,R-278,13616287392,10055232024,9.75,residential,0.649,HIGH,0.372,0.185,0.676,0.4526,5,3,0,0.5,T+120min,,T+90min,T+90min,6
155,R-1275,622039341,13619536866,12.47,residential,0.6477,HIGH,0.359,0.174,0.6864,0.471,6,3,0,0.5,T+120min,,T+90min,T+90min,6
156,R-607,13619536866,622039341,12.47,residential,0.6477,HIGH,0.359,0.174,0.6864,0.471,6,3,0,0.5,T+120min,,T+90min,T+90min,6
157,R-1420,6590384792,10055232024,28.08,tertiary,0.6472,HIGH,0.372,0.175,0.6723,0.4489,5,3,0,0.5,T+120min,,T+90min,T+90min,6
158,R-124,11046194845,2244797686,23.64,residential,0.6471,HIGH,0.362,0.174,0.6821,0.4649,5,3,0,0.5,T+120min,,T+90min,T+90min,6
159,R-938,2244797686,11046194845,23.64,residential,0.647,HIGH,0.362,0.174,0.6821,0.4649,5,3,0,0.5,T+120min,,T+90min,T+90min,6
160,R-161,12313982248,13619368472,36.88,residential,0.647,HIGH,0.357,0.177,0.687,0.4728,6,3,0,0.5,T+120min,,T+90min,T+90min,6
161,R-1293,622060792,9198946025,212.64,residential,0.6469,HIGH,0.372,0.129,0.6717,0.4487,5,3,0,0.5,T+120min,,T+90min,T+90min,6
162,R-1491,9198946025,622060792,212.64,residential,0.6469,HIGH,0.372,0.129,0.6717,0.4487,5,3,0,0.5,T+120min,,T+90min,T+90min,6
163,R-518,13619368472,12313982248,36.88,residential,0.6469,HIGH,0.357,0.177,0.6868,0.4726,6,3,0,0.5,T+120min,,T+90min,T+90min,6
164,R-123,11046194845,13619396529,29.14,residential,0.6465,HIGH,0.362,0.181,0.6809,0.4637,5,3,0,0.5,T+120min,,T+90min,T+90min,6
165,R-535,13619396529,11046194845,29.14,residential,0.6465,HIGH,0.362,0.181,0.6809,0.4637,5,3,0,0.5,T+120min,,T+90min,T+90min,6
166,R-1255,5470238123,10044201331,128.41,trunk,0.6462,HIGH,0.347,0.162,0.6954,0.4874,6,3,0,0.5,T+120min,,T+90min,T+90min,6
167,R-321,13617040695,9469523484,37.41,tertiary,0.6447,HIGH,0.347,0.165,0.6923,0.4843,6,3,0,0.5,T+120min,,T+90min,T+90min,6
168,R-004,10055232024,13626183259,7.16,residential,0.6443,HIGH,0.368,0.184,0.6706,0.4498,5,3,0,0.5,T+120min,,T+90min,T+90min,6
169,R-742,13626183259,10055232024,7.16,residential,0.6443,HIGH,0.368,0.184,0.6706,0.4498,5,3,0,0.5,T+120min,,T+90min,T+90min,6
170,R-828,13638546125,13638546125,94.87,residential,0.6442,HIGH,0.345,0.169,0.6933,0.4863,6,3,0,0.5,T+120min,,T+90min,T+90min,6
171,R-829,13638546125,13638546125,94.87,residential,0.6442,HIGH,0.345,0.169,0.6933,0.4863,6,3,0,0.5,T+120min,,T+90min,T+90min,6
172,R-1328,6428381511,7372035744,115.39,residential,0.6439,HIGH,0.359,0.168,0.6789,0.4633,5,3,0,0.5,T+120min,,T+90min,T+90min,6
173,R-1452,7372035744,6428381511,115.39,residential,0.6439,HIGH,0.359,0.168,0.6789,0.4633,5,3,0,0.5,T+120min,,T+90min,T+90min,6
174,R-824,13638546111,13638546112,25.62,residential,0.6439,HIGH,0.35,0.169,0.6878,0.4776,6,3,0,0.5,T+120min,,T+90min,T+90min,6
175,R-826,13638546112,13638546111,25.62,residential,0.6439,HIGH,0.35,0.169,0.6878,0.4776,6,3,0,0.5,T+120min,,T+90min,T+90min,6
176,R-309,13617040689,13617040691,24.3,tertiary,0.6438,HIGH,0.351,0.174,0.6867,0.4761,6,3,0,0.5,T+120min,,T+90min,T+90min,6
177,R-006,10055232027,13626183259,90.39,residential,0.6433,HIGH,0.368,0.158,0.6686,0.4478,5,3,0,0.5,T+120min,,T+90min,T+90min,6
178,R-743,13626183259,10055232027,90.39,residential,0.6433,HIGH,0.368,0.158,0.6686,0.4478,5,3,0,0.5,T+120min,,T+90min,T+90min,6
179,R-287,13616325515,245666192,30.94,tertiary,0.6431,HIGH,0.334,0.163,0.7022,0.5018,6,3,0,0.5,T+120min,,T+90min,T+90min,6
180,R-520,13619368472,13620896407,24.35,residential,0.6426,HIGH,0.357,0.173,0.6783,0.4641,5,3,0,0.5,T+120min,,T+90min,T+90min,6
181,R-630,13620896407,13619368472,24.35,residential,0.6426,HIGH,0.357,0.173,0.6783,0.4641,5,3,0,0.5,T+120min,,T+90min,T+90min,6
182,R-008,10091403656,13616325515,6.09,tertiary_link,0.6426,HIGH,0.334,0.167,0.7012,0.5008,6,3,0,0.5,T+120min,,T+90min,T+90min,6
183,R-286,13616325515,10091403656,6.09,tertiary_link,0.6426,HIGH,0.334,0.167,0.7012,0.5008,6,3,0,0.5,T+120min,,T+90min,T+90min,6
184,R-307,13617040688,13617040689,79.85,tertiary,0.6422,HIGH,0.343,0.159,0.6914,0.4858,6,3,0,0.5,T+120min,,T+90min,T+90min,6
185,R-012,10091403664,10091403656,29.95,tertiary,0.6411,HIGH,0.334,0.162,0.6982,0.4978,6,3,0,0.5,T+120min,,T+90min,T+90min,6
186,R-818,13638546109,13638546110,26.52,residential,0.6404,HIGH,0.353,0.164,0.6777,0.4657,6,3,0,0.5,T+120min,,T+90min,T+90min,6
187,R-820,13638546110,13638546109,26.52,residential,0.6404,HIGH,0.353,0.164,0.6777,0.4657,6,3,0,0.5,T+120min,,T+90min,T+90min,6
188,R-312,13617040691,12313982248,56.77,tertiary,0.6391,HIGH,0.354,0.174,0.6742,0.4616,5,3,0,0.5,T+120min,,T+90min,T+90min,6
189,R-739,13626183257,13626183258,55.37,residential,0.6388,HIGH,0.348,0.165,0.6797,0.4709,6,3,0,0.5,T+120min,,T+90min,T+90min,6
190,R-741,13626183258,13626183257,55.37,residential,0.6388,HIGH,0.348,0.165,0.6797,0.4709,6,3,0,0.5,T+120min,,T+90min,T+90min,6
191,R-274,13615172965,13617040696,36.73,tertiary,0.6385,HIGH,0.343,0.163,0.684,0.4782,6,3,0,0.5,T+120min,,T+90min,T+90min,6
192,R-159,12313982248,13615172966,7.68,residential,0.6382,HIGH,0.35,0.175,0.6764,0.466,6,3,0,0.5,T+120min,,T+90min,T+90min,6
193,R-276,13615172966,12313982248,7.68,residential,0.6382,HIGH,0.35,0.175,0.6764,0.466,6,3,0,0.5,T+120min,,T+90min,T+90min,6
194,R-221,13433910628,13433910629,44.95,residential,0.6373,HIGH,0.362,0.156,0.6627,0.4455,5,3,0,0.5,T+120min,,T+90min,T+90min,6
195,R-223,13433910629,13433910628,44.95,residential,0.6373,HIGH,0.362,0.156,0.6627,0.4455,5,3,0,0.5,T+120min,,T+90min,T+90min,6
196,R-314,13617040692,13617040690,24.5,tertiary,0.6365,HIGH,0.348,0.172,0.6749,0.4661,6,3,0,0.5,T+120min,,T+90min,T+90min,6
197,R-1005,245666579,12350425034,7.73,residential,0.6362,HIGH,0.356,0.178,0.6663,0.4531,5,3,0,0.5,T+120min,,T+90min,T+90min,6
198,R-175,12350425034,245666579,7.73,residential,0.6362,HIGH,0.356,0.178,0.6663,0.4531,5,3,0,0.5,T+120min,,T+90min,T+90min,6
199,R-1228,4342420490,2244637034,83.59,residential,0.6361,HIGH,0.349,0.157,0.6732,0.4634,6,3,0,0.5,T+120min,,T+90min,T+90min,6
200,R-926,2244637034,4342420490,83.59,residential,0.6361,HIGH,0.349,0.157,0.6732,0.4634,6,3,0,0.5,T+120min,,T+90min,T+90min,6
201,R-277,13615172966,13617040692,56.23,tertiary,0.6355,HIGH,0.351,0.172,0.67,0.4594,5,3,0,0.5,T+120min,,T+90min,T+90min,6
202,R-1004,245666579,12350391112,182.63,tertiary,0.6349,HIGH,0.364,0.137,0.6558,0.4376,5,3,0,0.5,T+120min,,T+90min,T+90min,6
203,R-830,13638546125,13638546126,27.14,residential,0.6341,HIGH,0.344,0.161,0.6741,0.4677,6,3,0,0.5,T+120min,,T+90min,T+90min,6
204,R-833,13638546126,13638546125,27.14,residential,0.6341,HIGH,0.344,0.161,0.6741,0.4677,6,3,0,0.5,T+120min,,T+90min,T+90min,6
205,R-310,13617040690,13617040687,79.46,tertiary,0.6341,HIGH,0.343,0.155,0.6752,0.4696,6,3,0,0.5,T+120min,,T+90min,T+90min,6
206,R-248,13614452347,13614452359,54.31,trunk,0.6341,HIGH,0.338,0.164,0.6802,0.4772,6,3,0,0.5,T+120min,,T+90min,T+90min,6
207,R-261,13615156514,13615156515,14.84,tertiary_link,0.6333,HIGH,0.332,0.164,0.6846,0.4852,6,3,0,0.5,T+120min,,T+90min,T+90min,6
208,R-263,13615156515,13615156514,14.84,tertiary_link,0.6333,HIGH,0.332,0.164,0.6846,0.4852,6,3,0,0.5,T+120min,,T+90min,T+90min,6
209,R-308,13617040689,13617040690,8.4,tertiary_link,0.6325,HIGH,0.343,0.172,0.672,0.4664,6,3,0,0.5,T+120min,,T+90min,T+90min,6
210,R-311,13617040690,13617040689,8.4,tertiary_link,0.6325,HIGH,0.343,0.172,0.672,0.4664,6,3,0,0.5,T+120min,,T+90min,T+90min,6
211,R-508,13619368459,13619368471,19.88,residential,0.6315,HIGH,0.336,0.161,0.6771,0.4753,6,3,0,0.5,T+120min,,T+90min,T+90min,6
212,R-515,13619368471,13619368459,19.88,residential,0.6315,HIGH,0.336,0.161,0.6771,0.4753,6,3,0,0.5,T+120min,,T+90min,T+90min,6
213,R-305,13617040687,13617040688,8.16,tertiary_link,0.6315,HIGH,0.326,0.163,0.6871,0.4915,6,3,0,0.5,T+120min,,T+90min,T+90min,6
214,R-306,13617040688,13617040687,8.16,tertiary_link,0.6315,HIGH,0.326,0.163,0.6871,0.4915,6,3,0,0.5,T+120min,,T+90min,T+90min,6
215,R-516,13619368471,13619368487,58.63,residential,0.6312,HIGH,0.336,0.157,0.6765,0.4747,6,3,0,0.5,T+120min,,T+90min,T+90min,6
216,R-525,13619368487,13619368471,58.63,residential,0.6312,HIGH,0.336,0.157,0.6765,0.4747,6,3,0,0.5,T+120min,,T+90min,T+90min,6
217,R-160,12313982248,13617040693,31.44,tertiary,0.6309,HIGH,0.35,0.166,0.6618,0.4514,5,3,0,0.5,T+120min,,T+90min,T+90min,6
218,R-318,13617040694,13615172966,31.47,tertiary,0.6301,HIGH,0.35,0.163,0.6601,0.4497,5,3,0,0.5,T+120min,,T+90min,T+90min,6
219,R-064,10696472347,245666482,74.32,residential,0.6298,HIGH,0.321,0.157,0.6885,0.4961,6,3,0,0.5,T+120min,,T+90min,T+90min,6
220,R-1001,245666482,10696472347,74.32,residential,0.6298,HIGH,0.321,0.157,0.6885,0.4961,6,3,0,0.5,T+120min,,T+90min,T+90min,6
221,R-026,10265662175,12406085638,134.01,trunk_link,0.6294,HIGH,0.344,0.149,0.6647,0.4583,6,3,0,0.5,T+120min,,T+90min,T+90min,6
222,R-313,13617040691,13617040692,8.25,tertiary_link,0.629,HIGH,0.347,0.172,0.6609,0.4527,5,3,0,0.5,T+120min,,T+90min,T+90min,6
223,R-315,13617040692,13617040691,8.25,tertiary_link,0.629,HIGH,0.347,0.172,0.6609,0.4527,5,3,0,0.5,T+120min,,T+90min,T+90min,6
224,R-013,10091403664,245666192,6.21,residential,0.6284,HIGH,0.318,0.159,0.6888,0.4978,6,3,0,0.5,T+120min,,T+90min,T+90min,6
225,R-967,245666192,10091403664,6.21,residential,0.6284,HIGH,0.318,0.159,0.6888,0.4978,6,3,0,0.5,T+120min,,T+90min,T+90min,6
226,R-523,13619368475,13620896407,8.53,residential,0.6282,HIGH,0.345,0.168,0.6614,0.4544,5,3,0,0.5,T+120min,,T+90min,T+90min,6
227,R-631,13620896407,13619368475,8.53,residential,0.6282,HIGH,0.345,0.168,0.6614,0.4544,5,3,0,0.5,T+120min,,T+90min,T+90min,6
228,R-1258,5896564331,6590384792,9.22,tertiary,0.628,HIGH,0.355,0.169,0.6511,0.4383,5,3,0,0.5,T+120min,,T+90min,T+90min,6
229,R-1421,6590384792,5896564331,9.22,tertiary,0.628,HIGH,0.355,0.169,0.6511,0.4383,5,3,0,0.5,T+120min,,T+90min,T+90min,6
230,R-208,13398075180,13615156514,94.7,tertiary,0.6266,HIGH,0.332,0.155,0.6712,0.4718,6,3,0,0.5,T+120min,,T+90min,T+90min,6
231,R-375,13617483792,13617550913,9.91,tertiary,0.6231,HIGH,0.336,0.163,0.6602,0.4586,6,3,0,0.5,T+120min,,T+90min,T+90min,6
232,R-1003,245666482,13638546112,29.08,residential,0.6231,HIGH,0.326,0.161,0.6702,0.4744,6,3,0,0.5,T+120min,,T+90min,T+90min,6
233,R-827,13638546112,245666482,29.08,residential,0.6231,HIGH,0.326,0.161,0.6702,0.4744,6,3,0,0.5,T+120min,,T+90min,T+90min,6
234,R-249,13614452347,13614452359,139.79,residential,0.6221,HIGH,0.338,0.145,0.6563,0.4533,6,3,0,0.5,T+120min,,T+90min,T+90min,6
235,R-250,13614452359,13614452347,139.79,residential,0.6221,HIGH,0.338,0.145,0.6563,0.4533,6,3,0,0.5,T+120min,,T+90min,T+90min,6
236,R-083,10923438752,622039354,34.51,residential,0.6221,HIGH,0.333,0.153,0.6612,0.4614,6,3,0,0.5,T+120min,,T+90min,T+90min,6
237,R-1281,622039354,10923438752,34.51,residential,0.6221,HIGH,0.333,0.153,0.6612,0.4614,6,3,0,0.5,T+120min,,T+90min,T+90min,6
238,R-1187,2897024751,13616287393,231.94,tertiary,0.6212,HIGH,0.344,0.154,0.6484,0.4422,5,3,0,0.5,T+120min,,T+90min,T+90min,6
239,R-1324,631525438,2897024798,385.32,primary,0.6208,HIGH,0.342,0.136,0.6497,0.4447,5,3,0,0.5,T+120min,,T+90min,T+90min,6
240,R-062,10696472347,10696472356,48.98,residential,0.6196,HIGH,0.322,0.152,0.6672,0.474,6,3,0,0.5,T+120min,,T+90min,T+90min,6
241,R-074,10696472356,10696472347,48.98,residential,0.6196,HIGH,0.322,0.152,0.6672,0.474,6,3,0,0.5,T+120min,,T+90min,T+90min,6
242,R-902,2244637004,13614452347,193.91,trunk,0.6188,HIGH,0.338,0.138,0.6496,0.4466,5,3,0,0.5,T+120min,,T+90min,T+90min,6
243,R-1077,245668039,7404711447,18.91,secondary,0.6181,HIGH,0.322,0.16,0.6642,0.4708,6,3,0,0.5,T+120min,,T+90min,T+90min,6
244,R-1462,7404711447,245668039,18.91,secondary,0.6181,HIGH,0.322,0.16,0.6642,0.4708,6,3,0,0.5,T+120min,,T+90min,T+90min,6
245,R-541,13619400539,245668039,29.34,secondary_link,0.6174,HIGH,0.322,0.16,0.6629,0.4697,6,3,0,0.5,T+120min,,T+90min,T+90min,6
246,R-326,13617067002,10091403664,125.59,tertiary,0.6173,HIGH,0.318,0.142,0.6667,0.4757,6,3,0,0.5,T+120min,,T+90min,T+90min,6
247,R-283,13616287394,2897024748,235.5,tertiary,0.6166,HIGH,0.339,0.156,0.6442,0.4408,5,3,0,0.5,T+120min,,T+90min,T+90min,6
248,R-1265,5911310870,622039341,271.18,residential,0.6154,HIGH,0.34,0.136,0.6408,0.4368,5,3,0,0.5,T+120min,,T+90min,T+90min,6
249,R-1276,622039341,5911310870,271.18,residential,0.6154,HIGH,0.34,0.136,0.6408,0.4368,5,3,0,0.5,T+120min,,T+90min,T+90min,6
250,R-969,245666192,245666077,122.53,tertiary,0.6152,HIGH,0.318,0.14,0.6623,0.4713,6,3,0,0.5,T+120min,,T+90min,T+90min,6
251,R-1256,5470238123,9691859215,23.99,trunk_link,0.6147,HIGH,0.322,0.159,0.6574,0.4642,6,3,0,0.5,T+120min,,T+90min,T+90min,6
252,R-1507,9691859215,5470238123,23.99,trunk_link,0.6147,HIGH,0.322,0.159,0.6574,0.4642,6,3,0,0.5,T+120min,,T+90min,T+90min,6
253,R-542,13619400539,7404711447,26.99,secondary,0.6147,HIGH,0.322,0.161,0.6574,0.4642,6,3,0,0.5,T+120min,,T+90min,T+90min,6
254,R-372,13617483791,13617483792,2.64,tertiary,0.613,HIGH,0.329,0.164,0.647,0.4494,6,3,0,0.5,T+120min,,T+90min,T+90min,6
255,R-1107,2804520131,5470238123,64.33,trunk,0.6129,HIGH,0.322,0.153,0.6538,0.4606,6,3,0,0.5,T+120min,,T+90min,T+90min,6
256,R-1372,6490968308,2244637027,168.17,residential,0.6106,HIGH,0.326,0.141,0.6451,0.4493,6,3,0,0.5,T+120min,,T+90min,T+90min,6
257,R-923,2244637027,6490968308,168.17,residential,0.6106,HIGH,0.326,0.141,0.6451,0.4493,6,3,0,0.5,T+120min,,T+90min,T+90min,6
258,R-1069,245668015,7404711447,9.51,secondary,0.6106,HIGH,0.321,0.16,0.6503,0.4577,6,3,0,0.5,T+120min,,T+90min,T+90min,6
259,R-1461,7404711447,245668015,9.51,secondary,0.6106,HIGH,0.321,0.16,0.6503,0.4577,6,3,0,0.5,T+120min,,T+90min,T+90min,6
260,R-100,10924277275,10924277275,339.19,residential,0.6101,HIGH,0.322,0.152,0.6482,0.455,6,3,0,0.5,T+120min,,T+90min,T+90min,6
261,R-101,10924277275,10924277275,339.19,residential,0.6101,HIGH,0.322,0.152,0.6482,0.455,6,3,0,0.5,T+120min,,T+90min,T+90min,6
262,R-371,13617483789,13617483791,5.29,tertiary,0.6099,HIGH,0.329,0.157,0.6409,0.4433,5,3,0,0.5,T+120min,,T+90min,T+90min,6
263,R-1179,2897024734,631525440,214.13,tertiary,0.6099,HIGH,0.322,0.144,0.6478,0.4546,6,3,0,0.5,T+120min,,T+90min,T+90min,6
264,R-1325,631525440,2897024734,214.13,tertiary,0.6099,HIGH,0.322,0.144,0.6478,0.4546,6,3,0,0.5,T+120min,,T+90min,T+90min,6
265,R-1076,245668039,10925931781,8.27,secondary,0.6096,HIGH,0.318,0.157,0.6512,0.4606,6,3,0,0.5,T+120min,,T+90min,T+90min,6
266,R-109,10925931781,245668039,8.27,secondary,0.6096,HIGH,0.318,0.157,0.6512,0.4606,6,3,0,0.5,T+120min,,T+90min,T+90min,6
267,R-001,10044201331,12243225438,31.35,trunk,0.6091,HIGH,0.329,0.155,0.6393,0.4417,5,3,0,0.5,T+120min,,T+90min,T+90min,6
268,R-1057,245667863,245667933,47.83,residential,0.6086,HIGH,0.322,0.155,0.6451,0.4519,6,3,0,0.5,T+120min,,T+90min,T+90min,6
269,R-1059,245667933,245667863,47.83,residential,0.6086,HIGH,0.322,0.155,0.6451,0.4519,6,3,0,0.5,T+120min,,T+90min,T+90min,6
270,R-251,13614452359,9691859215,22.47,trunk,0.6081,HIGH,0.321,0.159,0.6452,0.4526,6,3,0,0.5,T+120min,,T+90min,T+90min,6
271,R-1002,245666482,13638546110,17.87,residential,0.6073,HIGH,0.32,0.157,0.6445,0.4525,6,3,0,0.5,T+120min,,T+90min,T+90min,6
272,R-821,13638546110,245666482,17.87,residential,0.6073,HIGH,0.32,0.157,0.6445,0.4525,6,3,0,0.5,T+120min,,T+90min,T+90min,6
273,R-807,13638535684,13638546112,36.29,residential,0.6062,HIGH,0.326,0.157,0.6364,0.4406,5,3,0,0.5,T+120min,,T+90min,T+90min,6
274,R-825,13638546112,13638535684,36.29,residential,0.6062,HIGH,0.326,0.157,0.6364,0.4406,5,3,0,0.5,T+120min,,T+90min,T+90min,6
275,R-132,11047568171,13617040683,46.74,tertiary,0.6055,HIGH,0.322,0.161,0.6391,0.4459,6,3,0,0.5,T+120min,,T+90min,T+90min,6
276,R-329,13617092826,13617092827,6.9,residential,0.6051,HIGH,0.32,0.16,0.6402,0.4482,6,3,0,0.5,T+120min,,T+90min,T+90min,6
277,R-331,13617092827,13617092826,6.9,residential,0.6051,HIGH,0.32,0.16,0.6402,0.4482,6,3,0,0.5,T+120min,,T+90min,T+90min,6
278,R-332,13617092827,13617092838,23.35,residential,0.6046,HIGH,0.321,0.159,0.6381,0.4453,6,3,0,0.5,T+120min,,T+90min,T+90min,6
279,R-345,13617092838,13617092827,23.35,residential,0.6046,HIGH,0.321,0.159,0.6381,0.4453,6,3,0,0.5,T+120min,,T+90min,T+90min,6
280,R-1065,245668000,245668015,6.76,tertiary,0.6039,HIGH,0.32,0.159,0.6378,0.4458,6,3,0,0.5,T+120min,,T+90min,T+90min,6
281,R-1068,245668015,245668000,6.76,tertiary,0.6039,HIGH,0.32,0.159,0.6378,0.4458,6,3,0,0.5,T+120min,,T+90min,T+90min,6
282,R-133,11047568171,13626183257,126.95,residential,0.6032,HIGH,0.322,0.156,0.6344,0.4412,5,3,0,0.5,T+120min,,T+90min,T+90min,6
283,R-738,13626183257,11047568171,126.95,residential,0.6032,HIGH,0.322,0.156,0.6344,0.4412,5,3,0,0.5,T+120min,,T+90min,T+90min,6
284,R-1067,245668015,14104987804,130.23,secondary,0.6031,HIGH,0.322,0.157,0.6343,0.4411,5,3,0,0.5,T+120min,,T+90min,T+90min,6
285,R-235,13614337239,245666192,132.84,residential,0.603,HIGH,0.318,0.134,0.6379,0.4469,6,3,0,0.5,T+120min,,T+90min,T+90min,6
286,R-968,245666192,13614337239,132.84,residential,0.603,HIGH,0.318,0.134,0.6379,0.4469,6,3,0,0.5,T+120min,,T+90min,T+90min,6
287,R-880,13798296288,13798296289,87.25,residential,0.6017,HIGH,0.318,0.138,0.6354,0.4446,6,3,0,0.5,T+120min,,T+90min,T+90min,6
288,R-882,13798296289,13798296288,87.25,residential,0.6017,HIGH,0.318,0.138,0.6354,0.4446,6,3,0,0.5,T+120min,,T+90min,T+90min,6
289,R-328,13617092826,10724726259,9.92,tertiary,0.6014,HIGH,0.32,0.159,0.6328,0.4408,5,3,0,0.5,T+120min,,T+90min,T+90min,6
290,R-294,13617040682,13617092827,10.26,tertiary,0.6013,HIGH,0.319,0.158,0.6335,0.4419,6,3,0,0.5,T+120min,,T+90min,T+90min,6
291,R-839,1375215100,1375215119,153.45,residential,0.6007,HIGH,0.317,0.15,0.6344,0.4442,6,3,0,0.5,T+120min,,T+90min,T+90min,6
292,R-842,1375215119,1375215100,153.45,residential,0.6007,HIGH,0.317,0.15,0.6344,0.4442,6,3,0,0.5,T+120min,,T+90min,T+90min,6
293,R-513,13619368466,13619368487,32.86,residential,0.6004,HIGH,0.317,0.146,0.6338,0.4436,6,3,0,0.5,T+120min,,T+90min,T+90min,6
294,R-524,13619368487,13619368466,32.86,residential,0.6004,HIGH,0.317,0.146,0.6338,0.4436,6,3,0,0.5,T+120min,,T+90min,T+90min,6
295,R-867,13798244195,13798244196,156.29,residential,0.5996,HIGH,0.316,0.137,0.6332,0.4436,6,3,0,0.5,T+120min,,T+90min,T+90min,6
296,R-725,13622528187,13622528188,26.61,residential,0.5985,HIGH,0.315,0.154,0.6321,0.4429,6,3,0,0.5,T+120min,,T+90min,T+90min,6
297,R-727,13622528188,13622528187,26.61,residential,0.5985,HIGH,0.315,0.154,0.6321,0.4429,6,3,0,0.5,T+120min,,T+90min,T+90min,6
298,R-506,13619368459,13619368460,19.68,residential,0.597,HIGH,0.309,0.146,0.635,0.4498,6,3,0,0.5,T+120min,,T+90min,T+90min,6
299,R-509,13619368460,13619368459,19.68,residential,0.597,HIGH,0.309,0.146,0.635,0.4498,6,3,0,0.5,T+120min,,T+90min,T+90min,6
300,R-666,13621901230,6428811268,34.8,tertiary,0.5957,HIGH,0.31,0.15,0.6313,0.4453,6,3,0,0.5,T+120min,,T+90min,T+90min,6
301,R-779,13638535653,13638535654,39.0,residential,0.5881,HIGH,0.301,0.142,0.6252,0.4448,6,3,0,0.5,T+120min,,T+90min,T+90min,6
302,R-781,13638535654,13638535653,39.0,residential,0.5881,HIGH,0.301,0.142,0.6252,0.4448,6,3,0,0.5,T+120min,,T+90min,T+90min,6
303,R-034,10294725029,12350425034,184.13,tertiary,0.582,HIGH,0.356,0.134,0.6414,0.4282,5,2,0,0.333,T+60min,,T+90min,T+90min,6
304,R-1106,2804520131,2244797470,226.51,residential,0.5764,HIGH,0.347,0.131,0.6392,0.431,5,2,0,0.333,T+60min,,T+90min,T+90min,6
305,R-936,2244797470,2804520131,226.51,residential,0.5764,HIGH,0.347,0.131,0.6392,0.431,5,2,0,0.333,T+60min,,T+90min,T+90min,6
306,R-098,10924277272,12756633089,156.13,residential,0.5746,HIGH,0.343,0.144,0.6395,0.4335,5,2,0,0.333,T+60min,,T+90min,T+90min,6
307,R-204,12756633089,10924277272,156.13,residential,0.5746,HIGH,0.343,0.144,0.6395,0.4335,5,2,0,0.333,T+60min,,T+90min,T+90min,6
308,R-1277,622039341,622039345,20.41,residential,0.5734,HIGH,0.34,0.16,0.6402,0.4362,5,2,0,0.333,T+60min,,T+90min,T+90min,6
309,R-1280,622039345,622039341,20.41,residential,0.5734,HIGH,0.34,0.16,0.6402,0.4362,5,2,0,0.333,T+60min,,T+90min,T+90min,6
310,R-747,13638081803,13638081804,73.08,residential,0.5696,HIGH,0.343,0.155,0.6295,0.4237,5,2,0,0.333,T+60min,,T+90min,T+90min,6
311,R-750,13638081804,13638081803,73.08,residential,0.5696,HIGH,0.343,0.155,0.6295,0.4237,5,2,0,0.333,T+60min,,T+90min,T+90min,6
312,R-889,14090541020,10279771623,45.09,primary,0.5691,HIGH,0.335,0.167,0.6366,0.4356,5,2,0,0.333,T+60min,,T+90min,T+90min,6
313,R-1450,7372035744,13617040678,13.12,tertiary,0.5684,HIGH,0.337,0.164,0.6331,0.4311,5,2,0,0.333,T+60min,,T+90min,T+90min,6
314,R-292,13617040678,7372035744,13.12,tertiary,0.5684,HIGH,0.337,0.164,0.6331,0.4311,5,2,0,0.333,T+60min,,T+90min,T+90min,6
315,R-028,10279771623,631507992,28.4,primary,0.5676,HIGH,0.335,0.155,0.6336,0.4326,5,2,0,0.333,T+60min,,T+90min,T+90min,6
316,R-1282,622039354,13619237603,70.45,residential,0.5673,HIGH,0.337,0.153,0.631,0.4286,5,2,0,0.333,T+60min,,T+90min,T+90min,6
317,R-462,13619237603,622039354,70.45,residential,0.5673,HIGH,0.337,0.153,0.631,0.4286,5,2,0,0.333,T+60min,,T+90min,T+90min,6
318,R-027,10279771623,10279771626,41.31,primary_link,0.5663,HIGH,0.335,0.145,0.631,0.43,5,2,0,0.333,T+60min,,T+90min,T+90min,6
319,R-015,10213907200,11027088421,342.73,unclassified,0.566,HIGH,0.339,0.119,0.6264,0.423,5,2,0,0.333,T+60min,,T+90min,T+90min,6
320,R-118,11027088421,10213907200,342.73,unclassified,0.566,HIGH,0.339,0.119,0.6264,0.423,5,2,0,0.333,T+60min,,T+90min,T+90min,6
321,R-104,10925931739,2244797686,51.06,residential,0.5614,HIGH,0.335,0.146,0.6211,0.4203,5,2,0,0.333,T+60min,,T+90min,T+90min,6
322,R-937,2244797686,10925931739,51.06,residential,0.5614,HIGH,0.335,0.146,0.6211,0.4203,5,2,0,0.333,T+60min,,T+90min,T+90min,6
323,R-298,13617040684,13617040682,57.9,tertiary,0.5599,HIGH,0.322,0.159,0.6311,0.4379,5,2,0,0.333,T+60min,,T+90min,T+90min,6
324,R-1055,245667863,13619400539,98.56,secondary,0.5575,HIGH,0.322,0.155,0.6263,0.4331,5,2,0,0.333,T+60min,,T+90min,T+90min,6
325,R-344,13617092837,13617092838,9.69,residential,0.5575,HIGH,0.321,0.156,0.6274,0.4346,5,2,0,0.333,T+60min,,T+90min,T+90min,6
326,R-347,13617092838,13617092837,9.69,residential,0.5575,HIGH,0.321,0.156,0.6274,0.4346,5,2,0,0.333,T+60min,,T+90min,T+90min,6
327,R-297,13617040683,13617040684,5.21,tertiary_link,0.5564,HIGH,0.319,0.16,0.6272,0.436,5,2,0,0.333,T+60min,,T+90min,T+90min,6
328,R-299,13617040684,13617040683,5.21,tertiary_link,0.5564,HIGH,0.319,0.16,0.6272,0.436,5,2,0,0.333,T+60min,,T+90min,T+90min,6
329,R-1287,622039360,6576335804,88.93,residential,0.5562,HIGH,0.327,0.146,0.6187,0.4227,5,2,0,0.333,T+60min,,T+90min,T+90min,6
330,R-1415,6576335804,622039360,88.93,residential,0.5562,HIGH,0.327,0.146,0.6187,0.4227,5,2,0,0.333,T+60min,,T+90min,T+90min,6
331,R-330,13617092827,12350391111,86.31,tertiary,0.556,HIGH,0.324,0.151,0.6214,0.4268,5,2,0,0.333,T+60min,,T+90min,T+90min,6
332,R-077,10724726259,11047568171,11.43,tertiary,0.5559,HIGH,0.32,0.159,0.6252,0.4332,5,2,0,0.333,T+60min,,T+90min,T+90min,6
333,R-296,13617040683,13617040678,75.06,tertiary,0.5557,HIGH,0.321,0.158,0.6237,0.4311,5,2,0,0.333,T+60min,,T+90min,T+90min,6
334,R-262,13615156515,13398075181,93.56,tertiary,0.5555,HIGH,0.324,0.144,0.6204,0.4258,5,2,0,0.333,T+60min,,T+90min,T+90min,6
335,R-174,12350391112,13617092826,85.79,tertiary,0.5552,HIGH,0.322,0.153,0.6217,0.4285,5,2,0,0.333,T+60min,,T+90min,T+90min,6
336,R-840,1375215100,14104987804,39.68,residential,0.5548,HIGH,0.319,0.154,0.6239,0.4323,5,2,0,0.333,T+60min,,T+90min,T+90min,6
337,R-890,14104987804,1375215100,39.68,residential,0.5548,HIGH,0.319,0.154,0.6239,0.4323,5,2,0,0.333,T+60min,,T+90min,T+90min,6
338,R-1511,9914206292,13619604480,28.2,residential,0.554,HIGH,0.318,0.155,0.6233,0.4325,5,2,0,0.333,T+60min,,T+90min,T+90min,6
339,R-619,13619604480,9914206292,28.2,residential,0.554,HIGH,0.318,0.155,0.6233,0.4325,5,2,0,0.333,T+60min,,T+90min,T+90min,6
340,R-1264,5911310870,5911310871,172.37,trunk,0.5537,HIGH,0.315,0.13,0.6257,0.4371,5,2,0,0.333,T+60min,,T+90min,T+90min,6
341,R-078,10724726259,13617040682,6.53,residential,0.5532,HIGH,0.316,0.158,0.6238,0.4342,5,2,0,0.333,T+60min,,T+90min,T+90min,6
342,R-293,13617040682,10724726259,6.53,residential,0.5532,HIGH,0.316,0.158,0.6238,0.4342,5,2,0,0.333,T+60min,,T+90min,T+90min,6
343,R-617,13619604480,13622528188,6.51,residential,0.5532,HIGH,0.315,0.157,0.6247,0.4355,5,2,0,0.333,T+60min,,T+90min,T+90min,6
344,R-726,13622528188,13619604480,6.51,residential,0.5532,HIGH,0.315,0.157,0.6247,0.4355,5,2,0,0.333,T+60min,,T+90min,T+90min,6
345,R-291,13617040678,13617040684,74.61,tertiary,0.5528,HIGH,0.319,0.157,0.6199,0.4287,5,2,0,0.333,T+60min,,T+90min,T+90min,6
346,R-1056,245667863,14104987804,4.84,residential,0.5527,HIGH,0.318,0.159,0.6208,0.4302,5,2,0,0.333,T+60min,,T+90min,T+90min,6
347,R-891,14104987804,245667863,4.84,residential,0.5527,HIGH,0.318,0.159,0.6208,0.4302,5,2,0,0.333,T+60min,,T+90min,T+90min,6
348,R-1229,4342420490,622060802,145.96,residential,0.5526,HIGH,0.327,0.143,0.6116,0.415,5,2,0,0.333,T+60min,,T+90min,T+90min,6
349,R-1295,622060802,4342420490,145.96,residential,0.5526,HIGH,0.327,0.143,0.6116,0.415,5,2,0,0.333,T+60min,,T+90min,T+90min,6
350,R-295,13617040682,13617092837,22.96,residential,0.551,HIGH,0.316,0.154,0.6194,0.4298,5,2,0,0.333,T+60min,,T+90min,T+90min,6
351,R-342,13617092837,13617040682,22.96,residential,0.551,HIGH,0.316,0.154,0.6194,0.4298,5,2,0,0.333,T+60min,,T+90min,T+90min,6
352,R-769,13638081818,13638081819,10.0,residential,0.5509,HIGH,0.326,0.16,0.6092,0.4134,5,2,0,0.333,T+60min,,T+90min,T+90min,6
353,R-772,13638081819,13638081818,10.0,residential,0.5509,HIGH,0.326,0.16,0.6092,0.4134,5,2,0,0.333,T+60min,,T+90min,T+90min,6
354,R-382,13617550913,13617483794,3.32,tertiary,0.55,HIGH,0.309,0.155,0.6244,0.4392,6,2,0,0.333,T+60min,,T+90min,T+90min,6
355,R-728,13622528188,13622528189,15.17,residential,0.5487,HIGH,0.315,0.153,0.6157,0.4265,5,2,0,0.333,T+60min,,T+90min,T+90min,6
356,R-729,13622528189,13622528188,15.17,residential,0.5487,HIGH,0.315,0.153,0.6157,0.4265,5,2,0,0.333,T+60min,,T+90min,T+90min,6
357,R-045,10653501374,245665910,119.23,residential,0.5483,HIGH,0.31,0.137,0.6199,0.4339,5,2,0,0.333,T+60min,,T+90min,T+90min,6
358,R-948,245665910,10653501374,119.23,residential,0.5483,HIGH,0.31,0.137,0.6199,0.4339,5,2,0,0.333,T+60min,,T+90min,T+90min,6
359,R-1064,245668000,1375215119,42.9,tertiary,0.5481,HIGH,0.314,0.148,0.6156,0.4272,5,2,0,0.333,T+60min,,T+90min,T+90min,6
360,R-843,1375215119,245668000,42.9,tertiary,0.5481,HIGH,0.314,0.148,0.6156,0.4272,5,2,0,0.333,T+60min,,T+90min,T+90min,6
361,R-1506,9691859215,3743617937,32.75,trunk,0.548,HIGH,0.312,0.151,0.6174,0.4304,5,2,0,0.333,T+60min,,T+90min,T+90min,6
362,R-753,13638081805,13638081809,31.06,residential,0.5472,HIGH,0.317,0.154,0.6108,0.4206,5,2,0,0.333,T+60min,,T+90min,T+90min,6
363,R-759,13638081809,13638081805,31.06,residential,0.5472,HIGH,0.317,0.154,0.6108,0.4206,5,2,0,0.333,T+60min,,T+90min,T+90min,6
364,R-1346,6428811268,245665910,5.09,tertiary,0.5472,HIGH,0.304,0.152,0.6238,0.4414,6,2,0,0.333,T+60min,,T+90min,T+90min,6
365,R-040,10384248275,12406104884,257.8,trunk,0.5467,HIGH,0.312,0.116,0.6147,0.4275,5,2,0,0.333,T+60min,,T+90min,T+90min,6
366,R-376,13617483794,13617550919,9.35,tertiary,0.5466,HIGH,0.309,0.148,0.6176,0.4324,5,2,0,0.333,T+60min,,T+90min,T+90min,6
367,R-377,13617483794,13617550927,24.58,tertiary,0.546,HIGH,0.309,0.142,0.6163,0.4311,5,2,0,0.333,T+60min,,T+90min,T+90min,6
368,R-025,10265662175,10265662174,41.47,trunk,0.5459,HIGH,0.305,0.143,0.6202,0.4372,6,2,0,0.333,T+60min,,T+90min,T+90min,6
369,R-812,13638535685,13638546126,53.41,residential,0.5458,HIGH,0.31,0.151,0.615,0.429,5,2,0,0.333,T+60min,,T+90min,T+90min,6
370,R-832,13638546126,13638535685,53.41,residential,0.5458,HIGH,0.31,0.151,0.615,0.429,5,2,0,0.333,T+60min,,T+90min,T+90min,6
371,R-754,13638081805,13638081811,19.75,residential,0.5451,HIGH,0.317,0.153,0.6066,0.4164,5,2,0,0.333,T+60min,,T+90min,T+90min,6
372,R-762,13638081811,13638081805,19.75,residential,0.5451,HIGH,0.317,0.153,0.6066,0.4164,5,2,0,0.333,T+60min,,T+90min,T+90min,6
373,R-1345,6428811263,6428811268,7.16,tertiary,0.5444,HIGH,0.304,0.151,0.6182,0.4358,6,2,0,0.333,T+60min,,T+90min,T+90min,6
374,R-924,2244637034,2244637056,315.81,residential,0.5439,HIGH,0.326,0.118,0.5952,0.3994,5,2,0,0.333,T+60min,,T+90min,T+90min,6
375,R-928,2244637056,2244637034,315.81,residential,0.5439,HIGH,0.326,0.118,0.5952,0.3994,5,2,0,0.333,T+60min,,T+90min,T+90min,6
376,R-1066,245668000,4342420553,69.13,residential,0.5438,HIGH,0.314,0.143,0.607,0.4186,5,2,0,0.333,T+60min,,T+90min,T+90min,6
377,R-1235,4342420553,245668000,69.13,residential,0.5438,HIGH,0.314,0.143,0.607,0.4186,5,2,0,0.333,T+60min,,T+90min,T+90min,6
378,R-1009,245666651,8443491310,77.22,residential,0.5432,HIGH,0.318,0.147,0.6018,0.411,5,2,0,0.333,T+60min,,T+90min,T+90min,6
379,R-1481,8443491310,245666651,77.22,residential,0.5432,HIGH,0.318,0.147,0.6018,0.411,5,2,0,0.333,T+60min,,T+90min,T+90min,6
380,R-808,13638535684,13638546126,11.87,residential,0.5432,HIGH,0.311,0.152,0.6087,0.4225,5,2,0,0.333,T+60min,,T+90min,T+90min,6
381,R-831,13638546126,13638535684,11.87,residential,0.5431,HIGH,0.311,0.152,0.6085,0.4223,5,2,0,0.333,T+60min,,T+90min,T+90min,6
382,R-949,245665910,13617092840,6.78,tertiary,0.543,HIGH,0.304,0.15,0.6154,0.433,6,2,0,0.333,T+60min,,T+90min,T+90min,6
383,R-1183,2897024748,2897024751,8.0,tertiary_link,0.5425,HIGH,0.314,0.155,0.6044,0.4162,5,2,0,0.333,T+60min,,T+90min,T+90min,6
384,R-1188,2897024751,2897024748,8.0,tertiary_link,0.5425,HIGH,0.314,0.155,0.6044,0.4162,5,2,0,0.333,T+60min,,T+90min,T+90min,6
385,R-353,13617280082,13617327485,128.75,residential,0.5424,HIGH,0.318,0.128,0.6001,0.4093,5,2,0,0.333,T+60min,,T+90min,T+90min,6
386,R-365,13617327485,13617280082,128.75,residential,0.5424,HIGH,0.318,0.128,0.6001,0.4093,5,2,0,0.333,T+60min,,T+90min,T+90min,6
387,R-1266,5911310871,12406104882,38.0,trunk,0.5419,HIGH,0.3,0.139,0.6172,0.4372,6,2,0,0.333,T+60min,,T+90min,T+90min,6
388,R-883,13798296289,13798296297,14.44,residential,0.5407,HIGH,0.307,0.144,0.6078,0.4234,5,2,0,0.333,T+60min,,T+90min,T+90min,6
389,R-886,13798296297,13798296289,14.44,residential,0.5407,HIGH,0.307,0.144,0.6078,0.4234,5,2,0,0.333,T+60min,,T+90min,T+90min,6
390,R-320,13617040695,13617040696,5.23,tertiary_link,0.5402,HIGH,0.313,0.154,0.6008,0.413,5,2,0,0.333,T+60min,,T+90min,T+90min,6
391,R-323,13617040696,13617040695,5.23,tertiary_link,0.5402,HIGH,0.313,0.154,0.6008,0.413,5,2,0,0.333,T+60min,,T+90min,T+90min,6
392,R-1220,3803643818,13617040695,31.18,tertiary,0.539,HIGH,0.313,0.148,0.5983,0.4105,5,2,0,0.333,T+60min,,T+90min,T+90min,6
393,R-1395,6554236440,6554236451,130.04,residential,0.5387,HIGH,0.316,0.14,0.5948,0.4052,5,2,0,0.333,T+60min,,T+90min,T+90min,6
394,R-1404,6554236451,6554236440,130.04,residential,0.5387,HIGH,0.316,0.14,0.5948,0.4052,5,2,0,0.333,T+60min,,T+90min,T+90min,6
395,R-884,13798296289,13798296297,63.43,residential,0.5379,HIGH,0.307,0.137,0.6021,0.4177,5,2,0,0.333,T+60min,,T+90min,T+90min,6
396,R-887,13798296297,13798296289,63.43,residential,0.5379,HIGH,0.307,0.137,0.6021,0.4177,5,2,0,0.333,T+60min,,T+90min,T+90min,6
397,R-316,13617040693,13617040694,7.62,tertiary_link,0.5375,HIGH,0.311,0.153,0.5973,0.4111,5,2,0,0.333,T+60min,,T+90min,T+90min,6
398,R-319,13617040694,13617040693,7.62,tertiary_link,0.5375,HIGH,0.311,0.153,0.5973,0.4111,5,2,0,0.333,T+60min,,T+90min,T+90min,6
399,R-110,10925931781,4342420515,46.46,secondary,0.537,HIGH,0.309,0.14,0.5983,0.4131,5,2,0,0.333,T+60min,,T+90min,T+90min,6
400,R-1231,4342420515,10925931781,46.46,secondary,0.537,HIGH,0.309,0.14,0.5983,0.4131,5,2,0,0.333,T+60min,,T+90min,T+90min,6
401,R-1344,6428811263,13621901231,32.82,tertiary,0.5367,HIGH,0.302,0.146,0.6048,0.4236,5,2,0,0.333,T+60min,,T+90min,T+90min,6
402,R-1343,6428811262,13617092839,2.21,tertiary,0.5366,HIGH,0.3,0.15,0.6066,0.4262,5,2,0,0.333,T+60min,,T+90min,T+90min,6
403,R-348,13617092839,6428811263,5.46,tertiary,0.5366,HIGH,0.3,0.15,0.6066,0.4262,5,2,0,0.333,T+60min,,T+90min,T+90min,6
404,R-507,13619368459,13619368466,71.23,residential,0.5354,HIGH,0.309,0.137,0.5951,0.4099,5,2,0,0.333,T+60min,,T+90min,T+90min,6
405,R-512,13619368466,13619368459,71.23,residential,0.5354,HIGH,0.309,0.137,0.5951,0.4099,5,2,0,0.333,T+60min,,T+90min,T+90min,6
406,R-1058,245667933,10925931781,125.58,residential,0.5353,HIGH,0.309,0.132,0.595,0.4098,5,2,0,0.333,T+60min,,T+90min,T+90min,6
407,R-108,10925931781,245667933,125.58,residential,0.5353,HIGH,0.309,0.132,0.595,0.4098,5,2,0,0.333,T+60min,,T+90min,T+90min,6
408,R-334,13617092832,13617092836,59.88,residential,0.5351,HIGH,0.309,0.144,0.5946,0.4092,5,2,0,0.333,T+60min,,T+90min,T+90min,6
409,R-339,13617092836,13617092832,59.88,residential,0.5351,HIGH,0.309,0.144,0.5946,0.4092,5,2,0,0.333,T+60min,,T+90min,T+90min,6
410,R-023,10265662174,622042581,86.75,trunk_link,0.535,HIGH,0.309,0.139,0.5943,0.4091,5,2,0,0.333,T+60min,,T+90min,T+90min,6
411,R-350,13617092840,6428811262,6.78,tertiary,0.535,HIGH,0.3,0.149,0.6033,0.4229,5,2,0,0.333,T+60min,,T+90min,T+90min,6
412,R-333,13617092832,13617092835,63.86,residential,0.5347,HIGH,0.309,0.143,0.5937,0.4083,5,2,0,0.333,T+60min,,T+90min,T+90min,6
413,R-336,13617092835,13617092832,63.86,residential,0.5347,HIGH,0.309,0.143,0.5937,0.4083,5,2,0,0.333,T+60min,,T+90min,T+90min,6
414,R-317,13617040693,3193827831,35.57,tertiary,0.5344,HIGH,0.311,0.145,0.5911,0.4049,5,2,0,0.333,T+60min,,T+90min,T+90min,6
415,R-1043,245667676,245667764,98.77,residential,0.5343,HIGH,0.305,0.126,0.597,0.414,5,2,0,0.333,T+60min,,T+90min,T+90min,6
416,R-1052,245667764,245667676,98.77,residential,0.5343,HIGH,0.305,0.126,0.597,0.414,5,2,0,0.333,T+60min,,T+90min,T+90min,6
417,R-207,13398075180,13398075181,14.55,tertiary_link,0.5329,HIGH,0.296,0.14,0.6031,0.4257,5,2,0,0.333,T+60min,,T+90min,T+90min,6
418,R-209,13398075181,13398075180,14.55,tertiary_link,0.5329,HIGH,0.296,0.14,0.6031,0.4257,5,2,0,0.333,T+60min,,T+90min,T+90min,6
419,R-378,13617550905,13617483789,8.06,tertiary,0.5321,HIGH,0.299,0.149,0.5985,0.4191,5,2,0,0.333,T+60min,,T+90min,T+90min,6
420,R-1061,245667933,6490861784,77.54,residential,0.5313,HIGH,0.304,0.134,0.5919,0.4095,5,2,0,0.333,T+60min,,T+90min,T+90min,6
421,R-1357,6490861784,245667933,77.54,residential,0.5313,HIGH,0.304,0.134,0.5919,0.4095,5,2,0,0.333,T+60min,,T+90min,T+90min,6
422,R-096,10924277272,10924277275,31.57,residential,0.531,HIGH,0.304,0.137,0.5914,0.409,5,2,0,0.333,T+60min,,T+90min,T+90min,6
423,R-099,10924277275,10924277272,31.57,residential,0.531,HIGH,0.304,0.137,0.5914,0.409,5,2,0,0.333,T+60min,,T+90min,T+90min,6
424,R-1041,245667676,1934627523,129.94,residential,0.5308,HIGH,0.295,0.124,0.5999,0.4229,5,2,0,0.333,T+60min,,T+90min,T+90min,6
425,R-899,1934627523,245667676,129.94,residential,0.5308,HIGH,0.295,0.124,0.5999,0.4229,5,2,0,0.333,T+60min,,T+90min,T+90min,6
426,R-1341,6428811261,6428811262,97.3,tertiary,0.5303,HIGH,0.3,0.139,0.5939,0.4135,5,2,0,0.333,T+60min,,T+90min,T+90min,6
427,R-385,13617550919,13617550905,12.15,tertiary,0.5299,HIGH,0.299,0.142,0.5942,0.4148,5,2,0,0.333,T+60min,,T+90min,T+90min,6
428,R-1154,2897024660,245666386,251.12,tertiary,0.5292,HIGH,0.291,0.109,0.6008,0.4262,6,2,0,0.333,T+60min,,T+90min,T+90min,6
429,R-992,245666386,2897024660,251.12,tertiary,0.5292,HIGH,0.291,0.109,0.6008,0.4262,6,2,0,0.333,T+60min,,T+90min,T+90min,6
430,R-802,13638535682,13638546110,45.74,residential,0.5289,HIGH,0.308,0.142,0.5832,0.3984,5,2,0,0.333,T+60min,,T+90min,T+90min,6
431,R-819,13638546110,13638535682,45.74,residential,0.5289,HIGH,0.308,0.142,0.5832,0.3984,5,2,0,0.333,T+60min,,T+90min,T+90min,6
432,R-1483,8570027362,13617092839,42.87,residential,0.5287,HIGH,0.3,0.143,0.5907,0.4103,5,2,0,0.333,T+60min,,T+90min,T+90min,6
433,R-349,13617092839,8570027362,42.87,residential,0.5286,HIGH,0.3,0.143,0.5906,0.4102,5,2,0,0.333,T+60min,,T+90min,T+90min,6
434,R-441,13618374677,13618374689,57.67,residential,0.5278,HIGH,0.299,0.125,0.5899,0.4105,5,2,0,0.333,T+60min,,T+90min,T+90min,6
435,R-445,13618374689,13618374677,57.67,residential,0.5278,HIGH,0.299,0.125,0.5899,0.4105,5,2,0,0.333,T+60min,,T+90min,T+90min,6
436,R-322,13617040696,13616325516,32.27,tertiary,0.5275,HIGH,0.305,0.143,0.5833,0.4003,5,2,0,0.333,T+60min,,T+90min,T+90min,6
437,R-022,10265662126,6428382636,15.66,residential,0.5275,HIGH,0.298,0.146,0.5903,0.4113,5,2,0,0.333,T+60min,,T+90min,T+90min,6
438,R-1329,6428382636,10265662126,15.66,residential,0.5275,HIGH,0.298,0.146,0.5903,0.4113,5,2,0,0.333,T+60min,,T+90min,T+90min,6
439,R-063,10696472347,13638535683,64.81,residential,0.5264,HIGH,0.304,0.125,0.5822,0.3998,5,2,0,0.333,T+60min,,T+90min,T+90min,6
440,R-803,13638535683,10696472347,64.81,residential,0.5264,HIGH,0.304,0.125,0.5822,0.3998,5,2,0,0.333,T+60min,,T+90min,T+90min,6
441,R-351,13617092840,6428811270,95.73,tertiary,0.5261,HIGH,0.297,0.137,0.5885,0.4103,5,2,0,0.333,T+60min,,T+90min,T+90min,6
442,R-119,11027088421,2897024682,481.95,unclassified,0.5254,HIGH,0.296,0.103,0.5882,0.4108,5,2,0,0.333,T+60min,,T+90min,T+90min,6
443,R-1512,9914206292,13622528191,79.32,residential,0.5253,HIGH,0.3,0.145,0.5839,0.4041,5,2,0,0.333,T+60min,,T+90min,T+90min,6
444,R-732,13622528191,9914206292,79.32,residential,0.5253,HIGH,0.3,0.145,0.5839,0.4041,5,2,0,0.333,T+60min,,T+90min,T+90min,6
445,R-815,13638535686,245666191,66.58,residential,0.5253,HIGH,0.294,0.132,0.5899,0.4135,5,2,0,0.333,T+60min,,T+90min,T+90min,6
446,R-966,245666191,13638535686,66.58,residential,0.5253,HIGH,0.294,0.132,0.5899,0.4135,5,2,0,0.333,T+60min,,T+90min,T+90min,6
447,R-1110,2897024501,2897024596,235.36,tertiary,0.5233,HIGH,0.295,0.121,0.5849,0.4077,5,2,0,0.333,T+60min,,T+90min,T+90min,6
448,R-1123,2897024596,2897024501,235.36,tertiary,0.5233,HIGH,0.295,0.121,0.5849,0.4077,5,2,0,0.333,T+60min,,T+90min,T+90min,6
449,R-760,13638081810,13638081811,31.39,residential,0.5231,HIGH,0.299,0.147,0.5805,0.4011,5,2,0,0.333,T+60min,,T+90min,T+90min,6
450,R-763,13638081811,13638081810,31.39,residential,0.5231,HIGH,0.299,0.147,0.5805,0.4011,5,2,0,0.333,T+60min,,T+90min,T+90min,6
451,R-1164,2897024683,11027088421,488.66,unclassified,0.523,HIGH,0.296,0.101,0.5833,0.4059,5,2,0,0.333,T+60min,,T+90min,T+90min,6
452,R-786,13638535656,2439333822,61.17,residential,0.5222,HIGH,0.289,0.134,0.5887,0.4153,5,2,0,0.333,T+60min,,T+90min,T+90min,6
453,R-945,2439333822,13638535656,61.17,residential,0.5222,HIGH,0.289,0.134,0.5887,0.4153,5,2,0,0.333,T+60min,,T+90min,T+90min,6
454,R-811,13638535685,13638535686,66.86,residential,0.5201,HIGH,0.294,0.137,0.5795,0.4031,5,2,0,0.333,T+60min,,T+90min,T+90min,6
455,R-814,13638535686,13638535685,66.86,residential,0.5201,HIGH,0.294,0.137,0.5795,0.4031,5,2,0,0.333,T+60min,,T+90min,T+90min,6
456,R-528,13619374592,13619374593,14.32,residential,0.5196,HIGH,0.27,0.135,0.6026,0.4408,6,2,0,0.333,T+60min,,T+90min,T+90min,6
457,R-530,13619374593,13619374592,14.32,residential,0.5196,HIGH,0.27,0.135,0.6026,0.4408,6,2,0,0.333,T+60min,,T+90min,T+90min,6
458,R-1160,2897024676,2897024734,183.57,tertiary,0.5186,HIGH,0.288,0.124,0.5825,0.4095,5,2,0,0.333,T+60min,,T+90min,T+90min,6
459,R-665,13621901230,13621901231,7.57,tertiary_link,0.518,HIGH,0.287,0.141,0.5824,0.4102,5,2,0,0.333,T+60min,,T+90min,T+90min,6
460,R-668,13621901231,13621901230,7.57,tertiary_link,0.518,HIGH,0.287,0.141,0.5824,0.4102,5,2,0,0.333,T+60min,,T+90min,T+90min,6
461,R-1314,631507991,11976374939,141.9,tertiary,0.5167,HIGH,0.28,0.126,0.5868,0.4186,6,2,0,0.333,T+60min,,T+90min,T+90min,6
462,R-722,13622503093,10925941300,33.46,residential,0.5166,HIGH,0.288,0.142,0.5786,0.4056,5,2,0,0.333,T+60min,,T+90min,T+90min,6
463,R-114,10925941300,13622503093,33.46,residential,0.5165,HIGH,0.288,0.142,0.5784,0.4054,5,2,0,0.333,T+60min,,T+90min,T+90min,6
464,R-529,13619374592,2244637004,43.06,trunk,0.5132,HIGH,0.27,0.135,0.5897,0.4279,6,2,0,0.333,T+60min,,T+90min,T+90min,6
465,R-985,245666367,245666446,67.69,residential,0.5131,HIGH,0.282,0.134,0.5776,0.4084,5,2,0,0.333,T+60min,,T+90min,T+90min,6
466,R-998,245666446,245666367,67.69,residential,0.5131,HIGH,0.282,0.134,0.5776,0.4084,5,2,0,0.333,T+60min,,T+90min,T+90min,6
467,R-076,10696472356,245666446,29.73,residential,0.5128,HIGH,0.283,0.137,0.5759,0.4063,5,2,0,0.333,T+60min,,T+90min,T+90min,6
468,R-995,245666446,10696472356,29.73,residential,0.5128,HIGH,0.283,0.137,0.5759,0.4063,5,2,0,0.333,T+60min,,T+90min,T+90min,6
469,R-532,13619374593,13619374597,15.61,residential,0.5122,HIGH,0.27,0.135,0.5878,0.426,6,2,0,0.333,T+60min,,T+90min,T+90min,6
470,R-534,13619374597,13619374593,15.61,residential,0.5122,HIGH,0.27,0.135,0.5878,0.426,6,2,0,0.333,T+60min,,T+90min,T+90min,6
471,R-167,12334925193,2804520131,48.26,trunk,0.5108,HIGH,0.279,0.134,0.5759,0.4087,5,2,0,0.333,T+60min,,T+90min,T+90min,6
472,R-531,13619374593,13619374596,37.21,residential,0.5104,HIGH,0.269,0.134,0.5852,0.4242,6,2,0,0.333,T+60min,,T+90min,T+90min,6
473,R-533,13619374596,13619374593,37.21,residential,0.5104,HIGH,0.269,0.134,0.5852,0.4242,6,2,0,0.333,T+60min,,T+90min,T+90min,6
474,R-1039,245667542,10265662175,84.99,trunk,0.5093,HIGH,0.27,0.13,0.582,0.42,6,2,0,0.333,T+60min,,T+90min,T+90min,6
475,R-190,12406085638,10384248275,2.73,trunk,0.5078,HIGH,0.275,0.13,0.5739,0.4089,5,2,0,0.333,T+60min,,T+90min,T+90min,6
476,R-1040,245667542,2244637004,25.01,residential,0.5046,HIGH,0.27,0.134,0.5726,0.4108,5,2,0,0.333,T+60min,,T+90min,T+90min,6
477,R-904,2244637004,245667542,25.01,residential,0.5046,HIGH,0.27,0.134,0.5726,0.4108,5,2,0,0.333,T+60min,,T+90min,T+90min,6
478,R-419,13618347449,245667863,266.41,secondary,0.4947,MODERATE,0.322,0.094,0.584,0.3908,5,1,0,0.167,T+90min,,T+90min,T+90min,6
479,R-770,13638081818,13638081821,40.15,residential,0.489,MODERATE,0.312,0.141,0.5826,0.3956,5,1,0,0.167,T+90min,,T+90min,T+90min,6
480,R-773,13638081821,13638081818,40.15,residential,0.489,MODERATE,0.312,0.141,0.5826,0.3956,5,1,0,0.167,T+90min,,T+90min,T+90min,6
481,R-892,14104987804,2897024862,300.37,secondary,0.4873,MODERATE,0.322,0.088,0.5693,0.3761,5,1,0,0.167,T+90min,,T+90min,T+90min,6
482,R-805,13638535683,13638535684,73.54,residential,0.4835,MODERATE,0.307,0.127,0.5766,0.3922,5,1,0,0.167,T+90min,,T+90min,T+90min,6
483,R-806,13638535684,13638535683,73.54,residential,0.4835,MODERATE,0.307,0.127,0.5766,0.3922,5,1,0,0.167,T+90min,,T+90min,T+90min,6
484,R-010,10091403662,13617040694,36.49,tertiary,0.4835,MODERATE,0.303,0.143,0.5806,0.3988,5,1,0,0.167,T+90min,,T+90min,T+90min,6
485,R-931,2244637067,6554236440,32.92,tertiary,0.4815,MODERATE,0.306,0.137,0.5737,0.3903,5,1,0,0.167,T+90min,,T+90min,T+90min,6
486,R-1393,6554236440,2244637067,32.92,tertiary,0.4814,MODERATE,0.306,0.137,0.5735,0.3901,5,1,0,0.167,T+90min,,T+90min,T+90min,6
487,R-1278,622039345,13618414607,7.6,residential,0.4806,MODERATE,0.3,0.148,0.5779,0.3979,5,1,0,0.167,T+90min,,T+90min,T+90min,6
488,R-459,13618414607,622039345,7.6,residential,0.4806,MODERATE,0.3,0.148,0.5779,0.3979,5,1,0,0.167,T+90min,,T+90min,T+90min,6
489,R-1443,7365871208,13617483789,26.78,tertiary,0.4797,MODERATE,0.299,0.14,0.577,0.3976,5,1,0,0.167,T+90min,,T+90min,T+90min,6
490,R-748,13638081803,13638081811,9.23,residential,0.4792,MODERATE,0.299,0.144,0.576,0.3966,5,1,0,0.167,T+90min,,T+90min,T+90min,6
491,R-761,13638081811,13638081803,9.23,residential,0.4792,MODERATE,0.299,0.144,0.576,0.3966,5,1,0,0.167,T+90min,,T+90min,T+90min,6
492,R-987,245666370,3803643818,26.19,tertiary,0.4791,MODERATE,0.298,0.145,0.5768,0.3978,5,1,0,0.167,T+90min,,T+90min,T+90min,6
493,R-1331,6428382636,12756633089,95.51,residential,0.4787,MODERATE,0.301,0.131,0.573,0.3922,5,1,0,0.167,T+90min,,T+90min,T+90min,6
494,R-205,12756633089,6428382636,95.51,residential,0.4787,MODERATE,0.301,0.131,0.573,0.3922,5,1,0,0.167,T+90min,,T+90min,T+90min,6
495,R-1212,3193827831,245666370,35.93,tertiary,0.4785,MODERATE,0.298,0.144,0.5756,0.3966,5,1,0,0.167,T+90min,,T+90min,T+90min,6
496,R-1279,622039345,13619237610,8.4,residential,0.4783,MODERATE,0.3,0.143,0.5732,0.3932,5,1,0,0.167,T+90min,,T+90min,T+90min,6
497,R-465,13619237610,622039345,8.4,residential,0.4783,MODERATE,0.3,0.143,0.5732,0.3932,5,1,0,0.167,T+90min,,T+90min,T+90min,6
498,R-325,13617040697,245666370,6.68,tertiary_link,0.4781,MODERATE,0.298,0.143,0.5748,0.3958,5,1,0,0.167,T+90min,,T+90min,T+90min,6
499,R-986,245666370,13617040697,6.68,tertiary_link,0.4781,MODERATE,0.298,0.143,0.5748,0.3958,5,1,0,0.167,T+90min,,T+90min,T+90min,6
500,R-288,13616325516,13617040697,25.39,tertiary,0.4776,MODERATE,0.298,0.141,0.5738,0.3948,5,1,0,0.167,T+90min,,T+90min,T+90min,6
501,R-379,13617550905,13617550915,26.3,tertiary,0.4771,MODERATE,0.299,0.129,0.5718,0.3924,5,1,0,0.167,T+90min,,T+90min,T+90min,6
502,R-1234,4342420517,9914206292,78.72,residential,0.4755,MODERATE,0.3,0.124,0.5676,0.3878,5,1,0,0.167,T+90min,,T+90min,T+90min,6
503,R-1513,9914206292,4342420517,78.72,residential,0.4755,MODERATE,0.3,0.124,0.5676,0.3878,5,1,0,0.167,T+90min,,T+90min,T+90min,6
504,R-066,10696472349,13638535686,74.14,residential,0.4747,MODERATE,0.294,0.123,0.5721,0.3957,5,1,0,0.167,T+90min,,T+90min,T+90min,6
505,R-813,13638535686,10696472349,74.14,residential,0.4747,MODERATE,0.294,0.123,0.5721,0.3957,5,1,0,0.167,T+90min,,T+90min,T+90min,6
506,R-1060,245667933,245668038,114.17,residential,0.4744,MODERATE,0.294,0.108,0.5714,0.3948,5,1,0,0.167,T+90min,,T+90min,T+90min,6
507,R-1073,245668038,245667933,114.17,residential,0.4744,MODERATE,0.294,0.108,0.5714,0.3948,5,1,0,0.167,T+90min,,T+90min,T+90min,6
508,R-156,12243225438,245667542,141.67,trunk,0.4736,MODERATE,0.294,0.122,0.5699,0.3935,5,1,0,0.167,T+90min,,T+90min,T+90min,6
509,R-1225,4342420383,2244637034,83.76,residential,0.4734,MODERATE,0.289,0.133,0.5744,0.401,5,1,0,0.167,T+90min,,T+90min,T+90min,6
510,R-925,2244637034,4342420383,83.76,residential,0.4734,MODERATE,0.289,0.133,0.5744,0.401,5,1,0,0.167,T+90min,,T+90min,T+90min,6
511,R-1053,245667803,245667757,255.38,trunk,0.4727,MODERATE,0.288,0.122,0.5741,0.4015,5,1,0,0.167,T+90min,,T+90min,T+90min,6
512,R-1319,631507993,631507992,17.98,tertiary,0.4725,MODERATE,0.294,0.142,0.5676,0.391,5,1,0,0.167,T+90min,,T+90min,T+90min,6
513,R-561,13619412997,13619412997,128.29,residential,0.4724,MODERATE,0.292,0.131,0.5694,0.3944,5,1,0,0.167,T+90min,,T+90min,T+90min,6
514,R-562,13619412997,13619412997,128.29,residential,0.4724,MODERATE,0.292,0.131,0.5694,0.3944,5,1,0,0.167,T+90min,,T+90min,T+90min,6
515,R-386,13617550926,13617550919,19.52,tertiary,0.4719,MODERATE,0.284,0.135,0.5765,0.4059,5,1,0,0.167,T+90min,,T+90min,T+90min,6
516,R-177,12350446596,13621901230,54.21,tertiary,0.4715,MODERATE,0.287,0.126,0.5727,0.4005,5,1,0,0.167,T+90min,,T+90min,T+90min,6
517,R-1196,2897024798,631507993,8.0,primary,0.471,MODERATE,0.294,0.143,0.5646,0.388,5,1,0,0.167,T+90min,,T+90min,T+90min,6
518,R-1375,6491091371,2244637012,66.53,residential,0.4704,MODERATE,0.294,0.135,0.5635,0.3871,5,1,0,0.167,T+90min,,T+90min,T+90min,6
519,R-909,2244637012,6491091371,66.53,residential,0.4704,MODERATE,0.294,0.135,0.5635,0.3871,5,1,0,0.167,T+90min,,T+90min,T+90min,6
520,R-841,1375215100,2244637027,35.49,residential,0.4697,MODERATE,0.287,0.134,0.569,0.3966,5,1,0,0.167,T+90min,,T+90min,T+90min,6
521,R-921,2244637027,1375215100,35.49,residential,0.4697,MODERATE,0.287,0.134,0.569,0.3966,5,1,0,0.167,T+90min,,T+90min,T+90min,6
522,R-337,13617092835,13617092836,6.33,residential,0.4693,MODERATE,0.287,0.143,0.5682,0.396,5,1,0,0.167,T+90min,,T+90min,T+90min,6
523,R-340,13617092836,13617092835,6.33,residential,0.4693,MODERATE,0.287,0.143,0.5682,0.396,5,1,0,0.167,T+90min,,T+90min,T+90min,6
524,R-455,13618414606,13618414607,62.6,residential,0.469,MODERATE,0.291,0.135,0.5636,0.389,5,1,0,0.167,T+90min,,T+90min,T+90min,6
525,R-458,13618414607,13618414606,62.6,residential,0.469,MODERATE,0.291,0.135,0.5636,0.389,5,1,0,0.167,T+90min,,T+90min,T+90min,6
526,R-075,10696472356,13638535681,14.31,residential,0.469,MODERATE,0.283,0.137,0.5716,0.402,5,1,0,0.167,T+90min,,T+90min,T+90min,6
527,R-797,13638535681,10696472356,14.31,residential,0.469,MODERATE,0.283,0.137,0.5716,0.402,5,1,0,0.167,T+90min,,T+90min,T+90min,6
528,R-191,12406104882,10265662126,45.18,trunk,0.4689,MODERATE,0.285,0.139,0.5694,0.3984,5,1,0,0.167,T+90min,,T+90min,T+90min,6
529,R-1391,6554236425,7404711465,126.02,residential,0.4687,MODERATE,0.299,0.108,0.555,0.3756,5,1,0,0.167,T+90min,,T+90min,T+90min,6
530,R-1470,7404711465,6554236425,126.02,residential,0.4687,MODERATE,0.299,0.108,0.555,0.3756,5,1,0,0.167,T+90min,,T+90min,T+90min,6
531,R-851,13798210725,13798210735,31.96,residential,0.4687,MODERATE,0.294,0.139,0.56,0.3834,5,1,0,0.167,T+90min,,T+90min,T+90min,6
532,R-855,13798210735,13798210725,31.96,residential,0.4687,MODERATE,0.294,0.139,0.56,0.3834,5,1,0,0.167,T+90min,,T+90min,T+90min,6
533,R-853,13798210725,6926279717,28.31,residential,0.4673,MODERATE,0.294,0.135,0.5573,0.3807,5,1,0,0.167,T+90min,,T+90min,T+90min,6
534,R-1429,6926279717,13798210725,28.31,residential,0.4672,MODERATE,0.294,0.135,0.557,0.3804,5,1,0,0.167,T+90min,,T+90min,T+90min,6
535,R-1214,3743617937,10564373799,148.61,trunk,0.4664,MODERATE,0.289,0.115,0.5605,0.3875,5,1,0,0.167,T+90min,,T+90min,T+90min,6
536,R-454,13618414606,13618414607,23.83,residential,0.4659,MODERATE,0.291,0.134,0.5574,0.3828,5,1,0,0.167,T+90min,,T+90min,T+90min,6
537,R-457,13618414607,13618414606,23.83,residential,0.4659,MODERATE,0.291,0.134,0.5574,0.3828,5,1,0,0.167,T+90min,,T+90min,T+90min,6
538,R-1215,3743617937,13614467518,34.2,residential,0.4658,MODERATE,0.289,0.132,0.5592,0.3862,5,1,0,0.167,T+90min,,T+90min,T+90min,6
539,R-258,13614467518,3743617937,34.2,residential,0.4658,MODERATE,0.289,0.132,0.5592,0.3862,5,1,0,0.167,T+90min,,T+90min,T+90min,6
540,R-1103,2804481652,12334925193,362.75,trunk,0.4649,MODERATE,0.298,0.096,0.5485,0.3695,5,1,0,0.167,T+90min,,T+90min,T+90min,6
541,R-136,11047597219,13619318864,14.89,residential,0.4644,MODERATE,0.29,0.134,0.5554,0.3814,5,1,0,0.167,T+90min,,T+90min,T+90min,6
542,R-501,13619318864,11047597219,14.89,residential,0.4644,MODERATE,0.29,0.134,0.5554,0.3814,5,1,0,0.167,T+90min,,T+90min,T+90min,6
543,R-1283,622039354,7384246086,11.49,residential,0.4639,MODERATE,0.289,0.14,0.5554,0.382,5,1,0,0.167,T+90min,,T+90min,T+90min,6
544,R-1455,7384246086,622039354,11.49,residential,0.4639,MODERATE,0.289,0.14,0.5554,0.382,5,1,0,0.167,T+90min,,T+90min,T+90min,6
545,R-071,10696472350,13638535685,72.75,residential,0.4634,MODERATE,0.29,0.113,0.5534,0.3794,5,1,0,0.167,T+90min,,T+90min,T+90min,6
546,R-809,13638535685,10696472350,72.75,residential,0.4634,MODERATE,0.29,0.113,0.5534,0.3794,5,1,0,0.167,T+90min,,T+90min,T+90min,6
547,R-657,13621886865,13621886866,61.16,residential,0.4628,MODERATE,0.27,0.13,0.5722,0.4102,5,1,0,0.167,T+90min,,T+90min,T+90min,6
548,R-660,13621886866,13621886865,61.16,residential,0.4628,MODERATE,0.27,0.13,0.5722,0.4102,5,1,0,0.167,T+90min,,T+90min,T+90min,6
549,R-893,14104987809,2244637021,74.16,residential,0.4626,MODERATE,0.282,0.128,0.5598,0.3902,5,1,0,0.167,T+90min,,T+90min,T+90min,6
550,R-914,2244637021,14104987809,74.16,residential,0.4626,MODERATE,0.282,0.128,0.5598,0.3902,5,1,0,0.167,T+90min,,T+90min,T+90min,6
551,R-1219,3803643818,13616325516,5.12,residential,0.4623,MODERATE,0.283,0.141,0.5582,0.3882,5,1,0,0.167,T+90min,,T+90min,T+90min,6
552,R-289,13616325516,3803643818,5.12,residential,0.4623,MODERATE,0.283,0.141,0.5582,0.3882,5,1,0,0.167,T+90min,,T+90min,T+90min,6
553,R-024,10265662174,622042582,45.31,trunk,0.461,MODERATE,0.286,0.13,0.5526,0.381,5,1,0,0.167,T+90min,,T+90min,T+90min,6
554,R-1355,6490591813,13619374592,77.33,trunk,0.461,MODERATE,0.27,0.128,0.5686,0.4068,5,1,0,0.167,T+90min,,T+90min,T+90min,6
555,R-037,10384248274,10384248275,22.33,trunk_link,0.4603,MODERATE,0.275,0.123,0.5622,0.3972,5,1,0,0.167,T+90min,,T+90min,T+90min,6
556,R-039,10384248275,10384248274,22.33,trunk_link,0.4603,MODERATE,0.275,0.123,0.5622,0.3972,5,1,0,0.167,T+90min,,T+90min,T+90min,6
557,R-053,10696472306,245666367,71.59,residential,0.4596,MODERATE,0.269,0.128,0.5668,0.4054,5,1,0,0.167,T+90min,,T+90min,T+90min,6
558,R-983,245666367,10696472306,71.59,residential,0.4596,MODERATE,0.269,0.128,0.5668,0.4054,5,1,0,0.167,T+90min,,T+90min,T+90min,6
559,R-169,12334925204,12334925193,324.23,trunk_link,0.4594,MODERATE,0.294,0.096,0.5414,0.365,5,1,0,0.167,T+90min,,T+90min,T+90min,6
560,R-324,13617040697,10091403662,35.41,tertiary,0.4587,MODERATE,0.281,0.139,0.553,0.3844,5,1,0,0.167,T+90min,,T+90min,T+90min,6
561,R-1316,631507992,10279771626,28.73,tertiary,0.4586,MODERATE,0.28,0.134,0.5538,0.3856,5,1,0,0.167,T+90min,,T+90min,T+90min,6
562,R-667,13621901231,12350446597,54.55,tertiary,0.4582,MODERATE,0.279,0.124,0.5541,0.3867,5,1,0,0.167,T+90min,,T+90min,T+90min,6
563,R-224,13433910629,13433910631,74.18,residential,0.4581,MODERATE,0.269,0.127,0.5639,0.4027,5,1,0,0.167,T+90min,,T+90min,T+90min,6
564,R-225,13433910631,13433910629,74.18,residential,0.4581,MODERATE,0.269,0.127,0.5639,0.4027,5,1,0,0.167,T+90min,,T+90min,T+90min,6
565,R-011,10091403662,3193827831,7.59,residential,0.4578,MODERATE,0.28,0.14,0.5522,0.3846,5,1,0,0.167,T+90min,,T+90min,T+90min,6
566,R-1211,3193827831,10091403662,7.59,residential,0.4578,MODERATE,0.28,0.14,0.5522,0.3846,5,1,0,0.167,T+90min,,T+90min,T+90min,6
567,R-111,10925941296,10925941300,34.66,residential,0.4568,MODERATE,0.279,0.135,0.5513,0.3841,5,1,0,0.167,T+90min,,T+90min,T+90min,6
568,R-112,10925941300,10925941296,34.66,residential,0.4568,MODERATE,0.279,0.135,0.5513,0.3841,5,1,0,0.167,T+90min,,T+90min,T+90min,6
569,R-461,13619237603,13619237610,13.31,residential,0.4562,MODERATE,0.282,0.139,0.547,0.378,5,1,0,0.167,T+90min,,T+90min,T+90min,6
570,R-464,13619237610,13619237603,13.31,residential,0.4562,MODERATE,0.282,0.139,0.547,0.378,5,1,0,0.167,T+90min,,T+90min,T+90min,6
571,R-560,13619412997,10925941300,44.77,residential,0.4562,MODERATE,0.279,0.132,0.55,0.3828,5,1,0,0.167,T+90min,,T+90min,T+90min,6
572,R-113,10925941300,13619412997,44.77,residential,0.4561,MODERATE,0.279,0.132,0.5499,0.3827,5,1,0,0.167,T+90min,,T+90min,T+90min,6
573,R-067,10696472349,2439333822,119.0,residential,0.4557,MODERATE,0.269,0.128,0.5591,0.3981,5,1,0,0.167,T+90min,,T+90min,T+90min,6
574,R-943,2439333822,10696472349,119.0,residential,0.4557,MODERATE,0.269,0.128,0.5591,0.3981,5,1,0,0.167,T+90min,,T+90min,T+90min,6
575,R-1508,9771116360,13619368460,35.05,residential,0.4551,MODERATE,0.276,0.126,0.5508,0.3852,5,1,0,0.167,T+90min,,T+90min,T+90min,6
576,R-511,13619368460,9771116360,35.05,residential,0.4551,MODERATE,0.276,0.126,0.5508,0.3852,5,1,0,0.167,T+90min,,T+90min,T+90min,6
577,R-460,13619237603,13619237606,18.82,residential,0.4549,MODERATE,0.282,0.136,0.5444,0.3754,5,1,0,0.167,T+90min,,T+90min,T+90min,6
578,R-463,13619237606,13619237603,18.82,residential,0.4549,MODERATE,0.282,0.136,0.5444,0.3754,5,1,0,0.167,T+90min,,T+90min,T+90min,6
579,R-734,13622531608,13622531608,97.62,residential,0.4537,MODERATE,0.279,0.133,0.545,0.3778,5,1,0,0.167,T+90min,,T+90min,T+90min,6
580,R-735,13622531608,13622531608,97.62,residential,0.4537,MODERATE,0.279,0.133,0.545,0.3778,5,1,0,0.167,T+90min,,T+90min,T+90min,6
581,R-280,13616287393,13616287394,7.99,tertiary_link,0.4536,MODERATE,0.274,0.136,0.5499,0.3853,5,1,0,0.167,T+90min,,T+90min,T+90min,6
582,R-282,13616287394,13616287393,7.99,tertiary_link,0.4536,MODERATE,0.274,0.136,0.5499,0.3853,5,1,0,0.167,T+90min,,T+90min,T+90min,6
583,R-749,13638081803,13638081813,8.65,residential,0.4527,MODERATE,0.278,0.138,0.5441,0.3773,5,1,0,0.167,T+90min,,T+90min,T+90min,6
584,R-764,13638081813,13638081803,8.65,residential,0.4527,MODERATE,0.278,0.138,0.5441,0.3773,5,1,0,0.167,T+90min,,T+90min,T+90min,6
585,R-1195,2897024795,2897024798,17.97,tertiary,0.4519,MODERATE,0.277,0.136,0.5434,0.3774,5,1,0,0.167,T+90min,,T+90min,T+90min,6
586,R-105,10925931740,13619485519,103.44,residential,0.4508,MODERATE,0.275,0.126,0.5432,0.3782,5,1,0,0.167,T+90min,,T+90min,T+90min,6
587,R-575,13619485519,10925931740,103.44,residential,0.4508,MODERATE,0.275,0.126,0.5432,0.3782,5,1,0,0.167,T+90min,,T+90min,T+90min,6
588,R-1509,9771116360,13619368466,58.73,residential,0.4507,MODERATE,0.279,0.124,0.5391,0.3713,5,1,0,0.167,T+90min,,T+90min,T+90min,6
589,R-514,13619368466,9771116360,58.73,residential,0.4507,MODERATE,0.279,0.124,0.5391,0.3713,5,1,0,0.167,T+90min,,T+90min,T+90min,6
590,R-073,10696472351,13638535681,16.07,residential,0.4507,MODERATE,0.271,0.13,0.547,0.3842,5,1,0,0.167,T+90min,,T+90min,T+90min,6
591,R-796,13638535681,10696472351,16.07,residential,0.4507,MODERATE,0.271,0.13,0.547,0.3842,5,1,0,0.167,T+90min,,T+90min,T+90min,6
592,R-281,13616287393,6428617352,19.54,tertiary,0.4499,MODERATE,0.274,0.127,0.5425,0.3779,5,1,0,0.167,T+90min,,T+90min,T+90min,6
593,R-1186,2897024749,2897024795,205.85,tertiary,0.4494,MODERATE,0.272,0.126,0.5434,0.3802,5,1,0,0.167,T+90min,,T+90min,T+90min,6
594,R-1467,7404711455,1375215119,95.82,tertiary,0.4493,MODERATE,0.276,0.112,0.5393,0.3737,5,1,0,0.167,T+90min,,T+90min,T+90min,6
595,R-844,1375215119,7404711455,95.82,tertiary,0.4493,MODERATE,0.276,0.112,0.5393,0.3737,5,1,0,0.167,T+90min,,T+90min,T+90min,6
596,R-1454,7384246086,13619515794,5.6,residential,0.4492,MODERATE,0.272,0.135,0.5431,0.3797,5,1,0,0.167,T+90min,,T+90min,T+90min,6
597,R-602,13619515794,7384246086,5.6,residential,0.4492,MODERATE,0.272,0.135,0.5431,0.3797,5,1,0,0.167,T+90min,,T+90min,T+90min,6
598,R-1260,5911310862,5911310869,218.06,trunk,0.4485,MODERATE,0.269,0.118,0.5447,0.3835,5,1,0,0.167,T+90min,,T+90min,T+90min,6
599,R-600,13619515794,13619515794,103.82,residential,0.4484,MODERATE,0.272,0.122,0.5414,0.378,5,1,0,0.167,T+90min,,T+90min,T+90min,6
600,R-601,13619515794,13619515794,103.82,residential,0.4484,MODERATE,0.272,0.122,0.5414,0.378,5,1,0,0.167,T+90min,,T+90min,T+90min,6
601,R-869,13798244196,13798244197,24.98,residential,0.4482,MODERATE,0.264,0.126,0.5491,0.3907,5,1,0,0.167,T+90min,,T+90min,T+90min,6
602,R-870,13798244197,13798244196,24.98,residential,0.4481,MODERATE,0.264,0.126,0.5488,0.3904,5,1,0,0.167,T+90min,,T+90min,T+90min,6
603,R-1317,631507992,2897024795,7.99,primary,0.4479,MODERATE,0.272,0.136,0.5405,0.3773,5,1,0,0.167,T+90min,,T+90min,T+90min,6
604,R-782,13638535654,13638535655,73.26,residential,0.4469,MODERATE,0.265,0.123,0.5455,0.3867,5,1,0,0.167,T+90min,,T+90min,T+90min,6
605,R-783,13638535655,13638535654,73.26,residential,0.4469,MODERATE,0.265,0.123,0.5455,0.3867,5,1,0,0.167,T+90min,,T+90min,T+90min,6
606,R-957,245666141,9469495782,392.7,secondary,0.4467,MODERATE,0.263,0.111,0.5471,0.3893,5,1,0,0.167,T+90min,,T+90min,T+90min,6
607,R-1378,6491091372,2244637012,66.0,residential,0.4464,MODERATE,0.28,0.116,0.5295,0.3615,5,1,0,0.167,T+90min,,T+90min,T+90min,6
608,R-910,2244637012,6491091372,66.0,residential,0.4464,MODERATE,0.28,0.116,0.5295,0.3615,5,1,0,0.167,T+90min,,T+90min,T+90min,6
609,R-1222,3803645219,13616287394,18.6,tertiary,0.4459,MODERATE,0.271,0.126,0.5374,0.3746,5,1,0,0.167,T+90min,,T+90min,T+90min,6
610,R-915,2244637021,2244637027,74.94,residential,0.4459,MODERATE,0.265,0.128,0.5435,0.3847,5,1,0,0.167,T+90min,,T+90min,T+90min,6
611,R-922,2244637027,2244637021,74.94,residential,0.4459,MODERATE,0.265,0.128,0.5435,0.3847,5,1,0,0.167,T+90min,,T+90min,T+90min,6
612,R-1441,7365813760,13619237610,16.55,residential,0.4455,MODERATE,0.274,0.132,0.5336,0.369,5,1,0,0.167,T+90min,,T+90min,T+90min,6
613,R-466,13619237610,7365813760,16.55,residential,0.4455,MODERATE,0.274,0.132,0.5336,0.369,5,1,0,0.167,T+90min,,T+90min,T+90min,6
614,R-784,13638535655,2439333822,45.9,residential,0.4455,MODERATE,0.259,0.128,0.5486,0.3932,5,1,0,0.167,T+90min,,T+90min,T+90min,6
615,R-944,2439333822,13638535655,45.9,residential,0.4455,MODERATE,0.259,0.128,0.5486,0.3932,5,1,0,0.167,T+90min,,T+90min,T+90min,6
616,R-798,13638535681,13638535682,74.05,residential,0.4454,MODERATE,0.271,0.128,0.5364,0.374,5,1,0,0.167,T+90min,,T+90min,T+90min,6
617,R-800,13638535682,13638535681,74.05,residential,0.4454,MODERATE,0.271,0.128,0.5364,0.374,5,1,0,0.167,T+90min,,T+90min,T+90min,6
618,R-042,10564373799,245667361,48.5,trunk,0.445,MODERATE,0.27,0.126,0.5366,0.3746,5,1,0,0.167,T+90min,,T+90min,T+90min,6
619,R-387,13617550926,13617550927,7.96,tertiary_link,0.4437,MODERATE,0.258,0.128,0.546,0.3912,5,1,0,0.167,T+90min,,T+90min,T+90min,6
620,R-388,13617550927,13617550926,7.96,tertiary_link,0.4437,MODERATE,0.258,0.128,0.546,0.3912,5,1,0,0.167,T+90min,,T+90min,T+90min,6
621,R-134,11047597219,13619318851,57.84,residential,0.4431,MODERATE,0.276,0.118,0.5269,0.3613,5,1,0,0.167,T+90min,,T+90min,T+90min,6
622,R-489,13619318851,11047597219,57.84,residential,0.4431,MODERATE,0.276,0.118,0.5269,0.3613,5,1,0,0.167,T+90min,,T+90min,T+90min,6
623,R-868,13798244196,13798244194,27.04,residential,0.4431,MODERATE,0.264,0.118,0.5389,0.3805,5,1,0,0.167,T+90min,,T+90min,T+90min,6
624,R-875,13798296277,13798296297,19.63,residential,0.4429,MODERATE,0.267,0.124,0.5354,0.3752,5,1,0,0.167,T+90min,,T+90min,T+90min,6
625,R-885,13798296297,13798296277,19.63,residential,0.4429,MODERATE,0.267,0.124,0.5354,0.3752,5,1,0,0.167,T+90min,,T+90min,T+90min,6
626,R-219,13433910625,13433910629,61.65,residential,0.4428,MODERATE,0.269,0.125,0.5332,0.372,5,1,0,0.167,T+90min,,T+90min,T+90min,6
627,R-222,13433910629,13433910625,61.65,residential,0.4428,MODERATE,0.269,0.125,0.5332,0.372,5,1,0,0.167,T+90min,,T+90min,T+90min,6
628,R-1290,622042582,622042581,50.92,trunk,0.4426,MODERATE,0.269,0.127,0.5328,0.3716,5,1,0,0.167,T+90min,,T+90min,T+90min,6
629,R-1442,7365813760,7384246086,30.09,residential,0.4424,MODERATE,0.272,0.13,0.5294,0.366,5,1,0,0.167,T+90min,,T+90min,T+90min,6
630,R-1456,7384246086,7365813760,30.09,residential,0.4424,MODERATE,0.272,0.13,0.5294,0.366,5,1,0,0.167,T+90min,,T+90min,T+90min,6
631,R-1263,5911310869,5911310870,17.94,trunk,0.4419,MODERATE,0.258,0.126,0.5424,0.3876,5,1,0,0.167,T+90min,,T+90min,T+90min,6
632,R-150,11976374939,13622308166,65.09,tertiary,0.4416,MODERATE,0.246,0.12,0.5538,0.4062,6,1,0,0.167,T+90min,,T+90min,T+90min,6
633,R-681,13622308166,11976374939,65.09,tertiary,0.4416,MODERATE,0.246,0.12,0.5538,0.4062,6,1,0,0.167,T+90min,,T+90min,T+90min,6
634,R-141,11054646813,2244637012,57.63,residential,0.4414,MODERATE,0.28,0.11,0.5195,0.3515,5,1,0,0.167,T+90min,,T+90min,T+90min,6
635,R-908,2244637012,11054646813,57.63,residential,0.4414,MODERATE,0.28,0.11,0.5195,0.3515,5,1,0,0.167,T+90min,,T+90min,T+90min,6
636,R-906,2244637007,2244637004,89.18,residential,0.4414,MODERATE,0.27,0.11,0.5295,0.3677,5,1,0,0.167,T+90min,,T+90min,T+90min,6
637,R-903,2244637004,2244637007,89.18,residential,0.4413,MODERATE,0.27,0.11,0.5293,0.3675,5,1,0,0.167,T+90min,,T+90min,T+90min,6
638,R-1054,245667803,5911310869,13.75,tertiary,0.4413,MODERATE,0.258,0.128,0.5412,0.3864,5,1,0,0.167,T+90min,,T+90min,T+90min,6
639,R-1262,5911310869,245667803,13.75,tertiary,0.4413,MODERATE,0.258,0.128,0.5412,0.3864,5,1,0,0.167,T+90min,,T+90min,T+90min,6
640,R-653,13621749598,13621749599,84.01,residential,0.4405,MODERATE,0.261,0.119,0.5367,0.3799,5,1,0,0.167,T+90min,,T+90min,T+90min,6
641,R-656,13621749599,13621749598,84.01,residential,0.4405,MODERATE,0.261,0.119,0.5367,0.3799,5,1,0,0.167,T+90min,,T+90min,T+90min,6
642,R-1105,2804481652,6926279722,104.56,residential,0.4404,MODERATE,0.259,0.112,0.5384,0.383,5,1,0,0.167,T+90min,,T+90min,T+90min,6
643,R-1433,6926279722,2804481652,104.56,residential,0.4404,MODERATE,0.259,0.112,0.5384,0.383,5,1,0,0.167,T+90min,,T+90min,T+90min,6
644,R-785,13638535655,245666190,46.91,residential,0.4385,MODERATE,0.259,0.116,0.5347,0.3793,5,1,0,0.167,T+90min,,T+90min,T+90min,6
645,R-962,245666190,13638535655,46.91,residential,0.4385,MODERATE,0.259,0.116,0.5347,0.3793,5,1,0,0.167,T+90min,,T+90min,T+90min,6
646,R-687,13622393246,13622393246,87.86,residential,0.4378,MODERATE,0.246,0.117,0.5463,0.3987,6,1,0,0.167,T+90min,,T+90min,T+90min,6
647,R-688,13622393246,13622393246,87.86,residential,0.4378,MODERATE,0.246,0.117,0.5463,0.3987,6,1,0,0.167,T+90min,,T+90min,T+90min,6
648,R-1269,5911310878,13622393246,29.93,residential,0.4374,MODERATE,0.247,0.119,0.5444,0.3964,5,1,0,0.167,T+90min,,T+90min,T+90min,6
649,R-689,13622393246,5911310878,29.93,residential,0.4374,MODERATE,0.247,0.119,0.5444,0.3964,5,1,0,0.167,T+90min,,T+90min,T+90min,6
650,R-172,12350391111,12350391112,8.29,tertiary_link,0.4371,MODERATE,0.265,0.132,0.5259,0.3671,5,1,0,0.167,T+90min,,T+90min,T+90min,6
651,R-173,12350391112,12350391111,8.29,tertiary_link,0.4371,MODERATE,0.265,0.132,0.5259,0.3671,5,1,0,0.167,T+90min,,T+90min,T+90min,6
652,R-661,13621886869,13621886870,36.93,residential,0.437,MODERATE,0.259,0.121,0.5316,0.3762,5,1,0,0.167,T+90min,,T+90min,T+90min,6
653,R-664,13621886870,13621886869,36.93,residential,0.437,MODERATE,0.259,0.121,0.5316,0.3762,5,1,0,0.167,T+90min,,T+90min,T+90min,6
654,R-433,13618374671,13618374677,45.51,residential,0.4368,MODERATE,0.24,0.117,0.5503,0.4063,6,1,0,0.167,T+90min,,T+90min,T+90min,6
655,R-439,13618374677,13618374671,45.51,residential,0.4368,MODERATE,0.24,0.117,0.5503,0.4063,6,1,0,0.167,T+90min,,T+90min,T+90min,6
656,R-151,11976374939,245666426,36.9,tertiary,0.4367,MODERATE,0.246,0.119,0.5441,0.3965,5,1,0,0.167,T+90min,,T+90min,T+90min,6
657,R-131,11046205760,13622492459,27.53,residential,0.4366,MODERATE,0.265,0.128,0.5249,0.3655,5,1,0,0.167,T+90min,,T+90min,T+90min,6
658,R-721,13622492459,11046205760,27.53,residential,0.4366,MODERATE,0.265,0.128,0.5249,0.3655,5,1,0,0.167,T+90min,,T+90min,T+90min,6
659,R-777,13638535652,13638535654,45.47,residential,0.4354,MODERATE,0.265,0.119,0.5225,0.3637,5,1,0,0.167,T+90min,,T+90min,T+90min,6
660,R-780,13638535654,13638535652,45.47,residential,0.4354,MODERATE,0.265,0.119,0.5225,0.3637,5,1,0,0.167,T+90min,,T+90min,T+90min,6
661,R-1268,5911310878,10384248274,36.52,trunk,0.4349,MODERATE,0.247,0.119,0.5394,0.3914,5,1,0,0.167,T+90min,,T+90min,T+90min,6
662,R-171,12350391111,10294725029,8.95,tertiary,0.4347,MODERATE,0.264,0.13,0.522,0.3636,5,1,0,0.167,T+90min,,T+90min,T+90min,6
663,R-1051,245667764,2244637021,103.45,residential,0.4341,MODERATE,0.256,0.121,0.5288,0.375,5,1,0,0.167,T+90min,,T+90min,T+90min,6
664,R-916,2244637021,245667764,103.45,residential,0.4341,MODERATE,0.256,0.121,0.5288,0.375,5,1,0,0.167,T+90min,,T+90min,T+90min,6
665,R-1496,9469495781,2897024627,388.68,secondary,0.434,MODERATE,0.251,0.11,0.5336,0.3828,5,1,0,0.167,T+90min,,T+90min,T+90min,6
666,R-787,13638535661,245666446,65.41,residential,0.4339,MODERATE,0.26,0.124,0.5245,0.3687,5,1,0,0.167,T+90min,,T+90min,T+90min,6
667,R-996,245666446,13638535661,65.41,residential,0.4339,MODERATE,0.26,0.124,0.5245,0.3687,5,1,0,0.167,T+90min,,T+90min,T+90min,6
668,R-790,13638535670,245666446,97.55,residential,0.4339,MODERATE,0.258,0.119,0.5264,0.3716,5,1,0,0.167,T+90min,,T+90min,T+90min,6
669,R-997,245666446,13638535670,97.55,residential,0.4339,MODERATE,0.258,0.119,0.5264,0.3716,5,1,0,0.167,T+90min,,T+90min,T+90min,6
670,R-440,13618374677,13618374681,71.66,residential,0.4333,MODERATE,0.238,0.115,0.5452,0.4026,6,1,0,0.167,T+90min,,T+90min,T+90min,6
671,R-444,13618374681,13618374677,71.66,residential,0.4333,MODERATE,0.238,0.115,0.5452,0.4026,6,1,0,0.167,T+90min,,T+90min,T+90min,6
672,R-1430,6926279717,13798210735,15.95,residential,0.4332,MODERATE,0.263,0.127,0.5201,0.3623,5,1,0,0.167,T+90min,,T+90min,T+90min,6
673,R-857,13798210735,6926279717,15.95,residential,0.4332,MODERATE,0.263,0.127,0.5201,0.3623,5,1,0,0.167,T+90min,,T+90min,T+90min,6
674,R-1288,622042581,12406085638,23.16,trunk,0.4328,MODERATE,0.262,0.127,0.5202,0.363,5,1,0,0.167,T+90min,,T+90min,T+90min,6
675,R-978,245666323,245666367,64.51,residential,0.4325,MODERATE,0.262,0.112,0.5196,0.3624,5,1,0,0.167,T+90min,,T+90min,T+90min,6
676,R-984,245666367,245666323,64.51,residential,0.4325,MODERATE,0.262,0.112,0.5196,0.3624,5,1,0,0.167,T+90min,,T+90min,T+90min,6
677,R-035,10294725029,13638535682,24.64,residential,0.4322,MODERATE,0.262,0.128,0.519,0.3618,5,1,0,0.167,T+90min,,T+90min,T+90min,6
678,R-799,13638535682,10294725029,24.64,residential,0.4322,MODERATE,0.262,0.128,0.519,0.3618,5,1,0,0.167,T+90min,,T+90min,T+90min,6
679,R-794,13638535675,13638535679,46.38,residential,0.432,MODERATE,0.252,0.12,0.5287,0.3775,5,1,0,0.167,T+90min,,T+90min,T+90min,6
680,R-795,13638535679,13638535675,46.38,residential,0.432,MODERATE,0.252,0.12,0.5287,0.3775,5,1,0,0.167,T+90min,,T+90min,T+90min,6
681,R-029,10279771626,2897024777,70.02,tertiary,0.431,MODERATE,0.255,0.124,0.5236,0.3706,5,1,0,0.167,T+90min,,T+90min,T+90min,6
682,R-390,13617550928,13617550926,86.76,tertiary,0.4308,MODERATE,0.258,0.106,0.5203,0.3655,5,1,0,0.167,T+90min,,T+90min,T+90min,6
683,R-1035,245667423,622060792,187.57,residential,0.4303,MODERATE,0.261,0.104,0.5162,0.3598,5,1,0,0.167,T+90min,,T+90min,T+90min,6
684,R-1292,622060792,245667423,187.57,residential,0.4303,MODERATE,0.261,0.104,0.5162,0.3598,5,1,0,0.167,T+90min,,T+90min,T+90min,6
685,R-1261,5911310869,1375251567,430.52,tertiary,0.43,MODERATE,0.258,0.105,0.5186,0.3638,5,1,0,0.167,T+90min,,T+90min,T+90min,6
686,R-847,1375251567,5911310869,430.52,tertiary,0.43,MODERATE,0.258,0.105,0.5186,0.3638,5,1,0,0.167,T+90min,,T+90min,T+90min,6
687,R-434,13618374671,13618374681,26.7,residential,0.4292,MODERATE,0.24,0.114,0.535,0.391,5,1,0,0.167,T+90min,,T+90min,T+90min,6
688,R-442,13618374681,13618374671,26.7,residential,0.4292,MODERATE,0.24,0.114,0.535,0.391,5,1,0,0.167,T+90min,,T+90min,T+90min,6
689,R-389,13617550927,13617550929,85.37,tertiary,0.4284,MODERATE,0.255,0.108,0.5184,0.3654,5,1,0,0.167,T+90min,,T+90min,T+90min,6
690,R-432,13618374671,13618374676,66.12,residential,0.4261,MODERATE,0.242,0.114,0.5268,0.3818,5,1,0,0.167,T+90min,,T+90min,T+90min,6
691,R-435,13618374676,13618374671,66.12,residential,0.4261,MODERATE,0.242,0.114,0.5268,0.3818,5,1,0,0.167,T+90min,,T+90min,T+90min,6
692,R-106,10925931740,13619485519,10.53,residential,0.4259,MODERATE,0.255,0.126,0.5135,0.3605,5,1,0,0.167,T+90min,,T+90min,T+90min,6
693,R-574,13619485519,10925931740,10.53,residential,0.4259,MODERATE,0.255,0.126,0.5135,0.3605,5,1,0,0.167,T+90min,,T+90min,T+90min,6
694,R-658,13621886865,13621886870,28.86,tertiary,0.4255,MODERATE,0.244,0.12,0.5237,0.3773,5,1,0,0.167,T+90min,,T+90min,T+90min,6
695,R-663,13621886870,13621886865,28.86,tertiary,0.4255,MODERATE,0.244,0.12,0.5237,0.3773,5,1,0,0.167,T+90min,,T+90min,T+90min,6
696,R-194,12406104883,5911310878,221.94,trunk,0.4246,MODERATE,0.247,0.11,0.5188,0.3708,5,1,0,0.167,T+90min,,T+90min,T+90min,6
697,R-102,10925931739,11046205760,18.27,residential,0.4242,MODERATE,0.254,0.125,0.5111,0.3587,5,1,0,0.167,T+90min,,T+90min,T+90min,6
698,R-129,11046205760,10925931739,18.27,residential,0.4242,MODERATE,0.254,0.125,0.5111,0.3587,5,1,0,0.167,T+90min,,T+90min,T+90min,6
699,R-103,10925931739,13619485526,8.68,residential,0.4238,MODERATE,0.254,0.125,0.5102,0.3578,5,1,0,0.167,T+90min,,T+90min,T+90min,6
700,R-577,13619485526,10925931739,8.68,residential,0.4238,MODERATE,0.254,0.125,0.5102,0.3578,5,1,0,0.167,T+90min,,T+90min,T+90min,6
701,R-982,245666351,245666385,23.02,residential,0.4235,MODERATE,0.246,0.119,0.5177,0.3701,5,1,0,0.167,T+90min,,T+90min,T+90min,6
702,R-990,245666385,245666351,23.02,residential,0.4235,MODERATE,0.246,0.119,0.5177,0.3701,5,1,0,0.167,T+90min,,T+90min,T+90min,6
703,R-576,13619485519,13619485526,7.17,residential,0.4234,MODERATE,0.254,0.125,0.5094,0.357,5,1,0,0.167,T+90min,,T+90min,T+90min,6
704,R-579,13619485526,13619485519,7.17,residential,0.4234,MODERATE,0.254,0.125,0.5094,0.357,5,1,0,0.167,T+90min,,T+90min,T+90min,6
705,R-1412,6554271024,2244637021,67.22,residential,0.4234,MODERATE,0.248,0.115,0.5154,0.3664,5,1,0,0.167,T+90min,,T+90min,T+90min,6
706,R-917,2244637021,6554271024,67.22,residential,0.4234,MODERATE,0.248,0.115,0.5154,0.3664,5,1,0,0.167,T+90min,,T+90min,T+90min,6
707,R-1347,6428811270,13621886865,42.25,tertiary,0.4226,MODERATE,0.248,0.12,0.5139,0.3653,5,1,0,0.167,T+90min,,T+90min,T+90min,6
708,R-659,13621886865,6428811270,42.25,tertiary,0.4226,MODERATE,0.248,0.12,0.5138,0.3652,5,1,0,0.167,T+90min,,T+90min,T+90min,6
709,R-1313,631507969,631525440,141.03,tertiary,0.4216,MODERATE,0.25,0.112,0.5098,0.36,5,1,0,0.167,T+90min,,T+90min,T+90min,6
710,R-1326,631525440,631507969,141.03,tertiary,0.4216,MODERATE,0.25,0.112,0.5098,0.36,5,1,0,0.167,T+90min,,T+90min,T+90min,6
711,R-1440,7365813760,13618414606,13.43,residential,0.4214,MODERATE,0.254,0.125,0.5055,0.3533,5,1,0,0.167,T+90min,,T+90min,T+90min,6
712,R-456,13618414606,7365813760,13.43,residential,0.4214,MODERATE,0.254,0.125,0.5055,0.3533,5,1,0,0.167,T+90min,,T+90min,T+90min,6
713,R-052,10696472306,13638535675,29.79,residential,0.4214,MODERATE,0.247,0.118,0.5124,0.3642,5,1,0,0.167,T+90min,,T+90min,T+90min,6
714,R-792,13638535675,10696472306,29.79,residential,0.4214,MODERATE,0.247,0.118,0.5124,0.3642,5,1,0,0.167,T+90min,,T+90min,T+90min,6
715,R-954,245666078,245666041,109.96,tertiary,0.4214,MODERATE,0.246,0.115,0.5135,0.3655,5,1,0,0.167,T+90min,,T+90min,T+90min,6
716,R-1322,631525434,631525440,138.0,tertiary,0.4199,MODERATE,0.25,0.106,0.5065,0.3567,5,1,0,0.167,T+90min,,T+90min,T+90min,6
717,R-1327,631525440,631525434,138.0,tertiary,0.4199,MODERATE,0.25,0.106,0.5065,0.3567,5,1,0,0.167,T+90min,,T+90min,T+90min,6
718,R-1158,2897024667,2897024687,75.77,tertiary,0.4189,MODERATE,0.239,0.11,0.5155,0.3723,5,1,0,0.167,T+90min,,T+90min,T+90min,6
719,R-1144,2897024642,476480258,98.6,tertiary,0.4158,MODERATE,0.241,0.102,0.5072,0.3626,5,1,0,0.167,T+90min,,T+90min,T+90min,6
720,R-1244,476480258,2897024642,98.6,tertiary,0.4158,MODERATE,0.241,0.102,0.5072,0.3626,5,1,0,0.167,T+90min,,T+90min,T+90min,6
721,R-041,10564373799,10564373800,16.79,residential,0.4151,MODERATE,0.239,0.116,0.5078,0.3646,5,1,0,0.167,T+90min,,T+90min,T+90min,6
722,R-043,10564373800,10564373799,16.79,residential,0.4151,MODERATE,0.239,0.116,0.5078,0.3646,5,1,0,0.167,T+90min,,T+90min,T+90min,6
723,R-1119,2897024594,476489029,208.98,tertiary,0.4138,MODERATE,0.237,0.098,0.5072,0.3648,5,1,0,0.167,T+90min,,T+90min,T+90min,6
724,R-051,10696472306,13638535670,39.79,residential,0.4134,MODERATE,0.239,0.118,0.5044,0.361,5,1,0,0.167,T+90min,,T+90min,T+90min,6
725,R-788,13638535670,10696472306,39.79,residential,0.4134,MODERATE,0.239,0.118,0.5044,0.361,5,1,0,0.167,T+90min,,T+90min,T+90min,6
726,R-212,13408237102,13408237104,42.66,residential,0.413,MODERATE,0.239,0.114,0.5036,0.3604,5,1,0,0.167,T+90min,,T+90min,T+90min,6
727,R-215,13408237104,13408237102,42.66,residential,0.413,MODERATE,0.239,0.114,0.5036,0.3604,5,1,0,0.167,T+90min,,T+90min,T+90min,6
728,R-789,13638535670,13638535674,53.61,residential,0.4127,MODERATE,0.24,0.117,0.502,0.3578,5,1,0,0.167,T+90min,,T+90min,T+90min,6
729,R-791,13638535674,13638535670,53.61,residential,0.4127,MODERATE,0.24,0.117,0.502,0.3578,5,1,0,0.167,T+90min,,T+90min,T+90min,6
730,R-683,13622308166,13622308171,39.49,residential,0.4116,MODERATE,0.233,0.109,0.5068,0.3666,5,1,0,0.167,T+90min,,T+90min,T+90min,6
731,R-686,13622308171,13622308166,39.49,residential,0.4116,MODERATE,0.233,0.109,0.5068,0.3666,5,1,0,0.167,T+90min,,T+90min,T+90min,6
732,R-1271,5911310880,13618374670,65.19,residential,0.4077,MODERATE,0.232,0.112,0.5,0.3608,5,1,0,0.167,T+90min,,T+90min,T+90min,6
733,R-431,13618374670,5911310880,65.19,residential,0.4077,MODERATE,0.232,0.112,0.5,0.3608,5,1,0,0.167,T+90min,,T+90min,T+90min,6
734,R-1444,7365871208,13617550915,7.27,tertiary_link,0.3768,MODERATE,0.254,0.121,0.4997,0.3473,5,0,0,0.0,,,T+90min,T+90min,6
735,R-384,13617550915,7365871208,7.27,tertiary_link,0.3768,MODERATE,0.254,0.121,0.4997,0.3473,5,0,0,0.0,,,T+90min,T+90min,6
736,R-505,13619318866,7365871208,6.89,tertiary,0.3765,MODERATE,0.254,0.121,0.4991,0.3467,5,0,0,0.0,,,T+90min,T+90min,6
737,R-252,13614466650,13614466653,18.75,residential,0.3763,MODERATE,0.253,0.12,0.4996,0.3482,5,0,0,0.0,,,T+90min,T+90min,6
738,R-255,13614466653,13614466650,18.75,residential,0.3763,MODERATE,0.253,0.12,0.4996,0.3482,5,0,0,0.0,,,T+90min,T+90min,6
739,R-107,10925931740,13619485526,12.82,residential,0.3727,MODERATE,0.246,0.122,0.4994,0.3518,5,0,0,0.0,,,T+90min,T+90min,6
740,R-578,13619485526,10925931740,12.82,residential,0.3727,MODERATE,0.246,0.122,0.4994,0.3518,5,0,0,0.0,,,T+90min,T+90min,6
741,R-127,11046205759,11046205760,20.9,residential,0.3723,MODERATE,0.246,0.12,0.4986,0.351,5,0,0,0.0,,,T+90min,T+90min,6
742,R-130,11046205760,11046205759,20.9,residential,0.3723,MODERATE,0.246,0.12,0.4986,0.351,5,0,0,0.0,,,T+90min,T+90min,6
743,R-135,11047597219,13619318852,25.35,residential,0.3712,MODERATE,0.248,0.117,0.4943,0.3453,5,0,0,0.0,,,T+90min,T+90min,6
744,R-492,13619318852,11047597219,25.35,residential,0.3712,MODERATE,0.248,0.117,0.4943,0.3453,5,0,0,0.0,,,T+90min,T+90min,6
745,R-1226,4342420383,6491091371,90.34,residential,0.3711,MODERATE,0.245,0.116,0.4972,0.35,5,0,0,0.0,,,T+90min,T+90min,6
746,R-1376,6491091371,4342420383,90.34,residential,0.3711,MODERATE,0.245,0.116,0.4972,0.35,5,0,0,0.0,,,T+90min,T+90min,6
747,R-1201,2897024866,2897024865,42.35,trunk,0.37,MODERATE,0.245,0.115,0.4949,0.3479,5,0,0,0.0,,,T+90min,T+90min,6
748,R-1428,6926279717,13798210723,56.29,residential,0.3675,MODERATE,0.246,0.118,0.489,0.3414,5,0,0,0.0,,,T+90min,T+90min,6
749,R-850,13798210723,6926279717,56.29,residential,0.3675,MODERATE,0.246,0.118,0.489,0.3414,5,0,0,0.0,,,T+90min,T+90min,6
750,R-1200,2897024866,13619457125,9.61,trunk_link,0.3673,MODERATE,0.245,0.114,0.4896,0.3426,5,0,0,0.0,,,T+90min,T+90min,6
751,R-038,10384248274,2897024866,30.44,trunk,0.367,MODERATE,0.245,0.115,0.489,0.342,5,0,0,0.0,,,T+90min,T+90min,6
752,R-213,13408237102,2244637007,132.8,residential,0.3666,MODERATE,0.248,0.089,0.4852,0.3366,5,0,0,0.0,,,T+90min,T+90min,6
753,R-905,2244637007,13408237102,132.8,residential,0.3666,MODERATE,0.248,0.089,0.4852,0.3366,5,0,0,0.0,,,T+90min,T+90min,6
754,R-227,13503191895,13503253504,105.22,residential,0.3661,MODERATE,0.239,0.107,0.4931,0.3499,5,0,0,0.0,,,T+90min,T+90min,6
755,R-229,13503253504,13503191895,105.22,residential,0.366,MODERATE,0.239,0.107,0.4931,0.3499,5,0,0,0.0,,,T+90min,T+90min,6
756,R-1385,6554206834,2244637026,113.08,residential,0.3659,MODERATE,0.242,0.103,0.4898,0.3448,5,0,0,0.0,,,T+90min,T+90min,6
757,R-920,2244637026,6554206834,113.08,residential,0.3659,MODERATE,0.242,0.103,0.4898,0.3448,5,0,0,0.0,,,T+90min,T+90min,6
758,R-1124,2897024596,2897024594,104.69,tertiary,0.3658,MODERATE,0.237,0.112,0.4946,0.3524,5,0,0,0.0,,,T+90min,T+90min,6
759,R-097,10924277272,12756633089,92.32,residential,0.3652,MODERATE,0.248,0.108,0.4824,0.3338,5,0,0,0.0,,,T+90min,T+90min,6
760,R-203,12756633089,10924277272,92.32,residential,0.3652,MODERATE,0.248,0.108,0.4824,0.3338,5,0,0,0.0,,,T+90min,T+90min,6
761,R-327,13617067002,245666077,5.65,tertiary_link,0.365,MODERATE,0.235,0.115,0.495,0.354,5,0,0,0.0,,,T+90min,T+90min,6
762,R-953,245666077,13617067002,5.65,tertiary_link,0.365,MODERATE,0.235,0.115,0.495,0.354,5,0,0,0.0,,,T+90min,T+90min,6
763,R-774,13638530342,245666351,13.01,residential,0.3638,MODERATE,0.232,0.116,0.4955,0.3563,5,0,0,0.0,,,T+90min,T+90min,6
764,R-981,245666351,13638530342,13.01,residential,0.3638,MODERATE,0.232,0.116,0.4955,0.3563,5,0,0,0.0,,,T+90min,T+90min,6
765,R-1449,7366246698,6490591813,48.04,trunk,0.3632,MODERATE,0.255,0.102,0.4714,0.3184,4,0,0,0.0,,,T+90min,T+90min,6
766,R-952,245666077,10091403659,64.63,tertiary,0.363,MODERATE,0.235,0.104,0.4909,0.3499,5,0,0,0.0,,,T+90min,T+90min,6
767,R-1377,6491091371,6491091372,31.64,residential,0.3626,MODERATE,0.245,0.11,0.4802,0.333,5,0,0,0.0,,,T+90min,T+90min,6
768,R-1379,6491091372,6491091371,31.64,residential,0.3626,MODERATE,0.245,0.11,0.4802,0.333,5,0,0,0.0,,,T+90min,T+90min,6
769,R-1223,3803645219,6428617352,8.08,residential,0.3606,MODERATE,0.235,0.117,0.4862,0.3452,5,0,0,0.0,,,T+90min,T+90min,6
770,R-1333,6428617352,3803645219,8.08,residential,0.3606,MODERATE,0.235,0.117,0.4862,0.3452,5,0,0,0.0,,,T+90min,T+90min,6
771,R-874,13798296277,13798296287,13.51,residential,0.3604,MODERATE,0.235,0.115,0.4858,0.3448,5,0,0,0.0,,,T+90min,T+90min,6
772,R-878,13798296287,13798296277,13.51,residential,0.3604,MODERATE,0.235,0.115,0.4858,0.3448,5,0,0,0.0,,,T+90min,T+90min,6
773,R-424,13618374655,13618374664,69.05,residential,0.3603,MODERATE,0.223,0.111,0.4976,0.3638,5,0,0,0.0,,,T+90min,T+90min,6
774,R-430,13618374664,13618374655,69.05,residential,0.3603,MODERATE,0.223,0.111,0.4976,0.3638,5,0,0,0.0,,,T+90min,T+90min,6
775,R-128,11046205759,13622492455,2.71,residential,0.3599,MODERATE,0.235,0.117,0.4848,0.3438,5,0,0,0.0,,,T+90min,T+90min,6
776,R-718,13622492455,11046205759,2.71,residential,0.3599,MODERATE,0.235,0.117,0.4848,0.3438,5,0,0,0.0,,,T+90min,T+90min,6
777,R-1245,476480258,476480287,306.86,tertiary,0.3588,MODERATE,0.226,0.085,0.4916,0.3558,5,0,0,0.0,,,T+90min,T+90min,6
778,R-1247,476480287,476480258,306.86,tertiary,0.3588,MODERATE,0.226,0.085,0.4916,0.3558,5,0,0,0.0,,,T+90min,T+90min,6
779,R-1471,7404711477,11368130746,113.44,residential,0.3585,MODERATE,0.223,0.106,0.494,0.3602,5,0,0,0.0,,,T+90min,T+90min,6
780,R-149,11368130746,7404711477,113.44,residential,0.3585,MODERATE,0.223,0.106,0.494,0.3602,5,0,0,0.0,,,T+90min,T+90min,6
781,R-125,11046205758,11046205759,24.89,residential,0.3583,MODERATE,0.235,0.112,0.4815,0.3405,5,0,0,0.0,,,T+90min,T+90min,6
782,R-126,11046205759,11046205758,24.89,residential,0.3583,MODERATE,0.235,0.112,0.4815,0.3405,5,0,0,0.0,,,T+90min,T+90min,6
783,R-719,13622492455,13622492455,70.2,residential,0.3581,MODERATE,0.235,0.111,0.4812,0.3402,5,0,0,0.0,,,T+90min,T+90min,6
784,R-720,13622492455,13622492455,70.2,residential,0.3581,MODERATE,0.235,0.111,0.4812,0.3402,5,0,0,0.0,,,T+90min,T+90min,6
785,R-1159,2897024676,245666426,12.12,tertiary,0.3581,MODERATE,0.221,0.108,0.4952,0.3626,5,0,0,0.0,,,T+90min,T+90min,6
786,R-036,10316548327,6428793085,65.39,residential,0.3577,MODERATE,0.223,0.1,0.4924,0.3586,5,0,0,0.0,,,T+90min,T+90min,6
787,R-1337,6428793085,10316548327,65.39,residential,0.3577,MODERATE,0.223,0.1,0.4924,0.3586,5,0,0,0.0,,,T+90min,T+90min,6
788,R-1133,2897024623,245666274,233.6,secondary,0.3568,MODERATE,0.239,0.08,0.4745,0.3309,5,0,0,0.0,,,T+90min,T+90min,6
789,R-1320,631525434,2897024676,72.3,tertiary,0.3566,MODERATE,0.224,0.106,0.4892,0.355,5,0,0,0.0,,,T+90min,T+90min,6
790,R-193,12406104883,12406104884,28.17,trunk_link,0.3565,MODERATE,0.223,0.112,0.4901,0.3563,5,0,0,0.0,,,T+90min,T+90min,6
791,R-195,12406104884,12406104883,28.17,trunk_link,0.3565,MODERATE,0.223,0.112,0.4901,0.3563,5,0,0,0.0,,,T+90min,T+90min,6
792,R-198,12406104885,13618374677,76.32,residential,0.3563,MODERATE,0.228,0.111,0.4846,0.3478,5,0,0,0.0,,,T+90min,T+90min,6
793,R-438,13618374677,12406104885,76.32,residential,0.3563,MODERATE,0.228,0.111,0.4846,0.3478,5,0,0,0.0,,,T+90min,T+90min,6
794,R-1332,6428617352,13616287395,36.02,tertiary,0.3559,MODERATE,0.235,0.104,0.4768,0.3358,5,0,0,0.0,,,T+90min,T+90min,6
795,R-871,13798296276,13798296277,6.17,residential,0.3557,MODERATE,0.23,0.115,0.4815,0.3433,5,0,0,0.0,,,T+90min,T+90min,6
796,R-873,13798296277,13798296276,6.17,residential,0.3557,MODERATE,0.23,0.115,0.4815,0.3433,5,0,0,0.0,,,T+90min,T+90min,6
797,R-1176,2897024713,3803645219,36.4,tertiary,0.3554,MODERATE,0.235,0.104,0.4758,0.3348,5,0,0,0.0,,,T+90min,T+90min,6
798,R-1289,622042582,2897024865,10.89,trunk,0.3553,MODERATE,0.237,0.108,0.4735,0.3313,5,0,0,0.0,,,T+90min,T+90min,6
799,R-426,13618374656,13618374657,15.18,residential,0.355,MODERATE,0.222,0.111,0.488,0.3546,5,0,0,0.0,,,T+90min,T+90min,6
800,R-428,13618374657,13618374656,15.18,residential,0.355,MODERATE,0.222,0.111,0.488,0.3546,5,0,0,0.0,,,T+90min,T+90min,6
801,R-049,10653501375,245666351,155.72,residential,0.354,MODERATE,0.239,0.091,0.469,0.3256,5,0,0,0.0,,,T+90min,T+90min,6
802,R-980,245666351,10653501375,155.72,residential,0.354,MODERATE,0.239,0.091,0.469,0.3256,5,0,0,0.0,,,T+90min,T+90min,6
803,R-994,245666426,12311766936,10.15,tertiary,0.354,MODERATE,0.221,0.104,0.487,0.3544,5,0,0,0.0,,,T+90min,T+90min,6
804,R-1074,245668038,4342420515,64.09,residential,0.3536,MODERATE,0.242,0.086,0.4651,0.3199,5,0,0,0.0,,,T+90min,T+90min,6
805,R-1232,4342420515,245668038,64.09,residential,0.3536,MODERATE,0.242,0.086,0.4651,0.3199,5,0,0,0.0,,,T+90min,T+90min,6
806,R-682,13622308166,13622308171,26.02,tertiary,0.3534,MODERATE,0.223,0.104,0.4838,0.35,5,0,0,0.0,,,T+90min,T+90min,6
807,R-685,13622308171,13622308166,26.02,tertiary,0.3534,MODERATE,0.223,0.104,0.4838,0.35,5,0,0,0.0,,,T+90min,T+90min,6
808,R-1448,7366246698,622042582,13.71,trunk,0.3531,MODERATE,0.237,0.108,0.4691,0.3269,5,0,0,0.0,,,T+90min,T+90min,6
809,R-1233,4342420515,621966589,353.9,secondary,0.3524,MODERATE,0.242,0.082,0.4628,0.3176,4,0,0,0.0,,,T+90min,T+90min,6
810,R-1273,621966589,4342420515,353.9,secondary,0.3524,MODERATE,0.242,0.082,0.4628,0.3176,4,0,0,0.0,,,T+90min,T+90min,6
811,R-1014,245666830,245666882,247.89,tertiary,0.3518,MODERATE,0.229,0.087,0.4747,0.3371,5,0,0,0.0,,,T+90min,T+90min,6
812,R-1112,2897024517,2897024636,404.85,tertiary,0.3517,MODERATE,0.229,0.085,0.4744,0.337,5,0,0,0.0,,,T+90min,T+90min,6
813,R-1033,245667423,13798296276,46.96,trunk,0.3516,MODERATE,0.23,0.104,0.4732,0.335,5,0,0,0.0,,,T+90min,T+90min,6
814,R-499,13619318854,13621886870,97.18,tertiary,0.3509,MODERATE,0.231,0.098,0.4708,0.3326,5,0,0,0.0,,,T+90min,T+90min,6
815,R-662,13621886870,13619318854,97.18,tertiary,0.3509,MODERATE,0.231,0.098,0.4708,0.3326,5,0,0,0.0,,,T+90min,T+90min,6
816,R-148,11271580571,13617067002,61.72,tertiary,0.3508,MODERATE,0.226,0.101,0.4757,0.3399,5,0,0,0.0,,,T+90min,T+90min,6
817,R-649,13621749595,13621749598,17.1,residential,0.3506,MODERATE,0.23,0.115,0.4713,0.3335,5,0,0,0.0,,,T+90min,T+90min,6
818,R-651,13621749598,13621749595,17.1,residential,0.3506,MODERATE,0.23,0.115,0.4713,0.3335,5,0,0,0.0,,,T+90min,T+90min,6
819,R-423,13618374655,13618374657,21.38,residential,0.3506,MODERATE,0.221,0.11,0.4802,0.3476,5,0,0,0.0,,,T+90min,T+90min,6
820,R-427,13618374657,13618374655,21.38,residential,0.3506,MODERATE,0.221,0.11,0.4802,0.3476,5,0,0,0.0,,,T+90min,T+90min,6
821,R-872,13798296276,13798296286,48.23,trunk,0.3505,MODERATE,0.23,0.105,0.471,0.3328,5,0,0,0.0,,,T+90min,T+90min,6
822,R-959,245666158,13619318866,23.09,tertiary,0.3495,MODERATE,0.233,0.105,0.466,0.3258,5,0,0,0.0,,,T+90min,T+90min,6
823,R-1091,245668277,1375251567,150.21,tertiary,0.3494,MODERATE,0.228,0.102,0.4709,0.3341,5,0,0,0.0,,,T+90min,T+90min,6
824,R-846,1375251567,245668277,150.21,tertiary,0.3494,MODERATE,0.228,0.102,0.4709,0.3341,5,0,0,0.0,,,T+90min,T+90min,6
825,R-1251,5424387223,5424387232,182.28,residential,0.3492,MODERATE,0.226,0.094,0.4725,0.3367,5,0,0,0.0,,,T+90min,T+90min,6
826,R-1252,5424387232,5424387223,182.28,residential,0.3492,MODERATE,0.226,0.094,0.4725,0.3367,5,0,0,0.0,,,T+90min,T+90min,6
827,R-217,13408237104,13503191895,25.54,residential,0.3489,MODERATE,0.219,0.102,0.4788,0.3474,5,0,0,0.0,,,T+90min,T+90min,6
828,R-226,13503191895,13408237104,25.54,residential,0.3489,MODERATE,0.219,0.102,0.4788,0.3474,5,0,0,0.0,,,T+90min,T+90min,6
829,R-1270,5911310880,13618374657,39.28,residential,0.3488,MODERATE,0.22,0.106,0.4777,0.3457,5,0,0,0.0,,,T+90min,T+90min,6
830,R-429,13618374657,5911310880,39.28,residential,0.3488,MODERATE,0.22,0.106,0.4777,0.3457,5,0,0,0.0,,,T+90min,T+90min,6
831,R-1472,7404711477,13617327485,52.26,residential,0.3488,MODERATE,0.22,0.106,0.4776,0.3454,5,0,0,0.0,,,T+90min,T+90min,6
832,R-367,13617327485,7404711477,52.26,residential,0.3488,MODERATE,0.22,0.106,0.4776,0.3454,5,0,0,0.0,,,T+90min,T+90min,6
833,R-216,13408237104,13408237105,47.79,residential,0.3486,MODERATE,0.224,0.102,0.4733,0.3391,5,0,0,0.0,,,T+90min,T+90min,6
834,R-218,13408237105,13408237104,47.79,residential,0.3486,MODERATE,0.224,0.102,0.4733,0.3391,5,0,0,0.0,,,T+90min,T+90min,6
835,R-253,13614466650,13614466656,25.02,residential,0.3485,MODERATE,0.232,0.11,0.465,0.3258,5,0,0,0.0,,,T+90min,T+90min,6
836,R-256,13614466656,13614466650,25.02,residential,0.3485,MODERATE,0.232,0.11,0.465,0.3258,5,0,0,0.0,,,T+90min,T+90min,6
837,R-652,13621749598,13621749599,11.9,residential,0.3485,MODERATE,0.23,0.112,0.4669,0.3291,5,0,0,0.0,,,T+90min,T+90min,6
838,R-655,13621749599,13621749598,11.9,residential,0.3485,MODERATE,0.23,0.112,0.4669,0.3291,5,0,0,0.0,,,T+90min,T+90min,6
839,R-1249,476488948,245666337,202.37,unclassified,0.3484,MODERATE,0.217,0.101,0.4798,0.3494,5,0,0,0.0,,,T+90min,T+90min,6
840,R-1089,245668277,13619239367,186.93,tertiary,0.3483,MODERATE,0.228,0.114,0.4686,0.3318,5,0,0,0.0,,,T+90min,T+90min,6
841,R-473,13619239367,245668277,186.93,tertiary,0.3483,MODERATE,0.228,0.114,0.4686,0.3318,5,0,0,0.0,,,T+90min,T+90min,6
842,R-019,10265662124,12406104883,82.88,trunk,0.3475,MODERATE,0.223,0.105,0.472,0.3382,5,0,0,0.0,,,T+90min,T+90min,6
843,R-137,11054614468,11054614468,200.97,residential,0.3474,MODERATE,0.223,0.101,0.4719,0.3381,5,0,0,0.0,,,T+90min,T+90min,6
844,R-138,11054614468,11054614468,200.97,residential,0.3474,MODERATE,0.223,0.101,0.4719,0.3381,5,0,0,0.0,,,T+90min,T+90min,6
845,R-494,13619318852,245666191,13.1,residential,0.3472,MODERATE,0.229,0.112,0.4654,0.3278,5,0,0,0.0,,,T+90min,T+90min,6
846,R-964,245666191,13619318852,13.1,residential,0.3472,MODERATE,0.229,0.112,0.4654,0.3278,5,0,0,0.0,,,T+90min,T+90min,6
847,R-254,13614466650,13614467518,4.31,residential,0.3472,MODERATE,0.228,0.114,0.4663,0.3295,5,0,0,0.0,,,T+90min,T+90min,6
848,R-257,13614467518,13614466650,4.31,residential,0.3472,MODERATE,0.228,0.114,0.4663,0.3295,5,0,0,0.0,,,T+90min,T+90min,6
849,R-778,13638535652,245666190,74.18,residential,0.3472,MODERATE,0.223,0.107,0.4715,0.3377,5,0,0,0.0,,,T+90min,T+90min,6
850,R-961,245666190,13638535652,74.18,residential,0.3472,MODERATE,0.223,0.107,0.4715,0.3377,5,0,0,0.0,,,T+90min,T+90min,6
851,R-881,13798296288,13815611429,23.66,residential,0.3467,MODERATE,0.228,0.108,0.4654,0.3286,5,0,0,0.0,,,T+90min,T+90min,6
852,R-888,13815611429,13798296288,23.66,residential,0.3467,MODERATE,0.228,0.108,0.4654,0.3286,5,0,0,0.0,,,T+90min,T+90min,6
853,R-1148,2897024651,245666371,171.79,tertiary,0.3466,MODERATE,0.226,0.079,0.4673,0.3315,5,0,0,0.0,,,T+90min,T+90min,6
854,R-383,13617550915,245666158,28.38,tertiary,0.3463,MODERATE,0.23,0.104,0.4626,0.3248,5,0,0,0.0,,,T+90min,T+90min,6
855,R-1156,2897024660,9771116360,47.48,residential,0.3462,MODERATE,0.227,0.103,0.4654,0.3292,5,0,0,0.0,,,T+90min,T+90min,6
856,R-1510,9771116360,2897024660,47.48,residential,0.3461,MODERATE,0.227,0.103,0.4651,0.3289,5,0,0,0.0,,,T+90min,T+90min,6
857,R-1021,245666882,2897024660,92.96,tertiary,0.3459,MODERATE,0.225,0.102,0.4669,0.3321,5,0,0,0.0,,,T+90min,T+90min,6
858,R-1155,2897024660,245666882,92.96,tertiary,0.3459,MODERATE,0.225,0.102,0.4669,0.3321,5,0,0,0.0,,,T+90min,T+90min,6
859,R-1342,6428811261,6428811270,9.52,tertiary,0.3458,MODERATE,0.224,0.109,0.4675,0.3331,5,0,0,0.0,,,T+90min,T+90min,6
860,R-1349,6428811270,6428811261,9.52,tertiary,0.3458,MODERATE,0.224,0.109,0.4675,0.3331,5,0,0,0.0,,,T+90min,T+90min,6
861,R-220,13433910625,2804481652,96.83,trunk,0.3458,MODERATE,0.223,0.102,0.4687,0.3349,5,0,0,0.0,,,T+90min,T+90min,6
862,R-490,13619318851,13619318852,35.19,residential,0.3454,MODERATE,0.229,0.105,0.4618,0.3242,5,0,0,0.0,,,T+90min,T+90min,6
863,R-493,13619318852,13619318851,35.19,residential,0.3454,MODERATE,0.229,0.105,0.4618,0.3242,5,0,0,0.0,,,T+90min,T+90min,6
864,R-1090,245668277,13621749581,25.79,residential,0.345,MODERATE,0.228,0.108,0.4619,0.3251,5,0,0,0.0,,,T+90min,T+90min,6
865,R-639,13621749581,245668277,25.79,residential,0.345,MODERATE,0.228,0.108,0.4619,0.3251,5,0,0,0.0,,,T+90min,T+90min,6
866,R-1172,2897024710,2897024695,247.3,tertiary,0.3446,MODERATE,0.223,0.086,0.4663,0.3325,5,0,0,0.0,,,T+90min,T+90min,6
867,R-1218,3743617940,13614467518,37.51,residential,0.344,MODERATE,0.228,0.098,0.4601,0.3233,5,0,0,0.0,,,T+90min,T+90min,6
868,R-259,13614467518,3743617940,37.51,residential,0.344,MODERATE,0.228,0.098,0.4601,0.3233,5,0,0,0.0,,,T+90min,T+90min,6
869,R-1388,6554236425,6554236440,27.36,tertiary,0.3432,MODERATE,0.233,0.097,0.4534,0.3136,4,0,0,0.0,,,T+90min,T+90min,6
870,R-1394,6554236440,6554236425,27.36,tertiary,0.3432,MODERATE,0.233,0.097,0.4534,0.3136,4,0,0,0.0,,,T+90min,T+90min,6
871,R-1348,6428811270,245665874,16.3,tertiary,0.3426,MODERATE,0.222,0.106,0.4633,0.3299,5,0,0,0.0,,,T+90min,T+90min,6
872,R-020,10265662124,12406104885,13.21,residential,0.3416,MODERATE,0.22,0.109,0.4632,0.3312,5,0,0,0.0,,,T+90min,T+90min,6
873,R-197,12406104885,10265662124,13.21,residential,0.3416,MODERATE,0.22,0.109,0.4632,0.3312,5,0,0,0.0,,,T+90min,T+90min,6
874,R-1424,6598052694,7404711477,23.25,residential,0.3416,MODERATE,0.216,0.105,0.4673,0.3379,5,0,0,0.0,,,T+90min,T+90min,6
875,R-1473,7404711477,6598052694,23.25,residential,0.3416,MODERATE,0.216,0.105,0.4673,0.3379,5,0,0,0.0,,,T+90min,T+90min,6
876,R-436,13618374676,13618374681,42.66,residential,0.3416,MODERATE,0.216,0.106,0.4672,0.3376,5,0,0,0.0,,,T+90min,T+90min,6
877,R-443,13618374681,13618374676,42.66,residential,0.3416,MODERATE,0.216,0.106,0.4672,0.3376,5,0,0,0.0,,,T+90min,T+90min,6
878,R-1340,6428811261,12486614582,4.7,tertiary,0.3402,MODERATE,0.224,0.112,0.4564,0.322,5,0,0,0.0,,,T+90min,T+90min,6
879,R-200,12486614582,11187458034,9.33,tertiary,0.3402,MODERATE,0.224,0.112,0.4564,0.322,5,0,0,0.0,,,T+90min,T+90min,6
880,R-201,12486614582,6428811261,4.7,tertiary,0.3402,MODERATE,0.224,0.112,0.4564,0.322,5,0,0,0.0,,,T+90min,T+90min,6
881,R-202,12486614584,12486614582,7.27,tertiary,0.3402,MODERATE,0.224,0.112,0.4564,0.322,5,0,0,0.0,,,T+90min,T+90min,6
882,R-068,10696472349,245666190,28.07,residential,0.3396,MODERATE,0.22,0.106,0.4592,0.3272,5,0,0,0.0,,,T+90min,T+90min,6
883,R-960,245666190,10696472349,28.07,residential,0.3396,MODERATE,0.22,0.106,0.4592,0.3272,5,0,0,0.0,,,T+90min,T+90min,6
884,R-1296,622060802,622060872,141.73,residential,0.3395,MODERATE,0.223,0.112,0.4559,0.3221,5,0,0,0.0,,,T+90min,T+90min,6
885,R-1299,622060872,622060802,141.73,residential,0.3395,MODERATE,0.223,0.112,0.4559,0.3221,5,0,0,0.0,,,T+90min,T+90min,6
886,R-1143,2897024642,2897024644,139.0,tertiary,0.3392,MODERATE,0.219,0.084,0.4593,0.3281,5,0,0,0.0,,,T+90min,T+90min,6
887,R-233,13614337239,13614337241,98.86,residential,0.3388,MODERATE,0.227,0.081,0.4505,0.3145,4,0,0,0.0,,,T+90min,T+90min,6
888,R-236,13614337241,13614337239,98.86,residential,0.3388,MODERATE,0.227,0.081,0.4505,0.3145,4,0,0,0.0,,,T+90min,T+90min,6
889,R-421,13618374654,13618374655,19.09,residential,0.3388,MODERATE,0.214,0.106,0.4636,0.335,5,0,0,0.0,,,T+90min,T+90min,6
890,R-422,13618374655,13618374654,19.09,residential,0.3388,MODERATE,0.214,0.106,0.4636,0.335,5,0,0,0.0,,,T+90min,T+90min,6
891,R-1224,4342420383,2244637026,43.76,residential,0.3387,MODERATE,0.23,0.087,0.4474,0.309,4,0,0,0.0,,,T+90min,T+90min,6
892,R-919,2244637026,4342420383,43.76,residential,0.3387,MODERATE,0.23,0.087,0.4474,0.309,4,0,0,0.0,,,T+90min,T+90min,6
893,R-1157,2897024667,2897024676,9.67,tertiary,0.3387,MODERATE,0.211,0.103,0.4664,0.3394,5,0,0,0.0,,,T+90min,T+90min,6
894,R-176,12350446596,12350446597,7.21,tertiary_link,0.3385,MODERATE,0.213,0.105,0.464,0.336,5,0,0,0.0,,,T+90min,T+90min,6
895,R-178,12350446597,12350446596,7.21,tertiary_link,0.3385,MODERATE,0.213,0.105,0.464,0.336,5,0,0,0.0,,,T+90min,T+90min,6
896,R-947,245665874,6428811261,15.69,tertiary,0.3384,MODERATE,0.224,0.106,0.4529,0.3185,5,0,0,0.0,,,T+90min,T+90min,6
897,R-567,13619457122,13619457123,29.91,residential,0.3381,MODERATE,0.223,0.106,0.4533,0.3195,5,0,0,0.0,,,T+90min,T+90min,6
898,R-569,13619457123,13619457122,29.91,residential,0.3381,MODERATE,0.223,0.106,0.4533,0.3195,5,0,0,0.0,,,T+90min,T+90min,6
899,R-572,13619457125,7366246694,11.46,trunk_link,0.3375,MODERATE,0.218,0.108,0.457,0.3262,5,0,0,0.0,,,T+90min,T+90min,6
900,R-1422,6598052694,13618374655,16.18,residential,0.3375,MODERATE,0.214,0.105,0.461,0.3324,5,0,0,0.0,,,T+90min,T+90min,6
901,R-425,13618374655,6598052694,16.18,residential,0.3375,MODERATE,0.214,0.105,0.461,0.3324,5,0,0,0.0,,,T+90min,T+90min,6
902,R-1272,5911310880,13618374676,18.15,residential,0.3375,MODERATE,0.213,0.106,0.462,0.334,5,0,0,0.0,,,T+90min,T+90min,6
903,R-437,13618374676,5911310880,18.15,residential,0.3375,MODERATE,0.213,0.106,0.462,0.334,5,0,0,0.0,,,T+90min,T+90min,6
904,R-1062,245667958,245668141,125.66,residential,0.3368,MODERATE,0.216,0.097,0.4576,0.3282,5,0,0,0.0,,,T+90min,T+90min,6
905,R-1078,245668141,245667958,125.66,residential,0.3368,MODERATE,0.216,0.097,0.4576,0.3282,5,0,0,0.0,,,T+90min,T+90min,6
906,R-1136,2897024625,2897024642,223.77,tertiary,0.3367,MODERATE,0.202,0.091,0.4715,0.3503,5,0,0,0.0,,,T+90min,T+90min,6
907,R-669,13621901232,12350446596,51.38,tertiary,0.3365,MODERATE,0.213,0.096,0.4599,0.3319,5,0,0,0.0,,,T+90min,T+90min,6
908,R-1045,245667685,623895377,201.78,residential,0.3358,MODERATE,0.223,0.077,0.4486,0.3148,5,0,0,0.0,,,T+90min,T+90min,6
909,R-1300,623895377,245667685,201.78,residential,0.3358,MODERATE,0.223,0.077,0.4486,0.3148,5,0,0,0.0,,,T+90min,T+90min,6
910,R-1243,476480258,245666448,333.56,tertiary,0.3353,MODERATE,0.217,0.068,0.4536,0.3234,5,0,0,0.0,,,T+90min,T+90min,6
911,R-999,245666448,476480258,333.56,tertiary,0.3353,MODERATE,0.217,0.068,0.4536,0.3234,5,0,0,0.0,,,T+90min,T+90min,6
912,R-1336,6428792684,6428793085,22.47,residential,0.3353,MODERATE,0.206,0.093,0.4646,0.341,5,0,0,0.0,,,T+90min,T+90min,6
913,R-1339,6428793085,6428792684,22.47,residential,0.3353,MODERATE,0.206,0.093,0.4646,0.341,5,0,0,0.0,,,T+90min,T+90min,6
914,R-1213,3641869342,245665874,23.74,tertiary,0.3352,MODERATE,0.22,0.106,0.4504,0.3184,5,0,0,0.0,,,T+90min,T+90min,6
915,R-946,245665874,3641869342,23.74,tertiary,0.3352,MODERATE,0.22,0.106,0.4504,0.3184,5,0,0,0.0,,,T+90min,T+90min,6
916,R-1389,6554236425,6554236455,163.01,residential,0.3345,MODERATE,0.225,0.091,0.444,0.309,4,0,0,0.0,,,T+90min,T+90min,6
917,R-1408,6554236455,6554236425,163.01,residential,0.3345,MODERATE,0.225,0.091,0.444,0.309,4,0,0,0.0,,,T+90min,T+90min,6
918,R-157,12311766936,2897024667,12.64,tertiary,0.3341,MODERATE,0.208,0.101,0.4602,0.3352,5,0,0,0.0,,,T+90min,T+90min,6
919,R-055,10696472307,13638535675,33.56,residential,0.334,MODERATE,0.223,0.091,0.445,0.3112,4,0,0,0.0,,,T+90min,T+90min,6
920,R-793,13638535675,10696472307,33.56,residential,0.334,MODERATE,0.223,0.091,0.445,0.3112,4,0,0,0.0,,,T+90min,T+90min,6
921,R-1254,5424387232,6490861784,150.46,residential,0.3338,MODERATE,0.213,0.086,0.4546,0.3266,5,0,0,0.0,,,T+90min,T+90min,6
922,R-1359,6490861784,5424387232,150.46,residential,0.3338,MODERATE,0.213,0.086,0.4546,0.3266,5,0,0,0.0,,,T+90min,T+90min,6
923,R-570,13619457123,13619457125,11.12,residential,0.3337,MODERATE,0.218,0.105,0.4494,0.3186,5,0,0,0.0,,,T+90min,T+90min,6
924,R-571,13619457125,13619457123,11.12,residential,0.3337,MODERATE,0.218,0.105,0.4494,0.3186,5,0,0,0.0,,,T+90min,T+90min,6
925,R-1253,5424387232,6490861784,90.96,residential,0.3335,MODERATE,0.213,0.084,0.454,0.326,5,0,0,0.0,,,T+90min,T+90min,6
926,R-1358,6490861784,5424387232,90.96,residential,0.3335,MODERATE,0.213,0.084,0.454,0.326,5,0,0,0.0,,,T+90min,T+90min,6
927,R-963,245666190,245666260,65.45,residential,0.3331,MODERATE,0.216,0.092,0.4502,0.3208,5,0,0,0.0,,,T+90min,T+90min,6
928,R-972,245666260,245666190,65.45,residential,0.3331,MODERATE,0.216,0.092,0.4502,0.3208,5,0,0,0.0,,,T+90min,T+90min,6
929,R-369,13617327487,13617327487,99.62,residential,0.3329,MODERATE,0.215,0.1,0.4508,0.322,5,0,0,0.0,,,T+90min,T+90min,6
930,R-370,13617327487,13617327487,99.62,residential,0.3329,MODERATE,0.215,0.1,0.4508,0.322,5,0,0,0.0,,,T+90min,T+90min,6
931,R-1050,245667764,2244637013,7.33,residential,0.3325,MODERATE,0.211,0.106,0.454,0.3276,5,0,0,0.0,,,T+90min,T+90min,6
932,R-912,2244637013,245667764,7.33,residential,0.3325,MODERATE,0.211,0.106,0.454,0.3276,5,0,0,0.0,,,T+90min,T+90min,6
933,R-1411,6554271024,2244637013,71.18,residential,0.3321,MODERATE,0.212,0.099,0.4522,0.3252,5,0,0,0.0,,,T+90min,T+90min,6
934,R-913,2244637013,6554271024,71.18,residential,0.3321,MODERATE,0.212,0.099,0.4522,0.3252,5,0,0,0.0,,,T+90min,T+90min,6
935,R-864,13798244194,10245790327,10.55,residential,0.3312,MODERATE,0.214,0.101,0.4485,0.3199,5,0,0,0.0,,,T+90min,T+90min,6
936,R-1031,245667361,245667423,226.08,trunk,0.3307,MODERATE,0.226,0.073,0.4353,0.2995,3,0,0,0.0,,,T+90min,T+90min,6
937,R-1248,476488948,245666078,194.93,tertiary,0.33,MODERATE,0.217,0.082,0.443,0.3126,4,0,0,0.0,,,T+90min,T+90min,6
938,R-650,13621749595,13621749599,6.5,residential,0.33,MODERATE,0.215,0.108,0.445,0.3162,5,0,0,0.0,,,T+90min,T+90min,6
939,R-654,13621749599,13621749595,6.5,residential,0.33,MODERATE,0.215,0.108,0.445,0.3162,5,0,0,0.0,,,T+90min,T+90min,6
940,R-1048,245667730,2244637013,33.76,residential,0.33,MODERATE,0.211,0.097,0.4491,0.3227,5,0,0,0.0,,,T+90min,T+90min,6
941,R-911,2244637013,245667730,33.76,residential,0.33,MODERATE,0.211,0.097,0.4491,0.3227,5,0,0,0.0,,,T+90min,T+90min,6
942,R-865,13798244194,13798244195,31.94,residential,0.3298,MODERATE,0.214,0.104,0.4455,0.3169,5,0,0,0.0,,,T+90min,T+90min,6
943,R-866,13798244195,13798244194,31.94,residential,0.3298,MODERATE,0.214,0.104,0.4455,0.3169,5,0,0,0.0,,,T+90min,T+90min,6
944,R-500,13619318854,245666191,61.43,residential,0.3297,MODERATE,0.216,0.093,0.4433,0.3139,5,0,0,0.0,,,T+90min,T+90min,6
945,R-965,245666191,13619318854,61.43,residential,0.3297,MODERATE,0.216,0.093,0.4433,0.3139,5,0,0,0.0,,,T+90min,T+90min,6
946,R-179,12350446597,13621901233,51.22,tertiary,0.3289,MODERATE,0.208,0.094,0.4497,0.3251,5,0,0,0.0,,,T+90min,T+90min,6
947,R-1380,6491091372,6554206834,78.03,residential,0.3288,MODERATE,0.213,0.099,0.4446,0.3168,5,0,0,0.0,,,T+90min,T+90min,6
948,R-1387,6554206834,6491091372,78.03,residential,0.3288,MODERATE,0.213,0.099,0.4446,0.3168,5,0,0,0.0,,,T+90min,T+90min,6
949,R-988,245666371,245666141,219.36,tertiary,0.3287,MODERATE,0.202,0.093,0.4553,0.3341,5,0,0,0.0,,,T+90min,T+90min,6
950,R-566,13619457121,13619457123,47.22,residential,0.3285,MODERATE,0.216,0.1,0.441,0.3112,4,0,0,0.0,,,T+90min,T+90min,6
951,R-568,13619457123,13619457121,47.22,residential,0.3285,MODERATE,0.216,0.1,0.441,0.3112,4,0,0,0.0,,,T+90min,T+90min,6
952,R-955,245666078,2897024594,8.02,tertiary,0.3277,MODERATE,0.208,0.104,0.4474,0.323,5,0,0,0.0,,,T+90min,T+90min,6
953,R-1447,7366246694,2897024870,26.56,trunk_link,0.3276,MODERATE,0.213,0.099,0.4421,0.3143,5,0,0,0.0,,,T+90min,T+90min,6
954,R-206,13093786757,12334925204,88.97,trunk,0.3274,MODERATE,0.206,0.097,0.4488,0.3252,5,0,0,0.0,,,T+90min,T+90min,6
955,R-1227,4342420489,6598052694,44.3,residential,0.3265,MODERATE,0.207,0.1,0.4461,0.3221,5,0,0,0.0,,,T+90min,T+90min,6
956,R-1423,6598052694,4342420489,44.3,residential,0.3265,MODERATE,0.207,0.1,0.4461,0.3221,5,0,0,0.0,,,T+90min,T+90min,6
957,R-1166,2897024687,631525434,8.19,tertiary,0.3239,MODERATE,0.204,0.099,0.4438,0.3216,5,0,0,0.0,,,T+90min,T+90min,6
958,R-1321,631525434,2897024687,8.19,tertiary,0.3239,MODERATE,0.204,0.099,0.4438,0.3216,5,0,0,0.0,,,T+90min,T+90min,6
959,R-1167,2897024687,9469495781,44.22,tertiary,0.3235,MODERATE,0.204,0.095,0.4431,0.3209,5,0,0,0.0,,,T+90min,T+90min,6
960,R-366,13617327485,13617327487,13.04,residential,0.3235,MODERATE,0.204,0.1,0.443,0.3206,5,0,0,0.0,,,T+90min,T+90min,6
961,R-368,13617327487,13617327485,13.04,residential,0.3235,MODERATE,0.204,0.1,0.443,0.3206,5,0,0,0.0,,,T+90min,T+90min,6
962,R-1022,245666882,2897024710,8.15,tertiary,0.3234,MODERATE,0.203,0.102,0.4438,0.3222,5,0,0,0.0,,,T+90min,T+90min,6
963,R-1171,2897024710,245666882,8.15,tertiary,0.3234,MODERATE,0.203,0.102,0.4438,0.3222,5,0,0,0.0,,,T+90min,T+90min,6
964,R-1081,245668185,1375251567,40.24,residential,0.322,MODERATE,0.206,0.097,0.4379,0.3143,5,0,0,0.0,,,T+90min,T+90min,6
965,R-845,1375251567,245668185,40.24,residential,0.322,MODERATE,0.206,0.097,0.4379,0.3143,5,0,0,0.0,,,T+90min,T+90min,6
966,R-018,10245790331,13798244195,9.33,residential,0.3216,MODERATE,0.209,0.104,0.4342,0.3088,4,0,0,0.0,,,T+90min,T+90min,6
967,R-284,13616287395,2897024710,60.06,tertiary,0.3214,MODERATE,0.203,0.093,0.4398,0.3182,5,0,0,0.0,,,T+90min,T+90min,6
968,R-152,12079741513,2897024615,17.64,secondary,0.3214,MODERATE,0.182,0.09,0.4608,0.3516,5,0,0,0.0,,,T+90min,T+90min,6
969,R-876,13798296286,10245790327,5.22,trunk,0.3208,MODERATE,0.204,0.099,0.4376,0.3152,5,0,0,0.0,,,T+90min,T+90min,6
970,R-016,10245790327,10245790331,31.71,trunk,0.3206,MODERATE,0.206,0.1,0.4353,0.3117,5,0,0,0.0,,,T+90min,T+90min,6
971,R-1046,245667685,6428793085,38.34,residential,0.3206,MODERATE,0.206,0.086,0.4352,0.3116,5,0,0,0.0,,,T+90min,T+90min,6
972,R-1338,6428793085,245667685,38.34,residential,0.3206,MODERATE,0.206,0.086,0.4352,0.3116,5,0,0,0.0,,,T+90min,T+90min,6
973,R-956,245666141,2897024627,11.81,tertiary,0.3204,MODERATE,0.203,0.098,0.4378,0.3162,5,0,0,0.0,,,T+90min,T+90min,6
974,R-877,13798296286,13798296288,7.22,residential,0.3202,MODERATE,0.204,0.102,0.4364,0.314,5,0,0,0.0,,,T+90min,T+90min,6
975,R-879,13798296288,13798296286,7.22,residential,0.3202,MODERATE,0.204,0.102,0.4364,0.314,5,0,0,0.0,,,T+90min,T+90min,6
976,R-065,10696472349,10696472350,66.34,residential,0.32,MODERATE,0.206,0.091,0.434,0.3104,5,0,0,0.0,,,T+90min,T+90min,6
977,R-069,10696472350,10696472349,66.34,residential,0.32,MODERATE,0.206,0.091,0.434,0.3104,5,0,0,0.0,,,T+90min,T+90min,6
978,R-1023,245666882,2897024713,60.67,tertiary,0.3199,MODERATE,0.203,0.09,0.4368,0.3152,5,0,0,0.0,,,T+90min,T+90min,6
979,R-265,13615156516,13615156517,13.96,tertiary_link,0.3195,MODERATE,0.205,0.102,0.4341,0.3111,5,0,0,0.0,,,T+90min,T+90min,6
980,R-266,13615156517,13615156516,13.96,tertiary_link,0.3195,MODERATE,0.205,0.102,0.4341,0.3111,5,0,0,0.0,,,T+90min,T+90min,6
981,R-056,10696472307,245666323,69.45,residential,0.3189,MODERATE,0.204,0.092,0.4338,0.3114,5,0,0,0.0,,,T+90min,T+90min,6
982,R-976,245666323,10696472307,69.45,residential,0.3189,MODERATE,0.204,0.092,0.4338,0.3114,5,0,0,0.0,,,T+90min,T+90min,6
983,R-1132,2897024615,296857806,8.19,primary,0.3186,MODERATE,0.182,0.091,0.4552,0.346,5,0,0,0.0,,,T+90min,T+90min,6
984,R-1446,7366246694,13618347449,174.97,residential,0.3185,MODERATE,0.213,0.079,0.424,0.2962,3,0,0,0.0,,,T+90min,T+90min,6
985,R-420,13618347449,7366246694,174.97,residential,0.3185,MODERATE,0.213,0.079,0.424,0.2962,3,0,0,0.0,,,T+90min,T+90min,6
986,R-1140,2897024636,2897024667,203.56,tertiary,0.318,MODERATE,0.202,0.083,0.434,0.3128,5,0,0,0.0,,,T+90min,T+90min,6
987,R-1139,2897024628,2897024615,47.23,primary,0.3179,MODERATE,0.182,0.085,0.4537,0.3445,5,0,0,0.0,,,T+90min,T+90min,6
988,R-1137,2897024627,2897024623,10.97,secondary,0.3177,MODERATE,0.203,0.095,0.4324,0.3108,5,0,0,0.0,,,T+90min,T+90min,6
989,R-1000,245666448,476480287,301.33,secondary,0.3168,MODERATE,0.194,0.068,0.4396,0.3232,5,0,0,0.0,,,T+90min,T+90min,6
990,R-1208,296857806,2897024614,18.07,secondary,0.3167,MODERATE,0.182,0.09,0.4514,0.3422,5,0,0,0.0,,,T+90min,T+90min,6
991,R-158,12311766936,476488948,198.12,tertiary,0.3165,MODERATE,0.199,0.086,0.434,0.315,5,0,0,0.0,,,T+90min,T+90min,6
992,R-1131,2897024615,2897024611,41.55,secondary,0.3161,MODERATE,0.182,0.089,0.4501,0.3409,5,0,0,0.0,,,T+90min,T+90min,6
993,R-1311,631507969,2897024696,35.9,secondary,0.3157,MODERATE,0.195,0.096,0.4364,0.3192,5,0,0,0.0,,,T+90min,T+90min,6
994,R-636,13621749580,13621749581,12.68,residential,0.3156,MODERATE,0.203,0.102,0.4282,0.3066,4,0,0,0.0,,,T+90min,T+90min,6
995,R-637,13621749581,13621749580,12.68,residential,0.3156,MODERATE,0.203,0.102,0.4282,0.3066,4,0,0,0.0,,,T+90min,T+90min,6
996,R-638,13621749581,13621749583,2.65,residential,0.3156,MODERATE,0.203,0.102,0.4282,0.3066,4,0,0,0.0,,,T+90min,T+90min,6
997,R-640,13621749583,13621749581,2.65,residential,0.3156,MODERATE,0.203,0.102,0.4282,0.3066,4,0,0,0.0,,,T+90min,T+90min,6
998,R-641,13621749583,13621749584,13.09,residential,0.3156,MODERATE,0.203,0.102,0.4282,0.3066,4,0,0,0.0,,,T+90min,T+90min,6
999,R-642,13621749583,13621749587,2.96,residential,0.3156,MODERATE,0.203,0.102,0.4282,0.3066,4,0,0,0.0,,,T+90min,T+90min,6
1000,R-643,13621749584,13621749583,13.09,residential,0.3156,MODERATE,0.203,0.102,0.4282,0.3066,4,0,0,0.0,,,T+90min,T+90min,6
1001,R-645,13621749587,13621749583,2.96,residential,0.3156,MODERATE,0.203,0.102,0.4282,0.3066,4,0,0,0.0,,,T+90min,T+90min,6
1002,R-644,13621749585,13621749587,12.85,residential,0.3153,MODERATE,0.203,0.101,0.4277,0.3061,4,0,0,0.0,,,T+90min,T+90min,6
1003,R-646,13621749587,13621749585,12.85,residential,0.3153,MODERATE,0.203,0.101,0.4277,0.3061,4,0,0,0.0,,,T+90min,T+90min,6
1004,R-1138,2897024628,2897024611,68.06,primary_link,0.3149,MODERATE,0.182,0.085,0.4478,0.3384,5,0,0,0.0,,,T+90min,T+90min,6
1005,R-647,13621749587,13621749595,33.6,residential,0.3145,MODERATE,0.203,0.101,0.426,0.3044,4,0,0,0.0,,,T+90min,T+90min,6
1006,R-648,13621749595,13621749587,33.6,residential,0.3145,MODERATE,0.203,0.101,0.426,0.3044,4,0,0,0.0,,,T+90min,T+90min,6
1007,R-070,10696472350,13638535683,64.98,residential,0.3136,MODERATE,0.198,0.094,0.4291,0.3099,5,0,0,0.0,,,T+90min,T+90min,6
1008,R-804,13638535683,10696472350,64.98,residential,0.3136,MODERATE,0.198,0.094,0.4291,0.3099,5,0,0,0.0,,,T+90min,T+90min,6
1009,R-1128,2897024609,296857806,46.19,secondary,0.3123,MODERATE,0.182,0.088,0.4426,0.3334,5,0,0,0.0,,,T+90min,T+90min,6
1010,R-147,11271580571,10091403659,6.71,primary,0.3117,MODERATE,0.188,0.094,0.4354,0.3226,5,0,0,0.0,,,T+90min,T+90min,6
1011,R-679,13622308163,13622308171,53.68,tertiary,0.3112,MODERATE,0.201,0.1,0.4213,0.3005,4,0,0,0.0,,,T+90min,T+90min,6
1012,R-684,13622308171,13622308163,53.68,tertiary,0.3112,MODERATE,0.201,0.1,0.4213,0.3005,4,0,0,0.0,,,T+90min,T+90min,6
1013,R-1034,245667423,2804481652,36.04,residential,0.3112,MODERATE,0.193,0.093,0.4294,0.3134,5,0,0,0.0,,,T+90min,T+90min,6
1014,R-1104,2804481652,245667423,36.04,residential,0.3112,MODERATE,0.193,0.093,0.4294,0.3134,5,0,0,0.0,,,T+90min,T+90min,6
1015,R-1498,9469495782,2897024696,8.32,secondary,0.3107,MODERATE,0.189,0.095,0.4324,0.3192,5,0,0,0.0,,,T+90min,T+90min,6
1016,R-1497,9469495781,9469495782,7.89,secondary,0.3104,MODERATE,0.189,0.093,0.4317,0.3185,5,0,0,0.0,,,T+90min,T+90min,6
1017,R-1130,2897024614,12079741513,6.96,primary,0.3103,MODERATE,0.176,0.088,0.4447,0.3389,5,0,0,0.0,,,T+90min,T+90min,6
1018,R-268,13615156518,13615156516,70.36,tertiary,0.31,MODERATE,0.205,0.075,0.4151,0.2921,3,0,0,0.0,,,T+90min,T+90min,6
1019,R-234,13614337239,13614337242,79.05,residential,0.3096,MODERATE,0.205,0.073,0.4143,0.2913,3,0,0,0.0,,,T+90min,T+90min,6
1020,R-239,13614337242,13614337239,79.05,residential,0.3096,MODERATE,0.205,0.073,0.4143,0.2913,3,0,0,0.0,,,T+90min,T+90min,6
1021,R-1170,2897024696,12084454212,7.67,secondary,0.3094,MODERATE,0.189,0.094,0.4298,0.3166,5,0,0,0.0,,,T+90min,T+90min,6
1022,R-155,12084454212,9469495781,9.2,secondary,0.3094,MODERATE,0.189,0.093,0.4298,0.3166,5,0,0,0.0,,,T+90min,T+90min,6
1023,R-1203,296853790,11271580571,23.73,primary,0.3092,MODERATE,0.188,0.093,0.4305,0.3177,5,0,0,0.0,,,T+90min,T+90min,6
1024,R-1217,3743617940,13503191895,12.31,residential,0.309,MODERATE,0.191,0.093,0.427,0.3126,5,0,0,0.0,,,T+90min,T+90min,6
1025,R-228,13503191895,3743617940,12.31,residential,0.309,MODERATE,0.191,0.093,0.427,0.3126,5,0,0,0.0,,,T+90min,T+90min,6
1026,R-267,13615156517,13615156519,71.54,tertiary,0.3088,MODERATE,0.205,0.075,0.4126,0.2896,3,0,0,0.0,,,T+90min,T+90min,6
1027,R-1174,2897024711,631507969,7.99,tertiary,0.3087,MODERATE,0.193,0.095,0.4244,0.3088,5,0,0,0.0,,,T+90min,T+90min,6
1028,R-1312,631507969,2897024711,7.99,tertiary,0.3087,MODERATE,0.193,0.095,0.4244,0.3088,5,0,0,0.0,,,T+90min,T+90min,6
1029,R-009,10091403659,296853793,74.13,primary,0.3086,MODERATE,0.19,0.085,0.4272,0.313,5,0,0,0.0,,,T+90min,T+90min,6
1030,R-154,12084454212,631525434,42.28,tertiary,0.3083,MODERATE,0.191,0.092,0.4257,0.3109,5,0,0,0.0,,,T+90min,T+90min,6
1031,R-211,13408237102,13408237103,70.39,residential,0.3081,MODERATE,0.228,0.048,0.3881,0.2513,3,0,0,0.0,,,T+90min,T+90min,6
1032,R-214,13408237103,13408237102,70.39,residential,0.3081,MODERATE,0.228,0.048,0.3881,0.2513,3,0,0,0.0,,,T+90min,T+90min,6
1033,R-1499,9469495782,2897024711,35.43,secondary,0.3077,MODERATE,0.189,0.094,0.4265,0.3133,5,0,0,0.0,,,T+90min,T+90min,6
1034,R-1044,245667685,1934627523,78.23,residential,0.3067,MODERATE,0.202,0.088,0.4114,0.2902,3,0,0,0.0,,,T+90min,T+90min,6
1035,R-900,1934627523,245667685,78.23,residential,0.3067,MODERATE,0.202,0.088,0.4114,0.2902,3,0,0,0.0,,,T+90min,T+90min,6
1036,R-061,10696472309,13638535652,3.19,residential,0.3066,MODERATE,0.198,0.099,0.4153,0.2961,4,0,0,0.0,,,T+90min,T+90min,6
1037,R-776,13638535652,10696472309,3.19,residential,0.3066,MODERATE,0.198,0.099,0.4153,0.2961,4,0,0,0.0,,,T+90min,T+90min,6
1038,R-1309,631507968,10292442915,205.53,secondary,0.3066,MODERATE,0.181,0.072,0.4322,0.3238,5,0,0,0.0,,,T+90min,T+90min,6
1039,R-030,10279771627,10279771631,54.54,primary_link,0.3043,MODERATE,0.2,0.083,0.4087,0.2887,3,0,0,0.0,,,T+90min,T+90min,6
1040,R-273,13615156523,2897024625,234.8,secondary,0.3043,MODERATE,0.196,0.072,0.4126,0.295,4,0,0,0.0,,,T+90min,T+90min,6
1041,R-1207,296857806,2897024601,36.97,primary,0.304,MODERATE,0.182,0.084,0.4259,0.3167,5,0,0,0.0,,,T+90min,T+90min,6
1042,R-031,10279771627,245666966,35.27,primary,0.3023,MODERATE,0.2,0.079,0.4046,0.2846,3,0,0,0.0,,,T+90min,T+90min,6
1043,R-032,10279771631,631507969,76.02,secondary,0.3022,MODERATE,0.193,0.087,0.4113,0.2957,4,0,0,0.0,,,T+90min,T+90min,6
1044,R-1141,2897024636,476488948,11.98,unclassified,0.3015,MODERATE,0.181,0.089,0.4221,0.3137,5,0,0,0.0,,,T+90min,T+90min,6
1045,R-1175,2897024713,13616287395,8.37,residential,0.3013,MODERATE,0.187,0.092,0.4155,0.3033,4,0,0,0.0,,,T+90min,T+90min,6
1046,R-285,13616287395,2897024713,8.37,residential,0.3013,MODERATE,0.187,0.092,0.4155,0.3033,4,0,0,0.0,,,T+90min,T+90min,6
1047,R-1199,2897024865,2897024870,19.33,secondary,0.3012,MODERATE,0.194,0.092,0.4084,0.292,3,0,0,0.0,,,T+90min,T+90min,6
1048,R-1135,2897024625,245666141,10.97,secondary,0.3009,MODERATE,0.19,0.089,0.4118,0.298,4,0,0,0.0,,,T+90min,T+90min,6
1049,R-497,13619318853,245666158,9.0,tertiary,0.3009,MODERATE,0.19,0.092,0.4117,0.2979,4,0,0,0.0,,,T+90min,T+90min,6
1050,R-958,245666158,13619318853,9.0,tertiary,0.3009,MODERATE,0.19,0.092,0.4117,0.2979,4,0,0,0.0,,,T+90min,T+90min,6
1051,R-1032,245667361,245667468,151.02,residential,0.3008,MODERATE,0.226,0.033,0.3756,0.2398,3,0,0,0.0,,,T+90min,T+90min,6
1052,R-1038,245667468,245667361,151.02,residential,0.3008,MODERATE,0.226,0.033,0.3756,0.2398,3,0,0,0.0,,,T+90min,T+90min,6
1053,R-491,13619318851,13619318853,26.52,residential,0.2991,MODERATE,0.189,0.092,0.4093,0.2961,4,0,0,0.0,,,T+90min,T+90min,6
1054,R-495,13619318853,13619318851,26.52,residential,0.2991,MODERATE,0.189,0.092,0.4093,0.2961,4,0,0,0.0,,,T+90min,T+90min,6
1055,R-1042,245667676,245667730,74.15,residential,0.2986,MODERATE,0.196,0.086,0.4011,0.2835,3,0,0,0.0,,,T+90min,T+90min,6
1056,R-1049,245667730,245667676,74.15,residential,0.2986,MODERATE,0.196,0.086,0.4011,0.2835,3,0,0,0.0,,,T+90min,T+90min,6
1057,R-1198,2897024865,2897024862,13.22,trunk,0.2974,MODERATE,0.194,0.091,0.4009,0.2845,3,0,0,0.0,,,T+90min,T+90min,6
1058,R-1361,6490872923,1934627523,21.5,residential,0.2972,MODERATE,0.196,0.083,0.3983,0.2809,3,0,0,0.0,,,T+90min,T+90min,6
1059,R-901,1934627523,6490872923,21.5,residential,0.2972,MODERATE,0.196,0.083,0.3983,0.2809,3,0,0,0.0,,,T+90min,T+90min,6
1060,R-1197,2897024862,7366246698,11.91,trunk,0.2968,MODERATE,0.195,0.092,0.3987,0.2821,3,0,0,0.0,,,T+90min,T+90min,6
1061,R-393,13617550929,13617550923,27.06,tertiary,0.2957,MODERATE,0.181,0.089,0.4104,0.302,4,0,0,0.0,,,T+90min,T+90min,6
1062,R-1216,3743617940,11054614468,13.33,residential,0.2953,MODERATE,0.182,0.091,0.4085,0.2993,4,0,0,0.0,,,T+90min,T+90min,6
1063,R-139,11054614468,3743617940,13.33,residential,0.2953,MODERATE,0.182,0.091,0.4085,0.2993,4,0,0,0.0,,,T+90min,T+90min,6
1064,R-290,13617034594,631507968,130.89,secondary,0.2953,MODERATE,0.175,0.071,0.4156,0.3106,5,0,0,0.0,,,T+90min,T+90min,6
1065,R-1013,245666830,245666386,107.91,tertiary,0.2953,MODERATE,0.174,0.081,0.4166,0.3122,5,0,0,0.0,,,T+90min,T+90min,6
1066,R-991,245666386,245666830,107.91,tertiary,0.2953,MODERATE,0.174,0.081,0.4166,0.3122,5,0,0,0.0,,,T+90min,T+90min,6
1067,R-1127,2897024609,2897024601,56.78,primary_link,0.2952,MODERATE,0.174,0.082,0.4163,0.3119,5,0,0,0.0,,,T+90min,T+90min,6
1068,R-153,12079741513,6552594957,398.69,primary,0.2946,MODERATE,0.182,0.058,0.4072,0.2978,4,0,0,0.0,,,T+90min,T+90min,6
1069,R-670,13621901232,13621901233,7.31,tertiary_link,0.2944,MODERATE,0.182,0.091,0.4067,0.2975,4,0,0,0.0,,,T+90min,T+90min,6
1070,R-671,13621901233,13621901232,7.31,tertiary_link,0.2944,MODERATE,0.182,0.091,0.4067,0.2975,4,0,0,0.0,,,T+90min,T+90min,6
1071,R-973,245666260,245666323,46.8,residential,0.2941,MODERATE,0.182,0.088,0.4062,0.297,4,0,0,0.0,,,T+90min,T+90min,6
1072,R-977,245666323,245666260,46.8,residential,0.2941,MODERATE,0.182,0.088,0.4062,0.297,4,0,0,0.0,,,T+90min,T+90min,6
1073,R-1465,7404711454,7404711455,27.01,residential,0.2938,MODERATE,0.183,0.089,0.4046,0.2948,4,0,0,0.0,,,T+90min,T+90min,6
1074,R-1469,7404711455,7404711454,27.01,residential,0.2938,MODERATE,0.183,0.089,0.4046,0.2948,4,0,0,0.0,,,T+90min,T+90min,6
1075,R-396,13618123059,13618123066,49.46,residential,0.2934,MODERATE,0.182,0.087,0.4049,0.2955,4,0,0,0.0,,,T+90min,T+90min,6
1076,R-398,13618123066,13618123059,49.46,residential,0.2934,MODERATE,0.182,0.087,0.4049,0.2955,4,0,0,0.0,,,T+90min,T+90min,6
1077,R-1173,2897024711,2897024737,125.16,secondary,0.2933,MODERATE,0.187,0.079,0.3996,0.2872,3,0,0,0.0,,,T+90min,T+90min,6
1078,R-1114,2897024519,476465252,53.37,primary,0.2929,MODERATE,0.177,0.086,0.4088,0.3026,5,0,0,0.0,,,T+90min,T+90min,6
1079,R-1075,245668038,7404711443,19.69,residential,0.2925,MODERATE,0.182,0.083,0.4029,0.2935,4,0,0,0.0,,,T+90min,T+90min,6
1080,R-1459,7404711443,245668038,19.69,residential,0.2925,MODERATE,0.182,0.083,0.4029,0.2935,4,0,0,0.0,,,T+90min,T+90min,6
1081,R-120,11045926287,7404711443,269.44,residential,0.2922,MODERATE,0.182,0.083,0.4024,0.293,4,0,0,0.0,,,T+90min,T+90min,6
1082,R-1458,7404711443,11045926287,269.44,residential,0.2922,MODERATE,0.182,0.083,0.4024,0.293,4,0,0,0.0,,,T+90min,T+90min,6
1083,R-072,10696472350,245666260,30.74,residential,0.2916,MODERATE,0.178,0.086,0.4051,0.2983,4,0,0,0.0,,,T+90min,T+90min,6
1084,R-971,245666260,10696472350,30.74,residential,0.2916,MODERATE,0.178,0.086,0.4051,0.2983,4,0,0,0.0,,,T+90min,T+90min,6
1085,R-059,10696472308,13638535652,64.73,residential,0.2915,MODERATE,0.198,0.062,0.385,0.2658,3,0,0,0.0,,,T+90min,T+90min,6
1086,R-775,13638535652,10696472308,64.73,residential,0.2915,MODERATE,0.198,0.062,0.385,0.2658,3,0,0,0.0,,,T+90min,T+90min,6
1087,R-1302,623895377,6554206834,100.49,residential,0.2908,MODERATE,0.193,0.065,0.3886,0.2728,3,0,0,0.0,,,T+90min,T+90min,6
1088,R-1386,6554206834,623895377,100.49,residential,0.2908,MODERATE,0.193,0.065,0.3886,0.2728,3,0,0,0.0,,,T+90min,T+90min,6
1089,R-1080,245668141,7404711443,156.42,residential,0.2903,MODERATE,0.182,0.079,0.3985,0.2891,3,0,0,0.0,,,T+90min,T+90min,6
1090,R-496,13619318853,13619318854,10.45,tertiary,0.2903,MODERATE,0.18,0.088,0.4006,0.2928,4,0,0,0.0,,,T+90min,T+90min,6
1091,R-498,13619318854,13619318853,10.45,tertiary,0.2903,MODERATE,0.18,0.088,0.4006,0.2928,4,0,0,0.0,,,T+90min,T+90min,6
1092,R-627,13619939784,2897024614,230.93,primary,0.2903,MODERATE,0.176,0.073,0.4046,0.2988,4,0,0,0.0,,,T+90min,T+90min,6
1093,R-1460,7404711443,245668141,156.42,residential,0.2902,MODERATE,0.182,0.079,0.3985,0.2891,3,0,0,0.0,,,T+90min,T+90min,6
1094,R-391,13617550928,13617550929,14.72,residential,0.2895,MODERATE,0.181,0.089,0.398,0.2894,3,0,0,0.0,,,T+90min,T+90min,6
1095,R-394,13617550929,13617550928,14.72,residential,0.2895,MODERATE,0.181,0.089,0.398,0.2894,3,0,0,0.0,,,T+90min,T+90min,6
1096,R-1180,2897024737,2897024651,386.36,primary,0.2892,MODERATE,0.181,0.074,0.3973,0.2885,3,0,0,0.0,,,T+90min,T+90min,6
1097,R-1310,631507968,2897024595,201.69,secondary,0.2888,MODERATE,0.181,0.057,0.3966,0.2878,3,0,0,0.0,,,T+90min,T+90min,6
1098,R-1153,2897024658,2897024742,383.65,primary,0.2871,MODERATE,0.177,0.073,0.3972,0.291,4,0,0,0.0,,,T+90min,T+90min,6
1099,R-1390,6554236425,7404711455,78.82,tertiary,0.2869,MODERATE,0.183,0.072,0.3907,0.2809,3,0,0,0.0,,,T+90min,T+90min,6
1100,R-1468,7404711455,6554236425,78.82,tertiary,0.2869,MODERATE,0.183,0.072,0.3907,0.2809,3,0,0,0.0,,,T+90min,T+90min,6
1101,R-1134,2897024623,2897024625,11.8,tertiary,0.285,MODERATE,0.178,0.086,0.3919,0.2851,3,0,0,0.0,,,T+90min,T+90min,6
1102,R-1410,6554271024,13619401780,82.48,residential,0.2845,MODERATE,0.21,0.047,0.359,0.233,3,0,0,0.0,,,T+90min,T+90min,6
1103,R-545,13619401780,6554271024,82.48,residential,0.2845,MODERATE,0.21,0.047,0.359,0.233,3,0,0,0.0,,,T+90min,T+90min,6
1104,R-1291,622060792,11054646813,14.23,residential,0.2837,MODERATE,0.181,0.086,0.3864,0.278,3,0,0,0.0,,,T+90min,T+90min,6
1105,R-142,11054646813,622060792,14.23,residential,0.2837,MODERATE,0.181,0.086,0.3864,0.278,3,0,0,0.0,,,T+90min,T+90min,6
1106,R-405,13618156307,13617550928,62.17,tertiary,0.2837,MODERATE,0.175,0.081,0.3924,0.2872,3,0,0,0.0,,,T+90min,T+90min,6
1107,R-1015,245666830,2897024695,7.98,tertiary,0.2833,MODERATE,0.167,0.082,0.3997,0.2997,5,0,0,0.0,,,T+90min,T+90min,6
1108,R-1168,2897024695,245666830,7.98,tertiary,0.2833,MODERATE,0.167,0.082,0.3997,0.2997,5,0,0,0.0,,,T+90min,T+90min,6
1109,R-1463,7404711453,7404711454,16.27,residential,0.2831,MODERATE,0.178,0.087,0.3881,0.2811,3,0,0,0.0,,,T+90min,T+90min,6
1110,R-1464,7404711454,7404711453,16.27,residential,0.2831,MODERATE,0.178,0.087,0.3881,0.2811,3,0,0,0.0,,,T+90min,T+90min,6
1111,R-392,13617550928,13618123059,16.53,residential,0.2829,MODERATE,0.175,0.086,0.3908,0.2856,3,0,0,0.0,,,T+90min,T+90min,6
1112,R-395,13618123059,13617550928,16.53,residential,0.2829,MODERATE,0.175,0.086,0.3908,0.2856,3,0,0,0.0,,,T+90min,T+90min,6
1113,R-1142,2897024642,245666371,10.98,tertiary,0.2799,MODERATE,0.17,0.085,0.3897,0.2877,3,0,0,0.0,,,T+90min,T+90min,6
1114,R-989,245666371,2897024642,10.98,tertiary,0.2799,MODERATE,0.17,0.085,0.3897,0.2877,3,0,0,0.0,,,T+90min,T+90min,6
1115,R-1016,245666831,245666830,175.07,tertiary,0.2795,MODERATE,0.167,0.068,0.392,0.292,4,0,0,0.0,,,T+90min,T+90min,6
1116,R-399,13618123066,13618123089,14.18,residential,0.2788,MODERATE,0.17,0.084,0.3876,0.2856,3,0,0,0.0,,,T+90min,T+90min,6
1117,R-402,13618123089,13618123066,14.18,residential,0.2788,MODERATE,0.17,0.084,0.3876,0.2856,3,0,0,0.0,,,T+90min,T+90min,6
1118,R-1354,6490591812,6490591813,113.49,residential,0.2773,MODERATE,0.217,0.031,0.3376,0.2074,2,0,0,0.0,,,T+90min,T+90min,6
1119,R-1356,6490591813,6490591812,113.49,residential,0.2773,MODERATE,0.217,0.031,0.3376,0.2074,2,0,0,0.0,,,T+90min,T+90min,6
1120,R-397,13618123059,13618123089,18.89,residential,0.2757,MODERATE,0.169,0.083,0.3824,0.2808,3,0,0,0.0,,,T+90min,T+90min,6
1121,R-401,13618123089,13618123059,18.89,residential,0.2757,MODERATE,0.169,0.083,0.3824,0.2808,3,0,0,0.0,,,T+90min,T+90min,6
1122,R-1209,296857831,2897024519,49.6,primary,0.2756,MODERATE,0.164,0.075,0.3872,0.2888,4,0,0,0.0,,,T+90min,T+90min,6
1123,R-400,13618123066,13618123089,137.56,residential,0.2753,MODERATE,0.17,0.075,0.3806,0.2786,3,0,0,0.0,,,T+90min,T+90min,6
1124,R-403,13618123089,13618123066,137.56,residential,0.2753,MODERATE,0.17,0.075,0.3806,0.2786,3,0,0,0.0,,,T+90min,T+90min,6
1125,R-1419,6585998686,13614337247,76.41,residential,0.2747,MODERATE,0.156,0.066,0.3934,0.2996,5,0,0,0.0,,,T+90min,T+90min,6
1126,R-244,13614337247,6585998686,76.41,residential,0.2747,MODERATE,0.156,0.066,0.3934,0.2996,5,0,0,0.0,,,T+90min,T+90min,6
1127,R-1466,7404711454,7787253967,7.42,residential,0.2742,MODERATE,0.172,0.08,0.3765,0.2731,3,0,0,0.0,,,T+90min,T+90min,6
1128,R-1480,7787253967,7404711454,7.42,residential,0.2742,MODERATE,0.172,0.08,0.3765,0.2731,3,0,0,0.0,,,T+90min,T+90min,6
1129,R-1108,2897022098,2897024519,92.09,primary_link,0.2741,MODERATE,0.164,0.069,0.3843,0.2859,3,0,0,0.0,,,T+90min,T+90min,6
1130,R-1169,2897024695,7749797394,54.4,tertiary,0.2737,MODERATE,0.161,0.079,0.3864,0.29,4,0,0,0.0,,,T+90min,T+90min,6
1131,R-1129,2897024611,245666448,77.45,secondary,0.2725,MODERATE,0.169,0.062,0.376,0.2744,3,0,0,0.0,,,T+90min,T+90min,6
1132,R-140,11054646813,11054646825,16.11,residential,0.2706,MODERATE,0.171,0.082,0.3703,0.2677,3,0,0,0.0,,,T+90min,T+90min,6
1133,R-143,11054646825,11054646813,16.11,residential,0.2706,MODERATE,0.171,0.082,0.3703,0.2677,3,0,0,0.0,,,T+90min,T+90min,6
1134,R-1202,2897024870,13618347449,18.77,secondary,0.2702,MODERATE,0.176,0.073,0.3645,0.2593,3,0,0,0.0,,,T+90min,T+90min,6
1135,R-1126,2897024601,2897024540,170.92,primary,0.2695,MODERATE,0.161,0.068,0.3779,0.2815,3,0,0,0.0,,,T+90min,T+90min,6
1136,R-144,11054646825,11054646825,107.16,residential,0.2694,MODERATE,0.172,0.071,0.3668,0.2638,3,0,0,0.0,,,T+90min,T+90min,6
1137,R-145,11054646825,11054646825,107.16,residential,0.2694,MODERATE,0.172,0.071,0.3668,0.2638,3,0,0,0.0,,,T+90min,T+90min,6
1138,R-060,10696472308,245666260,71.83,residential,0.268,MODERATE,0.165,0.075,0.371,0.272,3,0,0,0.0,,,T+90min,T+90min,6
1139,R-970,245666260,10696472308,71.83,residential,0.268,MODERATE,0.165,0.075,0.371,0.272,3,0,0,0.0,,,T+90min,T+90min,6
1140,R-1414,6554384670,245666386,83.86,tertiary,0.2679,MODERATE,0.168,0.066,0.3678,0.2668,3,0,0,0.0,,,T+90min,T+90min,6
1141,R-993,245666386,6554384670,83.86,tertiary,0.2679,MODERATE,0.168,0.066,0.3678,0.2668,3,0,0,0.0,,,T+90min,T+90min,6
1142,R-1479,7749797394,6554302593,17.4,tertiary,0.2669,MODERATE,0.152,0.072,0.3818,0.2904,4,0,0,0.0,,,T+90min,T+90min,6
1143,R-046,10653501374,473698890,69.48,residential,0.2638,MODERATE,0.175,0.053,0.3527,0.2477,3,0,0,0.0,,,T+90min,T+90min,6
1144,R-1240,473698890,10653501374,69.48,residential,0.2638,MODERATE,0.175,0.053,0.3527,0.2477,3,0,0,0.0,,,T+90min,T+90min,6
1145,R-044,10653501374,10653501375,64.59,residential,0.2637,MODERATE,0.175,0.057,0.3524,0.2474,3,0,0,0.0,,,T+90min,T+90min,6
1146,R-047,10653501375,10653501374,64.59,residential,0.2637,MODERATE,0.175,0.057,0.3524,0.2474,3,0,0,0.0,,,T+90min,T+90min,6
1147,R-1182,2897024742,631525438,9.99,primary,0.2604,MODERATE,0.159,0.079,0.3618,0.2662,3,0,0,0.0,,,T+90min,T+90min,6
1148,R-1125,2897024597,2897024609,68.22,secondary,0.2601,MODERATE,0.161,0.059,0.3592,0.2626,3,0,0,0.0,,,T+90min,T+90min,6
1149,R-1028,245666966,10279771631,47.09,secondary,0.26,MODERATE,0.162,0.071,0.358,0.2608,3,0,0,0.0,,,T+90min,T+90min,6
1150,R-1382,6552594955,2897024677,79.69,tertiary,0.2584,MODERATE,0.146,0.069,0.3708,0.283,3,0,0,0.0,,,T+90min,T+90min,6
1151,R-1162,2897024682,2897024658,114.45,tertiary,0.2583,MODERATE,0.146,0.067,0.3706,0.2828,3,0,0,0.0,,,T+90min,T+90min,6
1152,R-1478,7749797394,13615156518,144.88,tertiary,0.2581,MODERATE,0.152,0.067,0.3641,0.2727,3,0,0,0.0,,,T+90min,T+90min,6
1153,R-1181,2897024737,2897024742,18.7,secondary,0.2573,MODERATE,0.159,0.072,0.3556,0.26,3,0,0,0.0,,,T+90min,T+90min,6
1154,R-1204,296853793,13619939784,6.85,primary,0.2571,MODERATE,0.151,0.075,0.3632,0.2726,3,0,0,0.0,,,T+90min,T+90min,6
1155,R-1210,296857831,296853793,17.93,secondary,0.2571,MODERATE,0.151,0.073,0.3632,0.2726,3,0,0,0.0,,,T+90min,T+90min,6
1156,R-1250,476489029,2897024517,27.97,tertiary,0.2565,MODERATE,0.149,0.073,0.364,0.2748,3,0,0,0.0,,,T+90min,T+90min,6
1157,R-1334,6428792684,6428792684,233.2,residential,0.2563,MODERATE,0.167,0.045,0.3456,0.2452,3,0,0,0.0,,,T+90min,T+90min,6
1158,R-1335,6428792684,6428792684,233.2,residential,0.2563,MODERATE,0.167,0.045,0.3456,0.2452,3,0,0,0.0,,,T+90min,T+90min,6
1159,R-1113,2897024517,476489029,11.98,unclassified,0.2558,MODERATE,0.149,0.073,0.3626,0.2734,3,0,0,0.0,,,T+90min,T+90min,6
1160,R-626,13619939784,2897024523,18.49,secondary,0.2549,MODERATE,0.151,0.071,0.3588,0.2682,3,0,0,0.0,,,T+90min,T+90min,6
1161,R-1047,245667730,2244637007,204.59,residential,0.2527,MODERATE,0.171,0.044,0.3344,0.2318,3,0,0,0.0,,,T+90min,T+90min,6
1162,R-907,2244637007,245667730,204.59,residential,0.2527,MODERATE,0.171,0.044,0.3344,0.2318,3,0,0,0.0,,,T+90min,T+90min,6
1163,R-1323,631525438,245666966,18.3,secondary,0.2524,MODERATE,0.155,0.073,0.3499,0.2567,3,0,0,0.0,,,T+90min,T+90min,6
1164,R-1109,2897022098,296857831,61.85,secondary,0.2444,LOW,0.14,0.065,0.3488,0.265,3,0,0,0.0,,,T+90min,T+90min,6
1165,R-1413,6554302593,2897024683,102.16,tertiary,0.2436,LOW,0.138,0.061,0.3492,0.2664,3,0,0,0.0,,,T+90min,T+90min,6
1166,R-1116,2897024523,296857831,7.92,primary,0.2429,LOW,0.14,0.069,0.3458,0.262,3,0,0,0.0,,,T+90min,T+90min,6
1167,R-1246,476480287,13615156523,90.26,secondary,0.241,LOW,0.144,0.058,0.3379,0.2515,3,0,0,0.0,,,T+90min,T+90min,6
1168,R-1147,2897024648,2897024628,340.79,primary,0.241,LOW,0.142,0.051,0.34,0.2548,3,0,0,0.0,,,T+90min,T+90min,6
1169,R-271,13615156519,6554302593,140.77,tertiary,0.2409,LOW,0.14,0.06,0.3417,0.2573,3,0,0,0.0,,,T+90min,T+90min,6
1170,R-1239,473698889,473698890,49.94,residential,0.2386,LOW,0.152,0.052,0.3251,0.2339,3,0,0,0.0,,,T+90min,T+90min,6
1171,R-1242,473698890,473698889,49.94,residential,0.2386,LOW,0.152,0.052,0.3251,0.2339,3,0,0,0.0,,,T+90min,T+90min,6
1172,R-054,10696472307,10696472308,48.33,residential,0.2384,LOW,0.15,0.058,0.3269,0.2373,3,0,0,0.0,,,T+90min,T+90min,6
1173,R-058,10696472308,10696472307,48.33,residential,0.2384,LOW,0.15,0.058,0.3269,0.2373,3,0,0,0.0,,,T+90min,T+90min,6
1174,R-1115,2897024523,2897024506,45.51,secondary,0.2353,LOW,0.135,0.061,0.3356,0.2544,3,0,0,0.0,,,T+90min,T+90min,6
1175,R-1118,2897024540,2897024523,36.76,primary,0.234,LOW,0.135,0.066,0.3331,0.2519,3,0,0,0.0,,,T+90min,T+90min,6
1176,R-1151,2897024656,6552594955,26.66,tertiary,0.234,LOW,0.133,0.063,0.335,0.255,3,0,0,0.0,,,T+90min,T+90min,6
1177,R-404,13618156305,13618156307,29.01,residential,0.2333,LOW,0.14,0.067,0.3265,0.2425,3,0,0,0.0,,,T+90min,T+90min,6
1178,R-406,13618156307,13618156305,29.01,residential,0.2332,LOW,0.14,0.067,0.3265,0.2425,3,0,0,0.0,,,T+90min,T+90min,6
1179,R-1371,6490968306,6490968308,49.96,residential,0.2329,LOW,0.146,0.066,0.3198,0.2322,3,0,0,0.0,,,T+90min,T+90min,6
1180,R-1374,6490968308,6490968306,49.96,residential,0.2329,LOW,0.146,0.066,0.3198,0.2322,3,0,0,0.0,,,T+90min,T+90min,6
1181,R-1384,6552594957,6552594955,32.94,primary_link,0.2327,LOW,0.133,0.061,0.3324,0.2524,3,0,0,0.0,,,T+90min,T+90min,6
1182,R-033,10292442915,13383144370,76.65,secondary,0.2311,LOW,0.129,0.06,0.3332,0.2556,3,0,0,0.0,,,T+90min,T+90min,6
1183,R-975,245666274,12409410388,80.29,secondary,0.2305,LOW,0.129,0.059,0.332,0.2544,3,0,0,0.0,,,T+90min,T+90min,6
1184,R-1165,2897024683,2897024682,8.08,tertiary,0.2273,LOW,0.124,0.061,0.3307,0.2561,3,0,0,0.0,,,T+90min,T+90min,6
1185,R-1117,2897024540,2897024506,59.55,primary_link,0.2266,LOW,0.129,0.06,0.3241,0.2465,3,0,0,0.0,,,T+90min,T+90min,6
1186,R-1163,2897024682,2897024677,8.07,unclassified,0.2253,LOW,0.124,0.061,0.3267,0.2521,3,0,0,0.0,,,T+90min,T+90min,6
1187,R-1029,245666966,2897024737,8.19,primary,0.2237,LOW,0.132,0.066,0.3154,0.236,3,0,0,0.0,,,T+90min,T+90min,6
1188,R-242,13614337247,13614337249,39.04,residential,0.2226,LOW,0.125,0.06,0.3202,0.2452,3,0,0,0.0,,,T+90min,T+90min,6
1189,R-246,13614337249,13614337247,39.04,residential,0.2226,LOW,0.125,0.06,0.3202,0.2452,3,0,0,0.0,,,T+90min,T+90min,6
1190,R-1301,623895377,6490968308,64.07,residential,0.2213,LOW,0.146,0.039,0.2966,0.209,2,0,0,0.0,,,T+90min,T+90min,6
1191,R-1373,6490968308,623895377,64.07,residential,0.2213,LOW,0.146,0.039,0.2966,0.209,2,0,0,0.0,,,T+90min,T+90min,6
1192,R-1017,245666831,2897024683,8.09,unclassified,0.2181,LOW,0.119,0.059,0.3173,0.2461,3,0,0,0.0,,,T+90min,T+90min,6
1193,R-1161,2897024677,245666831,8.08,tertiary,0.217,LOW,0.12,0.059,0.314,0.2418,3,0,0,0.0,,,T+90min,T+90min,6
1194,R-1150,2897024656,2897024658,8.31,primary,0.2169,LOW,0.12,0.059,0.3138,0.2418,3,0,0,0.0,,,T+90min,T+90min,6
1195,R-238,13614337241,13614337249,19.66,residential,0.2148,LOW,0.119,0.059,0.3106,0.2392,3,0,0,0.0,,,T+90min,T+90min,6
1196,R-245,13614337249,13614337241,19.66,residential,0.2148,LOW,0.119,0.059,0.3106,0.2392,3,0,0,0.0,,,T+90min,T+90min,6
1197,R-1206,296853816,2897024656,18.18,tertiary,0.2147,LOW,0.12,0.058,0.3094,0.2374,3,0,0,0.0,,,T+90min,T+90min,6
1198,R-1383,6552594957,2897024656,27.1,primary,0.2144,LOW,0.12,0.058,0.3089,0.2369,3,0,0,0.0,,,T+90min,T+90min,6
1199,R-1152,2897024658,2897024651,18.15,tertiary,0.2143,LOW,0.118,0.058,0.3106,0.2394,3,0,0,0.0,,,T+90min,T+90min,6
1200,R-1418,6585962883,13614337249,27.32,residential,0.2122,LOW,0.117,0.057,0.3073,0.2371,3,0,0,0.0,,,T+90min,T+90min,6
1201,R-247,13614337249,6585962883,27.32,residential,0.2122,LOW,0.117,0.057,0.3073,0.2371,3,0,0,0.0,,,T+90min,T+90min,6
1202,R-237,13614337241,13614337242,21.79,residential,0.211,LOW,0.116,0.057,0.306,0.2364,3,0,0,0.0,,,T+90min,T+90min,6
1203,R-240,13614337242,13614337241,21.79,residential,0.211,LOW,0.116,0.057,0.306,0.2364,3,0,0,0.0,,,T+90min,T+90min,6
1204,R-1417,6585962883,13614337247,14.99,residential,0.2093,LOW,0.114,0.057,0.3046,0.236,3,0,0,0.0,,,T+90min,T+90min,6
1205,R-243,13614337247,6585962883,14.99,residential,0.2093,LOW,0.114,0.057,0.3046,0.236,3,0,0,0.0,,,T+90min,T+90min,6
1206,R-1416,6585962883,13614337242,16.14,residential,0.2086,LOW,0.114,0.057,0.3032,0.2346,3,0,0,0.0,,,T+90min,T+90min,6
1207,R-241,13614337242,6585962883,16.14,residential,0.2086,LOW,0.114,0.057,0.3032,0.2346,3,0,0,0.0,,,T+90min,T+90min,6
1208,R-1149,2897024651,296853816,8.12,primary,0.2083,LOW,0.114,0.057,0.3026,0.2346,3,0,0,0.0,,,T+90min,T+90min,6
1209,R-974,245666274,10292442915,11.26,secondary,0.2077,LOW,0.115,0.056,0.3005,0.2315,3,0,0,0.0,,,T+90min,T+90min,6
1210,R-1362,6490872923,6490872925,29.59,residential,0.2075,LOW,0.131,0.053,0.2841,0.2057,1,0,0,0.0,,,T+90min,T+90min,6
1211,R-1366,6490872925,6490872923,29.59,residential,0.2075,LOW,0.131,0.053,0.2839,0.2055,1,0,0,0.0,,,T+90min,T+90min,6
1212,R-1111,2897024506,2897022099,22.66,secondary,0.2059,LOW,0.114,0.057,0.2978,0.2298,3,0,0,0.0,,,T+90min,T+90min,6
1213,R-272,13615156523,245666274,24.14,secondary,0.2035,LOW,0.11,0.053,0.2971,0.2309,3,0,0,0.0,,,T+90min,T+90min,6
1214,R-1146,2897024644,296853816,34.75,tertiary,0.2034,LOW,0.112,0.053,0.2947,0.2275,2,0,0,0.0,,,T+90min,T+90min,6
1215,R-1205,296853816,2897024648,27.68,primary,0.2028,LOW,0.112,0.055,0.2936,0.2264,2,0,0,0.0,,,T+90min,T+90min,6
1216,R-269,13615156518,13615156519,14.51,tertiary_link,0.2017,LOW,0.114,0.053,0.2895,0.2213,2,0,0,0.0,,,T+90min,T+90min,6
1217,R-270,13615156519,13615156518,14.51,tertiary_link,0.2017,LOW,0.114,0.053,0.2895,0.2213,2,0,0,0.0,,,T+90min,T+90min,6
1218,R-1145,2897024644,2897024648,48.67,primary_link,0.1964,LOW,0.107,0.052,0.2858,0.2216,2,0,0,0.0,,,T+90min,T+90min,6
1219,R-1360,6490872923,12378368422,67.3,residential,0.1912,LOW,0.131,0.026,0.2514,0.173,1,0,0,0.0,,,T+90min,T+90min,6
1220,R-184,12378368422,6490872923,67.3,residential,0.1912,LOW,0.131,0.026,0.2514,0.173,1,0,0,0.0,,,T+90min,T+90min,6
1221,R-1121,2897024595,476480400,221.79,tertiary,0.1906,LOW,0.101,0.044,0.2802,0.2194,2,0,0,0.0,,,T+90min,T+90min,6
1222,R-1439,7200666559,2897024597,234.99,tertiary,0.19,LOW,0.1,0.045,0.28,0.22,2,0,0,0.0,,,T+90min,T+90min,6
1223,R-048,10653501375,10696472308,7.52,residential,0.189,LOW,0.108,0.049,0.2699,0.2053,1,0,0,0.0,,,T+90min,T+90min,6
1224,R-057,10696472308,10653501375,7.52,residential,0.189,LOW,0.108,0.049,0.2699,0.2053,1,0,0,0.0,,,T+90min,T+90min,6
1225,R-050,10653501375,473698890,29.16,residential,0.163,LOW,0.087,0.038,0.239,0.1866,0,0,0,0.0,,,T+90min,T+90min,6
1226,R-1241,473698890,10653501375,29.16,residential,0.163,LOW,0.087,0.038,0.239,0.1866,0,0,0,0.0,,,T+90min,T+90min,6
1227,R-1120,2897024595,2897024597,9.02,secondary,0.1551,LOW,0.079,0.038,0.2312,0.1838,0,0,0,0.0,,,T+90min,T+90min,6
1228,R-1364,6490872924,6490872925,112.98,residential,0.1447,LOW,0.086,0.022,0.2033,0.1515,0,0,0,0.0,,,T+90min,T+90min,6
1229,R-1368,6490872925,6490872924,112.98,residential,0.1447,LOW,0.086,0.022,0.2033,0.1515,0,0,0,0.0,,,T+90min,T+90min,6
1230,R-1363,6490872924,6490872925,58.83,residential,0.1397,LOW,0.086,0.019,0.1934,0.1416,0,0,0,0.0,,,T+90min,T+90min,6
1231,R-1367,6490872925,6490872924,58.83,residential,0.1397,LOW,0.086,0.019,0.1934,0.1416,0,0,0,0.0,,,T+90min,T+90min,6
1232,R-014,10111287875,13618292025,47.89,residential,0.1074,LOW,0.069,0.012,0.1457,0.1043,0,0,0,0.0,,,T+90min,T+90min,6
1233,R-410,13618292025,10111287875,47.89,residential,0.1074,LOW,0.069,0.012,0.1457,0.1043,0,0,0,0.0,,,T+90min,T+90min,6
1234,R-547,13619401781,13619401781,164.97,residential,0.1036,LOW,0.068,0.012,0.1392,0.0986,0,0,0,0.0,,,T+90min,T+90min,6
1235,R-548,13619401781,13619401781,164.97,residential,0.1036,LOW,0.068,0.012,0.1392,0.0986,0,0,0,0.0,,,T+90min,T+90min,6
1236,R-1365,6490872924,6490872930,10.02,residential,0.0624,LOW,0.016,0.008,0.1088,0.0994,0,0,0,0.0,,,T+90min,T+90min,6
1237,R-1370,6490872930,6490872924,10.02,residential,0.0624,LOW,0.016,0.008,0.1088,0.0994,0,0,0,0.0,,,T+90min,T+90min,6
1238,R-1369,6490872930,12378368427,6.18,residential,0.0622,LOW,0.015,0.008,0.1095,0.1007,0,0,0,0.0,,,T+90min,T+90min,6
1239,R-189,12378368427,6490872930,6.18,residential,0.0622,LOW,0.015,0.008,0.1095,0.1007,0,0,0,0.0,,,T+90min,T+90min,6
1240,R-414,13618292027,13618292030,51.24,residential,0.0565,LOW,0.025,0.006,0.0879,0.0727,0,0,0,0.0,,,T+90min,T+90min,6
1241,R-417,13618292030,13618292027,51.24,residential,0.0565,LOW,0.025,0.006,0.0879,0.0727,0,0,0,0.0,,,T+90min,T+90min,6
1242,R-188,12378368427,12378368426,25.09,residential,0.0562,LOW,0.015,0.006,0.0975,0.0887,0,0,0,0.0,,,T+90min,T+90min,6
1243,R-185,12378368422,6490872930,25.19,residential,0.0562,LOW,0.015,0.006,0.0974,0.0886,0,0,0,0.0,,,T+90min,T+90min,6
1244,R-1036,245667468,12378368426,17.87,residential,0.0481,LOW,0.011,0.004,0.0851,0.0783,0,0,0,0.0,,,T+90min,T+90min,6
1245,R-187,12378368426,245667468,17.87,residential,0.0481,LOW,0.011,0.004,0.0851,0.0783,0,0,0,0.0,,,T+90min,T+90min,6
1246,R-183,12378368422,12378368426,5.99,residential,0.0467,LOW,0.011,0.005,0.0824,0.0756,0,0,0,0.0,,,T+90min,T+90min,6
1247,R-186,12378368426,12378368422,5.99,residential,0.0467,LOW,0.011,0.005,0.0824,0.0756,0,0,0,0.0,,,T+90min,T+90min,6
1248,R-1037,245667468,13618292019,4.23,residential,0.046,LOW,0.009,0.004,0.083,0.0776,0,0,0,0.0,,,T+90min,T+90min,6
1249,R-409,13618292019,245667468,4.23,residential,0.046,LOW,0.009,0.004,0.083,0.0776,0,0,0,0.0,,,T+90min,T+90min,6
1250,R-408,13618292019,13618292027,7.85,residential,0.0431,LOW,0.009,0.004,0.0772,0.0718,0,0,0,0.0,,,T+90min,T+90min,6
1251,R-413,13618292027,13618292019,7.85,residential,0.0431,LOW,0.009,0.004,0.0772,0.0718,0,0,0,0.0,,,T+90min,T+90min,6
1252,R-407,13618292019,13618292025,19.65,residential,0.0388,LOW,0.007,0.003,0.0706,0.0666,0,0,0,0.0,,,T+90min,T+90min,6
1253,R-411,13618292025,13618292019,19.65,residential,0.0388,LOW,0.007,0.003,0.0706,0.0666,0,0,0,0.0,,,T+90min,T+90min,6
1254,R-415,13618292027,13618292030,20.74,residential,0.0369,LOW,0.009,0.004,0.0647,0.0593,0,0,0,0.0,,,T+90min,T+90min,6
1255,R-418,13618292030,13618292027,20.74,residential,0.0369,LOW,0.009,0.004,0.0647,0.0593,0,0,0,0.0,,,T+90min,T+90min,6
1256,R-412,13618292025,13618292030,12.03,residential,0.03,LOW,0.005,0.003,0.0549,0.0519,0,0,0,0.0,,,T+90min,T+90min,6
1257,R-416,13618292030,13618292025,12.03,residential,0.03,LOW,0.005,0.003,0.0549,0.0519,0,0,0,0.0,,,T+90min,T+90min,6
1258,R-543,13619401780,13619401781,15.74,residential,0.0123,LOW,0.002,0.001,0.0227,0.0213,0,0,0,0.0,,,T+90min,T+90min,6
1259,R-546,13619401781,13619401780,15.74,residential,0.0123,LOW,0.002,0.001,0.0227,0.0213,0,0,0,0.0,,,T+90min,T+90min,6
1260,R-1409,6554271017,13619401780,12.32,residential,0.006,LOW,0.001,0.0,0.011,0.0104,0,0,0,0.0,,,T+120min,T+120min,6
1261,R-544,13619401780,6554271017,12.32,residential,0.006,LOW,0.001,0.0,0.011,0.0104,0,0,0,0.0,,,T+120min,T+120min,6
1262,R-081,10772904744,2804481649,69.76,trunk,,UNKNOWN,,,,,0,0,0,,,,,,6
1263,R-082,10840042416,13619396536,18.54,residential,,UNKNOWN,,,,,0,0,0,,,,,,6
1264,R-084,10923690270,10923690281,153.14,residential,,UNKNOWN,,,,,0,0,0,,,,,,6
1265,R-085,10923690270,6554236451,93.08,residential,,UNKNOWN,,,,,0,0,0,,,,,,6
1266,R-086,10923690270,6554236455,37.36,residential,,UNKNOWN,,,,,0,0,0,,,,,,6
1267,R-087,10923690281,10923690270,153.14,residential,,UNKNOWN,,,,,0,0,0,,,,,,6
1268,R-088,10923690283,10923690287,29.89,residential,,UNKNOWN,,,,,0,0,0,,,,,,6
1269,R-089,10923690283,6554236429,13.34,residential,,UNKNOWN,,,,,0,0,0,,,,,,6
1270,R-090,10923690283,6554236451,112.47,residential,,UNKNOWN,,,,,0,0,0,,,,,,6
1271,R-091,10923690287,10923690283,29.89,residential,,UNKNOWN,,,,,0,0,0,,,,,,6
1272,R-092,10923690293,13617292726,6.68,residential,,UNKNOWN,,,,,0,0,0,,,,,,6
1273,R-093,10923690293,13617292729,36.91,residential,,UNKNOWN,,,,,0,0,0,,,,,,6
1274,R-094,10923690293,2244637068,48.3,residential,,UNKNOWN,,,,,0,0,0,,,,,,6
1275,R-095,10924156281,9684698224,68.54,residential,,UNKNOWN,,,,,0,0,0,,,,,,6
1276,R-1063,245667960,622060872,43.75,residential,,UNKNOWN,,,,,0,0,0,,,,,,6
1277,R-1070,245668029,2244637068,141.2,residential,,UNKNOWN,,,,,0,0,0,,,,,,6
1278,R-1071,245668029,623895533,58.72,tertiary,,UNKNOWN,,,,,0,0,0,,,,,,6
1279,R-1072,245668029,6554236441,12.21,tertiary,,UNKNOWN,,,,,0,0,0,,,,,,6
1280,R-1079,245668141,245668208,104.5,residential,,UNKNOWN,,,,,0,0,0,,,,,,6
1281,R-1082,245668197,13619403785,22.99,residential,,UNKNOWN,,,,,0,0,0,,,,,,6
1282,R-1083,245668197,13619403788,28.94,residential,,UNKNOWN,,,,,0,0,0,,,,,,6
1283,R-1084,245668197,622039360,19.56,residential,,UNKNOWN,,,,,0,0,0,,,,,,6
1284,R-1085,245668208,13617280082,44.67,residential,,UNKNOWN,,,,,0,0,0,,,,,,6
1285,R-1086,245668208,14130497014,194.59,residential,,UNKNOWN,,,,,0,0,0,,,,,,6
1286,R-1087,245668208,245668141,104.5,residential,,UNKNOWN,,,,,0,0,0,,,,,,6
1287,R-1088,245668226,4342420553,194.56,residential,,UNKNOWN,,,,,0,0,0,,,,,,6
1288,R-1092,245668286,13619403787,71.42,residential,,UNKNOWN,,,,,0,0,0,,,,,,6
1289,R-1093,245668286,13622445020,9.07,residential,,UNKNOWN,,,,,0,0,0,,,,,,6
1290,R-1094,245668286,13622445933,2.71,residential,,UNKNOWN,,,,,0,0,0,,,,,,6
1291,R-1095,245668324,13619239369,14.91,residential,,UNKNOWN,,,,,0,0,0,,,,,,6
1292,R-1096,245668324,13619243545,58.86,residential,,UNKNOWN,,,,,0,0,0,,,,,,6
1293,R-1097,245668324,13619403788,104.46,residential,,UNKNOWN,,,,,0,0,0,,,,,,6
1294,R-1098,245668373,9445072347,17.59,residential,,UNKNOWN,,,,,0,0,0,,,,,,6
1295,R-1099,245668374,13619500839,8.05,residential,,UNKNOWN,,,,,0,0,0,,,,,,6
1296,R-1100,245668374,13619500841,60.13,residential,,UNKNOWN,,,,,0,0,0,,,,,,6
1297,R-1101,245668374,2244797706,37.97,residential,,UNKNOWN,,,,,0,0,0,,,,,,6
1298,R-1102,245668449,9684698224,16.58,residential,,UNKNOWN,,,,,0,0,0,,,,,,6
1299,R-1122,2897024596,245666041,11.16,tertiary,,UNKNOWN,,,,,0,0,0,,,,,,6
1300,R-115,10925943006,13619500841,47.23,residential,,UNKNOWN,,,,,0,0,0,,,,,,6
1301,R-116,10925943006,13622503093,9.08,residential,,UNKNOWN,,,,,0,0,0,,,,,,6
1302,R-117,10925943006,13622528191,15.5,residential,,UNKNOWN,,,,,0,0,0,,,,,,6
1303,R-1177,2897024734,2897024749,99.11,tertiary,,UNKNOWN,,,,,0,0,0,,,,,,6
1304,R-1178,2897024734,631507991,10.02,tertiary,,UNKNOWN,,,,,0,0,0,,,,,,6
1305,R-1185,2897024749,2897024753,7.99,tertiary,,UNKNOWN,,,,,0,0,0,,,,,,6
1306,R-1189,2897024752,12350931356,11.49,tertiary,,UNKNOWN,,,,,0,0,0,,,,,,6
1307,R-1190,2897024753,12350931356,9.43,tertiary,,UNKNOWN,,,,,0,0,0,,,,,,6
1308,R-1191,2897024753,2897024759,11.78,tertiary,,UNKNOWN,,,,,0,0,0,,,,,,6
1309,R-1192,2897024777,2897024753,106.64,tertiary,,UNKNOWN,,,,,0,0,0,,,,,,6
1310,R-1193,2897024777,6491469979,104.67,tertiary,,UNKNOWN,,,,,0,0,0,,,,,,6
1311,R-1236,4342420553,245668226,194.56,residential,,UNKNOWN,,,,,0,0,0,,,,,,6
1312,R-1237,4342420553,6554236455,74.37,residential,,UNKNOWN,,,,,0,0,0,,,,,,6
1313,R-1284,622039357,622039360,35.27,residential,,UNKNOWN,,,,,0,0,0,,,,,,6
1314,R-1285,622039360,245668197,19.56,residential,,UNKNOWN,,,,,0,0,0,,,,,,6
1315,R-1286,622039360,622039357,35.27,residential,,UNKNOWN,,,,,0,0,0,,,,,,6
1316,R-1294,622060802,2244637068,19.11,residential,,UNKNOWN,,,,,0,0,0,,,,,,6
1317,R-1297,622060872,2244637056,101.59,residential,,UNKNOWN,,,,,0,0,0,,,,,,6
1318,R-1298,622060872,245667960,43.75,residential,,UNKNOWN,,,,,0,0,0,,,,,,6
1319,R-1303,623895532,13617292729,50.08,residential,,UNKNOWN,,,,,0,0,0,,,,,,6
1320,R-1304,623895532,6430481233,76.08,tertiary,,UNKNOWN,,,,,0,0,0,,,,,,6
1321,R-1305,623895532,7404757837,82.42,tertiary,,UNKNOWN,,,,,0,0,0,,,,,,6
1322,R-1306,623895533,245668029,58.72,tertiary,,UNKNOWN,,,,,0,0,0,,,,,,6
1323,R-1307,623895533,6554236449,191.44,residential,,UNKNOWN,,,,,0,0,0,,,,,,6
1324,R-1308,623895533,7404757837,2.4,tertiary,,UNKNOWN,,,,,0,0,0,,,,,,6
1325,R-1315,631507991,2897024734,10.02,tertiary,,UNKNOWN,,,,,0,0,0,,,,,,6
1326,R-1350,6430481233,623895532,76.08,tertiary,,UNKNOWN,,,,,0,0,0,,,,,,6
1327,R-1351,6489058155,13622435420,52.42,residential,,UNKNOWN,,,,,0,0,0,,,,,,6
1328,R-1352,6489058155,13622445936,9.93,residential,,UNKNOWN,,,,,0,0,0,,,,,,6
1329,R-1353,6489058155,9445072347,42.55,residential,,UNKNOWN,,,,,0,0,0,,,,,,6
1330,R-1381,6491469979,2897024777,104.67,tertiary,,UNKNOWN,,,,,0,0,0,,,,,,6
1331,R-1392,6554236429,10923690283,13.34,residential,,UNKNOWN,,,,,0,0,0,,,,,,6
1332,R-1397,6554236441,245668029,12.21,tertiary,,UNKNOWN,,,,,0,0,0,,,,,,6
1333,R-1398,6554236441,6554236449,140.04,residential,,UNKNOWN,,,,,0,0,0,,,,,,6
1334,R-1399,6554236449,623895533,191.44,residential,,UNKNOWN,,,,,0,0,0,,,,,,6
1335,R-1400,6554236449,6554236441,140.04,residential,,UNKNOWN,,,,,0,0,0,,,,,,6
1336,R-1401,6554236449,6554236451,64.09,residential,,UNKNOWN,,,,,0,0,0,,,,,,6
1337,R-1402,6554236451,10923690270,93.08,residential,,UNKNOWN,,,,,0,0,0,,,,,,6
1338,R-1403,6554236451,10923690283,112.47,residential,,UNKNOWN,,,,,0,0,0,,,,,,6
1339,R-1405,6554236451,6554236449,64.09,residential,,UNKNOWN,,,,,0,0,0,,,,,,6
1340,R-1406,6554236455,10923690270,37.36,residential,,UNKNOWN,,,,,0,0,0,,,,,,6
1341,R-1407,6554236455,4342420553,74.37,residential,,UNKNOWN,,,,,0,0,0,,,,,,6
1342,R-146,11054673420,2244637056,46.64,residential,,UNKNOWN,,,,,0,0,0,,,,,,6
1343,R-1474,7404757836,7404757837,53.95,residential,,UNKNOWN,,,,,0,0,0,,,,,,6
1344,R-1475,7404757837,623895532,82.42,tertiary,,UNKNOWN,,,,,0,0,0,,,,,,6
1345,R-1476,7404757837,623895533,2.4,tertiary,,UNKNOWN,,,,,0,0,0,,,,,,6
1346,R-1477,7404757837,7404757836,53.95,residential,,UNKNOWN,,,,,0,0,0,,,,,,6
1347,R-1484,9171835705,13619396529,19.0,residential,,UNKNOWN,,,,,0,0,0,,,,,,6
1348,R-1485,9171835705,13619396536,17.29,residential,,UNKNOWN,,,,,0,0,0,,,,,,6
1349,R-1486,9171835705,13619678859,53.15,residential,,UNKNOWN,,,,,0,0,0,,,,,,6
1350,R-1487,9171835708,13619491182,24.98,residential,,UNKNOWN,,,,,0,0,0,,,,,,6
1351,R-1488,9171835708,13619491183,84.09,residential,,UNKNOWN,,,,,0,0,0,,,,,,6
1352,R-1489,9171835708,13619491193,36.45,residential,,UNKNOWN,,,,,0,0,0,,,,,,6
1353,R-1490,9171835708,13619491193,99.37,residential,,UNKNOWN,,,,,0,0,0,,,,,,6
1354,R-1492,9445072347,13619243522,55.21,residential,,UNKNOWN,,,,,0,0,0,,,,,,6
1355,R-1493,9445072347,13619463498,9.05,residential,,UNKNOWN,,,,,0,0,0,,,,,,6
1356,R-1494,9445072347,245668373,17.59,residential,,UNKNOWN,,,,,0,0,0,,,,,,6
1357,R-1495,9445072347,6489058155,42.55,residential,,UNKNOWN,,,,,0,0,0,,,,,,6
1358,R-1502,9684698224,10924156281,68.54,residential,,UNKNOWN,,,,,0,0,0,,,,,,6
1359,R-1503,9684698224,14130497014,20.89,residential,,UNKNOWN,,,,,0,0,0,,,,,,6
1360,R-1504,9684698224,14130497022,12.76,residential,,UNKNOWN,,,,,0,0,0,,,,,,6
1361,R-1505,9684698224,245668449,16.58,residential,,UNKNOWN,,,,,0,0,0,,,,,,6
1362,R-180,12350931355,2897024749,9.82,tertiary,,UNKNOWN,,,,,0,0,0,,,,,,6
1363,R-181,12350931355,631507991,96.86,tertiary,,UNKNOWN,,,,,0,0,0,,,,,,6
1364,R-182,12350931356,12350931355,8.27,tertiary,,UNKNOWN,,,,,0,0,0,,,,,,6
1365,R-352,13617280082,13617280087,38.42,residential,,UNKNOWN,,,,,0,0,0,,,,,,6
1366,R-354,13617280082,245668208,44.67,residential,,UNKNOWN,,,,,0,0,0,,,,,,6
1367,R-355,13617280087,13617280082,38.42,residential,,UNKNOWN,,,,,0,0,0,,,,,,6
1368,R-356,13617292720,13617292726,31.17,residential,,UNKNOWN,,,,,0,0,0,,,,,,6
1369,R-357,13617292720,13617292726,44.62,residential,,UNKNOWN,,,,,0,0,0,,,,,,6
1370,R-358,13617292720,13617292729,12.94,residential,,UNKNOWN,,,,,0,0,0,,,,,,6
1371,R-359,13617292726,10923690293,6.68,residential,,UNKNOWN,,,,,0,0,0,,,,,,6
1372,R-360,13617292726,13617292720,44.62,residential,,UNKNOWN,,,,,0,0,0,,,,,,6
1373,R-361,13617292726,13617292720,31.17,residential,,UNKNOWN,,,,,0,0,0,,,,,,6
1374,R-362,13617292729,10923690293,36.91,residential,,UNKNOWN,,,,,0,0,0,,,,,,6
1375,R-363,13617292729,13617292720,12.94,residential,,UNKNOWN,,,,,0,0,0,,,,,,6
1376,R-364,13617292729,623895532,50.08,residential,,UNKNOWN,,,,,0,0,0,,,,,,6
1377,R-467,13619239364,13619239365,12.26,residential,,UNKNOWN,,,,,0,0,0,,,,,,6
1378,R-468,13619239364,13619239367,21.43,residential,,UNKNOWN,,,,,0,0,0,,,,,,6
1379,R-469,13619239364,13619239369,8.07,residential,,UNKNOWN,,,,,0,0,0,,,,,,6
1380,R-470,13619239365,13619239364,12.26,residential,,UNKNOWN,,,,,0,0,0,,,,,,6
1381,R-471,13619239367,13619239364,21.43,residential,,UNKNOWN,,,,,0,0,0,,,,,,6
1382,R-472,13619239367,13619239369,15.13,residential,,UNKNOWN,,,,,0,0,0,,,,,,6
1383,R-474,13619239369,13619239364,8.07,residential,,UNKNOWN,,,,,0,0,0,,,,,,6
1384,R-475,13619239369,13619239367,15.13,residential,,UNKNOWN,,,,,0,0,0,,,,,,6
1385,R-476,13619239369,245668324,14.91,residential,,UNKNOWN,,,,,0,0,0,,,,,,6
1386,R-477,13619243522,13619243523,12.05,residential,,UNKNOWN,,,,,0,0,0,,,,,,6
1387,R-478,13619243522,13619243545,57.33,residential,,UNKNOWN,,,,,0,0,0,,,,,,6
1388,R-479,13619243522,9445072347,55.21,residential,,UNKNOWN,,,,,0,0,0,,,,,,6
1389,R-480,13619243523,13619243551,124.29,residential,,UNKNOWN,,,,,0,0,0,,,,,,6
1390,R-481,13619243544,13619243551,17.82,residential,,UNKNOWN,,,,,0,0,0,,,,,,6
1391,R-482,13619243545,13619243522,57.33,residential,,UNKNOWN,,,,,0,0,0,,,,,,6
1392,R-483,13619243545,245668324,58.86,residential,,UNKNOWN,,,,,0,0,0,,,,,,6
1393,R-484,13619243551,13619243523,124.29,residential,,UNKNOWN,,,,,0,0,0,,,,,,6
1394,R-485,13619243551,13619243544,17.82,residential,,UNKNOWN,,,,,0,0,0,,,,,,6
1395,R-486,13619243551,13619243558,33.83,residential,,UNKNOWN,,,,,0,0,0,,,,,,6
1396,R-487,13619243558,13619243545,14.22,residential,,UNKNOWN,,,,,0,0,0,,,,,,6
1397,R-488,13619243558,13619243551,33.83,residential,,UNKNOWN,,,,,0,0,0,,,,,,6
1398,R-536,13619396529,13619396536,36.49,residential,,UNKNOWN,,,,,0,0,0,,,,,,6
1399,R-537,13619396529,9171835705,19.0,residential,,UNKNOWN,,,,,0,0,0,,,,,,6
1400,R-538,13619396536,10840042416,18.54,residential,,UNKNOWN,,,,,0,0,0,,,,,,6
1401,R-539,13619396536,13619396529,36.49,residential,,UNKNOWN,,,,,0,0,0,,,,,,6
1402,R-540,13619396536,9171835705,17.29,residential,,UNKNOWN,,,,,0,0,0,,,,,,6
1403,R-549,13619403785,13619403794,32.31,residential,,UNKNOWN,,,,,0,0,0,,,,,,6
1404,R-550,13619403785,13619678849,18.09,residential,,UNKNOWN,,,,,0,0,0,,,,,,6
1405,R-551,13619403785,245668197,22.99,residential,,UNKNOWN,,,,,0,0,0,,,,,,6
1406,R-552,13619403787,13619433317,3.94,residential,,UNKNOWN,,,,,0,0,0,,,,,,6
1407,R-553,13619403787,13619678849,2.55,residential,,UNKNOWN,,,,,0,0,0,,,,,,6
1408,R-554,13619403787,245668286,71.42,residential,,UNKNOWN,,,,,0,0,0,,,,,,6
1409,R-555,13619403788,13619403789,21.13,residential,,UNKNOWN,,,,,0,0,0,,,,,,6
1410,R-556,13619403788,245668197,28.94,residential,,UNKNOWN,,,,,0,0,0,,,,,,6
1411,R-557,13619403788,245668324,104.46,residential,,UNKNOWN,,,,,0,0,0,,,,,,6
1412,R-558,13619403789,13619403788,21.13,residential,,UNKNOWN,,,,,0,0,0,,,,,,6
1413,R-559,13619403794,13619403785,32.31,residential,,UNKNOWN,,,,,0,0,0,,,,,,6
1414,R-563,13619433317,13619403787,3.94,residential,,UNKNOWN,,,,,0,0,0,,,,,,6
1415,R-564,13619433317,13619433317,140.77,residential,,UNKNOWN,,,,,0,0,0,,,,,,6
1416,R-565,13619433317,13619433317,140.77,residential,,UNKNOWN,,,,,0,0,0,,,,,,6
1417,R-573,13619463498,9445072347,9.05,residential,,UNKNOWN,,,,,0,0,0,,,,,,6
1418,R-580,13619491182,13619491183,59.67,residential,,UNKNOWN,,,,,0,0,0,,,,,,6
1419,R-581,13619491182,13619500839,0.85,residential,,UNKNOWN,,,,,0,0,0,,,,,,6
1420,R-582,13619491182,9171835708,24.98,residential,,UNKNOWN,,,,,0,0,0,,,,,,6
1421,R-583,13619491183,13619491182,59.67,residential,,UNKNOWN,,,,,0,0,0,,,,,,6
1422,R-584,13619491183,13619500841,11.05,residential,,UNKNOWN,,,,,0,0,0,,,,,,6
1423,R-585,13619491183,9171835708,84.09,residential,,UNKNOWN,,,,,0,0,0,,,,,,6
1424,R-586,13619491193,13619500813,22.86,residential,,UNKNOWN,,,,,0,0,0,,,,,,6
1425,R-587,13619491193,9171835708,36.45,residential,,UNKNOWN,,,,,0,0,0,,,,,,6
1426,R-588,13619491193,9171835708,99.37,residential,,UNKNOWN,,,,,0,0,0,,,,,,6
1427,R-589,13619500809,13619500813,28.95,residential,,UNKNOWN,,,,,0,0,0,,,,,,6
1428,R-590,13619500809,13619500813,96.19,residential,,UNKNOWN,,,,,0,0,0,,,,,,6
1429,R-591,13619500809,13619500813,122.89,residential,,UNKNOWN,,,,,0,0,0,,,,,,6
1430,R-592,13619500813,13619491193,22.86,residential,,UNKNOWN,,,,,0,0,0,,,,,,6
1431,R-593,13619500813,13619500809,28.95,residential,,UNKNOWN,,,,,0,0,0,,,,,,6
1432,R-594,13619500813,13619500809,96.19,residential,,UNKNOWN,,,,,0,0,0,,,,,,6
1433,R-595,13619500813,13619500809,122.89,residential,,UNKNOWN,,,,,0,0,0,,,,,,6
1434,R-596,13619500839,13619491182,0.85,residential,,UNKNOWN,,,,,0,0,0,,,,,,6
1435,R-597,13619500841,10925943006,47.23,residential,,UNKNOWN,,,,,0,0,0,,,,,,6
1436,R-598,13619500841,245668374,60.13,residential,,UNKNOWN,,,,,0,0,0,,,,,,6
1437,R-608,13619539391,13619539396,14.57,residential,,UNKNOWN,,,,,0,0,0,,,,,,6
1438,R-609,13619539391,13619539396,47.37,residential,,UNKNOWN,,,,,0,0,0,,,,,,6
1439,R-610,13619539391,13622435420,16.31,residential,,UNKNOWN,,,,,0,0,0,,,,,,6
1440,R-611,13619539396,13619539391,14.57,residential,,UNKNOWN,,,,,0,0,0,,,,,,6
1441,R-612,13619539396,13619539391,47.37,residential,,UNKNOWN,,,,,0,0,0,,,,,,6
1442,R-613,13619539396,2244797706,35.28,residential,,UNKNOWN,,,,,0,0,0,,,,,,6
1443,R-614,13619570121,13619570121,191.6,residential,,UNKNOWN,,,,,0,0,0,,,,,,6
1444,R-615,13619570121,13619570121,191.6,residential,,UNKNOWN,,,,,0,0,0,,,,,,6
1445,R-616,13619570121,2244797706,14.73,residential,,UNKNOWN,,,,,0,0,0,,,,,,6
1446,R-618,13619604480,13622528191,1.56,residential,,UNKNOWN,,,,,0,0,0,,,,,,6
1447,R-620,13619678849,13619403785,18.09,residential,,UNKNOWN,,,,,0,0,0,,,,,,6
1448,R-621,13619678849,13619403787,2.55,residential,,UNKNOWN,,,,,0,0,0,,,,,,6
1449,R-622,13619678849,13619678859,83.26,residential,,UNKNOWN,,,,,0,0,0,,,,,,6
1450,R-623,13619678859,13619678849,83.26,residential,,UNKNOWN,,,,,0,0,0,,,,,,6
1451,R-624,13619678859,13622445020,12.85,residential,,UNKNOWN,,,,,0,0,0,,,,,,6
1452,R-625,13619678859,9171835705,53.15,residential,,UNKNOWN,,,,,0,0,0,,,,,,6
1453,R-632,13620903019,13622445031,7.81,residential,,UNKNOWN,,,,,0,0,0,,,,,,6
1454,R-633,13620903019,13622445936,24.83,residential,,UNKNOWN,,,,,0,0,0,,,,,,6
1455,R-634,13620903019,13622450251,38.98,residential,,UNKNOWN,,,,,0,0,0,,,,,,6
1456,R-635,13620903026,13622450256,3.89,residential,,UNKNOWN,,,,,0,0,0,,,,,,6
1457,R-672,13622308157,13622308160,36.75,tertiary,,UNKNOWN,,,,,0,0,0,,,,,,6
1458,R-673,13622308160,13622308157,36.75,tertiary,,UNKNOWN,,,,,0,0,0,,,,,,6
1459,R-674,13622308160,13622308161,36.39,residential,,UNKNOWN,,,,,0,0,0,,,,,,6
1460,R-675,13622308160,13622308163,93.79,tertiary,,UNKNOWN,,,,,0,0,0,,,,,,6
1461,R-676,13622308161,13622308160,36.39,residential,,UNKNOWN,,,,,0,0,0,,,,,,6
1462,R-677,13622308163,13622308160,93.79,tertiary,,UNKNOWN,,,,,0,0,0,,,,,,6
1463,R-678,13622308163,13622308164,43.63,residential,,UNKNOWN,,,,,0,0,0,,,,,,6
1464,R-680,13622308164,13622308163,43.63,residential,,UNKNOWN,,,,,0,0,0,,,,,,6
1465,R-690,13622435420,13619539391,16.31,residential,,UNKNOWN,,,,,0,0,0,,,,,,6
1466,R-691,13622435420,13622435423,8.32,residential,,UNKNOWN,,,,,0,0,0,,,,,,6
1467,R-692,13622435420,6489058155,52.42,residential,,UNKNOWN,,,,,0,0,0,,,,,,6
1468,R-693,13622435423,13622435420,8.32,residential,,UNKNOWN,,,,,0,0,0,,,,,,6
1469,R-694,13622435423,13622435424,14.06,residential,,UNKNOWN,,,,,0,0,0,,,,,,6
1470,R-695,13622435423,13622450250,27.16,residential,,UNKNOWN,,,,,0,0,0,,,,,,6
1471,R-696,13622435424,13622435423,14.06,residential,,UNKNOWN,,,,,0,0,0,,,,,,6
1472,R-697,13622445020,13619678859,12.85,residential,,UNKNOWN,,,,,0,0,0,,,,,,6
1473,R-698,13622445020,13622445031,89.79,residential,,UNKNOWN,,,,,0,0,0,,,,,,6
1474,R-699,13622445020,245668286,9.07,residential,,UNKNOWN,,,,,0,0,0,,,,,,6
1475,R-700,13622445031,13620903019,7.81,residential,,UNKNOWN,,,,,0,0,0,,,,,,6
1476,R-701,13622445031,13622445020,89.79,residential,,UNKNOWN,,,,,0,0,0,,,,,,6
1477,R-702,13622445031,13622445933,3.46,residential,,UNKNOWN,,,,,0,0,0,,,,,,6
1478,R-703,13622445933,13622445031,3.46,residential,,UNKNOWN,,,,,0,0,0,,,,,,6
1479,R-704,13622445933,13622445935,31.17,residential,,UNKNOWN,,,,,0,0,0,,,,,,6
1480,R-705,13622445933,245668286,2.71,residential,,UNKNOWN,,,,,0,0,0,,,,,,6
1481,R-706,13622445935,13622445933,31.17,residential,,UNKNOWN,,,,,0,0,0,,,,,,6
1482,R-707,13622445936,13620903019,24.83,residential,,UNKNOWN,,,,,0,0,0,,,,,,6
1483,R-708,13622445936,13622445937,12.05,residential,,UNKNOWN,,,,,0,0,0,,,,,,6
1484,R-709,13622445936,6489058155,9.93,residential,,UNKNOWN,,,,,0,0,0,,,,,,6
1485,R-710,13622445937,13622445936,12.05,residential,,UNKNOWN,,,,,0,0,0,,,,,,6
1486,R-711,13622450250,13622435423,27.16,residential,,UNKNOWN,,,,,0,0,0,,,,,,6
1487,R-712,13622450251,13620903019,38.98,residential,,UNKNOWN,,,,,0,0,0,,,,,,6
1488,R-713,13622450251,13622450256,17.73,residential,,UNKNOWN,,,,,0,0,0,,,,,,6
1489,R-714,13622450251,13622450256,49.66,residential,,UNKNOWN,,,,,0,0,0,,,,,,6
1490,R-715,13622450256,13620903026,3.89,residential,,UNKNOWN,,,,,0,0,0,,,,,,6
1491,R-716,13622450256,13622450251,17.73,residential,,UNKNOWN,,,,,0,0,0,,,,,,6
1492,R-717,13622450256,13622450251,49.66,residential,,UNKNOWN,,,,,0,0,0,,,,,,6
1493,R-723,13622503093,10925943006,9.08,residential,,UNKNOWN,,,,,0,0,0,,,,,,6
1494,R-724,13622503093,13622531608,11.41,residential,,UNKNOWN,,,,,0,0,0,,,,,,6
1495,R-730,13622528191,10925943006,15.5,residential,,UNKNOWN,,,,,0,0,0,,,,,,6
1496,R-731,13622528191,13619604480,1.56,residential,,UNKNOWN,,,,,0,0,0,,,,,,6
1497,R-733,13622531608,13622503093,11.41,residential,,UNKNOWN,,,,,0,0,0,,,,,,6
1498,R-894,14130497014,14130497015,20.82,residential,,UNKNOWN,,,,,0,0,0,,,,,,6
1499,R-895,14130497014,245668208,194.59,residential,,UNKNOWN,,,,,0,0,0,,,,,,6
1500,R-896,14130497014,9684698224,20.89,residential,,UNKNOWN,,,,,0,0,0,,,,,,6
1501,R-897,14130497015,14130497014,20.82,residential,,UNKNOWN,,,,,0,0,0,,,,,,6
1502,R-898,14130497022,9684698224,12.76,residential,,UNKNOWN,,,,,0,0,0,,,,,,6
1503,R-927,2244637056,11054673420,46.64,residential,,UNKNOWN,,,,,0,0,0,,,,,,6
1504,R-929,2244637056,622060872,101.59,residential,,UNKNOWN,,,,,0,0,0,,,,,,6
1505,R-933,2244637068,10923690293,48.3,residential,,UNKNOWN,,,,,0,0,0,,,,,,6
1506,R-934,2244637068,245668029,141.2,residential,,UNKNOWN,,,,,0,0,0,,,,,,6
1507,R-935,2244637068,622060802,19.11,residential,,UNKNOWN,,,,,0,0,0,,,,,,6
1508,R-940,2244797706,13619539396,35.28,residential,,UNKNOWN,,,,,0,0,0,,,,,,6
1509,R-941,2244797706,13619570121,14.73,residential,,UNKNOWN,,,,,0,0,0,,,,,,6
1510,R-942,2244797706,245668374,37.97,residential,,UNKNOWN,,,,,0,0,0,,,,,,6
1511,R-950,245666041,245666337,213.16,tertiary,,UNKNOWN,,,,,0,0,0,,,,,,6
1512,R-951,245666041,2897024596,11.16,tertiary,,UNKNOWN,,,,,0,0,0,,,,,,6
1513,R-979,245666337,245666041,213.16,tertiary,,UNKNOWN,,,,,0,0,0,,,,,,6
