road_id,source,target,length_m,road_class,road_name,lanes,width_m,maxspeed_kmh,oneway,grid_cell_count,mean_elevation_m,min_elevation_m,max_elevation_m,elevation_range_m,elevation_gradient,mean_imperviousness,mean_infiltration_mm_hr,mean_flow_accumulation,max_flow_accumulation,mean_flow_direction,mean_twi,mean_slope_deg
R-001,10044201331,12243225438,31.35,trunk,Santa Cruz – Chembur Link Road,3,18.0,60,True,4,2.42,1.76,3.06,1.3,0.0415,0.773,2.27,4.42,6.05,96.25,8.027,2.62
R-002,10044201331,13615156515,103.69,tertiary,BKC - CST Link Road,3,8.0,40,True,13,1.24,1.0,1.94,0.94,0.0091,0.784,2.16,42.0,89.07,83.69,9.776,1.88
R-003,10055232024,13616287392,9.75,residential,,2,6.0,30,False,2,0.33,0.26,0.39,0.13,0.0133,0.792,2.08,1.72,1.86,32.0,6.353,4.12
R-004,10055232024,13626183259,7.16,residential,,2,6.0,30,False,1,0.39,0.39,0.39,0.0,0.0,0.792,2.08,1.86,1.86,32.0,6.315,4.39
R-005,10055232024,13639959260,22.82,tertiary,,2,8.0,40,True,3,-0.38,-1.1,0.39,1.49,0.0653,0.799,2.01,9.65,18.71,24.0,7.277,3.92
R-006,10055232027,13626183259,90.39,residential,,2,6.0,30,False,12,2.24,0.39,3.39,3.0,0.0332,0.774,2.26,1.48,3.37,46.67,6.962,2.32
R-007,10091403656,13615172965,33.31,tertiary,,2,8.0,40,True,5,1.22,1.03,1.58,0.55,0.0165,0.784,2.16,90.91,112.42,32.0,11.209,1.1
R-008,10091403656,13616325515,6.09,tertiary_link,,1,6.0,30,False,1,1.58,1.58,1.58,0.0,0.0,0.781,2.19,59.7,59.7,32.0,9.615,1.48
R-009,10091403659,296853793,74.13,primary,Bandra Kurla Complex Road,3,14.0,50,True,11,8.65,7.62,9.67,2.05,0.0277,0.714,2.86,3.29,4.61,11.64,7.606,2.63
R-010,10091403662,13617040694,36.49,tertiary,,2,8.0,40,True,6,3.39,2.71,3.9,1.19,0.0326,0.764,2.36,1.16,1.57,12.0,6.815,2.34
R-011,10091403662,3193827831,7.59,residential,,2,6.0,30,False,1,3.58,3.58,3.58,0.0,0.0,0.762,2.38,1.0,1.0,16.0,6.866,1.98
R-012,10091403664,10091403656,29.95,tertiary,,2,8.0,40,True,4,1.95,1.58,2.16,0.58,0.0194,0.777,2.23,61.03,83.09,28.0,9.632,1.75
R-013,10091403664,245666192,6.21,residential,,2,6.0,30,False,1,2.16,2.16,2.16,0.0,0.0,0.775,2.25,83.09,83.09,16.0,10.566,1.86
R-014,10111287875,13618292025,47.89,residential,,2,6.0,30,False,7,21.95,15.53,25.89,10.36,0.2163,0.589,4.11,1.17,1.75,32.0,5.241,10.55
R-015,10213907200,11027088421,342.73,unclassified,Kanzul Iman Road,2,6.0,30,False,41,5.56,1.4,11.1,9.7,0.0283,0.743,2.57,5.37,30.29,24.27,7.263,3.18
R-016,10245790327,10245790331,31.71,trunk,Santa Cruz – Chembur Link Road,3,18.0,60,True,5,7.11,6.82,7.41,0.59,0.0186,0.729,2.71,1.0,1.0,5.2,6.454,2.98
R-017,10245790331,13798210715,64.09,trunk,Santa Cruz – Chembur Link Road,3,18.0,60,True,8,3.23,-1.89,6.82,8.71,0.1359,0.765,2.35,20.02,48.41,3.25,7.233,4.96
R-018,10245790331,13798244195,9.33,residential,,2,6.0,30,True,3,6.73,6.67,6.82,0.15,0.0161,0.732,2.68,1.0,1.0,4.0,5.982,3.95
R-019,10265662124,12406104883,82.88,trunk,Santa Cruz – Chembur Link Road,3,18.0,60,True,9,6.64,6.0,7.05,1.05,0.0127,0.733,2.67,1.33,2.18,10.67,7.255,1.36
R-020,10265662124,12406104885,13.21,residential,,2,6.0,30,False,2,6.25,6.16,6.33,0.17,0.0129,0.737,2.63,1.45,1.62,48.0,6.58,2.38
R-021,10265662126,10265662124,147.7,trunk,Santa Cruz – Chembur Link Road,3,18.0,60,True,17,3.1,0.86,6.33,5.47,0.037,0.766,2.34,50.71,150.71,12.82,7.716,2.36
R-022,10265662126,6428382636,15.66,residential,,2,6.0,30,False,3,3.14,2.91,3.41,0.5,0.0319,0.766,2.34,2.42,2.81,4.0,7.607,1.83
R-023,10265662174,622042581,86.75,trunk_link,,1,8.0,40,True,11,3.68,2.46,4.32,1.86,0.0214,0.761,2.39,7.43,11.8,75.64,7.255,6.73
R-024,10265662174,622042582,45.31,trunk,Santa Cruz – Chembur Link Road,3,18.0,60,True,5,4.41,3.37,5.39,2.02,0.0446,0.754,2.46,8.19,10.9,57.6,6.946,9.28
R-025,10265662175,10265662174,41.47,trunk,Santa Cruz – Chembur Link Road,3,18.0,60,True,5,3.33,2.64,4.02,1.38,0.0333,0.764,2.36,20.09,34.37,25.6,8.377,4.65
R-026,10265662175,12406085638,134.01,trunk_link,,1,8.0,40,True,16,2.89,1.22,4.98,3.76,0.0281,0.768,2.32,15.07,34.37,38.0,7.951,3.99
R-027,10279771623,10279771626,41.31,primary_link,,1,7.0,40,True,5,3.2,1.54,4.63,3.09,0.0748,0.765,2.35,2.22,3.95,8.0,7.431,2.14
R-028,10279771623,631507992,28.4,primary,Bandra Kurla Complex Road,3,14.0,50,True,5,2.49,1.54,3.9,2.36,0.0831,0.772,2.28,2.78,3.95,7.2,7.322,3.17
R-029,10279771626,2897024777,70.02,tertiary,Street 9,2,8.0,40,True,4,4.91,4.63,5.0,0.37,0.0053,0.749,2.51,1.05,1.19,8.0,7.583,0.77
R-030,10279771627,10279771631,54.54,primary_link,,1,7.0,40,True,6,8.89,7.13,9.7,2.57,0.0471,0.712,2.88,1.12,1.22,3.0,6.035,4.77
R-031,10279771627,245666966,35.27,primary,Bandra Kurla Complex Road,3,14.0,50,True,5,9.32,7.13,10.86,3.73,0.1058,0.708,2.92,1.07,1.19,6.0,5.979,4.97
R-032,10279771631,631507969,76.02,secondary,Street 7,2,10.0,40,True,9,8.39,7.44,9.07,1.63,0.0214,0.716,2.84,1.05,1.34,4.0,6.443,3.07
R-033,10292442915,13383144370,76.65,secondary,Street 3,2,10.0,40,True,8,11.62,11.04,12.0,0.96,0.0125,0.686,3.14,1.73,2.92,34.0,7.606,1.38
R-034,10294725029,12350425034,184.13,tertiary,Sharada Devi Road,2,8.0,40,True,23,4.2,0.78,5.74,4.96,0.0269,0.756,2.44,1.52,3.44,5.48,6.996,2.7
R-035,10294725029,13638535682,24.64,residential,,2,6.0,30,False,4,4.54,4.32,4.81,0.49,0.0199,0.753,2.47,1.0,1.0,4.75,6.465,2.81
R-036,10316548327,6428793085,65.39,residential,,2,6.0,30,False,8,7.07,6.04,9.12,3.08,0.0471,0.729,2.71,9.23,18.48,26.0,8.25,3.13
R-037,10384248274,10384248275,22.33,trunk_link,,1,8.0,40,False,5,5.04,3.78,6.02,2.24,0.1003,0.748,2.52,12.13,32.64,44.8,6.851,2.61
R-038,10384248274,2897024866,30.44,trunk,Santa Cruz – Chembur Link Road,3,18.0,60,True,5,5.68,5.03,6.02,0.99,0.0325,0.742,2.58,1.26,1.91,76.8,6.39,3.9
R-039,10384248275,10384248274,22.33,trunk_link,,1,8.0,40,False,5,5.04,3.78,6.02,2.24,0.1003,0.748,2.52,12.13,32.64,44.8,6.851,2.61
R-040,10384248275,12406104884,257.8,trunk,Santa Cruz – Chembur Link Road,3,18.0,60,True,31,5.64,2.38,7.63,5.25,0.0204,0.743,2.57,11.09,77.58,30.06,8.051,1.46
R-041,10564373799,10564373800,16.79,residential,,2,6.0,30,False,2,5.64,5.3,5.98,0.68,0.0405,0.742,2.58,5.19,5.68,1.5,7.755,3.56
R-042,10564373799,245667361,48.5,trunk,Santa Cruz – Chembur Link Road,3,18.0,60,True,7,4.76,4.0,5.88,1.88,0.0388,0.751,2.49,4.22,5.74,37.29,7.454,6.37
R-043,10564373800,10564373799,16.79,residential,,2,6.0,30,False,2,5.64,5.3,5.98,0.68,0.0405,0.742,2.58,5.19,5.68,1.5,7.755,3.56
R-044,10653501374,10653501375,64.59,residential,,2,6.0,30,False,7,12.09,8.37,14.02,5.65,0.0875,0.682,3.18,1.19,1.56,20.29,5.762,6.25
R-045,10653501374,245665910,119.23,residential,M D Abasaheb Shinde Marg,2,6.0,30,False,16,3.95,2.43,8.37,5.94,0.0498,0.758,2.42,12.71,35.51,74.0,8.17,3.03
R-046,10653501374,473698890,69.48,residential,M D Abasaheb Shinde Marg,2,6.0,30,False,10,12.73,8.37,15.69,7.32,0.1054,0.676,3.24,1.25,1.77,39.2,5.966,5.56
R-047,10653501375,10653501374,64.59,residential,,2,6.0,30,False,7,12.09,8.37,14.02,5.65,0.0875,0.682,3.18,1.19,1.56,20.29,5.762,6.25
R-048,10653501375,10696472308,7.52,residential,,2,6.0,30,False,2,13.21,12.4,14.02,1.62,0.2154,0.671,3.29,1.05,1.1,3.0,5.958,4.9
R-049,10653501375,245666351,155.72,residential,,2,6.0,30,False,21,8.39,5.31,14.44,9.13,0.0586,0.716,2.84,1.34,1.99,4.29,6.817,3.76
R-050,10653501375,473698890,29.16,residential,,2,6.0,30,False,4,14.84,14.02,15.36,1.34,0.046,0.656,3.44,1.0,1.0,2.5,6.133,3.93
R-051,10696472306,13638535670,39.79,residential,,2,6.0,30,False,6,5.46,5.31,5.65,0.34,0.0085,0.744,2.56,1.54,1.69,2.0,7.947,1.51
R-052,10696472306,13638535675,29.79,residential,,2,6.0,30,False,4,5.45,4.97,6.02,1.05,0.0352,0.744,2.56,2.33,3.31,2.5,7.642,2.48
R-053,10696472306,245666367,71.59,residential,,2,6.0,30,False,10,4.59,4.05,5.31,1.26,0.0176,0.752,2.48,7.43,15.14,4.4,8.509,1.67
R-054,10696472307,10696472308,48.33,residential,,2,6.0,30,False,7,11.89,9.73,13.42,3.69,0.0764,0.684,3.16,1.19,1.51,6.0,5.916,5.64
R-055,10696472307,13638535675,33.56,residential,,2,6.0,30,False,5,8.06,6.02,9.73,3.71,0.1105,0.72,2.8,1.89,3.31,6.4,6.258,5.56
R-056,10696472307,245666323,69.45,residential,,2,6.0,30,False,10,7.95,6.91,9.73,2.82,0.0406,0.721,2.79,2.32,3.71,13.6,6.785,4.06
R-057,10696472308,10653501375,7.52,residential,,2,6.0,30,False,2,13.21,12.4,14.02,1.62,0.2154,0.671,3.29,1.05,1.1,3.0,5.958,4.9
R-058,10696472308,10696472307,48.33,residential,,2,6.0,30,False,7,11.89,9.73,13.42,3.69,0.0764,0.684,3.16,1.19,1.51,6.0,5.916,5.64
R-059,10696472308,13638535652,64.73,residential,,2,6.0,30,False,9,11.39,7.22,13.32,6.1,0.0942,0.688,3.12,1.19,1.5,16.0,5.812,6.11
R-060,10696472308,245666260,71.83,residential,,2,6.0,30,False,8,9.85,8.89,12.4,3.51,0.0489,0.703,2.97,1.2,1.52,7.38,6.586,3.09
R-061,10696472309,13638535652,3.19,residential,,2,6.0,30,False,1,7.22,7.22,7.22,0.0,0.0,0.728,2.72,1.34,1.34,128.0,6.102,5.78
R-062,10696472347,10696472356,48.98,residential,Ramakrishna Paramahansa Marg,2,6.0,30,False,7,2.68,2.01,3.47,1.46,0.0298,0.77,2.3,17.93,27.3,21.71,10.592,2.39
R-063,10696472347,13638535683,64.81,residential,Ramakrishna Paramahansa Marg,2,6.0,30,False,9,4.89,2.66,7.22,4.56,0.0704,0.749,2.51,3.66,14.77,7.56,7.21,3.57
R-064,10696472347,245666482,74.32,residential,,2,6.0,30,False,9,2.35,2.02,2.72,0.7,0.0094,0.773,2.27,23.84,34.69,3.56,12.491,1.68
R-065,10696472349,10696472350,66.34,residential,Ramakrishna Paramahansa Marg,2,6.0,30,False,6,8.0,6.82,8.66,1.84,0.0277,0.72,2.8,1.1,1.35,2.5,6.707,2.41
R-066,10696472349,13638535686,74.14,residential,,2,6.0,30,False,8,5.07,3.04,6.82,3.78,0.051,0.748,2.52,3.88,8.84,1.88,7.184,2.9
R-067,10696472349,2439333822,119.0,residential,Ramakrishna Paramahansa Marg,2,6.0,30,False,16,4.6,4.02,6.82,2.8,0.0235,0.752,2.48,4.62,8.4,15.19,8.28,1.7
R-068,10696472349,245666190,28.07,residential,,2,6.0,30,False,5,6.53,6.16,6.84,0.68,0.0242,0.734,2.66,1.35,1.88,1.2,6.618,2.93
R-069,10696472350,10696472349,66.34,residential,Ramakrishna Paramahansa Marg,2,6.0,30,False,6,8.0,6.82,8.66,1.84,0.0277,0.72,2.8,1.1,1.35,2.5,6.707,2.41
R-070,10696472350,13638535683,64.98,residential,Ramakrishna Paramahansa Marg,2,6.0,30,False,9,7.71,7.22,8.22,1.0,0.0154,0.723,2.77,1.27,1.6,4.0,6.885,2.3
R-071,10696472350,13638535685,72.75,residential,,2,6.0,30,False,11,5.98,3.21,8.22,5.01,0.0689,0.739,2.61,2.39,4.97,4.73,7.006,3.35
R-072,10696472350,245666260,30.74,residential,,2,6.0,30,False,5,8.57,8.22,8.89,0.67,0.0218,0.715,2.85,1.12,1.35,4.0,7.27,1.29
R-073,10696472351,13638535681,16.07,residential,Ramakrishna Paramahansa Marg,2,6.0,30,False,3,4.41,3.97,4.85,0.88,0.0548,0.754,2.46,1.97,2.58,3.33,7.512,1.92
R-074,10696472356,10696472347,48.98,residential,Ramakrishna Paramahansa Marg,2,6.0,30,False,7,2.68,2.01,3.47,1.46,0.0298,0.77,2.3,17.93,27.3,21.71,10.592,2.39
R-075,10696472356,13638535681,14.31,residential,Ramakrishna Paramahansa Marg,2,6.0,30,False,3,3.8,3.47,3.97,0.5,0.0349,0.76,2.4,4.38,8.32,85.67,7.525,2.63
R-076,10696472356,245666446,29.73,residential,,2,6.0,30,False,4,3.84,3.46,4.49,1.03,0.0346,0.759,2.41,5.56,8.77,33.5,7.707,2.48
R-077,10724726259,11047568171,11.43,tertiary,Sharada Devi Road,2,8.0,40,True,3,2.14,2.07,2.23,0.16,0.014,0.775,2.25,1.44,1.94,106.67,8.071,0.67
R-078,10724726259,13617040682,6.53,residential,,2,6.0,30,False,1,2.23,2.23,2.23,0.0,0.0,0.774,2.26,1.94,1.94,128.0,8.265,0.71
R-079,10724781030,13617040686,34.9,tertiary,,2,8.0,40,True,5,-0.45,-0.84,-0.19,0.65,0.0186,0.799,2.01,258.26,419.46,28.8,10.296,1.79
R-080,10724781030,245666801,7.12,tertiary,,2,8.0,40,False,2,-0.15,-0.21,-0.09,0.12,0.0169,0.796,2.04,205.44,249.92,32.0,8.994,1.77
R-081,10772904744,2804481649,69.76,trunk,Santa Cruz – Chembur Link Road,3,18.0,60,True,0,,,,,,,,,,,,
R-082,10840042416,13619396536,18.54,residential,,2,6.0,30,False,0,,,,,,,,,,,,
R-083,10923438752,622039354,34.51,residential,,2,6.0,30,False,5,2.62,1.59,3.38,1.79,0.0519,0.771,2.29,20.19,47.52,6.8,7.926,2.79
R-084,10923690270,10923690281,153.14,residential,,2,6.0,30,False,0,,,,,,,,,,,,
R-085,10923690270,6554236451,93.08,residential,,2,6.0,30,False,0,,,,,,,,,,,,
R-086,10923690270,6554236455,37.36,residential,,2,6.0,30,False,0,,,,,,,,,,,,
R-087,10923690281,10923690270,153.14,residential,,2,6.0,30,False,0,,,,,,,,,,,,
R-088,10923690283,10923690287,29.89,residential,,2,6.0,30,False,0,,,,,,,,,,,,
R-089,10923690283,6554236429,13.34,residential,,2,6.0,30,False,0,,,,,,,,,,,,
R-090,10923690283,6554236451,112.47,residential,,2,6.0,30,False,0,,,,,,,,,,,,
R-091,10923690287,10923690283,29.89,residential,,2,6.0,30,False,0,,,,,,,,,,,,
R-092,10923690293,13617292726,6.68,residential,,2,6.0,30,False,0,,,,,,,,,,,,
R-093,10923690293,13617292729,36.91,residential,,2,6.0,30,False,0,,,,,,,,,,,,
R-094,10923690293,2244637068,48.3,residential,,2,6.0,30,False,0,,,,,,,,,,,,
R-095,10924156281,9684698224,68.54,residential,,2,6.0,30,False,0,,,,,,,,,,,,
R-096,10924277272,10924277275,31.57,residential,,2,6.0,30,False,4,3.9,2.66,4.9,2.24,0.071,0.759,2.42,3.55,8.02,1.75,7.204,2.55
R-097,10924277272,12756633089,92.32,residential,,2,6.0,30,False,11,6.38,4.9,7.5,2.6,0.0282,0.735,2.65,1.0,1.02,21.09,6.047,4.29
R-098,10924277272,12756633089,156.13,residential,,2,6.0,30,False,19,3.29,1.26,5.83,4.57,0.0293,0.764,2.36,7.42,74.73,27.05,6.559,4.49
R-099,10924277275,10924277272,31.57,residential,,2,6.0,30,False,4,3.9,2.66,4.9,2.24,0.071,0.759,2.42,3.55,8.02,1.75,7.204,2.55
R-100,10924277275,10924277275,339.19,residential,,2,6.0,30,False,37,2.69,2.0,3.17,1.17,0.0034,0.77,2.3,6.83,26.75,27.49,9.36,1.46
R-101,10924277275,10924277275,339.19,residential,,2,6.0,30,False,37,2.69,2.0,3.17,1.17,0.0034,0.77,2.3,6.83,26.75,27.49,9.36,1.46
R-102,10925931739,11046205760,18.27,residential,,2,6.0,30,False,2,4.83,4.67,4.99,0.32,0.0175,0.75,2.5,1.3,1.36,1.0,6.667,2.77
R-103,10925931739,13619485526,8.68,residential,,2,6.0,30,False,2,4.84,4.67,5.01,0.34,0.0392,0.75,2.5,1.2,1.36,1.0,6.573,2.65
R-104,10925931739,2244797686,51.06,residential,,2,6.0,30,False,7,3.15,1.52,4.67,3.15,0.0617,0.766,2.34,1.73,2.5,20.71,6.88,3.29
R-105,10925931740,13619485519,103.44,residential,,2,6.0,30,False,11,4.76,3.78,5.72,1.94,0.0188,0.751,2.49,1.77,3.2,58.64,7.02,2.46
R-106,10925931740,13619485519,10.53,residential,,2,6.0,30,False,3,4.78,4.62,5.05,0.43,0.0408,0.75,2.5,1.27,1.49,1.0,6.688,2.43
R-107,10925931740,13619485526,12.82,residential,,2,6.0,30,False,2,5.03,5.01,5.05,0.04,0.0031,0.748,2.52,1.17,1.3,1.0,6.591,2.59
R-108,10925931781,245667933,125.58,residential,Parshiwadi Road,2,6.0,30,False,16,4.28,2.47,6.05,3.58,0.0285,0.755,2.45,4.75,12.71,49.0,7.29,3.8
R-109,10925931781,245668039,8.27,secondary,Jawaharlal Nehru Road,2,10.0,40,False,2,2.3,2.13,2.47,0.34,0.0411,0.774,2.26,9.31,10.84,0.0,9.601,1.64
R-110,10925931781,4342420515,46.46,secondary,Jawaharlal Nehru Road,2,10.0,40,False,5,3.63,2.47,5.19,2.72,0.0585,0.761,2.39,4.0,7.78,1.6,7.565,4.01
R-111,10925941296,10925941300,34.66,residential,,2,6.0,30,False,6,4.03,3.63,4.67,1.04,0.03,0.757,2.43,1.38,2.06,23.0,7.015,2.07
R-112,10925941300,10925941296,34.66,residential,,2,6.0,30,False,6,4.03,3.63,4.67,1.04,0.03,0.757,2.43,1.38,2.06,23.0,7.015,2.07
R-113,10925941300,13619412997,44.77,residential,,2,6.0,30,False,6,4.32,3.63,5.35,1.72,0.0384,0.755,2.45,1.43,2.06,44.0,7.055,2.21
R-114,10925941300,13622503093,33.46,residential,,2,6.0,30,False,4,3.46,3.29,3.63,0.34,0.0102,0.762,2.38,2.46,2.71,2.0,7.927,1.86
R-115,10925943006,13619500841,47.23,residential,,2,6.0,30,False,0,,,,,,,,,,,,
R-116,10925943006,13622503093,9.08,residential,,2,6.0,30,False,0,,,,,,,,,,,,
R-117,10925943006,13622528191,15.5,residential,,2,6.0,30,False,0,,,,,,,,,,,,
R-118,11027088421,10213907200,342.73,unclassified,Kanzul Iman Road,2,6.0,30,False,41,5.56,1.4,11.1,9.7,0.0283,0.743,2.57,5.37,30.29,24.27,7.263,3.18
R-119,11027088421,2897024682,481.95,unclassified,Kanzul Iman Road,2,6.0,30,True,57,6.93,2.97,11.34,8.37,0.0174,0.73,2.7,10.13,47.32,6.63,8.489,1.77
R-120,11045926287,7404711443,269.44,residential,,2,6.0,30,False,4,8.94,8.02,9.9,1.88,0.007,0.711,2.89,1.42,2.13,96.25,7.006,2.77
R-121,11046194844,11046194845,19.74,residential,,2,6.0,30,False,4,0.32,0.18,0.59,0.41,0.0208,0.793,2.07,5.34,5.55,104.0,8.653,
R-122,11046194845,11046194844,19.74,residential,,2,6.0,30,False,4,0.32,0.18,0.59,0.41,0.0208,0.793,2.08,5.34,5.55,104.0,8.653,
R-123,11046194845,13619396529,29.14,residential,Siddharth Nagar Road,2,6.0,30,False,2,0.59,0.59,0.59,0.0,0.0,0.79,2.1,4.82,4.82,32.0,8.168,
R-124,11046194845,2244797686,23.64,residential,Siddharth Nagar Road,2,6.0,30,False,4,1.02,0.59,1.52,0.93,0.0393,0.786,2.14,3.83,4.82,32.0,7.754,3.11
R-125,11046205758,11046205759,24.89,residential,,2,6.0,30,False,4,6.0,5.47,6.31,0.84,0.0337,0.739,2.61,1.07,1.2,48.25,6.878,2.66
R-126,11046205759,11046205758,24.89,residential,,2,6.0,30,False,4,6.0,5.47,6.31,0.84,0.0337,0.739,2.61,1.07,1.2,48.25,6.878,2.66
R-127,11046205759,11046205760,20.9,residential,,2,6.0,30,False,3,5.26,4.99,5.47,0.48,0.023,0.746,2.54,1.15,1.24,1.0,6.707,2.65
R-128,11046205759,13622492455,2.71,residential,,2,6.0,30,False,1,5.47,5.47,5.47,0.0,0.0,0.744,2.56,1.2,1.2,1.0,6.769,2.66
R-129,11046205760,10925931739,18.27,residential,,2,6.0,30,False,2,4.83,4.67,4.99,0.32,0.0175,0.75,2.5,1.3,1.36,1.0,6.667,2.77
R-130,11046205760,11046205759,20.9,residential,,2,6.0,30,False,3,5.26,4.99,5.47,0.48,0.023,0.746,2.54,1.15,1.24,1.0,6.707,2.65
R-131,11046205760,13622492459,27.53,residential,,2,6.0,30,False,5,4.64,4.23,4.99,0.76,0.0276,0.752,2.48,1.38,1.66,19.4,6.649,3.07
R-132,11047568171,13617040683,46.74,tertiary,Sharada Devi Road,2,8.0,40,True,7,2.05,2.0,2.14,0.14,0.003,0.776,2.24,1.35,1.69,29.71,9.585,0.66
R-133,11047568171,13626183257,126.95,residential,,2,6.0,30,False,14,2.35,2.0,2.89,0.89,0.007,0.773,2.27,1.69,3.67,17.86,9.075,0.94
R-134,11047597219,13619318851,57.84,residential,,2,6.0,30,False,9,5.44,3.74,7.62,3.88,0.0671,0.744,2.56,1.81,2.67,2.67,6.387,5.02
R-135,11047597219,13619318852,25.35,residential,,2,6.0,30,False,4,5.49,4.93,5.82,0.89,0.0351,0.744,2.56,1.09,1.35,2.0,6.347,3.31
R-136,11047597219,13619318864,14.89,residential,,2,6.0,30,False,3,4.07,3.2,4.93,1.73,0.1162,0.757,2.43,1.76,2.08,2.0,6.493,4.24
R-137,11054614468,11054614468,200.97,residential,,2,6.0,30,False,22,6.98,6.0,8.08,2.08,0.0103,0.73,2.7,3.43,7.46,30.64,7.333,3.76
R-138,11054614468,11054614468,200.97,residential,,2,6.0,30,False,22,6.98,6.0,8.08,2.08,0.0103,0.73,2.7,3.43,7.46,30.64,7.333,3.76
R-139,11054614468,3743617940,13.33,residential,,2,6.0,30,False,2,8.0,7.99,8.0,0.01,0.0008,0.72,2.8,1.0,1.0,8.0,6.96,1.77
R-140,11054646813,11054646825,16.11,residential,,2,6.0,30,False,2,8.99,8.58,9.4,0.82,0.0509,0.711,2.89,1.0,1.01,4.0,5.873,5.04
R-141,11054646813,2244637012,57.63,residential,Sunder Nagar Road Number 2,2,6.0,30,False,7,6.21,3.59,8.58,4.99,0.0866,0.737,2.63,2.51,5.53,2.57,6.101,7.61
R-142,11054646813,622060792,14.23,residential,Sunder Nagar Road Number 2,2,6.0,30,False,3,8.53,8.05,8.96,0.91,0.0639,0.715,2.85,1.0,1.01,4.0,5.97,4.84
R-143,11054646825,11054646813,16.11,residential,,2,6.0,30,False,2,8.99,8.58,9.4,0.82,0.0509,0.711,2.89,1.0,1.01,4.0,5.873,5.04
R-144,11054646825,11054646825,107.16,residential,,2,6.0,30,False,12,10.28,8.51,11.66,3.15,0.0294,0.699,3.01,1.0,1.0,44.5,6.109,4.58
R-145,11054646825,11054646825,107.16,residential,,2,6.0,30,False,12,10.28,8.51,11.66,3.15,0.0294,0.699,3.01,1.0,1.0,44.5,6.109,4.58
R-146,11054673420,2244637056,46.64,residential,,2,6.0,30,False,0,,,,,,,,,,,,
R-147,11271580571,10091403659,6.71,primary,Bandra Kurla Complex Road,3,14.0,50,True,1,7.71,7.71,7.71,0.0,0.0,0.723,2.77,3.63,3.63,8.0,7.895,2.18
R-148,11271580571,13617067002,61.72,tertiary,,2,8.0,40,True,9,6.99,5.88,7.71,1.83,0.0297,0.73,2.7,2.8,3.99,9.78,7.199,2.72
R-149,11368130746,7404711477,113.44,residential,,2,6.0,30,False,15,6.58,6.0,7.27,1.27,0.0112,0.733,2.67,1.5,2.86,26.13,9.953,1.17
R-150,11976374939,13622308166,65.09,tertiary,,2,8.0,40,False,8,5.25,5.0,6.01,1.01,0.0155,0.746,2.54,18.98,22.42,15.5,9.347,1.74
R-151,11976374939,245666426,36.9,tertiary,Avenue 3,2,8.0,40,True,6,5.34,5.0,6.12,1.12,0.0304,0.745,2.55,13.6,18.0,3.67,8.774,1.79
R-152,12079741513,2897024615,17.64,secondary,Street 3,2,10.0,40,True,4,8.08,8.0,8.33,0.33,0.0187,0.719,2.81,16.57,20.24,8.0,9.754,1.63
R-153,12079741513,6552594957,398.69,primary,Bandra Kurla Complex Road,3,14.0,50,True,43,11.96,8.02,14.92,6.9,0.0173,0.683,3.17,7.51,52.05,32.19,7.58,2.53
R-154,12084454212,631525434,42.28,tertiary,Street 7,2,8.0,40,True,5,7.85,7.56,8.0,0.44,0.0104,0.721,2.79,1.13,1.34,26.4,7.356,1.26
R-155,12084454212,9469495781,9.2,secondary,Avenue 3: Lane 3,2,10.0,40,True,3,7.78,7.64,7.91,0.27,0.0293,0.722,2.78,1.22,1.36,5.67,7.88,0.83
R-156,12243225438,245667542,141.67,trunk,Santa Cruz – Chembur Link Road,3,18.0,60,True,16,5.07,3.06,6.26,3.2,0.0226,0.748,2.52,2.44,8.55,11.94,7.288,2.27
R-157,12311766936,2897024667,12.64,tertiary,Street 7,2,8.0,40,True,3,6.96,6.73,7.14,0.41,0.0324,0.73,2.7,3.66,5.31,2.67,7.323,2.07
R-158,12311766936,476488948,198.12,tertiary,Avenue 3,2,8.0,40,True,22,8.61,7.14,10.28,3.14,0.0158,0.715,2.85,2.2,4.65,20.95,7.353,2.15
R-159,12313982248,13615172966,7.68,residential,,2,6.0,30,False,1,1.02,1.02,1.02,0.0,0.0,0.786,2.14,4.8,4.8,4.0,8.145,2.18
R-160,12313982248,13617040693,31.44,tertiary,,2,8.0,40,True,5,1.63,1.02,2.39,1.37,0.0436,0.78,2.2,3.11,4.8,7.2,7.498,2.44
R-161,12313982248,13619368472,36.88,residential,,2,6.0,30,False,4,0.83,0.76,1.02,0.26,0.007,0.788,2.12,5.12,5.3,7.0,8.144,2.13
R-162,12313982253,12313982254,8.92,residential,,2,6.0,30,False,2,-0.04,-0.52,0.45,0.97,0.1087,0.796,2.04,242.16,299.2,32.0,11.21,2.47
R-163,12313982253,13617040688,39.95,tertiary,,2,8.0,40,True,6,0.44,-0.52,1.84,2.36,0.0591,0.791,2.09,177.18,299.2,24.0,10.035,3.33
R-164,12313982253,3803645219,213.14,residential,,2,6.0,30,False,26,2.52,-0.52,5.81,6.33,0.0297,0.772,2.28,32.24,299.2,31.08,7.637,2.91
R-165,12313982254,12313982253,8.92,residential,,2,6.0,30,False,2,-0.04,-0.52,0.45,0.97,0.1087,0.796,2.04,242.16,299.2,32.0,11.21,2.47
R-166,12313982254,13617040685,16.07,tertiary,,2,8.0,40,True,4,-0.4,-0.84,0.45,1.29,0.0803,0.799,2.01,336.74,443.19,32.0,12.046,2.01
R-167,12334925193,2804520131,48.26,trunk,Santa Cruz – Chembur Link Road,3,18.0,60,True,6,4.12,3.62,4.62,1.0,0.0207,0.757,2.43,4.54,6.11,32.0,8.467,1.56
R-168,12334925204,10265648752,1919.79,trunk,Flyover,2,18.0,60,True,220,4.96,-0.22,14.84,15.06,0.0078,0.749,2.51,11.01,203.59,34.51,7.74,2.42
R-169,12334925204,12334925193,324.23,trunk_link,,1,8.0,40,True,38,7.9,3.03,14.84,11.81,0.0364,0.721,2.79,2.89,11.73,48.03,6.708,4.73
R-170,12350301184,245666579,14.74,tertiary,Sharada Devi Road,2,8.0,40,True,3,0.46,0.14,0.78,0.64,0.0434,0.791,2.09,1.55,1.9,2.0,7.912,2.44
R-171,12350391111,10294725029,8.95,tertiary,Sharada Devi Road,2,8.0,40,True,2,4.44,4.25,4.62,0.37,0.0413,0.754,2.46,1.0,1.0,4.5,6.438,2.76
R-172,12350391111,12350391112,8.29,tertiary_link,,1,6.0,30,False,2,4.22,4.2,4.25,0.05,0.006,0.756,2.45,1.07,1.14,4.5,6.527,2.63
R-173,12350391112,12350391111,8.29,tertiary_link,,1,6.0,30,False,2,4.22,4.2,4.25,0.05,0.006,0.756,2.45,1.07,1.14,4.5,6.527,2.63
R-174,12350391112,13617092826,85.79,tertiary,Sharada Devi Road,2,8.0,40,True,11,2.65,1.99,4.2,2.21,0.0258,0.771,2.29,2.0,3.74,36.55,7.659,1.56
R-175,12350425034,245666579,7.73,residential,,2,6.0,30,False,2,0.79,0.78,0.79,0.01,0.0013,0.788,2.12,1.84,1.9,2.0,7.399,2.99
R-176,12350446596,12350446597,7.21,tertiary_link,,1,6.0,30,False,2,6.61,6.5,6.71,0.21,0.0291,0.733,2.67,3.29,3.72,2.0,7.336,3.03
R-177,12350446596,13621901230,54.21,tertiary,,2,8.0,40,True,6,4.77,3.32,6.5,3.18,0.0587,0.75,2.5,6.04,8.63,2.0,7.704,3.4
R-178,12350446597,12350446596,7.21,tertiary_link,,1,6.0,30,False,2,6.61,6.5,6.71,0.21,0.0291,0.733,2.67,3.29,3.72,2.0,7.336,3.03
R-179,12350446597,13621901233,51.22,tertiary,,2,8.0,40,True,6,7.67,6.71,8.0,1.29,0.0252,0.723,2.77,1.62,2.87,65.0,7.843,2.53
R-180,12350931355,2897024749,9.82,tertiary,Street 9,2,8.0,40,True,0,,,,,,,,,,,,
R-181,12350931355,631507991,96.86,tertiary,Avenue 3,2,8.0,40,True,0,,,,,,,,,,,,
R-182,12350931356,12350931355,8.27,tertiary,Avenue 3,2,8.0,40,True,0,,,,,,,,,,,,
R-183,12378368422,12378368426,5.99,residential,,2,6.0,30,False,1,23.94,23.94,23.94,0.0,0.0,0.57,4.3,1.0,1.0,2.0,5.817,5.9
R-184,12378368422,6490872923,67.3,residential,,2,6.0,30,False,8,18.2,10.87,23.94,13.07,0.1942,0.624,3.76,1.69,2.74,10.25,5.689,10.04
R-185,12378368422,6490872930,25.19,residential,,2,6.0,30,True,4,23.52,22.68,24.07,1.39,0.0552,0.574,4.26,1.14,1.36,2.0,6.113,4.56
R-186,12378368426,12378368422,5.99,residential,,2,6.0,30,False,1,23.94,23.94,23.94,0.0,0.0,0.57,4.3,1.0,1.0,2.0,5.817,5.9
R-187,12378368426,245667468,17.87,residential,,2,6.0,30,False,3,24.44,23.94,24.93,0.99,0.0554,0.566,4.34,1.0,1.0,2.0,6.042,4.73
R-188,12378368427,12378368426,25.09,residential,,2,6.0,30,True,4,23.52,22.68,24.07,1.39,0.0554,0.574,4.26,1.14,1.36,2.0,6.113,4.55
R-189,12378368427,6490872930,6.18,residential,,2,6.0,30,False,1,22.68,22.68,22.68,0.0,0.0,0.582,4.18,1.36,1.36,2.0,6.407,3.61
R-190,12406085638,10384248275,2.73,trunk,Santa Cruz – Chembur Link Road,3,18.0,60,True,2,4.38,3.78,4.98,1.2,0.4396,0.754,2.46,16.84,32.64,32.0,7.038,2.03
R-191,12406104882,10265662126,45.18,trunk,Santa Cruz – Chembur Link Road,3,18.0,60,True,6,3.69,3.41,4.0,0.59,0.0131,0.761,2.39,1.59,2.16,23.67,7.551,1.1
R-192,12406104882,10772904744,1804.27,trunk,SCLR Flyover,4,18.0,80,True,199,5.13,-2.09,15.49,17.58,0.0097,0.747,2.53,9.67,150.71,34.79,7.558,2.93
R-193,12406104883,12406104884,28.17,trunk_link,,1,8.0,40,False,4,6.0,6.0,6.0,0.0,0.0,0.739,2.61,2.39,2.7,2.5,8.226,0.94
R-194,12406104883,5911310878,221.94,trunk,Santa Cruz – Chembur Link Road,3,18.0,60,True,25,6.16,4.96,7.03,2.07,0.0093,0.737,2.63,3.7,19.73,22.08,7.884,1.26
R-195,12406104884,12406104883,28.17,trunk_link,,1,8.0,40,False,4,6.0,6.0,6.0,0.0,0.0,0.739,2.61,2.39,2.7,2.5,8.226,0.94
R-196,12406104884,245667803,483.15,trunk,Santa Cruz – Chembur Link Road,3,18.0,60,True,54,4.68,-0.15,7.85,8.0,0.0166,0.751,2.49,23.42,200.12,18.06,7.773,1.32
R-197,12406104885,10265662124,13.21,residential,,2,6.0,30,False,2,6.25,6.16,6.33,0.17,0.0129,0.737,2.63,1.45,1.62,48.0,6.58,2.38
R-198,12406104885,13618374677,76.32,residential,,2,6.0,30,False,9,6.12,5.81,6.64,0.83,0.0109,0.738,2.62,2.37,6.56,28.89,7.201,1.83
R-199,12406104885,6428382636,156.17,residential,,2,6.0,30,False,17,2.9,-0.19,6.16,6.35,0.0407,0.768,2.32,53.02,195.44,22.94,7.76,3.24
R-200,12486614582,11187458034,9.33,tertiary,Nanasaheb Dharmadhikari Marg,2,8.0,40,True,1,5.98,5.98,5.98,0.0,0.0,0.739,2.61,1.0,1.0,32.0,6.84,
R-201,12486614582,6428811261,4.7,tertiary,Nanasaheb Dharmadhikari Marg,2,8.0,40,False,2,5.98,5.98,5.98,0.0,0.0,0.739,2.61,1.0,1.0,32.0,6.84,
R-202,12486614584,12486614582,7.27,tertiary,Nanasaheb Dharmadhikari Marg,2,8.0,40,True,1,5.98,5.98,5.98,0.0,0.0,0.739,2.61,1.0,1.0,32.0,6.84,
R-203,12756633089,10924277272,92.32,residential,,2,6.0,30,False,11,6.38,4.9,7.5,2.6,0.0282,0.735,2.65,1.0,1.02,21.09,6.047,4.29
R-204,12756633089,10924277272,156.13,residential,,2,6.0,30,False,19,3.29,1.26,5.83,4.57,0.0293,0.764,2.36,7.42,74.73,27.05,6.559,4.49
R-205,12756633089,6428382636,95.51,residential,,2,6.0,30,False,11,4.38,2.79,5.75,2.96,0.031,0.754,2.46,1.85,3.05,8.18,6.794,3.14
R-206,13093786757,12334925204,88.97,trunk,,2,18.0,60,True,13,7.35,6.82,7.88,1.06,0.0119,0.726,2.74,1.13,1.42,25.54,7.563,1.17
R-207,13398075180,13398075181,14.55,tertiary_link,,1,6.0,30,False,3,3.57,2.97,4.13,1.16,0.0797,0.762,2.38,16.19,33.97,64.0,7.026,2.21
R-208,13398075180,13615156514,94.7,tertiary,BKC - CST Link Road,3,8.0,40,True,10,2.47,1.66,3.13,1.47,0.0155,0.772,2.28,31.04,69.8,51.2,8.143,1.93
R-209,13398075181,13398075180,14.55,tertiary_link,,1,6.0,30,False,3,3.57,2.97,4.13,1.16,0.0797,0.762,2.38,16.19,33.97,64.0,7.026,2.21
R-210,13398075181,13615156517,225.3,tertiary,BKC - CST Link Road,3,8.0,40,True,23,2.52,0.16,6.85,6.69,0.0297,0.772,2.28,41.18,101.46,34.43,8.656,2.85
R-211,13408237102,13408237103,70.39,residential,,2,6.0,30,False,8,14.43,5.81,20.09,14.28,0.2029,0.66,3.4,2.71,9.47,56.0,5.51,12.83
R-212,13408237102,13408237104,42.66,residential,,2,6.0,30,False,5,5.84,5.29,6.22,0.93,0.0218,0.741,2.59,7.12,9.47,25.6,7.546,5.27
R-213,13408237102,2244637007,132.8,residential,,2,6.0,30,False,19,8.33,4.91,11.61,6.7,0.0505,0.717,2.83,4.9,12.9,73.47,6.71,6.07
R-214,13408237103,13408237102,70.39,residential,,2,6.0,30,False,8,14.43,5.81,20.09,14.28,0.2029,0.66,3.4,2.71,9.47,56.0,5.51,12.83
R-215,13408237104,13408237102,42.66,residential,,2,6.0,30,False,5,5.84,5.29,6.22,0.93,0.0218,0.741,2.59,7.12,9.47,25.6,7.546,5.27
R-216,13408237104,13408237105,47.79,residential,,2,6.0,30,False,7,6.87,5.97,7.62,1.65,0.0345,0.731,2.69,4.78,5.95,25.14,7.382,5.17
R-217,13408237104,13503191895,25.54,residential,,2,6.0,30,False,3,6.88,6.22,7.53,1.31,0.0513,0.731,2.69,4.14,5.95,13.33,7.708,1.92
R-218,13408237105,13408237104,47.79,residential,,2,6.0,30,False,7,6.87,5.97,7.62,1.65,0.0345,0.731,2.69,4.78,5.95,25.14,7.382,5.17
R-219,13433910625,13433910629,61.65,residential,,2,6.0,30,False,8,4.83,4.04,6.01,1.97,0.032,0.75,2.5,2.6,6.25,2.0,6.777,3.74
R-220,13433910625,2804481652,96.83,trunk,Santa Cruz – Chembur Link Road,3,18.0,60,True,12,6.86,6.01,7.47,1.46,0.0151,0.731,2.69,1.44,2.02,45.0,7.218,2.08
R-221,13433910628,13433910629,44.95,residential,,2,6.0,30,False,5,2.4,0.59,4.04,3.45,0.0768,0.773,2.27,4.22,12.2,2.0,6.72,4.39
R-222,13433910629,13433910625,61.65,residential,,2,6.0,30,False,8,4.83,4.04,6.01,1.97,0.032,0.75,2.5,2.6,6.25,2.0,6.777,3.74
R-223,13433910629,13433910628,44.95,residential,,2,6.0,30,False,5,2.4,0.59,4.04,3.45,0.0768,0.773,2.27,4.22,12.2,2.0,6.72,4.39
R-224,13433910629,13433910631,74.18,residential,,2,6.0,30,False,11,4.67,4.04,6.04,2.0,0.027,0.751,2.49,8.76,19.12,2.36,8.099,2.06
R-225,13433910631,13433910629,74.18,residential,,2,6.0,30,False,11,4.67,4.04,6.04,2.0,0.027,0.751,2.49,8.76,19.12,2.36,8.099,2.06
R-226,13503191895,13408237104,25.54,residential,,2,6.0,30,False,3,6.88,6.22,7.53,1.31,0.0513,0.731,2.69,4.14,5.95,13.33,7.708,1.92
R-227,13503191895,13503253504,105.22,residential,,2,6.0,30,False,12,6.46,5.3,7.53,2.23,0.0212,0.735,2.65,2.53,8.34,44.0,6.901,2.17
R-228,13503191895,3743617940,12.31,residential,,2,6.0,30,False,2,7.76,7.53,7.99,0.46,0.0374,0.722,2.77,1.67,2.33,8.0,7.176,1.69
R-229,13503253504,13503191895,105.22,residential,,2,6.0,30,False,12,6.46,5.3,7.53,2.23,0.0212,0.735,2.65,2.53,8.34,44.0,6.901,2.18
R-230,13601073293,13619507487,103.13,residential,,2,6.0,30,False,12,0.82,0.09,1.53,1.44,0.014,0.788,2.12,14.22,28.85,1.17,8.707,1.35
R-231,13601073293,2244797686,20.6,residential,Siddharth Nagar Road,2,6.0,30,False,4,1.09,0.5,1.52,1.02,0.0495,0.785,2.15,10.44,22.31,24.0,8.591,2.33
R-232,13601073293,622039341,110.41,residential,Siddharth Nagar Road,2,6.0,30,False,12,0.51,0.04,1.36,1.32,0.012,0.791,2.09,28.37,56.92,1.67,9.228,2.29
R-233,13614337239,13614337241,98.86,residential,,2,6.0,30,False,13,9.25,5.82,11.94,6.12,0.0619,0.709,2.91,1.73,2.96,51.85,6.542,3.55
R-234,13614337239,13614337242,79.05,residential,,2,6.0,30,False,11,10.06,6.88,12.0,5.12,0.0648,0.701,2.99,1.24,1.55,49.45,6.349,3.66
R-235,13614337239,245666192,132.84,residential,,2,6.0,30,False,16,4.15,2.16,6.88,4.72,0.0355,0.756,2.44,21.23,87.27,25.0,8.117,2.1
R-236,13614337241,13614337239,98.86,residential,,2,6.0,30,False,13,9.25,5.82,11.94,6.12,0.0619,0.709,2.91,1.73,2.96,51.85,6.542,3.55
R-237,13614337241,13614337242,21.79,residential,,2,6.0,30,False,4,11.95,11.86,12.0,0.14,0.0064,0.683,3.17,1.0,1.0,48.5,7.006,1.55
R-238,13614337241,13614337249,19.66,residential,,2,6.0,30,False,3,11.76,11.66,11.86,0.2,0.0102,0.685,3.15,1.0,1.0,2.0,6.996,1.63
R-239,13614337242,13614337239,79.05,residential,,2,6.0,30,False,11,10.06,6.88,12.0,5.12,0.0648,0.701,2.99,1.24,1.55,49.45,6.349,3.66
R-240,13614337242,13614337241,21.79,residential,,2,6.0,30,False,4,11.95,11.86,12.0,0.14,0.0064,0.683,3.17,1.0,1.0,48.5,7.006,1.55
R-241,13614337242,6585962883,16.14,residential,,2,6.0,30,False,2,12.0,12.0,12.0,0.0,0.0,0.683,3.17,1.0,1.0,33.0,7.002,1.65
R-242,13614337247,13614337249,39.04,residential,,2,6.0,30,False,5,11.6,11.25,12.0,0.75,0.0192,0.687,3.13,1.14,1.29,4.8,7.073,1.71
R-243,13614337247,6585962883,14.99,residential,,2,6.0,30,False,3,12.0,12.0,12.0,0.0,0.0,0.683,3.17,1.0,1.0,11.33,7.134,1.5
R-244,13614337247,6585998686,76.41,residential,,2,6.0,30,False,9,10.84,9.43,12.0,2.57,0.0336,0.694,3.06,8.46,28.12,7.33,8.453,1.88
R-245,13614337249,13614337241,19.66,residential,,2,6.0,30,False,3,11.76,11.66,11.86,0.2,0.0102,0.685,3.15,1.0,1.0,2.0,6.996,1.63
R-246,13614337249,13614337247,39.04,residential,,2,6.0,30,False,5,11.6,11.25,12.0,0.75,0.0192,0.687,3.13,1.14,1.29,4.8,7.073,1.71
R-247,13614337249,6585962883,27.32,residential,,2,6.0,30,False,3,11.92,11.77,12.0,0.23,0.0084,0.684,3.16,1.0,1.0,2.0,6.993,1.64
R-248,13614452347,13614452359,54.31,trunk,Santa Cruz – Chembur Link Road,3,18.0,60,True,8,1.8,1.44,2.16,0.72,0.0133,0.779,2.21,16.73,36.93,80.0,8.643,1.27
R-249,13614452347,13614452359,139.79,residential,,2,6.0,30,False,19,3.25,1.44,5.07,3.63,0.026,0.765,2.35,11.88,36.93,101.05,7.893,2.65
R-250,13614452359,13614452347,139.79,residential,,2,6.0,30,False,19,3.25,1.44,5.07,3.63,0.026,0.765,2.35,11.88,36.93,101.05,7.893,2.65
R-251,13614452359,9691859215,22.47,trunk,Santa Cruz – Chembur Link Road,3,18.0,60,True,4,2.18,2.04,2.36,0.32,0.0142,0.775,2.25,7.36,8.43,104.0,8.717,1.8
R-252,13614466650,13614466653,18.75,residential,,2,6.0,30,False,3,5.24,4.69,5.79,1.1,0.0587,0.746,2.54,1.44,1.55,128.0,6.279,4.48
R-253,13614466650,13614466656,25.02,residential,,2,6.0,30,False,4,6.17,5.64,6.96,1.32,0.0528,0.737,2.63,1.17,1.39,128.0,6.082,4.59
R-254,13614466650,13614467518,4.31,residential,,2,6.0,30,False,1,5.79,5.79,5.79,0.0,0.0,0.741,2.59,1.39,1.39,128.0,6.28,4.37
R-255,13614466653,13614466650,18.75,residential,,2,6.0,30,False,3,5.24,4.69,5.79,1.1,0.0587,0.746,2.54,1.44,1.55,128.0,6.279,4.48
R-256,13614466656,13614466650,25.02,residential,,2,6.0,30,False,4,6.17,5.64,6.96,1.32,0.0528,0.737,2.63,1.17,1.39,128.0,6.083,4.59
R-257,13614467518,13614466650,4.31,residential,,2,6.0,30,False,1,5.79,5.79,5.79,0.0,0.0,0.741,2.59,1.39,1.39,128.0,6.28,4.37
R-258,13614467518,3743617937,34.2,residential,,2,6.0,30,False,4,4.3,3.23,5.79,2.56,0.0749,0.755,2.45,2.5,4.62,80.0,6.812,4.08
R-259,13614467518,3743617940,37.51,residential,,2,6.0,30,False,5,7.32,5.79,7.99,2.2,0.0587,0.727,2.73,1.09,1.39,80.0,6.466,3.28
R-260,13615156514,12243225438,121.44,tertiary,BKC - CST Link Road,3,8.0,40,True,14,1.56,1.0,3.06,2.06,0.017,0.781,2.19,33.75,104.82,53.21,8.989,2.45
R-261,13615156514,13615156515,14.84,tertiary_link,,1,6.0,30,False,3,1.77,1.66,1.94,0.28,0.0189,0.779,2.21,39.35,53.0,32.0,8.895,1.96
R-262,13615156515,13398075181,93.56,tertiary,BKC - CST Link Road,3,8.0,40,True,11,3.29,1.94,4.13,2.19,0.0234,0.765,2.35,3.93,25.37,46.55,7.055,2.3
R-263,13615156515,13615156514,14.84,tertiary_link,,1,6.0,30,False,3,1.77,1.66,1.94,0.28,0.0189,0.779,2.21,39.35,53.0,32.0,8.895,1.96
R-264,13615156516,13398075180,222.42,tertiary,BKC - CST Link Road,3,8.0,40,True,26,2.23,0.16,6.85,6.69,0.0301,0.774,2.26,58.38,132.86,19.23,9.328,2.53
R-265,13615156516,13615156517,13.96,tertiary_link,,1,6.0,30,False,2,6.85,6.85,6.85,0.0,0.0,0.731,2.69,2.09,2.43,8.0,6.376,5.12
R-266,13615156517,13615156516,13.96,tertiary_link,,1,6.0,30,False,2,6.85,6.85,6.85,0.0,0.0,0.731,2.69,2.09,2.43,8.0,6.376,5.12
R-267,13615156517,13615156519,71.54,tertiary,BKC - CST Link Road,3,8.0,40,True,9,9.8,6.85,12.97,6.12,0.0855,0.703,2.97,1.45,1.88,7.11,6.207,4.65
R-268,13615156518,13615156516,70.36,tertiary,BKC - CST Link Road,3,8.0,40,True,8,9.91,6.85,11.99,5.14,0.0731,0.702,2.98,1.64,2.76,7.5,6.361,4.39
R-269,13615156518,13615156519,14.51,tertiary_link,,1,6.0,30,False,3,12.48,11.99,12.97,0.98,0.0675,0.678,3.22,1.0,1.0,4.0,6.307,3.24
R-270,13615156519,13615156518,14.51,tertiary_link,,1,6.0,30,False,3,12.48,11.99,12.97,0.98,0.0675,0.678,3.22,1.0,1.0,4.0,6.307,3.24
R-271,13615156519,6554302593,140.77,tertiary,BKC - CST Link Road,3,8.0,40,True,15,11.6,10.37,13.34,2.97,0.0211,0.686,3.14,2.0,4.09,22.67,7.206,2.31
R-272,13615156523,245666274,24.14,secondary,Street 3,2,10.0,40,True,4,12.46,12.27,12.59,0.32,0.0133,0.678,3.22,1.0,1.0,34.0,7.224,1.6
R-273,13615156523,2897024625,234.8,secondary,Avenue 3: Lane 3,2,10.0,40,True,27,10.18,7.31,12.91,5.6,0.0239,0.7,3.0,2.36,6.99,36.15,6.874,3.66
R-274,13615172965,13617040696,36.73,tertiary,,2,8.0,40,True,6,1.89,1.25,2.64,1.39,0.0378,0.778,2.22,23.55,72.64,7.0,8.084,1.91
R-275,13615172965,9469523484,5.42,residential,,2,6.0,30,False,2,1.18,1.1,1.25,0.15,0.0277,0.784,2.16,72.29,72.64,32.0,10.787,1.21
R-276,13615172966,12313982248,7.68,residential,,2,6.0,30,False,1,1.02,1.02,1.02,0.0,0.0,0.786,2.14,4.8,4.8,4.0,8.145,2.18
R-277,13615172966,13617040692,56.23,tertiary,,2,8.0,40,True,8,1.2,0.98,1.45,0.47,0.0084,0.784,2.16,3.39,5.81,3.75,7.707,1.9
R-278,13616287392,10055232024,9.75,residential,,2,6.0,30,False,2,0.33,0.26,0.39,0.13,0.0133,0.792,2.08,1.72,1.86,32.0,6.353,4.12
R-279,13616287392,5896564331,27.84,tertiary,,2,8.0,40,True,3,0.52,0.26,0.82,0.56,0.0201,0.791,2.09,1.27,1.58,22.0,6.591,3.25
R-280,13616287393,13616287394,7.99,tertiary_link,,1,6.0,30,False,2,3.92,3.86,3.97,0.11,0.0138,0.758,2.42,3.3,3.41,32.0,7.146,3.74
R-281,13616287393,6428617352,19.54,tertiary,,2,8.0,40,True,4,4.66,3.86,5.48,1.62,0.0829,0.752,2.48,2.9,3.41,32.0,6.96,3.86
R-282,13616287394,13616287393,7.99,tertiary_link,,1,6.0,30,False,2,3.92,3.86,3.97,0.11,0.0138,0.758,2.42,3.3,3.41,32.0,7.146,3.74
R-283,13616287394,2897024748,235.5,tertiary,,2,8.0,40,True,29,2.4,1.38,3.97,2.59,0.011,0.773,2.27,2.45,7.36,49.93,7.578,1.8
R-284,13616287395,2897024710,60.06,tertiary,,2,8.0,40,True,9,7.82,6.94,8.44,1.5,0.025,0.722,2.78,1.38,2.39,21.22,7.238,1.71
R-285,13616287395,2897024713,8.37,residential,,2,6.0,30,False,2,7.9,7.73,8.06,0.33,0.0394,0.722,2.79,1.0,1.0,24.0,7.0,1.83
R-286,13616325515,10091403656,6.09,tertiary_link,,1,6.0,30,False,1,1.58,1.58,1.58,0.0,0.0,0.781,2.19,59.7,59.7,32.0,9.615,1.48
R-287,13616325515,245666192,30.94,tertiary,,2,8.0,40,True,5,1.87,1.58,2.16,0.58,0.0187,0.778,2.22,66.35,83.09,25.6,9.949,1.82
R-288,13616325516,13617040697,25.39,tertiary,,2,8.0,40,True,5,3.51,2.91,4.03,1.12,0.0441,0.762,2.38,1.08,1.18,26.8,6.835,2.16
R-289,13616325516,3803643818,5.12,residential,,2,6.0,30,False,1,3.49,3.49,3.49,0.0,0.0,0.763,2.37,1.18,1.18,64.0,6.923,1.95
R-290,13617034594,631507968,130.89,secondary,Avenue 3: Lane 2,2,10.0,40,True,14,10.27,8.38,12.34,3.96,0.0303,0.699,3.01,8.79,28.72,11.29,7.895,1.98
R-291,13617040678,13617040684,74.61,tertiary,,2,8.0,40,True,10,2.34,2.09,2.73,0.64,0.0086,0.773,2.27,1.74,2.48,10.8,7.762,1.32
R-292,13617040678,7372035744,13.12,tertiary,Sharada Devi Road,2,8.0,40,False,3,1.8,1.45,2.23,0.78,0.0595,0.778,2.22,1.49,1.74,8.0,6.96,2.62
R-293,13617040682,10724726259,6.53,residential,,2,6.0,30,False,1,2.23,2.23,2.23,0.0,0.0,0.774,2.26,1.94,1.94,128.0,8.265,0.71
R-294,13617040682,13617092827,10.26,tertiary,,2,8.0,40,True,3,2.25,2.12,2.39,0.27,0.0263,0.774,2.26,2.74,3.68,128.0,8.627,0.73
R-295,13617040682,13617092837,22.96,residential,,2,6.0,30,False,4,2.5,2.23,2.72,0.49,0.0213,0.772,2.28,1.96,2.61,96.0,7.974,0.96
R-296,13617040683,13617040678,75.06,tertiary,Sharada Devi Road,2,8.0,40,True,8,2.22,2.05,2.4,0.35,0.0047,0.774,2.25,1.89,3.09,10.5,7.752,1.38
R-297,13617040683,13617040684,5.21,tertiary_link,,1,6.0,30,False,1,2.09,2.09,2.09,0.0,0.0,0.776,2.24,1.59,1.59,4.0,8.312,0.66
R-298,13617040684,13617040682,57.9,tertiary,,2,8.0,40,True,9,2.14,2.0,2.38,0.38,0.0066,0.775,2.25,1.48,1.94,37.78,8.528,0.72
R-299,13617040684,13617040683,5.21,tertiary_link,,1,6.0,30,False,1,2.09,2.09,2.09,0.0,0.0,0.776,2.24,1.59,1.59,4.0,8.312,0.66
R-300,13617040685,10724781030,33.11,tertiary,,2,8.0,40,True,5,-0.58,-0.84,-0.21,0.63,0.019,0.801,1.99,369.86,540.08,22.4,11.141,1.48
R-301,13617040685,13617040686,7.84,tertiary_link,,1,6.0,30,False,1,-0.84,-0.84,-0.84,0.0,0.0,0.803,1.97,419.46,419.46,32.0,12.83,1.44
R-302,13617040686,12313982253,16.49,tertiary,,2,8.0,40,True,3,-0.73,-0.84,-0.52,0.32,0.0194,0.802,1.98,339.17,419.46,32.0,12.659,1.76
R-303,13617040686,13617040685,7.84,tertiary_link,,1,6.0,30,False,1,-0.84,-0.84,-0.84,0.0,0.0,0.803,1.97,419.46,419.46,32.0,12.83,1.44
R-304,13617040687,12313982254,40.09,tertiary,,2,8.0,40,True,5,1.16,0.45,1.84,1.39,0.0347,0.784,2.16,115.27,185.11,28.8,8.639,3.48
R-305,13617040687,13617040688,8.16,tertiary_link,,1,6.0,30,False,1,1.84,1.84,1.84,0.0,0.0,0.778,2.22,108.68,108.68,16.0,8.744,2.9
R-306,13617040688,13617040687,8.16,tertiary_link,,1,6.0,30,False,1,1.84,1.84,1.84,0.0,0.0,0.778,2.22,108.68,108.68,16.0,8.744,2.9
R-307,13617040688,13617040689,79.85,tertiary,,2,8.0,40,True,11,2.12,1.24,3.84,2.6,0.0326,0.776,2.24,51.66,161.48,4.73,7.959,2.33
R-308,13617040689,13617040690,8.4,tertiary_link,,1,6.0,30,False,1,1.24,1.24,1.24,0.0,0.0,0.784,2.16,6.88,6.88,4.0,8.105,1.83
R-309,13617040689,13617040691,24.3,tertiary,,2,8.0,40,True,4,1.09,0.97,1.24,0.27,0.0111,0.785,2.15,11.18,31.68,3.5,7.827,1.79
R-310,13617040690,13617040687,79.46,tertiary,,2,8.0,40,True,11,2.44,1.24,3.84,2.6,0.0327,0.773,2.27,23.63,108.68,4.0,7.444,2.14
R-311,13617040690,13617040689,8.4,tertiary_link,,1,6.0,30,False,1,1.24,1.24,1.24,0.0,0.0,0.784,2.16,6.88,6.88,4.0,8.105,1.83
R-312,13617040691,12313982248,56.77,tertiary,,2,8.0,40,True,6,1.02,0.88,1.21,0.33,0.0058,0.786,2.14,3.36,5.04,3.67,7.682,1.98
R-313,13617040691,13617040692,8.25,tertiary_link,,1,6.0,30,False,2,1.18,1.11,1.24,0.13,0.0158,0.784,2.16,2.62,3.07,3.0,7.405,1.67
R-314,13617040692,13617040690,24.5,tertiary,,2,8.0,40,True,3,1.18,1.06,1.24,0.18,0.0073,0.784,2.16,5.17,6.88,4.0,8.026,1.54
R-315,13617040692,13617040691,8.25,tertiary_link,,1,6.0,30,False,2,1.18,1.11,1.24,0.13,0.0158,0.784,2.16,2.62,3.07,3.0,7.405,1.67
R-316,13617040693,13617040694,7.62,tertiary_link,,1,6.0,30,False,2,2.55,2.39,2.71,0.32,0.042,0.772,2.29,1.6,1.63,8.0,6.858,2.64
R-317,13617040693,3193827831,35.57,tertiary,,2,8.0,40,True,6,3.23,2.39,3.58,1.19,0.0335,0.765,2.35,1.11,1.63,10.67,6.818,2.22
R-318,13617040694,13615172966,31.47,tertiary,,2,8.0,40,True,5,1.85,1.02,2.71,1.69,0.0537,0.778,2.22,3.15,4.8,6.4,7.471,2.53
R-319,13617040694,13617040693,7.62,tertiary_link,,1,6.0,30,False,2,2.55,2.39,2.71,0.32,0.042,0.772,2.29,1.6,1.63,8.0,6.858,2.64
R-320,13617040695,13617040696,5.23,tertiary_link,,1,6.0,30,False,2,2.49,2.33,2.64,0.31,0.0593,0.772,2.27,1.5,2.0,2.0,6.816,2.2
R-321,13617040695,9469523484,37.41,tertiary,,2,8.0,40,True,5,1.7,1.1,2.33,1.23,0.0329,0.78,2.2,23.1,71.94,8.0,8.368,1.8
R-322,13617040696,13616325516,32.27,tertiary,,2,8.0,40,True,4,3.31,2.64,4.0,1.36,0.0421,0.764,2.35,1.05,1.18,32.75,6.777,2.07
R-323,13617040696,13617040695,5.23,tertiary_link,,1,6.0,30,False,2,2.49,2.33,2.64,0.31,0.0593,0.772,2.27,1.5,2.0,2.0,6.816,2.2
R-324,13617040697,10091403662,35.41,tertiary,,2,8.0,40,True,4,3.7,3.56,3.93,0.37,0.0104,0.761,2.39,1.0,1.0,9.0,6.906,2.01
R-325,13617040697,245666370,6.68,tertiary_link,,1,6.0,30,False,2,3.32,2.91,3.72,0.81,0.1213,0.764,2.36,1.05,1.1,2.0,6.874,2.24
R-326,13617067002,10091403664,125.59,tertiary,,2,8.0,40,True,16,3.47,2.16,5.88,3.72,0.0296,0.763,2.37,46.26,84.97,16.0,9.761,1.78
R-327,13617067002,245666077,5.65,tertiary_link,,1,6.0,30,False,2,5.69,5.49,5.88,0.39,0.069,0.742,2.58,3.53,3.57,24.0,7.131,3.16
R-328,13617092826,10724726259,9.92,tertiary,Sharada Devi Road,2,8.0,40,True,2,2.15,2.07,2.23,0.16,0.0161,0.775,2.25,2.25,2.57,128.0,8.518,0.63
R-329,13617092826,13617092827,6.9,residential,,2,6.0,30,False,2,2.09,2.07,2.12,0.05,0.0072,0.776,2.25,3.12,3.68,128.0,8.979,0.6
R-330,13617092827,12350391111,86.31,tertiary,Sharada Devi Road,2,8.0,40,True,11,2.71,1.94,4.25,2.31,0.0268,0.77,2.3,2.04,3.74,24.18,7.498,1.91
R-331,13617092827,13617092826,6.9,residential,,2,6.0,30,False,2,2.09,2.07,2.12,0.05,0.0072,0.776,2.25,3.12,3.68,128.0,8.979,0.6
R-332,13617092827,13617092838,23.35,residential,,2,6.0,30,False,3,2.18,2.05,2.38,0.33,0.0141,0.775,2.25,3.63,3.93,128.0,8.61,1.13
R-333,13617092832,13617092835,63.86,residential,,2,6.0,30,False,7,3.38,2.49,3.96,1.47,0.023,0.764,2.36,1.11,1.53,1.57,7.158,1.26
R-334,13617092832,13617092836,59.88,residential,,2,6.0,30,False,6,3.25,2.49,3.74,1.25,0.0209,0.765,2.35,1.16,1.53,1.83,7.134,1.25
R-335,13617092832,13617550909,156.58,residential,,2,6.0,30,False,20,0.29,-0.94,2.49,3.43,0.0219,0.793,2.07,23.45,61.26,5.8,8.621,2.56
R-336,13617092835,13617092832,63.86,residential,,2,6.0,30,False,7,3.38,2.49,3.96,1.47,0.023,0.764,2.36,1.11,1.53,1.57,7.158,1.26
R-337,13617092835,13617092836,6.33,residential,,2,6.0,30,False,2,3.31,3.31,3.31,0.0,0.0,0.764,2.36,1.0,1.0,4.0,7.294,1.11
R-338,13617092835,13617092838,176.09,residential,,2,6.0,30,False,20,2.33,0.16,3.31,3.15,0.0179,0.773,2.27,15.4,80.71,41.0,7.916,1.68
R-339,13617092836,13617092832,59.88,residential,,2,6.0,30,False,6,3.25,2.49,3.74,1.25,0.0209,0.765,2.35,1.16,1.53,1.83,7.134,1.25
R-340,13617092836,13617092835,6.33,residential,,2,6.0,30,False,2,3.31,3.31,3.31,0.0,0.0,0.764,2.36,1.0,1.0,4.0,7.294,1.11
R-341,13617092836,13617092837,176.37,residential,,2,6.0,30,False,21,2.6,0.18,3.51,3.33,0.0189,0.771,2.29,12.95,81.34,25.14,7.847,1.36
R-342,13617092837,13617040682,22.96,residential,,2,6.0,30,False,4,2.5,2.23,2.72,0.49,0.0213,0.772,2.28,1.96,2.61,96.0,7.974,0.96
R-343,13617092837,13617092836,176.37,residential,,2,6.0,30,False,21,2.6,0.18,3.51,3.33,0.0189,0.771,2.29,12.95,81.34,25.14,7.847,1.36
R-344,13617092837,13617092838,9.69,residential,,2,6.0,30,False,2,2.38,2.05,2.72,0.67,0.0691,0.773,2.27,2.85,3.93,96.0,7.862,1.46
R-345,13617092838,13617092827,23.35,residential,,2,6.0,30,False,3,2.18,2.05,2.38,0.33,0.0141,0.775,2.25,3.63,3.93,128.0,8.61,1.13
R-346,13617092838,13617092835,176.09,residential,,2,6.0,30,False,20,2.33,0.16,3.31,3.15,0.0179,0.773,2.27,15.4,80.71,41.0,7.916,1.68
R-347,13617092838,13617092837,9.69,residential,,2,6.0,30,False,2,2.38,2.05,2.72,0.67,0.0691,0.773,2.27,2.85,3.93,96.0,7.862,1.46
R-348,13617092839,6428811263,5.46,tertiary,,2,8.0,40,True,1,2.84,2.84,2.84,0.0,0.0,0.769,2.31,4.36,4.36,8.0,8.032,1.17
R-349,13617092839,8570027362,42.87,residential,Road No 8,2,6.0,30,False,6,3.32,2.84,3.91,1.07,0.025,0.764,2.36,1.91,4.36,6.0,7.66,1.51
R-350,13617092840,6428811262,6.78,tertiary,,2,8.0,40,True,2,2.88,2.84,2.93,0.09,0.0133,0.768,2.31,3.36,4.36,12.0,7.962,1.0
R-351,13617092840,6428811270,95.73,tertiary,,2,8.0,40,True,12,3.92,2.93,6.09,3.16,0.033,0.758,2.42,2.97,6.18,18.67,7.817,1.62
R-352,13617280082,13617280087,38.42,residential,,2,6.0,30,False,0,,,,,,,,,,,,
R-353,13617280082,13617327485,128.75,residential,,2,6.0,30,False,10,4.62,2.14,6.92,4.78,0.0371,0.752,2.48,3.23,6.72,4.4,7.216,3.4
R-354,13617280082,245668208,44.67,residential,,2,6.0,30,False,0,,,,,,,,,,,,
R-355,13617280087,13617280082,38.42,residential,,2,6.0,30,False,0,,,,,,,,,,,,
R-356,13617292720,13617292726,31.17,residential,,2,6.0,30,False,0,,,,,,,,,,,,
R-357,13617292720,13617292726,44.62,residential,,2,6.0,30,False,0,,,,,,,,,,,,
R-358,13617292720,13617292729,12.94,residential,,2,6.0,30,False,0,,,,,,,,,,,,
R-359,13617292726,10923690293,6.68,residential,,2,6.0,30,False,0,,,,,,,,,,,,
R-360,13617292726,13617292720,44.62,residential,,2,6.0,30,False,0,,,,,,,,,,,,
R-361,13617292726,13617292720,31.17,residential,,2,6.0,30,False,0,,,,,,,,,,,,
R-362,13617292729,10923690293,36.91,residential,,2,6.0,30,False,0,,,,,,,,,,,,
R-363,13617292729,13617292720,12.94,residential,,2,6.0,30,False,0,,,,,,,,,,,,
R-364,13617292729,623895532,50.08,residential,,2,6.0,30,False,0,,,,,,,,,,,,
R-365,13617327485,13617280082,128.75,residential,,2,6.0,30,False,10,4.62,2.14,6.92,4.78,0.0371,0.752,2.48,3.23,6.72,4.4,7.216,3.4
R-366,13617327485,13617327487,13.04,residential,,2,6.0,30,False,3,7.11,6.92,7.37,0.45,0.0345,0.728,2.72,1.01,1.02,4.0,7.12,1.34
R-367,13617327485,7404711477,52.26,residential,,2,6.0,30,False,8,6.53,6.18,6.92,0.74,0.0142,0.734,2.66,1.71,2.66,5.75,8.072,1.3
R-368,13617327487,13617327485,13.04,residential,,2,6.0,30,False,3,7.11,6.92,7.37,0.45,0.0345,0.728,2.72,1.01,1.02,4.0,7.12,1.34
R-369,13617327487,13617327487,99.62,residential,,2,6.0,30,False,10,7.07,6.37,7.71,1.34,0.0135,0.729,2.71,1.01,1.04,3.1,6.717,2.19
R-370,13617327487,13617327487,99.62,residential,,2,6.0,30,False,10,7.07,6.37,7.71,1.34,0.0135,0.729,2.71,1.01,1.04,3.1,6.717,2.19
R-371,13617483789,13617483791,5.29,tertiary,,2,8.0,40,True,2,2.3,1.75,2.86,1.11,0.2098,0.774,2.26,12.34,13.54,8.0,7.86,5.89
R-372,13617483791,13617483792,2.64,tertiary,,2,8.0,40,True,1,1.75,1.75,1.75,0.0,0.0,0.779,2.21,13.54,13.54,8.0,8.063,5.87
R-373,13617483791,13619318866,100.36,residential,,2,6.0,30,False,9,2.25,-0.57,5.59,6.16,0.0614,0.774,2.26,6.67,13.54,4.0,7.255,5.76
R-374,13617483792,13617550909,20.4,residential,,2,6.0,30,True,3,1.24,0.49,1.75,1.26,0.0618,0.784,2.16,17.38,19.81,8.0,8.617,5.23
R-375,13617483792,13617550913,9.91,tertiary,,2,8.0,40,True,3,1.9,1.48,2.47,0.99,0.0999,0.777,2.23,16.06,18.79,8.0,8.388,5.5
R-376,13617483794,13617550919,9.35,tertiary,,2,8.0,40,True,2,2.96,2.47,3.46,0.99,0.1059,0.768,2.33,13.04,15.84,8.0,7.966,4.87
R-377,13617483794,13617550927,24.58,tertiary,,2,8.0,40,True,4,3.43,2.47,4.63,2.16,0.0879,0.763,2.37,12.22,15.84,10.0,8.007,4.2
R-378,13617550905,13617483789,8.06,tertiary,,2,8.0,40,True,1,2.86,2.86,2.86,0.0,0.0,0.769,2.31,11.14,11.14,8.0,7.657,5.92
R-379,13617550905,13617550915,26.3,tertiary,,2,8.0,40,True,4,4.5,2.86,5.7,2.84,0.108,0.753,2.47,4.86,11.14,8.0,6.744,5.61
R-380,13617550909,13617092832,156.58,residential,,2,6.0,30,False,20,0.29,-0.94,2.49,3.43,0.0219,0.793,2.07,23.45,61.26,5.8,8.621,2.56
R-381,13617550909,13617550913,21.05,residential,,2,6.0,30,True,3,1.48,0.49,2.47,1.98,0.0941,0.781,2.19,18.15,19.81,8.0,8.705,5.05
R-382,13617550913,13617483794,3.32,tertiary,,2,8.0,40,True,1,2.47,2.47,2.47,0.0,0.0,0.772,2.28,15.84,15.84,8.0,8.327,5.33
R-383,13617550915,245666158,28.38,tertiary,,2,8.0,40,True,4,6.69,5.7,7.59,1.89,0.0666,0.732,2.67,1.58,1.85,5.0,6.297,4.89
R-384,13617550915,7365871208,7.27,tertiary_link,,1,6.0,30,False,2,5.19,4.67,5.7,1.03,0.1417,0.747,2.53,2.11,2.37,8.0,6.322,6.11
R-385,13617550919,13617550905,12.15,tertiary,,2,8.0,40,True,3,3.43,2.86,3.96,1.1,0.0905,0.763,2.37,9.57,11.14,8.0,7.472,5.06
R-386,13617550926,13617550919,19.52,tertiary,Ramakrishna Paramahansa Marg,2,8.0,40,True,2,3.98,3.46,4.49,1.03,0.0528,0.758,2.42,8.8,10.24,8.0,7.535,3.79
R-387,13617550926,13617550927,7.96,tertiary_link,,1,6.0,30,False,2,4.56,4.49,4.63,0.14,0.0176,0.752,2.48,8.86,10.35,12.0,7.784,3.02
R-388,13617550927,13617550926,7.96,tertiary_link,,1,6.0,30,False,2,4.56,4.49,4.63,0.14,0.0176,0.752,2.48,8.86,10.35,12.0,7.784,3.02
R-389,13617550927,13617550929,85.37,tertiary,,2,8.0,40,True,10,6.39,4.63,8.06,3.43,0.0402,0.735,2.65,4.59,10.57,8.8,7.142,2.95
R-390,13617550928,13617550926,86.76,tertiary,Ramakrishna Paramahansa Marg,2,8.0,40,True,11,6.61,4.49,8.39,3.9,0.045,0.733,2.67,4.34,10.57,9.82,7.086,2.72
R-391,13617550928,13617550929,14.72,residential,,2,6.0,30,False,2,8.23,8.06,8.39,0.33,0.0224,0.718,2.81,1.0,1.0,8.0,6.428,3.01
R-392,13617550928,13618123059,16.53,residential,,2,6.0,30,False,3,8.5,8.39,8.71,0.32,0.0194,0.716,2.84,1.0,1.0,13.33,6.505,2.7
R-393,13617550929,13617550923,27.06,tertiary,,2,8.0,40,True,5,8.19,8.04,8.39,0.35,0.0129,0.719,2.81,2.36,4.26,7.2,6.986,2.9
R-394,13617550929,13617550928,14.72,residential,,2,6.0,30,False,2,8.23,8.06,8.39,0.33,0.0224,0.718,2.81,1.0,1.0,8.0,6.428,3.01
R-395,13618123059,13617550928,16.53,residential,,2,6.0,30,False,3,8.5,8.39,8.71,0.32,0.0194,0.716,2.84,1.0,1.0,13.33,6.505,2.7
R-396,13618123059,13618123066,49.46,residential,,2,6.0,30,False,7,8.39,8.0,8.71,0.71,0.0144,0.717,2.83,1.37,1.71,16.0,6.781,2.56
R-397,13618123059,13618123089,18.89,residential,,2,6.0,30,False,2,8.86,8.71,9.01,0.3,0.0159,0.712,2.88,1.02,1.03,16.0,6.553,2.48
R-398,13618123066,13618123059,49.46,residential,,2,6.0,30,False,7,8.39,8.0,8.71,0.71,0.0144,0.717,2.83,1.37,1.71,16.0,6.781,2.56
R-399,13618123066,13618123089,14.18,residential,,2,6.0,30,False,3,8.78,8.65,9.01,0.36,0.0254,0.713,2.87,1.28,1.45,16.0,6.782,2.48
R-400,13618123066,13618123089,137.56,residential,,2,6.0,30,False,15,9.71,8.65,10.99,2.34,0.017,0.704,2.96,1.06,1.45,12.0,6.837,2.51
R-401,13618123089,13618123059,18.89,residential,,2,6.0,30,False,2,8.86,8.71,9.01,0.3,0.0159,0.712,2.88,1.02,1.03,16.0,6.553,2.48
R-402,13618123089,13618123066,14.18,residential,,2,6.0,30,False,3,8.78,8.65,9.01,0.36,0.0254,0.713,2.87,1.28,1.45,16.0,6.782,2.48
R-403,13618123089,13618123066,137.56,residential,,2,6.0,30,False,15,9.71,8.65,10.99,2.34,0.017,0.704,2.96,1.06,1.45,12.0,6.837,2.51
R-404,13618156305,13618156307,29.01,residential,,2,6.0,30,False,4,10.66,10.33,10.99,0.66,0.0228,0.695,3.05,1.0,1.0,5.0,6.816,
R-405,13618156307,13617550928,62.17,tertiary,Ramakrishna Paramahansa Marg,2,8.0,40,True,8,9.13,8.39,10.33,1.94,0.0312,0.71,2.9,1.37,2.27,5.5,6.896,2.65
R-406,13618156307,13618156305,29.01,residential,,2,6.0,30,False,4,10.67,10.33,10.99,0.66,0.0228,0.695,3.05,1.0,1.0,5.0,6.816,
R-407,13618292019,13618292025,19.65,residential,,2,6.0,30,False,3,25.46,24.98,25.89,0.91,0.0463,0.556,4.44,1.0,1.0,11.33,5.873,5.34
R-408,13618292019,13618292027,7.85,residential,,2,6.0,30,False,2,24.66,24.35,24.98,0.63,0.0803,0.564,4.36,1.0,1.0,65.0,5.878,5.62
R-409,13618292019,245667468,4.23,residential,,2,6.0,30,False,2,24.71,24.45,24.98,0.53,0.1253,0.564,4.37,1.0,1.0,2.0,6.122,4.35
R-410,13618292025,10111287875,47.89,residential,,2,6.0,30,False,7,21.95,15.53,25.89,10.36,0.2163,0.589,4.11,1.17,1.75,32.0,5.241,10.55
R-411,13618292025,13618292019,19.65,residential,,2,6.0,30,False,3,25.46,24.98,25.89,0.91,0.0463,0.556,4.44,1.0,1.0,11.33,5.873,5.34
R-412,13618292025,13618292030,12.03,residential,,2,6.0,30,False,3,25.9,25.89,25.91,0.02,0.0017,0.552,4.48,1.0,1.0,90.67,5.489,7.65
R-413,13618292027,13618292019,7.85,residential,,2,6.0,30,False,2,24.66,24.35,24.98,0.63,0.0803,0.564,4.36,1.0,1.0,65.0,5.878,5.62
R-414,13618292027,13618292030,51.24,residential,,2,6.0,30,False,7,23.55,20.89,25.91,5.02,0.098,0.574,4.26,1.07,1.16,128.0,5.363,9.16
R-415,13618292027,13618292030,20.74,residential,,2,6.0,30,False,3,25.16,24.35,25.91,1.56,0.0752,0.559,4.41,1.0,1.0,128.0,5.533,7.62
R-416,13618292030,13618292025,12.03,residential,,2,6.0,30,False,3,25.9,25.89,25.91,0.02,0.0017,0.552,4.48,1.0,1.0,90.67,5.489,7.65
R-417,13618292030,13618292027,51.24,residential,,2,6.0,30,False,7,23.55,20.89,25.91,5.02,0.098,0.574,4.26,1.07,1.16,128.0,5.363,9.16
R-418,13618292030,13618292027,20.74,residential,,2,6.0,30,False,3,25.16,24.35,25.91,1.56,0.0752,0.559,4.41,1.0,1.0,128.0,5.533,7.62
R-419,13618347449,245667863,266.41,secondary,Vidya Nagari Marg,2,10.0,40,True,34,8.57,2.0,16.37,14.37,0.0539,0.715,2.85,7.31,32.35,19.68,7.068,4.95
R-420,13618347449,7366246694,174.97,residential,,2,6.0,30,False,21,9.41,6.47,11.78,5.31,0.0303,0.707,2.93,2.0,4.27,74.67,6.335,6.06
R-421,13618374654,13618374655,19.09,residential,,2,6.0,30,False,3,6.5,6.44,6.63,0.19,0.01,0.734,2.66,1.38,1.46,42.67,7.464,1.42
R-422,13618374655,13618374654,19.09,residential,,2,6.0,30,False,3,6.5,6.44,6.63,0.19,0.01,0.734,2.66,1.38,1.46,42.67,7.464,1.42
R-423,13618374655,13618374657,21.38,residential,,2,6.0,30,False,4,6.21,6.11,6.44,0.33,0.0154,0.737,2.63,1.49,1.7,32.0,7.983,0.89
R-424,13618374655,13618374664,69.05,residential,,2,6.0,30,False,8,6.08,6.0,6.44,0.44,0.0064,0.738,2.62,1.27,1.78,56.0,9.979,0.71
R-425,13618374655,6598052694,16.18,residential,,2,6.0,30,False,2,6.6,6.44,6.76,0.32,0.0198,0.734,2.67,1.18,1.25,17.0,7.333,1.42
R-426,13618374656,13618374657,15.18,residential,,2,6.0,30,False,2,6.12,6.08,6.17,0.09,0.0059,0.738,2.62,1.91,2.2,32.0,8.38,0.69
R-427,13618374657,13618374655,21.38,residential,,2,6.0,30,False,4,6.21,6.11,6.44,0.33,0.0154,0.737,2.63,1.49,1.7,32.0,7.983,0.89
R-428,13618374657,13618374656,15.18,residential,,2,6.0,30,False,2,6.12,6.08,6.17,0.09,0.0059,0.738,2.62,1.91,2.2,32.0,8.38,0.69
R-429,13618374657,5911310880,39.28,residential,,2,6.0,30,False,5,6.47,6.17,6.68,0.51,0.013,0.734,2.66,1.28,1.62,7.4,8.125,0.69
R-430,13618374664,13618374655,69.05,residential,,2,6.0,30,False,8,6.08,6.0,6.44,0.44,0.0064,0.738,2.62,1.27,1.78,56.0,9.979,0.71
R-431,13618374670,5911310880,65.19,residential,,2,6.0,30,False,9,5.99,5.6,6.49,0.89,0.0137,0.739,2.61,2.3,4.19,60.89,8.204,1.06
R-432,13618374671,13618374676,66.12,residential,,2,6.0,30,False,7,5.76,5.16,6.5,1.34,0.0203,0.741,2.59,6.36,18.03,34.57,8.473,1.11
R-433,13618374671,13618374677,45.51,residential,,2,6.0,30,False,6,5.54,5.25,5.89,0.64,0.0141,0.744,2.56,20.39,28.54,11.33,9.56,0.94
R-434,13618374671,13618374681,26.7,residential,,2,6.0,30,False,5,5.74,5.25,6.35,1.1,0.0412,0.742,2.58,11.64,25.72,32.0,8.752,1.02
R-435,13618374676,13618374671,66.12,residential,,2,6.0,30,False,7,5.76,5.16,6.5,1.34,0.0203,0.741,2.59,6.36,18.03,34.57,8.473,1.11
R-436,13618374676,13618374681,42.66,residential,,2,6.0,30,False,5,6.55,6.35,6.71,0.36,0.0084,0.734,2.66,1.21,1.8,51.6,7.534,0.88
R-437,13618374676,5911310880,18.15,residential,,2,6.0,30,False,2,6.5,6.49,6.5,0.01,0.0006,0.734,2.66,1.0,1.0,2.0,7.592,1.1
R-438,13618374677,12406104885,76.32,residential,,2,6.0,30,False,9,6.12,5.81,6.64,0.83,0.0109,0.738,2.62,2.37,6.56,28.89,7.201,1.83
R-439,13618374677,13618374671,45.51,residential,,2,6.0,30,False,6,5.54,5.25,5.89,0.64,0.0141,0.744,2.56,20.39,28.54,11.33,9.56,0.94
R-440,13618374677,13618374681,71.66,residential,,2,6.0,30,False,8,5.71,5.36,6.35,0.99,0.0138,0.742,2.58,18.4,32.69,22.5,9.485,0.8
R-441,13618374677,13618374689,57.67,residential,,2,6.0,30,False,8,4.88,2.84,5.89,3.05,0.0529,0.75,2.5,8.17,28.8,24.75,7.389,2.93
R-442,13618374681,13618374671,26.7,residential,,2,6.0,30,False,5,5.74,5.25,6.35,1.1,0.0412,0.742,2.58,11.64,25.72,32.0,8.752,1.02
R-443,13618374681,13618374676,42.66,residential,,2,6.0,30,False,5,6.55,6.35,6.71,0.36,0.0084,0.734,2.66,1.21,1.8,51.6,7.534,0.88
R-444,13618374681,13618374677,71.66,residential,,2,6.0,30,False,8,5.71,5.36,6.35,0.99,0.0138,0.742,2.58,18.4,32.69,22.5,9.485,0.8
R-445,13618374689,13618374677,57.67,residential,,2,6.0,30,False,8,4.88,2.84,5.89,3.05,0.0529,0.75,2.5,8.17,28.8,24.75,7.389,2.93
R-446,13618395293,13618395297,51.09,residential,,2,6.0,30,False,7,0.88,0.19,2.09,1.9,0.0372,0.787,2.13,135.76,185.29,7.43,10.849,2.35
R-447,13618395297,13618395293,51.09,residential,,2,6.0,30,False,7,0.88,0.19,2.09,1.9,0.0372,0.787,2.13,135.76,185.29,7.43,10.849,2.35
R-448,13618395297,13618395298,20.21,residential,,2,6.0,30,False,4,0.87,0.39,1.53,1.14,0.0564,0.787,2.13,90.47,123.84,5.0,9.812,2.38
R-449,13618395297,13618399201,8.18,residential,,2,6.0,30,False,2,0.22,0.05,0.39,0.34,0.0416,0.794,2.06,155.81,187.78,8.0,11.383,1.9
R-450,13618395298,13618395297,20.21,residential,,2,6.0,30,False,4,0.87,0.39,1.53,1.14,0.0564,0.787,2.13,90.47,123.84,5.0,9.812,2.38
R-451,13618399201,13618395297,8.18,residential,,2,6.0,30,False,2,0.22,0.05,0.39,0.34,0.0416,0.794,2.06,155.81,187.78,8.0,11.383,1.9
R-452,13618399201,13619536860,52.8,residential,,2,6.0,30,False,7,0.33,0.05,0.65,0.6,0.0114,0.792,2.08,104.64,187.93,6.29,9.931,2.1
R-453,13618399201,5911310871,121.31,residential,,2,6.0,30,False,16,2.34,0.05,4.1,4.05,0.0334,0.773,2.27,76.65,187.78,20.5,8.941,2.12
R-454,13618414606,13618414607,23.83,residential,,2,6.0,30,False,3,4.1,3.15,4.97,1.82,0.0764,0.757,2.43,1.27,1.57,2.67,6.702,3.6
R-455,13618414606,13618414607,62.6,residential,,2,6.0,30,False,7,4.05,3.15,4.97,1.82,0.0291,0.757,2.43,1.97,2.88,2.57,6.892,3.36
R-456,13618414606,7365813760,13.43,residential,,2,6.0,30,False,2,4.81,4.65,4.97,0.32,0.0238,0.75,2.5,1.0,1.0,2.0,6.449,3.38
R-457,13618414607,13618414606,23.83,residential,,2,6.0,30,False,3,4.1,3.15,4.97,1.82,0.0764,0.757,2.43,1.27,1.57,2.67,6.702,3.6
R-458,13618414607,13618414606,62.6,residential,,2,6.0,30,False,7,4.05,3.15,4.97,1.82,0.0291,0.757,2.43,1.97,2.88,2.57,6.892,3.36
R-459,13618414607,622039345,7.6,residential,,2,6.0,30,False,2,2.99,2.83,3.15,0.32,0.0421,0.768,2.33,1.57,1.57,4.0,7.021,4.02
R-460,13619237603,13619237606,18.82,residential,,2,6.0,30,False,3,3.91,3.52,4.32,0.8,0.0425,0.759,2.41,1.08,1.23,2.0,6.61,4.06
R-461,13619237603,13619237610,13.31,residential,,2,6.0,30,False,2,3.69,3.52,3.85,0.33,0.0248,0.76,2.4,1.23,1.23,2.0,6.683,4.01
R-462,13619237603,622039354,70.45,residential,,2,6.0,30,False,9,2.57,1.47,3.52,2.05,0.0291,0.771,2.29,3.33,7.99,2.67,6.664,3.58
R-463,13619237606,13619237603,18.82,residential,,2,6.0,30,False,3,3.91,3.52,4.32,0.8,0.0425,0.759,2.41,1.08,1.23,2.0,6.61,4.06
R-464,13619237610,13619237603,13.31,residential,,2,6.0,30,False,2,3.69,3.52,3.85,0.33,0.0248,0.76,2.4,1.23,1.23,2.0,6.683,4.01
R-465,13619237610,622039345,8.4,residential,,2,6.0,30,False,2,3.34,2.83,3.85,1.02,0.1214,0.764,2.36,1.4,1.57,3.0,6.821,3.99
R-466,13619237610,7365813760,16.55,residential,,2,6.0,30,False,2,4.25,3.85,4.65,0.8,0.0483,0.756,2.45,1.11,1.23,2.0,6.576,3.73
R-467,13619239364,13619239365,12.26,residential,,2,6.0,30,False,0,,,,,,,,,,,,
R-468,13619239364,13619239367,21.43,residential,,2,6.0,30,False,0,,,,,,,,,,,,
R-469,13619239364,13619239369,8.07,residential,,2,6.0,30,False,0,,,,,,,,,,,,
R-470,13619239365,13619239364,12.26,residential,,2,6.0,30,False,0,,,,,,,,,,,,
R-471,13619239367,13619239364,21.43,residential,,2,6.0,30,False,0,,,,,,,,,,,,
R-472,13619239367,13619239369,15.13,residential,,2,6.0,30,False,0,,,,,,,,,,,,
R-473,13619239367,245668277,186.93,tertiary,Pipeline Road,2,8.0,40,False,2,5.79,5.79,5.79,0.0,0.0,0.741,2.59,1.7,1.7,2.0,7.083,
R-474,13619239369,13619239364,8.07,residential,,2,6.0,30,False,0,,,,,,,,,,,,
R-475,13619239369,13619239367,15.13,residential,,2,6.0,30,False,0,,,,,,,,,,,,
R-476,13619239369,245668324,14.91,residential,,2,6.0,30,False,0,,,,,,,,,,,,
R-477,13619243522,13619243523,12.05,residential,,2,6.0,30,True,0,,,,,,,,,,,,
R-478,13619243522,13619243545,57.33,residential,,2,6.0,30,False,0,,,,,,,,,,,,
R-479,13619243522,9445072347,55.21,residential,,2,6.0,30,False,0,,,,,,,,,,,,
R-480,13619243523,13619243551,124.29,residential,,2,6.0,30,False,0,,,,,,,,,,,,
R-481,13619243544,13619243551,17.82,residential,,2,6.0,30,False,0,,,,,,,,,,,,
R-482,13619243545,13619243522,57.33,residential,,2,6.0,30,False,0,,,,,,,,,,,,
R-483,13619243545,245668324,58.86,residential,,2,6.0,30,False,0,,,,,,,,,,,,
R-484,13619243551,13619243523,124.29,residential,,2,6.0,30,False,0,,,,,,,,,,,,
R-485,13619243551,13619243544,17.82,residential,,2,6.0,30,False,0,,,,,,,,,,,,
R-486,13619243551,13619243558,33.83,residential,,2,6.0,30,False,0,,,,,,,,,,,,
R-487,13619243558,13619243545,14.22,residential,,2,6.0,30,True,0,,,,,,,,,,,,
R-488,13619243558,13619243551,33.83,residential,,2,6.0,30,False,0,,,,,,,,,,,,
R-489,13619318851,11047597219,57.84,residential,,2,6.0,30,False,9,5.44,3.74,7.62,3.88,0.0671,0.744,2.56,1.81,2.67,2.67,6.387,5.02
R-490,13619318851,13619318852,35.19,residential,,2,6.0,30,False,5,6.6,5.76,7.62,1.86,0.0529,0.733,2.67,1.0,1.0,2.4,6.186,3.54
R-491,13619318851,13619318853,26.52,residential,,2,6.0,30,False,4,7.88,7.62,8.11,0.49,0.0185,0.721,2.79,1.11,1.2,4.0,6.416,3.28
R-492,13619318852,11047597219,25.35,residential,,2,6.0,30,False,4,5.49,4.93,5.82,0.89,0.0351,0.744,2.56,1.09,1.35,2.0,6.347,3.31
R-493,13619318852,13619318851,35.19,residential,,2,6.0,30,False,5,6.6,5.76,7.62,1.86,0.0529,0.733,2.67,1.0,1.0,2.4,6.186,3.54
R-494,13619318852,245666191,13.1,residential,,2,6.0,30,False,2,6.04,5.76,6.32,0.56,0.0427,0.738,2.62,1.0,1.0,9.0,6.206,3.52
R-495,13619318853,13619318851,26.52,residential,,2,6.0,30,False,4,7.89,7.62,8.11,0.49,0.0185,0.721,2.79,1.11,1.2,4.0,6.416,3.28
R-496,13619318853,13619318854,10.45,tertiary,Ramakrishna Paramahansa Marg,2,8.0,40,False,2,8.3,8.1,8.51,0.41,0.0392,0.717,2.83,1.08,1.12,4.0,6.712,2.46
R-497,13619318853,245666158,9.0,tertiary,Ramakrishna Paramahansa Marg,2,8.0,40,False,2,7.84,7.59,8.1,0.51,0.0567,0.722,2.79,1.22,1.31,4.0,6.49,3.39
R-498,13619318854,13619318853,10.45,tertiary,Ramakrishna Paramahansa Marg,2,8.0,40,False,2,8.3,8.1,8.51,0.41,0.0392,0.717,2.83,1.08,1.12,4.0,6.712,2.46
R-499,13619318854,13621886870,97.18,tertiary,Ramakrishna Paramahansa Marg,2,8.0,40,False,15,7.35,5.64,8.89,3.25,0.0334,0.726,2.74,1.5,4.25,18.13,6.783,2.51
R-500,13619318854,245666191,61.43,residential,,2,6.0,30,False,9,7.74,6.32,8.7,2.38,0.0387,0.723,2.77,1.01,1.05,6.44,6.428,2.95
R-501,13619318864,11047597219,14.89,residential,,2,6.0,30,False,3,4.07,3.2,4.93,1.73,0.1162,0.757,2.43,1.76,2.08,2.0,6.493,4.24
R-502,13619318864,13619318864,89.56,residential,,2,6.0,30,False,11,1.8,-0.27,3.26,3.53,0.0394,0.779,2.21,3.88,5.9,2.55,6.943,4.78
R-503,13619318864,13619318864,89.56,residential,,2,6.0,30,False,11,1.8,-0.27,3.26,3.53,0.0394,0.779,2.21,3.88,5.9,2.55,6.943,4.78
R-504,13619318866,13617483791,100.36,residential,,2,6.0,30,False,9,2.25,-0.57,5.59,6.16,0.0614,0.774,2.26,6.67,13.54,4.0,7.255,5.76
R-505,13619318866,7365871208,6.89,tertiary,Ramakrishna Paramahansa Marg,2,8.0,40,True,2,5.13,4.67,5.59,0.92,0.1335,0.748,2.52,2.23,2.37,6.0,6.321,6.62
R-506,13619368459,13619368460,19.68,residential,,2,6.0,30,False,4,3.12,2.47,3.78,1.31,0.0666,0.766,2.34,41.82,76.27,88.0,7.557,3.29
R-507,13619368459,13619368466,71.23,residential,,2,6.0,30,False,9,3.83,2.47,4.74,2.27,0.0319,0.759,2.41,6.22,24.6,60.44,6.42,3.6
R-508,13619368459,13619368471,19.88,residential,,2,6.0,30,False,2,1.99,1.51,2.47,0.96,0.0483,0.776,2.23,42.62,60.63,32.0,7.601,2.62
R-509,13619368460,13619368459,19.68,residential,,2,6.0,30,False,4,3.12,2.47,3.78,1.31,0.0666,0.766,2.34,41.82,76.27,88.0,7.557,3.29
R-510,13619368460,13619368498,137.34,residential,,2,6.0,30,False,14,1.35,0.19,3.78,3.59,0.0261,0.783,2.17,81.63,195.63,36.71,9.669,2.31
R-511,13619368460,9771116360,35.05,residential,,2,6.0,30,False,6,4.74,3.78,5.85,2.07,0.0591,0.751,2.49,6.41,20.97,74.67,6.45,3.55
R-512,13619368466,13619368459,71.23,residential,,2,6.0,30,False,9,3.83,2.47,4.74,2.27,0.0319,0.759,2.41,6.22,24.6,60.44,6.42,3.6
R-513,13619368466,13619368487,32.86,residential,,2,6.0,30,False,6,3.15,2.18,4.26,2.08,0.0633,0.766,2.34,21.98,69.75,96.0,7.445,3.54
R-514,13619368466,9771116360,58.73,residential,,2,6.0,30,False,8,4.89,3.66,5.85,2.19,0.0373,0.749,2.51,1.42,2.88,60.0,6.564,3.19
R-515,13619368471,13619368459,19.88,residential,,2,6.0,30,False,2,1.99,1.51,2.47,0.96,0.0483,0.776,2.23,42.62,60.63,32.0,7.601,2.62
R-516,13619368471,13619368487,58.63,residential,,2,6.0,30,False,7,2.29,1.51,3.02,1.51,0.0258,0.774,2.26,50.51,100.14,34.29,7.688,3.22
R-517,13619368471,13620896407,93.24,residential,,2,6.0,30,False,12,1.76,0.87,2.85,1.98,0.0212,0.779,2.21,49.3,139.2,11.33,9.721,1.76
R-518,13619368472,12313982248,36.88,residential,,2,6.0,30,False,4,0.83,0.76,1.02,0.26,0.007,0.787,2.12,5.12,5.3,7.0,8.144,2.13
R-519,13619368472,13619368475,27.84,residential,,2,6.0,30,False,5,0.77,0.45,1.18,0.73,0.0262,0.788,2.12,7.89,23.12,12.8,7.646,2.39
R-520,13619368472,13620896407,24.35,residential,,2,6.0,30,False,5,1.15,0.77,1.88,1.11,0.0456,0.785,2.15,2.68,5.19,14.4,8.31,2.31
R-521,13619368475,13619368472,27.84,residential,,2,6.0,30,False,5,0.77,0.45,1.18,0.73,0.0262,0.788,2.12,7.89,23.12,12.8,7.646,2.39
R-522,13619368475,13619368487,135.86,residential,,2,6.0,30,False,17,1.14,0.19,3.02,2.83,0.0208,0.785,2.15,82.4,208.81,42.82,8.662,2.89
R-523,13619368475,13620896407,8.53,residential,,2,6.0,30,False,2,1.53,1.18,1.88,0.7,0.0821,0.781,2.19,1.0,1.0,16.0,9.46,2.25
R-524,13619368487,13619368466,32.86,residential,,2,6.0,30,False,6,3.15,2.18,4.26,2.08,0.0633,0.766,2.34,21.98,69.75,96.0,7.445,3.54
R-525,13619368487,13619368471,58.63,residential,,2,6.0,30,False,7,2.29,1.51,3.02,1.51,0.0258,0.774,2.26,50.51,100.14,34.29,7.688,3.22
R-526,13619368487,13619368475,135.86,residential,,2,6.0,30,False,17,1.14,0.19,3.02,2.83,0.0208,0.785,2.15,82.4,208.81,42.82,8.662,2.89
R-527,13619368498,13619368460,137.34,residential,,2,6.0,30,False,14,1.35,0.19,3.78,3.59,0.0261,0.783,2.17,81.63,195.63,36.71,9.669,2.31
R-528,13619374592,13619374593,14.32,residential,,2,6.0,30,False,3,4.03,4.0,4.06,0.06,0.0042,0.758,2.42,23.47,31.89,21.33,10.415,1.34
R-529,13619374592,2244637004,43.06,trunk,Santa Cruz – Chembur Link Road,3,18.0,60,True,5,4.0,4.0,4.0,0.0,0.0,0.758,2.42,15.08,31.89,11.2,9.569,1.49
R-530,13619374593,13619374592,14.32,residential,,2,6.0,30,False,3,4.03,4.0,4.06,0.06,0.0042,0.758,2.42,23.47,31.89,21.33,10.415,1.34
R-531,13619374593,13619374596,37.21,residential,,2,6.0,30,False,5,4.12,4.02,4.24,0.22,0.0059,0.757,2.43,15.23,23.74,38.4,9.423,1.99
R-532,13619374593,13619374597,15.61,residential,,2,6.0,30,False,3,4.01,4.0,4.02,0.02,0.0013,0.758,2.42,12.62,14.77,26.67,9.605,1.4
R-533,13619374596,13619374593,37.21,residential,,2,6.0,30,False,5,4.12,4.02,4.24,0.22,0.0059,0.757,2.43,15.23,23.74,38.4,9.423,1.99
R-534,13619374597,13619374593,15.61,residential,,2,6.0,30,False,3,4.01,4.0,4.02,0.02,0.0013,0.758,2.42,12.62,14.77,26.67,9.605,1.4
R-535,13619396529,11046194845,29.14,residential,Siddharth Nagar Road,2,6.0,30,False,2,0.59,0.59,0.59,0.0,0.0,0.79,2.1,4.82,4.82,32.0,8.168,
R-536,13619396529,13619396536,36.49,residential,,2,6.0,30,False,0,,,,,,,,,,,,
R-537,13619396529,9171835705,19.0,residential,Siddharth Nagar Road,2,6.0,30,False,0,,,,,,,,,,,,
R-538,13619396536,10840042416,18.54,residential,,2,6.0,30,False,0,,,,,,,,,,,,
R-539,13619396536,13619396529,36.49,residential,,2,6.0,30,False,0,,,,,,,,,,,,
R-540,13619396536,9171835705,17.29,residential,,2,6.0,30,False,0,,,,,,,,,,,,
R-541,13619400539,245668039,29.34,secondary_link,,1,7.0,30,True,4,2.06,2.0,2.13,0.13,0.0044,0.776,2.24,10.58,13.95,2.0,9.858,1.06
R-542,13619400539,7404711447,26.99,secondary,Vidya Nagari Marg,2,10.0,40,True,4,2.01,2.0,2.04,0.04,0.0015,0.777,2.23,8.56,10.47,18.0,9.504,1.21
R-543,13619401780,13619401781,15.74,residential,,2,6.0,30,False,2,27.96,27.82,28.1,0.28,0.0178,0.532,4.68,1.0,1.0,34.0,5.115,11.5
R-544,13619401780,6554271017,12.32,residential,,2,6.0,30,False,2,29.77,28.1,31.43,3.33,0.2703,0.516,4.85,1.0,1.0,4.0,5.104,11.32
R-545,13619401780,6554271024,82.48,residential,,2,6.0,30,False,10,16.07,6.6,28.1,21.5,0.2607,0.644,3.56,2.92,5.69,4.8,5.788,12.22
R-546,13619401781,13619401780,15.74,residential,,2,6.0,30,False,2,27.96,27.82,28.1,0.28,0.0178,0.532,4.68,1.0,1.0,34.0,5.115,11.5
R-547,13619401781,13619401781,164.97,residential,,2,6.0,30,False,18,22.52,15.61,30.4,14.79,0.0897,0.584,4.16,1.06,1.44,30.67,5.207,10.84
R-548,13619401781,13619401781,164.97,residential,,2,6.0,30,False,18,22.52,15.61,30.4,14.79,0.0897,0.584,4.16,1.06,1.44,30.67,5.207,10.84
R-549,13619403785,13619403794,32.31,residential,,2,6.0,30,False,0,,,,,,,,,,,,
R-550,13619403785,13619678849,18.09,residential,,2,6.0,30,False,0,,,,,,,,,,,,
R-551,13619403785,245668197,22.99,residential,,2,6.0,30,False,0,,,,,,,,,,,,
R-552,13619403787,13619433317,3.94,residential,,2,6.0,30,False,0,,,,,,,,,,,,
R-553,13619403787,13619678849,2.55,residential,,2,6.0,30,False,0,,,,,,,,,,,,
R-554,13619403787,245668286,71.42,residential,,2,6.0,30,False,0,,,,,,,,,,,,
R-555,13619403788,13619403789,21.13,residential,,2,6.0,30,False,0,,,,,,,,,,,,
R-556,13619403788,245668197,28.94,residential,,2,6.0,30,False,0,,,,,,,,,,,,
R-557,13619403788,245668324,104.46,residential,,2,6.0,30,False,0,,,,,,,,,,,,
R-558,13619403789,13619403788,21.13,residential,,2,6.0,30,False,0,,,,,,,,,,,,
R-559,13619403794,13619403785,32.31,residential,,2,6.0,30,False,0,,,,,,,,,,,,
R-560,13619412997,10925941300,44.77,residential,,2,6.0,30,False,6,4.31,3.63,5.35,1.72,0.0384,0.755,2.45,1.43,2.06,44.0,7.055,2.21
R-561,13619412997,13619412997,128.29,residential,,2,6.0,30,False,14,4.37,3.12,5.72,2.6,0.0203,0.754,2.46,2.03,3.85,100.79,7.265,2.31
R-562,13619412997,13619412997,128.29,residential,,2,6.0,30,False,14,4.37,3.12,5.72,2.6,0.0203,0.754,2.46,2.03,3.85,100.79,7.265,2.31
R-563,13619433317,13619403787,3.94,residential,,2,6.0,30,False,0,,,,,,,,,,,,
R-564,13619433317,13619433317,140.77,residential,,2,6.0,30,False,0,,,,,,,,,,,,
R-565,13619433317,13619433317,140.77,residential,,2,6.0,30,False,0,,,,,,,,,,,,
R-566,13619457121,13619457123,47.22,residential,,2,6.0,30,False,5,7.15,6.36,8.0,1.64,0.0347,0.728,2.72,1.17,1.3,102.4,6.33,4.78
R-567,13619457122,13619457123,29.91,residential,,2,6.0,30,False,4,6.51,6.02,7.01,0.99,0.0331,0.734,2.66,1.04,1.16,96.0,6.288,4.45
R-568,13619457123,13619457121,47.22,residential,,2,6.0,30,False,5,7.15,6.36,8.0,1.64,0.0347,0.728,2.72,1.17,1.3,102.4,6.33,4.78
R-569,13619457123,13619457122,29.91,residential,,2,6.0,30,False,4,6.51,6.02,7.01,0.99,0.0331,0.734,2.66,1.04,1.16,96.0,6.288,4.45
R-570,13619457123,13619457125,11.12,residential,,2,6.0,30,False,2,6.63,6.25,7.01,0.76,0.0683,0.733,2.67,2.03,2.9,128.0,6.484,5.76
R-571,13619457125,13619457123,11.12,residential,,2,6.0,30,False,2,6.63,6.25,7.01,0.76,0.0683,0.733,2.67,2.03,2.9,128.0,6.484,5.76
R-572,13619457125,7366246694,11.46,trunk_link,,1,8.0,40,True,2,6.36,6.25,6.47,0.22,0.0192,0.736,2.64,3.58,4.27,128.0,6.751,6.42
R-573,13619463498,9445072347,9.05,residential,,2,6.0,30,False,0,,,,,,,,,,,,
R-574,13619485519,10925931740,10.53,residential,,2,6.0,30,False,3,4.78,4.62,5.05,0.43,0.0408,0.75,2.5,1.27,1.49,1.0,6.688,2.43
R-575,13619485519,10925931740,103.44,residential,,2,6.0,30,False,11,4.76,3.78,5.72,1.94,0.0188,0.751,2.49,1.77,3.2,58.64,7.02,2.46
R-576,13619485519,13619485526,7.17,residential,,2,6.0,30,False,2,4.84,4.68,5.01,0.33,0.046,0.75,2.5,1.02,1.03,1.0,6.532,2.41
R-577,13619485526,10925931739,8.68,residential,,2,6.0,30,False,2,4.84,4.67,5.01,0.34,0.0392,0.75,2.5,1.2,1.36,1.0,6.573,2.65
R-578,13619485526,10925931740,12.82,residential,,2,6.0,30,False,2,5.03,5.01,5.05,0.04,0.0031,0.748,2.52,1.17,1.3,1.0,6.591,2.59
R-579,13619485526,13619485519,7.17,residential,,2,6.0,30,False,2,4.84,4.68,5.01,0.33,0.046,0.75,2.5,1.02,1.03,1.0,6.532,2.41
R-580,13619491182,13619491183,59.67,residential,,2,6.0,30,False,0,,,,,,,,,,,,
R-581,13619491182,13619500839,0.85,residential,,2,6.0,30,False,0,,,,,,,,,,,,
R-582,13619491182,9171835708,24.98,residential,,2,6.0,30,False,0,,,,,,,,,,,,
R-583,13619491183,13619491182,59.67,residential,,2,6.0,30,False,0,,,,,,,,,,,,
R-584,13619491183,13619500841,11.05,residential,,2,6.0,30,True,0,,,,,,,,,,,,
R-585,13619491183,9171835708,84.09,residential,,2,6.0,30,False,0,,,,,,,,,,,,
R-586,13619491193,13619500813,22.86,residential,,2,6.0,30,False,0,,,,,,,,,,,,
R-587,13619491193,9171835708,36.45,residential,,2,6.0,30,False,0,,,,,,,,,,,,
R-588,13619491193,9171835708,99.37,residential,,2,6.0,30,False,0,,,,,,,,,,,,
R-589,13619500809,13619500813,28.95,residential,,2,6.0,30,False,0,,,,,,,,,,,,
R-590,13619500809,13619500813,96.19,residential,,2,6.0,30,False,0,,,,,,,,,,,,
R-591,13619500809,13619500813,122.89,residential,,2,6.0,30,False,0,,,,,,,,,,,,
R-592,13619500813,13619491193,22.86,residential,,2,6.0,30,False,0,,,,,,,,,,,,
R-593,13619500813,13619500809,28.95,residential,,2,6.0,30,False,0,,,,,,,,,,,,
R-594,13619500813,13619500809,96.19,residential,,2,6.0,30,False,0,,,,,,,,,,,,
R-595,13619500813,13619500809,122.89,residential,,2,6.0,30,False,0,,,,,,,,,,,,
R-596,13619500839,13619491182,0.85,residential,,2,6.0,30,False,0,,,,,,,,,,,,
R-597,13619500841,10925943006,47.23,residential,,2,6.0,30,False,0,,,,,,,,,,,,
R-598,13619500841,245668374,60.13,residential,,2,6.0,30,False,0,,,,,,,,,,,,
R-599,13619507487,13601073293,103.13,residential,,2,6.0,30,False,12,0.82,0.09,1.53,1.44,0.014,0.788,2.12,14.22,28.85,1.17,8.707,1.35
R-600,13619515794,13619515794,103.82,residential,,2,6.0,30,False,11,5.07,3.92,5.86,1.94,0.0187,0.748,2.52,2.89,14.57,9.18,6.851,2.46
R-601,13619515794,13619515794,103.82,residential,,2,6.0,30,False,11,5.07,3.92,5.86,1.94,0.0187,0.748,2.52,2.89,14.57,9.18,6.851,2.46
R-602,13619515794,7384246086,5.6,residential,,2,6.0,30,False,2,3.99,3.91,4.07,0.16,0.0286,0.758,2.42,2.88,4.75,16.0,6.556,3.25
R-603,13619536860,13618399201,52.8,residential,,2,6.0,30,False,7,0.33,0.05,0.65,0.6,0.0114,0.792,2.08,104.64,187.93,6.29,9.931,2.1
R-604,13619536860,13619536866,18.21,residential,,2,6.0,30,False,3,0.55,0.33,0.68,0.35,0.0192,0.79,2.1,4.23,9.38,2.67,7.733,2.94
R-605,13619536866,13619536860,18.21,residential,,2,6.0,30,False,3,0.55,0.33,0.68,0.35,0.0192,0.79,2.1,4.23,9.38,2.67,7.733,2.94
R-606,13619536866,13619536860,78.51,residential,,2,6.0,30,True,10,-0.15,-0.83,0.68,1.51,0.0192,0.797,2.03,94.22,196.68,3.0,9.759,2.32
R-607,13619536866,622039341,12.47,residential,,2,6.0,30,False,2,1.02,0.68,1.36,0.68,0.0545,0.786,2.14,7.26,9.38,3.0,7.986,3.58
R-608,13619539391,13619539396,14.57,residential,,2,6.0,30,False,0,,,,,,,,,,,,
R-609,13619539391,13619539396,47.37,residential,,2,6.0,30,False,0,,,,,,,,,,,,
R-610,13619539391,13622435420,16.31,residential,,2,6.0,30,False,0,,,,,,,,,,,,
R-611,13619539396,13619539391,14.57,residential,,2,6.0,30,False,0,,,,,,,,,,,,
R-612,13619539396,13619539391,47.37,residential,,2,6.0,30,False,0,,,,,,,,,,,,
R-613,13619539396,2244797706,35.28,residential,,2,6.0,30,False,0,,,,,,,,,,,,
R-614,13619570121,13619570121,191.6,residential,,2,6.0,30,False,0,,,,,,,,,,,,
R-615,13619570121,13619570121,191.6,residential,,2,6.0,30,False,0,,,,,,,,,,,,
R-616,13619570121,2244797706,14.73,residential,,2,6.0,30,False,0,,,,,,,,,,,,
R-617,13619604480,13622528188,6.51,residential,,2,6.0,30,False,1,2.27,2.27,2.27,0.0,0.0,0.774,2.26,4.46,4.46,1.0,9.706,
R-618,13619604480,13622528191,1.56,residential,,2,6.0,30,False,0,,,,,,,,,,,,
R-619,13619604480,9914206292,28.2,residential,,2,6.0,30,False,2,2.48,2.14,2.82,0.68,0.0241,0.772,2.28,4.04,4.72,1.0,9.371,
R-620,13619678849,13619403785,18.09,residential,,2,6.0,30,False,0,,,,,,,,,,,,
R-621,13619678849,13619403787,2.55,residential,,2,6.0,30,False,0,,,,,,,,,,,,
R-622,13619678849,13619678859,83.26,residential,,2,6.0,30,False,0,,,,,,,,,,,,
R-623,13619678859,13619678849,83.26,residential,,2,6.0,30,False,0,,,,,,,,,,,,
R-624,13619678859,13622445020,12.85,residential,Siddharth Nagar Road,2,6.0,30,False,0,,,,,,,,,,,,
R-625,13619678859,9171835705,53.15,residential,Siddharth Nagar Road,2,6.0,30,False,0,,,,,,,,,,,,
R-626,13619939784,2897024523,18.49,secondary,Avenue 3,2,10.0,40,True,3,10.22,9.67,10.66,0.99,0.0535,0.699,3.01,1.69,2.01,16.0,7.002,2.79
R-627,13619939784,2897024614,230.93,primary,Bandra Kurla Complex Road,3,14.0,50,True,28,9.98,8.33,11.83,3.5,0.0152,0.702,2.98,4.25,14.29,29.0,7.514,2.64
R-628,13620657537,245666801,134.61,residential,,2,6.0,30,False,15,0.37,-0.26,1.02,1.28,0.0095,0.792,2.08,298.59,582.11,25.6,9.433,2.24
R-629,13620896407,13619368471,93.24,residential,,2,6.0,30,False,12,1.76,0.87,2.85,1.98,0.0212,0.779,2.21,49.3,139.2,11.33,9.721,1.76
R-630,13620896407,13619368472,24.35,residential,,2,6.0,30,False,5,1.15,0.77,1.88,1.11,0.0456,0.785,2.15,2.68,5.19,14.4,8.31,2.31
R-631,13620896407,13619368475,8.53,residential,,2,6.0,30,False,2,1.53,1.18,1.88,0.7,0.0821,0.781,2.19,1.0,1.0,16.0,9.46,2.25
R-632,13620903019,13622445031,7.81,residential,,2,6.0,30,False,0,,,,,,,,,,,,
R-633,13620903019,13622445936,24.83,residential,,2,6.0,30,False,0,,,,,,,,,,,,
R-634,13620903019,13622450251,38.98,residential,,2,6.0,30,False,0,,,,,,,,,,,,
R-635,13620903026,13622450256,3.89,residential,,2,6.0,30,False,0,,,,,,,,,,,,
R-636,13621749580,13621749581,12.68,residential,,2,6.0,30,False,2,6.95,6.95,6.95,0.0,0.0,0.73,2.7,1.0,1.0,64.0,7.223,
R-637,13621749581,13621749580,12.68,residential,,2,6.0,30,False,2,6.95,6.95,6.95,0.0,0.0,0.73,2.7,1.0,1.0,64.0,7.223,
R-638,13621749581,13621749583,2.65,residential,,2,6.0,30,False,1,6.95,6.95,6.95,0.0,0.0,0.73,2.7,1.0,1.0,64.0,7.223,
R-639,13621749581,245668277,25.79,residential,,2,6.0,30,False,4,6.4,5.79,6.95,1.16,0.045,0.735,2.65,1.18,1.7,33.0,7.112,
R-640,13621749583,13621749581,2.65,residential,,2,6.0,30,False,1,6.95,6.95,6.95,0.0,0.0,0.73,2.7,1.0,1.0,64.0,7.223,
R-641,13621749583,13621749584,13.09,residential,,2,6.0,30,False,2,6.95,6.95,6.95,0.0,0.0,0.73,2.7,1.0,1.0,64.0,7.223,
R-642,13621749583,13621749587,2.96,residential,,2,6.0,30,False,1,6.95,6.95,6.95,0.0,0.0,0.73,2.7,1.0,1.0,64.0,7.223,
R-643,13621749584,13621749583,13.09,residential,,2,6.0,30,False,2,6.95,6.95,6.95,0.0,0.0,0.73,2.7,1.0,1.0,64.0,7.223,
R-644,13621749585,13621749587,12.85,residential,,2,6.0,30,False,3,6.97,6.95,7.0,0.05,0.0039,0.73,2.7,1.0,1.0,64.0,7.169,
R-645,13621749587,13621749583,2.96,residential,,2,6.0,30,False,1,6.95,6.95,6.95,0.0,0.0,0.73,2.7,1.0,1.0,64.0,7.223,
R-646,13621749587,13621749585,12.85,residential,,2,6.0,30,False,3,6.97,6.95,7.0,0.05,0.0039,0.73,2.7,1.0,1.0,64.0,7.169,
R-647,13621749587,13621749595,33.6,residential,,2,6.0,30,False,4,6.99,6.95,7.0,0.05,0.0015,0.73,2.7,1.0,1.0,64.0,6.947,
R-648,13621749595,13621749587,33.6,residential,,2,6.0,30,False,4,6.99,6.95,7.0,0.05,0.0015,0.73,2.7,1.0,1.0,64.0,6.947,
R-649,13621749595,13621749598,17.1,residential,,2,6.0,30,False,1,5.7,5.7,5.7,0.0,0.0,0.742,2.58,1.0,1.0,128.0,7.609,
R-650,13621749595,13621749599,6.5,residential,,2,6.0,30,False,1,6.38,6.38,6.38,0.0,0.0,0.735,2.65,1.0,1.0,64.0,7.097,
R-651,13621749598,13621749595,17.1,residential,,2,6.0,30,False,1,5.7,5.7,5.7,0.0,0.0,0.742,2.58,1.0,1.0,128.0,7.609,
R-652,13621749598,13621749599,11.9,residential,,2,6.0,30,False,2,6.04,5.7,6.38,0.68,0.0571,0.738,2.62,1.0,1.0,96.0,7.353,
R-653,13621749598,13621749599,84.01,residential,,2,6.0,30,False,9,5.38,4.38,6.38,2.0,0.0238,0.745,2.55,2.84,7.33,85.33,7.911,1.64
R-654,13621749599,13621749595,6.5,residential,,2,6.0,30,False,1,6.38,6.38,6.38,0.0,0.0,0.735,2.65,1.0,1.0,64.0,7.097,
R-655,13621749599,13621749598,11.9,residential,,2,6.0,30,False,2,6.04,5.7,6.38,0.68,0.0571,0.738,2.62,1.0,1.0,96.0,7.353,
R-656,13621749599,13621749598,84.01,residential,,2,6.0,30,False,9,5.38,4.38,6.38,2.0,0.0238,0.745,2.55,2.84,7.33,85.33,7.911,1.64
R-657,13621886865,13621886866,61.16,residential,,2,6.0,30,False,7,4.38,4.01,5.1,1.09,0.0178,0.754,2.46,8.71,14.25,73.14,8.7,1.85
R-658,13621886865,13621886870,28.86,tertiary,Ramakrishna Paramahansa Marg,2,8.0,40,False,3,5.3,5.1,5.64,0.54,0.0187,0.745,2.55,6.12,8.08,32.0,8.009,2.37
R-659,13621886865,6428811270,42.25,tertiary,Ramakrishna Paramahansa Marg,2,8.0,40,False,6,5.28,4.9,6.09,1.19,0.0282,0.746,2.54,2.58,6.04,18.67,7.167,2.04
R-660,13621886866,13621886865,61.16,residential,,2,6.0,30,False,7,4.38,4.01,5.1,1.09,0.0178,0.754,2.46,8.71,14.25,73.14,8.7,1.85
R-661,13621886869,13621886870,36.93,residential,,2,6.0,30,False,7,5.18,4.46,5.81,1.35,0.0366,0.747,2.53,3.06,4.25,52.57,7.517,2.18
R-662,13621886870,13619318854,97.18,tertiary,Ramakrishna Paramahansa Marg,2,8.0,40,False,15,7.35,5.64,8.89,3.25,0.0334,0.726,2.74,1.5,4.25,18.13,6.783,2.51
R-663,13621886870,13621886865,28.86,tertiary,Ramakrishna Paramahansa Marg,2,8.0,40,False,3,5.3,5.1,5.64,0.54,0.0187,0.745,2.55,6.12,8.08,32.0,8.009,2.37
R-664,13621886870,13621886869,36.93,residential,,2,6.0,30,False,7,5.18,4.46,5.81,1.35,0.0366,0.747,2.53,3.06,4.25,52.57,7.517,2.18
R-665,13621901230,13621901231,7.57,tertiary_link,,1,6.0,30,False,2,3.48,3.32,3.64,0.32,0.0423,0.762,2.38,6.62,8.63,3.0,7.654,3.11
R-666,13621901230,6428811268,34.8,tertiary,,2,8.0,40,True,5,2.81,2.44,3.32,0.88,0.0253,0.769,2.31,9.79,11.4,0.8,8.658,1.81
R-667,13621901231,12350446597,54.55,tertiary,,2,8.0,40,True,6,4.94,3.64,6.71,3.07,0.0563,0.749,2.51,4.14,4.62,3.67,7.29,3.57
R-668,13621901231,13621901230,7.57,tertiary_link,,1,6.0,30,False,2,3.48,3.32,3.64,0.32,0.0423,0.762,2.38,6.62,8.63,3.0,7.654,3.11
R-669,13621901232,12350446596,51.38,tertiary,,2,8.0,40,True,6,7.53,6.5,8.0,1.5,0.0292,0.724,2.76,2.09,3.72,2.0,8.009,2.59
R-670,13621901232,13621901233,7.31,tertiary_link,,1,6.0,30,False,2,8.0,8.0,8.0,0.0,0.0,0.72,2.8,1.0,1.0,65.0,8.599,
R-671,13621901233,13621901232,7.31,tertiary_link,,1,6.0,30,False,2,8.0,8.0,8.0,0.0,0.0,0.72,2.8,1.0,1.0,65.0,8.599,
R-672,13622308157,13622308160,36.75,tertiary,,2,8.0,40,False,0,,,,,,,,,,,,
R-673,13622308160,13622308157,36.75,tertiary,,2,8.0,40,False,0,,,,,,,,,,,,
R-674,13622308160,13622308161,36.39,residential,,2,6.0,30,False,0,,,,,,,,,,,,
R-675,13622308160,13622308163,93.79,tertiary,,2,8.0,40,False,0,,,,,,,,,,,,
R-676,13622308161,13622308160,36.39,residential,,2,6.0,30,False,0,,,,,,,,,,,,
R-677,13622308163,13622308160,93.79,tertiary,,2,8.0,40,False,0,,,,,,,,,,,,
R-678,13622308163,13622308164,43.63,residential,,2,6.0,30,False,0,,,,,,,,,,,,
R-679,13622308163,13622308171,53.68,tertiary,,2,8.0,40,False,1,7.07,7.07,7.07,0.0,0.0,0.729,2.71,1.0,1.0,16.0,6.724,
R-680,13622308164,13622308163,43.63,residential,,2,6.0,30,False,0,,,,,,,,,,,,
R-681,13622308166,11976374939,65.09,tertiary,,2,8.0,40,False,8,5.25,5.0,6.01,1.01,0.0155,0.746,2.54,18.98,22.42,15.5,9.347,1.74
R-682,13622308166,13622308171,26.02,tertiary,,2,8.0,40,False,4,6.67,6.01,7.07,1.06,0.0407,0.733,2.67,5.88,13.82,20.0,7.273,2.54
R-683,13622308166,13622308171,39.49,residential,,2,6.0,30,False,6,6.25,5.59,7.07,1.48,0.0375,0.737,2.63,8.55,22.34,12.67,7.574,2.15
R-684,13622308171,13622308163,53.68,tertiary,,2,8.0,40,False,1,7.07,7.07,7.07,0.0,0.0,0.729,2.71,1.0,1.0,16.0,6.724,
R-685,13622308171,13622308166,26.02,tertiary,,2,8.0,40,False,4,6.67,6.01,7.07,1.06,0.0407,0.733,2.67,5.88,13.82,20.0,7.273,2.54
R-686,13622308171,13622308166,39.49,residential,,2,6.0,30,False,6,6.25,5.59,7.07,1.48,0.0375,0.737,2.63,8.55,22.34,12.67,7.574,2.15
R-687,13622393246,13622393246,87.86,residential,,2,6.0,30,False,10,5.48,5.01,5.75,0.74,0.0084,0.744,2.56,12.89,23.87,13.8,8.945,1.07
R-688,13622393246,13622393246,87.86,residential,,2,6.0,30,False,10,5.48,5.01,5.75,0.74,0.0084,0.744,2.56,12.9,23.87,13.8,8.945,1.07
R-689,13622393246,5911310878,29.93,residential,,2,6.0,30,False,4,5.31,4.96,5.64,0.68,0.0227,0.745,2.55,14.39,19.73,80.0,8.458,1.59
R-690,13622435420,13619539391,16.31,residential,,2,6.0,30,False,0,,,,,,,,,,,,
R-691,13622435420,13622435423,8.32,residential,,2,6.0,30,False,0,,,,,,,,,,,,
R-692,13622435420,6489058155,52.42,residential,,2,6.0,30,False,0,,,,,,,,,,,,
R-693,13622435423,13622435420,8.32,residential,,2,6.0,30,False,0,,,,,,,,,,,,
R-694,13622435423,13622435424,14.06,residential,,2,6.0,30,False,0,,,,,,,,,,,,
R-695,13622435423,13622450250,27.16,residential,,2,6.0,30,False,0,,,,,,,,,,,,
R-696,13622435424,13622435423,14.06,residential,,2,6.0,30,False,0,,,,,,,,,,,,
R-697,13622445020,13619678859,12.85,residential,Siddharth Nagar Road,2,6.0,30,False,0,,,,,,,,,,,,
R-698,13622445020,13622445031,89.79,residential,,2,6.0,30,False,0,,,,,,,,,,,,
R-699,13622445020,245668286,9.07,residential,Siddharth Nagar Road,2,6.0,30,False,0,,,,,,,,,,,,
R-700,13622445031,13620903019,7.81,residential,,2,6.0,30,False,0,,,,,,,,,,,,
R-701,13622445031,13622445020,89.79,residential,,2,6.0,30,False,0,,,,,,,,,,,,
R-702,13622445031,13622445933,3.46,residential,,2,6.0,30,False,0,,,,,,,,,,,,
R-703,13622445933,13622445031,3.46,residential,,2,6.0,30,False,0,,,,,,,,,,,,
R-704,13622445933,13622445935,31.17,residential,,2,6.0,30,False,0,,,,,,,,,,,,
R-705,13622445933,245668286,2.71,residential,,2,6.0,30,False,0,,,,,,,,,,,,
R-706,13622445935,13622445933,31.17,residential,,2,6.0,30,False,0,,,,,,,,,,,,
R-707,13622445936,13620903019,24.83,residential,,2,6.0,30,False,0,,,,,,,,,,,,
R-708,13622445936,13622445937,12.05,residential,,2,6.0,30,False,0,,,,,,,,,,,,
R-709,13622445936,6489058155,9.93,residential,,2,6.0,30,False,0,,,,,,,,,,,,
R-710,13622445937,13622445936,12.05,residential,,2,6.0,30,False,0,,,,,,,,,,,,
R-711,13622450250,13622435423,27.16,residential,,2,6.0,30,False,0,,,,,,,,,,,,
R-712,13622450251,13620903019,38.98,residential,,2,6.0,30,False,0,,,,,,,,,,,,
R-713,13622450251,13622450256,17.73,residential,,2,6.0,30,False,0,,,,,,,,,,,,
R-714,13622450251,13622450256,49.66,residential,,2,6.0,30,False,0,,,,,,,,,,,,
R-715,13622450256,13620903026,3.89,residential,,2,6.0,30,False,0,,,,,,,,,,,,
R-716,13622450256,13622450251,17.73,residential,,2,6.0,30,False,0,,,,,,,,,,,,
R-717,13622450256,13622450251,49.66,residential,,2,6.0,30,False,0,,,,,,,,,,,,
R-718,13622492455,11046205759,2.71,residential,,2,6.0,30,False,1,5.47,5.47,5.47,0.0,0.0,0.744,2.56,1.2,1.2,1.0,6.769,2.66
R-719,13622492455,13622492455,70.2,residential,,2,6.0,30,False,8,6.13,5.47,6.99,1.52,0.0217,0.738,2.62,1.21,1.63,96.12,6.888,2.84
R-720,13622492455,13622492455,70.2,residential,,2,6.0,30,False,8,6.13,5.47,6.99,1.52,0.0217,0.738,2.62,1.21,1.63,96.12,6.889,2.84
R-721,13622492459,11046205760,27.53,residential,,2,6.0,30,False,5,4.64,4.23,4.99,0.76,0.0276,0.752,2.48,1.38,1.66,19.4,6.649,3.07
R-722,13622503093,10925941300,33.46,residential,,2,6.0,30,False,4,3.46,3.29,3.63,0.34,0.0102,0.763,2.38,2.46,2.71,2.0,7.927,1.86
R-723,13622503093,10925943006,9.08,residential,,2,6.0,30,False,0,,,,,,,,,,,,
R-724,13622503093,13622531608,11.41,residential,,2,6.0,30,False,0,,,,,,,,,,,,
R-725,13622528187,13622528188,26.61,residential,,2,6.0,30,False,4,2.52,2.27,2.95,0.68,0.0256,0.772,2.28,3.87,4.46,1.5,9.155,1.61
R-726,13622528188,13619604480,6.51,residential,,2,6.0,30,False,1,2.27,2.27,2.27,0.0,0.0,0.774,2.26,4.46,4.46,1.0,9.706,
R-727,13622528188,13622528187,26.61,residential,,2,6.0,30,False,4,2.53,2.27,2.95,0.68,0.0256,0.772,2.28,3.87,4.46,1.5,9.155,1.61
R-728,13622528188,13622528189,15.17,residential,,2,6.0,30,False,3,2.61,2.27,2.95,0.68,0.0448,0.771,2.29,3.78,4.46,1.67,9.042,
R-729,13622528189,13622528188,15.17,residential,,2,6.0,30,False,3,2.61,2.27,2.95,0.68,0.0448,0.771,2.29,3.78,4.46,1.67,9.042,
R-730,13622528191,10925943006,15.5,residential,,2,6.0,30,False,0,,,,,,,,,,,,
R-731,13622528191,13619604480,1.56,residential,,2,6.0,30,False,0,,,,,,,,,,,,
R-732,13622528191,9914206292,79.32,residential,,2,6.0,30,False,2,3.16,2.82,3.5,0.68,0.0086,0.766,2.34,2.68,3.36,16.5,8.149,
R-733,13622531608,13622503093,11.41,residential,,2,6.0,30,False,0,,,,,,,,,,,,
R-734,13622531608,13622531608,97.62,residential,,2,6.0,30,False,6,4.19,3.63,5.3,1.67,0.0171,0.756,2.44,1.97,2.37,2.0,7.609,
R-735,13622531608,13622531608,97.62,residential,,2,6.0,30,False,6,4.19,3.63,5.3,1.67,0.0171,0.756,2.44,1.97,2.37,2.0,7.609,
R-736,13626183249,13626183260,6.93,residential,,2,6.0,30,True,2,-1.52,-1.69,-1.36,0.33,0.0476,0.81,1.9,24.98,26.2,8.0,9.776,2.02
R-737,13626183249,245666901,29.88,tertiary,,2,8.0,40,True,4,-1.5,-1.69,-1.27,0.42,0.0141,0.809,1.91,15.58,26.2,7.0,9.213,1.37
R-738,13626183257,11047568171,126.95,residential,,2,6.0,30,False,14,2.35,2.0,2.89,0.89,0.007,0.773,2.27,1.69,3.67,17.86,9.075,0.94
R-739,13626183257,13626183258,55.37,residential,,2,6.0,30,False,6,1.73,1.09,2.56,1.47,0.0265,0.779,2.21,6.5,12.13,12.0,8.567,1.18
R-740,13626183257,245666901,111.52,residential,,2,6.0,30,False,14,0.41,-1.27,2.56,3.83,0.0343,0.792,2.08,4.11,10.4,13.43,7.613,2.05
R-741,13626183258,13626183257,55.37,residential,,2,6.0,30,False,6,1.73,1.09,2.56,1.47,0.0265,0.779,2.21,6.5,12.13,12.0,8.567,1.18
R-742,13626183259,10055232024,7.16,residential,,2,6.0,30,False,1,0.39,0.39,0.39,0.0,0.0,0.792,2.08,1.86,1.86,32.0,6.315,4.39
R-743,13626183259,10055232027,90.39,residential,,2,6.0,30,False,12,2.24,0.39,3.39,3.0,0.0332,0.774,2.26,1.48,3.37,46.67,6.962,2.32
R-744,13626183259,13639959261,22.54,residential,,2,6.0,30,False,3,-0.17,-0.79,0.39,1.18,0.0524,0.797,2.03,9.16,17.64,24.0,7.29,3.87
R-745,13626183260,13626183250,4.87,residential,,2,6.0,30,True,2,-1.25,-1.36,-1.14,0.22,0.0452,0.807,1.93,24.8,25.86,8.0,9.627,2.29
R-746,13626183260,13639959261,19.36,residential,,2,6.0,30,False,3,-1.21,-1.47,-0.79,0.68,0.0351,0.807,1.93,22.9,27.31,8.0,9.233,2.61
R-747,13638081803,13638081804,73.08,residential,,2,6.0,30,False,9,2.48,1.25,3.97,2.72,0.0372,0.772,2.28,1.4,1.87,2.44,6.578,3.62
R-748,13638081803,13638081811,9.23,residential,,2,6.0,30,False,2,3.26,2.86,3.66,0.8,0.0867,0.765,2.35,1.31,1.59,2.0,6.88,2.94
R-749,13638081803,13638081813,8.65,residential,,2,6.0,30,False,3,3.78,3.66,4.0,0.34,0.0393,0.76,2.4,1.01,1.02,2.0,6.684,2.94
R-750,13638081804,13638081803,73.08,residential,,2,6.0,30,False,9,2.48,1.25,3.97,2.72,0.0372,0.772,2.28,1.4,1.87,2.44,6.578,3.62
R-751,13638081805,13638081806,74.6,residential,,2,6.0,30,False,9,0.59,-0.7,2.17,2.87,0.0385,0.79,2.1,4.66,8.33,1.11,7.763,2.7
R-752,13638081805,13638081807,125.54,residential,,2,6.0,30,False,16,0.4,-1.05,2.17,3.22,0.0256,0.792,2.08,4.26,12.68,49.19,7.802,1.93
R-753,13638081805,13638081809,31.06,residential,,2,6.0,30,False,5,2.52,2.17,2.86,0.69,0.0222,0.772,2.28,1.51,1.94,1.0,7.412,1.91
R-754,13638081805,13638081811,19.75,residential,,2,6.0,30,False,3,2.6,2.17,2.86,0.69,0.0349,0.771,2.29,1.67,1.94,1.33,7.143,2.65
R-755,13638081806,13638081805,74.6,residential,,2,6.0,30,False,9,0.59,-0.7,2.17,2.87,0.0385,0.79,2.1,4.66,8.33,1.11,7.763,2.7
R-756,13638081807,13638081805,125.54,residential,,2,6.0,30,False,16,0.4,-1.05,2.17,3.22,0.0256,0.792,2.08,4.26,12.68,49.19,7.802,1.93
R-757,13638081807,13638081817,38.09,tertiary,JL Shirshekar Marg,2,8.0,40,False,5,-0.58,-1.0,-0.05,0.95,0.0249,0.801,1.99,7.35,12.68,3.2,8.578,1.49
R-758,13638081807,245666901,20.6,tertiary,JL Shirshekar Marg,2,8.0,40,False,3,-1.14,-1.27,-1.0,0.27,0.0131,0.806,1.94,9.46,12.68,5.33,9.023,1.01
R-759,13638081809,13638081805,31.06,residential,,2,6.0,30,False,5,2.52,2.17,2.86,0.69,0.0222,0.772,2.28,1.51,1.94,1.0,7.412,1.91
R-760,13638081810,13638081811,31.39,residential,,2,6.0,30,False,4,3.06,2.86,3.35,0.49,0.0156,0.767,2.33,1.15,1.59,1.25,7.25,2.5
R-761,13638081811,13638081803,9.23,residential,,2,6.0,30,False,2,3.26,2.86,3.66,0.8,0.0867,0.765,2.35,1.31,1.59,2.0,6.88,2.94
R-762,13638081811,13638081805,19.75,residential,,2,6.0,30,False,3,2.6,2.17,2.86,0.69,0.0349,0.771,2.29,1.67,1.94,1.33,7.143,2.65
R-763,13638081811,13638081810,31.39,residential,,2,6.0,30,False,4,3.06,2.86,3.35,0.49,0.0156,0.767,2.33,1.15,1.59,1.25,7.25,2.5
R-764,13638081813,13638081803,8.65,residential,,2,6.0,30,False,3,3.78,3.66,4.0,0.34,0.0393,0.76,2.4,1.01,1.02,2.0,6.684,2.94
R-765,13638081816,13638081817,13.27,residential,,2,6.0,30,False,3,0.3,-0.05,0.54,0.59,0.0445,0.793,2.07,1.25,1.46,2.0,6.984,2.24
R-766,13638081817,13638081807,38.09,tertiary,JL Shirshekar Marg,2,8.0,40,False,5,-0.58,-1.0,-0.05,0.95,0.0249,0.801,1.99,7.35,12.68,3.2,8.578,1.49
R-767,13638081817,13638081816,13.27,residential,,2,6.0,30,False,3,0.3,-0.05,0.54,0.59,0.0445,0.793,2.07,1.25,1.46,2.0,6.984,2.24
R-768,13638081817,245666881,44.87,tertiary,JL Shirshekar Marg,2,8.0,40,False,7,0.07,-0.52,0.49,1.01,0.0225,0.795,2.05,1.59,4.37,100.86,6.704,2.82
R-769,13638081818,13638081819,10.0,residential,,2,6.0,30,False,2,2.11,1.87,2.35,0.48,0.048,0.776,2.25,1.14,1.19,66.0,6.359,3.32
R-770,13638081818,13638081821,40.15,residential,,2,6.0,30,False,6,3.52,2.35,4.0,1.65,0.0411,0.762,2.38,1.08,1.28,107.0,6.366,3.47
R-771,13638081818,245666881,25.11,residential,,2,6.0,30,False,5,0.7,-0.52,2.35,2.87,0.1143,0.789,2.11,1.97,4.37,128.0,6.698,3.32
R-772,13638081819,13638081818,10.0,residential,,2,6.0,30,False,2,2.11,1.87,2.35,0.48,0.048,0.776,2.25,1.14,1.19,66.0,6.359,3.32
R-773,13638081821,13638081818,40.15,residential,,2,6.0,30,False,6,3.52,2.35,4.0,1.65,0.0411,0.762,2.38,1.08,1.28,107.0,6.366,3.47
R-774,13638530342,245666351,13.01,residential,,2,6.0,30,False,2,5.63,5.63,5.64,0.01,0.0008,0.742,2.58,1.37,1.37,2.0,8.087,1.31
R-775,13638535652,10696472308,64.73,residential,,2,6.0,30,False,9,11.39,7.22,13.32,6.1,0.0942,0.688,3.12,1.19,1.5,16.0,5.812,6.11
R-776,13638535652,10696472309,3.19,residential,,2,6.0,30,False,1,7.22,7.22,7.22,0.0,0.0,0.728,2.72,1.34,1.34,128.0,6.102,5.78
R-777,13638535652,13638535654,45.47,residential,,2,6.0,30,False,6,5.37,4.2,7.22,3.02,0.0664,0.745,2.55,2.54,6.16,128.0,6.746,4.38
R-778,13638535652,245666190,74.18,residential,,2,6.0,30,False,9,6.46,6.0,7.22,1.22,0.0164,0.735,2.65,2.76,4.83,29.44,7.061,3.53
R-779,13638535653,13638535654,39.0,residential,,2,6.0,30,False,6,3.46,2.77,4.2,1.43,0.0367,0.763,2.37,20.41,31.26,69.33,8.833,2.6
R-780,13638535654,13638535652,45.47,residential,,2,6.0,30,False,6,5.37,4.2,7.22,3.02,0.0664,0.745,2.55,2.54,6.16,128.0,6.746,4.38
R-781,13638535654,13638535653,39.0,residential,,2,6.0,30,False,6,3.46,2.77,4.2,1.43,0.0367,0.763,2.37,20.41,31.26,69.33,8.833,2.6
R-782,13638535654,13638535655,73.26,residential,,2,6.0,30,False,10,5.03,4.2,5.64,1.44,0.0197,0.748,2.52,4.42,7.57,39.6,7.729,2.14
R-783,13638535655,13638535654,73.26,residential,,2,6.0,30,False,10,5.03,4.2,5.64,1.44,0.0197,0.748,2.52,4.42,7.57,39.6,7.729,2.15
R-784,13638535655,2439333822,45.9,residential,Ramakrishna Paramahansa Marg,2,6.0,30,False,5,4.62,4.47,4.77,0.3,0.0065,0.752,2.48,4.35,7.57,2.8,8.357,1.18
R-785,13638535655,245666190,46.91,residential,Ramakrishna Paramahansa Marg,2,6.0,30,False,7,5.59,4.47,6.32,1.85,0.0394,0.743,2.57,4.02,7.57,1.57,7.807,2.07
R-786,13638535656,2439333822,61.17,residential,,2,6.0,30,False,8,4.12,3.26,4.56,1.3,0.0213,0.757,2.43,5.83,15.71,32.75,8.126,1.46
R-787,13638535661,245666446,65.41,residential,Ramakrishna Paramahansa Marg,2,6.0,30,False,8,4.9,4.4,5.91,1.51,0.0231,0.75,2.5,1.74,2.35,4.12,7.067,2.53
R-788,13638535670,10696472306,39.79,residential,,2,6.0,30,False,6,5.46,5.31,5.65,0.34,0.0085,0.744,2.56,1.54,1.69,2.0,7.947,1.51
R-789,13638535670,13638535674,53.61,residential,,2,6.0,30,False,7,5.49,5.28,5.66,0.38,0.0071,0.744,2.56,1.56,3.05,1.71,7.422,1.42
R-790,13638535670,245666446,97.55,residential,,2,6.0,30,False,13,5.34,4.49,5.95,1.46,0.015,0.745,2.55,1.54,2.02,1.15,7.761,1.53
R-791,13638535674,13638535670,53.61,residential,,2,6.0,30,False,7,5.49,5.28,5.66,0.38,0.0071,0.744,2.56,1.56,3.05,1.71,7.422,1.42
R-792,13638535675,10696472306,29.79,residential,,2,6.0,30,False,4,5.45,4.97,6.02,1.05,0.0352,0.744,2.56,2.33,3.31,2.5,7.642,2.48
R-793,13638535675,10696472307,33.56,residential,,2,6.0,30,False,5,8.06,6.02,9.73,3.71,0.1105,0.72,2.8,1.89,3.31,6.4,6.258,5.56
R-794,13638535675,13638535679,46.38,residential,,2,6.0,30,False,5,5.31,4.73,6.02,1.29,0.0278,0.746,2.54,6.25,9.77,12.0,7.839,3.58
R-795,13638535679,13638535675,46.38,residential,,2,6.0,30,False,5,5.31,4.73,6.02,1.29,0.0278,0.746,2.54,6.25,9.77,12.0,7.839,3.58
R-796,13638535681,10696472351,16.07,residential,Ramakrishna Paramahansa Marg,2,6.0,30,False,3,4.41,3.97,4.85,0.88,0.0548,0.754,2.46,1.97,2.58,3.33,7.512,1.92
R-797,13638535681,10696472356,14.31,residential,Ramakrishna Paramahansa Marg,2,6.0,30,False,3,3.8,3.47,3.97,0.5,0.0349,0.76,2.4,4.38,8.32,85.67,7.525,2.63
R-798,13638535681,13638535682,74.05,residential,,2,6.0,30,False,11,4.6,3.95,5.64,1.69,0.0228,0.752,2.48,1.45,2.58,82.0,6.949,2.61
R-799,13638535682,10294725029,24.64,residential,,2,6.0,30,False,4,4.54,4.32,4.81,0.49,0.0199,0.753,2.47,1.0,1.0,4.75,6.465,2.81
R-800,13638535682,13638535681,74.05,residential,,2,6.0,30,False,11,4.6,3.95,5.64,1.69,0.0228,0.752,2.48,1.45,2.58,82.0,6.949,2.61
R-801,13638535682,13638535685,350.21,residential,,2,6.0,30,False,37,2.29,0.14,4.4,4.26,0.0122,0.774,2.26,10.55,80.07,31.19,7.775,2.29
R-802,13638535682,13638546110,45.74,residential,,2,6.0,30,False,7,3.43,2.53,4.4,1.87,0.0409,0.763,2.37,1.33,2.29,2.86,6.523,2.91
R-803,13638535683,10696472347,64.81,residential,Ramakrishna Paramahansa Marg,2,6.0,30,False,9,4.89,2.66,7.22,4.56,0.0704,0.749,2.51,3.66,14.77,7.56,7.21,3.57
R-804,13638535683,10696472350,64.98,residential,Ramakrishna Paramahansa Marg,2,6.0,30,False,9,7.71,7.22,8.22,1.0,0.0154,0.723,2.77,1.27,1.6,4.0,6.885,2.3
R-805,13638535683,13638535684,73.54,residential,,2,6.0,30,False,9,4.73,2.56,7.22,4.66,0.0634,0.751,2.49,1.97,2.81,3.56,6.682,3.53
R-806,13638535684,13638535683,73.54,residential,,2,6.0,30,False,9,4.73,2.56,7.22,4.66,0.0634,0.751,2.49,1.97,2.81,3.56,6.682,3.53
R-807,13638535684,13638546112,36.29,residential,,2,6.0,30,False,5,2.26,1.87,2.56,0.69,0.019,0.774,2.26,6.27,14.41,3.2,7.488,2.72
R-808,13638535684,13638546126,11.87,residential,,2,6.0,30,False,4,2.64,2.39,2.95,0.56,0.0472,0.771,2.29,4.04,5.43,2.0,7.481,3.36
R-809,13638535685,10696472350,72.75,residential,,2,6.0,30,False,11,5.98,3.21,8.22,5.01,0.0689,0.739,2.61,2.39,4.97,4.73,7.006,3.35
R-810,13638535685,13638535682,350.21,residential,,2,6.0,30,False,37,2.29,0.14,4.4,4.26,0.0122,0.774,2.26,10.55,80.07,31.19,7.775,2.29
R-811,13638535685,13638535686,66.86,residential,,2,6.0,30,False,10,3.84,3.04,4.58,1.54,0.023,0.759,2.41,3.11,8.84,5.0,7.408,2.65
R-812,13638535685,13638546126,53.41,residential,,2,6.0,30,False,5,2.74,2.44,3.21,0.77,0.0144,0.769,2.31,6.45,8.45,4.4,7.945,3.55
R-813,13638535686,10696472349,74.14,residential,,2,6.0,30,False,8,5.07,3.04,6.82,3.78,0.051,0.748,2.52,3.88,8.84,1.88,7.184,2.9
R-814,13638535686,13638535685,66.86,residential,,2,6.0,30,False,10,3.84,3.04,4.58,1.54,0.023,0.759,2.41,3.11,8.84,5.0,7.408,2.65
R-815,13638535686,245666191,66.58,residential,,2,6.0,30,False,9,4.32,3.04,6.32,3.28,0.0493,0.755,2.45,7.11,16.41,15.33,7.747,2.41
R-816,13638546109,13638546109,99.63,residential,,2,6.0,30,False,13,0.59,0.02,1.49,1.47,0.0148,0.79,2.1,28.65,53.54,2.46,9.661,1.8
R-817,13638546109,13638546109,99.63,residential,,2,6.0,30,False,13,0.59,0.02,1.49,1.47,0.0148,0.79,2.1,28.65,53.54,2.46,9.661,1.8
R-818,13638546109,13638546110,26.52,residential,,2,6.0,30,False,4,1.78,0.91,2.53,1.62,0.0611,0.779,2.21,9.71,25.79,2.5,7.43,2.52
R-819,13638546110,13638535682,45.74,residential,,2,6.0,30,False,7,3.43,2.53,4.4,1.87,0.0409,0.763,2.37,1.33,2.29,2.86,6.523,2.91
R-820,13638546110,13638546109,26.52,residential,,2,6.0,30,False,4,1.78,0.91,2.53,1.62,0.0611,0.779,2.21,9.71,25.79,2.5,7.43,2.52
R-821,13638546110,245666482,17.87,residential,,2,6.0,30,False,4,2.27,2.07,2.53,0.46,0.0257,0.774,2.26,13.58,24.92,3.5,7.989,2.25
R-822,13638546111,13638546111,99.61,residential,,2,6.0,30,False,13,1.09,0.55,1.48,0.93,0.0093,0.785,2.15,18.7,39.28,11.69,9.324,1.48
R-823,13638546111,13638546111,99.61,residential,,2,6.0,30,False,13,1.09,0.55,1.48,0.93,0.0093,0.785,2.15,18.7,39.28,11.69,9.324,1.48
R-824,13638546111,13638546112,25.62,residential,,2,6.0,30,False,4,1.4,1.01,1.87,0.86,0.0336,0.782,2.18,9.28,14.41,7.0,8.683,1.7
R-825,13638546112,13638535684,36.29,residential,,2,6.0,30,False,5,2.26,1.87,2.56,0.69,0.019,0.774,2.26,6.27,14.41,3.2,7.488,2.72
R-826,13638546112,13638546111,25.62,residential,,2,6.0,30,False,4,1.4,1.01,1.87,0.86,0.0336,0.782,2.18,9.28,14.41,7.0,8.683,1.7
R-827,13638546112,245666482,29.08,residential,,2,6.0,30,False,4,2.01,1.87,2.21,0.34,0.0117,0.777,2.23,23.1,31.34,4.0,9.173,2.11
R-828,13638546125,13638546125,94.87,residential,,2,6.0,30,False,12,1.41,1.17,1.85,0.68,0.0072,0.782,2.18,13.92,20.27,20.0,9.363,1.38
R-829,13638546125,13638546125,94.87,residential,,2,6.0,30,False,12,1.41,1.17,1.85,0.68,0.0072,0.782,2.18,13.92,20.27,20.0,9.363,1.38
R-830,13638546125,13638546126,27.14,residential,,2,6.0,30,False,4,2.03,1.22,2.67,1.45,0.0534,0.776,2.24,9.88,18.04,3.5,8.621,2.58
R-831,13638546126,13638535684,11.87,residential,,2,6.0,30,False,4,2.64,2.39,2.95,0.56,0.0472,0.77,2.29,4.04,5.43,2.0,7.481,3.36
R-832,13638546126,13638535685,53.41,residential,,2,6.0,30,False,5,2.74,2.44,3.21,0.77,0.0144,0.769,2.31,6.45,8.45,4.4,7.945,3.55
R-833,13638546126,13638546125,27.14,residential,,2,6.0,30,False,4,2.03,1.22,2.67,1.45,0.0534,0.776,2.24,9.88,18.04,3.5,8.621,2.58
R-834,13639959260,13626183249,18.8,tertiary,,2,8.0,40,True,3,-1.42,-1.69,-1.1,0.59,0.0314,0.809,1.91,24.07,27.31,8.0,9.318,2.64
R-835,13639959260,13639959261,7.09,residential,,2,6.0,30,False,2,-0.95,-1.1,-0.79,0.31,0.0437,0.804,1.96,18.18,18.71,8.0,8.402,3.29
R-836,13639959261,13626183259,22.54,residential,,2,6.0,30,False,3,-0.17,-0.79,0.39,1.18,0.0524,0.797,2.03,9.16,17.64,24.0,7.29,3.87
R-837,13639959261,13626183260,19.36,residential,,2,6.0,30,False,3,-1.21,-1.47,-0.79,0.68,0.0351,0.807,1.93,22.9,27.31,8.0,9.233,2.61
R-838,13639959261,13639959260,7.09,residential,,2,6.0,30,False,2,-0.95,-1.1,-0.79,0.31,0.0437,0.804,1.96,18.18,18.71,8.0,8.402,3.29
R-839,1375215100,1375215119,153.45,residential,S Nagar Road,2,6.0,30,False,19,2.81,2.19,3.76,1.57,0.0102,0.769,2.31,6.41,16.07,27.47,8.594,1.63
R-840,1375215100,14104987804,39.68,residential,Sunder Nagar Road Number 2,2,6.0,30,False,6,2.54,2.12,3.34,1.22,0.0307,0.771,2.29,3.28,4.34,3.67,7.753,1.66
R-841,1375215100,2244637027,35.49,residential,Sunder Nagar Road Number 2,2,6.0,30,False,5,4.13,3.34,4.59,1.25,0.0352,0.757,2.43,2.44,3.46,3.2,7.208,1.59
R-842,1375215119,1375215100,153.45,residential,S Nagar Road,2,6.0,30,False,19,2.81,2.19,3.76,1.57,0.0102,0.769,2.31,6.41,16.07,27.47,8.594,1.63
R-843,1375215119,245668000,42.9,tertiary,Jawaharlal Nehru Road,2,8.0,40,False,5,2.98,2.3,3.76,1.46,0.034,0.768,2.32,2.31,3.44,32.0,8.342,1.88
R-844,1375215119,7404711455,95.82,tertiary,Jawaharlal Nehru Road,2,8.0,40,False,11,5.98,3.76,7.97,4.21,0.0439,0.739,2.61,2.16,3.79,52.36,7.222,2.7
R-845,1375251567,245668185,40.24,residential,Pipeline Road,2,6.0,30,False,7,7.35,6.81,7.8,0.99,0.0246,0.726,2.74,1.06,1.37,1.57,6.802,2.56
R-846,1375251567,245668277,150.21,tertiary,Pipeline Road,2,8.0,40,False,17,6.97,5.79,8.74,2.95,0.0196,0.73,2.7,1.22,1.7,21.12,6.998,2.11
R-847,1375251567,5911310869,430.52,tertiary,,2,8.0,40,False,49,6.68,4.5,9.76,5.26,0.0122,0.733,2.67,2.4,14.19,27.02,7.476,2.1
R-848,13798210715,13798210737,8.15,residential,,2,6.0,30,False,2,-1.34,-1.89,-0.8,1.09,0.1337,0.808,1.92,52.42,56.44,4.0,9.681,4.0
R-849,13798210715,6926279721,49.99,trunk,Santa Cruz – Chembur Link Road,3,18.0,60,True,7,-2.09,-2.41,-1.85,0.56,0.0112,0.815,1.85,30.65,48.41,6.29,8.916,3.65
R-850,13798210723,6926279717,56.29,residential,,2,6.0,30,False,4,5.4,4.99,5.66,0.67,0.0119,0.744,2.56,1.0,1.0,40.0,6.248,3.83
R-851,13798210725,13798210735,31.96,residential,,2,6.0,30,False,4,3.71,3.06,4.3,1.24,0.0388,0.761,2.39,1.03,1.11,96.0,6.29,3.26
R-852,13798210725,6926279716,26.82,residential,,2,6.0,30,False,3,1.22,-0.68,3.06,3.74,0.1394,0.784,2.16,21.7,43.26,85.33,7.34,3.95
R-853,13798210725,6926279717,28.31,residential,,2,6.0,30,False,4,4.03,3.06,4.99,1.93,0.0682,0.758,2.43,1.0,1.01,96.0,6.248,3.26
R-854,13798210730,6926279716,56.49,residential,,2,6.0,30,False,7,-1.17,-2.62,1.18,3.8,0.0673,0.806,1.94,36.8,65.69,0.71,8.469,4.43
R-855,13798210735,13798210725,31.96,residential,,2,6.0,30,False,4,3.71,3.06,4.3,1.24,0.0388,0.761,2.39,1.03,1.11,96.0,6.29,3.26
R-856,13798210735,13798210737,155.84,residential,,2,6.0,30,False,16,2.08,-0.8,4.3,5.1,0.0327,0.776,2.24,9.34,56.44,7.5,6.965,3.32
R-857,13798210735,6926279717,15.95,residential,,2,6.0,30,False,2,4.64,4.3,4.99,0.69,0.0433,0.752,2.49,1.0,1.0,64.0,6.477,2.61
R-858,13798210737,13798210715,8.15,residential,,2,6.0,30,False,2,-1.34,-1.89,-0.8,1.09,0.1337,0.808,1.92,52.42,56.44,4.0,9.681,4.0
R-859,13798210737,13798210735,155.84,residential,,2,6.0,30,False,16,2.08,-0.8,4.3,5.1,0.0327,0.776,2.24,9.34,56.44,7.5,6.965,3.32
R-860,13798210737,13798210738,51.18,residential,,2,6.0,30,False,7,-1.96,-2.74,-0.8,1.94,0.0379,0.814,1.86,43.36,56.8,4.57,9.303,3.96
R-861,13798210738,13798210737,51.18,residential,,2,6.0,30,False,7,-1.96,-2.74,-0.8,1.94,0.0379,0.814,1.86,43.36,56.8,4.57,9.303,3.96
R-862,13798210738,6926279716,18.95,residential,,2,6.0,30,False,3,-2.01,-2.74,-0.68,2.06,0.1087,0.814,1.86,53.61,65.69,0.0,9.47,
R-863,13798210738,6926279721,8.99,residential,,2,6.0,30,False,2,-2.58,-2.74,-2.41,0.33,0.0367,0.819,1.81,40.67,51.89,4.0,9.259,
R-864,13798244194,10245790327,10.55,residential,,2,6.0,30,True,3,6.97,6.44,7.41,0.97,0.0919,0.73,2.7,1.0,1.0,11.0,6.609,2.46
R-865,13798244194,13798244195,31.94,residential,,2,6.0,30,False,4,6.74,6.44,7.05,0.61,0.0191,0.732,2.68,1.0,1.0,13.0,6.274,3.01
R-866,13798244195,13798244194,31.94,residential,,2,6.0,30,False,4,6.74,6.44,7.05,0.61,0.0191,0.732,2.68,1.0,1.0,13.0,6.274,3.01
R-867,13798244195,13798244196,156.29,residential,,2,6.0,30,True,18,3.86,2.22,6.71,4.49,0.0287,0.759,2.41,22.21,53.03,4.17,7.887,3.04
R-868,13798244196,13798244194,27.04,residential,,2,6.0,30,True,4,5.41,4.25,6.44,2.19,0.081,0.745,2.56,8.31,18.18,20.0,6.771,3.27
R-869,13798244196,13798244197,24.98,residential,,2,6.0,30,False,4,4.76,4.25,5.28,1.03,0.0412,0.751,2.5,10.35,18.18,32.0,6.976,2.73
R-870,13798244197,13798244196,24.98,residential,,2,6.0,30,False,4,4.76,4.25,5.28,1.03,0.0412,0.75,2.5,10.35,18.18,32.0,6.977,2.73
R-871,13798296276,13798296277,6.17,residential,,2,6.0,30,False,1,5.72,5.72,5.72,0.0,0.0,0.742,2.58,2.28,2.28,8.0,6.927,3.54
R-872,13798296276,13798296286,48.23,trunk,Santa Cruz – Chembur Link Road,3,18.0,60,True,6,6.62,5.72,7.37,1.65,0.0342,0.733,2.67,1.39,2.28,9.67,6.674,2.99
R-873,13798296277,13798296276,6.17,residential,,2,6.0,30,False,1,5.72,5.72,5.72,0.0,0.0,0.742,2.58,2.28,2.28,8.0,6.927,3.54
R-874,13798296277,13798296287,13.51,residential,,2,6.0,30,False,3,5.69,5.51,5.84,0.33,0.0244,0.742,2.58,2.18,2.41,8.0,6.869,3.8
R-875,13798296277,13798296297,19.63,residential,,2,6.0,30,False,3,4.96,4.13,5.72,1.59,0.081,0.749,2.51,3.59,5.14,8.0,7.067,3.85
R-876,13798296286,10245790327,5.22,trunk,Santa Cruz – Chembur Link Road,3,18.0,60,True,2,7.16,6.91,7.41,0.5,0.0958,0.728,2.72,1.0,1.0,1.0,6.812,2.21
R-877,13798296286,13798296288,7.22,residential,,2,6.0,30,False,1,6.91,6.91,6.91,0.0,0.0,0.73,2.7,1.0,1.0,1.0,6.638,2.6
R-878,13798296287,13798296277,13.51,residential,,2,6.0,30,False,3,5.69,5.51,5.84,0.33,0.0244,0.742,2.58,2.18,2.41,8.0,6.869,3.8
R-879,13798296288,13798296286,7.22,residential,,2,6.0,30,False,1,6.91,6.91,6.91,0.0,0.0,0.73,2.7,1.0,1.0,1.0,6.638,2.6
R-880,13798296288,13798296289,87.25,residential,,2,6.0,30,False,10,3.82,2.15,6.91,4.76,0.0546,0.759,2.41,20.04,39.03,10.3,8.136,3.26
R-881,13798296288,13815611429,23.66,residential,,2,6.0,30,False,4,6.4,5.8,6.91,1.11,0.0469,0.735,2.65,1.23,1.58,12.25,6.36,3.37
R-882,13798296289,13798296288,87.25,residential,,2,6.0,30,False,10,3.82,2.15,6.91,4.76,0.0546,0.759,2.41,20.04,39.03,10.3,8.136,3.26
R-883,13798296289,13798296297,14.44,residential,,2,6.0,30,False,3,3.3,2.56,4.13,1.57,0.1087,0.764,2.36,7.99,11.89,5.33,7.692,3.86
R-884,13798296289,13798296297,63.43,residential,,2,6.0,30,False,8,3.82,2.56,5.12,2.56,0.0404,0.759,2.41,8.82,23.24,22.0,7.268,4.03
R-885,13798296297,13798296277,19.63,residential,,2,6.0,30,False,3,4.96,4.13,5.72,1.59,0.081,0.749,2.51,3.59,5.14,8.0,7.067,3.85
R-886,13798296297,13798296289,14.44,residential,,2,6.0,30,False,3,3.3,2.56,4.13,1.57,0.1087,0.764,2.36,7.99,11.89,5.33,7.692,3.86
R-887,13798296297,13798296289,63.43,residential,,2,6.0,30,False,8,3.82,2.56,5.12,2.56,0.0404,0.759,2.41,8.82,23.24,22.0,7.268,4.03
R-888,13815611429,13798296288,23.66,residential,,2,6.0,30,False,4,6.4,5.8,6.91,1.11,0.0469,0.735,2.65,1.23,1.58,12.25,6.36,3.36
R-889,14090541020,10279771623,45.09,primary,Bandra Kurla Complex Road,3,14.0,50,True,1,1.54,1.54,1.54,0.0,0.0,0.781,2.19,3.95,3.95,8.0,7.675,
R-890,14104987804,1375215100,39.68,residential,Sunder Nagar Road Number 2,2,6.0,30,False,6,2.54,2.12,3.34,1.22,0.0307,0.771,2.29,3.28,4.34,3.67,7.753,1.66
R-891,14104987804,245667863,4.84,residential,Sunder Nagar Road Number 2,2,6.0,30,False,2,2.19,2.13,2.24,0.11,0.0227,0.774,2.25,2.06,2.32,2.5,7.809,1.57
R-892,14104987804,2897024862,300.37,secondary,Vidya Nagari Marg,2,10.0,40,True,34,9.18,2.0,17.21,15.21,0.0506,0.709,2.91,5.37,25.82,26.47,6.756,6.34
R-893,14104987809,2244637021,74.16,residential,,2,6.0,30,False,9,4.63,3.54,5.29,1.75,0.0236,0.752,2.48,4.27,13.9,11.78,7.103,3.2
R-894,14130497014,14130497015,20.82,residential,,2,6.0,30,False,0,,,,,,,,,,,,
R-895,14130497014,245668208,194.59,residential,St Anthony Road,2,6.0,30,False,0,,,,,,,,,,,,
R-896,14130497014,9684698224,20.89,residential,St Anthony Road,2,6.0,30,False,0,,,,,,,,,,,,
R-897,14130497015,14130497014,20.82,residential,,2,6.0,30,False,0,,,,,,,,,,,,
R-898,14130497022,9684698224,12.76,residential,,2,6.0,30,False,0,,,,,,,,,,,,
R-899,1934627523,245667676,129.94,residential,,2,6.0,30,False,15,5.01,3.01,8.57,5.56,0.0428,0.748,2.52,29.84,70.03,10.27,8.249,5.37
R-900,1934627523,245667685,78.23,residential,,2,6.0,30,False,10,8.36,7.02,9.7,2.68,0.0343,0.717,2.83,3.31,5.01,17.6,6.192,9.09
R-901,1934627523,6490872923,21.5,residential,,2,6.0,30,False,3,8.94,7.28,10.87,3.59,0.167,0.711,2.89,3.69,5.01,8.0,6.317,10.37
R-902,2244637004,13614452347,193.91,trunk,Santa Cruz – Chembur Link Road,3,18.0,60,True,22,3.82,1.44,5.42,3.98,0.0205,0.76,2.4,7.46,36.93,56.95,7.905,1.83
R-903,2244637004,2244637007,89.18,residential,,2,6.0,30,False,12,6.29,4.0,9.33,5.33,0.0598,0.736,2.64,2.49,5.38,29.33,7.165,3.26
R-904,2244637004,245667542,25.01,residential,,2,6.0,30,False,4,4.09,4.0,4.35,0.35,0.014,0.757,2.43,7.78,9.67,10.0,8.801,2.07
R-905,2244637007,13408237102,132.8,residential,,2,6.0,30,False,19,8.33,4.91,11.61,6.7,0.0505,0.717,2.83,4.9,12.9,73.47,6.71,6.07
R-906,2244637007,2244637004,89.18,residential,,2,6.0,30,False,12,6.29,4.0,9.33,5.33,0.0598,0.737,2.64,2.49,5.38,29.33,7.165,3.26
R-907,2244637007,245667730,204.59,residential,Vidhya Nagari Street,2,6.0,30,False,23,14.68,8.56,21.45,12.89,0.063,0.657,3.43,2.34,6.12,30.43,6.008,7.73
R-908,2244637012,11054646813,57.63,residential,Sunder Nagar Road Number 2,2,6.0,30,False,7,6.21,3.59,8.58,4.99,0.0866,0.737,2.63,2.51,5.53,2.57,6.101,7.61
R-909,2244637012,6491091371,66.53,residential,,2,6.0,30,False,8,4.02,3.06,5.06,2.0,0.0301,0.758,2.42,4.15,5.7,33.38,6.683,6.53
R-910,2244637012,6491091372,66.0,residential,Sunder Nagar Road Number 2,2,6.0,30,False,8,5.69,3.59,7.49,3.9,0.0591,0.742,2.58,3.47,5.53,1.75,6.457,7.44
R-911,2244637013,245667730,33.76,residential,,2,6.0,30,False,6,7.43,6.56,8.56,2.0,0.0592,0.725,2.74,4.29,5.01,2.67,6.966,5.35
R-912,2244637013,245667764,7.33,residential,,2,6.0,30,False,1,6.56,6.56,6.56,0.0,0.0,0.734,2.66,3.17,3.17,2.0,6.862,4.27
R-913,2244637013,6554271024,71.18,residential,,2,6.0,30,False,9,7.17,6.51,7.97,1.46,0.0205,0.728,2.72,3.16,5.83,4.67,6.854,3.99
R-914,2244637021,14104987809,74.16,residential,,2,6.0,30,False,9,4.63,3.54,5.29,1.75,0.0236,0.752,2.48,4.27,13.9,11.78,7.103,3.2
R-915,2244637021,2244637027,74.94,residential,,2,6.0,30,False,11,4.63,4.2,4.94,0.74,0.0099,0.752,2.48,2.31,5.17,3.82,7.665,1.23
R-916,2244637021,245667764,103.45,residential,,2,6.0,30,False,14,5.2,4.59,6.56,1.97,0.019,0.747,2.53,4.32,9.57,3.29,7.352,2.74
R-917,2244637021,6554271024,67.22,residential,,2,6.0,30,False,7,5.7,4.94,6.6,1.66,0.0247,0.742,2.58,4.6,7.18,3.14,7.492,3.46
R-918,2244637026,2244637067,191.26,residential,,2,6.0,30,False,23,3.58,-0.74,10.44,11.18,0.0585,0.762,2.38,6.23,24.32,11.3,6.826,5.48
R-919,2244637026,4342420383,43.76,residential,,2,6.0,30,False,6,8.53,5.73,10.81,5.08,0.1161,0.715,2.85,1.25,1.83,6.5,6.144,5.07
R-920,2244637026,6554206834,113.08,residential,,2,6.0,30,False,12,6.85,5.17,9.8,4.63,0.0409,0.731,2.69,2.63,6.24,15.0,6.988,3.79
R-921,2244637027,1375215100,35.49,residential,Sunder Nagar Road Number 2,2,6.0,30,False,5,4.13,3.34,4.59,1.25,0.0352,0.757,2.43,2.44,3.46,3.2,7.208,1.59
R-922,2244637027,2244637021,74.94,residential,,2,6.0,30,False,11,4.63,4.2,4.94,0.74,0.0099,0.752,2.48,2.31,5.17,3.82,7.665,1.23
R-923,2244637027,6490968308,168.17,residential,Sunder Nagar Road Number 2,2,6.0,30,False,20,3.66,1.87,9.99,8.12,0.0483,0.761,2.39,16.06,51.56,35.15,8.445,3.37
R-924,2244637034,2244637056,315.81,residential,,2,6.0,30,False,20,5.57,1.86,8.98,7.12,0.0225,0.743,2.57,3.27,11.48,7.75,6.656,4.76
R-925,2244637034,4342420383,83.76,residential,,2,6.0,30,False,10,4.17,3.24,5.73,2.49,0.0297,0.756,2.44,5.83,8.45,4.2,7.509,4.19
R-926,2244637034,4342420490,83.59,residential,,2,6.0,30,False,11,2.35,1.05,3.87,2.82,0.0337,0.773,2.27,14.07,24.58,28.36,7.889,3.81
R-927,2244637056,11054673420,46.64,residential,,2,6.0,30,False,0,,,,,,,,,,,,
R-928,2244637056,2244637034,315.81,residential,,2,6.0,30,False,20,5.57,1.86,8.98,7.12,0.0225,0.743,2.57,3.27,11.48,7.75,6.656,4.76
R-929,2244637056,622060872,101.59,residential,,2,6.0,30,False,0,,,,,,,,,,,,
R-930,2244637067,2244637026,191.26,residential,,2,6.0,30,False,23,3.58,-0.74,10.44,11.18,0.0585,0.762,2.38,6.23,24.32,11.3,6.826,5.48
R-931,2244637067,6554236440,32.92,tertiary,Jawaharlal Nehru Road,2,8.0,40,False,4,3.83,2.59,5.58,2.99,0.0908,0.759,2.4,1.59,2.05,2.0,6.475,4.66
R-932,2244637067,6554236441,210.33,tertiary,Jawaharlal Nehru Road,2,8.0,40,False,12,1.14,-0.28,3.15,3.43,0.0163,0.785,2.15,2.94,5.39,22.58,7.15,3.89
R-933,2244637068,10923690293,48.3,residential,,2,6.0,30,False,0,,,,,,,,,,,,
R-934,2244637068,245668029,141.2,residential,Church Road,2,6.0,30,False,0,,,,,,,,,,,,
R-935,2244637068,622060802,19.11,residential,Church Road,2,6.0,30,False,0,,,,,,,,,,,,
R-936,2244797470,2804520131,226.51,residential,,2,6.0,30,False,27,4.42,1.12,7.57,6.45,0.0285,0.754,2.46,3.55,11.23,36.0,7.244,2.86
R-937,2244797686,10925931739,51.06,residential,,2,6.0,30,False,7,3.15,1.52,4.67,3.15,0.0617,0.766,2.34,1.73,2.5,20.71,6.88,3.29
R-938,2244797686,11046194845,23.64,residential,Siddharth Nagar Road,2,6.0,30,False,4,1.03,0.59,1.52,0.93,0.0393,0.786,2.14,3.83,4.82,32.0,7.754,3.11
R-939,2244797686,13601073293,20.6,residential,Siddharth Nagar Road,2,6.0,30,False,4,1.09,0.5,1.52,1.02,0.0495,0.785,2.15,10.44,22.31,24.0,8.591,2.33
R-940,2244797706,13619539396,35.28,residential,,2,6.0,30,False,0,,,,,,,,,,,,
R-941,2244797706,13619570121,14.73,residential,,2,6.0,30,False,0,,,,,,,,,,,,
R-942,2244797706,245668374,37.97,residential,,2,6.0,30,False,0,,,,,,,,,,,,
R-943,2439333822,10696472349,119.0,residential,Ramakrishna Paramahansa Marg,2,6.0,30,False,16,4.6,4.02,6.82,2.8,0.0235,0.752,2.48,4.62,8.4,15.19,8.28,1.7
R-944,2439333822,13638535655,45.9,residential,Ramakrishna Paramahansa Marg,2,6.0,30,False,5,4.62,4.47,4.77,0.3,0.0065,0.752,2.48,4.35,7.57,2.8,8.357,1.18
R-945,2439333822,13638535656,61.17,residential,,2,6.0,30,False,8,4.12,3.26,4.56,1.3,0.0213,0.757,2.43,5.83,15.71,32.75,8.126,1.46
R-946,245665874,3641869342,23.74,tertiary,Jagat Vidya Marg,2,8.0,40,False,4,6.57,6.15,6.83,0.68,0.0286,0.733,2.67,1.0,1.0,12.0,7.185,
R-947,245665874,6428811261,15.69,tertiary,,2,8.0,40,True,3,6.49,5.98,6.83,0.85,0.0542,0.734,2.66,1.0,1.0,21.33,6.799,
R-948,245665910,10653501374,119.23,residential,M D Abasaheb Shinde Marg,2,6.0,30,False,16,3.95,2.43,8.37,5.94,0.0498,0.758,2.42,12.71,35.51,74.0,8.17,3.03
R-949,245665910,13617092840,6.78,tertiary,,2,8.0,40,True,2,2.79,2.65,2.93,0.28,0.0413,0.769,2.31,4.93,7.51,8.0,8.247,0.91
R-950,245666041,245666337,213.16,tertiary,Avenue 5,2,8.0,40,False,0,,,,,,,,,,,,
R-951,245666041,2897024596,11.16,tertiary,Avenue 5,2,8.0,40,False,0,,,,,,,,,,,,
R-952,245666077,10091403659,64.63,tertiary,,2,8.0,40,True,10,6.74,5.49,7.71,2.22,0.0343,0.732,2.68,3.41,4.48,13.6,7.306,2.71
R-953,245666077,13617067002,5.65,tertiary_link,,1,6.0,30,False,2,5.69,5.49,5.88,0.39,0.069,0.742,2.58,3.53,3.57,24.0,7.131,3.16
R-954,245666078,245666041,109.96,tertiary,Avenue 5: Lane 3,2,8.0,40,True,9,5.69,5.03,6.7,1.67,0.0152,0.742,2.58,3.01,5.94,14.0,7.725,2.38
R-955,245666078,2897024594,8.02,tertiary,Avenue 3,2,8.0,40,True,2,6.76,6.7,6.82,0.12,0.015,0.732,2.69,1.54,1.94,2.0,6.94,2.75
R-956,245666141,2897024627,11.81,tertiary,Street 5,2,8.0,40,True,2,7.27,6.94,7.59,0.65,0.055,0.727,2.73,2.84,3.06,4.0,6.729,4.24
R-957,245666141,9469495782,392.7,secondary,Avenue 3: Lane 3,2,10.0,40,True,45,6.11,4.3,7.97,3.67,0.0093,0.738,2.62,7.89,33.91,33.93,7.966,1.63
R-958,245666158,13619318853,9.0,tertiary,Ramakrishna Paramahansa Marg,2,8.0,40,False,2,7.84,7.59,8.1,0.51,0.0567,0.722,2.79,1.22,1.31,4.0,6.49,3.39
R-959,245666158,13619318866,23.09,tertiary,Ramakrishna Paramahansa Marg,2,8.0,40,True,4,6.66,5.59,7.59,2.0,0.0866,0.733,2.67,1.64,2.08,4.0,6.297,5.14
R-960,245666190,10696472349,28.07,residential,,2,6.0,30,False,5,6.53,6.16,6.84,0.68,0.0242,0.734,2.66,1.35,1.88,1.2,6.618,2.93
R-961,245666190,13638535652,74.18,residential,,2,6.0,30,False,9,6.46,6.0,7.22,1.22,0.0164,0.735,2.65,2.76,4.83,29.44,7.061,3.53
R-962,245666190,13638535655,46.91,residential,Ramakrishna Paramahansa Marg,2,6.0,30,False,7,5.59,4.47,6.32,1.85,0.0394,0.743,2.57,4.02,7.57,1.57,7.807,2.07
R-963,245666190,245666260,65.45,residential,Ramakrishna Paramahansa Marg,2,6.0,30,False,9,7.92,6.32,8.89,2.57,0.0393,0.721,2.79,1.24,1.88,58.11,6.907,2.07
R-964,245666191,13619318852,13.1,residential,,2,6.0,30,False,2,6.04,5.76,6.32,0.56,0.0427,0.738,2.62,1.0,1.0,9.0,6.206,3.52
R-965,245666191,13619318854,61.43,residential,,2,6.0,30,False,9,7.74,6.32,8.7,2.38,0.0387,0.723,2.77,1.01,1.05,6.44,6.428,2.95
R-966,245666191,13638535686,66.58,residential,,2,6.0,30,False,9,4.32,3.04,6.32,3.28,0.0493,0.755,2.45,7.11,16.41,15.33,7.747,2.41
R-967,245666192,10091403664,6.21,residential,,2,6.0,30,False,1,2.16,2.16,2.16,0.0,0.0,0.775,2.25,83.09,83.09,16.0,10.566,1.86
R-968,245666192,13614337239,132.84,residential,,2,6.0,30,False,16,4.15,2.16,6.88,4.72,0.0355,0.756,2.44,21.23,87.27,25.0,8.117,2.1
R-969,245666192,245666077,122.53,tertiary,,2,8.0,40,True,16,3.58,2.16,5.49,3.33,0.0272,0.762,2.38,43.18,86.12,20.5,9.42,1.84
R-970,245666260,10696472308,71.83,residential,,2,6.0,30,False,8,9.85,8.89,12.4,3.51,0.0489,0.703,2.97,1.2,1.52,7.38,6.586,3.09
R-971,245666260,10696472350,30.74,residential,,2,6.0,30,False,5,8.57,8.22,8.89,0.67,0.0218,0.715,2.85,1.12,1.35,4.0,7.27,1.29
R-972,245666260,245666190,65.45,residential,Ramakrishna Paramahansa Marg,2,6.0,30,False,9,7.92,6.32,8.89,2.57,0.0393,0.721,2.79,1.24,1.88,58.11,6.907,2.07
R-973,245666260,245666323,46.8,residential,Ramakrishna Paramahansa Marg,2,6.0,30,False,7,8.32,8.0,8.89,0.89,0.019,0.717,2.83,1.0,1.0,12.57,6.871,1.67
R-974,245666274,10292442915,11.26,secondary,,2,10.0,40,True,2,12.23,11.95,12.52,0.57,0.0506,0.681,3.2,1.06,1.12,64.0,6.83,2.09
R-975,245666274,12409410388,80.29,secondary,Street 3,2,10.0,40,True,10,11.71,11.04,12.52,1.48,0.0184,0.685,3.15,1.6,2.59,32.6,7.614,1.35
R-976,245666323,10696472307,69.45,residential,,2,6.0,30,False,10,7.95,6.91,9.73,2.82,0.0406,0.721,2.79,2.32,3.71,13.6,6.785,4.06
R-977,245666323,245666260,46.8,residential,Ramakrishna Paramahansa Marg,2,6.0,30,False,7,8.32,8.0,8.89,0.89,0.019,0.717,2.83,1.0,1.0,12.57,6.871,1.67
R-978,245666323,245666367,64.51,residential,Ramakrishna Paramahansa Marg,2,6.0,30,False,8,6.06,4.32,8.0,3.68,0.057,0.738,2.62,2.17,7.09,18.0,6.893,2.69
R-979,245666337,245666041,213.16,tertiary,Avenue 5,2,8.0,40,False,0,,,,,,,,,,,,
R-980,245666351,10653501375,155.72,residential,,2,6.0,30,False,21,8.39,5.31,14.44,9.13,0.0586,0.716,2.84,1.34,1.99,4.29,6.817,3.76
R-981,245666351,13638530342,13.01,residential,,2,6.0,30,False,2,5.63,5.63,5.64,0.01,0.0008,0.742,2.58,1.37,1.37,2.0,8.087,1.31
R-982,245666351,245666385,23.02,residential,,2,6.0,30,False,4,5.32,5.01,5.63,0.62,0.0269,0.745,2.55,1.68,1.99,0.5,8.275,1.24
R-983,245666367,10696472306,71.59,residential,,2,6.0,30,False,10,4.59,4.05,5.31,1.26,0.0176,0.752,2.48,7.43,15.14,4.4,8.509,1.67
R-984,245666367,245666323,64.51,residential,Ramakrishna Paramahansa Marg,2,6.0,30,False,8,6.06,4.32,8.0,3.68,0.057,0.738,2.62,2.17,7.09,18.0,6.893,2.69
R-985,245666367,245666446,67.69,residential,Ramakrishna Paramahansa Marg,2,6.0,30,False,9,4.09,3.53,4.49,0.96,0.0142,0.757,2.43,7.4,14.22,5.11,7.826,2.52
R-986,245666370,13617040697,6.68,tertiary_link,,1,6.0,30,False,2,3.32,2.91,3.72,0.81,0.1213,0.764,2.36,1.05,1.1,2.0,6.874,2.24
R-987,245666370,3803643818,26.19,tertiary,,2,8.0,40,True,4,3.2,2.91,3.49,0.58,0.0221,0.765,2.35,1.17,1.32,17.5,6.899,2.14
R-988,245666371,245666141,219.36,tertiary,Street 5,2,8.0,40,True,27,7.85,7.0,9.0,2.0,0.0091,0.722,2.78,6.38,65.57,28.74,7.355,1.85
R-989,245666371,2897024642,10.98,tertiary,,2,8.0,40,False,2,8.64,8.63,8.66,0.03,0.0027,0.714,2.86,1.0,1.0,64.0,6.888,1.75
R-990,245666385,245666351,23.02,residential,,2,6.0,30,False,4,5.32,5.01,5.63,0.62,0.0269,0.745,2.55,1.68,1.99,0.5,8.275,1.24
R-991,245666386,245666830,107.91,tertiary,,2,8.0,40,False,13,9.1,8.42,10.15,1.73,0.016,0.71,2.9,6.56,13.31,64.0,7.832,2.21
R-992,245666386,2897024660,251.12,tertiary,,2,8.0,40,False,28,6.32,3.17,8.73,5.56,0.0221,0.736,2.64,39.81,141.12,53.07,8.424,2.88
R-993,245666386,6554384670,83.86,tertiary,,2,8.0,40,False,11,10.9,8.73,13.2,4.47,0.0533,0.693,3.07,1.51,1.79,64.0,6.595,3.76
R-994,245666426,12311766936,10.15,tertiary,Avenue 3,2,8.0,40,True,3,6.66,6.12,7.14,1.02,0.1005,0.733,2.67,6.73,11.18,3.33,7.65,2.25
R-995,245666446,10696472356,29.73,residential,,2,6.0,30,False,4,3.84,3.46,4.49,1.03,0.0346,0.759,2.41,5.56,8.77,33.5,7.707,2.48
R-996,245666446,13638535661,65.41,residential,Ramakrishna Paramahansa Marg,2,6.0,30,False,8,4.9,4.4,5.91,1.51,0.0231,0.75,2.5,1.74,2.35,4.12,7.067,2.53
R-997,245666446,13638535670,97.55,residential,,2,6.0,30,False,13,5.34,4.49,5.95,1.46,0.015,0.745,2.55,1.54,2.02,1.15,7.761,1.53
R-998,245666446,245666367,67.69,residential,Ramakrishna Paramahansa Marg,2,6.0,30,False,9,4.09,3.53,4.49,0.96,0.0142,0.757,2.43,7.4,14.22,5.11,7.826,2.52
R-999,245666448,476480258,333.56,tertiary,Street 3: Lane 1,2,8.0,40,False,37,10.78,6.28,14.8,8.52,0.0255,0.694,3.06,3.05,8.9,33.14,8.714,2.72
R-1000,245666448,476480287,301.33,secondary,Street 3,2,10.0,40,True,32,10.91,7.39,15.81,8.42,0.0279,0.693,3.07,13.26,69.24,12.12,8.042,2.38
R-1001,245666482,10696472347,74.32,residential,,2,6.0,30,False,9,2.35,2.02,2.72,0.7,0.0094,0.773,2.27,23.84,34.69,3.56,12.491,1.68
R-1002,245666482,13638546110,17.87,residential,,2,6.0,30,False,4,2.27,2.07,2.53,0.46,0.0257,0.774,2.26,13.58,24.92,3.5,7.988,2.25
R-1003,245666482,13638546112,29.08,residential,,2,6.0,30,False,4,2.01,1.87,2.21,0.34,0.0117,0.777,2.23,23.1,31.34,4.0,9.172,2.11
R-1004,245666579,12350391112,182.63,tertiary,Sharada Devi Road,2,8.0,40,True,22,3.87,0.51,5.74,5.23,0.0286,0.759,2.41,2.09,5.55,7.0,7.068,2.91
R-1005,245666579,12350425034,7.73,residential,,2,6.0,30,False,2,0.79,0.78,0.79,0.01,0.0013,0.788,2.12,1.84,1.9,2.0,7.399,2.99
R-1006,245666579,245666651,97.11,residential,,2,6.0,30,False,13,0.46,-0.0,2.14,2.14,0.022,0.791,2.09,8.28,19.9,20.0,8.706,2.1
R-1007,245666651,245666579,97.11,residential,,2,6.0,30,False,13,0.46,-0.0,2.14,2.14,0.022,0.791,2.09,8.28,19.9,20.0,8.706,2.1
R-1008,245666651,245666881,141.24,residential,,2,6.0,30,False,15,-0.29,-1.8,2.14,3.94,0.0279,0.798,2.02,5.09,15.16,19.73,7.948,2.05
R-1009,245666651,8443491310,77.22,residential,,2,6.0,30,False,9,3.08,2.14,3.51,1.37,0.0177,0.766,2.34,1.07,1.45,19.56,6.964,2.02
R-1010,245666801,10724781030,7.12,tertiary,,2,8.0,40,False,2,-0.15,-0.21,-0.09,0.12,0.0169,0.796,2.04,205.44,249.92,32.0,8.994,1.77
R-1011,245666801,13620657537,134.61,residential,,2,6.0,30,False,15,0.37,-0.26,1.02,1.28,0.0095,0.792,2.08,298.59,582.11,25.6,9.433,2.24
R-1012,245666801,7372035744,85.2,tertiary,,2,8.0,40,False,10,0.4,-0.65,1.45,2.1,0.0246,0.792,2.08,228.87,645.5,11.0,9.227,2.11
R-1013,245666830,245666386,107.91,tertiary,,2,8.0,40,False,13,9.1,8.42,10.15,1.73,0.016,0.71,2.9,6.56,13.31,64.0,7.832,2.21
R-1014,245666830,245666882,247.89,tertiary,Bharat Nagar Road,2,8.0,40,True,27,8.45,5.76,10.33,4.57,0.0184,0.716,2.84,3.04,12.61,69.78,7.465,2.23
R-1015,245666830,2897024695,7.98,tertiary,,2,8.0,40,False,2,8.95,8.79,9.11,0.32,0.0401,0.712,2.88,3.13,5.25,128.0,7.454,1.64
R-1016,245666831,245666830,175.07,tertiary,Bharat Nagar Road,2,8.0,40,True,19,10.6,8.79,11.98,3.19,0.0182,0.696,3.04,3.5,7.82,49.16,7.756,1.86
R-1017,245666831,2897024683,8.09,unclassified,Kanzul Iman Road,2,6.0,30,True,2,11.76,11.63,11.89,0.26,0.0321,0.685,3.15,1.94,2.46,2.0,7.237,1.83
R-1018,245666881,13638081817,44.87,tertiary,JL Shirshekar Marg,2,8.0,40,False,7,0.07,-0.52,0.49,1.01,0.0225,0.795,2.05,1.59,4.37,100.86,6.704,2.82
R-1019,245666881,13638081818,25.11,residential,,2,6.0,30,False,5,0.7,-0.52,2.35,2.87,0.1143,0.789,2.11,1.97,4.37,128.0,6.698,3.32
R-1020,245666881,245666651,141.24,residential,,2,6.0,30,False,15,-0.29,-1.8,2.14,3.94,0.0279,0.798,2.02,5.09,15.16,19.73,7.948,2.05
R-1021,245666882,2897024660,92.96,tertiary,,2,8.0,40,False,11,6.91,5.91,7.56,1.65,0.0177,0.731,2.69,1.31,1.53,25.45,6.864,2.27
R-1022,245666882,2897024710,8.15,tertiary,,2,8.0,40,False,1,6.94,6.94,6.94,0.0,0.0,0.73,2.7,1.53,1.53,128.0,7.107,2.06
R-1023,245666882,2897024713,60.67,tertiary,,2,8.0,40,True,8,8.12,6.94,8.76,1.82,0.03,0.719,2.81,1.14,1.53,20.25,7.243,1.57
R-1024,245666901,13616287392,72.28,tertiary,,2,8.0,40,True,10,-1.32,-2.0,0.26,2.26,0.0313,0.808,1.92,16.86,29.04,11.2,8.904,2.16
R-1025,245666901,13626183257,111.52,residential,,2,6.0,30,False,14,0.4,-1.27,2.56,3.83,0.0343,0.792,2.08,4.11,10.4,13.43,7.613,2.05
R-1026,245666901,13638081807,20.6,tertiary,JL Shirshekar Marg,2,8.0,40,False,3,-1.14,-1.27,-1.0,0.27,0.0131,0.806,1.94,9.46,12.68,5.33,9.023,1.01
R-1027,245666901,245667237,238.41,residential,Sharada Devi Road,2,6.0,30,False,29,0.62,-1.52,2.37,3.89,0.0163,0.79,2.1,2.35,10.27,21.72,7.153,2.45
R-1028,245666966,10279771631,47.09,secondary,Street 7,2,10.0,40,True,8,10.17,9.07,10.86,1.79,0.038,0.7,3.0,1.02,1.08,5.25,6.157,3.97
R-1029,245666966,2897024737,8.19,primary,Bandra Kurla Complex Road,3,14.0,50,True,1,10.86,10.86,10.86,0.0,0.0,0.693,3.07,1.01,1.01,8.0,6.026,4.31
R-1030,245667237,245666901,238.41,residential,Sharada Devi Road,2,6.0,30,False,29,0.62,-1.52,2.37,3.89,0.0163,0.79,2.1,2.35,10.27,21.72,7.153,2.45
R-1031,245667361,245667423,226.08,trunk,Santa Cruz – Chembur Link Road,3,18.0,60,True,27,10.27,5.88,15.28,9.4,0.0416,0.699,3.01,1.75,4.04,45.78,6.402,5.54
R-1032,245667361,245667468,151.02,residential,,2,6.0,30,False,20,17.34,5.88,24.45,18.57,0.123,0.632,3.68,1.78,4.04,102.55,5.894,9.18
R-1033,245667423,13798296276,46.96,trunk,Santa Cruz – Chembur Link Road,3,18.0,60,True,6,6.74,5.72,7.72,2.0,0.0426,0.732,2.68,1.48,2.28,6.0,6.905,2.8
R-1034,245667423,2804481652,36.04,residential,,2,6.0,30,False,5,7.76,7.47,7.98,0.51,0.0142,0.722,2.78,1.13,1.43,3.2,7.515,1.4
R-1035,245667423,622060792,187.57,residential,Kolivery Road,2,6.0,30,False,20,6.76,4.37,9.0,4.63,0.0247,0.732,2.68,3.66,15.28,2.7,6.78,3.51
R-1036,245667468,12378368426,17.87,residential,,2,6.0,30,False,3,24.44,23.94,24.93,0.99,0.0554,0.566,4.34,1.0,1.0,2.0,6.042,4.73
R-1037,245667468,13618292019,4.23,residential,,2,6.0,30,False,2,24.71,24.45,24.98,0.53,0.1253,0.564,4.37,1.0,1.0,2.0,6.122,4.35
R-1038,245667468,245667361,151.02,residential,,2,6.0,30,False,20,17.34,5.88,24.45,18.57,0.123,0.632,3.68,1.79,4.04,102.55,5.894,9.18
R-1039,245667542,10265662175,84.99,trunk,Santa Cruz – Chembur Link Road,3,18.0,60,True,10,4.4,4.02,4.57,0.55,0.0065,0.754,2.46,17.65,34.37,6.6,8.913,2.21
R-1040,245667542,2244637004,25.01,residential,,2,6.0,30,False,4,4.09,4.0,4.35,0.35,0.014,0.757,2.43,7.78,9.67,10.0,8.801,2.07
R-1041,245667676,1934627523,129.94,residential,,2,6.0,30,False,15,5.01,3.01,8.57,5.56,0.0428,0.748,2.52,29.84,70.03,10.27,8.249,5.37
R-1042,245667676,245667730,74.15,residential,,2,6.0,30,False,10,8.49,7.32,9.59,2.27,0.0306,0.716,2.84,2.79,5.01,4.6,6.069,8.97
R-1043,245667676,245667764,98.77,residential,,2,6.0,30,False,13,4.88,2.64,8.57,5.93,0.06,0.75,2.5,16.82,50.05,3.54,7.525,6.15
R-1044,245667685,1934627523,78.23,residential,,2,6.0,30,False,10,8.36,7.02,9.7,2.68,0.0343,0.717,2.83,3.31,5.01,17.6,6.192,9.09
R-1045,245667685,623895377,201.78,residential,,2,6.0,30,False,21,10.08,6.03,18.58,12.55,0.0622,0.701,2.99,5.51,25.32,55.43,6.762,5.39
R-1046,245667685,6428793085,38.34,residential,,2,6.0,30,False,6,8.6,6.81,9.94,3.13,0.0816,0.714,2.86,5.05,14.65,9.33,6.534,5.09
R-1047,245667730,2244637007,204.59,residential,Vidhya Nagari Street,2,6.0,30,False,23,14.68,8.56,21.45,12.89,0.063,0.657,3.43,2.34,6.12,30.43,6.008,7.73
R-1048,245667730,2244637013,33.76,residential,,2,6.0,30,False,6,7.43,6.56,8.56,2.0,0.0592,0.725,2.74,4.29,5.01,2.67,6.966,5.35
R-1049,245667730,245667676,74.15,residential,,2,6.0,30,False,10,8.49,7.32,9.59,2.27,0.0306,0.716,2.84,2.79,5.01,4.6,6.069,8.97
R-1050,245667764,2244637013,7.33,residential,,2,6.0,30,False,1,6.56,6.56,6.56,0.0,0.0,0.734,2.66,3.17,3.17,2.0,6.862,4.27
R-1051,245667764,2244637021,103.45,residential,,2,6.0,30,False,14,5.2,4.59,6.56,1.97,0.019,0.747,2.53,4.32,9.57,3.29,7.352,2.74
R-1052,245667764,245667676,98.77,residential,,2,6.0,30,False,13,4.88,2.64,8.57,5.93,0.06,0.75,2.5,16.82,50.05,3.54,7.525,6.15
R-1053,245667803,245667757,255.38,trunk,Santa Cruz – Chembur Link Road,3,18.0,60,True,29,5.08,3.27,6.44,3.17,0.0124,0.748,2.52,4.53,10.16,22.1,7.767,1.97
R-1054,245667803,5911310869,13.75,tertiary,,2,8.0,40,False,3,4.59,4.5,4.71,0.21,0.0153,0.752,2.48,4.01,4.96,85.33,7.982,1.96
R-1055,245667863,13619400539,98.56,secondary,Vidya Nagari Marg,2,10.0,40,True,13,2.47,2.0,3.08,1.08,0.011,0.772,2.28,2.42,7.06,23.62,7.9,1.54
R-1056,245667863,14104987804,4.84,residential,Sunder Nagar Road Number 2,2,6.0,30,False,2,2.19,2.13,2.24,0.11,0.0227,0.774,2.25,2.06,2.32,2.5,7.809,1.57
R-1057,245667863,245667933,47.83,residential,Gurudwara Road,2,6.0,30,False,6,2.42,2.0,3.07,1.07,0.0224,0.773,2.27,9.88,16.04,85.67,8.507,2.46
R-1058,245667933,10925931781,125.58,residential,Parshiwadi Road,2,6.0,30,False,16,4.28,2.47,6.05,3.58,0.0285,0.755,2.45,4.75,12.71,49.0,7.29,3.8
R-1059,245667933,245667863,47.83,residential,Gurudwara Road,2,6.0,30,False,6,2.42,2.0,3.07,1.07,0.0224,0.773,2.27,9.88,16.04,85.67,8.507,2.46
R-1060,245667933,245668038,114.17,residential,Gurudwara Road,2,6.0,30,False,15,6.37,3.07,9.81,6.74,0.059,0.735,2.65,5.44,12.71,26.4,7.843,3.3
R-1061,245667933,6490861784,77.54,residential,Jogiraj Ashram Lane,2,6.0,30,False,9,4.19,2.69,6.51,3.82,0.0493,0.756,2.44,6.36,12.71,16.0,7.663,5.02
R-1062,245667958,245668141,125.66,residential,,2,6.0,30,False,9,7.39,6.33,9.03,2.7,0.0215,0.726,2.74,2.32,6.84,30.22,7.005,2.75
R-1063,245667960,622060872,43.75,residential,Church Road,2,6.0,30,False,0,,,,,,,,,,,,
R-1064,245668000,1375215119,42.9,tertiary,Jawaharlal Nehru Road,2,8.0,40,False,5,2.98,2.3,3.76,1.46,0.034,0.768,2.32,2.31,3.44,32.0,8.342,1.88
R-1065,245668000,245668015,6.76,tertiary,Jawaharlal Nehru Road,2,8.0,40,False,2,2.18,2.07,2.3,0.23,0.034,0.775,2.25,4.3,5.17,32.0,8.792,1.86
R-1066,245668000,4342420553,69.13,residential,Old CST Road,2,6.0,30,False,6,3.36,2.3,4.0,1.7,0.0246,0.764,2.36,1.91,3.44,48.0,7.758,1.83
R-1067,245668015,14104987804,130.23,secondary,Vidya Nagari Marg,2,10.0,40,True,18,2.33,2.0,2.98,0.98,0.0075,0.774,2.27,3.25,7.56,36.44,8.342,1.39
R-1068,245668015,245668000,6.76,tertiary,Jawaharlal Nehru Road,2,8.0,40,False,2,2.18,2.07,2.3,0.23,0.034,0.775,2.25,4.3,5.17,32.0,8.792,1.86
R-1069,245668015,7404711447,9.51,secondary,Jawaharlal Nehru Road,2,10.0,40,False,2,2.05,2.04,2.07,0.03,0.0032,0.776,2.24,7.16,9.15,32.0,9.259,1.62
R-1070,245668029,2244637068,141.2,residential,Church Road,2,6.0,30,False,0,,,,,,,,,,,,
R-1071,245668029,623895533,58.72,tertiary,Jawaharlal Nehru Road,2,8.0,40,False,0,,,,,,,,,,,,
R-1072,245668029,6554236441,12.21,tertiary,Jawaharlal Nehru Road,2,8.0,40,False,0,,,,,,,,,,,,
R-1073,245668038,245667933,114.17,residential,Gurudwara Road,2,6.0,30,False,15,6.37,3.07,9.81,6.74,0.059,0.735,2.65,5.44,12.71,26.4,7.843,3.3
R-1074,245668038,4342420515,64.09,residential,St Anthony Road,2,6.0,30,False,9,8.7,5.19,10.76,5.57,0.0869,0.714,2.86,1.42,2.17,44.0,6.313,4.54
R-1075,245668038,7404711443,19.69,residential,St Anthony Road,2,6.0,30,False,3,8.91,8.02,9.81,1.79,0.0909,0.712,2.88,1.7,2.13,43.33,6.978,3.18
R-1076,245668039,10925931781,8.27,secondary,Jawaharlal Nehru Road,2,10.0,40,False,2,2.3,2.13,2.47,0.34,0.0411,0.774,2.26,9.31,10.84,0.0,9.601,1.64
R-1077,245668039,7404711447,18.91,secondary,Jawaharlal Nehru Road,2,10.0,40,False,3,2.06,2.02,2.13,0.11,0.0058,0.776,2.24,11.04,13.13,10.67,10.001,1.14
R-1078,245668141,245667958,125.66,residential,,2,6.0,30,False,9,7.39,6.33,9.03,2.7,0.0215,0.726,2.74,2.32,6.84,30.22,7.005,2.75
R-1079,245668141,245668208,104.5,residential,St Anthony Road,2,6.0,30,False,0,,,,,,,,,,,,
R-1080,245668141,7404711443,156.42,residential,St Anthony Road,2,6.0,30,False,10,9.35,8.02,11.79,3.77,0.0241,0.708,2.92,1.32,2.13,115.3,6.769,2.57
R-1081,245668185,1375251567,40.24,residential,Pipeline Road,2,6.0,30,False,7,7.35,6.81,7.8,0.99,0.0246,0.726,2.74,1.06,1.37,1.57,6.802,2.56
R-1082,245668197,13619403785,22.99,residential,,2,6.0,30,False,0,,,,,,,,,,,,
R-1083,245668197,13619403788,28.94,residential,,2,6.0,30,False,0,,,,,,,,,,,,
R-1084,245668197,622039360,19.56,residential,,2,6.0,30,False,0,,,,,,,,,,,,
R-1085,245668208,13617280082,44.67,residential,,2,6.0,30,False,0,,,,,,,,,,,,
R-1086,245668208,14130497014,194.59,residential,St Anthony Road,2,6.0,30,False,0,,,,,,,,,,,,
R-1087,245668208,245668141,104.5,residential,St Anthony Road,2,6.0,30,False,0,,,,,,,,,,,,
R-1088,245668226,4342420553,194.56,residential,Old CST Road,2,6.0,30,False,0,,,,,,,,,,,,
R-1089,245668277,13619239367,186.93,tertiary,Pipeline Road,2,8.0,40,False,2,5.79,5.79,5.79,0.0,0.0,0.741,2.59,1.7,1.7,2.0,7.083,
R-1090,245668277,13621749581,25.79,residential,,2,6.0,30,False,4,6.4,5.79,6.95,1.16,0.045,0.735,2.65,1.18,1.7,33.0,7.112,
R-1091,245668277,1375251567,150.21,tertiary,Pipeline Road,2,8.0,40,False,17,6.97,5.79,8.74,2.95,0.0196,0.73,2.7,1.22,1.7,21.12,6.998,2.11
R-1092,245668286,13619403787,71.42,residential,,2,6.0,30,False,0,,,,,,,,,,,,
R-1093,245668286,13622445020,9.07,residential,Siddharth Nagar Road,2,6.0,30,False,0,,,,,,,,,,,,
R-1094,245668286,13622445933,2.71,residential,,2,6.0,30,False,0,,,,,,,,,,,,
R-1095,245668324,13619239369,14.91,residential,,2,6.0,30,False,0,,,,,,,,,,,,
R-1096,245668324,13619243545,58.86,residential,,2,6.0,30,False,0,,,,,,,,,,,,
R-1097,245668324,13619403788,104.46,residential,,2,6.0,30,False,0,,,,,,,,,,,,
R-1098,245668373,9445072347,17.59,residential,,2,6.0,30,False,0,,,,,,,,,,,,
R-1099,245668374,13619500839,8.05,residential,,2,6.0,30,True,0,,,,,,,,,,,,
R-1100,245668374,13619500841,60.13,residential,,2,6.0,30,False,0,,,,,,,,,,,,
R-1101,245668374,2244797706,37.97,residential,,2,6.0,30,False,0,,,,,,,,,,,,
R-1102,245668449,9684698224,16.58,residential,St Anthony Road,2,6.0,30,False,0,,,,,,,,,,,,
R-1103,2804481652,12334925193,362.75,trunk,Santa Cruz – Chembur Link Road,3,18.0,60,True,44,7.77,2.9,14.23,11.33,0.0312,0.722,2.78,2.65,11.73,43.66,6.847,4.31
R-1104,2804481652,245667423,36.04,residential,,2,6.0,30,False,5,7.76,7.47,7.98,0.51,0.0142,0.722,2.78,1.13,1.43,3.2,7.515,1.4
R-1105,2804481652,6926279722,104.56,residential,,2,6.0,30,False,13,6.03,4.46,7.69,3.23,0.0309,0.739,2.61,4.28,11.71,6.69,8.682,2.34
R-1106,2804520131,2244797470,226.51,residential,,2,6.0,30,False,27,4.42,1.12,7.57,6.45,0.0285,0.754,2.46,3.55,11.23,36.0,7.244,2.86
R-1107,2804520131,5470238123,64.33,trunk,Santa Cruz – Chembur Link Road,3,18.0,60,True,8,2.63,2.01,3.62,1.61,0.025,0.771,2.29,9.77,15.44,36.0,9.372,1.34
R-1108,2897022098,2897024519,92.09,primary_link,,2,7.0,40,True,12,10.5,8.95,11.63,2.68,0.0291,0.697,3.03,2.5,3.1,17.33,7.827,2.37
R-1109,2897022098,296857831,61.85,secondary,Avenue 3,2,10.0,40,True,8,11.01,10.32,11.63,1.31,0.0212,0.692,3.08,2.01,2.71,18.0,7.572,2.17
R-1110,2897024501,2897024596,235.36,tertiary,Avenue 5,2,8.0,40,False,21,5.22,3.03,8.42,5.39,0.0229,0.746,2.54,8.41,34.21,22.86,7.545,2.72
R-1111,2897024506,2897022099,22.66,secondary,Avenue 3,2,10.0,40,True,3,12.08,11.97,12.31,0.34,0.015,0.682,3.18,1.92,2.03,32.0,7.576,
R-1112,2897024517,2897024636,404.85,tertiary,Avenue 3,2,8.0,40,True,46,8.72,5.75,12.0,6.25,0.0154,0.713,2.87,4.97,32.63,16.46,7.195,2.83
R-1113,2897024517,476489029,11.98,unclassified,,2,6.0,30,True,2,9.96,9.8,10.12,0.32,0.0267,0.702,2.99,1.1,1.2,2.0,7.434,1.31
R-1114,2897024519,476465252,53.37,primary,Bandra Kurla Complex Road,3,14.0,50,True,7,8.55,8.27,8.95,0.68,0.0127,0.715,2.85,2.12,2.7,10.29,7.582,2.23
R-1115,2897024523,2897024506,45.51,secondary,Avenue 3,2,10.0,40,True,6,11.41,10.66,11.97,1.31,0.0288,0.688,3.12,1.59,2.03,21.33,7.284,2.26
R-1116,2897024523,296857831,7.92,primary,Bandra Kurla Complex Road,3,14.0,50,True,2,10.49,10.32,10.66,0.34,0.0429,0.696,3.04,1.75,2.12,16.0,7.066,2.41
R-1117,2897024540,2897024506,59.55,primary_link,,1,7.0,40,True,9,11.65,11.03,11.97,0.94,0.0158,0.686,3.14,1.57,2.03,21.33,7.101,2.69
R-1118,2897024540,2897024523,36.76,primary,Bandra Kurla Complex Road,3,14.0,50,True,5,10.88,10.66,11.03,0.37,0.0101,0.693,3.07,1.57,1.94,16.0,6.808,2.9
R-1119,2897024594,476489029,208.98,tertiary,Avenue 3,2,8.0,40,True,23,7.34,5.41,9.8,4.39,0.021,0.726,2.74,8.89,33.7,24.65,7.872,2.15
R-1120,2897024595,2897024597,9.02,secondary,Street 3,2,10.0,40,True,2,14.95,14.64,15.26,0.62,0.0687,0.655,3.45,1.02,1.05,16.0,6.231,3.46
R-1121,2897024595,476480400,221.79,tertiary,Avenue 3: Lane 1,2,8.0,40,True,24,13.98,12.91,15.85,2.94,0.0133,0.664,3.36,1.37,2.52,13.67,7.335,1.63
R-1122,2897024596,245666041,11.16,tertiary,Avenue 5,2,8.0,40,False,0,,,,,,,,,,,,
R-1123,2897024596,2897024501,235.36,tertiary,Avenue 5,2,8.0,40,False,21,5.22,3.03,8.42,5.39,0.0229,0.746,2.54,8.41,34.21,22.86,7.545,2.72
R-1124,2897024596,2897024594,104.69,tertiary,Avenue 5: Lane 3,2,8.0,40,True,9,6.0,5.4,6.82,1.42,0.0136,0.739,2.61,1.81,3.36,14.0,7.491,2.16
R-1125,2897024597,2897024609,68.22,secondary,Street 3,2,10.0,40,True,10,11.87,9.14,14.64,5.5,0.0806,0.684,3.16,2.34,5.68,19.2,6.85,3.85
R-1126,2897024601,2897024540,170.92,primary,Bandra Kurla Complex Road,3,14.0,50,True,20,10.63,9.1,11.95,2.85,0.0167,0.696,3.04,3.45,11.8,28.4,7.273,2.78
R-1127,2897024609,2897024601,56.78,primary_link,,1,7.0,40,True,8,8.97,8.43,9.73,1.3,0.0229,0.711,2.89,6.64,10.1,14.0,8.096,3.15
R-1128,2897024609,296857806,46.19,secondary,Street 3,2,10.0,40,True,7,8.35,8.0,9.14,1.14,0.0247,0.717,2.83,10.12,13.58,16.0,8.855,2.65
R-1129,2897024611,245666448,77.45,secondary,Street 3,2,10.0,40,True,10,11.41,8.71,14.8,6.09,0.0786,0.688,3.12,3.0,8.52,24.0,7.059,3.75
R-1130,2897024614,12079741513,6.96,primary,Bandra Kurla Complex Road,3,14.0,50,True,2,8.33,8.33,8.33,0.0,0.0,0.717,2.83,12.91,14.6,8.0,9.279,1.81
R-1131,2897024615,2897024611,41.55,secondary,Street 3,2,10.0,40,True,5,8.22,8.0,8.71,0.71,0.0171,0.718,2.82,13.46,17.76,17.6,9.174,2.47
R-1132,2897024615,296857806,8.19,primary,Bandra Kurla Complex Road,3,14.0,50,True,3,8.0,8.0,8.0,0.0,0.0,0.72,2.8,13.76,16.4,8.0,9.424,2.01
R-1133,2897024623,245666274,233.6,secondary,Avenue 3: Lane 3,2,10.0,40,True,29,9.34,5.32,12.97,7.65,0.0327,0.708,2.92,3.86,14.93,36.41,7.037,4.11
R-1134,2897024623,2897024625,11.8,tertiary,Street 5,2,8.0,40,True,2,8.54,8.2,8.89,0.69,0.0585,0.715,2.85,2.02,2.15,8.0,6.331,4.7
R-1135,2897024625,245666141,10.97,secondary,Avenue 3: Lane 3,2,10.0,40,True,2,8.24,7.59,8.89,1.3,0.1185,0.718,2.82,2.26,2.62,6.0,6.517,4.37
R-1136,2897024625,2897024642,223.77,tertiary,Street 5,2,8.0,40,True,26,7.95,7.0,9.57,2.57,0.0115,0.721,2.79,17.1,91.45,18.23,7.843,1.8
R-1137,2897024627,2897024623,10.97,secondary,Avenue 3: Lane 3,2,10.0,40,True,2,7.57,6.94,8.2,1.26,0.1149,0.724,2.76,2.6,3.06,6.0,6.542,4.56
R-1138,2897024628,2897024611,68.06,primary_link,,1,7.0,40,True,9,8.7,8.03,10.21,2.18,0.032,0.714,2.86,18.42,26.0,21.33,8.905,3.02
R-1139,2897024628,2897024615,47.23,primary,Bandra Kurla Complex Road,3,14.0,50,True,7,8.72,8.0,10.21,2.21,0.0468,0.713,2.87,23.65,33.77,16.0,9.197,2.8
R-1140,2897024636,2897024667,203.56,tertiary,Avenue 3,2,8.0,40,True,22,8.85,7.01,10.7,3.69,0.0181,0.712,2.88,1.81,3.32,38.45,7.351,2.12
R-1141,2897024636,476488948,11.98,unclassified,,2,6.0,30,True,2,8.16,8.05,8.28,0.23,0.0192,0.719,2.81,3.0,3.44,2.0,7.791,1.99
R-1142,2897024642,245666371,10.98,tertiary,,2,8.0,40,False,2,8.64,8.63,8.66,0.03,0.0027,0.714,2.86,1.0,1.0,64.0,6.888,1.75
R-1143,2897024642,2897024644,139.0,tertiary,Street 5,2,8.0,40,True,16,8.94,6.19,12.9,6.71,0.0483,0.711,2.89,4.93,21.58,59.38,7.057,3.04
R-1144,2897024642,476480258,98.6,tertiary,,2,8.0,40,False,15,6.98,5.21,8.95,3.74,0.0379,0.73,2.7,6.32,15.13,33.07,7.68,2.6
R-1145,2897024644,2897024648,48.67,primary_link,,1,7.0,40,True,6,12.67,12.46,12.9,0.44,0.009,0.676,3.24,1.01,1.08,70.0,6.652,2.23
R-1146,2897024644,296853816,34.75,tertiary,Street 5,2,8.0,40,True,6,12.51,12.14,12.9,0.76,0.0219,0.678,3.22,1.0,1.0,45.33,6.773,1.98
R-1147,2897024648,2897024628,340.79,primary,Bandra Kurla Complex Road,3,14.0,50,True,40,12.87,10.21,15.76,5.55,0.0163,0.674,3.26,3.06,16.98,34.42,7.166,2.41
R-1148,2897024651,245666371,171.79,tertiary,Street 5,2,8.0,40,True,21,9.46,5.89,12.98,7.09,0.0413,0.706,2.94,6.22,27.95,20.95,7.025,2.97
R-1149,2897024651,296853816,8.12,primary,Bandra Kurla Complex Road,3,14.0,50,True,2,12.06,11.98,12.14,0.16,0.0197,0.682,3.18,1.0,1.0,4.0,6.987,1.61
R-1150,2897024656,2897024658,8.31,primary,Bandra Kurla Complex Road,3,14.0,50,True,2,11.67,11.58,11.76,0.18,0.0217,0.686,3.14,1.0,1.0,17.0,7.136,1.52
R-1151,2897024656,6552594955,26.66,tertiary,Bharat Nagar Road,2,8.0,40,True,4,11.2,10.75,11.58,0.83,0.0311,0.69,3.1,1.66,2.72,32.0,7.13,1.87
R-1152,2897024658,2897024651,18.15,tertiary,Street 5,2,8.0,40,True,3,11.88,11.76,11.98,0.22,0.0121,0.684,3.16,1.0,1.0,3.33,7.17,1.43
R-1153,2897024658,2897024742,383.65,primary,Bandra Kurla Complex Road,3,14.0,50,True,44,10.06,8.28,11.92,3.64,0.0095,0.701,2.99,1.85,5.5,12.41,7.4,2.12
R-1154,2897024660,245666386,251.12,tertiary,,2,8.0,40,False,28,6.32,3.17,8.73,5.56,0.0221,0.736,2.64,39.81,141.12,53.07,8.424,2.88
R-1155,2897024660,245666882,92.96,tertiary,,2,8.0,40,False,11,6.91,5.91,7.56,1.65,0.0177,0.731,2.69,1.31,1.53,25.45,6.864,2.27
R-1156,2897024660,9771116360,47.48,residential,,2,6.0,30,False,6,6.82,5.85,7.53,1.68,0.0354,0.732,2.69,1.01,1.07,34.0,6.631,2.45
R-1157,2897024667,2897024676,9.67,tertiary,Avenue 3,2,8.0,40,True,2,6.8,6.59,7.01,0.42,0.0434,0.732,2.69,3.0,4.01,2.0,7.551,1.46
R-1158,2897024667,2897024687,75.77,tertiary,Street 7,2,8.0,40,True,8,6.16,5.29,7.01,1.72,0.0227,0.738,2.62,5.67,11.26,2.75,8.254,1.85
R-1159,2897024676,245666426,12.12,tertiary,Street 7,2,8.0,40,True,3,6.33,6.12,6.59,0.47,0.0388,0.736,2.64,7.46,11.18,2.67,8.04,1.63
R-1160,2897024676,2897024734,183.57,tertiary,Avenue 3,2,8.0,40,True,22,4.96,3.29,6.59,3.3,0.018,0.749,2.51,5.81,20.82,20.64,8.078,1.27
R-1161,2897024677,245666831,8.08,tertiary,Bharat Nagar Road,2,8.0,40,True,2,11.75,11.62,11.89,0.27,0.0334,0.685,3.15,1.55,1.68,2.0,6.983,1.98
R-1162,2897024682,2897024658,114.45,tertiary,Bharat Nagar Road,2,8.0,40,True,16,10.71,10.0,11.76,1.76,0.0154,0.695,3.05,4.49,10.72,14.88,7.887,1.7
R-1163,2897024682,2897024677,8.07,unclassified,Kanzul Iman Road,2,6.0,30,True,2,11.48,11.34,11.62,0.28,0.0347,0.688,3.12,2.33,2.98,2.0,7.274,2.0
R-1164,2897024683,11027088421,488.66,unclassified,Kanzul Iman Road,2,6.0,30,True,56,7.12,2.97,11.63,8.66,0.0177,0.728,2.72,8.38,50.8,6.39,8.303,1.71
R-1165,2897024683,2897024682,8.08,tertiary,Bharat Nagar Road,2,8.0,40,True,2,11.48,11.34,11.63,0.29,0.0359,0.688,3.12,2.72,2.98,2.0,7.527,1.85
R-1166,2897024687,631525434,8.19,tertiary,Hotel Trident Road,2,8.0,40,False,2,7.22,6.89,7.56,0.67,0.0818,0.728,2.72,1.6,1.85,65.0,7.082,2.04
R-1167,2897024687,9469495781,44.22,tertiary,Street 7,2,8.0,40,True,7,7.66,6.89,7.94,1.05,0.0237,0.723,2.77,1.23,1.85,20.29,7.379,1.35
R-1168,2897024695,245666830,7.98,tertiary,,2,8.0,40,False,2,8.95,8.79,9.11,0.32,0.0401,0.712,2.88,3.13,5.25,128.0,7.454,1.64
R-1169,2897024695,7749797394,54.4,tertiary,Bharat Nagar Road,2,8.0,40,True,6,9.26,9.11,9.65,0.54,0.0099,0.708,2.92,2.72,5.28,117.33,7.481,2.36
R-1170,2897024696,12084454212,7.67,secondary,Street 7,2,10.0,40,True,2,7.71,7.64,7.79,0.15,0.0196,0.723,2.77,1.29,1.36,4.5,7.798,0.95
R-1171,2897024710,245666882,8.15,tertiary,,2,8.0,40,False,1,6.94,6.94,6.94,0.0,0.0,0.73,2.7,1.53,1.53,128.0,7.107,2.06
R-1172,2897024710,2897024695,247.3,tertiary,Bharat Nagar Road,2,8.0,40,True,28,8.62,6.03,10.65,4.62,0.0187,0.714,2.86,2.98,11.59,58.43,7.461,2.15
R-1173,2897024711,2897024737,125.16,secondary,Street 7,2,10.0,40,True,18,9.37,7.76,11.19,3.43,0.0274,0.707,2.93,1.01,1.19,20.0,6.555,2.82
R-1174,2897024711,631507969,7.99,tertiary,Avenue 3: Lane 4,2,8.0,40,False,2,7.6,7.44,7.76,0.32,0.0401,0.724,2.76,1.27,1.34,4.0,6.906,2.16
R-1175,2897024713,13616287395,8.37,residential,,2,6.0,30,False,2,7.9,7.73,8.06,0.33,0.0394,0.722,2.79,1.0,1.0,24.0,7.0,1.83
R-1176,2897024713,3803645219,36.4,tertiary,,2,8.0,40,True,6,6.79,5.48,8.06,2.58,0.0709,0.732,2.68,1.44,2.31,24.0,6.645,3.13
R-1177,2897024734,2897024749,99.11,tertiary,Avenue 3,2,8.0,40,True,0,,,,,,,,,,,,
R-1178,2897024734,631507991,10.02,tertiary,Avenue 3: Lane 4,2,8.0,40,False,0,,,,,,,,,,,,
R-1179,2897024734,631525440,214.13,tertiary,Avenue 3: Lane 4,2,8.0,40,False,26,3.27,2.01,4.84,2.83,0.0132,0.765,2.35,9.27,22.77,10.35,9.133,1.22
R-1180,2897024737,2897024651,386.36,primary,Bandra Kurla Complex Road,3,14.0,50,True,47,9.91,8.07,12.13,4.06,0.0105,0.702,2.98,1.46,2.53,14.17,7.058,2.34
R-1181,2897024737,2897024742,18.7,secondary,Street 7,2,10.0,40,True,4,10.07,9.26,10.86,1.6,0.0856,0.7,2.99,1.32,1.74,8.0,6.186,4.43
R-1182,2897024742,631525438,9.99,primary,Bandra Kurla Complex Road,3,14.0,50,True,2,9.37,9.26,9.48,0.22,0.022,0.707,2.93,1.62,1.74,8.0,6.316,4.67
R-1183,2897024748,2897024751,8.0,tertiary_link,,1,6.0,30,False,2,2.45,2.28,2.62,0.34,0.0425,0.772,2.27,1.04,1.06,96.0,7.306,1.73
R-1184,2897024748,6590384792,229.76,tertiary,,2,8.0,40,True,26,0.57,-2.96,3.26,6.22,0.0271,0.79,2.1,88.71,523.7,51.38,7.794,3.08
R-1185,2897024749,2897024753,7.99,tertiary,Avenue 3,2,8.0,40,True,0,,,,,,,,,,,,
R-1186,2897024749,2897024795,205.85,tertiary,Street 9,2,8.0,40,True,9,4.76,3.9,5.0,1.1,0.0053,0.75,2.5,1.07,1.26,12.44,7.589,1.24
R-1187,2897024751,13616287393,231.94,tertiary,,2,8.0,40,True,29,2.54,1.2,3.86,2.66,0.0115,0.771,2.29,2.23,9.04,48.0,7.577,1.7
R-1188,2897024751,2897024748,8.0,tertiary_link,,1,6.0,30,False,2,2.45,2.28,2.62,0.34,0.0425,0.772,2.27,1.04,1.06,96.0,7.306,1.73
R-1189,2897024752,12350931356,11.49,tertiary,Avenue 3,2,8.0,40,True,0,,,,,,,,,,,,
R-1190,2897024753,12350931356,9.43,tertiary,Street 9,2,8.0,40,True,0,,,,,,,,,,,,
R-1191,2897024753,2897024759,11.78,tertiary,Avenue 3,2,8.0,40,True,0,,,,,,,,,,,,
R-1192,2897024777,2897024753,106.64,tertiary,Street 9,2,8.0,40,True,0,,,,,,,,,,,,
R-1193,2897024777,6491469979,104.67,tertiary,Street 9: Lane 1,2,8.0,40,False,0,,,,,,,,,,,,
R-1194,2897024795,10279771627,346.77,primary,Bandra Kurla Complex Road,3,14.0,50,True,43,3.2,0.12,7.13,7.01,0.0202,0.765,2.35,16.48,125.85,38.44,7.999,2.12
R-1195,2897024795,2897024798,17.97,tertiary,Street 9,2,8.0,40,True,3,3.93,3.71,4.18,0.47,0.0262,0.759,2.41,1.14,1.26,4.0,6.676,2.81
R-1196,2897024798,631507993,8.0,primary,Bandra Kurla Complex Road,3,14.0,50,True,2,3.39,3.07,3.71,0.64,0.08,0.764,2.36,1.31,1.47,4.0,6.478,3.43
R-1197,2897024862,7366246698,11.91,trunk,Santa Cruz – Chembur Link Road,3,18.0,60,True,2,7.92,7.33,8.52,1.19,0.0999,0.721,2.79,4.52,4.8,64.0,6.071,12.61
R-1198,2897024865,2897024862,13.22,trunk,Santa Cruz – Chembur Link Road,3,18.0,60,True,2,7.96,7.39,8.52,1.13,0.0855,0.72,2.79,4.7,5.15,96.0,6.306,11.55
R-1199,2897024865,2897024870,19.33,secondary,Vidya Nagari Marg,2,10.0,40,True,2,7.85,7.39,8.3,0.91,0.0471,0.722,2.79,4.77,5.15,128.0,6.562,10.13
R-1200,2897024866,13619457125,9.61,trunk_link,,1,8.0,40,True,3,5.77,5.03,6.25,1.22,0.127,0.741,2.59,2.12,2.9,106.67,6.59,5.38
R-1201,2897024866,2897024865,42.35,trunk,Santa Cruz – Chembur Link Road,3,18.0,60,True,5,5.7,5.03,7.39,2.36,0.0557,0.742,2.58,4.47,6.39,102.4,6.892,7.07
R-1202,2897024870,13618347449,18.77,secondary,Vidya Nagari Marg,2,10.0,40,True,3,10.01,8.3,11.5,3.2,0.1705,0.701,2.99,3.42,4.39,85.33,6.221,10.87
R-1203,296853790,11271580571,23.73,primary,Bandra Kurla Complex Road,3,14.0,50,True,3,7.82,7.71,8.04,0.33,0.0139,0.722,2.78,2.89,3.63,10.67,7.656,2.17
R-1204,296853793,13619939784,6.85,primary,Bandra Kurla Complex Road,3,14.0,50,True,1,9.67,9.67,9.67,0.0,0.0,0.704,2.96,2.01,2.01,16.0,7.094,3.15
R-1205,296853816,2897024648,27.68,primary,Bandra Kurla Complex Road,3,14.0,50,True,4,12.34,12.14,12.6,0.46,0.0166,0.679,3.21,1.02,1.08,13.0,6.613,2.23
R-1206,296853816,2897024656,18.18,tertiary,Street 5,2,8.0,40,True,4,11.87,11.58,12.14,0.56,0.0308,0.684,3.16,1.0,1.0,14.0,6.861,1.82
R-1207,296857806,2897024601,36.97,primary,Bandra Kurla Complex Road,3,14.0,50,True,4,8.81,8.0,9.73,1.73,0.0468,0.712,2.88,6.06,9.84,8.0,8.058,2.95
R-1208,296857806,2897024614,18.07,secondary,Street 3,2,10.0,40,True,3,8.11,8.0,8.33,0.33,0.0183,0.719,2.81,12.04,15.04,8.0,9.249,2.01
R-1209,296857831,2897024519,49.6,primary,Bandra Kurla Complex Road,3,14.0,50,True,6,9.69,8.95,10.32,1.37,0.0276,0.704,2.96,2.72,3.75,16.0,7.5,2.46
R-1210,296857831,296853793,17.93,secondary,Avenue 3,2,10.0,40,True,3,10.0,9.67,10.32,0.65,0.0363,0.701,2.99,2.07,2.12,16.0,7.155,2.79
R-1211,3193827831,10091403662,7.59,residential,,2,6.0,30,False,1,3.58,3.58,3.58,0.0,0.0,0.762,2.38,1.0,1.0,16.0,6.866,1.98
R-1212,3193827831,245666370,35.93,tertiary,,2,8.0,40,True,6,3.27,2.91,3.58,0.67,0.0186,0.765,2.35,1.04,1.12,4.33,6.849,2.07
R-1213,3641869342,245665874,23.74,tertiary,Jagat Vidya Marg,2,8.0,40,False,4,6.57,6.15,6.83,0.68,0.0286,0.733,2.67,1.0,1.0,12.0,7.185,
R-1214,3743617937,10564373799,148.61,trunk,Santa Cruz – Chembur Link Road,3,18.0,60,True,20,5.72,3.23,7.44,4.21,0.0283,0.742,2.58,3.51,9.36,51.8,7.255,3.19
R-1215,3743617937,13614467518,34.2,residential,,2,6.0,30,False,4,4.3,3.23,5.79,2.56,0.0749,0.755,2.45,2.5,4.62,80.0,6.812,4.08
R-1216,3743617940,11054614468,13.33,residential,,2,6.0,30,False,2,8.0,7.99,8.0,0.01,0.0008,0.72,2.8,1.0,1.0,8.0,6.96,1.77
R-1217,3743617940,13503191895,12.31,residential,,2,6.0,30,False,2,7.76,7.53,7.99,0.46,0.0374,0.722,2.77,1.67,2.33,8.0,7.176,1.69
R-1218,3743617940,13614467518,37.51,residential,,2,6.0,30,False,5,7.32,5.79,7.99,2.2,0.0587,0.727,2.73,1.09,1.39,80.0,6.466,3.28
R-1219,3803643818,13616325516,5.12,residential,,2,6.0,30,False,1,3.49,3.49,3.49,0.0,0.0,0.763,2.37,1.18,1.18,64.0,6.923,1.95
R-1220,3803643818,13617040695,31.18,tertiary,,2,8.0,40,True,5,2.99,2.33,3.49,1.16,0.0372,0.767,2.33,1.39,2.0,13.8,6.924,1.98
R-1221,3803645219,12313982253,213.14,residential,,2,6.0,30,False,26,2.52,-0.52,5.81,6.33,0.0297,0.772,2.28,32.24,299.2,31.08,7.637,2.91
R-1222,3803645219,13616287394,18.6,tertiary,,2,8.0,40,True,3,4.73,3.97,5.48,1.51,0.0812,0.751,2.49,2.76,3.19,32.0,6.918,3.9
R-1223,3803645219,6428617352,8.08,residential,,2,6.0,30,False,1,5.48,5.48,5.48,0.0,0.0,0.744,2.56,2.31,2.31,32.0,6.732,3.94
R-1224,4342420383,2244637026,43.76,residential,,2,6.0,30,False,6,8.53,5.73,10.81,5.08,0.1161,0.715,2.85,1.25,1.83,6.5,6.144,5.07
R-1225,4342420383,2244637034,83.76,residential,,2,6.0,30,False,10,4.17,3.24,5.73,2.49,0.0297,0.756,2.44,5.82,8.45,4.2,7.509,4.19
R-1226,4342420383,6491091371,90.34,residential,,2,6.0,30,False,13,5.63,5.05,6.0,0.95,0.0105,0.743,2.57,1.24,1.88,40.46,6.902,2.71
R-1227,4342420489,6598052694,44.3,residential,,2,6.0,30,False,7,7.05,6.76,7.28,0.52,0.0117,0.729,2.71,1.11,1.28,41.71,7.051,1.72
R-1228,4342420490,2244637034,83.59,residential,,2,6.0,30,False,11,2.35,1.05,3.87,2.82,0.0337,0.773,2.27,14.07,24.58,28.36,7.889,3.81
R-1229,4342420490,622060802,145.96,residential,,2,6.0,30,False,17,3.38,1.83,4.53,2.7,0.0185,0.764,2.36,1.99,3.65,83.53,6.907,3.31
R-1230,4342420490,7404711408,92.78,residential,,2,6.0,30,False,10,1.32,-2.43,3.87,6.3,0.0679,0.783,2.17,25.94,49.6,51.2,8.089,5.15
R-1231,4342420515,10925931781,46.46,secondary,Jawaharlal Nehru Road,2,10.0,40,False,5,3.63,2.47,5.19,2.72,0.0585,0.761,2.39,4.0,7.78,1.6,7.565,4.01
R-1232,4342420515,245668038,64.09,residential,St Anthony Road,2,6.0,30,False,9,8.7,5.19,10.76,5.57,0.0869,0.714,2.86,1.42,2.17,44.0,6.313,4.54
R-1233,4342420515,621966589,353.9,secondary,Jawaharlal Nehru Road,2,10.0,40,False,9,9.08,5.19,10.74,5.55,0.0157,0.71,2.9,1.29,2.17,29.56,6.444,4.54
R-1234,4342420517,9914206292,78.72,residential,,2,6.0,30,False,11,4.89,2.82,6.0,3.18,0.0404,0.749,2.51,1.45,3.36,69.91,6.933,3.08
R-1235,4342420553,245668000,69.13,residential,Old CST Road,2,6.0,30,False,6,3.36,2.3,4.0,1.7,0.0246,0.764,2.36,1.91,3.44,48.0,7.759,1.82
R-1236,4342420553,245668226,194.56,residential,Old CST Road,2,6.0,30,False,0,,,,,,,,,,,,
R-1237,4342420553,6554236455,74.37,residential,,2,6.0,30,False,0,,,,,,,,,,,,
R-1238,4674280890,7104101070,164.64,trunk,Santa Cruz – Chembur Link Road,3,18.0,60,True,5,-0.47,-1.23,-0.02,1.21,0.0073,0.8,2.0,1.73,3.32,25.6,7.11,3.14
R-1239,473698889,473698890,49.94,residential,M D Abasaheb Shinde Marg,2,6.0,30,False,8,12.77,9.63,14.93,5.3,0.1061,0.675,3.25,1.08,1.27,16.12,6.04,5.22
R-1240,473698890,10653501374,69.48,residential,M D Abasaheb Shinde Marg,2,6.0,30,False,10,12.73,8.37,15.69,7.32,0.1054,0.676,3.24,1.25,1.77,39.2,5.966,5.56
R-1241,473698890,10653501375,29.16,residential,,2,6.0,30,False,4,14.84,14.02,15.36,1.34,0.046,0.656,3.44,1.0,1.0,2.5,6.134,3.93
R-1242,473698890,473698889,49.94,residential,M D Abasaheb Shinde Marg,2,6.0,30,False,8,12.77,9.63,14.93,5.3,0.1061,0.675,3.25,1.08,1.27,16.12,6.04,5.22
R-1243,476480258,245666448,333.56,tertiary,Street 3: Lane 1,2,8.0,40,False,37,10.78,6.28,14.8,8.52,0.0255,0.694,3.06,3.05,8.9,33.14,8.714,2.72
R-1244,476480258,2897024642,98.6,tertiary,,2,8.0,40,False,15,6.98,5.21,8.95,3.74,0.0379,0.73,2.7,6.32,15.13,33.07,7.68,2.6
R-1245,476480258,476480287,306.86,tertiary,Street 3: Lane 1,2,8.0,40,False,37,8.7,5.89,10.88,4.99,0.0163,0.714,2.86,15.4,114.3,19.95,7.754,2.38
R-1246,476480287,13615156523,90.26,secondary,Street 3,2,10.0,40,True,13,11.85,10.11,12.81,2.7,0.0299,0.684,3.16,1.29,2.08,45.23,6.82,2.43
R-1247,476480287,476480258,306.86,tertiary,Street 3: Lane 1,2,8.0,40,False,37,8.7,5.89,10.88,4.99,0.0163,0.714,2.86,15.4,114.3,19.95,7.754,2.38
R-1248,476488948,245666078,194.93,tertiary,Avenue 3,2,8.0,40,True,21,9.06,6.3,11.17,4.87,0.025,0.71,2.9,2.51,6.38,1.71,6.709,3.93
R-1249,476488948,245666337,202.37,unclassified,,2,6.0,30,True,12,7.0,6.31,8.05,1.74,0.0086,0.73,2.7,4.67,9.86,59.25,8.057,1.9
R-1250,476489029,2897024517,27.97,tertiary,Avenue 3,2,8.0,40,True,4,9.96,9.8,10.12,0.32,0.0114,0.702,2.98,1.11,1.2,2.0,7.596,1.31
R-1251,5424387223,5424387232,182.28,residential,Parshiwadi Road,2,6.0,30,False,21,7.73,5.9,9.49,3.59,0.0197,0.723,2.77,2.36,5.22,46.9,7.377,2.17
R-1252,5424387232,5424387223,182.28,residential,Parshiwadi Road,2,6.0,30,False,21,7.73,5.9,9.49,3.59,0.0197,0.723,2.77,2.36,5.22,46.9,7.377,2.17
R-1253,5424387232,6490861784,90.96,residential,Parshiwadi Road,2,6.0,30,False,10,8.79,6.51,10.67,4.16,0.0457,0.713,2.87,5.46,10.15,5.0,7.42,4.02
R-1254,5424387232,6490861784,150.46,residential,,2,6.0,30,False,17,8.57,6.51,9.93,3.42,0.0227,0.715,2.85,3.46,7.57,2.82,7.528,2.87
R-1255,5470238123,10044201331,128.41,trunk,Santa Cruz – Chembur Link Road,3,18.0,60,True,17,1.94,1.1,2.77,1.67,0.013,0.777,2.23,20.47,66.15,66.24,9.044,1.35
R-1256,5470238123,9691859215,23.99,trunk_link,,1,8.0,40,False,4,2.15,2.01,2.36,0.35,0.0146,0.775,2.25,10.74,15.44,72.0,9.437,1.63
R-1257,5896564331,2897024751,238.6,tertiary,,2,8.0,40,True,28,0.83,-2.94,3.86,6.8,0.0285,0.788,2.12,62.15,407.39,45.07,7.65,2.75
R-1258,5896564331,6590384792,9.22,tertiary,Sant Dnyaneshwar Marg,2,8.0,40,False,2,1.38,0.82,1.94,1.12,0.1215,0.782,2.17,1.06,1.06,17.0,6.66,3.05
R-1259,5896564331,8443532426,497.89,tertiary,Sant Dnyaneshwar Marg,2,8.0,40,False,67,2.72,-0.17,7.96,8.13,0.0163,0.77,2.3,2.86,10.68,38.27,7.398,2.07
R-1260,5911310862,5911310869,218.06,trunk,Santa Cruz – Chembur Link Road,3,18.0,60,True,24,5.45,4.04,6.39,2.35,0.0108,0.744,2.56,3.11,7.58,30.17,7.694,1.75
R-1261,5911310869,1375251567,430.52,tertiary,,2,8.0,40,False,49,6.68,4.5,9.76,5.26,0.0122,0.733,2.67,2.4,14.19,27.02,7.476,2.1
R-1262,5911310869,245667803,13.75,tertiary,,2,8.0,40,False,3,4.59,4.5,4.71,0.21,0.0153,0.752,2.48,4.01,4.96,85.33,7.982,1.96
R-1263,5911310869,5911310870,17.94,trunk,Santa Cruz – Chembur Link Road,3,18.0,60,True,3,4.78,4.5,4.97,0.47,0.0262,0.751,2.49,3.39,4.96,85.33,8.284,1.43
R-1264,5911310870,5911310871,172.37,trunk,Santa Cruz – Chembur Link Road,3,18.0,60,True,21,4.51,2.25,5.93,3.68,0.0213,0.753,2.47,12.73,72.57,16.57,7.811,1.28
R-1265,5911310870,622039341,271.18,residential,,2,6.0,30,False,30,3.98,1.36,5.27,3.91,0.0144,0.758,2.42,4.1,9.71,13.07,7.739,2.26
R-1266,5911310871,12406104882,38.0,trunk,Santa Cruz – Chembur Link Road,3,18.0,60,True,5,3.69,2.83,4.0,1.17,0.0308,0.761,2.39,16.73,59.51,44.8,7.73,0.91
R-1267,5911310871,13618399201,121.31,residential,,2,6.0,30,False,16,2.34,0.05,4.1,4.05,0.0334,0.773,2.27,76.65,187.78,20.5,8.941,2.12
R-1268,5911310878,10384248274,36.52,trunk,Santa Cruz – Chembur Link Road,3,18.0,60,True,5,5.38,4.96,6.02,1.06,0.029,0.745,2.55,15.65,28.67,102.4,8.101,2.58
R-1269,5911310878,13622393246,29.93,residential,,2,6.0,30,False,4,5.31,4.96,5.64,0.68,0.0227,0.745,2.55,14.39,19.73,80.0,8.458,1.59
R-1270,5911310880,13618374657,39.28,residential,,2,6.0,30,False,5,6.47,6.17,6.68,0.51,0.013,0.734,2.66,1.28,1.62,7.4,8.125,0.69
R-1271,5911310880,13618374670,65.19,residential,,2,6.0,30,False,9,5.99,5.6,6.49,0.89,0.0137,0.739,2.61,2.3,4.19,60.89,8.204,1.06
R-1272,5911310880,13618374676,18.15,residential,,2,6.0,30,False,2,6.5,6.49,6.5,0.01,0.0006,0.734,2.66,1.0,1.0,2.0,7.592,1.1
R-1273,621966589,4342420515,353.9,secondary,Jawaharlal Nehru Road,2,10.0,40,False,9,9.08,5.19,10.74,5.55,0.0157,0.71,2.9,1.29,2.17,29.56,6.444,4.54
R-1274,622039341,13601073293,110.41,residential,Siddharth Nagar Road,2,6.0,30,False,12,0.51,0.04,1.36,1.32,0.012,0.791,2.09,28.37,56.92,1.67,9.228,2.29
R-1275,622039341,13619536866,12.47,residential,,2,6.0,30,False,2,1.02,0.68,1.36,0.68,0.0545,0.786,2.14,7.26,9.38,3.0,7.986,3.58
R-1276,622039341,5911310870,271.18,residential,,2,6.0,30,False,30,3.98,1.36,5.27,3.91,0.0144,0.758,2.42,4.1,9.71,13.07,7.739,2.26
R-1277,622039341,622039345,20.41,residential,,2,6.0,30,False,3,2.11,1.36,2.83,1.47,0.072,0.776,2.24,2.87,5.13,4.0,7.439,4.09
R-1278,622039345,13618414607,7.6,residential,,2,6.0,30,False,2,2.99,2.83,3.15,0.32,0.0421,0.768,2.33,1.57,1.57,4.0,7.021,4.02
R-1279,622039345,13619237610,8.4,residential,,2,6.0,30,False,2,3.34,2.83,3.85,1.02,0.1214,0.764,2.36,1.4,1.57,3.0,6.821,3.99
R-1280,622039345,622039341,20.41,residential,,2,6.0,30,False,3,2.11,1.36,2.83,1.47,0.072,0.776,2.24,2.87,5.13,4.0,7.439,4.09
R-1281,622039354,10923438752,34.51,residential,,2,6.0,30,False,5,2.62,1.59,3.38,1.79,0.0519,0.771,2.29,20.19,47.52,6.8,7.926,2.79
R-1282,622039354,13619237603,70.45,residential,,2,6.0,30,False,9,2.57,1.47,3.52,2.05,0.0291,0.771,2.29,3.33,7.99,2.67,6.664,3.58
R-1283,622039354,7384246086,11.49,residential,,2,6.0,30,False,2,3.59,3.27,3.91,0.64,0.0557,0.762,2.38,1.0,1.0,12.0,6.465,3.35
R-1284,622039357,622039360,35.27,residential,,2,6.0,30,False,0,,,,,,,,,,,,
R-1285,622039360,245668197,19.56,residential,,2,6.0,30,False,0,,,,,,,,,,,,
R-1286,622039360,622039357,35.27,residential,,2,6.0,30,False,0,,,,,,,,,,,,
R-1287,622039360,6576335804,88.93,residential,,2,6.0,30,False,8,3.15,1.81,4.3,2.49,0.028,0.766,2.34,2.86,7.31,1.5,7.128,3.2
R-1288,622042581,12406085638,23.16,trunk,Santa Cruz – Chembur Link Road,3,18.0,60,True,3,4.65,4.32,4.98,0.66,0.0285,0.752,2.48,1.37,1.7,42.67,6.47,2.99
R-1289,622042582,2897024865,10.89,trunk,,4,18.0,60,True,3,6.42,5.39,7.39,2.0,0.1837,0.735,2.65,6.1,7.24,128.0,6.763,10.08
R-1290,622042582,622042581,50.92,trunk,Santa Cruz – Chembur Link Road,3,18.0,60,True,7,4.69,4.04,6.49,2.45,0.0481,0.751,2.49,5.06,7.6,100.57,7.014,6.88
R-1291,622060792,11054646813,14.23,residential,Sunder Nagar Road Number 2,2,6.0,30,False,3,8.53,8.05,8.96,0.91,0.0639,0.715,2.85,1.0,1.01,4.0,5.97,4.84
R-1292,622060792,245667423,187.57,residential,Kolivery Road,2,6.0,30,False,20,6.76,4.37,9.0,4.63,0.0247,0.732,2.68,3.66,15.28,2.7,6.78,3.51
R-1293,622060792,9198946025,212.64,residential,,2,6.0,30,False,25,4.58,0.24,8.05,7.81,0.0367,0.752,2.48,5.31,31.51,11.04,7.085,2.82
R-1294,622060802,2244637068,19.11,residential,Church Road,2,6.0,30,False,0,,,,,,,,,,,,
R-1295,622060802,4342420490,145.96,residential,,2,6.0,30,False,17,3.38,1.83,4.53,2.7,0.0185,0.764,2.36,1.99,3.65,83.53,6.907,3.31
R-1296,622060802,622060872,141.73,residential,Church Road,2,6.0,30,False,1,6.0,6.0,6.0,0.0,0.0,0.739,2.61,1.0,1.0,32.0,6.94,
R-1297,622060872,2244637056,101.59,residential,,2,6.0,30,False,0,,,,,,,,,,,,
R-1298,622060872,245667960,43.75,residential,Church Road,2,6.0,30,False,0,,,,,,,,,,,,
R-1299,622060872,622060802,141.73,residential,Church Road,2,6.0,30,False,1,6.0,6.0,6.0,0.0,0.0,0.739,2.61,1.0,1.0,32.0,6.94,
R-1300,623895377,245667685,201.78,residential,,2,6.0,30,False,21,10.08,6.03,18.58,12.55,0.0622,0.701,2.99,5.51,25.32,55.43,6.762,5.39
R-1301,623895377,6490968308,64.07,residential,Sunder Nagar Road Number 2,2,6.0,30,False,8,15.06,9.99,17.84,7.85,0.1225,0.654,3.46,1.19,1.63,13.0,5.692,6.88
R-1302,623895377,6554206834,100.49,residential,Sunder Nagar Road Number 2,2,6.0,30,False,11,11.48,7.45,17.84,10.39,0.1034,0.687,3.13,2.48,4.61,3.82,6.296,6.15
R-1303,623895532,13617292729,50.08,residential,,2,6.0,30,False,0,,,,,,,,,,,,
R-1304,623895532,6430481233,76.08,tertiary,Jawaharlal Nehru Road,2,8.0,40,False,0,,,,,,,,,,,,
R-1305,623895532,7404757837,82.42,tertiary,Jawaharlal Nehru Road,2,8.0,40,False,0,,,,,,,,,,,,
R-1306,623895533,245668029,58.72,tertiary,Jawaharlal Nehru Road,2,8.0,40,False,0,,,,,,,,,,,,
R-1307,623895533,6554236449,191.44,residential,,2,6.0,30,False,0,,,,,,,,,,,,
R-1308,623895533,7404757837,2.4,tertiary,Jawaharlal Nehru Road,2,8.0,40,False,0,,,,,,,,,,,,
R-1309,631507968,10292442915,205.53,secondary,Street 3,2,10.0,40,True,23,10.14,8.03,12.27,4.24,0.0206,0.7,3.0,15.14,52.41,34.09,8.169,2.16
R-1310,631507968,2897024595,201.69,secondary,Street 3,2,10.0,40,True,25,12.28,8.06,15.89,7.83,0.0388,0.68,3.2,4.67,28.72,3.76,7.381,2.56
R-1311,631507969,2897024696,35.9,secondary,Street 7,2,10.0,40,True,5,7.45,7.37,7.64,0.27,0.0075,0.725,2.75,1.52,1.63,6.4,7.582,1.48
R-1312,631507969,2897024711,7.99,tertiary,Avenue 3: Lane 4,2,8.0,40,False,2,7.6,7.44,7.76,0.32,0.0401,0.724,2.76,1.27,1.34,4.0,6.906,2.16
R-1313,631507969,631525440,141.03,tertiary,Avenue 3: Lane 4,2,8.0,40,False,18,6.0,4.84,7.44,2.6,0.0184,0.739,2.61,2.18,4.48,9.78,7.229,2.24
R-1314,631507991,11976374939,141.9,tertiary,Avenue 3,2,8.0,40,True,17,4.72,3.61,5.03,1.42,0.01,0.751,2.49,10.52,32.21,10.94,8.608,0.99
R-1315,631507991,2897024734,10.02,tertiary,Avenue 3: Lane 4,2,8.0,40,False,0,,,,,,,,,,,,
R-1316,631507992,10279771626,28.73,tertiary,Street 9,2,8.0,40,True,4,4.08,3.62,4.63,1.01,0.0352,0.757,2.43,1.33,1.54,7.0,7.213,1.98
R-1317,631507992,2897024795,7.99,primary,Bandra Kurla Complex Road,3,14.0,50,True,1,3.9,3.9,3.9,0.0,0.0,0.759,2.41,1.26,1.26,4.0,6.889,2.61
R-1318,631507993,10265837613,172.34,primary,Flyover,3,14.0,50,True,6,1.24,0.0,3.07,3.07,0.0178,0.784,2.16,3.94,5.35,12.0,7.498,3.91
R-1319,631507993,631507992,17.98,tertiary,Street 9,2,8.0,40,True,3,3.43,3.07,3.9,0.83,0.0462,0.763,2.37,1.45,1.62,4.0,6.712,3.16
R-1320,631525434,2897024676,72.3,tertiary,Street 7,2,8.0,40,True,9,6.58,5.96,7.56,1.6,0.0221,0.733,2.67,4.54,8.08,44.67,7.882,1.79
R-1321,631525434,2897024687,8.19,tertiary,Hotel Trident Road,2,8.0,40,False,2,7.22,6.89,7.56,0.67,0.0818,0.728,2.72,1.6,1.85,65.0,7.082,2.04
R-1322,631525434,631525440,138.0,tertiary,Hotel Trident Road,2,8.0,40,False,16,6.6,4.84,8.0,3.16,0.0229,0.733,2.67,1.84,3.51,42.81,7.314,1.75
R-1323,631525438,245666966,18.3,secondary,Street 7,2,10.0,40,True,3,9.97,9.48,10.86,1.38,0.0754,0.702,2.98,1.28,1.51,8.0,6.109,4.7
R-1324,631525438,2897024798,385.32,primary,Bandra Kurla Complex Road,3,14.0,50,True,46,4.01,1.27,9.48,8.21,0.0213,0.758,2.42,9.07,72.81,31.85,7.451,2.62
R-1325,631525440,2897024734,214.13,tertiary,Avenue 3: Lane 4,2,8.0,40,False,26,3.27,2.01,4.84,2.83,0.0132,0.765,2.35,9.27,22.77,10.35,9.133,1.22
R-1326,631525440,631507969,141.03,tertiary,Avenue 3: Lane 4,2,8.0,40,False,18,6.0,4.84,7.44,2.6,0.0184,0.739,2.61,2.18,4.48,9.78,7.229,2.24
R-1327,631525440,631525434,138.0,tertiary,Hotel Trident Road,2,8.0,40,False,16,6.6,4.84,8.0,3.16,0.0229,0.733,2.67,1.84,3.51,42.81,7.314,1.75
R-1328,6428381511,7372035744,115.39,residential,,2,6.0,30,False,16,1.51,0.7,2.0,1.3,0.0113,0.781,2.19,3.43,8.07,3.88,7.673,1.49
R-1329,6428382636,10265662126,15.66,residential,,2,6.0,30,False,3,3.14,2.91,3.41,0.5,0.0319,0.766,2.34,2.42,2.81,4.0,7.607,1.83
R-1330,6428382636,12406104885,156.17,residential,,2,6.0,30,False,17,2.9,-0.19,6.16,6.35,0.0407,0.768,2.32,53.02,195.44,22.94,7.76,3.24
R-1331,6428382636,12756633089,95.51,residential,,2,6.0,30,False,11,4.38,2.79,5.75,2.96,0.031,0.754,2.46,1.85,3.05,8.18,6.794,3.14
R-1332,6428617352,13616287395,36.02,tertiary,,2,8.0,40,True,5,6.72,5.48,7.73,2.25,0.0625,0.732,2.68,1.49,2.31,32.0,6.65,3.01
R-1333,6428617352,3803645219,8.08,residential,,2,6.0,30,False,1,5.48,5.48,5.48,0.0,0.0,0.744,2.56,2.31,2.31,32.0,6.732,3.94
R-1334,6428792684,6428792684,233.2,residential,,2,6.0,30,False,26,14.1,8.81,18.51,9.7,0.0416,0.663,3.37,3.67,10.4,5.38,6.427,6.46
R-1335,6428792684,6428792684,233.2,residential,,2,6.0,30,False,26,14.1,8.81,18.51,9.7,0.0416,0.663,3.37,3.67,10.4,5.38,6.427,6.46
R-1336,6428792684,6428793085,22.47,residential,,2,6.0,30,False,3,7.79,6.81,8.81,2.0,0.089,0.722,2.78,12.61,14.65,13.33,7.925,4.49
R-1337,6428793085,10316548327,65.39,residential,,2,6.0,30,False,8,7.07,6.04,9.12,3.08,0.0471,0.729,2.71,9.23,18.48,26.0,8.25,3.13
R-1338,6428793085,245667685,38.34,residential,,2,6.0,30,False,6,8.6,6.81,9.94,3.13,0.0816,0.714,2.86,5.05,14.65,9.33,6.534,5.09
R-1339,6428793085,6428792684,22.47,residential,,2,6.0,30,False,3,7.79,6.81,8.81,2.0,0.089,0.722,2.78,12.61,14.65,13.33,7.925,4.49
R-1340,6428811261,12486614582,4.7,tertiary,Nanasaheb Dharmadhikari Marg,2,8.0,40,False,2,5.98,5.98,5.98,0.0,0.0,0.739,2.61,1.0,1.0,32.0,6.84,
R-1341,6428811261,6428811262,97.3,tertiary,,2,8.0,40,True,13,3.74,2.84,5.98,3.14,0.0323,0.76,2.4,2.61,4.73,17.85,7.93,1.29
R-1342,6428811261,6428811270,9.52,tertiary,Ramakrishna Paramahansa Marg,2,8.0,40,False,3,6.24,5.98,6.66,0.68,0.0714,0.737,2.63,1.02,1.05,21.33,6.754,2.09
R-1343,6428811262,13617092839,2.21,tertiary,,2,8.0,40,True,1,2.84,2.84,2.84,0.0,0.0,0.769,2.31,4.36,4.36,8.0,8.032,1.17
R-1344,6428811263,13621901231,32.82,tertiary,,2,8.0,40,True,5,3.1,2.74,3.64,0.9,0.0274,0.766,2.34,5.41,6.36,6.4,7.809,2.13
R-1345,6428811263,6428811268,7.16,tertiary,,2,8.0,40,True,2,2.75,2.65,2.84,0.19,0.0265,0.77,2.3,5.94,7.51,4.0,8.317,1.08
R-1346,6428811268,245665910,5.09,tertiary,,2,8.0,40,True,1,2.65,2.65,2.65,0.0,0.0,0.77,2.3,7.51,7.51,0.0,8.602,0.99
R-1347,6428811270,13621886865,42.25,tertiary,Ramakrishna Paramahansa Marg,2,8.0,40,False,6,5.28,4.9,6.09,1.19,0.0282,0.746,2.54,2.59,6.04,18.67,7.167,2.03
R-1348,6428811270,245665874,16.3,tertiary,,2,8.0,40,True,3,6.53,6.09,6.83,0.74,0.0454,0.734,2.66,1.02,1.05,16.0,6.759,2.09
R-1349,6428811270,6428811261,9.52,tertiary,Ramakrishna Paramahansa Marg,2,8.0,40,False,3,6.24,5.98,6.66,0.68,0.0714,0.737,2.63,1.02,1.05,21.33,6.754,2.09
R-1350,6430481233,623895532,76.08,tertiary,Jawaharlal Nehru Road,2,8.0,40,False,0,,,,,,,,,,,,
R-1351,6489058155,13622435420,52.42,residential,,2,6.0,30,False,0,,,,,,,,,,,,
R-1352,6489058155,13622445936,9.93,residential,,2,6.0,30,False,0,,,,,,,,,,,,
R-1353,6489058155,9445072347,42.55,residential,,2,6.0,30,False,0,,,,,,,,,,,,
R-1354,6490591812,6490591813,113.49,residential,,2,6.0,30,False,12,19.2,6.29,27.13,20.84,0.1836,0.615,3.85,1.55,2.31,85.5,5.191,14.78
R-1355,6490591813,13619374592,77.33,trunk,Santa Cruz – Chembur Link Road,3,18.0,60,True,11,4.64,4.0,6.29,2.29,0.0296,0.752,2.48,15.13,32.71,20.36,8.268,3.74
R-1356,6490591813,6490591812,113.49,residential,,2,6.0,30,False,12,19.2,6.29,27.13,20.84,0.1836,0.615,3.85,1.55,2.31,85.5,5.191,14.78
R-1357,6490861784,245667933,77.54,residential,Jogiraj Ashram Lane,2,6.0,30,False,9,4.19,2.69,6.51,3.82,0.0493,0.756,2.44,6.36,12.71,16.0,7.663,5.02
R-1358,6490861784,5424387232,90.96,residential,Parshiwadi Road,2,6.0,30,False,10,8.79,6.51,10.67,4.16,0.0457,0.713,2.87,5.46,10.15,5.0,7.42,4.02
R-1359,6490861784,5424387232,150.46,residential,,2,6.0,30,False,17,8.57,6.51,9.93,3.42,0.0227,0.715,2.85,3.46,7.57,2.82,7.528,2.87
R-1360,6490872923,12378368422,67.3,residential,,2,6.0,30,False,8,18.2,10.87,23.94,13.07,0.1942,0.624,3.76,1.69,2.74,10.25,5.689,10.04
R-1361,6490872923,1934627523,21.5,residential,,2,6.0,30,False,3,8.94,7.28,10.87,3.59,0.167,0.711,2.89,3.69,5.01,8.0,6.317,10.37
R-1362,6490872923,6490872925,29.59,residential,,2,6.0,30,False,4,12.53,10.87,14.11,3.24,0.1095,0.677,3.22,2.49,2.74,8.0,5.734,12.09
R-1363,6490872924,6490872925,58.83,residential,,2,6.0,30,False,7,19.51,14.11,22.47,8.36,0.1421,0.612,3.88,1.4,2.07,11.43,5.652,8.28
R-1364,6490872924,6490872925,112.98,residential,,2,6.0,30,False,13,18.59,14.11,22.47,8.36,0.074,0.621,3.79,1.37,2.07,9.54,5.77,7.25
R-1365,6490872924,6490872930,10.02,residential,,2,6.0,30,False,2,22.57,22.47,22.68,0.21,0.021,0.583,4.17,1.25,1.36,9.0,6.273,3.84
R-1366,6490872925,6490872923,29.59,residential,,2,6.0,30,False,4,12.53,10.87,14.11,3.24,0.1095,0.677,3.23,2.49,2.74,8.0,5.734,12.09
R-1367,6490872925,6490872924,58.83,residential,,2,6.0,30,False,7,19.51,14.11,22.47,8.36,0.1421,0.612,3.88,1.4,2.07,11.43,5.652,8.28
R-1368,6490872925,6490872924,112.98,residential,,2,6.0,30,False,13,18.59,14.11,22.47,8.36,0.074,0.621,3.79,1.37,2.07,9.54,5.77,7.25
R-1369,6490872930,12378368427,6.18,residential,,2,6.0,30,False,1,22.68,22.68,22.68,0.0,0.0,0.582,4.18,1.36,1.36,2.0,6.407,3.61
R-1370,6490872930,6490872924,10.02,residential,,2,6.0,30,False,2,22.57,22.47,22.68,0.21,0.021,0.583,4.17,1.25,1.36,9.0,6.273,3.84
R-1371,6490968306,6490968308,49.96,residential,,2,6.0,30,False,6,10.92,9.99,11.43,1.44,0.0288,0.693,3.07,1.2,1.63,16.0,5.641,7.53
R-1372,6490968308,2244637027,168.17,residential,Sunder Nagar Road Number 2,2,6.0,30,False,20,3.66,1.87,9.99,8.12,0.0483,0.761,2.39,16.06,51.56,35.15,8.445,3.37
R-1373,6490968308,623895377,64.07,residential,Sunder Nagar Road Number 2,2,6.0,30,False,8,15.06,9.99,17.84,7.85,0.1225,0.654,3.46,1.19,1.63,13.0,5.692,6.88
R-1374,6490968308,6490968306,49.96,residential,,2,6.0,30,False,6,10.92,9.99,11.43,1.44,0.0288,0.693,3.07,1.2,1.63,16.0,5.641,7.53
R-1375,6491091371,2244637012,66.53,residential,,2,6.0,30,False,8,4.02,3.06,5.06,2.0,0.0301,0.758,2.42,4.15,5.7,33.38,6.683,6.53
R-1376,6491091371,4342420383,90.34,residential,,2,6.0,30,False,13,5.63,5.05,6.0,0.95,0.0105,0.743,2.57,1.24,1.88,40.46,6.902,2.71
R-1377,6491091371,6491091372,31.64,residential,,2,6.0,30,False,4,6.22,5.06,7.49,2.43,0.0768,0.737,2.63,1.35,1.48,32.75,6.09,5.01
R-1378,6491091372,2244637012,66.0,residential,Sunder Nagar Road Number 2,2,6.0,30,False,8,5.69,3.59,7.49,3.9,0.0591,0.742,2.58,3.47,5.53,1.75,6.457,7.44
R-1379,6491091372,6491091371,31.64,residential,,2,6.0,30,False,4,6.22,5.06,7.49,2.43,0.0768,0.737,2.63,1.35,1.48,32.75,6.09,5.01
R-1380,6491091372,6554206834,78.03,residential,Sunder Nagar Road Number 2,2,6.0,30,False,9,7.19,6.47,7.53,1.06,0.0136,0.728,2.72,1.61,2.46,3.56,6.576,3.95
R-1381,6491469979,2897024777,104.67,tertiary,Street 9: Lane 1,2,8.0,40,False,0,,,,,,,,,,,,
R-1382,6552594955,2897024677,79.69,tertiary,Bharat Nagar Road,2,8.0,40,True,10,10.49,10.0,11.62,1.62,0.0203,0.697,3.03,4.1,8.57,10.0,7.914,1.78
R-1383,6552594957,2897024656,27.1,primary,Bandra Kurla Complex Road,3,14.0,50,True,5,11.84,11.58,12.27,0.69,0.0255,0.684,3.16,1.28,1.77,19.2,6.785,2.41
R-1384,6552594957,6552594955,32.94,primary_link,,1,7.0,40,True,4,11.5,10.75,12.27,1.52,0.0461,0.687,3.13,2.04,2.72,24.0,7.084,2.55
R-1385,6554206834,2244637026,113.08,residential,,2,6.0,30,False,12,6.85,5.17,9.8,4.63,0.0409,0.731,2.69,2.63,6.24,15.0,6.988,3.79
R-1386,6554206834,623895377,100.49,residential,Sunder Nagar Road Number 2,2,6.0,30,False,11,11.48,7.45,17.84,10.39,0.1034,0.687,3.13,2.48,4.61,3.82,6.296,6.15
R-1387,6554206834,6491091372,78.03,residential,Sunder Nagar Road Number 2,2,6.0,30,False,9,7.19,6.47,7.53,1.06,0.0136,0.728,2.72,1.61,2.46,3.56,6.576,3.95
R-1388,6554236425,6554236440,27.36,tertiary,Jawaharlal Nehru Road,2,8.0,40,False,4,7.4,5.58,9.36,3.78,0.1382,0.726,2.74,1.32,1.48,2.5,5.955,6.21
R-1389,6554236425,6554236455,163.01,residential,,2,6.0,30,False,16,8.04,5.93,9.74,3.81,0.0234,0.72,2.8,1.36,2.43,16.12,6.535,6.35
R-1390,6554236425,7404711455,78.82,tertiary,Jawaharlal Nehru Road,2,8.0,40,False,9,10.1,7.97,11.56,3.59,0.0455,0.7,3.0,1.41,2.62,22.67,6.604,3.56
R-1391,6554236425,7404711465,126.02,residential,,2,6.0,30,False,14,6.52,2.85,10.33,7.48,0.0594,0.734,2.66,3.14,8.73,2.86,6.607,5.09
R-1392,6554236429,10923690283,13.34,residential,,2,6.0,30,False,0,,,,,,,,,,,,
R-1393,6554236440,2244637067,32.92,tertiary,Jawaharlal Nehru Road,2,8.0,40,False,4,3.83,2.59,5.58,2.99,0.0908,0.759,2.41,1.59,2.05,2.0,6.475,4.66
R-1394,6554236440,6554236425,27.36,tertiary,Jawaharlal Nehru Road,2,8.0,40,False,4,7.4,5.58,9.36,3.78,0.1382,0.726,2.74,1.32,1.48,2.5,5.956,6.21
R-1395,6554236440,6554236451,130.04,residential,,2,6.0,30,False,7,3.62,2.22,5.58,3.36,0.0258,0.762,2.38,3.59,6.17,2.86,6.991,6.02
R-1396,6554236441,2244637067,210.33,tertiary,Jawaharlal Nehru Road,2,8.0,40,False,12,1.14,-0.28,3.15,3.43,0.0163,0.785,2.15,2.93,5.39,22.58,7.15,3.89
R-1397,6554236441,245668029,12.21,tertiary,Jawaharlal Nehru Road,2,8.0,40,False,0,,,,,,,,,,,,
R-1398,6554236441,6554236449,140.04,residential,,2,6.0,30,False,0,,,,,,,,,,,,
R-1399,6554236449,623895533,191.44,residential,,2,6.0,30,False,0,,,,,,,,,,,,
R-1400,6554236449,6554236441,140.04,residential,,2,6.0,30,False,0,,,,,,,,,,,,
R-1401,6554236449,6554236451,64.09,residential,,2,6.0,30,False,0,,,,,,,,,,,,
R-1402,6554236451,10923690270,93.08,residential,,2,6.0,30,False,0,,,,,,,,,,,,
R-1403,6554236451,10923690283,112.47,residential,,2,6.0,30,False,0,,,,,,,,,,,,
R-1404,6554236451,6554236440,130.04,residential,,2,6.0,30,False,7,3.62,2.22,5.58,3.36,0.0258,0.762,2.38,3.59,6.17,2.86,6.991,6.02
R-1405,6554236451,6554236449,64.09,residential,,2,6.0,30,False,0,,,,,,,,,,,,
R-1406,6554236455,10923690270,37.36,residential,,2,6.0,30,False,0,,,,,,,,,,,,
R-1407,6554236455,4342420553,74.37,residential,,2,6.0,30,False,0,,,,,,,,,,,,
R-1408,6554236455,6554236425,163.01,residential,,2,6.0,30,False,16,8.04,5.93,9.74,3.81,0.0234,0.72,2.8,1.36,2.43,16.12,6.535,6.35
R-1409,6554271017,13619401780,12.32,residential,,2,6.0,30,False,2,29.77,28.1,31.43,3.33,0.2703,0.516,4.85,1.0,1.0,4.0,5.104,11.32
R-1410,6554271024,13619401780,82.48,residential,,2,6.0,30,False,10,16.07,6.6,28.1,21.5,0.2607,0.644,3.56,2.92,5.69,4.8,5.788,12.22
R-1411,6554271024,2244637013,71.18,residential,,2,6.0,30,False,9,7.17,6.51,7.97,1.46,0.0205,0.728,2.72,3.16,5.83,4.67,6.854,3.99
R-1412,6554271024,2244637021,67.22,residential,,2,6.0,30,False,7,5.7,4.94,6.6,1.66,0.0247,0.742,2.58,4.6,7.18,3.14,7.492,3.46
R-1413,6554302593,2897024683,102.16,tertiary,Bharat Nagar Road,2,8.0,40,True,11,11.42,10.47,11.95,1.48,0.0145,0.688,3.12,2.12,4.09,20.18,7.823,1.29
R-1414,6554384670,245666386,83.86,tertiary,,2,8.0,40,False,11,10.9,8.73,13.2,4.47,0.0533,0.693,3.07,1.51,1.79,64.0,6.595,3.76
R-1415,6576335804,622039360,88.93,residential,,2,6.0,30,False,8,3.15,1.81,4.3,2.49,0.028,0.766,2.34,2.86,7.31,1.5,7.128,3.2
R-1416,6585962883,13614337242,16.14,residential,,2,6.0,30,False,2,12.0,12.0,12.0,0.0,0.0,0.683,3.17,1.0,1.0,33.0,7.002,1.65
R-1417,6585962883,13614337247,14.99,residential,,2,6.0,30,False,3,12.0,12.0,12.0,0.0,0.0,0.683,3.17,1.0,1.0,11.33,7.134,1.5
R-1418,6585962883,13614337249,27.32,residential,,2,6.0,30,False,3,11.92,11.77,12.0,0.23,0.0084,0.684,3.16,1.0,1.0,2.0,6.993,1.64
R-1419,6585998686,13614337247,76.41,residential,,2,6.0,30,False,9,10.84,9.43,12.0,2.57,0.0336,0.694,3.06,8.46,28.12,7.33,8.453,1.88
R-1420,6590384792,10055232024,28.08,tertiary,,2,8.0,40,True,5,1.03,0.26,1.94,1.68,0.0598,0.786,2.14,1.39,1.86,32.0,6.456,3.66
R-1421,6590384792,5896564331,9.22,tertiary,Sant Dnyaneshwar Marg,2,8.0,40,False,2,1.38,0.82,1.94,1.12,0.1215,0.782,2.17,1.06,1.06,17.0,6.66,3.05
R-1422,6598052694,13618374655,16.18,residential,,2,6.0,30,False,2,6.6,6.44,6.76,0.32,0.0198,0.734,2.67,1.18,1.25,17.0,7.333,1.42
R-1423,6598052694,4342420489,44.3,residential,,2,6.0,30,False,7,7.05,6.76,7.28,0.52,0.0117,0.729,2.71,1.11,1.28,41.71,7.051,1.72
R-1424,6598052694,7404711477,23.25,residential,,2,6.0,30,False,4,6.61,6.34,6.76,0.42,0.0181,0.733,2.67,1.17,1.35,9.5,7.881,1.39
R-1425,6926279716,13798210725,26.82,residential,,2,6.0,30,False,3,1.22,-0.68,3.06,3.74,0.1394,0.784,2.16,21.7,43.26,85.33,7.34,3.95
R-1426,6926279716,13798210730,56.49,residential,,2,6.0,30,False,7,-1.17,-2.62,1.18,3.8,0.0673,0.806,1.94,36.8,65.69,0.71,8.469,4.43
R-1427,6926279716,13798210738,18.95,residential,,2,6.0,30,False,3,-2.01,-2.74,-0.68,2.06,0.1087,0.814,1.86,53.61,65.69,0.0,9.47,
R-1428,6926279717,13798210723,56.29,residential,,2,6.0,30,False,4,5.4,4.99,5.66,0.67,0.0119,0.744,2.56,1.0,1.0,40.0,6.248,3.83
R-1429,6926279717,13798210725,28.31,residential,,2,6.0,30,False,4,4.03,3.06,4.99,1.93,0.0682,0.757,2.43,1.0,1.01,96.0,6.247,3.26
R-1430,6926279717,13798210735,15.95,residential,,2,6.0,30,False,2,4.64,4.3,4.99,0.69,0.0433,0.752,2.49,1.0,1.0,64.0,6.477,2.61
R-1431,6926279721,10772904744,52.24,trunk,Santa Cruz – Chembur Link Road,3,18.0,60,True,1,-2.41,-2.41,-2.41,0.0,0.0,0.818,1.82,29.46,29.46,8.0,8.849,
R-1432,6926279721,13798210738,8.99,residential,,2,6.0,30,False,2,-2.58,-2.74,-2.41,0.33,0.0367,0.819,1.81,40.67,51.89,4.0,9.259,
R-1433,6926279722,2804481652,104.56,residential,,2,6.0,30,False,13,6.03,4.46,7.69,3.23,0.0309,0.739,2.61,4.28,11.71,6.69,8.682,2.34
R-1434,6926279727,6926279727,276.37,residential,Swadeshi Mill Road,2,6.0,30,False,8,-1.39,-1.86,-0.84,1.02,0.0037,0.808,1.92,1.56,2.19,23.0,8.012,2.34
R-1435,6926279727,6926279727,276.37,residential,Swadeshi Mill Road,2,6.0,30,False,8,-1.39,-1.86,-0.84,1.02,0.0037,0.808,1.92,1.56,2.19,23.0,8.012,2.34
R-1436,6926279727,7104101070,59.41,residential,Swadeshi Mill Road,2,6.0,30,False,8,-0.82,-1.23,-0.4,0.83,0.014,0.803,1.97,3.28,9.6,37.0,7.365,2.58
R-1437,7104101070,13433910625,95.51,trunk,Santa Cruz – Chembur Link Road,3,18.0,60,True,10,2.6,-1.33,6.01,7.34,0.0769,0.771,2.29,1.95,3.32,2.8,6.495,5.17
R-1438,7104101070,6926279727,59.41,residential,Swadeshi Mill Road,2,6.0,30,False,8,-0.82,-1.23,-0.4,0.83,0.014,0.803,1.97,3.28,9.6,37.0,7.365,2.58
R-1439,7200666559,2897024597,234.99,tertiary,Avenue 3: Lane 1,2,8.0,40,True,25,13.74,13.0,15.13,2.13,0.0091,0.666,3.34,1.21,2.08,15.44,7.381,1.54
R-1440,7365813760,13618414606,13.43,residential,,2,6.0,30,False,2,4.81,4.65,4.97,0.32,0.0238,0.75,2.5,1.0,1.0,2.0,6.449,3.38
R-1441,7365813760,13619237610,16.55,residential,,2,6.0,30,False,2,4.25,3.85,4.65,0.8,0.0483,0.756,2.45,1.11,1.23,2.0,6.576,3.73
R-1442,7365813760,7384246086,30.09,residential,,2,6.0,30,False,5,4.4,3.91,4.66,0.75,0.0249,0.754,2.46,1.0,1.0,7.6,6.466,3.49
R-1443,7365871208,13617483789,26.78,tertiary,Ramakrishna Paramahansa Marg,2,8.0,40,True,4,3.63,2.86,4.67,1.81,0.0676,0.762,2.39,5.66,11.14,8.0,6.861,6.53
R-1444,7365871208,13617550915,7.27,tertiary_link,,1,6.0,30,False,2,5.19,4.67,5.7,1.03,0.1417,0.747,2.53,2.11,2.37,8.0,6.322,6.11
R-1445,7366153523,7372035744,495.95,residential,,2,6.0,30,False,57,2.22,-0.65,5.0,5.65,0.0114,0.775,2.25,38.67,354.89,19.88,7.617,2.14
R-1446,7366246694,13618347449,174.97,residential,,2,6.0,30,False,21,9.41,6.47,11.78,5.31,0.0303,0.707,2.93,2.0,4.27,74.67,6.335,6.06
R-1447,7366246694,2897024870,26.56,trunk_link,,1,8.0,40,True,3,7.23,6.47,8.3,1.83,0.0689,0.727,2.73,4.62,5.19,128.0,6.75,8.27
R-1448,7366246698,622042582,13.71,trunk,,4,18.0,60,True,2,6.36,5.39,7.33,1.94,0.1415,0.736,2.64,6.02,7.24,96.0,6.54,11.02
R-1449,7366246698,6490591813,48.04,trunk,Santa Cruz – Chembur Link Road,3,18.0,60,True,7,6.95,4.61,9.59,4.98,0.1037,0.73,2.7,3.08,4.8,41.14,5.952,12.02
R-1450,7372035744,13617040678,13.12,tertiary,Sharada Devi Road,2,8.0,40,False,3,1.8,1.45,2.23,0.78,0.0595,0.778,2.22,1.49,1.74,8.0,6.96,2.62
R-1451,7372035744,245666801,85.2,tertiary,,2,8.0,40,False,10,0.4,-0.65,1.45,2.1,0.0246,0.792,2.08,228.87,645.5,11.0,9.227,2.11
R-1452,7372035744,6428381511,115.39,residential,,2,6.0,30,False,16,1.51,0.7,2.0,1.3,0.0113,0.781,2.19,3.43,8.07,3.88,7.673,1.49
R-1453,7372035744,7366153523,495.95,residential,,2,6.0,30,False,57,2.22,-0.65,5.0,5.65,0.0114,0.775,2.25,38.67,354.89,19.88,7.617,2.14
R-1454,7384246086,13619515794,5.6,residential,,2,6.0,30,False,2,3.99,3.91,4.07,0.16,0.0286,0.758,2.42,2.88,4.75,16.0,6.556,3.25
R-1455,7384246086,622039354,11.49,residential,,2,6.0,30,False,2,3.59,3.27,3.91,0.64,0.0557,0.762,2.38,1.0,1.0,12.0,6.465,3.35
R-1456,7384246086,7365813760,30.09,residential,,2,6.0,30,False,5,4.4,3.91,4.66,0.75,0.0249,0.754,2.46,1.0,1.0,7.6,6.466,3.49
R-1457,7404711408,4342420490,92.78,residential,,2,6.0,30,False,10,1.32,-2.43,3.87,6.3,0.0679,0.783,2.17,25.94,49.6,51.2,8.089,5.15
R-1458,7404711443,11045926287,269.44,residential,,2,6.0,30,False,4,8.94,8.02,9.9,1.88,0.007,0.711,2.89,1.42,2.13,96.25,7.006,2.77
R-1459,7404711443,245668038,19.69,residential,St Anthony Road,2,6.0,30,False,3,8.91,8.02,9.81,1.79,0.0909,0.712,2.88,1.7,2.13,43.33,6.978,3.18
R-1460,7404711443,245668141,156.42,residential,St Anthony Road,2,6.0,30,False,10,9.35,8.02,11.79,3.77,0.0241,0.708,2.92,1.32,2.13,115.3,6.769,2.58
R-1461,7404711447,245668015,9.51,secondary,Jawaharlal Nehru Road,2,10.0,40,False,2,2.05,2.04,2.07,0.03,0.0032,0.776,2.24,7.16,9.15,32.0,9.259,1.62
R-1462,7404711447,245668039,18.91,secondary,Jawaharlal Nehru Road,2,10.0,40,False,3,2.06,2.02,2.13,0.11,0.0058,0.776,2.24,11.04,13.13,10.67,10.001,1.14
R-1463,7404711453,7404711454,16.27,residential,,2,6.0,30,False,3,8.41,8.23,8.54,0.31,0.0191,0.716,2.84,1.3,1.47,42.67,6.143,4.44
R-1464,7404711454,7404711453,16.27,residential,,2,6.0,30,False,3,8.41,8.23,8.54,0.31,0.0191,0.716,2.84,1.3,1.47,42.67,6.143,4.44
R-1465,7404711454,7404711455,27.01,residential,,2,6.0,30,False,4,8.24,7.97,8.54,0.57,0.0211,0.718,2.82,2.09,2.62,32.0,6.617,4.02
R-1466,7404711454,7787253967,7.42,residential,,2,6.0,30,False,2,9.2,8.54,9.87,1.33,0.1792,0.709,2.91,1.29,1.47,32.0,6.136,4.32
R-1467,7404711455,1375215119,95.82,tertiary,Jawaharlal Nehru Road,2,8.0,40,False,11,5.98,3.76,7.97,4.21,0.0439,0.739,2.61,2.16,3.79,52.36,7.222,2.7
R-1468,7404711455,6554236425,78.82,tertiary,Jawaharlal Nehru Road,2,8.0,40,False,9,10.1,7.97,11.56,3.59,0.0455,0.7,3.0,1.41,2.62,22.67,6.604,3.56
R-1469,7404711455,7404711454,27.01,residential,,2,6.0,30,False,4,8.24,7.97,8.54,0.57,0.0211,0.718,2.82,2.09,2.62,32.0,6.617,4.02
R-1470,7404711465,6554236425,126.02,residential,,2,6.0,30,False,14,6.52,2.85,10.33,7.48,0.0594,0.734,2.66,3.14,8.73,2.86,6.607,5.09
R-1471,7404711477,11368130746,113.44,residential,,2,6.0,30,False,15,6.58,6.0,7.27,1.27,0.0112,0.733,2.67,1.5,2.86,26.13,9.953,1.17
R-1472,7404711477,13617327485,52.26,residential,,2,6.0,30,False,8,6.53,6.18,6.92,0.74,0.0142,0.734,2.66,1.71,2.66,5.75,8.072,1.3
R-1473,7404711477,6598052694,23.25,residential,,2,6.0,30,False,4,6.61,6.34,6.76,0.42,0.0181,0.733,2.67,1.17,1.35,9.5,7.881,1.39
R-1474,7404757836,7404757837,53.95,residential,,2,6.0,30,False,0,,,,,,,,,,,,
R-1475,7404757837,623895532,82.42,tertiary,Jawaharlal Nehru Road,2,8.0,40,False,0,,,,,,,,,,,,
R-1476,7404757837,623895533,2.4,tertiary,Jawaharlal Nehru Road,2,8.0,40,False,0,,,,,,,,,,,,
R-1477,7404757837,7404757836,53.95,residential,,2,6.0,30,False,0,,,,,,,,,,,,
R-1478,7749797394,13615156518,144.88,tertiary,BKC - CST Link Road,3,8.0,40,True,18,10.76,9.65,12.08,2.43,0.0168,0.694,3.06,2.33,5.16,38.0,7.362,2.29
R-1479,7749797394,6554302593,17.4,tertiary,Bharat Nagar Road,2,8.0,40,True,3,10.06,9.65,10.47,0.82,0.0471,0.701,2.99,4.73,5.16,64.0,8.14,2.45
R-1480,7787253967,7404711454,7.42,residential,,2,6.0,30,False,2,9.2,8.54,9.87,1.33,0.1792,0.709,2.91,1.29,1.47,32.0,6.136,4.32
R-1481,8443491310,245666651,77.22,residential,,2,6.0,30,False,9,3.08,2.14,3.51,1.37,0.0177,0.766,2.34,1.07,1.45,19.56,6.964,2.02
R-1482,8443532426,5896564331,497.89,tertiary,Sant Dnyaneshwar Marg,2,8.0,40,False,67,2.72,-0.17,7.96,8.13,0.0163,0.77,2.3,2.86,10.68,38.27,7.398,2.07
R-1483,8570027362,13617092839,42.87,residential,Road No 8,2,6.0,30,False,6,3.32,2.84,3.91,1.07,0.025,0.764,2.36,1.92,4.36,6.0,7.66,1.51
R-1484,9171835705,13619396529,19.0,residential,Siddharth Nagar Road,2,6.0,30,False,0,,,,,,,,,,,,
R-1485,9171835705,13619396536,17.29,residential,,2,6.0,30,False,0,,,,,,,,,,,,
R-1486,9171835705,13619678859,53.15,residential,Siddharth Nagar Road,2,6.0,30,False,0,,,,,,,,,,,,
R-1487,9171835708,13619491182,24.98,residential,,2,6.0,30,False,0,,,,,,,,,,,,
R-1488,9171835708,13619491183,84.09,residential,,2,6.0,30,False,0,,,,,,,,,,,,
R-1489,9171835708,13619491193,36.45,residential,,2,6.0,30,False,0,,,,,,,,,,,,
R-1490,9171835708,13619491193,99.37,residential,,2,6.0,30,False,0,,,,,,,,,,,,
R-1491,9198946025,622060792,212.64,residential,,2,6.0,30,False,25,4.58,0.24,8.05,7.81,0.0367,0.752,2.48,5.31,31.51,11.04,7.085,2.82
R-1492,9445072347,13619243522,55.21,residential,,2,6.0,30,False,0,,,,,,,,,,,,
R-1493,9445072347,13619463498,9.05,residential,,2,6.0,30,False,0,,,,,,,,,,,,
R-1494,9445072347,245668373,17.59,residential,,2,6.0,30,False,0,,,,,,,,,,,,
R-1495,9445072347,6489058155,42.55,residential,,2,6.0,30,False,0,,,,,,,,,,,,
R-1496,9469495781,2897024627,388.68,secondary,Avenue 3: Lane 3,2,10.0,40,True,46,6.19,4.81,7.91,3.1,0.008,0.737,2.63,7.95,48.57,49.91,8.118,1.56
R-1497,9469495781,9469495782,7.89,secondary,Street 7,2,10.0,40,True,3,7.73,7.64,7.91,0.27,0.0342,0.723,2.77,1.27,1.36,8.0,7.995,0.77
R-1498,9469495782,2897024696,8.32,secondary,Avenue 3: Lane 3,2,10.0,40,True,2,7.64,7.64,7.64,0.0,0.0,0.724,2.76,1.36,1.36,8.0,7.97,0.86
R-1499,9469495782,2897024711,35.43,secondary,Street 7,2,10.0,40,True,3,7.68,7.63,7.76,0.13,0.0037,0.723,2.77,1.31,1.37,5.33,7.504,1.35
R-1500,9469523484,13615172965,5.42,residential,,2,6.0,30,False,2,1.18,1.1,1.25,0.15,0.0277,0.784,2.16,72.29,72.64,32.0,10.787,1.21
R-1501,9469523484,13616325515,32.86,tertiary,,2,8.0,40,True,5,1.23,1.03,1.58,0.55,0.0167,0.784,2.16,84.93,108.63,32.0,11.018,1.21
R-1502,9684698224,10924156281,68.54,residential,,2,6.0,30,False,0,,,,,,,,,,,,
R-1503,9684698224,14130497014,20.89,residential,St Anthony Road,2,6.0,30,False,0,,,,,,,,,,,,
R-1504,9684698224,14130497022,12.76,residential,,2,6.0,30,False,0,,,,,,,,,,,,
R-1505,9684698224,245668449,16.58,residential,St Anthony Road,2,6.0,30,False,0,,,,,,,,,,,,
R-1506,9691859215,3743617937,32.75,trunk,Santa Cruz – Chembur Link Road,3,18.0,60,True,4,2.77,2.36,3.23,0.87,0.0266,0.769,2.31,5.57,7.02,40.0,7.935,2.94
R-1507,9691859215,5470238123,23.99,trunk_link,,1,8.0,40,False,4,2.15,2.01,2.36,0.35,0.0146,0.775,2.25,10.74,15.44,72.0,9.437,1.63
R-1508,9771116360,13619368460,35.05,residential,,2,6.0,30,False,6,4.74,3.78,5.85,2.07,0.0591,0.751,2.49,6.41,20.97,74.67,6.45,3.55
R-1509,9771116360,13619368466,58.73,residential,,2,6.0,30,False,8,4.89,3.66,5.85,2.19,0.0373,0.749,2.51,1.42,2.88,60.0,6.564,3.19
R-1510,9771116360,2897024660,47.48,residential,,2,6.0,30,False,6,6.82,5.85,7.53,1.68,0.0354,0.731,2.69,1.01,1.07,34.0,6.631,2.45
R-1511,9914206292,13619604480,28.2,residential,,2,6.0,30,False,2,2.48,2.14,2.82,0.68,0.0241,0.772,2.28,4.04,4.72,1.0,9.371,
R-1512,9914206292,13622528191,79.32,residential,,2,6.0,30,False,2,3.16,2.82,3.5,0.68,0.0086,0.766,2.34,2.68,3.36,16.5,8.149,
R-1513,9914206292,4342420517,78.72,residential,,2,6.0,30,False,11,4.89,2.82,6.0,3.18,0.0404,0.749,2.51,1.45,3.36,69.91,6.933,3.08
