{
  "type": "FeatureCollection",
  "features": [
    {
      "type": "Feature",
      "geometry": {
        "type": "LineString",
        "coordinates": [
          [
            80.234102,
            13.041814
          ],
          [
            80.234139,
            13.041809
          ]
        ]
      },
      "properties": {
        "id": "RE-00001",
        "name": "Gopathi Narayanaswami Road",
        "highway": "primary",
        "length_m": 5.0,
        "elevation_m": 15.49,
        "maxspeed_kmh": 50
      }
    },
    {
      "type": "Feature",
      "geometry": {
        "type": "LineString",
        "coordinates": [
          [
            80.234102,
            13.041814
          ],
          [
            80.2341,
            13.0418
          ]
        ]
      },
      "properties": {
        "id": "RE-00002",
        "name": "Origin Access",
        "highway": "residential",
        "length_m": 1.6,
        "elevation_m": 15.493675231933594,
        "maxspeed_kmh": 25
      }
    },
    {
      "type": "Feature",
      "geometry": {
        "type": "LineString",
        "coordinates": [
          [
            80.234139,
            13.041809
          ],
          [
            80.234102,
            13.041814
          ]
        ]
      },
      "properties": {
        "id": "RE-00003",
        "name": "Gopathi Narayanaswami Road",
        "highway": "primary",
        "length_m": 5.0,
        "elevation_m": 15.49,
        "maxspeed_kmh": 50
      }
    },
    {
      "type": "Feature",
      "geometry": {
        "type": "LineString",
        "coordinates": [
          [
            80.234139,
            13.041809
          ],
          [
            80.234204,
            13.041818
          ]
        ]
      },
      "properties": {
        "id": "RE-00004",
        "name": "Gopathi Narayanaswami Road",
        "highway": "primary",
        "length_m": 7.11,
        "elevation_m": 15.41,
        "maxspeed_kmh": 50
      }
    },
    {
      "type": "Feature",
      "geometry": {
        "type": "LineString",
        "coordinates": [
          [
            80.234139,
            13.041809
          ],
          [
            80.234063,
            13.041819
          ]
        ]
      },
      "properties": {
        "id": "RE-00005",
        "name": "Gopathi Narayanaswami Road",
        "highway": "primary",
        "length_m": 8.31,
        "elevation_m": 15.49,
        "maxspeed_kmh": 50
      }
    },
    {
      "type": "Feature",
      "geometry": {
        "type": "LineString",
        "coordinates": [
          [
            80.234204,
            13.041818
          ],
          [
            80.234139,
            13.041809
          ]
        ]
      },
      "properties": {
        "id": "RE-00006",
        "name": "Gopathi Narayanaswami Road",
        "highway": "primary",
        "length_m": 7.11,
        "elevation_m": 15.41,
        "maxspeed_kmh": 50
      }
    },
    {
      "type": "Feature",
      "geometry": {
        "type": "LineString",
        "coordinates": [
          [
            80.234204,
            13.041818
          ],
          [
            80.234263,
            13.041847
          ]
        ]
      },
      "properties": {
        "id": "RE-00007",
        "name": "Gopathi Narayanaswami Road",
        "highway": "primary",
        "length_m": 7.16,
        "elevation_m": 15.2,
        "maxspeed_kmh": 50
      }
    },
    {
      "type": "Feature",
      "geometry": {
        "type": "LineString",
        "coordinates": [
          [
            80.234263,
            13.041847
          ],
          [
            80.234204,
            13.041818
          ]
        ]
      },
      "properties": {
        "id": "RE-00008",
        "name": "Gopathi Narayanaswami Road",
        "highway": "primary",
        "length_m": 7.16,
        "elevation_m": 15.2,
        "maxspeed_kmh": 50
      }
    },
    {
      "type": "Feature",
      "geometry": {
        "type": "LineString",
        "coordinates": [
          [
            80.234263,
            13.041847
          ],
          [
            80.235171,
            13.042369
          ]
        ]
      },
      "properties": {
        "id": "RE-00009",
        "name": "Gopathi Narayanaswami Road",
        "highway": "primary",
        "length_m": 114.21,
        "elevation_m": 14.35,
        "maxspeed_kmh": 50
      }
    },
    {
      "type": "Feature",
      "geometry": {
        "type": "LineString",
        "coordinates": [
          [
            80.235171,
            13.042369
          ],
          [
            80.234263,
            13.041847
          ]
        ]
      },
      "properties": {
        "id": "RE-00010",
        "name": "Gopathi Narayanaswami Road",
        "highway": "primary",
        "length_m": 114.21,
        "elevation_m": 14.35,
        "maxspeed_kmh": 50
      }
    },
    {
      "type": "Feature",
      "geometry": {
        "type": "LineString",
        "coordinates": [
          [
            80.235171,
            13.042369
          ],
          [
            80.235435,
            13.042513
          ]
        ]
      },
      "properties": {
        "id": "RE-00011",
        "name": "Gopathi Narayanaswami Road",
        "highway": "primary",
        "length_m": 32.78,
        "elevation_m": 13.88,
        "maxspeed_kmh": 50
      }
    },
    {
      "type": "Feature",
      "geometry": {
        "type": "LineString",
        "coordinates": [
          [
            80.235435,
            13.042513
          ],
          [
            80.235171,
            13.042369
          ]
        ]
      },
      "properties": {
        "id": "RE-00012",
        "name": "Gopathi Narayanaswami Road",
        "highway": "primary",
        "length_m": 32.78,
        "elevation_m": 13.88,
        "maxspeed_kmh": 50
      }
    },
    {
      "type": "Feature",
      "geometry": {
        "type": "LineString",
        "coordinates": [
          [
            80.235435,
            13.042513
          ],
          [
            80.235822,
            13.042712
          ]
        ]
      },
      "properties": {
        "id": "RE-00013",
        "name": "Gopathi Narayanaswami Road",
        "highway": "primary",
        "length_m": 47.4,
        "elevation_m": 13.58,
        "maxspeed_kmh": 50
      }
    },
    {
      "type": "Feature",
      "geometry": {
        "type": "LineString",
        "coordinates": [
          [
            80.235822,
            13.042712
          ],
          [
            80.235435,
            13.042513
          ]
        ]
      },
      "properties": {
        "id": "RE-00014",
        "name": "Gopathi Narayanaswami Road",
        "highway": "primary",
        "length_m": 47.4,
        "elevation_m": 13.58,
        "maxspeed_kmh": 50
      }
    },
    {
      "type": "Feature",
      "geometry": {
        "type": "LineString",
        "coordinates": [
          [
            80.235822,
            13.042712
          ],
          [
            80.235832,
            13.042734
          ]
        ]
      },
      "properties": {
        "id": "RE-00015",
        "name": "Gopathi Narayanaswami Road",
        "highway": "primary",
        "length_m": 5.0,
        "elevation_m": 13.58,
        "maxspeed_kmh": 50
      }
    },
    {
      "type": "Feature",
      "geometry": {
        "type": "LineString",
        "coordinates": [
          [
            80.235832,
            13.042734
          ],
          [
            80.235822,
            13.042712
          ]
        ]
      },
      "properties": {
        "id": "RE-00016",
        "name": "Gopathi Narayanaswami Road",
        "highway": "primary",
        "length_m": 5.0,
        "elevation_m": 13.58,
        "maxspeed_kmh": 50
      }
    },
    {
      "type": "Feature",
      "geometry": {
        "type": "LineString",
        "coordinates": [
          [
            80.235832,
            13.042734
          ],
          [
            80.23585,
            13.042752
          ]
        ]
      },
      "properties": {
        "id": "RE-00017",
        "name": "Gopathi Narayanaswami Road",
        "highway": "primary",
        "length_m": 5.0,
        "elevation_m": 13.58,
        "maxspeed_kmh": 50
      }
    },
    {
      "type": "Feature",
      "geometry": {
        "type": "LineString",
        "coordinates": [
          [
            80.23585,
            13.042752
          ],
          [
            80.235832,
            13.042734
          ]
        ]
      },
      "properties": {
        "id": "RE-00018",
        "name": "Gopathi Narayanaswami Road",
        "highway": "primary",
        "length_m": 5.0,
        "elevation_m": 13.58,
        "maxspeed_kmh": 50
      }
    },
    {
      "type": "Feature",
      "geometry": {
        "type": "LineString",
        "coordinates": [
          [
            80.23585,
            13.042752
          ],
          [
            80.235872,
            13.042762
          ],
          [
            80.235908,
            13.042767
          ],
          [
            80.23594,
            13.042757
          ]
        ]
      },
      "properties": {
        "id": "RE-00019",
        "name": "Connecting Avenue",
        "highway": "primary",
        "length_m": 10.21,
        "elevation_m": 13.58,
        "maxspeed_kmh": 50
      }
    },
    {
      "type": "Feature",
      "geometry": {
        "type": "LineString",
        "coordinates": [
          [
            80.23585,
            13.042752
          ],
          [
            80.235625,
            13.043202
          ],
          [
            80.235501,
            13.043424
          ],
          [
            80.235363,
            13.043587
          ],
          [
            80.235427,
            13.044106
          ],
          [
            80.235458,
            13.044316
          ],
          [
            80.235523,
            13.044621
          ],
          [
            80.235641,
            13.045135
          ],
          [
            80.235653,
            13.0452
          ],
          [
            80.235761,
            13.045742
          ],
          [
            80.235838,
            13.046123
          ],
          [
            80.235889,
            13.046348
          ],
          [
            80.235975,
            13.04677
          ],
          [
            80.236023,
            13.047004
          ]
        ]
      },
      "properties": {
        "id": "RE-00020",
        "name": "Raghaviah Road",
        "highway": "primary",
        "length_m": 494.09,
        "elevation_m": 10.31,
        "maxspeed_kmh": 50
      }
    },
    {
      "type": "Feature",
      "geometry": {
        "type": "LineString",
        "coordinates": [
          [
            80.23594,
            13.042757
          ],
          [
            80.235908,
            13.042767
          ],
          [
            80.235872,
            13.042762
          ],
          [
            80.23585,
            13.042752
          ]
        ]
      },
      "properties": {
        "id": "RE-00021",
        "name": "Connecting Avenue",
        "highway": "primary",
        "length_m": 10.21,
        "elevation_m": 13.58,
        "maxspeed_kmh": 50
      }
    },
    {
      "type": "Feature",
      "geometry": {
        "type": "LineString",
        "coordinates": [
          [
            80.23594,
            13.042757
          ],
          [
            80.236889,
            13.04326
          ]
        ]
      },
      "properties": {
        "id": "RE-00022",
        "name": "Gopathi Narayanaswami Road",
        "highway": "primary",
        "length_m": 117.03,
        "elevation_m": 13.51,
        "maxspeed_kmh": 50
      }
    },
    {
      "type": "Feature",
      "geometry": {
        "type": "LineString",
        "coordinates": [
          [
            80.236889,
            13.04326
          ],
          [
            80.23594,
            13.042757
          ]
        ]
      },
      "properties": {
        "id": "RE-00023",
        "name": "Gopathi Narayanaswami Road",
        "highway": "primary",
        "length_m": 117.03,
        "elevation_m": 13.51,
        "maxspeed_kmh": 50
      }
    },
    {
      "type": "Feature",
      "geometry": {
        "type": "LineString",
        "coordinates": [
          [
            80.236889,
            13.04326
          ],
          [
            80.237375,
            13.043514
          ]
        ]
      },
      "properties": {
        "id": "RE-00024",
        "name": "Gopathi Narayanaswami Road",
        "highway": "primary",
        "length_m": 59.74,
        "elevation_m": 13.71,
        "maxspeed_kmh": 50
      }
    },
    {
      "type": "Feature",
      "geometry": {
        "type": "LineString",
        "coordinates": [
          [
            80.237375,
            13.043514
          ],
          [
            80.236889,
            13.04326
          ]
        ]
      },
      "properties": {
        "id": "RE-00025",
        "name": "Gopathi Narayanaswami Road",
        "highway": "primary",
        "length_m": 59.74,
        "elevation_m": 13.71,
        "maxspeed_kmh": 50
      }
    },
    {
      "type": "Feature",
      "geometry": {
        "type": "LineString",
        "coordinates": [
          [
            80.237375,
            13.043514
          ],
          [
            80.237844,
            13.043775
          ]
        ]
      },
      "properties": {
        "id": "RE-00026",
        "name": "Gopathi Narayanaswami Road",
        "highway": "primary",
        "length_m": 58.51,
        "elevation_m": 14.0,
        "maxspeed_kmh": 50
      }
    },
    {
      "type": "Feature",
      "geometry": {
        "type": "LineString",
        "coordinates": [
          [
            80.237844,
            13.043775
          ],
          [
            80.237375,
            13.043514
          ]
        ]
      },
      "properties": {
        "id": "RE-00027",
        "name": "Gopathi Narayanaswami Road",
        "highway": "primary",
        "length_m": 58.51,
        "elevation_m": 14.0,
        "maxspeed_kmh": 50
      }
    },
    {
      "type": "Feature",
      "geometry": {
        "type": "LineString",
        "coordinates": [
          [
            80.237844,
            13.043775
          ],
          [
            80.238322,
            13.044056
          ]
        ]
      },
      "properties": {
        "id": "RE-00028",
        "name": "Gopathi Narayanaswami Road",
        "highway": "primary",
        "length_m": 60.48,
        "elevation_m": 14.64,
        "maxspeed_kmh": 50
      }
    },
    {
      "type": "Feature",
      "geometry": {
        "type": "LineString",
        "coordinates": [
          [
            80.238322,
            13.044056
          ],
          [
            80.237844,
            13.043775
          ]
        ]
      },
      "properties": {
        "id": "RE-00029",
        "name": "Gopathi Narayanaswami Road",
        "highway": "primary",
        "length_m": 60.48,
        "elevation_m": 14.64,
        "maxspeed_kmh": 50
      }
    },
    {
      "type": "Feature",
      "geometry": {
        "type": "LineString",
        "coordinates": [
          [
            80.238322,
            13.044056
          ],
          [
            80.238323,
            13.0441
          ]
        ]
      },
      "properties": {
        "id": "RE-00030",
        "name": "Connecting Avenue",
        "highway": "primary",
        "length_m": 5.0,
        "elevation_m": 14.64,
        "maxspeed_kmh": 50
      }
    },
    {
      "type": "Feature",
      "geometry": {
        "type": "LineString",
        "coordinates": [
          [
            80.238322,
            13.044056
          ],
          [
            80.238369,
            13.044082
          ],
          [
            80.239817,
            13.044874
          ],
          [
            80.240701,
            13.04537
          ],
          [
            80.242202,
            13.046199
          ],
          [
            80.242281,
            13.046245
          ]
        ]
      },
      "properties": {
        "id": "RE-00031",
        "name": "Gopathi Narayanaswami Road",
        "highway": "primary",
        "length_m": 493.13,
        "elevation_m": 13.37,
        "maxspeed_kmh": 50
      }
    },
    {
      "type": "Feature",
      "geometry": {
        "type": "LineString",
        "coordinates": [
          [
            80.238323,
            13.0441
          ],
          [
            80.238322,
            13.044056
          ]
        ]
      },
      "properties": {
        "id": "RE-00032",
        "name": "Connecting Avenue",
        "highway": "primary",
        "length_m": 5.0,
        "elevation_m": 14.64,
        "maxspeed_kmh": 50
      }
    },
    {
      "type": "Feature",
      "geometry": {
        "type": "LineString",
        "coordinates": [
          [
            80.238323,
            13.0441
          ],
          [
            80.238452,
            13.044175
          ],
          [
            80.238497,
            13.044201
          ],
          [
            80.238685,
            13.04431
          ],
          [
            80.238728,
            13.044335
          ],
          [
            80.238889,
            13.044429
          ],
          [
            80.238984,
            13.044484
          ],
          [
            80.239128,
            13.044569
          ],
          [
            80.23999,
            13.045066
          ]
        ]
      },
      "properties": {
        "id": "RE-00033",
        "name": "Connecting Avenue",
        "highway": "primary",
        "length_m": 210.11,
        "elevation_m": 14.6,
        "maxspeed_kmh": 50
      }
    },
    {
      "type": "Feature",
      "geometry": {
        "type": "LineString",
        "coordinates": [
          [
            80.23999,
            13.045066
          ],
          [
            80.239128,
            13.044569
          ],
          [
            80.238984,
            13.044484
          ],
          [
            80.238889,
            13.044429
          ],
          [
            80.238728,
            13.044335
          ],
          [
            80.238685,
            13.04431
          ],
          [
            80.238497,
            13.044201
          ],
          [
            80.238452,
            13.044175
          ],
          [
            80.238323,
            13.0441
          ]
        ]
      },
      "properties": {
        "id": "RE-00034",
        "name": "Connecting Avenue",
        "highway": "primary",
        "length_m": 210.11,
        "elevation_m": 14.6,
        "maxspeed_kmh": 50
      }
    },
    {
      "type": "Feature",
      "geometry": {
        "type": "LineString",
        "coordinates": [
          [
            80.23999,
            13.045066
          ],
          [
            80.240037,
            13.04519
          ],
          [
            80.240069,
            13.045324
          ]
        ]
      },
      "properties": {
        "id": "RE-00035",
        "name": "Thirumalai Pillai Road",
        "highway": "primary",
        "length_m": 30.0,
        "elevation_m": 13.89,
        "maxspeed_kmh": 50
      }
    },
    {
      "type": "Feature",
      "geometry": {
        "type": "LineString",
        "coordinates": [
          [
            80.240069,
            13.045324
          ],
          [
            80.240037,
            13.04519
          ],
          [
            80.23999,
            13.045066
          ]
        ]
      },
      "properties": {
        "id": "RE-00036",
        "name": "Thirumalai Pillai Road",
        "highway": "primary",
        "length_m": 30.0,
        "elevation_m": 13.89,
        "maxspeed_kmh": 50
      }
    },
    {
      "type": "Feature",
      "geometry": {
        "type": "LineString",
        "coordinates": [
          [
            80.240069,
            13.045324
          ],
          [
            80.239822,
            13.045644
          ]
        ]
      },
      "properties": {
        "id": "RE-00037",
        "name": "Thirumalai Pillai Road",
        "highway": "primary",
        "length_m": 44.52,
        "elevation_m": 13.97,
        "maxspeed_kmh": 50
      }
    },
    {
      "type": "Feature",
      "geometry": {
        "type": "LineString",
        "coordinates": [
          [
            80.240069,
            13.045324
          ],
          [
            80.240168,
            13.045163
          ]
        ]
      },
      "properties": {
        "id": "RE-00038",
        "name": "Thirumalai Pillai Road",
        "highway": "primary",
        "length_m": 20.87,
        "elevation_m": 13.82,
        "maxspeed_kmh": 50
      }
    },
    {
      "type": "Feature",
      "geometry": {
        "type": "LineString",
        "coordinates": [
          [
            80.239822,
            13.045644
          ],
          [
            80.240069,
            13.045324
          ]
        ]
      },
      "properties": {
        "id": "RE-00039",
        "name": "Thirumalai Pillai Road",
        "highway": "primary",
        "length_m": 44.52,
        "elevation_m": 13.97,
        "maxspeed_kmh": 50
      }
    },
    {
      "type": "Feature",
      "geometry": {
        "type": "LineString",
        "coordinates": [
          [
            80.239822,
            13.045644
          ],
          [
            80.239678,
            13.045866
          ]
        ]
      },
      "properties": {
        "id": "RE-00040",
        "name": "Thirumalai Pillai Road",
        "highway": "primary",
        "length_m": 29.2,
        "elevation_m": 14.12,
        "maxspeed_kmh": 50
      }
    },
    {
      "type": "Feature",
      "geometry": {
        "type": "LineString",
        "coordinates": [
          [
            80.239678,
            13.045866
          ],
          [
            80.239822,
            13.045644
          ]
        ]
      },
      "properties": {
        "id": "RE-00041",
        "name": "Thirumalai Pillai Road",
        "highway": "primary",
        "length_m": 29.2,
        "elevation_m": 14.12,
        "maxspeed_kmh": 50
      }
    },
    {
      "type": "Feature",
      "geometry": {
        "type": "LineString",
        "coordinates": [
          [
            80.239678,
            13.045866
          ],
          [
            80.239593,
            13.045998
          ]
        ]
      },
      "properties": {
        "id": "RE-00042",
        "name": "Thirumalai Pillai Road",
        "highway": "primary",
        "length_m": 17.33,
        "elevation_m": 14.12,
        "maxspeed_kmh": 50
      }
    },
    {
      "type": "Feature",
      "geometry": {
        "type": "LineString",
        "coordinates": [
          [
            80.239593,
            13.045998
          ],
          [
            80.239678,
            13.045866
          ]
        ]
      },
      "properties": {
        "id": "RE-00043",
        "name": "Thirumalai Pillai Road",
        "highway": "primary",
        "length_m": 17.33,
        "elevation_m": 14.12,
        "maxspeed_kmh": 50
      }
    },
    {
      "type": "Feature",
      "geometry": {
        "type": "LineString",
        "coordinates": [
          [
            80.239593,
            13.045998
          ],
          [
            80.239556,
            13.046055
          ]
        ]
      },
      "properties": {
        "id": "RE-00044",
        "name": "Thirumalai Pillai Road",
        "highway": "primary",
        "length_m": 7.5,
        "elevation_m": 14.12,
        "maxspeed_kmh": 50
      }
    },
    {
      "type": "Feature",
      "geometry": {
        "type": "LineString",
        "coordinates": [
          [
            80.239556,
            13.046055
          ],
          [
            80.239593,
            13.045998
          ]
        ]
      },
      "properties": {
        "id": "RE-00045",
        "name": "Thirumalai Pillai Road",
        "highway": "primary",
        "length_m": 7.5,
        "elevation_m": 14.12,
        "maxspeed_kmh": 50
      }
    },
    {
      "type": "Feature",
      "geometry": {
        "type": "LineString",
        "coordinates": [
          [
            80.239556,
            13.046055
          ],
          [
            80.239529,
            13.046095
          ]
        ]
      },
      "properties": {
        "id": "RE-00046",
        "name": "Thirumalai Pillai Road",
        "highway": "primary",
        "length_m": 5.32,
        "elevation_m": 14.27,
        "maxspeed_kmh": 50
      }
    },
    {
      "type": "Feature",
      "geometry": {
        "type": "LineString",
        "coordinates": [
          [
            80.239529,
            13.046095
          ],
          [
            80.239556,
            13.046055
          ]
        ]
      },
      "properties": {
        "id": "RE-00047",
        "name": "Thirumalai Pillai Road",
        "highway": "primary",
        "length_m": 5.32,
        "elevation_m": 14.27,
        "maxspeed_kmh": 50
      }
    },
    {
      "type": "Feature",
      "geometry": {
        "type": "LineString",
        "coordinates": [
          [
            80.239529,
            13.046095
          ],
          [
            80.239498,
            13.046131
          ]
        ]
      },
      "properties": {
        "id": "RE-00048",
        "name": "Thirumalai Pillai Road",
        "highway": "primary",
        "length_m": 5.23,
        "elevation_m": 14.27,
        "maxspeed_kmh": 50
      }
    },
    {
      "type": "Feature",
      "geometry": {
        "type": "LineString",
        "coordinates": [
          [
            80.239498,
            13.046131
          ],
          [
            80.239529,
            13.046095
          ]
        ]
      },
      "properties": {
        "id": "RE-00049",
        "name": "Thirumalai Pillai Road",
        "highway": "primary",
        "length_m": 5.23,
        "elevation_m": 14.27,
        "maxspeed_kmh": 50
      }
    },
    {
      "type": "Feature",
      "geometry": {
        "type": "LineString",
        "coordinates": [
          [
            80.239498,
            13.046131
          ],
          [
            80.239465,
            13.046169
          ]
        ]
      },
      "properties": {
        "id": "RE-00050",
        "name": "Thirumalai Pillai Road",
        "highway": "primary",
        "length_m": 5.53,
        "elevation_m": 14.27,
        "maxspeed_kmh": 50
      }
    },
    {
      "type": "Feature",
      "geometry": {
        "type": "LineString",
        "coordinates": [
          [
            80.239465,
            13.046169
          ],
          [
            80.239498,
            13.046131
          ]
        ]
      },
      "properties": {
        "id": "RE-00051",
        "name": "Thirumalai Pillai Road",
        "highway": "primary",
        "length_m": 5.53,
        "elevation_m": 14.27,
        "maxspeed_kmh": 50
      }
    },
    {
      "type": "Feature",
      "geometry": {
        "type": "LineString",
        "coordinates": [
          [
            80.239465,
            13.046169
          ],
          [
            80.239439,
            13.046202
          ]
        ]
      },
      "properties": {
        "id": "RE-00052",
        "name": "Thirumalai Pillai Road",
        "highway": "primary",
        "length_m": 5.0,
        "elevation_m": 14.27,
        "maxspeed_kmh": 50
      }
    },
    {
      "type": "Feature",
      "geometry": {
        "type": "LineString",
        "coordinates": [
          [
            80.239439,
            13.046202
          ],
          [
            80.239465,
            13.046169
          ]
        ]
      },
      "properties": {
        "id": "RE-00053",
        "name": "Thirumalai Pillai Road",
        "highway": "primary",
        "length_m": 5.0,
        "elevation_m": 14.27,
        "maxspeed_kmh": 50
      }
    },
    {
      "type": "Feature",
      "geometry": {
        "type": "LineString",
        "coordinates": [
          [
            80.239439,
            13.046202
          ],
          [
            80.239431,
            13.046228
          ]
        ]
      },
      "properties": {
        "id": "RE-00054",
        "name": "Thirumalai Pillai Road",
        "highway": "primary",
        "length_m": 5.0,
        "elevation_m": 14.27,
        "maxspeed_kmh": 50
      }
    },
    {
      "type": "Feature",
      "geometry": {
        "type": "LineString",
        "coordinates": [
          [
            80.239431,
            13.046228
          ],
          [
            80.239439,
            13.046202
          ]
        ]
      },
      "properties": {
        "id": "RE-00055",
        "name": "Thirumalai Pillai Road",
        "highway": "primary",
        "length_m": 5.0,
        "elevation_m": 14.27,
        "maxspeed_kmh": 50
      }
    },
    {
      "type": "Feature",
      "geometry": {
        "type": "LineString",
        "coordinates": [
          [
            80.239431,
            13.046228
          ],
          [
            80.239424,
            13.046253
          ]
        ]
      },
      "properties": {
        "id": "RE-00056",
        "name": "Thirumalai Pillai Road",
        "highway": "primary",
        "length_m": 5.0,
        "elevation_m": 14.27,
        "maxspeed_kmh": 50
      }
    },
    {
      "type": "Feature",
      "geometry": {
        "type": "LineString",
        "coordinates": [
          [
            80.239424,
            13.046253
          ],
          [
            80.239431,
            13.046228
          ]
        ]
      },
      "properties": {
        "id": "RE-00057",
        "name": "Thirumalai Pillai Road",
        "highway": "primary",
        "length_m": 5.0,
        "elevation_m": 14.27,
        "maxspeed_kmh": 50
      }
    },
    {
      "type": "Feature",
      "geometry": {
        "type": "LineString",
        "coordinates": [
          [
            80.239424,
            13.046253
          ],
          [
            80.239431,
            13.046281
          ]
        ]
      },
      "properties": {
        "id": "RE-00058",
        "name": "Thirumalai Pillai Road",
        "highway": "primary",
        "length_m": 5.0,
        "elevation_m": 14.27,
        "maxspeed_kmh": 50
      }
    },
    {
      "type": "Feature",
      "geometry": {
        "type": "LineString",
        "coordinates": [
          [
            80.239431,
            13.046281
          ],
          [
            80.239424,
            13.046253
          ]
        ]
      },
      "properties": {
        "id": "RE-00059",
        "name": "Thirumalai Pillai Road",
        "highway": "primary",
        "length_m": 5.0,
        "elevation_m": 14.27,
        "maxspeed_kmh": 50
      }
    },
    {
      "type": "Feature",
      "geometry": {
        "type": "LineString",
        "coordinates": [
          [
            80.239431,
            13.046281
          ],
          [
            80.239442,
            13.046295
          ]
        ]
      },
      "properties": {
        "id": "RE-00060",
        "name": "Thirumalai Pillai Road",
        "highway": "primary",
        "length_m": 5.0,
        "elevation_m": 14.27,
        "maxspeed_kmh": 50
      }
    },
    {
      "type": "Feature",
      "geometry": {
        "type": "LineString",
        "coordinates": [
          [
            80.239431,
            13.046281
          ],
          [
            80.239151,
            13.046357
          ]
        ]
      },
      "properties": {
        "id": "RE-00061",
        "name": "Bazullah Road",
        "highway": "primary",
        "length_m": 31.49,
        "elevation_m": 14.27,
        "maxspeed_kmh": 50
      }
    },
    {
      "type": "Feature",
      "geometry": {
        "type": "LineString",
        "coordinates": [
          [
            80.239431,
            13.046281
          ],
          [
            80.239519,
            13.046236
          ]
        ]
      },
      "properties": {
        "id": "RE-00062",
        "name": "Thirumalai Road",
        "highway": "primary",
        "length_m": 10.77,
        "elevation_m": 14.27,
        "maxspeed_kmh": 50
      }
    },
    {
      "type": "Feature",
      "geometry": {
        "type": "LineString",
        "coordinates": [
          [
            80.239442,
            13.046295
          ],
          [
            80.239431,
            13.046281
          ]
        ]
      },
      "properties": {
        "id": "RE-00063",
        "name": "Thirumalai Pillai Road",
        "highway": "primary",
        "length_m": 5.0,
        "elevation_m": 14.27,
        "maxspeed_kmh": 50
      }
    },
    {
      "type": "Feature",
      "geometry": {
        "type": "LineString",
        "coordinates": [
          [
            80.239442,
            13.046295
          ],
          [
            80.239488,
            13.04631
          ]
        ]
      },
      "properties": {
        "id": "RE-00064",
        "name": "Thirumalai Pillai Road",
        "highway": "primary",
        "length_m": 5.25,
        "elevation_m": 14.27,
        "maxspeed_kmh": 50
      }
    },
    {
      "type": "Feature",
      "geometry": {
        "type": "LineString",
        "coordinates": [
          [
            80.239488,
            13.04631
          ],
          [
            80.239442,
            13.046295
          ]
        ]
      },
      "properties": {
        "id": "RE-00065",
        "name": "Thirumalai Pillai Road",
        "highway": "primary",
        "length_m": 5.25,
        "elevation_m": 14.27,
        "maxspeed_kmh": 50
      }
    },
    {
      "type": "Feature",
      "geometry": {
        "type": "LineString",
        "coordinates": [
          [
            80.239488,
            13.04631
          ],
          [
            80.239539,
            13.046335
          ]
        ]
      },
      "properties": {
        "id": "RE-00066",
        "name": "Thirumalai Pillai Road",
        "highway": "primary",
        "length_m": 6.18,
        "elevation_m": 14.27,
        "maxspeed_kmh": 50
      }
    },
    {
      "type": "Feature",
      "geometry": {
        "type": "LineString",
        "coordinates": [
          [
            80.239539,
            13.046335
          ],
          [
            80.239488,
            13.04631
          ]
        ]
      },
      "properties": {
        "id": "RE-00067",
        "name": "Thirumalai Pillai Road",
        "highway": "primary",
        "length_m": 6.18,
        "elevation_m": 14.27,
        "maxspeed_kmh": 50
      }
    },
    {
      "type": "Feature",
      "geometry": {
        "type": "LineString",
        "coordinates": [
          [
            80.239539,
            13.046335
          ],
          [
            80.239573,
            13.046399
          ]
        ]
      },
      "properties": {
        "id": "RE-00068",
        "name": "Thirumalai Pillai Road",
        "highway": "primary",
        "length_m": 8.01,
        "elevation_m": 14.12,
        "maxspeed_kmh": 50
      }
    },
    {
      "type": "Feature",
      "geometry": {
        "type": "LineString",
        "coordinates": [
          [
            80.239573,
            13.046399
          ],
          [
            80.239539,
            13.046335
          ]
        ]
      },
      "properties": {
        "id": "RE-00069",
        "name": "Thirumalai Pillai Road",
        "highway": "primary",
        "length_m": 8.01,
        "elevation_m": 14.12,
        "maxspeed_kmh": 50
      }
    },
    {
      "type": "Feature",
      "geometry": {
        "type": "LineString",
        "coordinates": [
          [
            80.239573,
            13.046399
          ],
          [
            80.239579,
            13.046441
          ]
        ]
      },
      "properties": {
        "id": "RE-00070",
        "name": "Thirumalai Pillai Road",
        "highway": "primary",
        "length_m": 5.0,
        "elevation_m": 14.12,
        "maxspeed_kmh": 50
      }
    },
    {
      "type": "Feature",
      "geometry": {
        "type": "LineString",
        "coordinates": [
          [
            80.239579,
            13.046441
          ],
          [
            80.239573,
            13.046399
          ]
        ]
      },
      "properties": {
        "id": "RE-00071",
        "name": "Thirumalai Pillai Road",
        "highway": "primary",
        "length_m": 5.0,
        "elevation_m": 14.12,
        "maxspeed_kmh": 50
      }
    },
    {
      "type": "Feature",
      "geometry": {
        "type": "LineString",
        "coordinates": [
          [
            80.239579,
            13.046441
          ],
          [
            80.23964,
            13.046743
          ]
        ]
      },
      "properties": {
        "id": "RE-00072",
        "name": "Thirumalai Pillai Road",
        "highway": "primary",
        "length_m": 34.22,
        "elevation_m": 14.12,
        "maxspeed_kmh": 50
      }
    },
    {
      "type": "Feature",
      "geometry": {
        "type": "LineString",
        "coordinates": [
          [
            80.23964,
            13.046743
          ],
          [
            80.239579,
            13.046441
          ]
        ]
      },
      "properties": {
        "id": "RE-00073",
        "name": "Thirumalai Pillai Road",
        "highway": "primary",
        "length_m": 34.22,
        "elevation_m": 14.12,
        "maxspeed_kmh": 50
      }
    },
    {
      "type": "Feature",
      "geometry": {
        "type": "LineString",
        "coordinates": [
          [
            80.23964,
            13.046743
          ],
          [
            80.239695,
            13.04702
          ]
        ]
      },
      "properties": {
        "id": "RE-00074",
        "name": "Thirumalai Pillai Road",
        "highway": "primary",
        "length_m": 31.37,
        "elevation_m": 14.12,
        "maxspeed_kmh": 50
      }
    },
    {
      "type": "Feature",
      "geometry": {
        "type": "LineString",
        "coordinates": [
          [
            80.239695,
            13.04702
          ],
          [
            80.23964,
            13.046743
          ]
        ]
      },
      "properties": {
        "id": "RE-00075",
        "name": "Thirumalai Pillai Road",
        "highway": "primary",
        "length_m": 31.37,
        "elevation_m": 14.12,
        "maxspeed_kmh": 50
      }
    },
    {
      "type": "Feature",
      "geometry": {
        "type": "LineString",
        "coordinates": [
          [
            80.239695,
            13.04702
          ],
          [
            80.239772,
            13.047376
          ]
        ]
      },
      "properties": {
        "id": "RE-00076",
        "name": "Thirumalai Pillai Road",
        "highway": "primary",
        "length_m": 40.45,
        "elevation_m": 13.97,
        "maxspeed_kmh": 50
      }
    },
    {
      "type": "Feature",
      "geometry": {
        "type": "LineString",
        "coordinates": [
          [
            80.239772,
            13.047376
          ],
          [
            80.239695,
            13.04702
          ]
        ]
      },
      "properties": {
        "id": "RE-00077",
        "name": "Thirumalai Pillai Road",
        "highway": "primary",
        "length_m": 40.45,
        "elevation_m": 13.97,
        "maxspeed_kmh": 50
      }
    },
    {
      "type": "Feature",
      "geometry": {
        "type": "LineString",
        "coordinates": [
          [
            80.239772,
            13.047376
          ],
          [
            80.239854,
            13.047737
          ]
        ]
      },
      "properties": {
        "id": "RE-00078",
        "name": "Thirumalai Pillai Road",
        "highway": "primary",
        "length_m": 41.11,
        "elevation_m": 13.97,
        "maxspeed_kmh": 50
      }
    },
    {
      "type": "Feature",
      "geometry": {
        "type": "LineString",
        "coordinates": [
          [
            80.239854,
            13.047737
          ],
          [
            80.239772,
            13.047376
          ]
        ]
      },
      "properties": {
        "id": "RE-00079",
        "name": "Thirumalai Pillai Road",
        "highway": "primary",
        "length_m": 41.11,
        "elevation_m": 13.97,
        "maxspeed_kmh": 50
      }
    },
    {
      "type": "Feature",
      "geometry": {
        "type": "LineString",
        "coordinates": [
          [
            80.239854,
            13.047737
          ],
          [
            80.239926,
            13.048042
          ]
        ]
      },
      "properties": {
        "id": "RE-00080",
        "name": "Thirumalai Pillai Road",
        "highway": "primary",
        "length_m": 34.8,
        "elevation_m": 13.97,
        "maxspeed_kmh": 50
      }
    },
    {
      "type": "Feature",
      "geometry": {
        "type": "LineString",
        "coordinates": [
          [
            80.239926,
            13.048042
          ],
          [
            80.239854,
            13.047737
          ]
        ]
      },
      "properties": {
        "id": "RE-00081",
        "name": "Thirumalai Pillai Road",
        "highway": "primary",
        "length_m": 34.8,
        "elevation_m": 13.97,
        "maxspeed_kmh": 50
      }
    },
    {
      "type": "Feature",
      "geometry": {
        "type": "LineString",
        "coordinates": [
          [
            80.239926,
            13.048042
          ],
          [
            80.240059,
            13.048707
          ]
        ]
      },
      "properties": {
        "id": "RE-00082",
        "name": "Thirumalai Pillai Road",
        "highway": "primary",
        "length_m": 75.34,
        "elevation_m": 13.82,
        "maxspeed_kmh": 50
      }
    },
    {
      "type": "Feature",
      "geometry": {
        "type": "LineString",
        "coordinates": [
          [
            80.240059,
            13.048707
          ],
          [
            80.239926,
            13.048042
          ]
        ]
      },
      "properties": {
        "id": "RE-00083",
        "name": "Thirumalai Pillai Road",
        "highway": "primary",
        "length_m": 75.34,
        "elevation_m": 13.82,
        "maxspeed_kmh": 50
      }
    },
    {
      "type": "Feature",
      "geometry": {
        "type": "LineString",
        "coordinates": [
          [
            80.240059,
            13.048707
          ],
          [
            80.240167,
            13.049238
          ]
        ]
      },
      "properties": {
        "id": "RE-00084",
        "name": "Thirumalai Pillai Road",
        "highway": "primary",
        "length_m": 60.19,
        "elevation_m": 13.65,
        "maxspeed_kmh": 50
      }
    },
    {
      "type": "Feature",
      "geometry": {
        "type": "LineString",
        "coordinates": [
          [
            80.240167,
            13.049238
          ],
          [
            80.240059,
            13.048707
          ]
        ]
      },
      "properties": {
        "id": "RE-00085",
        "name": "Thirumalai Pillai Road",
        "highway": "primary",
        "length_m": 60.19,
        "elevation_m": 13.65,
        "maxspeed_kmh": 50
      }
    },
    {
      "type": "Feature",
      "geometry": {
        "type": "LineString",
        "coordinates": [
          [
            80.240167,
            13.049238
          ],
          [
            80.240204,
            13.04942
          ]
        ]
      },
      "properties": {
        "id": "RE-00086",
        "name": "Thirumalai Pillai Road",
        "highway": "primary",
        "length_m": 20.63,
        "elevation_m": 13.61,
        "maxspeed_kmh": 50
      }
    },
    {
      "type": "Feature",
      "geometry": {
        "type": "LineString",
        "coordinates": [
          [
            80.240204,
            13.04942
          ],
          [
            80.240167,
            13.049238
          ]
        ]
      },
      "properties": {
        "id": "RE-00087",
        "name": "Thirumalai Pillai Road",
        "highway": "primary",
        "length_m": 20.63,
        "elevation_m": 13.61,
        "maxspeed_kmh": 50
      }
    },
    {
      "type": "Feature",
      "geometry": {
        "type": "LineString",
        "coordinates": [
          [
            80.240204,
            13.04942
          ],
          [
            80.240271,
            13.049743
          ]
        ]
      },
      "properties": {
        "id": "RE-00088",
        "name": "Thirumalai Pillai Road",
        "highway": "primary",
        "length_m": 36.64,
        "elevation_m": 13.54,
        "maxspeed_kmh": 50
      }
    },
    {
      "type": "Feature",
      "geometry": {
        "type": "LineString",
        "coordinates": [
          [
            80.240271,
            13.049743
          ],
          [
            80.240204,
            13.04942
          ]
        ]
      },
      "properties": {
        "id": "RE-00089",
        "name": "Thirumalai Pillai Road",
        "highway": "primary",
        "length_m": 36.64,
        "elevation_m": 13.54,
        "maxspeed_kmh": 50
      }
    },
    {
      "type": "Feature",
      "geometry": {
        "type": "LineString",
        "coordinates": [
          [
            80.240271,
            13.049743
          ],
          [
            80.240415,
            13.050494
          ]
        ]
      },
      "properties": {
        "id": "RE-00090",
        "name": "Thirumalai Pillai Road",
        "highway": "primary",
        "length_m": 84.95,
        "elevation_m": 13.25,
        "maxspeed_kmh": 50
      }
    },
    {
      "type": "Feature",
      "geometry": {
        "type": "LineString",
        "coordinates": [
          [
            80.240415,
            13.050494
          ],
          [
            80.240271,
            13.049743
          ]
        ]
      },
      "properties": {
        "id": "RE-00091",
        "name": "Thirumalai Pillai Road",
        "highway": "primary",
        "length_m": 84.95,
        "elevation_m": 13.25,
        "maxspeed_kmh": 50
      }
    },
    {
      "type": "Feature",
      "geometry": {
        "type": "LineString",
        "coordinates": [
          [
            80.240415,
            13.050494
          ],
          [
            80.240509,
            13.050943
          ]
        ]
      },
      "properties": {
        "id": "RE-00092",
        "name": "Thirumalai Pillai Road",
        "highway": "primary",
        "length_m": 50.95,
        "elevation_m": 13.13,
        "maxspeed_kmh": 50
      }
    },
    {
      "type": "Feature",
      "geometry": {
        "type": "LineString",
        "coordinates": [
          [
            80.240509,
            13.050943
          ],
          [
            80.240415,
            13.050494
          ]
        ]
      },
      "properties": {
        "id": "RE-00093",
        "name": "Thirumalai Pillai Road",
        "highway": "primary",
        "length_m": 50.95,
        "elevation_m": 13.13,
        "maxspeed_kmh": 50
      }
    },
    {
      "type": "Feature",
      "geometry": {
        "type": "LineString",
        "coordinates": [
          [
            80.240509,
            13.050943
          ],
          [
            80.240642,
            13.051491
          ]
        ]
      },
      "properties": {
        "id": "RE-00094",
        "name": "Thirumalai Pillai Road",
        "highway": "primary",
        "length_m": 62.61,
        "elevation_m": 12.85,
        "maxspeed_kmh": 50
      }
    },
    {
      "type": "Feature",
      "geometry": {
        "type": "LineString",
        "coordinates": [
          [
            80.240642,
            13.051491
          ],
          [
            80.240509,
            13.050943
          ]
        ]
      },
      "properties": {
        "id": "RE-00095",
        "name": "Thirumalai Pillai Road",
        "highway": "primary",
        "length_m": 62.61,
        "elevation_m": 12.85,
        "maxspeed_kmh": 50
      }
    },
    {
      "type": "Feature",
      "geometry": {
        "type": "LineString",
        "coordinates": [
          [
            80.240642,
            13.051491
          ],
          [
            80.24075,
            13.052
          ]
        ]
      },
      "properties": {
        "id": "RE-00096",
        "name": "Thirumalai Pillai Road",
        "highway": "primary",
        "length_m": 57.79,
        "elevation_m": 12.72,
        "maxspeed_kmh": 50
      }
    },
    {
      "type": "Feature",
      "geometry": {
        "type": "LineString",
        "coordinates": [
          [
            80.24075,
            13.052
          ],
          [
            80.240642,
            13.051491
          ]
        ]
      },
      "properties": {
        "id": "RE-00097",
        "name": "Thirumalai Pillai Road",
        "highway": "primary",
        "length_m": 57.79,
        "elevation_m": 12.72,
        "maxspeed_kmh": 50
      }
    },
    {
      "type": "Feature",
      "geometry": {
        "type": "LineString",
        "coordinates": [
          [
            80.24075,
            13.052
          ],
          [
            80.240782,
            13.052126
          ]
        ]
      },
      "properties": {
        "id": "RE-00098",
        "name": "Thirumalai Pillai Road",
        "highway": "primary",
        "length_m": 14.43,
        "elevation_m": 12.67,
        "maxspeed_kmh": 50
      }
    },
    {
      "type": "Feature",
      "geometry": {
        "type": "LineString",
        "coordinates": [
          [
            80.240782,
            13.052126
          ],
          [
            80.24075,
            13.052
          ]
        ]
      },
      "properties": {
        "id": "RE-00099",
        "name": "Thirumalai Pillai Road",
        "highway": "primary",
        "length_m": 14.43,
        "elevation_m": 12.67,
        "maxspeed_kmh": 50
      }
    },
    {
      "type": "Feature",
      "geometry": {
        "type": "LineString",
        "coordinates": [
          [
            80.240782,
            13.052126
          ],
          [
            80.240806,
            13.052215
          ]
        ]
      },
      "properties": {
        "id": "RE-00100",
        "name": "Thirumalai Pillai Road",
        "highway": "primary",
        "length_m": 10.23,
        "elevation_m": 12.46,
        "maxspeed_kmh": 50
      }
    },
    {
      "type": "Feature",
      "geometry": {
        "type": "LineString",
        "coordinates": [
          [
            80.240806,
            13.052215
          ],
          [
            80.240782,
            13.052126
          ]
        ]
      },
      "properties": {
        "id": "RE-00101",
        "name": "Thirumalai Pillai Road",
        "highway": "primary",
        "length_m": 10.23,
        "elevation_m": 12.46,
        "maxspeed_kmh": 50
      }
    },
    {
      "type": "Feature",
      "geometry": {
        "type": "LineString",
        "coordinates": [
          [
            80.240806,
            13.052215
          ],
          [
            80.240831,
            13.052298
          ]
        ]
      },
      "properties": {
        "id": "RE-00102",
        "name": "Thirumalai Pillai Road",
        "highway": "primary",
        "length_m": 9.62,
        "elevation_m": 12.46,
        "maxspeed_kmh": 50
      }
    },
    {
      "type": "Feature",
      "geometry": {
        "type": "LineString",
        "coordinates": [
          [
            80.240831,
            13.052298
          ],
          [
            80.240806,
            13.052215
          ]
        ]
      },
      "properties": {
        "id": "RE-00103",
        "name": "Thirumalai Pillai Road",
        "highway": "primary",
        "length_m": 9.62,
        "elevation_m": 12.46,
        "maxspeed_kmh": 50
      }
    },
    {
      "type": "Feature",
      "geometry": {
        "type": "LineString",
        "coordinates": [
          [
            80.240831,
            13.052298
          ],
          [
            80.240856,
            13.052371
          ]
        ]
      },
      "properties": {
        "id": "RE-00104",
        "name": "Thirumalai Pillai Road",
        "highway": "primary",
        "length_m": 8.56,
        "elevation_m": 12.41,
        "maxspeed_kmh": 50
      }
    },
    {
      "type": "Feature",
      "geometry": {
        "type": "LineString",
        "coordinates": [
          [
            80.240856,
            13.052371
          ],
          [
            80.240831,
            13.052298
          ]
        ]
      },
      "properties": {
        "id": "RE-00105",
        "name": "Thirumalai Pillai Road",
        "highway": "primary",
        "length_m": 8.56,
        "elevation_m": 12.41,
        "maxspeed_kmh": 50
      }
    },
    {
      "type": "Feature",
      "geometry": {
        "type": "LineString",
        "coordinates": [
          [
            80.240856,
            13.052371
          ],
          [
            80.24089,
            13.052432
          ]
        ]
      },
      "properties": {
        "id": "RE-00106",
        "name": "Thirumalai Pillai Road",
        "highway": "primary",
        "length_m": 7.72,
        "elevation_m": 12.41,
        "maxspeed_kmh": 50
      }
    },
    {
      "type": "Feature",
      "geometry": {
        "type": "LineString",
        "coordinates": [
          [
            80.24089,
            13.052432
          ],
          [
            80.240856,
            13.052371
          ]
        ]
      },
      "properties": {
        "id": "RE-00107",
        "name": "Thirumalai Pillai Road",
        "highway": "primary",
        "length_m": 7.72,
        "elevation_m": 12.41,
        "maxspeed_kmh": 50
      }
    },
    {
      "type": "Feature",
      "geometry": {
        "type": "LineString",
        "coordinates": [
          [
            80.24089,
            13.052432
          ],
          [
            80.240927,
            13.05248
          ],
          [
            80.240999,
            13.052539
          ]
        ]
      },
      "properties": {
        "id": "RE-00108",
        "name": "Dr MGR Salai",
        "highway": "primary",
        "length_m": 16.87,
        "elevation_m": 12.41,
        "maxspeed_kmh": 50
      }
    },
    {
      "type": "Feature",
      "geometry": {
        "type": "LineString",
        "coordinates": [
          [
            80.24089,
            13.052432
          ],
          [
            80.240172,
            13.052611
          ],
          [
            80.239306,
            13.052831
          ],
          [
            80.238366,
            13.053046
          ],
          [
            80.238181,
            13.053088
          ],
          [
            80.237715,
            13.053173
          ],
          [
            80.237558,
            13.053194
          ],
          [
            80.237198,
            13.05325
          ],
          [
            80.236486,
            13.053367
          ],
          [
            80.236152,
            13.053435
          ],
          [
            80.235293,
            13.053604
          ],
          [
            80.23471,
            13.053706
          ],
          [
            80.234431,
            13.053752
          ],
          [
            80.234122,
            13.053813
          ]
        ]
      },
      "properties": {
        "id": "RE-00109",
        "name": "Dr MGR Salai",
        "highway": "primary",
        "length_m": 749.47,
        "elevation_m": 14.28,
        "maxspeed_kmh": 50
      }
    },
    {
      "type": "Feature",
      "geometry": {
        "type": "LineString",
        "coordinates": [
          [
            80.240999,
            13.052539
          ],
          [
            80.240927,
            13.05248
          ],
          [
            80.24089,
            13.052432
          ]
        ]
      },
      "properties": {
        "id": "RE-00110",
        "name": "Dr MGR Salai",
        "highway": "primary",
        "length_m": 16.87,
        "elevation_m": 12.41,
        "maxspeed_kmh": 50
      }
    },
    {
      "type": "Feature",
      "geometry": {
        "type": "LineString",
        "coordinates": [
          [
            80.240999,
            13.052539
          ],
          [
            80.24124,
            13.052545
          ]
        ]
      },
      "properties": {
        "id": "RE-00111",
        "name": "Dr MGR Salai",
        "highway": "primary",
        "length_m": 26.11,
        "elevation_m": 12.12,
        "maxspeed_kmh": 50
      }
    },
    {
      "type": "Feature",
      "geometry": {
        "type": "LineString",
        "coordinates": [
          [
            80.240999,
            13.052539
          ],
          [
            80.240905,
            13.052539
          ],
          [
            80.240757,
            13.052553
          ],
          [
            80.239375,
            13.052908
          ],
          [
            80.239042,
            13.052979
          ],
          [
            80.23809,
            13.053183
          ],
          [
            80.237725,
            13.053241
          ],
          [
            80.237599,
            13.053261
          ],
          [
            80.237199,
            13.05332
          ],
          [
            80.237001,
            13.053357
          ],
          [
            80.236757,
            13.053393
          ],
          [
            80.236454,
            13.053438
          ],
          [
            80.236165,
            13.053485
          ],
          [
            80.235933,
            13.053536
          ],
          [
            80.235283,
            13.053675
          ],
          [
            80.234756,
            13.053792
          ],
          [
            80.234488,
            13.053847
          ],
          [
            80.234282,
            13.053878
          ],
          [
            80.234183,
            13.053893
          ],
          [
            80.234136,
            13.0539
          ]
        ]
      },
      "properties": {
        "id": "RE-00112",
        "name": "Dr MGR Salai",
        "highway": "primary",
        "length_m": 759.49,
        "elevation_m": 14.12,
        "maxspeed_kmh": 50
      }
    },
    {
      "type": "Feature",
      "geometry": {
        "type": "LineString",
        "coordinates": [
          [
            80.24124,
            13.052545
          ],
          [
            80.240999,
            13.052539
          ]
        ]
      },
      "properties": {
        "id": "RE-00113",
        "name": "Dr MGR Salai",
        "highway": "primary",
        "length_m": 26.11,
        "elevation_m": 12.12,
        "maxspeed_kmh": 50
      }
    },
    {
      "type": "Feature",
      "geometry": {
        "type": "LineString",
        "coordinates": [
          [
            80.24124,
            13.052545
          ],
          [
            80.241562,
            13.052604
          ]
        ]
      },
      "properties": {
        "id": "RE-00114",
        "name": "Dr MGR Salai",
        "highway": "primary",
        "length_m": 35.49,
        "elevation_m": 12.26,
        "maxspeed_kmh": 50
      }
    },
    {
      "type": "Feature",
      "geometry": {
        "type": "LineString",
        "coordinates": [
          [
            80.241562,
            13.052604
          ],
          [
            80.24124,
            13.052545
          ]
        ]
      },
      "properties": {
        "id": "RE-00115",
        "name": "Dr MGR Salai",
        "highway": "primary",
        "length_m": 35.49,
        "elevation_m": 12.26,
        "maxspeed_kmh": 50
      }
    },
    {
      "type": "Feature",
      "geometry": {
        "type": "LineString",
        "coordinates": [
          [
            80.241562,
            13.052604
          ],
          [
            80.24165,
            13.05262
          ]
        ]
      },
      "properties": {
        "id": "RE-00116",
        "name": "Dr MGR Salai",
        "highway": "primary",
        "length_m": 9.7,
        "elevation_m": 12.41,
        "maxspeed_kmh": 50
      }
    },
    {
      "type": "Feature",
      "geometry": {
        "type": "LineString",
        "coordinates": [
          [
            80.241562,
            13.052604
          ],
          [
            80.241564,
            13.052507
          ],
          [
            80.241391,
            13.052463
          ],
          [
            80.241,
            13.052427
          ]
        ]
      },
      "properties": {
        "id": "RE-00117",
        "name": "Dr MGR Salai",
        "highway": "primary",
        "length_m": 72.7,
        "elevation_m": 12.17,
        "maxspeed_kmh": 50
      }
    },
    {
      "type": "Feature",
      "geometry": {
        "type": "LineString",
        "coordinates": [
          [
            80.24165,
            13.05262
          ],
          [
            80.241562,
            13.052604
          ]
        ]
      },
      "properties": {
        "id": "RE-00118",
        "name": "Dr MGR Salai",
        "highway": "primary",
        "length_m": 9.7,
        "elevation_m": 12.41,
        "maxspeed_kmh": 50
      }
    },
    {
      "type": "Feature",
      "geometry": {
        "type": "LineString",
        "coordinates": [
          [
            80.24165,
            13.05262
          ],
          [
            80.241673,
            13.052674
          ]
        ]
      },
      "properties": {
        "id": "RE-00119",
        "name": "Valluvar Kottam High Road",
        "highway": "primary",
        "length_m": 6.5,
        "elevation_m": 12.41,
        "maxspeed_kmh": 50
      }
    },
    {
      "type": "Feature",
      "geometry": {
        "type": "LineString",
        "coordinates": [
          [
            80.241673,
            13.052674
          ],
          [
            80.24165,
            13.05262
          ]
        ]
      },
      "properties": {
        "id": "RE-00120",
        "name": "Valluvar Kottam High Road",
        "highway": "primary",
        "length_m": 6.5,
        "elevation_m": 12.41,
        "maxspeed_kmh": 50
      }
    },
    {
      "type": "Feature",
      "geometry": {
        "type": "LineString",
        "coordinates": [
          [
            80.241673,
            13.052674
          ],
          [
            80.241718,
            13.052781
          ]
        ]
      },
      "properties": {
        "id": "RE-00121",
        "name": "Valluvar Kottam High Road",
        "highway": "primary",
        "length_m": 12.86,
        "elevation_m": 12.41,
        "maxspeed_kmh": 50
      }
    },
    {
      "type": "Feature",
      "geometry": {
        "type": "LineString",
        "coordinates": [
          [
            80.241718,
            13.052781
          ],
          [
            80.241673,
            13.052674
          ]
        ]
      },
      "properties": {
        "id": "RE-00122",
        "name": "Valluvar Kottam High Road",
        "highway": "primary",
        "length_m": 12.86,
        "elevation_m": 12.41,
        "maxspeed_kmh": 50
      }
    },
    {
      "type": "Feature",
      "geometry": {
        "type": "LineString",
        "coordinates": [
          [
            80.241718,
            13.052781
          ],
          [
            80.241772,
            13.052893
          ]
        ]
      },
      "properties": {
        "id": "RE-00123",
        "name": "Valluvar Kottam High Road",
        "highway": "primary",
        "length_m": 13.76,
        "elevation_m": 12.41,
        "maxspeed_kmh": 50
      }
    },
    {
      "type": "Feature",
      "geometry": {
        "type": "LineString",
        "coordinates": [
          [
            80.241772,
            13.052893
          ],
          [
            80.241718,
            13.052781
          ]
        ]
      },
      "properties": {
        "id": "RE-00124",
        "name": "Valluvar Kottam High Road",
        "highway": "primary",
        "length_m": 13.76,
        "elevation_m": 12.41,
        "maxspeed_kmh": 50
      }
    },
    {
      "type": "Feature",
      "geometry": {
        "type": "LineString",
        "coordinates": [
          [
            80.241772,
            13.052893
          ],
          [
            80.242132,
            13.053715
          ]
        ]
      },
      "properties": {
        "id": "RE-00125",
        "name": "Valluvar Kottam High Road",
        "highway": "primary",
        "length_m": 99.37,
        "elevation_m": 13.07,
        "maxspeed_kmh": 50
      }
    },
    {
      "type": "Feature",
      "geometry": {
        "type": "LineString",
        "coordinates": [
          [
            80.242132,
            13.053715
          ],
          [
            80.241772,
            13.052893
          ]
        ]
      },
      "properties": {
        "id": "RE-00126",
        "name": "Valluvar Kottam High Road",
        "highway": "primary",
        "length_m": 99.37,
        "elevation_m": 13.07,
        "maxspeed_kmh": 50
      }
    },
    {
      "type": "Feature",
      "geometry": {
        "type": "LineString",
        "coordinates": [
          [
            80.242132,
            13.053715
          ],
          [
            80.242257,
            13.053996
          ]
        ]
      },
      "properties": {
        "id": "RE-00127",
        "name": "Valluvar Kottam High Road",
        "highway": "primary",
        "length_m": 34.05,
        "elevation_m": 13.38,
        "maxspeed_kmh": 50
      }
    },
    {
      "type": "Feature",
      "geometry": {
        "type": "LineString",
        "coordinates": [
          [
            80.242257,
            13.053996
          ],
          [
            80.242132,
            13.053715
          ]
        ]
      },
      "properties": {
        "id": "RE-00128",
        "name": "Valluvar Kottam High Road",
        "highway": "primary",
        "length_m": 34.05,
        "elevation_m": 13.38,
        "maxspeed_kmh": 50
      }
    },
    {
      "type": "Feature",
      "geometry": {
        "type": "LineString",
        "coordinates": [
          [
            80.242257,
            13.053996
          ],
          [
            80.242316,
            13.054219
          ]
        ]
      },
      "properties": {
        "id": "RE-00129",
        "name": "Valluvar Kottam High Road",
        "highway": "primary",
        "length_m": 25.61,
        "elevation_m": 13.46,
        "maxspeed_kmh": 50
      }
    },
    {
      "type": "Feature",
      "geometry": {
        "type": "LineString",
        "coordinates": [
          [
            80.242316,
            13.054219
          ],
          [
            80.242257,
            13.053996
          ]
        ]
      },
      "properties": {
        "id": "RE-00130",
        "name": "Valluvar Kottam High Road",
        "highway": "primary",
        "length_m": 25.61,
        "elevation_m": 13.46,
        "maxspeed_kmh": 50
      }
    },
    {
      "type": "Feature",
      "geometry": {
        "type": "LineString",
        "coordinates": [
          [
            80.242316,
            13.054219
          ],
          [
            80.242351,
            13.054647
          ]
        ]
      },
      "properties": {
        "id": "RE-00131",
        "name": "Valluvar Kottam High Road",
        "highway": "primary",
        "length_m": 47.74,
        "elevation_m": 13.63,
        "maxspeed_kmh": 50
      }
    },
    {
      "type": "Feature",
      "geometry": {
        "type": "LineString",
        "coordinates": [
          [
            80.242351,
            13.054647
          ],
          [
            80.242316,
            13.054219
          ]
        ]
      },
      "properties": {
        "id": "RE-00132",
        "name": "Valluvar Kottam High Road",
        "highway": "primary",
        "length_m": 47.74,
        "elevation_m": 13.63,
        "maxspeed_kmh": 50
      }
    },
    {
      "type": "Feature",
      "geometry": {
        "type": "LineString",
        "coordinates": [
          [
            80.242351,
            13.054647
          ],
          [
            80.242345,
            13.054709
          ]
        ]
      },
      "properties": {
        "id": "RE-00133",
        "name": "Valluvar Kottam High Road",
        "highway": "primary",
        "length_m": 6.92,
        "elevation_m": 13.63,
        "maxspeed_kmh": 50
      }
    },
    {
      "type": "Feature",
      "geometry": {
        "type": "LineString",
        "coordinates": [
          [
            80.242345,
            13.054709
          ],
          [
            80.242351,
            13.054647
          ]
        ]
      },
      "properties": {
        "id": "RE-00134",
        "name": "Valluvar Kottam High Road",
        "highway": "primary",
        "length_m": 6.92,
        "elevation_m": 13.63,
        "maxspeed_kmh": 50
      }
    },
    {
      "type": "Feature",
      "geometry": {
        "type": "LineString",
        "coordinates": [
          [
            80.242345,
            13.054709
          ],
          [
            80.242319,
            13.054951
          ]
        ]
      },
      "properties": {
        "id": "RE-00135",
        "name": "Valluvar Kottam High Road",
        "highway": "primary",
        "length_m": 27.06,
        "elevation_m": 13.81,
        "maxspeed_kmh": 50
      }
    },
    {
      "type": "Feature",
      "geometry": {
        "type": "LineString",
        "coordinates": [
          [
            80.242319,
            13.054951
          ],
          [
            80.242345,
            13.054709
          ]
        ]
      },
      "properties": {
        "id": "RE-00136",
        "name": "Valluvar Kottam High Road",
        "highway": "primary",
        "length_m": 27.06,
        "elevation_m": 13.81,
        "maxspeed_kmh": 50
      }
    },
    {
      "type": "Feature",
      "geometry": {
        "type": "LineString",
        "coordinates": [
          [
            80.242319,
            13.054951
          ],
          [
            80.242242,
            13.055299
          ]
        ]
      },
      "properties": {
        "id": "RE-00137",
        "name": "Valluvar Kottam High Road",
        "highway": "primary",
        "length_m": 39.58,
        "elevation_m": 13.89,
        "maxspeed_kmh": 50
      }
    },
    {
      "type": "Feature",
      "geometry": {
        "type": "LineString",
        "coordinates": [
          [
            80.242242,
            13.055299
          ],
          [
            80.242319,
            13.054951
          ]
        ]
      },
      "properties": {
        "id": "RE-00138",
        "name": "Valluvar Kottam High Road",
        "highway": "primary",
        "length_m": 39.58,
        "elevation_m": 13.89,
        "maxspeed_kmh": 50
      }
    },
    {
      "type": "Feature",
      "geometry": {
        "type": "LineString",
        "coordinates": [
          [
            80.242242,
            13.055299
          ],
          [
            80.242231,
            13.05549
          ]
        ]
      },
      "properties": {
        "id": "RE-00139",
        "name": "Valluvar Kottam High Road",
        "highway": "primary",
        "length_m": 21.27,
        "elevation_m": 13.88,
        "maxspeed_kmh": 50
      }
    },
    {
      "type": "Feature",
      "geometry": {
        "type": "LineString",
        "coordinates": [
          [
            80.242231,
            13.05549
          ],
          [
            80.242242,
            13.055299
          ]
        ]
      },
      "properties": {
        "id": "RE-00140",
        "name": "Valluvar Kottam High Road",
        "highway": "primary",
        "length_m": 21.27,
        "elevation_m": 13.88,
        "maxspeed_kmh": 50
      }
    },
    {
      "type": "Feature",
      "geometry": {
        "type": "LineString",
        "coordinates": [
          [
            80.242231,
            13.05549
          ],
          [
            80.242256,
            13.055693
          ]
        ]
      },
      "properties": {
        "id": "RE-00141",
        "name": "Valluvar Kottam High Road",
        "highway": "primary",
        "length_m": 22.73,
        "elevation_m": 14.06,
        "maxspeed_kmh": 50
      }
    },
    {
      "type": "Feature",
      "geometry": {
        "type": "LineString",
        "coordinates": [
          [
            80.242256,
            13.055693
          ],
          [
            80.242231,
            13.05549
          ]
        ]
      },
      "properties": {
        "id": "RE-00142",
        "name": "Valluvar Kottam High Road",
        "highway": "primary",
        "length_m": 22.73,
        "elevation_m": 14.06,
        "maxspeed_kmh": 50
      }
    },
    {
      "type": "Feature",
      "geometry": {
        "type": "LineString",
        "coordinates": [
          [
            80.242256,
            13.055693
          ],
          [
            80.242316,
            13.055897
          ]
        ]
      },
      "properties": {
        "id": "RE-00143",
        "name": "Valluvar Kottam High Road",
        "highway": "primary",
        "length_m": 23.6,
        "elevation_m": 14.15,
        "maxspeed_kmh": 50
      }
    },
    {
      "type": "Feature",
      "geometry": {
        "type": "LineString",
        "coordinates": [
          [
            80.242316,
            13.055897
          ],
          [
            80.242256,
            13.055693
          ]
        ]
      },
      "properties": {
        "id": "RE-00144",
        "name": "Valluvar Kottam High Road",
        "highway": "primary",
        "length_m": 23.6,
        "elevation_m": 14.15,
        "maxspeed_kmh": 50
      }
    },
    {
      "type": "Feature",
      "geometry": {
        "type": "LineString",
        "coordinates": [
          [
            80.242316,
            13.055897
          ],
          [
            80.242511,
            13.056297
          ]
        ]
      },
      "properties": {
        "id": "RE-00145",
        "name": "Valluvar Kottam High Road",
        "highway": "primary",
        "length_m": 49.24,
        "elevation_m": 14.4,
        "maxspeed_kmh": 50
      }
    },
    {
      "type": "Feature",
      "geometry": {
        "type": "LineString",
        "coordinates": [
          [
            80.242511,
            13.056297
          ],
          [
            80.242316,
            13.055897
          ]
        ]
      },
      "properties": {
        "id": "RE-00146",
        "name": "Valluvar Kottam High Road",
        "highway": "primary",
        "length_m": 49.24,
        "elevation_m": 14.4,
        "maxspeed_kmh": 50
      }
    },
    {
      "type": "Feature",
      "geometry": {
        "type": "LineString",
        "coordinates": [
          [
            80.242511,
            13.056297
          ],
          [
            80.242591,
            13.056484
          ]
        ]
      },
      "properties": {
        "id": "RE-00147",
        "name": "Valluvar Kottam High Road",
        "highway": "primary",
        "length_m": 22.53,
        "elevation_m": 14.49,
        "maxspeed_kmh": 50
      }
    },
    {
      "type": "Feature",
      "geometry": {
        "type": "LineString",
        "coordinates": [
          [
            80.242591,
            13.056484
          ],
          [
            80.242511,
            13.056297
          ]
        ]
      },
      "properties": {
        "id": "RE-00148",
        "name": "Valluvar Kottam High Road",
        "highway": "primary",
        "length_m": 22.53,
        "elevation_m": 14.49,
        "maxspeed_kmh": 50
      }
    },
    {
      "type": "Feature",
      "geometry": {
        "type": "LineString",
        "coordinates": [
          [
            80.242591,
            13.056484
          ],
          [
            80.242632,
            13.056661
          ]
        ]
      },
      "properties": {
        "id": "RE-00149",
        "name": "Valluvar Kottam High Road",
        "highway": "primary",
        "length_m": 20.18,
        "elevation_m": 14.39,
        "maxspeed_kmh": 50
      }
    },
    {
      "type": "Feature",
      "geometry": {
        "type": "LineString",
        "coordinates": [
          [
            80.242632,
            13.056661
          ],
          [
            80.242591,
            13.056484
          ]
        ]
      },
      "properties": {
        "id": "RE-00150",
        "name": "Valluvar Kottam High Road",
        "highway": "primary",
        "length_m": 20.18,
        "elevation_m": 14.39,
        "maxspeed_kmh": 50
      }
    },
    {
      "type": "Feature",
      "geometry": {
        "type": "LineString",
        "coordinates": [
          [
            80.242632,
            13.056661
          ],
          [
            80.242626,
            13.056753
          ]
        ]
      },
      "properties": {
        "id": "RE-00151",
        "name": "Valluvar Kottam High Road",
        "highway": "primary",
        "length_m": 10.25,
        "elevation_m": 14.28,
        "maxspeed_kmh": 50
      }
    },
    {
      "type": "Feature",
      "geometry": {
        "type": "LineString",
        "coordinates": [
          [
            80.242626,
            13.056753
          ],
          [
            80.242632,
            13.056661
          ]
        ]
      },
      "properties": {
        "id": "RE-00152",
        "name": "Valluvar Kottam High Road",
        "highway": "primary",
        "length_m": 10.25,
        "elevation_m": 14.28,
        "maxspeed_kmh": 50
      }
    },
    {
      "type": "Feature",
      "geometry": {
        "type": "LineString",
        "coordinates": [
          [
            80.242626,
            13.056753
          ],
          [
            80.242631,
            13.056846
          ]
        ]
      },
      "properties": {
        "id": "RE-00153",
        "name": "Valluvar Kottam High Road",
        "highway": "primary",
        "length_m": 10.36,
        "elevation_m": 14.28,
        "maxspeed_kmh": 50
      }
    },
    {
      "type": "Feature",
      "geometry": {
        "type": "LineString",
        "coordinates": [
          [
            80.242631,
            13.056846
          ],
          [
            80.242626,
            13.056753
          ]
        ]
      },
      "properties": {
        "id": "RE-00154",
        "name": "Valluvar Kottam High Road",
        "highway": "primary",
        "length_m": 10.36,
        "elevation_m": 14.28,
        "maxspeed_kmh": 50
      }
    },
    {
      "type": "Feature",
      "geometry": {
        "type": "LineString",
        "coordinates": [
          [
            80.242631,
            13.056846
          ],
          [
            80.242662,
            13.056917
          ]
        ]
      },
      "properties": {
        "id": "RE-00155",
        "name": "Valluvar Kottam High Road",
        "highway": "primary",
        "length_m": 8.58,
        "elevation_m": 14.36,
        "maxspeed_kmh": 50
      }
    },
    {
      "type": "Feature",
      "geometry": {
        "type": "LineString",
        "coordinates": [
          [
            80.242631,
            13.056846
          ],
          [
            80.242571,
            13.056897
          ],
          [
            80.242508,
            13.056941
          ],
          [
            80.242485,
            13.056957
          ],
          [
            80.24236,
            13.057039
          ],
          [
            80.241743,
            13.05733
          ],
          [
            80.241422,
            13.057544
          ],
          [
            80.241195,
            13.05771
          ],
          [
            80.240722,
            13.05821
          ],
          [
            80.240499,
            13.058477
          ],
          [
            80.240314,
            13.058736
          ],
          [
            80.240233,
            13.058819
          ],
          [
            80.240027,
            13.059029
          ],
          [
            80.239502,
            13.059435
          ],
          [
            80.239359,
            13.05953
          ],
          [
            80.238951,
            13.059804
          ],
          [
            80.238601,
            13.06007
          ],
          [
            80.238271,
            13.060409
          ],
          [
            80.23795,
            13.06074
          ],
          [
            80.237731,
            13.060913
          ],
          [
            80.237535,
            13.061004
          ],
          [
            80.23743,
            13.061078
          ]
        ]
      },
      "properties": {
        "id": "RE-00156",
        "name": "Tank Bund Road",
        "highway": "primary",
        "length_m": 741.34,
        "elevation_m": 13.34,
        "maxspeed_kmh": 50
      }
    },
    {
      "type": "Feature",
      "geometry": {
        "type": "LineString",
        "coordinates": [
          [
            80.242662,
            13.056917
          ],
          [
            80.242631,
            13.056846
          ]
        ]
      },
      "properties": {
        "id": "RE-00157",
        "name": "Valluvar Kottam High Road",
        "highway": "primary",
        "length_m": 8.58,
        "elevation_m": 14.36,
        "maxspeed_kmh": 50
      }
    },
    {
      "type": "Feature",
      "geometry": {
        "type": "LineString",
        "coordinates": [
          [
            80.242662,
            13.056917
          ],
          [
            80.242694,
            13.05697
          ]
        ]
      },
      "properties": {
        "id": "RE-00158",
        "name": "Valluvar Kottam High Road",
        "highway": "primary",
        "length_m": 6.84,
        "elevation_m": 14.25,
        "maxspeed_kmh": 50
      }
    },
    {
      "type": "Feature",
      "geometry": {
        "type": "LineString",
        "coordinates": [
          [
            80.242694,
            13.05697
          ],
          [
            80.242662,
            13.056917
          ]
        ]
      },
      "properties": {
        "id": "RE-00159",
        "name": "Valluvar Kottam High Road",
        "highway": "primary",
        "length_m": 6.84,
        "elevation_m": 14.25,
        "maxspeed_kmh": 50
      }
    },
    {
      "type": "Feature",
      "geometry": {
        "type": "LineString",
        "coordinates": [
          [
            80.242694,
            13.05697
          ],
          [
            80.242745,
            13.057026
          ]
        ]
      },
      "properties": {
        "id": "RE-00160",
        "name": "Valluvar Kottam High Road",
        "highway": "primary",
        "length_m": 8.32,
        "elevation_m": 14.25,
        "maxspeed_kmh": 50
      }
    },
    {
      "type": "Feature",
      "geometry": {
        "type": "LineString",
        "coordinates": [
          [
            80.242745,
            13.057026
          ],
          [
            80.242694,
            13.05697
          ]
        ]
      },
      "properties": {
        "id": "RE-00161",
        "name": "Valluvar Kottam High Road",
        "highway": "primary",
        "length_m": 8.32,
        "elevation_m": 14.25,
        "maxspeed_kmh": 50
      }
    },
    {
      "type": "Feature",
      "geometry": {
        "type": "LineString",
        "coordinates": [
          [
            80.242745,
            13.057026
          ],
          [
            80.242782,
            13.057117
          ]
        ]
      },
      "properties": {
        "id": "RE-00162",
        "name": "Valluvar Kottam High Road",
        "highway": "primary",
        "length_m": 10.88,
        "elevation_m": 14.25,
        "maxspeed_kmh": 50
      }
    },
    {
      "type": "Feature",
      "geometry": {
        "type": "LineString",
        "coordinates": [
          [
            80.242782,
            13.057117
          ],
          [
            80.242745,
            13.057026
          ]
        ]
      },
      "properties": {
        "id": "RE-00163",
        "name": "Valluvar Kottam High Road",
        "highway": "primary",
        "length_m": 10.88,
        "elevation_m": 14.25,
        "maxspeed_kmh": 50
      }
    },
    {
      "type": "Feature",
      "geometry": {
        "type": "LineString",
        "coordinates": [
          [
            80.242782,
            13.057117
          ],
          [
            80.242796,
            13.05723
          ]
        ]
      },
      "properties": {
        "id": "RE-00164",
        "name": "Valluvar Kottam High Road",
        "highway": "primary",
        "length_m": 12.66,
        "elevation_m": 14.14,
        "maxspeed_kmh": 50
      }
    },
    {
      "type": "Feature",
      "geometry": {
        "type": "LineString",
        "coordinates": [
          [
            80.242796,
            13.05723
          ],
          [
            80.242782,
            13.057117
          ]
        ]
      },
      "properties": {
        "id": "RE-00165",
        "name": "Valluvar Kottam High Road",
        "highway": "primary",
        "length_m": 12.66,
        "elevation_m": 14.14,
        "maxspeed_kmh": 50
      }
    },
    {
      "type": "Feature",
      "geometry": {
        "type": "LineString",
        "coordinates": [
          [
            80.242796,
            13.05723
          ],
          [
            80.242786,
            13.057407
          ]
        ]
      },
      "properties": {
        "id": "RE-00166",
        "name": "Valluvar Kottam High Road",
        "highway": "primary",
        "length_m": 19.71,
        "elevation_m": 14.03,
        "maxspeed_kmh": 50
      }
    },
    {
      "type": "Feature",
      "geometry": {
        "type": "LineString",
        "coordinates": [
          [
            80.242786,
            13.057407
          ],
          [
            80.242796,
            13.05723
          ]
        ]
      },
      "properties": {
        "id": "RE-00167",
        "name": "Valluvar Kottam High Road",
        "highway": "primary",
        "length_m": 19.71,
        "elevation_m": 14.03,
        "maxspeed_kmh": 50
      }
    },
    {
      "type": "Feature",
      "geometry": {
        "type": "LineString",
        "coordinates": [
          [
            80.242786,
            13.057407
          ],
          [
            80.242752,
            13.057836
          ]
        ]
      },
      "properties": {
        "id": "RE-00168",
        "name": "Valluvar Kottam High Road",
        "highway": "primary",
        "length_m": 47.84,
        "elevation_m": 13.81,
        "maxspeed_kmh": 50
      }
    },
    {
      "type": "Feature",
      "geometry": {
        "type": "LineString",
        "coordinates": [
          [
            80.242752,
            13.057836
          ],
          [
            80.242786,
            13.057407
          ]
        ]
      },
      "properties": {
        "id": "RE-00169",
        "name": "Valluvar Kottam High Road",
        "highway": "primary",
        "length_m": 47.84,
        "elevation_m": 13.81,
        "maxspeed_kmh": 50
      }
    },
    {
      "type": "Feature",
      "geometry": {
        "type": "LineString",
        "coordinates": [
          [
            80.242752,
            13.057836
          ],
          [
            80.242625,
            13.058585
          ]
        ]
      },
      "properties": {
        "id": "RE-00170",
        "name": "Valluvar Kottam High Road",
        "highway": "primary",
        "length_m": 84.41,
        "elevation_m": 13.3,
        "maxspeed_kmh": 50
      }
    },
    {
      "type": "Feature",
      "geometry": {
        "type": "LineString",
        "coordinates": [
          [
            80.242625,
            13.058585
          ],
          [
            80.242752,
            13.057836
          ]
        ]
      },
      "properties": {
        "id": "RE-00171",
        "name": "Valluvar Kottam High Road",
        "highway": "primary",
        "length_m": 84.41,
        "elevation_m": 13.3,
        "maxspeed_kmh": 50
      }
    },
    {
      "type": "Feature",
      "geometry": {
        "type": "LineString",
        "coordinates": [
          [
            80.242625,
            13.058585
          ],
          [
            80.242594,
            13.058708
          ]
        ]
      },
      "properties": {
        "id": "RE-00172",
        "name": "Valluvar Kottam High Road",
        "highway": "primary",
        "length_m": 14.08,
        "elevation_m": 13.3,
        "maxspeed_kmh": 50
      }
    },
    {
      "type": "Feature",
      "geometry": {
        "type": "LineString",
        "coordinates": [
          [
            80.242594,
            13.058708
          ],
          [
            80.242625,
            13.058585
          ]
        ]
      },
      "properties": {
        "id": "RE-00173",
        "name": "Valluvar Kottam High Road",
        "highway": "primary",
        "length_m": 14.08,
        "elevation_m": 13.3,
        "maxspeed_kmh": 50
      }
    },
    {
      "type": "Feature",
      "geometry": {
        "type": "LineString",
        "coordinates": [
          [
            80.242594,
            13.058708
          ],
          [
            80.24257,
            13.058912
          ]
        ]
      },
      "properties": {
        "id": "RE-00174",
        "name": "Valluvar Kottam High Road",
        "highway": "primary",
        "length_m": 22.83,
        "elevation_m": 13.19,
        "maxspeed_kmh": 50
      }
    },
    {
      "type": "Feature",
      "geometry": {
        "type": "LineString",
        "coordinates": [
          [
            80.24257,
            13.058912
          ],
          [
            80.242594,
            13.058708
          ]
        ]
      },
      "properties": {
        "id": "RE-00175",
        "name": "Valluvar Kottam High Road",
        "highway": "primary",
        "length_m": 22.83,
        "elevation_m": 13.19,
        "maxspeed_kmh": 50
      }
    },
    {
      "type": "Feature",
      "geometry": {
        "type": "LineString",
        "coordinates": [
          [
            80.24257,
            13.058912
          ],
          [
            80.242518,
            13.059161
          ]
        ]
      },
      "properties": {
        "id": "RE-00176",
        "name": "Valluvar Kottam High Road",
        "highway": "primary",
        "length_m": 28.25,
        "elevation_m": 13.09,
        "maxspeed_kmh": 50
      }
    },
    {
      "type": "Feature",
      "geometry": {
        "type": "LineString",
        "coordinates": [
          [
            80.242518,
            13.059161
          ],
          [
            80.24257,
            13.058912
          ]
        ]
      },
      "properties": {
        "id": "RE-00177",
        "name": "Valluvar Kottam High Road",
        "highway": "primary",
        "length_m": 28.25,
        "elevation_m": 13.09,
        "maxspeed_kmh": 50
      }
    },
    {
      "type": "Feature",
      "geometry": {
        "type": "LineString",
        "coordinates": [
          [
            80.242518,
            13.059161
          ],
          [
            80.242493,
            13.059404
          ]
        ]
      },
      "properties": {
        "id": "RE-00178",
        "name": "Valluvar Kottam High Road",
        "highway": "primary",
        "length_m": 27.16,
        "elevation_m": 12.87,
        "maxspeed_kmh": 50
      }
    },
    {
      "type": "Feature",
      "geometry": {
        "type": "LineString",
        "coordinates": [
          [
            80.242493,
            13.059404
          ],
          [
            80.242518,
            13.059161
          ]
        ]
      },
      "properties": {
        "id": "RE-00179",
        "name": "Valluvar Kottam High Road",
        "highway": "primary",
        "length_m": 27.16,
        "elevation_m": 12.87,
        "maxspeed_kmh": 50
      }
    },
    {
      "type": "Feature",
      "geometry": {
        "type": "LineString",
        "coordinates": [
          [
            80.242493,
            13.059404
          ],
          [
            80.242514,
            13.059552
          ]
        ]
      },
      "properties": {
        "id": "RE-00180",
        "name": "Valluvar Kottam High Road",
        "highway": "primary",
        "length_m": 16.61,
        "elevation_m": 12.87,
        "maxspeed_kmh": 50
      }
    },
    {
      "type": "Feature",
      "geometry": {
        "type": "LineString",
        "coordinates": [
          [
            80.242514,
            13.059552
          ],
          [
            80.242493,
            13.059404
          ]
        ]
      },
      "properties": {
        "id": "RE-00181",
        "name": "Valluvar Kottam High Road",
        "highway": "primary",
        "length_m": 16.61,
        "elevation_m": 12.87,
        "maxspeed_kmh": 50
      }
    },
    {
      "type": "Feature",
      "geometry": {
        "type": "LineString",
        "coordinates": [
          [
            80.242514,
            13.059552
          ],
          [
            80.242654,
            13.05997
          ]
        ]
      },
      "properties": {
        "id": "RE-00182",
        "name": "Valluvar Kottam High Road",
        "highway": "primary",
        "length_m": 48.89,
        "elevation_m": 12.73,
        "maxspeed_kmh": 50
      }
    },
    {
      "type": "Feature",
      "geometry": {
        "type": "LineString",
        "coordinates": [
          [
            80.242654,
            13.05997
          ],
          [
            80.242514,
            13.059552
          ]
        ]
      },
      "properties": {
        "id": "RE-00183",
        "name": "Valluvar Kottam High Road",
        "highway": "primary",
        "length_m": 48.89,
        "elevation_m": 12.73,
        "maxspeed_kmh": 50
      }
    },
    {
      "type": "Feature",
      "geometry": {
        "type": "LineString",
        "coordinates": [
          [
            80.242654,
            13.05997
          ],
          [
            80.242354,
            13.060005
          ]
        ]
      },
      "properties": {
        "id": "RE-00184",
        "name": "Connecting Avenue",
        "highway": "primary",
        "length_m": 32.73,
        "elevation_m": 12.47,
        "maxspeed_kmh": 50
      }
    },
    {
      "type": "Feature",
      "geometry": {
        "type": "LineString",
        "coordinates": [
          [
            80.242654,
            13.05997
          ],
          [
            80.242849,
            13.060467
          ],
          [
            80.243022,
            13.060898
          ],
          [
            80.243063,
            13.060996
          ],
          [
            80.243132,
            13.061259
          ],
          [
            80.243147,
            13.061365
          ],
          [
            80.243235,
            13.061819
          ],
          [
            80.243313,
            13.062286
          ],
          [
            80.24334,
            13.062624
          ],
          [
            80.243452,
            13.063371
          ],
          [
            80.243474,
            13.063518
          ],
          [
            80.243483,
            13.063662
          ],
          [
            80.243497,
            13.063817
          ]
        ]
      },
      "properties": {
        "id": "RE-00185",
        "name": "Valluvar Kottam High Road",
        "highway": "primary",
        "length_m": 439.96,
        "elevation_m": 12.91,
        "maxspeed_kmh": 50
      }
    },
    {
      "type": "Feature",
      "geometry": {
        "type": "LineString",
        "coordinates": [
          [
            80.242354,
            13.060005
          ],
          [
            80.242654,
            13.05997
          ]
        ]
      },
      "properties": {
        "id": "RE-00186",
        "name": "Connecting Avenue",
        "highway": "primary",
        "length_m": 32.73,
        "elevation_m": 12.47,
        "maxspeed_kmh": 50
      }
    },
    {
      "type": "Feature",
      "geometry": {
        "type": "LineString",
        "coordinates": [
          [
            80.242354,
            13.060005
          ],
          [
            80.242282,
            13.059556
          ],
          [
            80.241273,
            13.059515
          ],
          [
            80.241137,
            13.059509
          ],
          [
            80.240866,
            13.059522
          ],
          [
            80.24059,
            13.059546
          ],
          [
            80.240561,
            13.059539
          ],
          [
            80.240138,
            13.059575
          ],
          [
            80.24018,
            13.059982
          ]
        ]
      },
      "properties": {
        "id": "RE-00187",
        "name": "East Mada Street",
        "highway": "secondary",
        "length_m": 328.79,
        "elevation_m": 12.69,
        "maxspeed_kmh": 40
      }
    },
    {
      "type": "Feature",
      "geometry": {
        "type": "LineString",
        "coordinates": [
          [
            80.24018,
            13.059982
          ],
          [
            80.240138,
            13.059575
          ],
          [
            80.240561,
            13.059539
          ],
          [
            80.24059,
            13.059546
          ],
          [
            80.240866,
            13.059522
          ],
          [
            80.241137,
            13.059509
          ],
          [
            80.241273,
            13.059515
          ],
          [
            80.242282,
            13.059556
          ],
          [
            80.242354,
            13.060005
          ]
        ]
      },
      "properties": {
        "id": "RE-00188",
        "name": "East Mada Street",
        "highway": "secondary",
        "length_m": 328.79,
        "elevation_m": 12.69,
        "maxspeed_kmh": 40
      }
    },
    {
      "type": "Feature",
      "geometry": {
        "type": "LineString",
        "coordinates": [
          [
            80.24018,
            13.059982
          ],
          [
            80.24018,
            13.059982
          ]
        ]
      },
      "properties": {
        "id": "RE-00189",
        "name": "Connecting Avenue",
        "highway": "primary",
        "length_m": 5.0,
        "elevation_m": 13.34,
        "maxspeed_kmh": 50
      }
    },
    {
      "type": "Feature",
      "geometry": {
        "type": "LineString",
        "coordinates": [
          [
            80.24018,
            13.059982
          ],
          [
            80.240245,
            13.06061
          ]
        ]
      },
      "properties": {
        "id": "RE-00190",
        "name": "Connecting Avenue",
        "highway": "primary",
        "length_m": 70.18,
        "elevation_m": 13.34,
        "maxspeed_kmh": 50
      }
    },
    {
      "type": "Feature",
      "geometry": {
        "type": "LineString",
        "coordinates": [
          [
            80.24018,
            13.059982
          ],
          [
            80.24,
            13.06
          ]
        ]
      },
      "properties": {
        "id": "RE-00191",
        "name": "Destination Access",
        "highway": "residential",
        "length_m": 19.6,
        "elevation_m": 12.430009841918945,
        "maxspeed_kmh": 25
      }
    },
    {
      "type": "Feature",
      "geometry": {
        "type": "LineString",
        "coordinates": [
          [
            80.236023,
            13.047004
          ],
          [
            80.235975,
            13.04677
          ],
          [
            80.235889,
            13.046348
          ],
          [
            80.235838,
            13.046123
          ],
          [
            80.235761,
            13.045742
          ],
          [
            80.235653,
            13.0452
          ],
          [
            80.235641,
            13.045135
          ],
          [
            80.235523,
            13.044621
          ],
          [
            80.235458,
            13.044316
          ],
          [
            80.235427,
            13.044106
          ],
          [
            80.235363,
            13.043587
          ],
          [
            80.235501,
            13.043424
          ],
          [
            80.235625,
            13.043202
          ],
          [
            80.23585,
            13.042752
          ]
        ]
      },
      "properties": {
        "id": "RE-00192",
        "name": "Raghaviah Road",
        "highway": "primary",
        "length_m": 494.09,
        "elevation_m": 10.31,
        "maxspeed_kmh": 50
      }
    },
    {
      "type": "Feature",
      "geometry": {
        "type": "LineString",
        "coordinates": [
          [
            80.236023,
            13.047004
          ],
          [
            80.235794,
            13.047047
          ]
        ]
      },
      "properties": {
        "id": "RE-00193",
        "name": "Bazullah Road",
        "highway": "primary",
        "length_m": 25.26,
        "elevation_m": 11.91,
        "maxspeed_kmh": 50
      }
    },
    {
      "type": "Feature",
      "geometry": {
        "type": "LineString",
        "coordinates": [
          [
            80.236023,
            13.047004
          ],
          [
            80.236921,
            13.046825
          ]
        ]
      },
      "properties": {
        "id": "RE-00194",
        "name": "Bazullah Road",
        "highway": "primary",
        "length_m": 99.29,
        "elevation_m": 12.93,
        "maxspeed_kmh": 50
      }
    },
    {
      "type": "Feature",
      "geometry": {
        "type": "LineString",
        "coordinates": [
          [
            80.235794,
            13.047047
          ],
          [
            80.236023,
            13.047004
          ]
        ]
      },
      "properties": {
        "id": "RE-00195",
        "name": "Bazullah Road",
        "highway": "primary",
        "length_m": 25.26,
        "elevation_m": 11.91,
        "maxspeed_kmh": 50
      }
    },
    {
      "type": "Feature",
      "geometry": {
        "type": "LineString",
        "coordinates": [
          [
            80.235794,
            13.047047
          ],
          [
            80.235426,
            13.047096
          ]
        ]
      },
      "properties": {
        "id": "RE-00196",
        "name": "Bazullah Road",
        "highway": "primary",
        "length_m": 40.23,
        "elevation_m": 11.36,
        "maxspeed_kmh": 50
      }
    },
    {
      "type": "Feature",
      "geometry": {
        "type": "LineString",
        "coordinates": [
          [
            80.235426,
            13.047096
          ],
          [
            80.235794,
            13.047047
          ]
        ]
      },
      "properties": {
        "id": "RE-00197",
        "name": "Bazullah Road",
        "highway": "primary",
        "length_m": 40.23,
        "elevation_m": 11.36,
        "maxspeed_kmh": 50
      }
    },
    {
      "type": "Feature",
      "geometry": {
        "type": "LineString",
        "coordinates": [
          [
            80.235426,
            13.047096
          ],
          [
            80.235077,
            13.047148
          ]
        ]
      },
      "properties": {
        "id": "RE-00198",
        "name": "Bazullah Road",
        "highway": "primary",
        "length_m": 38.24,
        "elevation_m": 11.67,
        "maxspeed_kmh": 50
      }
    },
    {
      "type": "Feature",
      "geometry": {
        "type": "LineString",
        "coordinates": [
          [
            80.235077,
            13.047148
          ],
          [
            80.235426,
            13.047096
          ]
        ]
      },
      "properties": {
        "id": "RE-00199",
        "name": "Bazullah Road",
        "highway": "primary",
        "length_m": 38.24,
        "elevation_m": 11.67,
        "maxspeed_kmh": 50
      }
    },
    {
      "type": "Feature",
      "geometry": {
        "type": "LineString",
        "coordinates": [
          [
            80.235077,
            13.047148
          ],
          [
            80.233632,
            13.047341
          ]
        ]
      },
      "properties": {
        "id": "RE-00200",
        "name": "Bazullah Road",
        "highway": "primary",
        "length_m": 157.99,
        "elevation_m": 12.12,
        "maxspeed_kmh": 50
      }
    },
    {
      "type": "Feature",
      "geometry": {
        "type": "LineString",
        "coordinates": [
          [
            80.233632,
            13.047341
          ],
          [
            80.235077,
            13.047148
          ]
        ]
      },
      "properties": {
        "id": "RE-00201",
        "name": "Bazullah Road",
        "highway": "primary",
        "length_m": 157.99,
        "elevation_m": 12.12,
        "maxspeed_kmh": 50
      }
    },
    {
      "type": "Feature",
      "geometry": {
        "type": "LineString",
        "coordinates": [
          [
            80.233632,
            13.047341
          ],
          [
            80.23335,
            13.047407
          ]
        ]
      },
      "properties": {
        "id": "RE-00202",
        "name": "Bazullah Road",
        "highway": "primary",
        "length_m": 31.42,
        "elevation_m": 13.86,
        "maxspeed_kmh": 50
      }
    },
    {
      "type": "Feature",
      "geometry": {
        "type": "LineString",
        "coordinates": [
          [
            80.23335,
            13.047407
          ],
          [
            80.233632,
            13.047341
          ]
        ]
      },
      "properties": {
        "id": "RE-00203",
        "name": "Bazullah Road",
        "highway": "primary",
        "length_m": 31.42,
        "elevation_m": 13.86,
        "maxspeed_kmh": 50
      }
    },
    {
      "type": "Feature",
      "geometry": {
        "type": "LineString",
        "coordinates": [
          [
            80.23335,
            13.047407
          ],
          [
            80.233298,
            13.047387
          ],
          [
            80.233082,
            13.047414
          ]
        ]
      },
      "properties": {
        "id": "RE-00204",
        "name": "Bazullah Road",
        "highway": "primary",
        "length_m": 29.65,
        "elevation_m": 14.31,
        "maxspeed_kmh": 50
      }
    },
    {
      "type": "Feature",
      "geometry": {
        "type": "LineString",
        "coordinates": [
          [
            80.23335,
            13.047407
          ],
          [
            80.233304,
            13.047434
          ]
        ]
      },
      "properties": {
        "id": "RE-00205",
        "name": "Bazullah Road",
        "highway": "primary",
        "length_m": 5.82,
        "elevation_m": 14.09,
        "maxspeed_kmh": 50
      }
    },
    {
      "type": "Feature",
      "geometry": {
        "type": "LineString",
        "coordinates": [
          [
            80.233082,
            13.047414
          ],
          [
            80.233298,
            13.047387
          ],
          [
            80.23335,
            13.047407
          ]
        ]
      },
      "properties": {
        "id": "RE-00206",
        "name": "Bazullah Road",
        "highway": "primary",
        "length_m": 29.65,
        "elevation_m": 14.31,
        "maxspeed_kmh": 50
      }
    },
    {
      "type": "Feature",
      "geometry": {
        "type": "LineString",
        "coordinates": [
          [
            80.233082,
            13.047414
          ],
          [
            80.232991,
            13.047423
          ]
        ]
      },
      "properties": {
        "id": "RE-00207",
        "name": "North Usman Road",
        "highway": "primary",
        "length_m": 9.91,
        "elevation_m": 14.54,
        "maxspeed_kmh": 50
      }
    },
    {
      "type": "Feature",
      "geometry": {
        "type": "LineString",
        "coordinates": [
          [
            80.232991,
            13.047423
          ],
          [
            80.233082,
            13.047414
          ]
        ]
      },
      "properties": {
        "id": "RE-00208",
        "name": "North Usman Road",
        "highway": "primary",
        "length_m": 9.91,
        "elevation_m": 14.54,
        "maxspeed_kmh": 50
      }
    },
    {
      "type": "Feature",
      "geometry": {
        "type": "LineString",
        "coordinates": [
          [
            80.232991,
            13.047423
          ],
          [
            80.233003,
            13.047477
          ]
        ]
      },
      "properties": {
        "id": "RE-00209",
        "name": "Bazullah Road",
        "highway": "primary",
        "length_m": 6.14,
        "elevation_m": 14.7,
        "maxspeed_kmh": 50
      }
    },
    {
      "type": "Feature",
      "geometry": {
        "type": "LineString",
        "coordinates": [
          [
            80.232991,
            13.047423
          ],
          [
            80.232834,
            13.046595
          ]
        ]
      },
      "properties": {
        "id": "RE-00210",
        "name": "North Usman Road",
        "highway": "primary",
        "length_m": 93.63,
        "elevation_m": 14.54,
        "maxspeed_kmh": 50
      }
    },
    {
      "type": "Feature",
      "geometry": {
        "type": "LineString",
        "coordinates": [
          [
            80.233003,
            13.047477
          ],
          [
            80.232991,
            13.047423
          ]
        ]
      },
      "properties": {
        "id": "RE-00211",
        "name": "Bazullah Road",
        "highway": "primary",
        "length_m": 6.14,
        "elevation_m": 14.7,
        "maxspeed_kmh": 50
      }
    },
    {
      "type": "Feature",
      "geometry": {
        "type": "LineString",
        "coordinates": [
          [
            80.233003,
            13.047477
          ],
          [
            80.233171,
            13.048218
          ],
          [
            80.233367,
            13.049003
          ],
          [
            80.233531,
            13.049634
          ],
          [
            80.233651,
            13.05029
          ],
          [
            80.23378,
            13.050894
          ],
          [
            80.233937,
            13.051663
          ],
          [
            80.233993,
            13.051837
          ]
        ]
      },
      "properties": {
        "id": "RE-00212",
        "name": "North Usman Road",
        "highway": "primary",
        "length_m": 496.75,
        "elevation_m": 15.07,
        "maxspeed_kmh": 50
      }
    },
    {
      "type": "Feature",
      "geometry": {
        "type": "LineString",
        "coordinates": [
          [
            80.233003,
            13.047477
          ],
          [
            80.233094,
            13.047464
          ]
        ]
      },
      "properties": {
        "id": "RE-00213",
        "name": "Bazullah Road",
        "highway": "primary",
        "length_m": 9.96,
        "elevation_m": 14.54,
        "maxspeed_kmh": 50
      }
    },
    {
      "type": "Feature",
      "geometry": {
        "type": "LineString",
        "coordinates": [
          [
            80.233003,
            13.047477
          ],
          [
            80.232763,
            13.047494
          ],
          [
            80.232569,
            13.047508
          ],
          [
            80.231295,
            13.047668
          ],
          [
            80.230702,
            13.047723
          ],
          [
            80.23052,
            13.047744
          ],
          [
            80.230463,
            13.047773
          ],
          [
            80.230381,
            13.047828
          ],
          [
            80.230114,
            13.048118
          ],
          [
            80.230053,
            13.048225
          ],
          [
            80.230051,
            13.048411
          ],
          [
            80.230079,
            13.048939
          ],
          [
            80.230068,
            13.049432
          ],
          [
            80.230078,
            13.049668
          ],
          [
            80.230057,
            13.050068
          ],
          [
            80.230113,
            13.050701
          ],
          [
            80.230116,
            13.050759
          ],
          [
            80.230118,
            13.05079
          ],
          [
            80.230121,
            13.050851
          ]
        ]
      },
      "properties": {
        "id": "RE-00214",
        "name": "Bazulla Flyover",
        "highway": "primary",
        "length_m": 637.8,
        "elevation_m": 12.59,
        "maxspeed_kmh": 50
      }
    },
    {
      "type": "Feature",
      "geometry": {
        "type": "LineString",
        "coordinates": [
          [
            80.233993,
            13.051837
          ],
          [
            80.233937,
            13.051663
          ],
          [
            80.23378,
            13.050894
          ],
          [
            80.233651,
            13.05029
          ],
          [
            80.233531,
            13.049634
          ],
          [
            80.233367,
            13.049003
          ],
          [
            80.233171,
            13.048218
          ],
          [
            80.233003,
            13.047477
          ]
        ]
      },
      "properties": {
        "id": "RE-00215",
        "name": "North Usman Road",
        "highway": "primary",
        "length_m": 496.75,
        "elevation_m": 15.07,
        "maxspeed_kmh": 50
      }
    },
    {
      "type": "Feature",
      "geometry": {
        "type": "LineString",
        "coordinates": [
          [
            80.233993,
            13.051837
          ],
          [
            80.234056,
            13.051865
          ],
          [
            80.234085,
            13.051978
          ],
          [
            80.234457,
            13.053275
          ],
          [
            80.234543,
            13.053622
          ],
          [
            80.234606,
            13.053733
          ],
          [
            80.234653,
            13.053907
          ],
          [
            80.234673,
            13.05401
          ],
          [
            80.234753,
            13.055588
          ],
          [
            80.234763,
            13.055777
          ]
        ]
      },
      "properties": {
        "id": "RE-00216",
        "name": "Mahalingapuram Flyover",
        "highway": "primary",
        "length_m": 452.38,
        "elevation_m": 14.29,
        "maxspeed_kmh": 50
      }
    },
    {
      "type": "Feature",
      "geometry": {
        "type": "LineString",
        "coordinates": [
          [
            80.234763,
            13.055777
          ],
          [
            80.234753,
            13.055588
          ],
          [
            80.234673,
            13.05401
          ],
          [
            80.234653,
            13.053907
          ],
          [
            80.234606,
            13.053733
          ],
          [
            80.234543,
            13.053622
          ],
          [
            80.234457,
            13.053275
          ],
          [
            80.234085,
            13.051978
          ],
          [
            80.234056,
            13.051865
          ],
          [
            80.233993,
            13.051837
          ]
        ]
      },
      "properties": {
        "id": "RE-00217",
        "name": "Mahalingapuram Flyover",
        "highway": "primary",
        "length_m": 452.38,
        "elevation_m": 14.29,
        "maxspeed_kmh": 50
      }
    },
    {
      "type": "Feature",
      "geometry": {
        "type": "LineString",
        "coordinates": [
          [
            80.234763,
            13.055777
          ],
          [
            80.234786,
            13.05608
          ],
          [
            80.234784,
            13.056128
          ],
          [
            80.23478,
            13.056616
          ],
          [
            80.234783,
            13.056661
          ],
          [
            80.2348,
            13.056928
          ],
          [
            80.234816,
            13.057138
          ],
          [
            80.234823,
            13.057244
          ],
          [
            80.234849,
            13.057618
          ],
          [
            80.234874,
            13.057986
          ],
          [
            80.23491,
            13.058078
          ],
          [
            80.234973,
            13.058151
          ],
          [
            80.235152,
            13.058195
          ],
          [
            80.236894,
            13.058015
          ],
          [
            80.236908,
            13.058015
          ],
          [
            80.23711,
            13.058018
          ],
          [
            80.237183,
            13.058055
          ],
          [
            80.237209,
            13.058115
          ],
          [
            80.237279,
            13.059189
          ],
          [
            80.237283,
            13.05922
          ],
          [
            80.237322,
            13.059485
          ],
          [
            80.23745,
            13.06032
          ],
          [
            80.237447,
            13.060905
          ],
          [
            80.237439,
            13.060988
          ],
          [
            80.23743,
            13.061078
          ]
        ]
      },
      "properties": {
        "id": "RE-00218",
        "name": "Mahalingapuram Main Road",
        "highway": "primary",
        "length_m": 848.08,
        "elevation_m": 12.95,
        "maxspeed_kmh": 50
      }
    },
    {
      "type": "Feature",
      "geometry": {
        "type": "LineString",
        "coordinates": [
          [
            80.23743,
            13.061078
          ],
          [
            80.237439,
            13.060988
          ],
          [
            80.237447,
            13.060905
          ],
          [
            80.23745,
            13.06032
          ],
          [
            80.237322,
            13.059485
          ],
          [
            80.237283,
            13.05922
          ],
          [
            80.237279,
            13.059189
          ],
          [
            80.237209,
            13.058115
          ],
          [
            80.237183,
            13.058055
          ],
          [
            80.23711,
            13.058018
          ],
          [
            80.236908,
            13.058015
          ],
          [
            80.236894,
            13.058015
          ],
          [
            80.235152,
            13.058195
          ],
          [
            80.234973,
            13.058151
          ],
          [
            80.23491,
            13.058078
          ],
          [
            80.234874,
            13.057986
          ],
          [
            80.234849,
            13.057618
          ],
          [
            80.234823,
            13.057244
          ],
          [
            80.234816,
            13.057138
          ],
          [
            80.2348,
            13.056928
          ],
          [
            80.234783,
            13.056661
          ],
          [
            80.23478,
            13.056616
          ],
          [
            80.234784,
            13.056128
          ],
          [
            80.234786,
            13.05608
          ],
          [
            80.234763,
            13.055777
          ]
        ]
      },
      "properties": {
        "id": "RE-00219",
        "name": "Mahalingapuram Main Road",
        "highway": "primary",
        "length_m": 848.08,
        "elevation_m": 12.95,
        "maxspeed_kmh": 50
      }
    },
    {
      "type": "Feature",
      "geometry": {
        "type": "LineString",
        "coordinates": [
          [
            80.23743,
            13.061078
          ],
          [
            80.237451,
            13.061229
          ],
          [
            80.23755,
            13.061143
          ],
          [
            80.237987,
            13.060783
          ],
          [
            80.2383,
            13.060433
          ]
        ]
      },
      "properties": {
        "id": "RE-00220",
        "name": "Tank Bund Road",
        "highway": "primary",
        "length_m": 144.92,
        "elevation_m": 15.06,
        "maxspeed_kmh": 50
      }
    },
    {
      "type": "Feature",
      "geometry": {
        "type": "LineString",
        "coordinates": [
          [
            80.23743,
            13.061078
          ],
          [
            80.237535,
            13.061004
          ],
          [
            80.237731,
            13.060913
          ],
          [
            80.23795,
            13.06074
          ],
          [
            80.238271,
            13.060409
          ],
          [
            80.238601,
            13.06007
          ],
          [
            80.238951,
            13.059804
          ],
          [
            80.239359,
            13.05953
          ],
          [
            80.239502,
            13.059435
          ],
          [
            80.240027,
            13.059029
          ],
          [
            80.240233,
            13.058819
          ],
          [
            80.240314,
            13.058736
          ],
          [
            80.240499,
            13.058477
          ],
          [
            80.240722,
            13.05821
          ],
          [
            80.241195,
            13.05771
          ],
          [
            80.241422,
            13.057544
          ],
          [
            80.241743,
            13.05733
          ],
          [
            80.24236,
            13.057039
          ],
          [
            80.242485,
            13.056957
          ],
          [
            80.242508,
            13.056941
          ],
          [
            80.242571,
            13.056897
          ],
          [
            80.242631,
            13.056846
          ]
        ]
      },
      "properties": {
        "id": "RE-00221",
        "name": "Tank Bund Road",
        "highway": "primary",
        "length_m": 741.34,
        "elevation_m": 13.34,
        "maxspeed_kmh": 50
      }
    },
    {
      "type": "Feature",
      "geometry": {
        "type": "LineString",
        "coordinates": [
          [
            80.23743,
            13.061078
          ],
          [
            80.237346,
            13.061213
          ],
          [
            80.237167,
            13.061412
          ],
          [
            80.236704,
            13.061823
          ],
          [
            80.236259,
            13.062276
          ]
        ]
      },
      "properties": {
        "id": "RE-00222",
        "name": "Tank Bund Road",
        "highway": "primary",
        "length_m": 184.54,
        "elevation_m": 14.81,
        "maxspeed_kmh": 50
      }
    },
    {
      "type": "Feature",
      "geometry": {
        "type": "LineString",
        "coordinates": [
          [
            80.2383,
            13.060433
          ],
          [
            80.237987,
            13.060783
          ],
          [
            80.23755,
            13.061143
          ],
          [
            80.237451,
            13.061229
          ],
          [
            80.23743,
            13.061078
          ]
        ]
      },
      "properties": {
        "id": "RE-00223",
        "name": "Tank Bund Road",
        "highway": "primary",
        "length_m": 144.92,
        "elevation_m": 15.06,
        "maxspeed_kmh": 50
      }
    },
    {
      "type": "Feature",
      "geometry": {
        "type": "LineString",
        "coordinates": [
          [
            80.2383,
            13.060433
          ],
          [
            80.238681,
            13.060486
          ],
          [
            80.238968,
            13.060554
          ],
          [
            80.239357,
            13.060582
          ],
          [
            80.239625,
            13.060599
          ],
          [
            80.240245,
            13.06061
          ]
        ]
      },
      "properties": {
        "id": "RE-00224",
        "name": "Shenoy Road",
        "highway": "primary",
        "length_m": 212.19,
        "elevation_m": 14.74,
        "maxspeed_kmh": 50
      }
    },
    {
      "type": "Feature",
      "geometry": {
        "type": "LineString",
        "coordinates": [
          [
            80.240245,
            13.06061
          ],
          [
            80.239625,
            13.060599
          ],
          [
            80.239357,
            13.060582
          ],
          [
            80.238968,
            13.060554
          ],
          [
            80.238681,
            13.060486
          ],
          [
            80.2383,
            13.060433
          ]
        ]
      },
      "properties": {
        "id": "RE-00225",
        "name": "Shenoy Road",
        "highway": "primary",
        "length_m": 212.19,
        "elevation_m": 14.74,
        "maxspeed_kmh": 50
      }
    },
    {
      "type": "Feature",
      "geometry": {
        "type": "LineString",
        "coordinates": [
          [
            80.240245,
            13.06061
          ],
          [
            80.24018,
            13.059982
          ]
        ]
      },
      "properties": {
        "id": "RE-00226",
        "name": "Connecting Avenue",
        "highway": "primary",
        "length_m": 70.18,
        "elevation_m": 13.34,
        "maxspeed_kmh": 50
      }
    },
    {
      "type": "Feature",
      "geometry": {
        "type": "LineString",
        "coordinates": [
          [
            80.219117,
            13.041947
          ],
          [
            80.21951,
            13.041904
          ],
          [
            80.219631,
            13.04194
          ],
          [
            80.219849,
            13.04195
          ],
          [
            80.221202,
            13.041816
          ],
          [
            80.221771,
            13.041756
          ]
        ]
      },
      "properties": {
        "id": "RE-00227",
        "name": "Subramanian Street",
        "highway": "secondary",
        "length_m": 289.51,
        "elevation_m": 14.38,
        "maxspeed_kmh": 40
      }
    },
    {
      "type": "Feature",
      "geometry": {
        "type": "LineString",
        "coordinates": [
          [
            80.221771,
            13.041756
          ],
          [
            80.221202,
            13.041816
          ],
          [
            80.219849,
            13.04195
          ],
          [
            80.219631,
            13.04194
          ],
          [
            80.21951,
            13.041904
          ],
          [
            80.219117,
            13.041947
          ]
        ]
      },
      "properties": {
        "id": "RE-00228",
        "name": "Subramanian Street",
        "highway": "secondary",
        "length_m": 289.51,
        "elevation_m": 14.38,
        "maxspeed_kmh": 40
      }
    },
    {
      "type": "Feature",
      "geometry": {
        "type": "LineString",
        "coordinates": [
          [
            80.221771,
            13.041756
          ],
          [
            80.221807,
            13.041928
          ],
          [
            80.221906,
            13.042343
          ],
          [
            80.222042,
            13.042908
          ]
        ]
      },
      "properties": {
        "id": "RE-00229",
        "name": "Arya Gowda Road",
        "highway": "primary",
        "length_m": 131.42,
        "elevation_m": 15.26,
        "maxspeed_kmh": 50
      }
    },
    {
      "type": "Feature",
      "geometry": {
        "type": "LineString",
        "coordinates": [
          [
            80.222042,
            13.042908
          ],
          [
            80.221906,
            13.042343
          ],
          [
            80.221807,
            13.041928
          ],
          [
            80.221771,
            13.041756
          ]
        ]
      },
      "properties": {
        "id": "RE-00230",
        "name": "Arya Gowda Road",
        "highway": "primary",
        "length_m": 131.42,
        "elevation_m": 15.26,
        "maxspeed_kmh": 50
      }
    },
    {
      "type": "Feature",
      "geometry": {
        "type": "LineString",
        "coordinates": [
          [
            80.222042,
            13.042908
          ],
          [
            80.223419,
            13.042533
          ],
          [
            80.224948,
            13.042196
          ],
          [
            80.225633,
            13.042035
          ],
          [
            80.226345,
            13.041876
          ],
          [
            80.226896,
            13.041748
          ],
          [
            80.227134,
            13.041668
          ],
          [
            80.227266,
            13.041624
          ]
        ]
      },
      "properties": {
        "id": "RE-00231",
        "name": "Brindavan Street",
        "highway": "secondary",
        "length_m": 583.91,
        "elevation_m": 15.1,
        "maxspeed_kmh": 40
      }
    },
    {
      "type": "Feature",
      "geometry": {
        "type": "LineString",
        "coordinates": [
          [
            80.222042,
            13.042908
          ],
          [
            80.222169,
            13.043641
          ],
          [
            80.222276,
            13.044242
          ],
          [
            80.222329,
            13.044561
          ],
          [
            80.222345,
            13.044675
          ],
          [
            80.22239,
            13.045038
          ],
          [
            80.222507,
            13.045672
          ],
          [
            80.222579,
            13.046091
          ]
        ]
      },
      "properties": {
        "id": "RE-00232",
        "name": "Connecting Avenue",
        "highway": "primary",
        "length_m": 358.74,
        "elevation_m": 15.71,
        "maxspeed_kmh": 50
      }
    },
    {
      "type": "Feature",
      "geometry": {
        "type": "LineString",
        "coordinates": [
          [
            80.227266,
            13.041624
          ],
          [
            80.227134,
            13.041668
          ],
          [
            80.226896,
            13.041748
          ],
          [
            80.226345,
            13.041876
          ],
          [
            80.225633,
            13.042035
          ],
          [
            80.224948,
            13.042196
          ],
          [
            80.223419,
            13.042533
          ],
          [
            80.222042,
            13.042908
          ]
        ]
      },
      "properties": {
        "id": "RE-00233",
        "name": "Brindavan Street",
        "highway": "secondary",
        "length_m": 583.91,
        "elevation_m": 15.1,
        "maxspeed_kmh": 40
      }
    },
    {
      "type": "Feature",
      "geometry": {
        "type": "LineString",
        "coordinates": [
          [
            80.227266,
            13.041624
          ],
          [
            80.227371,
            13.041596
          ],
          [
            80.228512,
            13.041296
          ],
          [
            80.22889,
            13.041222
          ],
          [
            80.229925,
            13.040992
          ],
          [
            80.230028,
            13.040972
          ],
          [
            80.230209,
            13.040937
          ]
        ]
      },
      "properties": {
        "id": "RE-00234",
        "name": "Doraiswamy Subway",
        "highway": "secondary",
        "length_m": 327.95,
        "elevation_m": 14.97,
        "maxspeed_kmh": 40
      }
    },
    {
      "type": "Feature",
      "geometry": {
        "type": "LineString",
        "coordinates": [
          [
            80.230209,
            13.040937
          ],
          [
            80.230028,
            13.040972
          ],
          [
            80.229925,
            13.040992
          ],
          [
            80.22889,
            13.041222
          ],
          [
            80.228512,
            13.041296
          ],
          [
            80.227371,
            13.041596
          ],
          [
            80.227266,
            13.041624
          ]
        ]
      },
      "properties": {
        "id": "RE-00235",
        "name": "Doraiswamy Subway",
        "highway": "secondary",
        "length_m": 327.95,
        "elevation_m": 14.97,
        "maxspeed_kmh": 40
      }
    },
    {
      "type": "Feature",
      "geometry": {
        "type": "LineString",
        "coordinates": [
          [
            80.230209,
            13.040937
          ],
          [
            80.230298,
            13.04096
          ],
          [
            80.230665,
            13.040872
          ],
          [
            80.23105,
            13.04079
          ],
          [
            80.231128,
            13.04077
          ],
          [
            80.231749,
            13.040613
          ],
          [
            80.231771,
            13.040614
          ],
          [
            80.231789,
            13.040621
          ],
          [
            80.231829,
            13.040669
          ],
          [
            80.231859,
            13.040725
          ],
          [
            80.23193,
            13.040862
          ],
          [
            80.231975,
            13.041018
          ]
        ]
      },
      "properties": {
        "id": "RE-00236",
        "name": "Doraiswamy Road",
        "highway": "primary",
        "length_m": 225.31,
        "elevation_m": 15.75,
        "maxspeed_kmh": 50
      }
    },
    {
      "type": "Feature",
      "geometry": {
        "type": "LineString",
        "coordinates": [
          [
            80.231975,
            13.041018
          ],
          [
            80.23193,
            13.040862
          ],
          [
            80.231859,
            13.040725
          ],
          [
            80.231829,
            13.040669
          ],
          [
            80.231789,
            13.040621
          ],
          [
            80.231771,
            13.040614
          ],
          [
            80.231749,
            13.040613
          ],
          [
            80.231128,
            13.04077
          ],
          [
            80.23105,
            13.04079
          ],
          [
            80.230665,
            13.040872
          ],
          [
            80.230298,
            13.04096
          ],
          [
            80.230209,
            13.040937
          ]
        ]
      },
      "properties": {
        "id": "RE-00237",
        "name": "Doraiswamy Road",
        "highway": "primary",
        "length_m": 225.31,
        "elevation_m": 15.75,
        "maxspeed_kmh": 50
      }
    },
    {
      "type": "Feature",
      "geometry": {
        "type": "LineString",
        "coordinates": [
          [
            80.231975,
            13.041018
          ],
          [
            80.232182,
            13.041823
          ]
        ]
      },
      "properties": {
        "id": "RE-00238",
        "name": "Panagal Park",
        "highway": "secondary",
        "length_m": 92.28,
        "elevation_m": 15.91,
        "maxspeed_kmh": 40
      }
    },
    {
      "type": "Feature",
      "geometry": {
        "type": "LineString",
        "coordinates": [
          [
            80.231975,
            13.041018
          ],
          [
            80.232146,
            13.040981
          ]
        ]
      },
      "properties": {
        "id": "RE-00239",
        "name": "Panagal Park",
        "highway": "secondary",
        "length_m": 18.98,
        "elevation_m": 15.91,
        "maxspeed_kmh": 40
      }
    },
    {
      "type": "Feature",
      "geometry": {
        "type": "LineString",
        "coordinates": [
          [
            80.232182,
            13.041823
          ],
          [
            80.231975,
            13.041018
          ]
        ]
      },
      "properties": {
        "id": "RE-00240",
        "name": "Panagal Park",
        "highway": "secondary",
        "length_m": 92.28,
        "elevation_m": 15.91,
        "maxspeed_kmh": 40
      }
    },
    {
      "type": "Feature",
      "geometry": {
        "type": "LineString",
        "coordinates": [
          [
            80.232182,
            13.041823
          ],
          [
            80.232255,
            13.042231
          ]
        ]
      },
      "properties": {
        "id": "RE-00241",
        "name": "Panagal Park",
        "highway": "secondary",
        "length_m": 46.05,
        "elevation_m": 15.34,
        "maxspeed_kmh": 40
      }
    },
    {
      "type": "Feature",
      "geometry": {
        "type": "LineString",
        "coordinates": [
          [
            80.232255,
            13.042231
          ],
          [
            80.232182,
            13.041823
          ]
        ]
      },
      "properties": {
        "id": "RE-00242",
        "name": "Panagal Park",
        "highway": "secondary",
        "length_m": 46.05,
        "elevation_m": 15.34,
        "maxspeed_kmh": 40
      }
    },
    {
      "type": "Feature",
      "geometry": {
        "type": "LineString",
        "coordinates": [
          [
            80.232255,
            13.042231
          ],
          [
            80.232293,
            13.042225
          ],
          [
            80.232398,
            13.04221
          ],
          [
            80.232433,
            13.042205
          ],
          [
            80.23249,
            13.0422
          ],
          [
            80.232668,
            13.042165
          ],
          [
            80.233934,
            13.041896
          ],
          [
            80.23401,
            13.041864
          ],
          [
            80.234063,
            13.041819
          ]
        ]
      },
      "properties": {
        "id": "RE-00243",
        "name": "Panagal Park",
        "highway": "secondary",
        "length_m": 202.32,
        "elevation_m": 15.57,
        "maxspeed_kmh": 40
      }
    },
    {
      "type": "Feature",
      "geometry": {
        "type": "LineString",
        "coordinates": [
          [
            80.232255,
            13.042231
          ],
          [
            80.232252,
            13.042275
          ],
          [
            80.232266,
            13.042675
          ],
          [
            80.232269,
            13.042993
          ],
          [
            80.23228,
            13.04344
          ],
          [
            80.232289,
            13.043772
          ],
          [
            80.23233,
            13.04413
          ],
          [
            80.232426,
            13.044565
          ],
          [
            80.232495,
            13.044748
          ]
        ]
      },
      "properties": {
        "id": "RE-00244",
        "name": "North Usman Road",
        "highway": "primary",
        "length_m": 282.62,
        "elevation_m": 14.26,
        "maxspeed_kmh": 50
      }
    },
    {
      "type": "Feature",
      "geometry": {
        "type": "LineString",
        "coordinates": [
          [
            80.234063,
            13.041819
          ],
          [
            80.23401,
            13.041864
          ],
          [
            80.233934,
            13.041896
          ],
          [
            80.232668,
            13.042165
          ],
          [
            80.23249,
            13.0422
          ],
          [
            80.232433,
            13.042205
          ],
          [
            80.232398,
            13.04221
          ],
          [
            80.232293,
            13.042225
          ],
          [
            80.232255,
            13.042231
          ]
        ]
      },
      "properties": {
        "id": "RE-00245",
        "name": "Panagal Park",
        "highway": "secondary",
        "length_m": 202.32,
        "elevation_m": 15.57,
        "maxspeed_kmh": 40
      }
    },
    {
      "type": "Feature",
      "geometry": {
        "type": "LineString",
        "coordinates": [
          [
            80.234063,
            13.041819
          ],
          [
            80.234139,
            13.041809
          ]
        ]
      },
      "properties": {
        "id": "RE-00246",
        "name": "Gopathi Narayanaswami Road",
        "highway": "primary",
        "length_m": 8.31,
        "elevation_m": 15.49,
        "maxspeed_kmh": 50
      }
    },
    {
      "type": "Feature",
      "geometry": {
        "type": "LineString",
        "coordinates": [
          [
            80.242281,
            13.046245
          ],
          [
            80.242202,
            13.046199
          ],
          [
            80.240701,
            13.04537
          ],
          [
            80.239817,
            13.044874
          ],
          [
            80.238369,
            13.044082
          ],
          [
            80.238322,
            13.044056
          ]
        ]
      },
      "properties": {
        "id": "RE-00247",
        "name": "Gopathi Narayanaswami Road",
        "highway": "primary",
        "length_m": 493.13,
        "elevation_m": 13.37,
        "maxspeed_kmh": 50
      }
    },
    {
      "type": "Feature",
      "geometry": {
        "type": "LineString",
        "coordinates": [
          [
            80.242281,
            13.046245
          ],
          [
            80.242633,
            13.046463
          ]
        ]
      },
      "properties": {
        "id": "RE-00248",
        "name": "Gopathi Narayanaswami Road",
        "highway": "primary",
        "length_m": 45.18,
        "elevation_m": 14.2,
        "maxspeed_kmh": 50
      }
    },
    {
      "type": "Feature",
      "geometry": {
        "type": "LineString",
        "coordinates": [
          [
            80.242281,
            13.046245
          ],
          [
            80.242183,
            13.04625
          ],
          [
            80.241489,
            13.045866
          ],
          [
            80.24038,
            13.045278
          ],
          [
            80.240262,
            13.045295
          ],
          [
            80.240143,
            13.045331
          ]
        ]
      },
      "properties": {
        "id": "RE-00249",
        "name": "Connecting Avenue",
        "highway": "primary",
        "length_m": 260.28,
        "elevation_m": 13.31,
        "maxspeed_kmh": 50
      }
    },
    {
      "type": "Feature",
      "geometry": {
        "type": "LineString",
        "coordinates": [
          [
            80.242633,
            13.046463
          ],
          [
            80.242281,
            13.046245
          ]
        ]
      },
      "properties": {
        "id": "RE-00250",
        "name": "Gopathi Narayanaswami Road",
        "highway": "primary",
        "length_m": 45.18,
        "elevation_m": 14.2,
        "maxspeed_kmh": 50
      }
    },
    {
      "type": "Feature",
      "geometry": {
        "type": "LineString",
        "coordinates": [
          [
            80.242633,
            13.046463
          ],
          [
            80.242897,
            13.046613
          ]
        ]
      },
      "properties": {
        "id": "RE-00251",
        "name": "Gopathi Narayanaswami Road",
        "highway": "primary",
        "length_m": 33.11,
        "elevation_m": 14.5,
        "maxspeed_kmh": 50
      }
    },
    {
      "type": "Feature",
      "geometry": {
        "type": "LineString",
        "coordinates": [
          [
            80.242897,
            13.046613
          ],
          [
            80.242633,
            13.046463
          ]
        ]
      },
      "properties": {
        "id": "RE-00252",
        "name": "Gopathi Narayanaswami Road",
        "highway": "primary",
        "length_m": 33.11,
        "elevation_m": 14.5,
        "maxspeed_kmh": 50
      }
    },
    {
      "type": "Feature",
      "geometry": {
        "type": "LineString",
        "coordinates": [
          [
            80.242897,
            13.046613
          ],
          [
            80.243097,
            13.046727
          ]
        ]
      },
      "properties": {
        "id": "RE-00253",
        "name": "Gopathi Narayanaswami Road",
        "highway": "primary",
        "length_m": 25.1,
        "elevation_m": 14.6,
        "maxspeed_kmh": 50
      }
    },
    {
      "type": "Feature",
      "geometry": {
        "type": "LineString",
        "coordinates": [
          [
            80.243097,
            13.046727
          ],
          [
            80.242897,
            13.046613
          ]
        ]
      },
      "properties": {
        "id": "RE-00254",
        "name": "Gopathi Narayanaswami Road",
        "highway": "primary",
        "length_m": 25.1,
        "elevation_m": 14.6,
        "maxspeed_kmh": 50
      }
    },
    {
      "type": "Feature",
      "geometry": {
        "type": "LineString",
        "coordinates": [
          [
            80.243097,
            13.046727
          ],
          [
            80.243533,
            13.046976
          ]
        ]
      },
      "properties": {
        "id": "RE-00255",
        "name": "Gopathi Narayanaswami Road",
        "highway": "primary",
        "length_m": 54.75,
        "elevation_m": 14.84,
        "maxspeed_kmh": 50
      }
    },
    {
      "type": "Feature",
      "geometry": {
        "type": "LineString",
        "coordinates": [
          [
            80.243533,
            13.046976
          ],
          [
            80.243097,
            13.046727
          ]
        ]
      },
      "properties": {
        "id": "RE-00256",
        "name": "Gopathi Narayanaswami Road",
        "highway": "primary",
        "length_m": 54.75,
        "elevation_m": 14.84,
        "maxspeed_kmh": 50
      }
    },
    {
      "type": "Feature",
      "geometry": {
        "type": "LineString",
        "coordinates": [
          [
            80.243533,
            13.046976
          ],
          [
            80.243571,
            13.046997
          ]
        ]
      },
      "properties": {
        "id": "RE-00257",
        "name": "Gopathi Narayanaswami Road",
        "highway": "primary",
        "length_m": 5.0,
        "elevation_m": 14.84,
        "maxspeed_kmh": 50
      }
    },
    {
      "type": "Feature",
      "geometry": {
        "type": "LineString",
        "coordinates": [
          [
            80.243571,
            13.046997
          ],
          [
            80.243533,
            13.046976
          ]
        ]
      },
      "properties": {
        "id": "RE-00258",
        "name": "Gopathi Narayanaswami Road",
        "highway": "primary",
        "length_m": 5.0,
        "elevation_m": 14.84,
        "maxspeed_kmh": 50
      }
    },
    {
      "type": "Feature",
      "geometry": {
        "type": "LineString",
        "coordinates": [
          [
            80.243571,
            13.046997
          ],
          [
            80.245077,
            13.047833
          ]
        ]
      },
      "properties": {
        "id": "RE-00259",
        "name": "Gopathi Narayanaswami Road",
        "highway": "primary",
        "length_m": 187.76,
        "elevation_m": 12.84,
        "maxspeed_kmh": 50
      }
    },
    {
      "type": "Feature",
      "geometry": {
        "type": "LineString",
        "coordinates": [
          [
            80.245077,
            13.047833
          ],
          [
            80.243571,
            13.046997
          ]
        ]
      },
      "properties": {
        "id": "RE-00260",
        "name": "Gopathi Narayanaswami Road",
        "highway": "primary",
        "length_m": 187.76,
        "elevation_m": 12.84,
        "maxspeed_kmh": 50
      }
    },
    {
      "type": "Feature",
      "geometry": {
        "type": "LineString",
        "coordinates": [
          [
            80.245077,
            13.047833
          ],
          [
            80.245357,
            13.047972
          ]
        ]
      },
      "properties": {
        "id": "RE-00261",
        "name": "Gopathi Narayanaswami Road",
        "highway": "primary",
        "length_m": 34.04,
        "elevation_m": 12.09,
        "maxspeed_kmh": 50
      }
    },
    {
      "type": "Feature",
      "geometry": {
        "type": "LineString",
        "coordinates": [
          [
            80.245357,
            13.047972
          ],
          [
            80.245077,
            13.047833
          ]
        ]
      },
      "properties": {
        "id": "RE-00262",
        "name": "Gopathi Narayanaswami Road",
        "highway": "primary",
        "length_m": 34.04,
        "elevation_m": 12.09,
        "maxspeed_kmh": 50
      }
    },
    {
      "type": "Feature",
      "geometry": {
        "type": "LineString",
        "coordinates": [
          [
            80.245357,
            13.047972
          ],
          [
            80.245508,
            13.048058
          ]
        ]
      },
      "properties": {
        "id": "RE-00263",
        "name": "Gopathi Narayanaswami Road",
        "highway": "primary",
        "length_m": 18.95,
        "elevation_m": 12.09,
        "maxspeed_kmh": 50
      }
    },
    {
      "type": "Feature",
      "geometry": {
        "type": "LineString",
        "coordinates": [
          [
            80.245508,
            13.048058
          ],
          [
            80.245357,
            13.047972
          ]
        ]
      },
      "properties": {
        "id": "RE-00264",
        "name": "Gopathi Narayanaswami Road",
        "highway": "primary",
        "length_m": 18.95,
        "elevation_m": 12.09,
        "maxspeed_kmh": 50
      }
    },
    {
      "type": "Feature",
      "geometry": {
        "type": "LineString",
        "coordinates": [
          [
            80.245508,
            13.048058
          ],
          [
            80.245848,
            13.048286
          ]
        ]
      },
      "properties": {
        "id": "RE-00265",
        "name": "Gopathi Narayanaswami Road",
        "highway": "primary",
        "length_m": 44.71,
        "elevation_m": 11.34,
        "maxspeed_kmh": 50
      }
    },
    {
      "type": "Feature",
      "geometry": {
        "type": "LineString",
        "coordinates": [
          [
            80.245848,
            13.048286
          ],
          [
            80.245508,
            13.048058
          ]
        ]
      },
      "properties": {
        "id": "RE-00266",
        "name": "Gopathi Narayanaswami Road",
        "highway": "primary",
        "length_m": 44.71,
        "elevation_m": 11.34,
        "maxspeed_kmh": 50
      }
    },
    {
      "type": "Feature",
      "geometry": {
        "type": "LineString",
        "coordinates": [
          [
            80.245848,
            13.048286
          ],
          [
            80.246151,
            13.048519
          ]
        ]
      },
      "properties": {
        "id": "RE-00267",
        "name": "Gopathi Narayanaswami Road",
        "highway": "primary",
        "length_m": 41.82,
        "elevation_m": 10.98,
        "maxspeed_kmh": 50
      }
    },
    {
      "type": "Feature",
      "geometry": {
        "type": "LineString",
        "coordinates": [
          [
            80.245848,
            13.048286
          ],
          [
            80.245523,
            13.048672
          ],
          [
            80.245397,
            13.048774
          ],
          [
            80.244823,
            13.048986
          ],
          [
            80.24438,
            13.049143
          ],
          [
            80.244138,
            13.049185
          ],
          [
            80.243665,
            13.049271
          ],
          [
            80.243487,
            13.049303
          ],
          [
            80.243441,
            13.049312
          ],
          [
            80.243213,
            13.049352
          ],
          [
            80.243179,
            13.049359
          ],
          [
            80.243146,
            13.049366
          ],
          [
            80.242889,
            13.049422
          ],
          [
            80.242625,
            13.049479
          ],
          [
            80.242392,
            13.049529
          ],
          [
            80.24233,
            13.049543
          ],
          [
            80.241872,
            13.049642
          ],
          [
            80.24181,
            13.049655
          ],
          [
            80.240391,
            13.049984
          ]
        ]
      },
      "properties": {
        "id": "RE-00268",
        "name": "Habibullah Road",
        "highway": "primary",
        "length_m": 633.03,
        "elevation_m": 13.69,
        "maxspeed_kmh": 50
      }
    },
    {
      "type": "Feature",
      "geometry": {
        "type": "LineString",
        "coordinates": [
          [
            80.246151,
            13.048519
          ],
          [
            80.245848,
            13.048286
          ]
        ]
      },
      "properties": {
        "id": "RE-00269",
        "name": "Gopathi Narayanaswami Road",
        "highway": "primary",
        "length_m": 41.82,
        "elevation_m": 10.98,
        "maxspeed_kmh": 50
      }
    },
    {
      "type": "Feature",
      "geometry": {
        "type": "LineString",
        "coordinates": [
          [
            80.246151,
            13.048519
          ],
          [
            80.246277,
            13.04863
          ]
        ]
      },
      "properties": {
        "id": "RE-00270",
        "name": "Gopathi Narayanaswami Road",
        "highway": "primary",
        "length_m": 18.4,
        "elevation_m": 10.66,
        "maxspeed_kmh": 50
      }
    },
    {
      "type": "Feature",
      "geometry": {
        "type": "LineString",
        "coordinates": [
          [
            80.246277,
            13.04863
          ],
          [
            80.246151,
            13.048519
          ]
        ]
      },
      "properties": {
        "id": "RE-00271",
        "name": "Gopathi Narayanaswami Road",
        "highway": "primary",
        "length_m": 18.4,
        "elevation_m": 10.66,
        "maxspeed_kmh": 50
      }
    },
    {
      "type": "Feature",
      "geometry": {
        "type": "LineString",
        "coordinates": [
          [
            80.246277,
            13.04863
          ],
          [
            80.246657,
            13.048964
          ]
        ]
      },
      "properties": {
        "id": "RE-00272",
        "name": "Gopathi Narayanaswami Road",
        "highway": "primary",
        "length_m": 55.44,
        "elevation_m": 10.02,
        "maxspeed_kmh": 50
      }
    },
    {
      "type": "Feature",
      "geometry": {
        "type": "LineString",
        "coordinates": [
          [
            80.246657,
            13.048964
          ],
          [
            80.246277,
            13.04863
          ]
        ]
      },
      "properties": {
        "id": "RE-00273",
        "name": "Gopathi Narayanaswami Road",
        "highway": "primary",
        "length_m": 55.44,
        "elevation_m": 10.02,
        "maxspeed_kmh": 50
      }
    },
    {
      "type": "Feature",
      "geometry": {
        "type": "LineString",
        "coordinates": [
          [
            80.246657,
            13.048964
          ],
          [
            80.246833,
            13.049097
          ]
        ]
      },
      "properties": {
        "id": "RE-00274",
        "name": "Gopathi Narayanaswami Road",
        "highway": "primary",
        "length_m": 24.13,
        "elevation_m": 10.38,
        "maxspeed_kmh": 50
      }
    },
    {
      "type": "Feature",
      "geometry": {
        "type": "LineString",
        "coordinates": [
          [
            80.246833,
            13.049097
          ],
          [
            80.246657,
            13.048964
          ]
        ]
      },
      "properties": {
        "id": "RE-00275",
        "name": "Gopathi Narayanaswami Road",
        "highway": "primary",
        "length_m": 24.13,
        "elevation_m": 10.38,
        "maxspeed_kmh": 50
      }
    },
    {
      "type": "Feature",
      "geometry": {
        "type": "LineString",
        "coordinates": [
          [
            80.246833,
            13.049097
          ],
          [
            80.246977,
            13.049199
          ]
        ]
      },
      "properties": {
        "id": "RE-00276",
        "name": "Gopathi Narayanaswami Road",
        "highway": "primary",
        "length_m": 19.29,
        "elevation_m": 10.38,
        "maxspeed_kmh": 50
      }
    },
    {
      "type": "Feature",
      "geometry": {
        "type": "LineString",
        "coordinates": [
          [
            80.246977,
            13.049199
          ],
          [
            80.246833,
            13.049097
          ]
        ]
      },
      "properties": {
        "id": "RE-00277",
        "name": "Gopathi Narayanaswami Road",
        "highway": "primary",
        "length_m": 19.29,
        "elevation_m": 10.38,
        "maxspeed_kmh": 50
      }
    },
    {
      "type": "Feature",
      "geometry": {
        "type": "LineString",
        "coordinates": [
          [
            80.246977,
            13.049199
          ],
          [
            80.247162,
            13.049314
          ]
        ]
      },
      "properties": {
        "id": "RE-00278",
        "name": "Gopathi Narayanaswami Road",
        "highway": "primary",
        "length_m": 23.77,
        "elevation_m": 10.79,
        "maxspeed_kmh": 50
      }
    },
    {
      "type": "Feature",
      "geometry": {
        "type": "LineString",
        "coordinates": [
          [
            80.247162,
            13.049314
          ],
          [
            80.246977,
            13.049199
          ]
        ]
      },
      "properties": {
        "id": "RE-00279",
        "name": "Gopathi Narayanaswami Road",
        "highway": "primary",
        "length_m": 23.77,
        "elevation_m": 10.79,
        "maxspeed_kmh": 50
      }
    },
    {
      "type": "Feature",
      "geometry": {
        "type": "LineString",
        "coordinates": [
          [
            80.247162,
            13.049314
          ],
          [
            80.247228,
            13.049356
          ]
        ]
      },
      "properties": {
        "id": "RE-00280",
        "name": "Gopathi Narayanaswami Road",
        "highway": "primary",
        "length_m": 8.54,
        "elevation_m": 11.05,
        "maxspeed_kmh": 50
      }
    },
    {
      "type": "Feature",
      "geometry": {
        "type": "LineString",
        "coordinates": [
          [
            80.247228,
            13.049356
          ],
          [
            80.247162,
            13.049314
          ]
        ]
      },
      "properties": {
        "id": "RE-00281",
        "name": "Gopathi Narayanaswami Road",
        "highway": "primary",
        "length_m": 8.54,
        "elevation_m": 11.05,
        "maxspeed_kmh": 50
      }
    },
    {
      "type": "Feature",
      "geometry": {
        "type": "LineString",
        "coordinates": [
          [
            80.247228,
            13.049356
          ],
          [
            80.247566,
            13.049574
          ]
        ]
      },
      "properties": {
        "id": "RE-00282",
        "name": "Gopathi Narayanaswami Road",
        "highway": "primary",
        "length_m": 43.91,
        "elevation_m": 11.4,
        "maxspeed_kmh": 50
      }
    },
    {
      "type": "Feature",
      "geometry": {
        "type": "LineString",
        "coordinates": [
          [
            80.247566,
            13.049574
          ],
          [
            80.247228,
            13.049356
          ]
        ]
      },
      "properties": {
        "id": "RE-00283",
        "name": "Gopathi Narayanaswami Road",
        "highway": "primary",
        "length_m": 43.91,
        "elevation_m": 11.4,
        "maxspeed_kmh": 50
      }
    },
    {
      "type": "Feature",
      "geometry": {
        "type": "LineString",
        "coordinates": [
          [
            80.247566,
            13.049574
          ],
          [
            80.247781,
            13.049703
          ]
        ]
      },
      "properties": {
        "id": "RE-00284",
        "name": "Gopathi Narayanaswami Road",
        "highway": "primary",
        "length_m": 27.35,
        "elevation_m": 11.71,
        "maxspeed_kmh": 50
      }
    },
    {
      "type": "Feature",
      "geometry": {
        "type": "LineString",
        "coordinates": [
          [
            80.247566,
            13.049574
          ],
          [
            80.247671,
            13.049536
          ],
          [
            80.247821,
            13.049493
          ],
          [
            80.248722,
            13.049451
          ],
          [
            80.249527,
            13.049418
          ],
          [
            80.24966,
            13.049415
          ],
          [
            80.249709,
            13.049412
          ]
        ]
      },
      "properties": {
        "id": "RE-00285",
        "name": "Mayor Sundar Rao Street",
        "highway": "secondary",
        "length_m": 233.79,
        "elevation_m": 12.92,
        "maxspeed_kmh": 40
      }
    },
    {
      "type": "Feature",
      "geometry": {
        "type": "LineString",
        "coordinates": [
          [
            80.247781,
            13.049703
          ],
          [
            80.247566,
            13.049574
          ]
        ]
      },
      "properties": {
        "id": "RE-00286",
        "name": "Gopathi Narayanaswami Road",
        "highway": "primary",
        "length_m": 27.35,
        "elevation_m": 11.71,
        "maxspeed_kmh": 50
      }
    },
    {
      "type": "Feature",
      "geometry": {
        "type": "LineString",
        "coordinates": [
          [
            80.247781,
            13.049703
          ],
          [
            80.248363,
            13.050185
          ]
        ]
      },
      "properties": {
        "id": "RE-00287",
        "name": "Gopathi Narayanaswami Road",
        "highway": "primary",
        "length_m": 82.75,
        "elevation_m": 12.39,
        "maxspeed_kmh": 50
      }
    },
    {
      "type": "Feature",
      "geometry": {
        "type": "LineString",
        "coordinates": [
          [
            80.248363,
            13.050185
          ],
          [
            80.247781,
            13.049703
          ]
        ]
      },
      "properties": {
        "id": "RE-00288",
        "name": "Gopathi Narayanaswami Road",
        "highway": "primary",
        "length_m": 82.75,
        "elevation_m": 12.39,
        "maxspeed_kmh": 50
      }
    },
    {
      "type": "Feature",
      "geometry": {
        "type": "LineString",
        "coordinates": [
          [
            80.248363,
            13.050185
          ],
          [
            80.24887,
            13.050655
          ]
        ]
      },
      "properties": {
        "id": "RE-00289",
        "name": "Gopathi Narayanaswami Road",
        "highway": "primary",
        "length_m": 75.81,
        "elevation_m": 12.68,
        "maxspeed_kmh": 50
      }
    },
    {
      "type": "Feature",
      "geometry": {
        "type": "LineString",
        "coordinates": [
          [
            80.24887,
            13.050655
          ],
          [
            80.248363,
            13.050185
          ]
        ]
      },
      "properties": {
        "id": "RE-00290",
        "name": "Gopathi Narayanaswami Road",
        "highway": "primary",
        "length_m": 75.81,
        "elevation_m": 12.68,
        "maxspeed_kmh": 50
      }
    },
    {
      "type": "Feature",
      "geometry": {
        "type": "LineString",
        "coordinates": [
          [
            80.24887,
            13.050655
          ],
          [
            80.248963,
            13.050743
          ],
          [
            80.249141,
            13.050906
          ],
          [
            80.249349,
            13.051115
          ],
          [
            80.249524,
            13.051266
          ],
          [
            80.250693,
            13.052158
          ],
          [
            80.250912,
            13.052323
          ],
          [
            80.252376,
            13.05341
          ],
          [
            80.252455,
            13.053471
          ]
        ]
      },
      "properties": {
        "id": "RE-00291",
        "name": "Anna Flyover",
        "highway": "primary",
        "length_m": 499.35,
        "elevation_m": 12.82,
        "maxspeed_kmh": 50
      }
    },
    {
      "type": "Feature",
      "geometry": {
        "type": "LineString",
        "coordinates": [
          [
            80.24887,
            13.050655
          ],
          [
            80.248919,
            13.050774
          ],
          [
            80.249399,
            13.05123
          ],
          [
            80.24958,
            13.051377
          ],
          [
            80.249835,
            13.051574
          ],
          [
            80.250252,
            13.051886
          ],
          [
            80.250543,
            13.052145
          ],
          [
            80.250684,
            13.05228
          ],
          [
            80.250756,
            13.052391
          ],
          [
            80.250859,
            13.052523
          ],
          [
            80.25098,
            13.052559
          ],
          [
            80.251088,
            13.052587
          ]
        ]
      },
      "properties": {
        "id": "RE-00292",
        "name": "Connecting Avenue",
        "highway": "primary",
        "length_m": 327.58,
        "elevation_m": 12.23,
        "maxspeed_kmh": 50
      }
    },
    {
      "type": "Feature",
      "geometry": {
        "type": "LineString",
        "coordinates": [
          [
            80.252455,
            13.053471
          ],
          [
            80.252376,
            13.05341
          ],
          [
            80.250912,
            13.052323
          ],
          [
            80.250693,
            13.052158
          ],
          [
            80.249524,
            13.051266
          ],
          [
            80.249349,
            13.051115
          ],
          [
            80.249141,
            13.050906
          ],
          [
            80.248963,
            13.050743
          ],
          [
            80.24887,
            13.050655
          ]
        ]
      },
      "properties": {
        "id": "RE-00293",
        "name": "Anna Flyover",
        "highway": "primary",
        "length_m": 499.35,
        "elevation_m": 12.82,
        "maxspeed_kmh": 50
      }
    },
    {
      "type": "Feature",
      "geometry": {
        "type": "LineString",
        "coordinates": [
          [
            80.252455,
            13.053471
          ],
          [
            80.252775,
            13.0537
          ],
          [
            80.252929,
            13.053818
          ],
          [
            80.253258,
            13.054071
          ],
          [
            80.253353,
            13.054147
          ],
          [
            80.253529,
            13.054271
          ],
          [
            80.253775,
            13.054459
          ],
          [
            80.253922,
            13.054567
          ],
          [
            80.25407,
            13.054671
          ],
          [
            80.254303,
            13.05483
          ],
          [
            80.254359,
            13.054871
          ],
          [
            80.25517,
            13.055477
          ],
          [
            80.255518,
            13.055737
          ]
        ]
      },
      "properties": {
        "id": "RE-00294",
        "name": "Anna Salai (Mount Road)",
        "highway": "primary",
        "length_m": 416.69,
        "elevation_m": 13.0,
        "maxspeed_kmh": 50
      }
    },
    {
      "type": "Feature",
      "geometry": {
        "type": "LineString",
        "coordinates": [
          [
            80.255518,
            13.055737
          ],
          [
            80.25517,
            13.055477
          ],
          [
            80.254359,
            13.054871
          ],
          [
            80.254303,
            13.05483
          ],
          [
            80.25407,
            13.054671
          ],
          [
            80.253922,
            13.054567
          ],
          [
            80.253775,
            13.054459
          ],
          [
            80.253529,
            13.054271
          ],
          [
            80.253353,
            13.054147
          ],
          [
            80.253258,
            13.054071
          ],
          [
            80.252929,
            13.053818
          ],
          [
            80.252775,
            13.0537
          ],
          [
            80.252455,
            13.053471
          ]
        ]
      },
      "properties": {
        "id": "RE-00295",
        "name": "Anna Salai (Mount Road)",
        "highway": "primary",
        "length_m": 416.69,
        "elevation_m": 13.0,
        "maxspeed_kmh": 50
      }
    },
    {
      "type": "Feature",
      "geometry": {
        "type": "LineString",
        "coordinates": [
          [
            80.255518,
            13.055737
          ],
          [
            80.255424,
            13.056051
          ],
          [
            80.255368,
            13.056197
          ],
          [
            80.255237,
            13.056559
          ],
          [
            80.255197,
            13.056667
          ],
          [
            80.255161,
            13.05677
          ],
          [
            80.255034,
            13.057083
          ],
          [
            80.254864,
            13.057495
          ],
          [
            80.254596,
            13.057804
          ],
          [
            80.254249,
            13.058196
          ],
          [
            80.254175,
            13.058397
          ],
          [
            80.254152,
            13.05853
          ],
          [
            80.25415,
            13.058583
          ],
          [
            80.254141,
            13.058872
          ],
          [
            80.254145,
            13.058994
          ],
          [
            80.25422,
            13.059526
          ],
          [
            80.254309,
            13.060163
          ],
          [
            80.25434,
            13.060578
          ]
        ]
      },
      "properties": {
        "id": "RE-00296",
        "name": "Greams Road",
        "highway": "primary",
        "length_m": 578.41,
        "elevation_m": 13.36,
        "maxspeed_kmh": 50
      }
    },
    {
      "type": "Feature",
      "geometry": {
        "type": "LineString",
        "coordinates": [
          [
            80.25434,
            13.060578
          ],
          [
            80.254309,
            13.060163
          ],
          [
            80.25422,
            13.059526
          ],
          [
            80.254145,
            13.058994
          ],
          [
            80.254141,
            13.058872
          ],
          [
            80.25415,
            13.058583
          ],
          [
            80.254152,
            13.05853
          ],
          [
            80.254175,
            13.058397
          ],
          [
            80.254249,
            13.058196
          ],
          [
            80.254596,
            13.057804
          ],
          [
            80.254864,
            13.057495
          ],
          [
            80.255034,
            13.057083
          ],
          [
            80.255161,
            13.05677
          ],
          [
            80.255197,
            13.056667
          ],
          [
            80.255237,
            13.056559
          ],
          [
            80.255368,
            13.056197
          ],
          [
            80.255424,
            13.056051
          ],
          [
            80.255518,
            13.055737
          ]
        ]
      },
      "properties": {
        "id": "RE-00297",
        "name": "Greams Road",
        "highway": "primary",
        "length_m": 578.41,
        "elevation_m": 13.36,
        "maxspeed_kmh": 50
      }
    },
    {
      "type": "Feature",
      "geometry": {
        "type": "LineString",
        "coordinates": [
          [
            80.25434,
            13.060578
          ],
          [
            80.254435,
            13.060568
          ],
          [
            80.254395,
            13.060126
          ]
        ]
      },
      "properties": {
        "id": "RE-00298",
        "name": "Greams Road",
        "highway": "primary",
        "length_m": 59.69,
        "elevation_m": 12.57,
        "maxspeed_kmh": 50
      }
    },
    {
      "type": "Feature",
      "geometry": {
        "type": "LineString",
        "coordinates": [
          [
            80.254395,
            13.060126
          ],
          [
            80.254435,
            13.060568
          ],
          [
            80.25434,
            13.060578
          ]
        ]
      },
      "properties": {
        "id": "RE-00299",
        "name": "Greams Road",
        "highway": "primary",
        "length_m": 59.69,
        "elevation_m": 12.57,
        "maxspeed_kmh": 50
      }
    },
    {
      "type": "Feature",
      "geometry": {
        "type": "LineString",
        "coordinates": [
          [
            80.254395,
            13.060126
          ],
          [
            80.254993,
            13.060066
          ]
        ]
      },
      "properties": {
        "id": "RE-00300",
        "name": "Connecting Avenue",
        "highway": "primary",
        "length_m": 65.12,
        "elevation_m": 13.03,
        "maxspeed_kmh": 50
      }
    },
    {
      "type": "Feature",
      "geometry": {
        "type": "LineString",
        "coordinates": [
          [
            80.254993,
            13.060066
          ],
          [
            80.254395,
            13.060126
          ]
        ]
      },
      "properties": {
        "id": "RE-00301",
        "name": "Connecting Avenue",
        "highway": "primary",
        "length_m": 65.12,
        "elevation_m": 13.03,
        "maxspeed_kmh": 50
      }
    },
    {
      "type": "Feature",
      "geometry": {
        "type": "LineString",
        "coordinates": [
          [
            80.254993,
            13.060066
          ],
          [
            80.254993,
            13.060066
          ]
        ]
      },
      "properties": {
        "id": "RE-00302",
        "name": "Connecting Avenue",
        "highway": "primary",
        "length_m": 5.0,
        "elevation_m": 13.03,
        "maxspeed_kmh": 50
      }
    },
    {
      "type": "Feature",
      "geometry": {
        "type": "LineString",
        "coordinates": [
          [
            80.249102,
            13.042293
          ],
          [
            80.248508,
            13.042296
          ],
          [
            80.248329,
            13.042406
          ],
          [
            80.248118,
            13.042428
          ],
          [
            80.247767,
            13.04247
          ],
          [
            80.247738,
            13.042472
          ],
          [
            80.247656,
            13.04248
          ]
        ]
      },
      "properties": {
        "id": "RE-00303",
        "name": "Subbarayan Nagar",
        "highway": "secondary",
        "length_m": 160.64,
        "elevation_m": 13.06,
        "maxspeed_kmh": 40
      }
    },
    {
      "type": "Feature",
      "geometry": {
        "type": "LineString",
        "coordinates": [
          [
            80.247656,
            13.04248
          ],
          [
            80.247738,
            13.042472
          ],
          [
            80.247767,
            13.04247
          ],
          [
            80.248118,
            13.042428
          ],
          [
            80.248329,
            13.042406
          ],
          [
            80.248508,
            13.042296
          ],
          [
            80.249102,
            13.042293
          ]
        ]
      },
      "properties": {
        "id": "RE-00304",
        "name": "Subbarayan Nagar",
        "highway": "secondary",
        "length_m": 160.64,
        "elevation_m": 13.06,
        "maxspeed_kmh": 40
      }
    },
    {
      "type": "Feature",
      "geometry": {
        "type": "LineString",
        "coordinates": [
          [
            80.247656,
            13.04248
          ],
          [
            80.247631,
            13.042391
          ],
          [
            80.247603,
            13.042276
          ]
        ]
      },
      "properties": {
        "id": "RE-00305",
        "name": "Anna Salai (Mount Road)",
        "highway": "primary",
        "length_m": 23.4,
        "elevation_m": 12.44,
        "maxspeed_kmh": 50
      }
    },
    {
      "type": "Feature",
      "geometry": {
        "type": "LineString",
        "coordinates": [
          [
            80.247603,
            13.042276
          ],
          [
            80.247631,
            13.042391
          ],
          [
            80.247656,
            13.04248
          ]
        ]
      },
      "properties": {
        "id": "RE-00306",
        "name": "Anna Salai (Mount Road)",
        "highway": "primary",
        "length_m": 23.4,
        "elevation_m": 12.44,
        "maxspeed_kmh": 50
      }
    },
    {
      "type": "Feature",
      "geometry": {
        "type": "LineString",
        "coordinates": [
          [
            80.247603,
            13.042276
          ],
          [
            80.247455,
            13.042312
          ]
        ]
      },
      "properties": {
        "id": "RE-00307",
        "name": "Anna Salai (Mount Road)",
        "highway": "primary",
        "length_m": 16.52,
        "elevation_m": 12.44,
        "maxspeed_kmh": 50
      }
    },
    {
      "type": "Feature",
      "geometry": {
        "type": "LineString",
        "coordinates": [
          [
            80.247603,
            13.042276
          ],
          [
            80.24751,
            13.041893
          ],
          [
            80.247477,
            13.041733
          ],
          [
            80.247442,
            13.041583
          ],
          [
            80.247441,
            13.041439
          ],
          [
            80.247427,
            13.041381
          ],
          [
            80.247424,
            13.04136
          ],
          [
            80.247388,
            13.041173
          ],
          [
            80.247381,
            13.041139
          ],
          [
            80.247377,
            13.041116
          ],
          [
            80.247307,
            13.040747
          ],
          [
            80.247256,
            13.040484
          ],
          [
            80.247222,
            13.040313
          ],
          [
            80.247179,
            13.040093
          ],
          [
            80.24705,
            13.039474
          ],
          [
            80.246995,
            13.039177
          ],
          [
            80.246971,
            13.039083
          ],
          [
            80.246949,
            13.038979
          ],
          [
            80.246837,
            13.038417
          ],
          [
            80.246787,
            13.038173
          ],
          [
            80.246638,
            13.037483
          ],
          [
            80.246617,
            13.037357
          ],
          [
            80.246421,
            13.036488
          ],
          [
            80.246349,
            13.036167
          ],
          [
            80.246323,
            13.036068
          ],
          [
            80.246268,
            13.0358
          ],
          [
            80.246205,
            13.03556
          ]
        ]
      },
      "properties": {
        "id": "RE-00308",
        "name": "Anna Salai (Mount Road)",
        "highway": "primary",
        "length_m": 762.43,
        "elevation_m": 11.76,
        "maxspeed_kmh": 50
      }
    },
    {
      "type": "Feature",
      "geometry": {
        "type": "LineString",
        "coordinates": [
          [
            80.247455,
            13.042312
          ],
          [
            80.247603,
            13.042276
          ]
        ]
      },
      "properties": {
        "id": "RE-00309",
        "name": "Anna Salai (Mount Road)",
        "highway": "primary",
        "length_m": 16.52,
        "elevation_m": 12.44,
        "maxspeed_kmh": 50
      }
    },
    {
      "type": "Feature",
      "geometry": {
        "type": "LineString",
        "coordinates": [
          [
            80.247455,
            13.042312
          ],
          [
            80.24743,
            13.042183
          ],
          [
            80.247378,
            13.041917
          ],
          [
            80.247344,
            13.04175
          ],
          [
            80.247319,
            13.041624
          ],
          [
            80.247314,
            13.041598
          ],
          [
            80.247248,
            13.041446
          ],
          [
            80.246993,
            13.040069
          ],
          [
            80.246887,
            13.039498
          ],
          [
            80.246829,
            13.039216
          ],
          [
            80.246817,
            13.039127
          ]
        ]
      },
      "properties": {
        "id": "RE-00310",
        "name": "Anna Salai (Mount Road)",
        "highway": "primary",
        "length_m": 361.27,
        "elevation_m": 12.4,
        "maxspeed_kmh": 50
      }
    },
    {
      "type": "Feature",
      "geometry": {
        "type": "LineString",
        "coordinates": [
          [
            80.247455,
            13.042312
          ],
          [
            80.247488,
            13.042486
          ],
          [
            80.247492,
            13.042503
          ],
          [
            80.247594,
            13.042922
          ]
        ]
      },
      "properties": {
        "id": "RE-00311",
        "name": "Anna Salai (Mount Road)",
        "highway": "primary",
        "length_m": 69.5,
        "elevation_m": 12.39,
        "maxspeed_kmh": 50
      }
    },
    {
      "type": "Feature",
      "geometry": {
        "type": "LineString",
        "coordinates": [
          [
            80.246817,
            13.039127
          ],
          [
            80.246829,
            13.039216
          ],
          [
            80.246887,
            13.039498
          ],
          [
            80.246993,
            13.040069
          ],
          [
            80.247248,
            13.041446
          ],
          [
            80.247314,
            13.041598
          ],
          [
            80.247319,
            13.041624
          ],
          [
            80.247344,
            13.04175
          ],
          [
            80.247378,
            13.041917
          ],
          [
            80.24743,
            13.042183
          ],
          [
            80.247455,
            13.042312
          ]
        ]
      },
      "properties": {
        "id": "RE-00312",
        "name": "Anna Salai (Mount Road)",
        "highway": "primary",
        "length_m": 361.27,
        "elevation_m": 12.4,
        "maxspeed_kmh": 50
      }
    },
    {
      "type": "Feature",
      "geometry": {
        "type": "LineString",
        "coordinates": [
          [
            80.246817,
            13.039127
          ],
          [
            80.24663,
            13.039194
          ],
          [
            80.246537,
            13.039224
          ],
          [
            80.246271,
            13.039311
          ],
          [
            80.245952,
            13.039408
          ],
          [
            80.245929,
            13.039411
          ],
          [
            80.24572,
            13.039471
          ],
          [
            80.245193,
            13.039622
          ],
          [
            80.244533,
            13.039787
          ],
          [
            80.244328,
            13.039839
          ],
          [
            80.243927,
            13.039942
          ],
          [
            80.243919,
            13.039934
          ],
          [
            80.243899,
            13.03993
          ],
          [
            80.243886,
            13.039927
          ],
          [
            80.243853,
            13.039937
          ],
          [
            80.243839,
            13.039953
          ],
          [
            80.243831,
            13.039961
          ],
          [
            80.24263,
            13.040077
          ],
          [
            80.240817,
            13.040313
          ],
          [
            80.240502,
            13.040344
          ]
        ]
      },
      "properties": {
        "id": "RE-00313",
        "name": "Sir Thyagaraya Road",
        "highway": "primary",
        "length_m": 701.5,
        "elevation_m": 14.87,
        "maxspeed_kmh": 50
      }
    },
    {
      "type": "Feature",
      "geometry": {
        "type": "LineString",
        "coordinates": [
          [
            80.240502,
            13.040344
          ],
          [
            80.240817,
            13.040313
          ],
          [
            80.24263,
            13.040077
          ],
          [
            80.243831,
            13.039961
          ],
          [
            80.243839,
            13.039953
          ],
          [
            80.243853,
            13.039937
          ],
          [
            80.243886,
            13.039927
          ],
          [
            80.243899,
            13.03993
          ],
          [
            80.243919,
            13.039934
          ],
          [
            80.243927,
            13.039942
          ],
          [
            80.244328,
            13.039839
          ],
          [
            80.244533,
            13.039787
          ],
          [
            80.245193,
            13.039622
          ],
          [
            80.24572,
            13.039471
          ],
          [
            80.245929,
            13.039411
          ],
          [
            80.245952,
            13.039408
          ],
          [
            80.246271,
            13.039311
          ],
          [
            80.246537,
            13.039224
          ],
          [
            80.24663,
            13.039194
          ],
          [
            80.246817,
            13.039127
          ]
        ]
      },
      "properties": {
        "id": "RE-00314",
        "name": "Sir Thyagaraya Road",
        "highway": "primary",
        "length_m": 701.5,
        "elevation_m": 14.87,
        "maxspeed_kmh": 50
      }
    },
    {
      "type": "Feature",
      "geometry": {
        "type": "LineString",
        "coordinates": [
          [
            80.240502,
            13.040344
          ],
          [
            80.240514,
            13.040429
          ],
          [
            80.240571,
            13.040861
          ],
          [
            80.24059,
            13.040961
          ],
          [
            80.240629,
            13.041262
          ],
          [
            80.240676,
            13.041755
          ],
          [
            80.24075,
            13.042242
          ],
          [
            80.240815,
            13.042705
          ],
          [
            80.240984,
            13.043953
          ]
        ]
      },
      "properties": {
        "id": "RE-00315",
        "name": "Doctor Nair Road",
        "highway": "primary",
        "length_m": 404.75,
        "elevation_m": 15.36,
        "maxspeed_kmh": 50
      }
    },
    {
      "type": "Feature",
      "geometry": {
        "type": "LineString",
        "coordinates": [
          [
            80.240984,
            13.043953
          ],
          [
            80.240815,
            13.042705
          ],
          [
            80.24075,
            13.042242
          ],
          [
            80.240676,
            13.041755
          ],
          [
            80.240629,
            13.041262
          ],
          [
            80.24059,
            13.040961
          ],
          [
            80.240571,
            13.040861
          ],
          [
            80.240514,
            13.040429
          ],
          [
            80.240502,
            13.040344
          ]
        ]
      },
      "properties": {
        "id": "RE-00316",
        "name": "Doctor Nair Road",
        "highway": "primary",
        "length_m": 404.75,
        "elevation_m": 15.36,
        "maxspeed_kmh": 50
      }
    },
    {
      "type": "Feature",
      "geometry": {
        "type": "LineString",
        "coordinates": [
          [
            80.240984,
            13.043953
          ],
          [
            80.240858,
            13.044146
          ]
        ]
      },
      "properties": {
        "id": "RE-00317",
        "name": "Doctor Nair Road",
        "highway": "primary",
        "length_m": 25.43,
        "elevation_m": 14.18,
        "maxspeed_kmh": 50
      }
    },
    {
      "type": "Feature",
      "geometry": {
        "type": "LineString",
        "coordinates": [
          [
            80.240984,
            13.043953
          ],
          [
            80.241705,
            13.043833
          ],
          [
            80.241822,
            13.043814
          ],
          [
            80.242218,
            13.043748
          ],
          [
            80.242389,
            13.043719
          ],
          [
            80.242451,
            13.043709
          ],
          [
            80.242747,
            13.043657
          ],
          [
            80.243309,
            13.043581
          ],
          [
            80.243375,
            13.043573
          ],
          [
            80.243505,
            13.043555
          ],
          [
            80.243664,
            13.043534
          ],
          [
            80.243816,
            13.043504
          ],
          [
            80.244594,
            13.043383
          ]
        ]
      },
      "properties": {
        "id": "RE-00318",
        "name": "Vijayaraghava Road",
        "highway": "primary",
        "length_m": 396.21,
        "elevation_m": 14.77,
        "maxspeed_kmh": 50
      }
    },
    {
      "type": "Feature",
      "geometry": {
        "type": "LineString",
        "coordinates": [
          [
            80.240858,
            13.044146
          ],
          [
            80.240984,
            13.043953
          ]
        ]
      },
      "properties": {
        "id": "RE-00319",
        "name": "Doctor Nair Road",
        "highway": "primary",
        "length_m": 25.43,
        "elevation_m": 14.18,
        "maxspeed_kmh": 50
      }
    },
    {
      "type": "Feature",
      "geometry": {
        "type": "LineString",
        "coordinates": [
          [
            80.240858,
            13.044146
          ],
          [
            80.240643,
            13.044475
          ]
        ]
      },
      "properties": {
        "id": "RE-00320",
        "name": "Doctor Nair Road",
        "highway": "primary",
        "length_m": 43.37,
        "elevation_m": 14.04,
        "maxspeed_kmh": 50
      }
    },
    {
      "type": "Feature",
      "geometry": {
        "type": "LineString",
        "coordinates": [
          [
            80.240643,
            13.044475
          ],
          [
            80.240858,
            13.044146
          ]
        ]
      },
      "properties": {
        "id": "RE-00321",
        "name": "Doctor Nair Road",
        "highway": "primary",
        "length_m": 43.37,
        "elevation_m": 14.04,
        "maxspeed_kmh": 50
      }
    },
    {
      "type": "Feature",
      "geometry": {
        "type": "LineString",
        "coordinates": [
          [
            80.240643,
            13.044475
          ],
          [
            80.240568,
            13.04454
          ],
          [
            80.240356,
            13.044861
          ],
          [
            80.240276,
            13.044984
          ],
          [
            80.240168,
            13.045163
          ]
        ]
      },
      "properties": {
        "id": "RE-00322",
        "name": "Dr Nair Road",
        "highway": "primary",
        "length_m": 92.6,
        "elevation_m": 13.84,
        "maxspeed_kmh": 50
      }
    },
    {
      "type": "Feature",
      "geometry": {
        "type": "LineString",
        "coordinates": [
          [
            80.240643,
            13.044475
          ],
          [
            80.240626,
            13.044556
          ],
          [
            80.240419,
            13.044881
          ],
          [
            80.24041,
            13.044896
          ],
          [
            80.240334,
            13.045015
          ],
          [
            80.240226,
            13.045195
          ],
          [
            80.240143,
            13.045331
          ]
        ]
      },
      "properties": {
        "id": "RE-00323",
        "name": "Thirumalai Road",
        "highway": "primary",
        "length_m": 110.02,
        "elevation_m": 13.73,
        "maxspeed_kmh": 50
      }
    },
    {
      "type": "Feature",
      "geometry": {
        "type": "LineString",
        "coordinates": [
          [
            80.240168,
            13.045163
          ],
          [
            80.240276,
            13.044984
          ],
          [
            80.240356,
            13.044861
          ],
          [
            80.240568,
            13.04454
          ],
          [
            80.240643,
            13.044475
          ]
        ]
      },
      "properties": {
        "id": "RE-00324",
        "name": "Dr Nair Road",
        "highway": "primary",
        "length_m": 92.6,
        "elevation_m": 13.84,
        "maxspeed_kmh": 50
      }
    },
    {
      "type": "Feature",
      "geometry": {
        "type": "LineString",
        "coordinates": [
          [
            80.240168,
            13.045163
          ],
          [
            80.240069,
            13.045324
          ]
        ]
      },
      "properties": {
        "id": "RE-00325",
        "name": "Thirumalai Pillai Road",
        "highway": "primary",
        "length_m": 20.87,
        "elevation_m": 13.82,
        "maxspeed_kmh": 50
      }
    },
    {
      "type": "Feature",
      "geometry": {
        "type": "LineString",
        "coordinates": [
          [
            80.234122,
            13.053813
          ],
          [
            80.234431,
            13.053752
          ],
          [
            80.23471,
            13.053706
          ],
          [
            80.235293,
            13.053604
          ],
          [
            80.236152,
            13.053435
          ],
          [
            80.236486,
            13.053367
          ],
          [
            80.237198,
            13.05325
          ],
          [
            80.237558,
            13.053194
          ],
          [
            80.237715,
            13.053173
          ],
          [
            80.238181,
            13.053088
          ],
          [
            80.238366,
            13.053046
          ],
          [
            80.239306,
            13.052831
          ],
          [
            80.240172,
            13.052611
          ],
          [
            80.24089,
            13.052432
          ]
        ]
      },
      "properties": {
        "id": "RE-00326",
        "name": "Dr MGR Salai",
        "highway": "primary",
        "length_m": 749.47,
        "elevation_m": 14.28,
        "maxspeed_kmh": 50
      }
    },
    {
      "type": "Feature",
      "geometry": {
        "type": "LineString",
        "coordinates": [
          [
            80.234122,
            13.053813
          ],
          [
            80.23404,
            13.053856
          ]
        ]
      },
      "properties": {
        "id": "RE-00327",
        "name": "Kodambakkam Railway Flyover",
        "highway": "primary",
        "length_m": 10.09,
        "elevation_m": 14.64,
        "maxspeed_kmh": 50
      }
    },
    {
      "type": "Feature",
      "geometry": {
        "type": "LineString",
        "coordinates": [
          [
            80.23404,
            13.053856
          ],
          [
            80.234122,
            13.053813
          ]
        ]
      },
      "properties": {
        "id": "RE-00328",
        "name": "Kodambakkam Railway Flyover",
        "highway": "primary",
        "length_m": 10.09,
        "elevation_m": 14.64,
        "maxspeed_kmh": 50
      }
    },
    {
      "type": "Feature",
      "geometry": {
        "type": "LineString",
        "coordinates": [
          [
            80.23404,
            13.053856
          ],
          [
            80.234014,
            13.053859
          ]
        ]
      },
      "properties": {
        "id": "RE-00329",
        "name": "Kodambakkam Railway Flyover",
        "highway": "primary",
        "length_m": 5.0,
        "elevation_m": 14.64,
        "maxspeed_kmh": 50
      }
    },
    {
      "type": "Feature",
      "geometry": {
        "type": "LineString",
        "coordinates": [
          [
            80.23404,
            13.053856
          ],
          [
            80.234136,
            13.0539
          ]
        ]
      },
      "properties": {
        "id": "RE-00330",
        "name": "Kodambakkam Railway Flyover",
        "highway": "primary",
        "length_m": 11.49,
        "elevation_m": 14.64,
        "maxspeed_kmh": 50
      }
    },
    {
      "type": "Feature",
      "geometry": {
        "type": "LineString",
        "coordinates": [
          [
            80.234014,
            13.053859
          ],
          [
            80.23404,
            13.053856
          ]
        ]
      },
      "properties": {
        "id": "RE-00331",
        "name": "Kodambakkam Railway Flyover",
        "highway": "primary",
        "length_m": 5.0,
        "elevation_m": 14.64,
        "maxspeed_kmh": 50
      }
    },
    {
      "type": "Feature",
      "geometry": {
        "type": "LineString",
        "coordinates": [
          [
            80.234014,
            13.053859
          ],
          [
            80.233045,
            13.053965
          ]
        ]
      },
      "properties": {
        "id": "RE-00332",
        "name": "Kodambakkam Railway Flyover",
        "highway": "primary",
        "length_m": 105.62,
        "elevation_m": 14.64,
        "maxspeed_kmh": 50
      }
    },
    {
      "type": "Feature",
      "geometry": {
        "type": "LineString",
        "coordinates": [
          [
            80.233045,
            13.053965
          ],
          [
            80.234014,
            13.053859
          ]
        ]
      },
      "properties": {
        "id": "RE-00333",
        "name": "Kodambakkam Railway Flyover",
        "highway": "primary",
        "length_m": 105.62,
        "elevation_m": 14.64,
        "maxspeed_kmh": 50
      }
    },
    {
      "type": "Feature",
      "geometry": {
        "type": "LineString",
        "coordinates": [
          [
            80.233045,
            13.053965
          ],
          [
            80.2324,
            13.054038
          ]
        ]
      },
      "properties": {
        "id": "RE-00334",
        "name": "Kodambakkam Railway Flyover",
        "highway": "primary",
        "length_m": 70.34,
        "elevation_m": 15.28,
        "maxspeed_kmh": 50
      }
    },
    {
      "type": "Feature",
      "geometry": {
        "type": "LineString",
        "coordinates": [
          [
            80.2324,
            13.054038
          ],
          [
            80.233045,
            13.053965
          ]
        ]
      },
      "properties": {
        "id": "RE-00335",
        "name": "Kodambakkam Railway Flyover",
        "highway": "primary",
        "length_m": 70.34,
        "elevation_m": 15.28,
        "maxspeed_kmh": 50
      }
    },
    {
      "type": "Feature",
      "geometry": {
        "type": "LineString",
        "coordinates": [
          [
            80.2324,
            13.054038
          ],
          [
            80.232084,
            13.054073
          ]
        ]
      },
      "properties": {
        "id": "RE-00336",
        "name": "Kodambakkam Railway Flyover",
        "highway": "primary",
        "length_m": 34.45,
        "elevation_m": 15.47,
        "maxspeed_kmh": 50
      }
    },
    {
      "type": "Feature",
      "geometry": {
        "type": "LineString",
        "coordinates": [
          [
            80.232084,
            13.054073
          ],
          [
            80.2324,
            13.054038
          ]
        ]
      },
      "properties": {
        "id": "RE-00337",
        "name": "Kodambakkam Railway Flyover",
        "highway": "primary",
        "length_m": 34.45,
        "elevation_m": 15.47,
        "maxspeed_kmh": 50
      }
    },
    {
      "type": "Feature",
      "geometry": {
        "type": "LineString",
        "coordinates": [
          [
            80.232084,
            13.054073
          ],
          [
            80.2317,
            13.05411
          ]
        ]
      },
      "properties": {
        "id": "RE-00338",
        "name": "Kodambakkam Railway Flyover",
        "highway": "primary",
        "length_m": 41.8,
        "elevation_m": 15.52,
        "maxspeed_kmh": 50
      }
    },
    {
      "type": "Feature",
      "geometry": {
        "type": "LineString",
        "coordinates": [
          [
            80.2317,
            13.05411
          ],
          [
            80.232084,
            13.054073
          ]
        ]
      },
      "properties": {
        "id": "RE-00339",
        "name": "Kodambakkam Railway Flyover",
        "highway": "primary",
        "length_m": 41.8,
        "elevation_m": 15.52,
        "maxspeed_kmh": 50
      }
    },
    {
      "type": "Feature",
      "geometry": {
        "type": "LineString",
        "coordinates": [
          [
            80.2317,
            13.05411
          ],
          [
            80.231573,
            13.054122
          ]
        ]
      },
      "properties": {
        "id": "RE-00340",
        "name": "Kodambakkam Railway Flyover",
        "highway": "primary",
        "length_m": 13.82,
        "elevation_m": 15.62,
        "maxspeed_kmh": 50
      }
    },
    {
      "type": "Feature",
      "geometry": {
        "type": "LineString",
        "coordinates": [
          [
            80.231573,
            13.054122
          ],
          [
            80.2317,
            13.05411
          ]
        ]
      },
      "properties": {
        "id": "RE-00341",
        "name": "Kodambakkam Railway Flyover",
        "highway": "primary",
        "length_m": 13.82,
        "elevation_m": 15.62,
        "maxspeed_kmh": 50
      }
    },
    {
      "type": "Feature",
      "geometry": {
        "type": "LineString",
        "coordinates": [
          [
            80.231573,
            13.054122
          ],
          [
            80.231525,
            13.054126
          ]
        ]
      },
      "properties": {
        "id": "RE-00342",
        "name": "Kodambakkam Railway Flyover",
        "highway": "primary",
        "length_m": 5.22,
        "elevation_m": 15.67,
        "maxspeed_kmh": 50
      }
    },
    {
      "type": "Feature",
      "geometry": {
        "type": "LineString",
        "coordinates": [
          [
            80.231525,
            13.054126
          ],
          [
            80.231573,
            13.054122
          ]
        ]
      },
      "properties": {
        "id": "RE-00343",
        "name": "Kodambakkam Railway Flyover",
        "highway": "primary",
        "length_m": 5.22,
        "elevation_m": 15.67,
        "maxspeed_kmh": 50
      }
    },
    {
      "type": "Feature",
      "geometry": {
        "type": "LineString",
        "coordinates": [
          [
            80.231525,
            13.054126
          ],
          [
            80.231472,
            13.054128
          ]
        ]
      },
      "properties": {
        "id": "RE-00344",
        "name": "Kodambakkam Railway Flyover",
        "highway": "primary",
        "length_m": 5.75,
        "elevation_m": 15.67,
        "maxspeed_kmh": 50
      }
    },
    {
      "type": "Feature",
      "geometry": {
        "type": "LineString",
        "coordinates": [
          [
            80.231472,
            13.054128
          ],
          [
            80.231525,
            13.054126
          ]
        ]
      },
      "properties": {
        "id": "RE-00345",
        "name": "Kodambakkam Railway Flyover",
        "highway": "primary",
        "length_m": 5.75,
        "elevation_m": 15.67,
        "maxspeed_kmh": 50
      }
    },
    {
      "type": "Feature",
      "geometry": {
        "type": "LineString",
        "coordinates": [
          [
            80.231472,
            13.054128
          ],
          [
            80.231395,
            13.054128
          ]
        ]
      },
      "properties": {
        "id": "RE-00346",
        "name": "Kodambakkam Railway Flyover",
        "highway": "primary",
        "length_m": 8.34,
        "elevation_m": 15.69,
        "maxspeed_kmh": 50
      }
    },
    {
      "type": "Feature",
      "geometry": {
        "type": "LineString",
        "coordinates": [
          [
            80.231395,
            13.054128
          ],
          [
            80.231472,
            13.054128
          ]
        ]
      },
      "properties": {
        "id": "RE-00347",
        "name": "Kodambakkam Railway Flyover",
        "highway": "primary",
        "length_m": 8.34,
        "elevation_m": 15.69,
        "maxspeed_kmh": 50
      }
    },
    {
      "type": "Feature",
      "geometry": {
        "type": "LineString",
        "coordinates": [
          [
            80.231395,
            13.054128
          ],
          [
            80.231327,
            13.054127
          ]
        ]
      },
      "properties": {
        "id": "RE-00348",
        "name": "Kodambakkam Railway Flyover",
        "highway": "primary",
        "length_m": 7.37,
        "elevation_m": 14.54,
        "maxspeed_kmh": 50
      }
    },
    {
      "type": "Feature",
      "geometry": {
        "type": "LineString",
        "coordinates": [
          [
            80.231327,
            13.054127
          ],
          [
            80.231395,
            13.054128
          ]
        ]
      },
      "properties": {
        "id": "RE-00349",
        "name": "Kodambakkam Railway Flyover",
        "highway": "primary",
        "length_m": 7.37,
        "elevation_m": 14.54,
        "maxspeed_kmh": 50
      }
    },
    {
      "type": "Feature",
      "geometry": {
        "type": "LineString",
        "coordinates": [
          [
            80.231327,
            13.054127
          ],
          [
            80.231312,
            13.054126
          ]
        ]
      },
      "properties": {
        "id": "RE-00350",
        "name": "Kodambakkam Railway Flyover",
        "highway": "primary",
        "length_m": 5.0,
        "elevation_m": 14.54,
        "maxspeed_kmh": 50
      }
    },
    {
      "type": "Feature",
      "geometry": {
        "type": "LineString",
        "coordinates": [
          [
            80.231312,
            13.054126
          ],
          [
            80.231327,
            13.054127
          ]
        ]
      },
      "properties": {
        "id": "RE-00351",
        "name": "Kodambakkam Railway Flyover",
        "highway": "primary",
        "length_m": 5.0,
        "elevation_m": 14.54,
        "maxspeed_kmh": 50
      }
    },
    {
      "type": "Feature",
      "geometry": {
        "type": "LineString",
        "coordinates": [
          [
            80.231312,
            13.054126
          ],
          [
            80.231287,
            13.054126
          ]
        ]
      },
      "properties": {
        "id": "RE-00352",
        "name": "Kodambakkam Railway Flyover",
        "highway": "primary",
        "length_m": 5.0,
        "elevation_m": 15.72,
        "maxspeed_kmh": 50
      }
    },
    {
      "type": "Feature",
      "geometry": {
        "type": "LineString",
        "coordinates": [
          [
            80.231287,
            13.054126
          ],
          [
            80.231312,
            13.054126
          ]
        ]
      },
      "properties": {
        "id": "RE-00353",
        "name": "Kodambakkam Railway Flyover",
        "highway": "primary",
        "length_m": 5.0,
        "elevation_m": 15.72,
        "maxspeed_kmh": 50
      }
    },
    {
      "type": "Feature",
      "geometry": {
        "type": "LineString",
        "coordinates": [
          [
            80.231287,
            13.054126
          ],
          [
            80.230966,
            13.054125
          ]
        ]
      },
      "properties": {
        "id": "RE-00354",
        "name": "Kodambakkam Railway Flyover",
        "highway": "primary",
        "length_m": 34.77,
        "elevation_m": 15.72,
        "maxspeed_kmh": 50
      }
    },
    {
      "type": "Feature",
      "geometry": {
        "type": "LineString",
        "coordinates": [
          [
            80.230966,
            13.054125
          ],
          [
            80.231287,
            13.054126
          ]
        ]
      },
      "properties": {
        "id": "RE-00355",
        "name": "Kodambakkam Railway Flyover",
        "highway": "primary",
        "length_m": 34.77,
        "elevation_m": 15.72,
        "maxspeed_kmh": 50
      }
    },
    {
      "type": "Feature",
      "geometry": {
        "type": "LineString",
        "coordinates": [
          [
            80.230966,
            13.054125
          ],
          [
            80.230954,
            13.054125
          ]
        ]
      },
      "properties": {
        "id": "RE-00356",
        "name": "Kodambakkam Railway Flyover",
        "highway": "primary",
        "length_m": 5.0,
        "elevation_m": 14.61,
        "maxspeed_kmh": 50
      }
    },
    {
      "type": "Feature",
      "geometry": {
        "type": "LineString",
        "coordinates": [
          [
            80.230954,
            13.054125
          ],
          [
            80.230966,
            13.054125
          ]
        ]
      },
      "properties": {
        "id": "RE-00357",
        "name": "Kodambakkam Railway Flyover",
        "highway": "primary",
        "length_m": 5.0,
        "elevation_m": 14.61,
        "maxspeed_kmh": 50
      }
    },
    {
      "type": "Feature",
      "geometry": {
        "type": "LineString",
        "coordinates": [
          [
            80.230954,
            13.054125
          ],
          [
            80.230177,
            13.054122
          ]
        ]
      },
      "properties": {
        "id": "RE-00358",
        "name": "Kodambakkam Railway Flyover",
        "highway": "primary",
        "length_m": 84.17,
        "elevation_m": 14.61,
        "maxspeed_kmh": 50
      }
    },
    {
      "type": "Feature",
      "geometry": {
        "type": "LineString",
        "coordinates": [
          [
            80.230177,
            13.054122
          ],
          [
            80.230954,
            13.054125
          ]
        ]
      },
      "properties": {
        "id": "RE-00359",
        "name": "Kodambakkam Railway Flyover",
        "highway": "primary",
        "length_m": 84.17,
        "elevation_m": 14.61,
        "maxspeed_kmh": 50
      }
    },
    {
      "type": "Feature",
      "geometry": {
        "type": "LineString",
        "coordinates": [
          [
            80.230177,
            13.054122
          ],
          [
            80.229814,
            13.054122
          ]
        ]
      },
      "properties": {
        "id": "RE-00360",
        "name": "Kodambakkam Railway Flyover",
        "highway": "primary",
        "length_m": 39.32,
        "elevation_m": 15.98,
        "maxspeed_kmh": 50
      }
    },
    {
      "type": "Feature",
      "geometry": {
        "type": "LineString",
        "coordinates": [
          [
            80.229814,
            13.054122
          ],
          [
            80.230177,
            13.054122
          ]
        ]
      },
      "properties": {
        "id": "RE-00361",
        "name": "Kodambakkam Railway Flyover",
        "highway": "primary",
        "length_m": 39.32,
        "elevation_m": 15.98,
        "maxspeed_kmh": 50
      }
    },
    {
      "type": "Feature",
      "geometry": {
        "type": "LineString",
        "coordinates": [
          [
            80.229814,
            13.054122
          ],
          [
            80.229353,
            13.05411
          ]
        ]
      },
      "properties": {
        "id": "RE-00362",
        "name": "Kodambakkam Railway Flyover",
        "highway": "primary",
        "length_m": 49.95,
        "elevation_m": 15.87,
        "maxspeed_kmh": 50
      }
    },
    {
      "type": "Feature",
      "geometry": {
        "type": "LineString",
        "coordinates": [
          [
            80.229353,
            13.05411
          ],
          [
            80.229814,
            13.054122
          ]
        ]
      },
      "properties": {
        "id": "RE-00363",
        "name": "Kodambakkam Railway Flyover",
        "highway": "primary",
        "length_m": 49.95,
        "elevation_m": 15.87,
        "maxspeed_kmh": 50
      }
    },
    {
      "type": "Feature",
      "geometry": {
        "type": "LineString",
        "coordinates": [
          [
            80.229353,
            13.05411
          ],
          [
            80.229176,
            13.054102
          ]
        ]
      },
      "properties": {
        "id": "RE-00364",
        "name": "Kodambakkam Railway Flyover",
        "highway": "primary",
        "length_m": 19.19,
        "elevation_m": 15.56,
        "maxspeed_kmh": 50
      }
    },
    {
      "type": "Feature",
      "geometry": {
        "type": "LineString",
        "coordinates": [
          [
            80.229176,
            13.054102
          ],
          [
            80.229353,
            13.05411
          ]
        ]
      },
      "properties": {
        "id": "RE-00365",
        "name": "Kodambakkam Railway Flyover",
        "highway": "primary",
        "length_m": 19.19,
        "elevation_m": 15.56,
        "maxspeed_kmh": 50
      }
    },
    {
      "type": "Feature",
      "geometry": {
        "type": "LineString",
        "coordinates": [
          [
            80.229176,
            13.054102
          ],
          [
            80.228896,
            13.054087
          ]
        ]
      },
      "properties": {
        "id": "RE-00366",
        "name": "Kodambakkam Railway Flyover",
        "highway": "primary",
        "length_m": 30.38,
        "elevation_m": 15.56,
        "maxspeed_kmh": 50
      }
    },
    {
      "type": "Feature",
      "geometry": {
        "type": "LineString",
        "coordinates": [
          [
            80.228896,
            13.054087
          ],
          [
            80.229176,
            13.054102
          ]
        ]
      },
      "properties": {
        "id": "RE-00367",
        "name": "Kodambakkam Railway Flyover",
        "highway": "primary",
        "length_m": 30.38,
        "elevation_m": 15.56,
        "maxspeed_kmh": 50
      }
    },
    {
      "type": "Feature",
      "geometry": {
        "type": "LineString",
        "coordinates": [
          [
            80.228896,
            13.054087
          ],
          [
            80.228286,
            13.054056
          ]
        ]
      },
      "properties": {
        "id": "RE-00368",
        "name": "Kodambakkam Railway Flyover",
        "highway": "primary",
        "length_m": 66.17,
        "elevation_m": 15.36,
        "maxspeed_kmh": 50
      }
    },
    {
      "type": "Feature",
      "geometry": {
        "type": "LineString",
        "coordinates": [
          [
            80.228286,
            13.054056
          ],
          [
            80.228896,
            13.054087
          ]
        ]
      },
      "properties": {
        "id": "RE-00369",
        "name": "Kodambakkam Railway Flyover",
        "highway": "primary",
        "length_m": 66.17,
        "elevation_m": 15.36,
        "maxspeed_kmh": 50
      }
    },
    {
      "type": "Feature",
      "geometry": {
        "type": "LineString",
        "coordinates": [
          [
            80.228286,
            13.054056
          ],
          [
            80.228233,
            13.054054
          ]
        ]
      },
      "properties": {
        "id": "RE-00370",
        "name": "Kodambakkam Railway Flyover",
        "highway": "primary",
        "length_m": 5.75,
        "elevation_m": 15.05,
        "maxspeed_kmh": 50
      }
    },
    {
      "type": "Feature",
      "geometry": {
        "type": "LineString",
        "coordinates": [
          [
            80.228233,
            13.054054
          ],
          [
            80.228286,
            13.054056
          ]
        ]
      },
      "properties": {
        "id": "RE-00371",
        "name": "Kodambakkam Railway Flyover",
        "highway": "primary",
        "length_m": 5.75,
        "elevation_m": 15.05,
        "maxspeed_kmh": 50
      }
    },
    {
      "type": "Feature",
      "geometry": {
        "type": "LineString",
        "coordinates": [
          [
            80.228233,
            13.054054
          ],
          [
            80.228019,
            13.053952
          ],
          [
            80.227831,
            13.053932
          ]
        ]
      },
      "properties": {
        "id": "RE-00372",
        "name": "Nagerkoyil Sudalaimuthu Krishnan (NSK) Salai",
        "highway": "primary",
        "length_m": 46.29,
        "elevation_m": 14.94,
        "maxspeed_kmh": 50
      }
    },
    {
      "type": "Feature",
      "geometry": {
        "type": "LineString",
        "coordinates": [
          [
            80.228233,
            13.054054
          ],
          [
            80.228134,
            13.054061
          ],
          [
            80.228028,
            13.054066
          ]
        ]
      },
      "properties": {
        "id": "RE-00373",
        "name": "Kodambakkam Railway Flyover",
        "highway": "primary",
        "length_m": 22.25,
        "elevation_m": 15.05,
        "maxspeed_kmh": 50
      }
    },
    {
      "type": "Feature",
      "geometry": {
        "type": "LineString",
        "coordinates": [
          [
            80.227831,
            13.053932
          ],
          [
            80.228019,
            13.053952
          ],
          [
            80.228233,
            13.054054
          ]
        ]
      },
      "properties": {
        "id": "RE-00374",
        "name": "Nagerkoyil Sudalaimuthu Krishnan (NSK) Salai",
        "highway": "primary",
        "length_m": 46.29,
        "elevation_m": 14.94,
        "maxspeed_kmh": 50
      }
    },
    {
      "type": "Feature",
      "geometry": {
        "type": "LineString",
        "coordinates": [
          [
            80.227831,
            13.053932
          ],
          [
            80.227847,
            13.053854
          ],
          [
            80.227728,
            13.053265
          ],
          [
            80.227712,
            13.053155
          ],
          [
            80.227665,
            13.052893
          ],
          [
            80.227623,
            13.052678
          ],
          [
            80.227583,
            13.052487
          ],
          [
            80.227554,
            13.052347
          ]
        ]
      },
      "properties": {
        "id": "RE-00375",
        "name": "UI Colony 1st Main Road",
        "highway": "primary",
        "length_m": 179.42,
        "elevation_m": 15.94,
        "maxspeed_kmh": 50
      }
    },
    {
      "type": "Feature",
      "geometry": {
        "type": "LineString",
        "coordinates": [
          [
            80.227554,
            13.052347
          ],
          [
            80.227583,
            13.052487
          ],
          [
            80.227623,
            13.052678
          ],
          [
            80.227665,
            13.052893
          ],
          [
            80.227712,
            13.053155
          ],
          [
            80.227728,
            13.053265
          ],
          [
            80.227847,
            13.053854
          ],
          [
            80.227831,
            13.053932
          ]
        ]
      },
      "properties": {
        "id": "RE-00376",
        "name": "UI Colony 1st Main Road",
        "highway": "primary",
        "length_m": 179.42,
        "elevation_m": 15.94,
        "maxspeed_kmh": 50
      }
    },
    {
      "type": "Feature",
      "geometry": {
        "type": "LineString",
        "coordinates": [
          [
            80.227554,
            13.052347
          ],
          [
            80.2262,
            13.052486
          ]
        ]
      },
      "properties": {
        "id": "RE-00377",
        "name": "2nd Cross Street",
        "highway": "secondary",
        "length_m": 147.48,
        "elevation_m": 15.19,
        "maxspeed_kmh": 40
      }
    },
    {
      "type": "Feature",
      "geometry": {
        "type": "LineString",
        "coordinates": [
          [
            80.2262,
            13.052486
          ],
          [
            80.227554,
            13.052347
          ]
        ]
      },
      "properties": {
        "id": "RE-00378",
        "name": "2nd Cross Street",
        "highway": "secondary",
        "length_m": 147.48,
        "elevation_m": 15.19,
        "maxspeed_kmh": 40
      }
    },
    {
      "type": "Feature",
      "geometry": {
        "type": "LineString",
        "coordinates": [
          [
            80.2262,
            13.052486
          ],
          [
            80.226118,
            13.052582
          ],
          [
            80.226016,
            13.052674
          ],
          [
            80.225872,
            13.05276
          ],
          [
            80.225661,
            13.052826
          ],
          [
            80.225437,
            13.052832
          ],
          [
            80.225228,
            13.05278
          ],
          [
            80.225061,
            13.052691
          ],
          [
            80.224912,
            13.052555
          ]
        ]
      },
      "properties": {
        "id": "RE-00379",
        "name": "Circular Road",
        "highway": "primary",
        "length_m": 161.62,
        "elevation_m": 14.81,
        "maxspeed_kmh": 50
      }
    },
    {
      "type": "Feature",
      "geometry": {
        "type": "LineString",
        "coordinates": [
          [
            80.224912,
            13.052555
          ],
          [
            80.225061,
            13.052691
          ],
          [
            80.225228,
            13.05278
          ],
          [
            80.225437,
            13.052832
          ],
          [
            80.225661,
            13.052826
          ],
          [
            80.225872,
            13.05276
          ],
          [
            80.226016,
            13.052674
          ],
          [
            80.226118,
            13.052582
          ],
          [
            80.2262,
            13.052486
          ]
        ]
      },
      "properties": {
        "id": "RE-00380",
        "name": "Circular Road",
        "highway": "primary",
        "length_m": 161.62,
        "elevation_m": 14.81,
        "maxspeed_kmh": 50
      }
    },
    {
      "type": "Feature",
      "geometry": {
        "type": "LineString",
        "coordinates": [
          [
            80.224912,
            13.052555
          ],
          [
            80.223954,
            13.052697
          ]
        ]
      },
      "properties": {
        "id": "RE-00381",
        "name": "6th Cross Street",
        "highway": "secondary",
        "length_m": 104.97,
        "elevation_m": 14.85,
        "maxspeed_kmh": 40
      }
    },
    {
      "type": "Feature",
      "geometry": {
        "type": "LineString",
        "coordinates": [
          [
            80.223954,
            13.052697
          ],
          [
            80.224912,
            13.052555
          ]
        ]
      },
      "properties": {
        "id": "RE-00382",
        "name": "6th Cross Street",
        "highway": "secondary",
        "length_m": 104.97,
        "elevation_m": 14.85,
        "maxspeed_kmh": 40
      }
    },
    {
      "type": "Feature",
      "geometry": {
        "type": "LineString",
        "coordinates": [
          [
            80.223954,
            13.052697
          ],
          [
            80.224086,
            13.0533
          ]
        ]
      },
      "properties": {
        "id": "RE-00383",
        "name": "Anna Main Road",
        "highway": "primary",
        "length_m": 68.56,
        "elevation_m": 14.84,
        "maxspeed_kmh": 50
      }
    },
    {
      "type": "Feature",
      "geometry": {
        "type": "LineString",
        "coordinates": [
          [
            80.223954,
            13.052697
          ],
          [
            80.223748,
            13.051657
          ]
        ]
      },
      "properties": {
        "id": "RE-00384",
        "name": "Anna Main Road",
        "highway": "primary",
        "length_m": 117.78,
        "elevation_m": 14.85,
        "maxspeed_kmh": 50
      }
    },
    {
      "type": "Feature",
      "geometry": {
        "type": "LineString",
        "coordinates": [
          [
            80.224086,
            13.0533
          ],
          [
            80.223954,
            13.052697
          ]
        ]
      },
      "properties": {
        "id": "RE-00385",
        "name": "Anna Main Road",
        "highway": "primary",
        "length_m": 68.56,
        "elevation_m": 14.84,
        "maxspeed_kmh": 50
      }
    },
    {
      "type": "Feature",
      "geometry": {
        "type": "LineString",
        "coordinates": [
          [
            80.224086,
            13.0533
          ],
          [
            80.224116,
            13.053464
          ]
        ]
      },
      "properties": {
        "id": "RE-00386",
        "name": "Anna Main Road",
        "highway": "primary",
        "length_m": 18.52,
        "elevation_m": 14.95,
        "maxspeed_kmh": 50
      }
    },
    {
      "type": "Feature",
      "geometry": {
        "type": "LineString",
        "coordinates": [
          [
            80.224086,
            13.0533
          ],
          [
            80.225109,
            13.053535
          ],
          [
            80.225132,
            13.053679
          ]
        ]
      },
      "properties": {
        "id": "RE-00387",
        "name": "Nagerkoyil Sudalaimuthu Krishnan (NSK) Salai",
        "highway": "primary",
        "length_m": 130.06,
        "elevation_m": 14.77,
        "maxspeed_kmh": 50
      }
    },
    {
      "type": "Feature",
      "geometry": {
        "type": "LineString",
        "coordinates": [
          [
            80.224116,
            13.053464
          ],
          [
            80.224086,
            13.0533
          ]
        ]
      },
      "properties": {
        "id": "RE-00388",
        "name": "Anna Main Road",
        "highway": "primary",
        "length_m": 18.52,
        "elevation_m": 14.95,
        "maxspeed_kmh": 50
      }
    },
    {
      "type": "Feature",
      "geometry": {
        "type": "LineString",
        "coordinates": [
          [
            80.224116,
            13.053464
          ],
          [
            80.224051,
            13.054112
          ],
          [
            80.223995,
            13.054671
          ],
          [
            80.22405,
            13.055185
          ],
          [
            80.224082,
            13.055814
          ],
          [
            80.22412,
            13.056368
          ],
          [
            80.224147,
            13.056904
          ],
          [
            80.224158,
            13.05722
          ],
          [
            80.22417,
            13.057494
          ],
          [
            80.22418,
            13.057702
          ],
          [
            80.224183,
            13.057756
          ],
          [
            80.22419,
            13.057913
          ],
          [
            80.2242,
            13.058157
          ],
          [
            80.224204,
            13.058236
          ],
          [
            80.224215,
            13.05851
          ]
        ]
      },
      "properties": {
        "id": "RE-00389",
        "name": "Puliyur Main Road",
        "highway": "primary",
        "length_m": 562.49,
        "elevation_m": 16.26,
        "maxspeed_kmh": 50
      }
    },
    {
      "type": "Feature",
      "geometry": {
        "type": "LineString",
        "coordinates": [
          [
            80.224215,
            13.05851
          ],
          [
            80.224204,
            13.058236
          ],
          [
            80.2242,
            13.058157
          ],
          [
            80.22419,
            13.057913
          ],
          [
            80.224183,
            13.057756
          ],
          [
            80.22418,
            13.057702
          ],
          [
            80.22417,
            13.057494
          ],
          [
            80.224158,
            13.05722
          ],
          [
            80.224147,
            13.056904
          ],
          [
            80.22412,
            13.056368
          ],
          [
            80.224082,
            13.055814
          ],
          [
            80.22405,
            13.055185
          ],
          [
            80.223995,
            13.054671
          ],
          [
            80.224051,
            13.054112
          ],
          [
            80.224116,
            13.053464
          ]
        ]
      },
      "properties": {
        "id": "RE-00390",
        "name": "Puliyur Main Road",
        "highway": "primary",
        "length_m": 562.49,
        "elevation_m": 16.26,
        "maxspeed_kmh": 50
      }
    },
    {
      "type": "Feature",
      "geometry": {
        "type": "LineString",
        "coordinates": [
          [
            80.224215,
            13.05851
          ],
          [
            80.224666,
            13.05863
          ]
        ]
      },
      "properties": {
        "id": "RE-00391",
        "name": "Vanniyar Street",
        "highway": "secondary",
        "length_m": 50.64,
        "elevation_m": 15.74,
        "maxspeed_kmh": 40
      }
    },
    {
      "type": "Feature",
      "geometry": {
        "type": "LineString",
        "coordinates": [
          [
            80.224666,
            13.05863
          ],
          [
            80.224215,
            13.05851
          ]
        ]
      },
      "properties": {
        "id": "RE-00392",
        "name": "Vanniyar Street",
        "highway": "secondary",
        "length_m": 50.64,
        "elevation_m": 15.74,
        "maxspeed_kmh": 40
      }
    },
    {
      "type": "Feature",
      "geometry": {
        "type": "LineString",
        "coordinates": [
          [
            80.224666,
            13.05863
          ],
          [
            80.224699,
            13.059307
          ],
          [
            80.224854,
            13.059969
          ]
        ]
      },
      "properties": {
        "id": "RE-00393",
        "name": "Connecting Avenue",
        "highway": "primary",
        "length_m": 150.87,
        "elevation_m": 15.43,
        "maxspeed_kmh": 50
      }
    },
    {
      "type": "Feature",
      "geometry": {
        "type": "LineString",
        "coordinates": [
          [
            80.224854,
            13.059969
          ],
          [
            80.224699,
            13.059307
          ],
          [
            80.224666,
            13.05863
          ]
        ]
      },
      "properties": {
        "id": "RE-00394",
        "name": "Connecting Avenue",
        "highway": "primary",
        "length_m": 150.87,
        "elevation_m": 15.43,
        "maxspeed_kmh": 50
      }
    },
    {
      "type": "Feature",
      "geometry": {
        "type": "LineString",
        "coordinates": [
          [
            80.224854,
            13.059969
          ],
          [
            80.224985,
            13.059938
          ]
        ]
      },
      "properties": {
        "id": "RE-00395",
        "name": "Connecting Avenue",
        "highway": "primary",
        "length_m": 14.6,
        "elevation_m": 15.02,
        "maxspeed_kmh": 50
      }
    },
    {
      "type": "Feature",
      "geometry": {
        "type": "LineString",
        "coordinates": [
          [
            80.224854,
            13.059969
          ],
          [
            80.224486,
            13.060019
          ],
          [
            80.224347,
            13.060006
          ],
          [
            80.223232,
            13.060336
          ]
        ]
      },
      "properties": {
        "id": "RE-00396",
        "name": "Connecting Avenue",
        "highway": "primary",
        "length_m": 181.6,
        "elevation_m": 15.05,
        "maxspeed_kmh": 50
      }
    },
    {
      "type": "Feature",
      "geometry": {
        "type": "LineString",
        "coordinates": [
          [
            80.224985,
            13.059938
          ],
          [
            80.224854,
            13.059969
          ]
        ]
      },
      "properties": {
        "id": "RE-00397",
        "name": "Connecting Avenue",
        "highway": "primary",
        "length_m": 14.6,
        "elevation_m": 15.02,
        "maxspeed_kmh": 50
      }
    },
    {
      "type": "Feature",
      "geometry": {
        "type": "LineString",
        "coordinates": [
          [
            80.224985,
            13.059938
          ],
          [
            80.224985,
            13.059938
          ]
        ]
      },
      "properties": {
        "id": "RE-00398",
        "name": "Jothiramjalina Gai Street",
        "highway": "secondary",
        "length_m": 5.0,
        "elevation_m": 15.02,
        "maxspeed_kmh": 40
      }
    },
    {
      "type": "Feature",
      "geometry": {
        "type": "LineString",
        "coordinates": [
          [
            80.236259,
            13.062276
          ],
          [
            80.236704,
            13.061823
          ],
          [
            80.237167,
            13.061412
          ],
          [
            80.237346,
            13.061213
          ],
          [
            80.23743,
            13.061078
          ]
        ]
      },
      "properties": {
        "id": "RE-00399",
        "name": "Tank Bund Road",
        "highway": "primary",
        "length_m": 184.54,
        "elevation_m": 14.81,
        "maxspeed_kmh": 50
      }
    },
    {
      "type": "Feature",
      "geometry": {
        "type": "LineString",
        "coordinates": [
          [
            80.236259,
            13.062276
          ],
          [
            80.236012,
            13.062609
          ],
          [
            80.235882,
            13.062818
          ],
          [
            80.235828,
            13.062889
          ],
          [
            80.235373,
            13.063583
          ],
          [
            80.235304,
            13.063709
          ],
          [
            80.235255,
            13.063797
          ],
          [
            80.235236,
            13.063831
          ],
          [
            80.234775,
            13.064663
          ],
          [
            80.234458,
            13.065264
          ],
          [
            80.234412,
            13.065311
          ]
        ]
      },
      "properties": {
        "id": "RE-00400",
        "name": "Nelson Manickam Road",
        "highway": "primary",
        "length_m": 393.04,
        "elevation_m": 15.43,
        "maxspeed_kmh": 50
      }
    },
    {
      "type": "Feature",
      "geometry": {
        "type": "LineString",
        "coordinates": [
          [
            80.234412,
            13.065311
          ],
          [
            80.234458,
            13.065264
          ],
          [
            80.234775,
            13.064663
          ],
          [
            80.235236,
            13.063831
          ],
          [
            80.235255,
            13.063797
          ],
          [
            80.235304,
            13.063709
          ],
          [
            80.235373,
            13.063583
          ],
          [
            80.235828,
            13.062889
          ],
          [
            80.235882,
            13.062818
          ],
          [
            80.236012,
            13.062609
          ],
          [
            80.236259,
            13.062276
          ]
        ]
      },
      "properties": {
        "id": "RE-00401",
        "name": "Nelson Manickam Road",
        "highway": "primary",
        "length_m": 393.04,
        "elevation_m": 15.43,
        "maxspeed_kmh": 50
      }
    },
    {
      "type": "Feature",
      "geometry": {
        "type": "LineString",
        "coordinates": [
          [
            80.234412,
            13.065311
          ],
          [
            80.234397,
            13.065326
          ],
          [
            80.234234,
            13.065494
          ],
          [
            80.233799,
            13.065708
          ],
          [
            80.233285,
            13.065882
          ],
          [
            80.232562,
            13.066119
          ],
          [
            80.232248,
            13.066222
          ],
          [
            80.231911,
            13.066334
          ],
          [
            80.231515,
            13.06644
          ],
          [
            80.231431,
            13.06646
          ],
          [
            80.231376,
            13.066473
          ]
        ]
      },
      "properties": {
        "id": "RE-00402",
        "name": "Nungambakkam Subway",
        "highway": "secondary",
        "length_m": 356.82,
        "elevation_m": 8.4,
        "maxspeed_kmh": 40
      }
    },
    {
      "type": "Feature",
      "geometry": {
        "type": "LineString",
        "coordinates": [
          [
            80.231376,
            13.066473
          ],
          [
            80.231431,
            13.06646
          ],
          [
            80.231515,
            13.06644
          ],
          [
            80.231911,
            13.066334
          ],
          [
            80.232248,
            13.066222
          ],
          [
            80.232562,
            13.066119
          ],
          [
            80.233285,
            13.065882
          ],
          [
            80.233799,
            13.065708
          ],
          [
            80.234234,
            13.065494
          ],
          [
            80.234397,
            13.065326
          ],
          [
            80.234412,
            13.065311
          ]
        ]
      },
      "properties": {
        "id": "RE-00403",
        "name": "Nungambakkam Subway",
        "highway": "secondary",
        "length_m": 356.82,
        "elevation_m": 8.4,
        "maxspeed_kmh": 40
      }
    },
    {
      "type": "Feature",
      "geometry": {
        "type": "LineString",
        "coordinates": [
          [
            80.231376,
            13.066473
          ],
          [
            80.231285,
            13.066495
          ],
          [
            80.230754,
            13.066617
          ],
          [
            80.230404,
            13.066697
          ],
          [
            80.230106,
            13.06675
          ],
          [
            80.229206,
            13.066671
          ],
          [
            80.228759,
            13.066684
          ],
          [
            80.228693,
            13.066702
          ],
          [
            80.228551,
            13.066772
          ],
          [
            80.228234,
            13.066889
          ],
          [
            80.227668,
            13.067149
          ],
          [
            80.227531,
            13.067286
          ],
          [
            80.227429,
            13.067374
          ],
          [
            80.227369,
            13.067424
          ],
          [
            80.227141,
            13.067616
          ],
          [
            80.227092,
            13.067658
          ],
          [
            80.226912,
            13.06781
          ],
          [
            80.2267,
            13.067975
          ],
          [
            80.226518,
            13.068116
          ]
        ]
      },
      "properties": {
        "id": "RE-00404",
        "name": "Nelson Manickam Road",
        "highway": "primary",
        "length_m": 581.16,
        "elevation_m": 12.24,
        "maxspeed_kmh": 50
      }
    },
    {
      "type": "Feature",
      "geometry": {
        "type": "LineString",
        "coordinates": [
          [
            80.231376,
            13.066473
          ],
          [
            80.231352,
            13.066397
          ],
          [
            80.231266,
            13.06612
          ],
          [
            80.231214,
            13.065954
          ],
          [
            80.231202,
            13.06592
          ],
          [
            80.23111,
            13.065568
          ],
          [
            80.23107,
            13.065418
          ],
          [
            80.230961,
            13.065022
          ],
          [
            80.230817,
            13.064496
          ]
        ]
      },
      "properties": {
        "id": "RE-00405",
        "name": "Choolaimedu High Road",
        "highway": "primary",
        "length_m": 228.06,
        "elevation_m": 9.93,
        "maxspeed_kmh": 50
      }
    },
    {
      "type": "Feature",
      "geometry": {
        "type": "LineString",
        "coordinates": [
          [
            80.231376,
            13.066473
          ],
          [
            80.231399,
            13.066545
          ],
          [
            80.231501,
            13.066517
          ],
          [
            80.231928,
            13.066399
          ],
          [
            80.232272,
            13.066289
          ],
          [
            80.232585,
            13.066188
          ],
          [
            80.233314,
            13.065948
          ],
          [
            80.233828,
            13.065774
          ],
          [
            80.234278,
            13.065552
          ],
          [
            80.234457,
            13.065369
          ],
          [
            80.234467,
            13.065358
          ]
        ]
      },
      "properties": {
        "id": "RE-00406",
        "name": "Nungambakkam Subway",
        "highway": "secondary",
        "length_m": 369.54,
        "elevation_m": 8.4,
        "maxspeed_kmh": 40
      }
    },
    {
      "type": "Feature",
      "geometry": {
        "type": "LineString",
        "coordinates": [
          [
            80.226518,
            13.068116
          ],
          [
            80.2267,
            13.067975
          ],
          [
            80.226912,
            13.06781
          ],
          [
            80.227092,
            13.067658
          ],
          [
            80.227141,
            13.067616
          ],
          [
            80.227369,
            13.067424
          ],
          [
            80.227429,
            13.067374
          ],
          [
            80.227531,
            13.067286
          ],
          [
            80.227668,
            13.067149
          ],
          [
            80.228234,
            13.066889
          ],
          [
            80.228551,
            13.066772
          ],
          [
            80.228693,
            13.066702
          ],
          [
            80.228759,
            13.066684
          ],
          [
            80.229206,
            13.066671
          ],
          [
            80.230106,
            13.06675
          ],
          [
            80.230404,
            13.066697
          ],
          [
            80.230754,
            13.066617
          ],
          [
            80.231285,
            13.066495
          ],
          [
            80.231376,
            13.066473
          ]
        ]
      },
      "properties": {
        "id": "RE-00407",
        "name": "Nelson Manickam Road",
        "highway": "primary",
        "length_m": 581.16,
        "elevation_m": 12.24,
        "maxspeed_kmh": 50
      }
    },
    {
      "type": "Feature",
      "geometry": {
        "type": "LineString",
        "coordinates": [
          [
            80.226518,
            13.068116
          ],
          [
            80.225685,
            13.067174
          ],
          [
            80.22561,
            13.06697
          ],
          [
            80.225594,
            13.066772
          ],
          [
            80.225456,
            13.066272
          ],
          [
            80.225418,
            13.065693
          ],
          [
            80.225339,
            13.065293
          ],
          [
            80.225324,
            13.065231
          ],
          [
            80.225244,
            13.064745
          ],
          [
            80.225239,
            13.06471
          ],
          [
            80.225224,
            13.064615
          ],
          [
            80.225124,
            13.06413
          ],
          [
            80.225039,
            13.063655
          ],
          [
            80.225,
            13.063435
          ],
          [
            80.224966,
            13.06325
          ],
          [
            80.224932,
            13.063118
          ],
          [
            80.224766,
            13.063103
          ],
          [
            80.224235,
            13.063124
          ]
        ]
      },
      "properties": {
        "id": "RE-00408",
        "name": "Vada Agaram Road",
        "highway": "primary",
        "length_m": 673.34,
        "elevation_m": 14.93,
        "maxspeed_kmh": 50
      }
    },
    {
      "type": "Feature",
      "geometry": {
        "type": "LineString",
        "coordinates": [
          [
            80.224235,
            13.063124
          ],
          [
            80.224766,
            13.063103
          ],
          [
            80.224932,
            13.063118
          ],
          [
            80.224966,
            13.06325
          ],
          [
            80.225,
            13.063435
          ],
          [
            80.225039,
            13.063655
          ],
          [
            80.225124,
            13.06413
          ],
          [
            80.225224,
            13.064615
          ],
          [
            80.225239,
            13.06471
          ],
          [
            80.225244,
            13.064745
          ],
          [
            80.225324,
            13.065231
          ],
          [
            80.225339,
            13.065293
          ],
          [
            80.225418,
            13.065693
          ],
          [
            80.225456,
            13.066272
          ],
          [
            80.225594,
            13.066772
          ],
          [
            80.22561,
            13.06697
          ],
          [
            80.225685,
            13.067174
          ],
          [
            80.226518,
            13.068116
          ]
        ]
      },
      "properties": {
        "id": "RE-00409",
        "name": "Vada Agaram Road",
        "highway": "primary",
        "length_m": 673.34,
        "elevation_m": 14.93,
        "maxspeed_kmh": 50
      }
    },
    {
      "type": "Feature",
      "geometry": {
        "type": "LineString",
        "coordinates": [
          [
            80.224235,
            13.063124
          ],
          [
            80.224099,
            13.062619
          ],
          [
            80.224072,
            13.062517
          ],
          [
            80.224061,
            13.062488
          ],
          [
            80.223984,
            13.062275
          ],
          [
            80.223834,
            13.061876
          ],
          [
            80.223746,
            13.061576
          ],
          [
            80.223694,
            13.061454
          ],
          [
            80.223583,
            13.061174
          ],
          [
            80.223456,
            13.060855
          ],
          [
            80.223318,
            13.06052
          ],
          [
            80.223261,
            13.060402
          ],
          [
            80.223232,
            13.060336
          ]
        ]
      },
      "properties": {
        "id": "RE-00410",
        "name": "Vada Agaram Road",
        "highway": "primary",
        "length_m": 328.99,
        "elevation_m": 15.11,
        "maxspeed_kmh": 50
      }
    },
    {
      "type": "Feature",
      "geometry": {
        "type": "LineString",
        "coordinates": [
          [
            80.223232,
            13.060336
          ],
          [
            80.223261,
            13.060402
          ],
          [
            80.223318,
            13.06052
          ],
          [
            80.223456,
            13.060855
          ],
          [
            80.223583,
            13.061174
          ],
          [
            80.223694,
            13.061454
          ],
          [
            80.223746,
            13.061576
          ],
          [
            80.223834,
            13.061876
          ],
          [
            80.223984,
            13.062275
          ],
          [
            80.224061,
            13.062488
          ],
          [
            80.224072,
            13.062517
          ],
          [
            80.224099,
            13.062619
          ],
          [
            80.224235,
            13.063124
          ]
        ]
      },
      "properties": {
        "id": "RE-00411",
        "name": "Vada Agaram Road",
        "highway": "primary",
        "length_m": 328.99,
        "elevation_m": 15.11,
        "maxspeed_kmh": 50
      }
    },
    {
      "type": "Feature",
      "geometry": {
        "type": "LineString",
        "coordinates": [
          [
            80.223232,
            13.060336
          ],
          [
            80.224347,
            13.060006
          ],
          [
            80.224486,
            13.060019
          ],
          [
            80.224854,
            13.059969
          ]
        ]
      },
      "properties": {
        "id": "RE-00412",
        "name": "Connecting Avenue",
        "highway": "primary",
        "length_m": 181.6,
        "elevation_m": 15.05,
        "maxspeed_kmh": 50
      }
    },
    {
      "type": "Feature",
      "geometry": {
        "type": "LineString",
        "coordinates": [
          [
            80.226427,
            13.036416
          ],
          [
            80.22629,
            13.035625
          ]
        ]
      },
      "properties": {
        "id": "RE-00413",
        "name": "Babu Rajendra Prasad Road",
        "highway": "primary",
        "length_m": 89.2,
        "elevation_m": 13.53,
        "maxspeed_kmh": 50
      }
    },
    {
      "type": "Feature",
      "geometry": {
        "type": "LineString",
        "coordinates": [
          [
            80.22629,
            13.035625
          ],
          [
            80.226427,
            13.036416
          ]
        ]
      },
      "properties": {
        "id": "RE-00414",
        "name": "Babu Rajendra Prasad Road",
        "highway": "primary",
        "length_m": 89.2,
        "elevation_m": 13.53,
        "maxspeed_kmh": 50
      }
    },
    {
      "type": "Feature",
      "geometry": {
        "type": "LineString",
        "coordinates": [
          [
            80.22629,
            13.035625
          ],
          [
            80.225619,
            13.035682
          ],
          [
            80.225525,
            13.035623
          ]
        ]
      },
      "properties": {
        "id": "RE-00415",
        "name": "Connecting Avenue",
        "highway": "primary",
        "length_m": 85.08,
        "elevation_m": 14.13,
        "maxspeed_kmh": 50
      }
    },
    {
      "type": "Feature",
      "geometry": {
        "type": "LineString",
        "coordinates": [
          [
            80.225525,
            13.035623
          ],
          [
            80.225619,
            13.035682
          ],
          [
            80.22629,
            13.035625
          ]
        ]
      },
      "properties": {
        "id": "RE-00416",
        "name": "Connecting Avenue",
        "highway": "primary",
        "length_m": 85.08,
        "elevation_m": 14.13,
        "maxspeed_kmh": 50
      }
    },
    {
      "type": "Feature",
      "geometry": {
        "type": "LineString",
        "coordinates": [
          [
            80.225525,
            13.035623
          ],
          [
            80.225639,
            13.035636
          ],
          [
            80.226268,
            13.035577
          ],
          [
            80.226891,
            13.035394
          ],
          [
            80.226926,
            13.035389
          ],
          [
            80.226975,
            13.035383
          ],
          [
            80.227358,
            13.035304
          ],
          [
            80.22741,
            13.035294
          ],
          [
            80.227568,
            13.03527
          ],
          [
            80.227742,
            13.035243
          ],
          [
            80.227763,
            13.035243
          ],
          [
            80.228074,
            13.035238
          ],
          [
            80.228303,
            13.035255
          ],
          [
            80.228586,
            13.035258
          ],
          [
            80.228703,
            13.035261
          ],
          [
            80.228765,
            13.035299
          ],
          [
            80.229116,
            13.035276
          ],
          [
            80.229198,
            13.035267
          ],
          [
            80.229602,
            13.035205
          ],
          [
            80.229835,
            13.035162
          ],
          [
            80.230136,
            13.035104
          ],
          [
            80.230178,
            13.035094
          ]
        ]
      },
      "properties": {
        "id": "RE-00417",
        "name": "Madley Road",
        "highway": "primary",
        "length_m": 512.21,
        "elevation_m": 12.24,
        "maxspeed_kmh": 50
      }
    },
    {
      "type": "Feature",
      "geometry": {
        "type": "LineString",
        "coordinates": [
          [
            80.230178,
            13.035094
          ],
          [
            80.230136,
            13.035104
          ],
          [
            80.229835,
            13.035162
          ],
          [
            80.229602,
            13.035205
          ],
          [
            80.229198,
            13.035267
          ],
          [
            80.229116,
            13.035276
          ],
          [
            80.228765,
            13.035299
          ],
          [
            80.228703,
            13.035261
          ],
          [
            80.228586,
            13.035258
          ],
          [
            80.228303,
            13.035255
          ],
          [
            80.228074,
            13.035238
          ],
          [
            80.227763,
            13.035243
          ],
          [
            80.227742,
            13.035243
          ],
          [
            80.227568,
            13.03527
          ],
          [
            80.22741,
            13.035294
          ],
          [
            80.227358,
            13.035304
          ],
          [
            80.226975,
            13.035383
          ],
          [
            80.226926,
            13.035389
          ],
          [
            80.226891,
            13.035394
          ],
          [
            80.226268,
            13.035577
          ],
          [
            80.225639,
            13.035636
          ],
          [
            80.225525,
            13.035623
          ]
        ]
      },
      "properties": {
        "id": "RE-00418",
        "name": "Madley Road",
        "highway": "primary",
        "length_m": 512.21,
        "elevation_m": 12.24,
        "maxspeed_kmh": 50
      }
    },
    {
      "type": "Feature",
      "geometry": {
        "type": "LineString",
        "coordinates": [
          [
            80.230178,
            13.035094
          ],
          [
            80.230185,
            13.035112
          ],
          [
            80.23022,
            13.035144
          ],
          [
            80.230248,
            13.035173
          ],
          [
            80.230266,
            13.035188
          ],
          [
            80.230261,
            13.03532
          ]
        ]
      },
      "properties": {
        "id": "RE-00419",
        "name": "South Usman Road",
        "highway": "primary",
        "length_m": 29.02,
        "elevation_m": 11.38,
        "maxspeed_kmh": 50
      }
    },
    {
      "type": "Feature",
      "geometry": {
        "type": "LineString",
        "coordinates": [
          [
            80.230261,
            13.03532
          ],
          [
            80.230266,
            13.035188
          ],
          [
            80.230248,
            13.035173
          ],
          [
            80.23022,
            13.035144
          ],
          [
            80.230185,
            13.035112
          ],
          [
            80.230178,
            13.035094
          ]
        ]
      },
      "properties": {
        "id": "RE-00420",
        "name": "South Usman Road",
        "highway": "primary",
        "length_m": 29.02,
        "elevation_m": 11.38,
        "maxspeed_kmh": 50
      }
    },
    {
      "type": "Feature",
      "geometry": {
        "type": "LineString",
        "coordinates": [
          [
            80.230261,
            13.03532
          ],
          [
            80.2303,
            13.035343
          ],
          [
            80.230376,
            13.035588
          ],
          [
            80.230384,
            13.035613
          ],
          [
            80.230605,
            13.036418
          ],
          [
            80.230653,
            13.036571
          ],
          [
            80.230828,
            13.03723
          ],
          [
            80.230891,
            13.037281
          ],
          [
            80.231318,
            13.038656
          ]
        ]
      },
      "properties": {
        "id": "RE-00421",
        "name": "Connecting Avenue",
        "highway": "primary",
        "length_m": 391.06,
        "elevation_m": 12.86,
        "maxspeed_kmh": 50
      }
    },
    {
      "type": "Feature",
      "geometry": {
        "type": "LineString",
        "coordinates": [
          [
            80.231318,
            13.038656
          ],
          [
            80.230891,
            13.037281
          ],
          [
            80.230828,
            13.03723
          ],
          [
            80.230653,
            13.036571
          ],
          [
            80.230605,
            13.036418
          ],
          [
            80.230384,
            13.035613
          ],
          [
            80.230376,
            13.035588
          ],
          [
            80.2303,
            13.035343
          ],
          [
            80.230261,
            13.03532
          ]
        ]
      },
      "properties": {
        "id": "RE-00422",
        "name": "Connecting Avenue",
        "highway": "primary",
        "length_m": 391.06,
        "elevation_m": 12.86,
        "maxspeed_kmh": 50
      }
    },
    {
      "type": "Feature",
      "geometry": {
        "type": "LineString",
        "coordinates": [
          [
            80.231318,
            13.038656
          ],
          [
            80.231355,
            13.038783
          ],
          [
            80.231613,
            13.039685
          ],
          [
            80.231721,
            13.04008
          ],
          [
            80.231777,
            13.040257
          ],
          [
            80.231831,
            13.040466
          ],
          [
            80.231895,
            13.040647
          ],
          [
            80.232002,
            13.040872
          ],
          [
            80.232088,
            13.04111
          ],
          [
            80.232244,
            13.04177
          ],
          [
            80.232319,
            13.042107
          ],
          [
            80.232335,
            13.042292
          ],
          [
            80.232324,
            13.042527
          ],
          [
            80.232327,
            13.042731
          ],
          [
            80.232351,
            13.043134
          ],
          [
            80.232364,
            13.043756
          ],
          [
            80.23241,
            13.04412
          ],
          [
            80.232493,
            13.044527
          ],
          [
            80.232476,
            13.044581
          ],
          [
            80.232495,
            13.044748
          ]
        ]
      },
      "properties": {
        "id": "RE-00423",
        "name": "North Usman Road Flyover",
        "highway": "primary",
        "length_m": 694.82,
        "elevation_m": 15.55,
        "maxspeed_kmh": 50
      }
    },
    {
      "type": "Feature",
      "geometry": {
        "type": "LineString",
        "coordinates": [
          [
            80.232495,
            13.044748
          ],
          [
            80.232476,
            13.044581
          ],
          [
            80.232493,
            13.044527
          ],
          [
            80.23241,
            13.04412
          ],
          [
            80.232364,
            13.043756
          ],
          [
            80.232351,
            13.043134
          ],
          [
            80.232327,
            13.042731
          ],
          [
            80.232324,
            13.042527
          ],
          [
            80.232335,
            13.042292
          ],
          [
            80.232319,
            13.042107
          ],
          [
            80.232244,
            13.04177
          ],
          [
            80.232088,
            13.04111
          ],
          [
            80.232002,
            13.040872
          ],
          [
            80.231895,
            13.040647
          ],
          [
            80.231831,
            13.040466
          ],
          [
            80.231777,
            13.040257
          ],
          [
            80.231721,
            13.04008
          ],
          [
            80.231613,
            13.039685
          ],
          [
            80.231355,
            13.038783
          ],
          [
            80.231318,
            13.038656
          ]
        ]
      },
      "properties": {
        "id": "RE-00424",
        "name": "North Usman Road Flyover",
        "highway": "primary",
        "length_m": 694.82,
        "elevation_m": 15.55,
        "maxspeed_kmh": 50
      }
    },
    {
      "type": "Feature",
      "geometry": {
        "type": "LineString",
        "coordinates": [
          [
            80.232495,
            13.044748
          ],
          [
            80.232623,
            13.045432
          ]
        ]
      },
      "properties": {
        "id": "RE-00425",
        "name": "North Usman Road",
        "highway": "primary",
        "length_m": 77.31,
        "elevation_m": 12.78,
        "maxspeed_kmh": 50
      }
    },
    {
      "type": "Feature",
      "geometry": {
        "type": "LineString",
        "coordinates": [
          [
            80.232495,
            13.044748
          ],
          [
            80.232426,
            13.044565
          ],
          [
            80.23233,
            13.04413
          ],
          [
            80.232289,
            13.043772
          ],
          [
            80.23228,
            13.04344
          ],
          [
            80.232269,
            13.042993
          ],
          [
            80.232266,
            13.042675
          ],
          [
            80.232252,
            13.042275
          ],
          [
            80.232255,
            13.042231
          ]
        ]
      },
      "properties": {
        "id": "RE-00426",
        "name": "North Usman Road",
        "highway": "primary",
        "length_m": 282.62,
        "elevation_m": 14.26,
        "maxspeed_kmh": 50
      }
    },
    {
      "type": "Feature",
      "geometry": {
        "type": "LineString",
        "coordinates": [
          [
            80.232623,
            13.045432
          ],
          [
            80.232495,
            13.044748
          ]
        ]
      },
      "properties": {
        "id": "RE-00427",
        "name": "North Usman Road",
        "highway": "primary",
        "length_m": 77.31,
        "elevation_m": 12.78,
        "maxspeed_kmh": 50
      }
    },
    {
      "type": "Feature",
      "geometry": {
        "type": "LineString",
        "coordinates": [
          [
            80.232623,
            13.045432
          ],
          [
            80.232659,
            13.045636
          ]
        ]
      },
      "properties": {
        "id": "RE-00428",
        "name": "North Usman Road",
        "highway": "primary",
        "length_m": 23.02,
        "elevation_m": 12.94,
        "maxspeed_kmh": 50
      }
    },
    {
      "type": "Feature",
      "geometry": {
        "type": "LineString",
        "coordinates": [
          [
            80.232659,
            13.045636
          ],
          [
            80.232623,
            13.045432
          ]
        ]
      },
      "properties": {
        "id": "RE-00429",
        "name": "North Usman Road",
        "highway": "primary",
        "length_m": 23.02,
        "elevation_m": 12.94,
        "maxspeed_kmh": 50
      }
    },
    {
      "type": "Feature",
      "geometry": {
        "type": "LineString",
        "coordinates": [
          [
            80.232659,
            13.045636
          ],
          [
            80.232664,
            13.045662
          ]
        ]
      },
      "properties": {
        "id": "RE-00430",
        "name": "North Usman Road",
        "highway": "primary",
        "length_m": 5.0,
        "elevation_m": 13.09,
        "maxspeed_kmh": 50
      }
    },
    {
      "type": "Feature",
      "geometry": {
        "type": "LineString",
        "coordinates": [
          [
            80.232664,
            13.045662
          ],
          [
            80.232659,
            13.045636
          ]
        ]
      },
      "properties": {
        "id": "RE-00431",
        "name": "North Usman Road",
        "highway": "primary",
        "length_m": 5.0,
        "elevation_m": 13.09,
        "maxspeed_kmh": 50
      }
    },
    {
      "type": "Feature",
      "geometry": {
        "type": "LineString",
        "coordinates": [
          [
            80.232664,
            13.045662
          ],
          [
            80.232728,
            13.046012
          ]
        ]
      },
      "properties": {
        "id": "RE-00432",
        "name": "North Usman Road",
        "highway": "primary",
        "length_m": 39.53,
        "elevation_m": 13.41,
        "maxspeed_kmh": 50
      }
    },
    {
      "type": "Feature",
      "geometry": {
        "type": "LineString",
        "coordinates": [
          [
            80.232728,
            13.046012
          ],
          [
            80.232664,
            13.045662
          ]
        ]
      },
      "properties": {
        "id": "RE-00433",
        "name": "North Usman Road",
        "highway": "primary",
        "length_m": 39.53,
        "elevation_m": 13.41,
        "maxspeed_kmh": 50
      }
    },
    {
      "type": "Feature",
      "geometry": {
        "type": "LineString",
        "coordinates": [
          [
            80.232728,
            13.046012
          ],
          [
            80.232834,
            13.046595
          ]
        ]
      },
      "properties": {
        "id": "RE-00434",
        "name": "North Usman Road",
        "highway": "primary",
        "length_m": 65.84,
        "elevation_m": 13.9,
        "maxspeed_kmh": 50
      }
    },
    {
      "type": "Feature",
      "geometry": {
        "type": "LineString",
        "coordinates": [
          [
            80.232834,
            13.046595
          ],
          [
            80.232728,
            13.046012
          ]
        ]
      },
      "properties": {
        "id": "RE-00435",
        "name": "North Usman Road",
        "highway": "primary",
        "length_m": 65.84,
        "elevation_m": 13.9,
        "maxspeed_kmh": 50
      }
    },
    {
      "type": "Feature",
      "geometry": {
        "type": "LineString",
        "coordinates": [
          [
            80.232834,
            13.046595
          ],
          [
            80.232991,
            13.047423
          ]
        ]
      },
      "properties": {
        "id": "RE-00436",
        "name": "North Usman Road",
        "highway": "primary",
        "length_m": 93.63,
        "elevation_m": 14.54,
        "maxspeed_kmh": 50
      }
    },
    {
      "type": "Feature",
      "geometry": {
        "type": "LineString",
        "coordinates": [
          [
            80.233094,
            13.047464
          ],
          [
            80.233003,
            13.047477
          ]
        ]
      },
      "properties": {
        "id": "RE-00437",
        "name": "Bazullah Road",
        "highway": "primary",
        "length_m": 9.96,
        "elevation_m": 14.54,
        "maxspeed_kmh": 50
      }
    },
    {
      "type": "Feature",
      "geometry": {
        "type": "LineString",
        "coordinates": [
          [
            80.233094,
            13.047464
          ],
          [
            80.233157,
            13.047455
          ]
        ]
      },
      "properties": {
        "id": "RE-00438",
        "name": "Bazullah Road",
        "highway": "primary",
        "length_m": 6.9,
        "elevation_m": 14.31,
        "maxspeed_kmh": 50
      }
    },
    {
      "type": "Feature",
      "geometry": {
        "type": "LineString",
        "coordinates": [
          [
            80.233157,
            13.047455
          ],
          [
            80.233094,
            13.047464
          ]
        ]
      },
      "properties": {
        "id": "RE-00439",
        "name": "Bazullah Road",
        "highway": "primary",
        "length_m": 6.9,
        "elevation_m": 14.31,
        "maxspeed_kmh": 50
      }
    },
    {
      "type": "Feature",
      "geometry": {
        "type": "LineString",
        "coordinates": [
          [
            80.233157,
            13.047455
          ],
          [
            80.233304,
            13.047434
          ]
        ]
      },
      "properties": {
        "id": "RE-00440",
        "name": "Bazullah Road",
        "highway": "primary",
        "length_m": 16.09,
        "elevation_m": 14.31,
        "maxspeed_kmh": 50
      }
    },
    {
      "type": "Feature",
      "geometry": {
        "type": "LineString",
        "coordinates": [
          [
            80.233304,
            13.047434
          ],
          [
            80.233157,
            13.047455
          ]
        ]
      },
      "properties": {
        "id": "RE-00441",
        "name": "Bazullah Road",
        "highway": "primary",
        "length_m": 16.09,
        "elevation_m": 14.31,
        "maxspeed_kmh": 50
      }
    },
    {
      "type": "Feature",
      "geometry": {
        "type": "LineString",
        "coordinates": [
          [
            80.233304,
            13.047434
          ],
          [
            80.23335,
            13.047407
          ]
        ]
      },
      "properties": {
        "id": "RE-00442",
        "name": "Bazullah Road",
        "highway": "primary",
        "length_m": 5.82,
        "elevation_m": 14.09,
        "maxspeed_kmh": 50
      }
    },
    {
      "type": "Feature",
      "geometry": {
        "type": "LineString",
        "coordinates": [
          [
            80.236921,
            13.046825
          ],
          [
            80.236023,
            13.047004
          ]
        ]
      },
      "properties": {
        "id": "RE-00443",
        "name": "Bazullah Road",
        "highway": "primary",
        "length_m": 99.29,
        "elevation_m": 12.93,
        "maxspeed_kmh": 50
      }
    },
    {
      "type": "Feature",
      "geometry": {
        "type": "LineString",
        "coordinates": [
          [
            80.236921,
            13.046825
          ],
          [
            80.237715,
            13.046655
          ]
        ]
      },
      "properties": {
        "id": "RE-00444",
        "name": "Bazullah Road",
        "highway": "primary",
        "length_m": 88.06,
        "elevation_m": 14.05,
        "maxspeed_kmh": 50
      }
    },
    {
      "type": "Feature",
      "geometry": {
        "type": "LineString",
        "coordinates": [
          [
            80.237715,
            13.046655
          ],
          [
            80.236921,
            13.046825
          ]
        ]
      },
      "properties": {
        "id": "RE-00445",
        "name": "Bazullah Road",
        "highway": "primary",
        "length_m": 88.06,
        "elevation_m": 14.05,
        "maxspeed_kmh": 50
      }
    },
    {
      "type": "Feature",
      "geometry": {
        "type": "LineString",
        "coordinates": [
          [
            80.237715,
            13.046655
          ],
          [
            80.238231,
            13.046545
          ]
        ]
      },
      "properties": {
        "id": "RE-00446",
        "name": "Bazullah Road",
        "highway": "primary",
        "length_m": 57.22,
        "elevation_m": 14.65,
        "maxspeed_kmh": 50
      }
    },
    {
      "type": "Feature",
      "geometry": {
        "type": "LineString",
        "coordinates": [
          [
            80.238231,
            13.046545
          ],
          [
            80.237715,
            13.046655
          ]
        ]
      },
      "properties": {
        "id": "RE-00447",
        "name": "Bazullah Road",
        "highway": "primary",
        "length_m": 57.22,
        "elevation_m": 14.65,
        "maxspeed_kmh": 50
      }
    },
    {
      "type": "Feature",
      "geometry": {
        "type": "LineString",
        "coordinates": [
          [
            80.238231,
            13.046545
          ],
          [
            80.238251,
            13.04654
          ]
        ]
      },
      "properties": {
        "id": "RE-00448",
        "name": "Bazullah Road",
        "highway": "primary",
        "length_m": 5.0,
        "elevation_m": 14.65,
        "maxspeed_kmh": 50
      }
    },
    {
      "type": "Feature",
      "geometry": {
        "type": "LineString",
        "coordinates": [
          [
            80.238251,
            13.04654
          ],
          [
            80.238231,
            13.046545
          ]
        ]
      },
      "properties": {
        "id": "RE-00449",
        "name": "Bazullah Road",
        "highway": "primary",
        "length_m": 5.0,
        "elevation_m": 14.65,
        "maxspeed_kmh": 50
      }
    },
    {
      "type": "Feature",
      "geometry": {
        "type": "LineString",
        "coordinates": [
          [
            80.238251,
            13.04654
          ],
          [
            80.238973,
            13.046396
          ]
        ]
      },
      "properties": {
        "id": "RE-00450",
        "name": "Bazullah Road",
        "highway": "primary",
        "length_m": 79.83,
        "elevation_m": 14.57,
        "maxspeed_kmh": 50
      }
    },
    {
      "type": "Feature",
      "geometry": {
        "type": "LineString",
        "coordinates": [
          [
            80.238973,
            13.046396
          ],
          [
            80.238251,
            13.04654
          ]
        ]
      },
      "properties": {
        "id": "RE-00451",
        "name": "Bazullah Road",
        "highway": "primary",
        "length_m": 79.83,
        "elevation_m": 14.57,
        "maxspeed_kmh": 50
      }
    },
    {
      "type": "Feature",
      "geometry": {
        "type": "LineString",
        "coordinates": [
          [
            80.238973,
            13.046396
          ],
          [
            80.239151,
            13.046357
          ]
        ]
      },
      "properties": {
        "id": "RE-00452",
        "name": "Bazullah Road",
        "highway": "primary",
        "length_m": 19.76,
        "elevation_m": 14.42,
        "maxspeed_kmh": 50
      }
    },
    {
      "type": "Feature",
      "geometry": {
        "type": "LineString",
        "coordinates": [
          [
            80.239151,
            13.046357
          ],
          [
            80.238973,
            13.046396
          ]
        ]
      },
      "properties": {
        "id": "RE-00453",
        "name": "Bazullah Road",
        "highway": "primary",
        "length_m": 19.76,
        "elevation_m": 14.42,
        "maxspeed_kmh": 50
      }
    },
    {
      "type": "Feature",
      "geometry": {
        "type": "LineString",
        "coordinates": [
          [
            80.239151,
            13.046357
          ],
          [
            80.239431,
            13.046281
          ]
        ]
      },
      "properties": {
        "id": "RE-00454",
        "name": "Bazullah Road",
        "highway": "primary",
        "length_m": 31.49,
        "elevation_m": 14.27,
        "maxspeed_kmh": 50
      }
    },
    {
      "type": "Feature",
      "geometry": {
        "type": "LineString",
        "coordinates": [
          [
            80.243497,
            13.063817
          ],
          [
            80.243483,
            13.063662
          ],
          [
            80.243474,
            13.063518
          ],
          [
            80.243452,
            13.063371
          ],
          [
            80.24334,
            13.062624
          ],
          [
            80.243313,
            13.062286
          ],
          [
            80.243235,
            13.061819
          ],
          [
            80.243147,
            13.061365
          ],
          [
            80.243132,
            13.061259
          ],
          [
            80.243063,
            13.060996
          ],
          [
            80.243022,
            13.060898
          ],
          [
            80.242849,
            13.060467
          ],
          [
            80.242654,
            13.05997
          ]
        ]
      },
      "properties": {
        "id": "RE-00455",
        "name": "Valluvar Kottam High Road",
        "highway": "primary",
        "length_m": 439.96,
        "elevation_m": 12.91,
        "maxspeed_kmh": 50
      }
    },
    {
      "type": "Feature",
      "geometry": {
        "type": "LineString",
        "coordinates": [
          [
            80.243497,
            13.063817
          ],
          [
            80.24352,
            13.064119
          ]
        ]
      },
      "properties": {
        "id": "RE-00456",
        "name": "McNichols Road",
        "highway": "primary",
        "length_m": 33.67,
        "elevation_m": 12.17,
        "maxspeed_kmh": 50
      }
    },
    {
      "type": "Feature",
      "geometry": {
        "type": "LineString",
        "coordinates": [
          [
            80.24352,
            13.064119
          ],
          [
            80.243497,
            13.063817
          ]
        ]
      },
      "properties": {
        "id": "RE-00457",
        "name": "McNichols Road",
        "highway": "primary",
        "length_m": 33.67,
        "elevation_m": 12.17,
        "maxspeed_kmh": 50
      }
    },
    {
      "type": "Feature",
      "geometry": {
        "type": "LineString",
        "coordinates": [
          [
            80.24352,
            13.064119
          ],
          [
            80.243535,
            13.064511
          ]
        ]
      },
      "properties": {
        "id": "RE-00458",
        "name": "McNichols Road",
        "highway": "primary",
        "length_m": 43.62,
        "elevation_m": 11.55,
        "maxspeed_kmh": 50
      }
    },
    {
      "type": "Feature",
      "geometry": {
        "type": "LineString",
        "coordinates": [
          [
            80.243535,
            13.064511
          ],
          [
            80.24352,
            13.064119
          ]
        ]
      },
      "properties": {
        "id": "RE-00459",
        "name": "McNichols Road",
        "highway": "primary",
        "length_m": 43.62,
        "elevation_m": 11.55,
        "maxspeed_kmh": 50
      }
    },
    {
      "type": "Feature",
      "geometry": {
        "type": "LineString",
        "coordinates": [
          [
            80.243535,
            13.064511
          ],
          [
            80.243527,
            13.064774
          ]
        ]
      },
      "properties": {
        "id": "RE-00460",
        "name": "McNichols Road",
        "highway": "primary",
        "length_m": 29.26,
        "elevation_m": 11.24,
        "maxspeed_kmh": 50
      }
    },
    {
      "type": "Feature",
      "geometry": {
        "type": "LineString",
        "coordinates": [
          [
            80.243527,
            13.064774
          ],
          [
            80.243535,
            13.064511
          ]
        ]
      },
      "properties": {
        "id": "RE-00461",
        "name": "McNichols Road",
        "highway": "primary",
        "length_m": 29.26,
        "elevation_m": 11.24,
        "maxspeed_kmh": 50
      }
    },
    {
      "type": "Feature",
      "geometry": {
        "type": "LineString",
        "coordinates": [
          [
            80.243527,
            13.064774
          ],
          [
            80.243529,
            13.06486
          ]
        ]
      },
      "properties": {
        "id": "RE-00462",
        "name": "McNichols Road",
        "highway": "primary",
        "length_m": 9.57,
        "elevation_m": 10.92,
        "maxspeed_kmh": 50
      }
    },
    {
      "type": "Feature",
      "geometry": {
        "type": "LineString",
        "coordinates": [
          [
            80.243529,
            13.06486
          ],
          [
            80.243527,
            13.064774
          ]
        ]
      },
      "properties": {
        "id": "RE-00463",
        "name": "McNichols Road",
        "highway": "primary",
        "length_m": 9.57,
        "elevation_m": 10.92,
        "maxspeed_kmh": 50
      }
    },
    {
      "type": "Feature",
      "geometry": {
        "type": "LineString",
        "coordinates": [
          [
            80.243529,
            13.06486
          ],
          [
            80.243533,
            13.065136
          ]
        ]
      },
      "properties": {
        "id": "RE-00464",
        "name": "McNichols Road",
        "highway": "primary",
        "length_m": 30.69,
        "elevation_m": 10.61,
        "maxspeed_kmh": 50
      }
    },
    {
      "type": "Feature",
      "geometry": {
        "type": "LineString",
        "coordinates": [
          [
            80.243533,
            13.065136
          ],
          [
            80.243529,
            13.06486
          ]
        ]
      },
      "properties": {
        "id": "RE-00465",
        "name": "McNichols Road",
        "highway": "primary",
        "length_m": 30.69,
        "elevation_m": 10.61,
        "maxspeed_kmh": 50
      }
    },
    {
      "type": "Feature",
      "geometry": {
        "type": "LineString",
        "coordinates": [
          [
            80.243533,
            13.065136
          ],
          [
            80.243536,
            13.065275
          ]
        ]
      },
      "properties": {
        "id": "RE-00466",
        "name": "McNichols Road",
        "highway": "primary",
        "length_m": 15.46,
        "elevation_m": 10.3,
        "maxspeed_kmh": 50
      }
    },
    {
      "type": "Feature",
      "geometry": {
        "type": "LineString",
        "coordinates": [
          [
            80.243536,
            13.065275
          ],
          [
            80.243533,
            13.065136
          ]
        ]
      },
      "properties": {
        "id": "RE-00467",
        "name": "McNichols Road",
        "highway": "primary",
        "length_m": 15.46,
        "elevation_m": 10.3,
        "maxspeed_kmh": 50
      }
    },
    {
      "type": "Feature",
      "geometry": {
        "type": "LineString",
        "coordinates": [
          [
            80.243536,
            13.065275
          ],
          [
            80.243544,
            13.065757
          ]
        ]
      },
      "properties": {
        "id": "RE-00468",
        "name": "McNichols Road",
        "highway": "primary",
        "length_m": 53.6,
        "elevation_m": 9.68,
        "maxspeed_kmh": 50
      }
    },
    {
      "type": "Feature",
      "geometry": {
        "type": "LineString",
        "coordinates": [
          [
            80.243544,
            13.065757
          ],
          [
            80.243536,
            13.065275
          ]
        ]
      },
      "properties": {
        "id": "RE-00469",
        "name": "McNichols Road",
        "highway": "primary",
        "length_m": 53.6,
        "elevation_m": 9.68,
        "maxspeed_kmh": 50
      }
    },
    {
      "type": "Feature",
      "geometry": {
        "type": "LineString",
        "coordinates": [
          [
            80.243544,
            13.065757
          ],
          [
            80.243482,
            13.065918
          ]
        ]
      },
      "properties": {
        "id": "RE-00470",
        "name": "McNichols Road",
        "highway": "primary",
        "length_m": 19.12,
        "elevation_m": 9.75,
        "maxspeed_kmh": 50
      }
    },
    {
      "type": "Feature",
      "geometry": {
        "type": "LineString",
        "coordinates": [
          [
            80.243482,
            13.065918
          ],
          [
            80.243544,
            13.065757
          ]
        ]
      },
      "properties": {
        "id": "RE-00471",
        "name": "McNichols Road",
        "highway": "primary",
        "length_m": 19.12,
        "elevation_m": 9.75,
        "maxspeed_kmh": 50
      }
    },
    {
      "type": "Feature",
      "geometry": {
        "type": "LineString",
        "coordinates": [
          [
            80.243482,
            13.065918
          ],
          [
            80.243483,
            13.066001
          ]
        ]
      },
      "properties": {
        "id": "RE-00472",
        "name": "McNichols Road",
        "highway": "primary",
        "length_m": 9.23,
        "elevation_m": 9.36,
        "maxspeed_kmh": 50
      }
    },
    {
      "type": "Feature",
      "geometry": {
        "type": "LineString",
        "coordinates": [
          [
            80.243483,
            13.066001
          ],
          [
            80.243482,
            13.065918
          ]
        ]
      },
      "properties": {
        "id": "RE-00473",
        "name": "McNichols Road",
        "highway": "primary",
        "length_m": 9.23,
        "elevation_m": 9.36,
        "maxspeed_kmh": 50
      }
    },
    {
      "type": "Feature",
      "geometry": {
        "type": "LineString",
        "coordinates": [
          [
            80.243483,
            13.066001
          ],
          [
            80.243442,
            13.066159
          ]
        ]
      },
      "properties": {
        "id": "RE-00474",
        "name": "McNichols Road",
        "highway": "primary",
        "length_m": 18.12,
        "elevation_m": 9.44,
        "maxspeed_kmh": 50
      }
    },
    {
      "type": "Feature",
      "geometry": {
        "type": "LineString",
        "coordinates": [
          [
            80.243442,
            13.066159
          ],
          [
            80.243483,
            13.066001
          ]
        ]
      },
      "properties": {
        "id": "RE-00475",
        "name": "McNichols Road",
        "highway": "primary",
        "length_m": 18.12,
        "elevation_m": 9.44,
        "maxspeed_kmh": 50
      }
    },
    {
      "type": "Feature",
      "geometry": {
        "type": "LineString",
        "coordinates": [
          [
            80.243442,
            13.066159
          ],
          [
            80.24352,
            13.066189
          ],
          [
            80.243615,
            13.066223
          ]
        ]
      },
      "properties": {
        "id": "RE-00476",
        "name": "Connecting Avenue",
        "highway": "primary",
        "length_m": 20.05,
        "elevation_m": 9.05,
        "maxspeed_kmh": 50
      }
    },
    {
      "type": "Feature",
      "geometry": {
        "type": "LineString",
        "coordinates": [
          [
            80.243442,
            13.066159
          ],
          [
            80.243388,
            13.066004
          ],
          [
            80.243326,
            13.065893
          ],
          [
            80.243211,
            13.065772
          ]
        ]
      },
      "properties": {
        "id": "RE-00477",
        "name": "Connecting Avenue",
        "highway": "primary",
        "length_m": 50.59,
        "elevation_m": 9.75,
        "maxspeed_kmh": 50
      }
    },
    {
      "type": "Feature",
      "geometry": {
        "type": "LineString",
        "coordinates": [
          [
            80.243442,
            13.066159
          ],
          [
            80.243422,
            13.066235
          ]
        ]
      },
      "properties": {
        "id": "RE-00478",
        "name": "McNichols Road",
        "highway": "primary",
        "length_m": 8.72,
        "elevation_m": 9.14,
        "maxspeed_kmh": 50
      }
    },
    {
      "type": "Feature",
      "geometry": {
        "type": "LineString",
        "coordinates": [
          [
            80.243615,
            13.066223
          ],
          [
            80.24352,
            13.066189
          ],
          [
            80.243442,
            13.066159
          ]
        ]
      },
      "properties": {
        "id": "RE-00479",
        "name": "Connecting Avenue",
        "highway": "primary",
        "length_m": 20.05,
        "elevation_m": 9.05,
        "maxspeed_kmh": 50
      }
    },
    {
      "type": "Feature",
      "geometry": {
        "type": "LineString",
        "coordinates": [
          [
            80.243615,
            13.066223
          ],
          [
            80.2437,
            13.066175
          ],
          [
            80.243812,
            13.066143
          ],
          [
            80.244047,
            13.06612
          ]
        ]
      },
      "properties": {
        "id": "RE-00480",
        "name": "Sterling Road",
        "highway": "primary",
        "length_m": 48.87,
        "elevation_m": 8.66,
        "maxspeed_kmh": 50
      }
    },
    {
      "type": "Feature",
      "geometry": {
        "type": "LineString",
        "coordinates": [
          [
            80.244047,
            13.06612
          ],
          [
            80.243812,
            13.066143
          ],
          [
            80.2437,
            13.066175
          ],
          [
            80.243615,
            13.066223
          ]
        ]
      },
      "properties": {
        "id": "RE-00481",
        "name": "Sterling Road",
        "highway": "primary",
        "length_m": 48.87,
        "elevation_m": 8.66,
        "maxspeed_kmh": 50
      }
    },
    {
      "type": "Feature",
      "geometry": {
        "type": "LineString",
        "coordinates": [
          [
            80.244047,
            13.06612
          ],
          [
            80.244137,
            13.066135
          ],
          [
            80.244167,
            13.066139
          ],
          [
            80.244571,
            13.0662
          ],
          [
            80.244827,
            13.066241
          ],
          [
            80.245461,
            13.066345
          ],
          [
            80.245713,
            13.066446
          ],
          [
            80.245768,
            13.066468
          ],
          [
            80.245915,
            13.066529
          ],
          [
            80.245951,
            13.066544
          ],
          [
            80.246283,
            13.067264
          ],
          [
            80.246306,
            13.067334
          ],
          [
            80.246407,
            13.067658
          ],
          [
            80.24654,
            13.067773
          ],
          [
            80.246565,
            13.067795
          ],
          [
            80.24672,
            13.067896
          ],
          [
            80.247035,
            13.067927
          ],
          [
            80.247099,
            13.067933
          ],
          [
            80.247309,
            13.067953
          ],
          [
            80.2474,
            13.067947
          ],
          [
            80.247747,
            13.067925
          ]
        ]
      },
      "properties": {
        "id": "RE-00482",
        "name": "College Road",
        "highway": "primary",
        "length_m": 501.05,
        "elevation_m": 10.62,
        "maxspeed_kmh": 50
      }
    },
    {
      "type": "Feature",
      "geometry": {
        "type": "LineString",
        "coordinates": [
          [
            80.247747,
            13.067925
          ],
          [
            80.2474,
            13.067947
          ],
          [
            80.247309,
            13.067953
          ],
          [
            80.247099,
            13.067933
          ],
          [
            80.247035,
            13.067927
          ],
          [
            80.24672,
            13.067896
          ],
          [
            80.246565,
            13.067795
          ],
          [
            80.24654,
            13.067773
          ],
          [
            80.246407,
            13.067658
          ],
          [
            80.246306,
            13.067334
          ],
          [
            80.246283,
            13.067264
          ],
          [
            80.245951,
            13.066544
          ],
          [
            80.245915,
            13.066529
          ],
          [
            80.245768,
            13.066468
          ],
          [
            80.245713,
            13.066446
          ],
          [
            80.245461,
            13.066345
          ],
          [
            80.244827,
            13.066241
          ],
          [
            80.244571,
            13.0662
          ],
          [
            80.244167,
            13.066139
          ],
          [
            80.244137,
            13.066135
          ],
          [
            80.244047,
            13.06612
          ]
        ]
      },
      "properties": {
        "id": "RE-00483",
        "name": "College Road",
        "highway": "primary",
        "length_m": 501.05,
        "elevation_m": 10.62,
        "maxspeed_kmh": 50
      }
    },
    {
      "type": "Feature",
      "geometry": {
        "type": "LineString",
        "coordinates": [
          [
            80.247747,
            13.067925
          ],
          [
            80.247913,
            13.067766
          ]
        ]
      },
      "properties": {
        "id": "RE-00484",
        "name": "Haddows Road",
        "highway": "primary",
        "length_m": 25.22,
        "elevation_m": 12.31,
        "maxspeed_kmh": 50
      }
    },
    {
      "type": "Feature",
      "geometry": {
        "type": "LineString",
        "coordinates": [
          [
            80.247913,
            13.067766
          ],
          [
            80.247747,
            13.067925
          ]
        ]
      },
      "properties": {
        "id": "RE-00485",
        "name": "Haddows Road",
        "highway": "primary",
        "length_m": 25.22,
        "elevation_m": 12.31,
        "maxspeed_kmh": 50
      }
    },
    {
      "type": "Feature",
      "geometry": {
        "type": "LineString",
        "coordinates": [
          [
            80.247913,
            13.067766
          ],
          [
            80.247967,
            13.067652
          ]
        ]
      },
      "properties": {
        "id": "RE-00486",
        "name": "Haddows Road",
        "highway": "primary",
        "length_m": 13.96,
        "elevation_m": 12.31,
        "maxspeed_kmh": 50
      }
    },
    {
      "type": "Feature",
      "geometry": {
        "type": "LineString",
        "coordinates": [
          [
            80.247967,
            13.067652
          ],
          [
            80.247913,
            13.067766
          ]
        ]
      },
      "properties": {
        "id": "RE-00487",
        "name": "Haddows Road",
        "highway": "primary",
        "length_m": 13.96,
        "elevation_m": 12.31,
        "maxspeed_kmh": 50
      }
    },
    {
      "type": "Feature",
      "geometry": {
        "type": "LineString",
        "coordinates": [
          [
            80.247967,
            13.067652
          ],
          [
            80.247939,
            13.067409
          ]
        ]
      },
      "properties": {
        "id": "RE-00488",
        "name": "Haddows Road",
        "highway": "primary",
        "length_m": 27.19,
        "elevation_m": 12.62,
        "maxspeed_kmh": 50
      }
    },
    {
      "type": "Feature",
      "geometry": {
        "type": "LineString",
        "coordinates": [
          [
            80.247939,
            13.067409
          ],
          [
            80.247967,
            13.067652
          ]
        ]
      },
      "properties": {
        "id": "RE-00489",
        "name": "Haddows Road",
        "highway": "primary",
        "length_m": 27.19,
        "elevation_m": 12.62,
        "maxspeed_kmh": 50
      }
    },
    {
      "type": "Feature",
      "geometry": {
        "type": "LineString",
        "coordinates": [
          [
            80.247939,
            13.067409
          ],
          [
            80.247924,
            13.067256
          ]
        ]
      },
      "properties": {
        "id": "RE-00490",
        "name": "Haddows Road",
        "highway": "primary",
        "length_m": 17.09,
        "elevation_m": 12.62,
        "maxspeed_kmh": 50
      }
    },
    {
      "type": "Feature",
      "geometry": {
        "type": "LineString",
        "coordinates": [
          [
            80.247924,
            13.067256
          ],
          [
            80.247939,
            13.067409
          ]
        ]
      },
      "properties": {
        "id": "RE-00491",
        "name": "Haddows Road",
        "highway": "primary",
        "length_m": 17.09,
        "elevation_m": 12.62,
        "maxspeed_kmh": 50
      }
    },
    {
      "type": "Feature",
      "geometry": {
        "type": "LineString",
        "coordinates": [
          [
            80.247924,
            13.067256
          ],
          [
            80.247914,
            13.067154
          ]
        ]
      },
      "properties": {
        "id": "RE-00492",
        "name": "Haddows Road",
        "highway": "primary",
        "length_m": 11.39,
        "elevation_m": 12.85,
        "maxspeed_kmh": 50
      }
    },
    {
      "type": "Feature",
      "geometry": {
        "type": "LineString",
        "coordinates": [
          [
            80.247914,
            13.067154
          ],
          [
            80.247924,
            13.067256
          ]
        ]
      },
      "properties": {
        "id": "RE-00493",
        "name": "Haddows Road",
        "highway": "primary",
        "length_m": 11.39,
        "elevation_m": 12.85,
        "maxspeed_kmh": 50
      }
    },
    {
      "type": "Feature",
      "geometry": {
        "type": "LineString",
        "coordinates": [
          [
            80.247914,
            13.067154
          ],
          [
            80.24791,
            13.06712
          ]
        ]
      },
      "properties": {
        "id": "RE-00494",
        "name": "Haddows Road",
        "highway": "primary",
        "length_m": 5.0,
        "elevation_m": 12.85,
        "maxspeed_kmh": 50
      }
    },
    {
      "type": "Feature",
      "geometry": {
        "type": "LineString",
        "coordinates": [
          [
            80.24791,
            13.06712
          ],
          [
            80.247914,
            13.067154
          ]
        ]
      },
      "properties": {
        "id": "RE-00495",
        "name": "Haddows Road",
        "highway": "primary",
        "length_m": 5.0,
        "elevation_m": 12.85,
        "maxspeed_kmh": 50
      }
    },
    {
      "type": "Feature",
      "geometry": {
        "type": "LineString",
        "coordinates": [
          [
            80.24791,
            13.06712
          ],
          [
            80.247892,
            13.066954
          ]
        ]
      },
      "properties": {
        "id": "RE-00496",
        "name": "Haddows Road",
        "highway": "primary",
        "length_m": 18.56,
        "elevation_m": 13.08,
        "maxspeed_kmh": 50
      }
    },
    {
      "type": "Feature",
      "geometry": {
        "type": "LineString",
        "coordinates": [
          [
            80.247892,
            13.066954
          ],
          [
            80.24791,
            13.06712
          ]
        ]
      },
      "properties": {
        "id": "RE-00497",
        "name": "Haddows Road",
        "highway": "primary",
        "length_m": 18.56,
        "elevation_m": 13.08,
        "maxspeed_kmh": 50
      }
    },
    {
      "type": "Feature",
      "geometry": {
        "type": "LineString",
        "coordinates": [
          [
            80.247892,
            13.066954
          ],
          [
            80.247881,
            13.066668
          ]
        ]
      },
      "properties": {
        "id": "RE-00498",
        "name": "Haddows Road",
        "highway": "primary",
        "length_m": 31.82,
        "elevation_m": 13.31,
        "maxspeed_kmh": 50
      }
    },
    {
      "type": "Feature",
      "geometry": {
        "type": "LineString",
        "coordinates": [
          [
            80.247881,
            13.066668
          ],
          [
            80.247892,
            13.066954
          ]
        ]
      },
      "properties": {
        "id": "RE-00499",
        "name": "Haddows Road",
        "highway": "primary",
        "length_m": 31.82,
        "elevation_m": 13.31,
        "maxspeed_kmh": 50
      }
    },
    {
      "type": "Feature",
      "geometry": {
        "type": "LineString",
        "coordinates": [
          [
            80.247881,
            13.066668
          ],
          [
            80.247869,
            13.066341
          ]
        ]
      },
      "properties": {
        "id": "RE-00500",
        "name": "Haddows Road",
        "highway": "primary",
        "length_m": 36.38,
        "elevation_m": 13.77,
        "maxspeed_kmh": 50
      }
    },
    {
      "type": "Feature",
      "geometry": {
        "type": "LineString",
        "coordinates": [
          [
            80.247869,
            13.066341
          ],
          [
            80.247881,
            13.066668
          ]
        ]
      },
      "properties": {
        "id": "RE-00501",
        "name": "Haddows Road",
        "highway": "primary",
        "length_m": 36.38,
        "elevation_m": 13.77,
        "maxspeed_kmh": 50
      }
    },
    {
      "type": "Feature",
      "geometry": {
        "type": "LineString",
        "coordinates": [
          [
            80.247869,
            13.066341
          ],
          [
            80.247846,
            13.065976
          ]
        ]
      },
      "properties": {
        "id": "RE-00502",
        "name": "Haddows Road",
        "highway": "primary",
        "length_m": 40.66,
        "elevation_m": 14.22,
        "maxspeed_kmh": 50
      }
    },
    {
      "type": "Feature",
      "geometry": {
        "type": "LineString",
        "coordinates": [
          [
            80.247846,
            13.065976
          ],
          [
            80.247869,
            13.066341
          ]
        ]
      },
      "properties": {
        "id": "RE-00503",
        "name": "Haddows Road",
        "highway": "primary",
        "length_m": 40.66,
        "elevation_m": 14.22,
        "maxspeed_kmh": 50
      }
    },
    {
      "type": "Feature",
      "geometry": {
        "type": "LineString",
        "coordinates": [
          [
            80.247846,
            13.065976
          ],
          [
            80.247826,
            13.065707
          ]
        ]
      },
      "properties": {
        "id": "RE-00504",
        "name": "Haddows Road",
        "highway": "primary",
        "length_m": 29.99,
        "elevation_m": 14.38,
        "maxspeed_kmh": 50
      }
    },
    {
      "type": "Feature",
      "geometry": {
        "type": "LineString",
        "coordinates": [
          [
            80.247826,
            13.065707
          ],
          [
            80.247846,
            13.065976
          ]
        ]
      },
      "properties": {
        "id": "RE-00505",
        "name": "Haddows Road",
        "highway": "primary",
        "length_m": 29.99,
        "elevation_m": 14.38,
        "maxspeed_kmh": 50
      }
    },
    {
      "type": "Feature",
      "geometry": {
        "type": "LineString",
        "coordinates": [
          [
            80.247826,
            13.065707
          ],
          [
            80.247824,
            13.065678
          ]
        ]
      },
      "properties": {
        "id": "RE-00506",
        "name": "Haddows Road",
        "highway": "primary",
        "length_m": 5.0,
        "elevation_m": 14.38,
        "maxspeed_kmh": 50
      }
    },
    {
      "type": "Feature",
      "geometry": {
        "type": "LineString",
        "coordinates": [
          [
            80.247824,
            13.065678
          ],
          [
            80.247826,
            13.065707
          ]
        ]
      },
      "properties": {
        "id": "RE-00507",
        "name": "Haddows Road",
        "highway": "primary",
        "length_m": 5.0,
        "elevation_m": 14.38,
        "maxspeed_kmh": 50
      }
    },
    {
      "type": "Feature",
      "geometry": {
        "type": "LineString",
        "coordinates": [
          [
            80.247824,
            13.065678
          ],
          [
            80.247823,
            13.065658
          ]
        ]
      },
      "properties": {
        "id": "RE-00508",
        "name": "Haddows Road",
        "highway": "primary",
        "length_m": 5.0,
        "elevation_m": 14.38,
        "maxspeed_kmh": 50
      }
    },
    {
      "type": "Feature",
      "geometry": {
        "type": "LineString",
        "coordinates": [
          [
            80.247823,
            13.065658
          ],
          [
            80.247824,
            13.065678
          ]
        ]
      },
      "properties": {
        "id": "RE-00509",
        "name": "Haddows Road",
        "highway": "primary",
        "length_m": 5.0,
        "elevation_m": 14.38,
        "maxspeed_kmh": 50
      }
    },
    {
      "type": "Feature",
      "geometry": {
        "type": "LineString",
        "coordinates": [
          [
            80.247823,
            13.065658
          ],
          [
            80.247821,
            13.065628
          ]
        ]
      },
      "properties": {
        "id": "RE-00510",
        "name": "Haddows Road",
        "highway": "primary",
        "length_m": 5.0,
        "elevation_m": 14.38,
        "maxspeed_kmh": 50
      }
    },
    {
      "type": "Feature",
      "geometry": {
        "type": "LineString",
        "coordinates": [
          [
            80.247821,
            13.065628
          ],
          [
            80.247823,
            13.065658
          ]
        ]
      },
      "properties": {
        "id": "RE-00511",
        "name": "Haddows Road",
        "highway": "primary",
        "length_m": 5.0,
        "elevation_m": 14.38,
        "maxspeed_kmh": 50
      }
    },
    {
      "type": "Feature",
      "geometry": {
        "type": "LineString",
        "coordinates": [
          [
            80.247821,
            13.065628
          ],
          [
            80.247803,
            13.065361
          ]
        ]
      },
      "properties": {
        "id": "RE-00512",
        "name": "Haddows Road",
        "highway": "primary",
        "length_m": 29.75,
        "elevation_m": 13.67,
        "maxspeed_kmh": 50
      }
    },
    {
      "type": "Feature",
      "geometry": {
        "type": "LineString",
        "coordinates": [
          [
            80.247821,
            13.065628
          ],
          [
            80.247796,
            13.065265
          ],
          [
            80.247785,
            13.065102
          ],
          [
            80.247747,
            13.064529
          ],
          [
            80.247721,
            13.063642
          ],
          [
            80.24771,
            13.063446
          ],
          [
            80.247673,
            13.062796
          ],
          [
            80.247649,
            13.062101
          ],
          [
            80.247641,
            13.061939
          ],
          [
            80.247637,
            13.061852
          ],
          [
            80.247606,
            13.061733
          ],
          [
            80.247201,
            13.06138
          ],
          [
            80.247161,
            13.061346
          ],
          [
            80.247096,
            13.06127
          ],
          [
            80.247051,
            13.061246
          ]
        ]
      },
      "properties": {
        "id": "RE-00513",
        "name": "Haddows Road",
        "highway": "primary",
        "length_m": 515.22,
        "elevation_m": 14.46,
        "maxspeed_kmh": 50
      }
    },
    {
      "type": "Feature",
      "geometry": {
        "type": "LineString",
        "coordinates": [
          [
            80.247803,
            13.065361
          ],
          [
            80.247821,
            13.065628
          ]
        ]
      },
      "properties": {
        "id": "RE-00514",
        "name": "Haddows Road",
        "highway": "primary",
        "length_m": 29.75,
        "elevation_m": 13.67,
        "maxspeed_kmh": 50
      }
    },
    {
      "type": "Feature",
      "geometry": {
        "type": "LineString",
        "coordinates": [
          [
            80.247803,
            13.065361
          ],
          [
            80.247803,
            13.065361
          ]
        ]
      },
      "properties": {
        "id": "RE-00515",
        "name": "Haddows Road",
        "highway": "primary",
        "length_m": 5.0,
        "elevation_m": 13.67,
        "maxspeed_kmh": 50
      }
    },
    {
      "type": "Feature",
      "geometry": {
        "type": "LineString",
        "coordinates": [
          [
            80.226315,
            13.065532
          ],
          [
            80.22674,
            13.065449
          ],
          [
            80.227059,
            13.065381
          ],
          [
            80.227198,
            13.065349
          ],
          [
            80.229023,
            13.064927
          ],
          [
            80.230145,
            13.064659
          ],
          [
            80.230817,
            13.064496
          ]
        ]
      },
      "properties": {
        "id": "RE-00516",
        "name": "Connecting Avenue",
        "highway": "primary",
        "length_m": 501.11,
        "elevation_m": 12.97,
        "maxspeed_kmh": 50
      }
    },
    {
      "type": "Feature",
      "geometry": {
        "type": "LineString",
        "coordinates": [
          [
            80.230817,
            13.064496
          ],
          [
            80.230145,
            13.064659
          ],
          [
            80.229023,
            13.064927
          ],
          [
            80.227198,
            13.065349
          ],
          [
            80.227059,
            13.065381
          ],
          [
            80.22674,
            13.065449
          ],
          [
            80.226315,
            13.065532
          ]
        ]
      },
      "properties": {
        "id": "RE-00517",
        "name": "Connecting Avenue",
        "highway": "primary",
        "length_m": 501.11,
        "elevation_m": 12.97,
        "maxspeed_kmh": 50
      }
    },
    {
      "type": "Feature",
      "geometry": {
        "type": "LineString",
        "coordinates": [
          [
            80.230817,
            13.064496
          ],
          [
            80.230748,
            13.064112
          ],
          [
            80.230693,
            13.063857
          ],
          [
            80.230652,
            13.063682
          ],
          [
            80.230554,
            13.063363
          ],
          [
            80.230556,
            13.063316
          ],
          [
            80.230484,
            13.063033
          ],
          [
            80.230445,
            13.062882
          ],
          [
            80.230389,
            13.062651
          ],
          [
            80.230365,
            13.062551
          ],
          [
            80.230285,
            13.062216
          ],
          [
            80.230226,
            13.061794
          ],
          [
            80.230232,
            13.061551
          ],
          [
            80.230233,
            13.06121
          ],
          [
            80.230244,
            13.060954
          ]
        ]
      },
      "properties": {
        "id": "RE-00518",
        "name": "Choolaimedu High Road",
        "highway": "primary",
        "length_m": 401.12,
        "elevation_m": 13.64,
        "maxspeed_kmh": 50
      }
    },
    {
      "type": "Feature",
      "geometry": {
        "type": "LineString",
        "coordinates": [
          [
            80.230817,
            13.064496
          ],
          [
            80.230961,
            13.065022
          ],
          [
            80.23107,
            13.065418
          ],
          [
            80.23111,
            13.065568
          ],
          [
            80.231202,
            13.06592
          ],
          [
            80.231214,
            13.065954
          ],
          [
            80.231266,
            13.06612
          ],
          [
            80.231352,
            13.066397
          ],
          [
            80.231376,
            13.066473
          ]
        ]
      },
      "properties": {
        "id": "RE-00519",
        "name": "Choolaimedu High Road",
        "highway": "primary",
        "length_m": 228.06,
        "elevation_m": 9.93,
        "maxspeed_kmh": 50
      }
    },
    {
      "type": "Feature",
      "geometry": {
        "type": "LineString",
        "coordinates": [
          [
            80.230244,
            13.060954
          ],
          [
            80.230233,
            13.06121
          ],
          [
            80.230232,
            13.061551
          ],
          [
            80.230226,
            13.061794
          ],
          [
            80.230285,
            13.062216
          ],
          [
            80.230365,
            13.062551
          ],
          [
            80.230389,
            13.062651
          ],
          [
            80.230445,
            13.062882
          ],
          [
            80.230484,
            13.063033
          ],
          [
            80.230556,
            13.063316
          ],
          [
            80.230554,
            13.063363
          ],
          [
            80.230652,
            13.063682
          ],
          [
            80.230693,
            13.063857
          ],
          [
            80.230748,
            13.064112
          ],
          [
            80.230817,
            13.064496
          ]
        ]
      },
      "properties": {
        "id": "RE-00520",
        "name": "Choolaimedu High Road",
        "highway": "primary",
        "length_m": 401.12,
        "elevation_m": 13.64,
        "maxspeed_kmh": 50
      }
    },
    {
      "type": "Feature",
      "geometry": {
        "type": "LineString",
        "coordinates": [
          [
            80.230244,
            13.060954
          ],
          [
            80.230244,
            13.060954
          ]
        ]
      },
      "properties": {
        "id": "RE-00521",
        "name": "Choolaimedu High Road",
        "highway": "primary",
        "length_m": 5.0,
        "elevation_m": 13.18,
        "maxspeed_kmh": 50
      }
    },
    {
      "type": "Feature",
      "geometry": {
        "type": "LineString",
        "coordinates": [
          [
            80.230244,
            13.060954
          ],
          [
            80.230224,
            13.060498
          ],
          [
            80.2302,
            13.060214
          ],
          [
            80.230144,
            13.05971
          ],
          [
            80.230124,
            13.059486
          ],
          [
            80.230038,
            13.059004
          ],
          [
            80.229955,
            13.058586
          ],
          [
            80.229913,
            13.058383
          ],
          [
            80.229848,
            13.058057
          ],
          [
            80.22972,
            13.057797
          ],
          [
            80.229607,
            13.057567
          ],
          [
            80.22956,
            13.05747
          ],
          [
            80.229541,
            13.057419
          ],
          [
            80.22945,
            13.057169
          ],
          [
            80.229387,
            13.05694
          ],
          [
            80.229345,
            13.056795
          ],
          [
            80.229283,
            13.056606
          ],
          [
            80.229242,
            13.056277
          ],
          [
            80.229185,
            13.055974
          ],
          [
            80.229138,
            13.055574
          ],
          [
            80.229117,
            13.055489
          ],
          [
            80.229052,
            13.055168
          ],
          [
            80.229016,
            13.054991
          ],
          [
            80.228993,
            13.054865
          ],
          [
            80.22887,
            13.054166
          ]
        ]
      },
      "properties": {
        "id": "RE-00522",
        "name": "Choolaimedu High Road",
        "highway": "primary",
        "length_m": 773.68,
        "elevation_m": 14.55,
        "maxspeed_kmh": 50
      }
    },
    {
      "type": "Feature",
      "geometry": {
        "type": "LineString",
        "coordinates": [
          [
            80.22887,
            13.054166
          ],
          [
            80.228993,
            13.054865
          ],
          [
            80.229016,
            13.054991
          ],
          [
            80.229052,
            13.055168
          ],
          [
            80.229117,
            13.055489
          ],
          [
            80.229138,
            13.055574
          ],
          [
            80.229185,
            13.055974
          ],
          [
            80.229242,
            13.056277
          ],
          [
            80.229283,
            13.056606
          ],
          [
            80.229345,
            13.056795
          ],
          [
            80.229387,
            13.05694
          ],
          [
            80.22945,
            13.057169
          ],
          [
            80.229541,
            13.057419
          ],
          [
            80.22956,
            13.05747
          ],
          [
            80.229607,
            13.057567
          ],
          [
            80.22972,
            13.057797
          ],
          [
            80.229848,
            13.058057
          ],
          [
            80.229913,
            13.058383
          ],
          [
            80.229955,
            13.058586
          ],
          [
            80.230038,
            13.059004
          ],
          [
            80.230124,
            13.059486
          ],
          [
            80.230144,
            13.05971
          ],
          [
            80.2302,
            13.060214
          ],
          [
            80.230224,
            13.060498
          ],
          [
            80.230244,
            13.060954
          ]
        ]
      },
      "properties": {
        "id": "RE-00523",
        "name": "Choolaimedu High Road",
        "highway": "primary",
        "length_m": 773.68,
        "elevation_m": 14.55,
        "maxspeed_kmh": 50
      }
    },
    {
      "type": "Feature",
      "geometry": {
        "type": "LineString",
        "coordinates": [
          [
            80.22887,
            13.054166
          ],
          [
            80.229502,
            13.054192
          ]
        ]
      },
      "properties": {
        "id": "RE-00524",
        "name": "Connecting Avenue",
        "highway": "primary",
        "length_m": 68.52,
        "elevation_m": 15.61,
        "maxspeed_kmh": 50
      }
    },
    {
      "type": "Feature",
      "geometry": {
        "type": "LineString",
        "coordinates": [
          [
            80.22887,
            13.054166
          ],
          [
            80.228475,
            13.05415
          ],
          [
            80.228148,
            13.054128
          ],
          [
            80.228028,
            13.054066
          ]
        ]
      },
      "properties": {
        "id": "RE-00525",
        "name": "Connecting Avenue",
        "highway": "primary",
        "length_m": 93.04,
        "elevation_m": 15.02,
        "maxspeed_kmh": 50
      }
    },
    {
      "type": "Feature",
      "geometry": {
        "type": "LineString",
        "coordinates": [
          [
            80.229502,
            13.054192
          ],
          [
            80.22887,
            13.054166
          ]
        ]
      },
      "properties": {
        "id": "RE-00526",
        "name": "Connecting Avenue",
        "highway": "primary",
        "length_m": 68.52,
        "elevation_m": 15.61,
        "maxspeed_kmh": 50
      }
    },
    {
      "type": "Feature",
      "geometry": {
        "type": "LineString",
        "coordinates": [
          [
            80.229502,
            13.054192
          ],
          [
            80.229996,
            13.054201
          ]
        ]
      },
      "properties": {
        "id": "RE-00527",
        "name": "Connecting Avenue",
        "highway": "primary",
        "length_m": 53.52,
        "elevation_m": 15.97,
        "maxspeed_kmh": 50
      }
    },
    {
      "type": "Feature",
      "geometry": {
        "type": "LineString",
        "coordinates": [
          [
            80.229996,
            13.054201
          ],
          [
            80.229502,
            13.054192
          ]
        ]
      },
      "properties": {
        "id": "RE-00528",
        "name": "Connecting Avenue",
        "highway": "primary",
        "length_m": 53.52,
        "elevation_m": 15.97,
        "maxspeed_kmh": 50
      }
    },
    {
      "type": "Feature",
      "geometry": {
        "type": "LineString",
        "coordinates": [
          [
            80.229996,
            13.054201
          ],
          [
            80.230712,
            13.054178
          ]
        ]
      },
      "properties": {
        "id": "RE-00529",
        "name": "Connecting Avenue",
        "highway": "primary",
        "length_m": 77.6,
        "elevation_m": 15.87,
        "maxspeed_kmh": 50
      }
    },
    {
      "type": "Feature",
      "geometry": {
        "type": "LineString",
        "coordinates": [
          [
            80.230712,
            13.054178
          ],
          [
            80.229996,
            13.054201
          ]
        ]
      },
      "properties": {
        "id": "RE-00530",
        "name": "Connecting Avenue",
        "highway": "primary",
        "length_m": 77.6,
        "elevation_m": 15.87,
        "maxspeed_kmh": 50
      }
    },
    {
      "type": "Feature",
      "geometry": {
        "type": "LineString",
        "coordinates": [
          [
            80.230712,
            13.054178
          ],
          [
            80.230685,
            13.054013
          ],
          [
            80.230304,
            13.051874
          ],
          [
            80.230197,
            13.051259
          ],
          [
            80.230121,
            13.050851
          ]
        ]
      },
      "properties": {
        "id": "RE-00531",
        "name": "Railway Border Road",
        "highway": "primary",
        "length_m": 375.45,
        "elevation_m": 15.24,
        "maxspeed_kmh": 50
      }
    },
    {
      "type": "Feature",
      "geometry": {
        "type": "LineString",
        "coordinates": [
          [
            80.230121,
            13.050851
          ],
          [
            80.230197,
            13.051259
          ],
          [
            80.230304,
            13.051874
          ],
          [
            80.230685,
            13.054013
          ],
          [
            80.230712,
            13.054178
          ]
        ]
      },
      "properties": {
        "id": "RE-00532",
        "name": "Railway Border Road",
        "highway": "primary",
        "length_m": 375.45,
        "elevation_m": 15.24,
        "maxspeed_kmh": 50
      }
    },
    {
      "type": "Feature",
      "geometry": {
        "type": "LineString",
        "coordinates": [
          [
            80.230121,
            13.050851
          ],
          [
            80.230118,
            13.05079
          ],
          [
            80.230116,
            13.050759
          ],
          [
            80.230113,
            13.050701
          ],
          [
            80.230057,
            13.050068
          ],
          [
            80.230078,
            13.049668
          ],
          [
            80.230068,
            13.049432
          ],
          [
            80.230079,
            13.048939
          ],
          [
            80.230051,
            13.048411
          ],
          [
            80.230053,
            13.048225
          ],
          [
            80.230114,
            13.048118
          ],
          [
            80.230381,
            13.047828
          ],
          [
            80.230463,
            13.047773
          ],
          [
            80.23052,
            13.047744
          ],
          [
            80.230702,
            13.047723
          ],
          [
            80.231295,
            13.047668
          ],
          [
            80.232569,
            13.047508
          ],
          [
            80.232763,
            13.047494
          ],
          [
            80.233003,
            13.047477
          ]
        ]
      },
      "properties": {
        "id": "RE-00533",
        "name": "Bazulla Flyover",
        "highway": "primary",
        "length_m": 637.8,
        "elevation_m": 12.59,
        "maxspeed_kmh": 50
      }
    },
    {
      "type": "Feature",
      "geometry": {
        "type": "LineString",
        "coordinates": [
          [
            80.239519,
            13.046236
          ],
          [
            80.239431,
            13.046281
          ]
        ]
      },
      "properties": {
        "id": "RE-00534",
        "name": "Thirumalai Road",
        "highway": "primary",
        "length_m": 10.77,
        "elevation_m": 14.27,
        "maxspeed_kmh": 50
      }
    },
    {
      "type": "Feature",
      "geometry": {
        "type": "LineString",
        "coordinates": [
          [
            80.239519,
            13.046236
          ],
          [
            80.239546,
            13.046216
          ]
        ]
      },
      "properties": {
        "id": "RE-00535",
        "name": "Thirumalai Road",
        "highway": "primary",
        "length_m": 5.0,
        "elevation_m": 14.12,
        "maxspeed_kmh": 50
      }
    },
    {
      "type": "Feature",
      "geometry": {
        "type": "LineString",
        "coordinates": [
          [
            80.239546,
            13.046216
          ],
          [
            80.239519,
            13.046236
          ]
        ]
      },
      "properties": {
        "id": "RE-00536",
        "name": "Thirumalai Road",
        "highway": "primary",
        "length_m": 5.0,
        "elevation_m": 14.12,
        "maxspeed_kmh": 50
      }
    },
    {
      "type": "Feature",
      "geometry": {
        "type": "LineString",
        "coordinates": [
          [
            80.239546,
            13.046216
          ],
          [
            80.239568,
            13.046194
          ]
        ]
      },
      "properties": {
        "id": "RE-00537",
        "name": "Thirumalai Road",
        "highway": "primary",
        "length_m": 5.0,
        "elevation_m": 14.12,
        "maxspeed_kmh": 50
      }
    },
    {
      "type": "Feature",
      "geometry": {
        "type": "LineString",
        "coordinates": [
          [
            80.239568,
            13.046194
          ],
          [
            80.239546,
            13.046216
          ]
        ]
      },
      "properties": {
        "id": "RE-00538",
        "name": "Thirumalai Road",
        "highway": "primary",
        "length_m": 5.0,
        "elevation_m": 14.12,
        "maxspeed_kmh": 50
      }
    },
    {
      "type": "Feature",
      "geometry": {
        "type": "LineString",
        "coordinates": [
          [
            80.239568,
            13.046194
          ],
          [
            80.239597,
            13.046166
          ]
        ]
      },
      "properties": {
        "id": "RE-00539",
        "name": "Thirumalai Road",
        "highway": "primary",
        "length_m": 5.0,
        "elevation_m": 14.12,
        "maxspeed_kmh": 50
      }
    },
    {
      "type": "Feature",
      "geometry": {
        "type": "LineString",
        "coordinates": [
          [
            80.239597,
            13.046166
          ],
          [
            80.239568,
            13.046194
          ]
        ]
      },
      "properties": {
        "id": "RE-00540",
        "name": "Thirumalai Road",
        "highway": "primary",
        "length_m": 5.0,
        "elevation_m": 14.12,
        "maxspeed_kmh": 50
      }
    },
    {
      "type": "Feature",
      "geometry": {
        "type": "LineString",
        "coordinates": [
          [
            80.239597,
            13.046166
          ],
          [
            80.239609,
            13.0461
          ]
        ]
      },
      "properties": {
        "id": "RE-00541",
        "name": "Thirumalai Road",
        "highway": "primary",
        "length_m": 7.45,
        "elevation_m": 14.12,
        "maxspeed_kmh": 50
      }
    },
    {
      "type": "Feature",
      "geometry": {
        "type": "LineString",
        "coordinates": [
          [
            80.239609,
            13.0461
          ],
          [
            80.239597,
            13.046166
          ]
        ]
      },
      "properties": {
        "id": "RE-00542",
        "name": "Thirumalai Road",
        "highway": "primary",
        "length_m": 7.45,
        "elevation_m": 14.12,
        "maxspeed_kmh": 50
      }
    },
    {
      "type": "Feature",
      "geometry": {
        "type": "LineString",
        "coordinates": [
          [
            80.239609,
            13.0461
          ],
          [
            80.239682,
            13.045959
          ]
        ]
      },
      "properties": {
        "id": "RE-00543",
        "name": "Thirumalai Road",
        "highway": "primary",
        "length_m": 17.56,
        "elevation_m": 14.12,
        "maxspeed_kmh": 50
      }
    },
    {
      "type": "Feature",
      "geometry": {
        "type": "LineString",
        "coordinates": [
          [
            80.239682,
            13.045959
          ],
          [
            80.239609,
            13.0461
          ]
        ]
      },
      "properties": {
        "id": "RE-00544",
        "name": "Thirumalai Road",
        "highway": "primary",
        "length_m": 17.56,
        "elevation_m": 14.12,
        "maxspeed_kmh": 50
      }
    },
    {
      "type": "Feature",
      "geometry": {
        "type": "LineString",
        "coordinates": [
          [
            80.239682,
            13.045959
          ],
          [
            80.240143,
            13.045331
          ]
        ]
      },
      "properties": {
        "id": "RE-00545",
        "name": "Thirumalai Road",
        "highway": "primary",
        "length_m": 85.85,
        "elevation_m": 13.82,
        "maxspeed_kmh": 50
      }
    },
    {
      "type": "Feature",
      "geometry": {
        "type": "LineString",
        "coordinates": [
          [
            80.240143,
            13.045331
          ],
          [
            80.239682,
            13.045959
          ]
        ]
      },
      "properties": {
        "id": "RE-00546",
        "name": "Thirumalai Road",
        "highway": "primary",
        "length_m": 85.85,
        "elevation_m": 13.82,
        "maxspeed_kmh": 50
      }
    },
    {
      "type": "Feature",
      "geometry": {
        "type": "LineString",
        "coordinates": [
          [
            80.240143,
            13.045331
          ],
          [
            80.240226,
            13.045195
          ],
          [
            80.240334,
            13.045015
          ],
          [
            80.24041,
            13.044896
          ],
          [
            80.240419,
            13.044881
          ],
          [
            80.240626,
            13.044556
          ],
          [
            80.240643,
            13.044475
          ]
        ]
      },
      "properties": {
        "id": "RE-00547",
        "name": "Thirumalai Road",
        "highway": "primary",
        "length_m": 110.02,
        "elevation_m": 13.73,
        "maxspeed_kmh": 50
      }
    },
    {
      "type": "Feature",
      "geometry": {
        "type": "LineString",
        "coordinates": [
          [
            80.240143,
            13.045331
          ],
          [
            80.240262,
            13.045295
          ],
          [
            80.24038,
            13.045278
          ],
          [
            80.241489,
            13.045866
          ],
          [
            80.242183,
            13.04625
          ],
          [
            80.242281,
            13.046245
          ]
        ]
      },
      "properties": {
        "id": "RE-00548",
        "name": "Connecting Avenue",
        "highway": "primary",
        "length_m": 260.28,
        "elevation_m": 13.31,
        "maxspeed_kmh": 50
      }
    },
    {
      "type": "Feature",
      "geometry": {
        "type": "LineString",
        "coordinates": [
          [
            80.244594,
            13.043383
          ],
          [
            80.243816,
            13.043504
          ],
          [
            80.243664,
            13.043534
          ],
          [
            80.243505,
            13.043555
          ],
          [
            80.243375,
            13.043573
          ],
          [
            80.243309,
            13.043581
          ],
          [
            80.242747,
            13.043657
          ],
          [
            80.242451,
            13.043709
          ],
          [
            80.242389,
            13.043719
          ],
          [
            80.242218,
            13.043748
          ],
          [
            80.241822,
            13.043814
          ],
          [
            80.241705,
            13.043833
          ],
          [
            80.240984,
            13.043953
          ]
        ]
      },
      "properties": {
        "id": "RE-00549",
        "name": "Vijayaraghava Road",
        "highway": "primary",
        "length_m": 396.21,
        "elevation_m": 14.77,
        "maxspeed_kmh": 50
      }
    },
    {
      "type": "Feature",
      "geometry": {
        "type": "LineString",
        "coordinates": [
          [
            80.244594,
            13.043383
          ],
          [
            80.245409,
            13.043244
          ],
          [
            80.245512,
            13.043226
          ],
          [
            80.246491,
            13.043074
          ],
          [
            80.246796,
            13.043026
          ],
          [
            80.246942,
            13.043005
          ],
          [
            80.247081,
            13.042983
          ],
          [
            80.247142,
            13.042975
          ],
          [
            80.247361,
            13.042946
          ],
          [
            80.247408,
            13.042939
          ],
          [
            80.247594,
            13.042922
          ]
        ]
      },
      "properties": {
        "id": "RE-00550",
        "name": "Vijayaraghavachari Road",
        "highway": "primary",
        "length_m": 329.06,
        "elevation_m": 11.53,
        "maxspeed_kmh": 50
      }
    },
    {
      "type": "Feature",
      "geometry": {
        "type": "LineString",
        "coordinates": [
          [
            80.247594,
            13.042922
          ],
          [
            80.247408,
            13.042939
          ],
          [
            80.247361,
            13.042946
          ],
          [
            80.247142,
            13.042975
          ],
          [
            80.247081,
            13.042983
          ],
          [
            80.246942,
            13.043005
          ],
          [
            80.246796,
            13.043026
          ],
          [
            80.246491,
            13.043074
          ],
          [
            80.245512,
            13.043226
          ],
          [
            80.245409,
            13.043244
          ],
          [
            80.244594,
            13.043383
          ]
        ]
      },
      "properties": {
        "id": "RE-00551",
        "name": "Vijayaraghavachari Road",
        "highway": "primary",
        "length_m": 329.06,
        "elevation_m": 11.53,
        "maxspeed_kmh": 50
      }
    },
    {
      "type": "Feature",
      "geometry": {
        "type": "LineString",
        "coordinates": [
          [
            80.247594,
            13.042922
          ],
          [
            80.247492,
            13.042503
          ],
          [
            80.247488,
            13.042486
          ],
          [
            80.247455,
            13.042312
          ]
        ]
      },
      "properties": {
        "id": "RE-00552",
        "name": "Anna Salai (Mount Road)",
        "highway": "primary",
        "length_m": 69.5,
        "elevation_m": 12.39,
        "maxspeed_kmh": 50
      }
    },
    {
      "type": "Feature",
      "geometry": {
        "type": "LineString",
        "coordinates": [
          [
            80.246205,
            13.03556
          ],
          [
            80.246268,
            13.0358
          ],
          [
            80.246323,
            13.036068
          ],
          [
            80.246349,
            13.036167
          ],
          [
            80.246421,
            13.036488
          ],
          [
            80.246617,
            13.037357
          ],
          [
            80.246638,
            13.037483
          ],
          [
            80.246787,
            13.038173
          ],
          [
            80.246837,
            13.038417
          ],
          [
            80.246949,
            13.038979
          ],
          [
            80.246971,
            13.039083
          ],
          [
            80.246995,
            13.039177
          ],
          [
            80.24705,
            13.039474
          ],
          [
            80.247179,
            13.040093
          ],
          [
            80.247222,
            13.040313
          ],
          [
            80.247256,
            13.040484
          ],
          [
            80.247307,
            13.040747
          ],
          [
            80.247377,
            13.041116
          ],
          [
            80.247381,
            13.041139
          ],
          [
            80.247388,
            13.041173
          ],
          [
            80.247424,
            13.04136
          ],
          [
            80.247427,
            13.041381
          ],
          [
            80.247441,
            13.041439
          ],
          [
            80.247442,
            13.041583
          ],
          [
            80.247477,
            13.041733
          ],
          [
            80.24751,
            13.041893
          ],
          [
            80.247603,
            13.042276
          ]
        ]
      },
      "properties": {
        "id": "RE-00553",
        "name": "Anna Salai (Mount Road)",
        "highway": "primary",
        "length_m": 762.43,
        "elevation_m": 11.76,
        "maxspeed_kmh": 50
      }
    },
    {
      "type": "Feature",
      "geometry": {
        "type": "LineString",
        "coordinates": [
          [
            80.246205,
            13.03556
          ],
          [
            80.246768,
            13.035532
          ],
          [
            80.247115,
            13.035517
          ],
          [
            80.24722,
            13.035513
          ],
          [
            80.247596,
            13.035486
          ],
          [
            80.24766,
            13.035482
          ],
          [
            80.24774,
            13.035476
          ]
        ]
      },
      "properties": {
        "id": "RE-00554",
        "name": "Kavingar Bharathidasan Road",
        "highway": "primary",
        "length_m": 166.56,
        "elevation_m": 12.98,
        "maxspeed_kmh": 50
      }
    },
    {
      "type": "Feature",
      "geometry": {
        "type": "LineString",
        "coordinates": [
          [
            80.24774,
            13.035476
          ],
          [
            80.24766,
            13.035482
          ],
          [
            80.247596,
            13.035486
          ],
          [
            80.24722,
            13.035513
          ],
          [
            80.247115,
            13.035517
          ],
          [
            80.246768,
            13.035532
          ],
          [
            80.246205,
            13.03556
          ]
        ]
      },
      "properties": {
        "id": "RE-00555",
        "name": "Kavingar Bharathidasan Road",
        "highway": "primary",
        "length_m": 166.56,
        "elevation_m": 12.98,
        "maxspeed_kmh": 50
      }
    },
    {
      "type": "Feature",
      "geometry": {
        "type": "LineString",
        "coordinates": [
          [
            80.24774,
            13.035476
          ],
          [
            80.24774,
            13.035476
          ]
        ]
      },
      "properties": {
        "id": "RE-00556",
        "name": "Kavingar Bharathidasan Road",
        "highway": "primary",
        "length_m": 5.0,
        "elevation_m": 12.98,
        "maxspeed_kmh": 50
      }
    },
    {
      "type": "Feature",
      "geometry": {
        "type": "LineString",
        "coordinates": [
          [
            80.24774,
            13.035476
          ],
          [
            80.247946,
            13.035462
          ],
          [
            80.249347,
            13.035376
          ],
          [
            80.249426,
            13.035375
          ],
          [
            80.249804,
            13.035345
          ],
          [
            80.250781,
            13.035305
          ]
        ]
      },
      "properties": {
        "id": "RE-00557",
        "name": "Kavingar Bharathidasan Road",
        "highway": "primary",
        "length_m": 330.02,
        "elevation_m": 12.98,
        "maxspeed_kmh": 50
      }
    },
    {
      "type": "Feature",
      "geometry": {
        "type": "LineString",
        "coordinates": [
          [
            80.234467,
            13.065358
          ],
          [
            80.234457,
            13.065369
          ],
          [
            80.234278,
            13.065552
          ],
          [
            80.233828,
            13.065774
          ],
          [
            80.233314,
            13.065948
          ],
          [
            80.232585,
            13.066188
          ],
          [
            80.232272,
            13.066289
          ],
          [
            80.231928,
            13.066399
          ],
          [
            80.231501,
            13.066517
          ],
          [
            80.231399,
            13.066545
          ],
          [
            80.231376,
            13.066473
          ]
        ]
      },
      "properties": {
        "id": "RE-00558",
        "name": "Nungambakkam Subway",
        "highway": "secondary",
        "length_m": 369.54,
        "elevation_m": 8.4,
        "maxspeed_kmh": 40
      }
    },
    {
      "type": "Feature",
      "geometry": {
        "type": "LineString",
        "coordinates": [
          [
            80.234467,
            13.065358
          ],
          [
            80.234519,
            13.065306
          ],
          [
            80.234844,
            13.06469
          ],
          [
            80.235164,
            13.064083
          ],
          [
            80.235249,
            13.064
          ],
          [
            80.235324,
            13.063953
          ],
          [
            80.235427,
            13.063953
          ],
          [
            80.235536,
            13.063953
          ]
        ]
      },
      "properties": {
        "id": "RE-00559",
        "name": "Nelson Manickam Road",
        "highway": "primary",
        "length_m": 206.62,
        "elevation_m": 15.55,
        "maxspeed_kmh": 50
      }
    },
    {
      "type": "Feature",
      "geometry": {
        "type": "LineString",
        "coordinates": [
          [
            80.235536,
            13.063953
          ],
          [
            80.235427,
            13.063953
          ],
          [
            80.235324,
            13.063953
          ],
          [
            80.235249,
            13.064
          ],
          [
            80.235164,
            13.064083
          ],
          [
            80.234844,
            13.06469
          ],
          [
            80.234519,
            13.065306
          ],
          [
            80.234467,
            13.065358
          ]
        ]
      },
      "properties": {
        "id": "RE-00560",
        "name": "Nelson Manickam Road",
        "highway": "primary",
        "length_m": 206.62,
        "elevation_m": 15.55,
        "maxspeed_kmh": 50
      }
    },
    {
      "type": "Feature",
      "geometry": {
        "type": "LineString",
        "coordinates": [
          [
            80.235536,
            13.063953
          ],
          [
            80.235994,
            13.064203
          ],
          [
            80.236177,
            13.06427
          ],
          [
            80.236269,
            13.064333
          ],
          [
            80.236493,
            13.064438
          ],
          [
            80.236818,
            13.064594
          ],
          [
            80.236877,
            13.06462
          ],
          [
            80.23708,
            13.064707
          ],
          [
            80.237217,
            13.064761
          ],
          [
            80.237301,
            13.064794
          ],
          [
            80.237494,
            13.064858
          ],
          [
            80.237776,
            13.064907
          ],
          [
            80.23833,
            13.064984
          ],
          [
            80.238672,
            13.065037
          ],
          [
            80.239493,
            13.065112
          ],
          [
            80.239545,
            13.06512
          ],
          [
            80.240118,
            13.065209
          ],
          [
            80.240516,
            13.065266
          ],
          [
            80.241316,
            13.065396
          ],
          [
            80.241336,
            13.0654
          ],
          [
            80.241651,
            13.065455
          ],
          [
            80.24188,
            13.065496
          ],
          [
            80.241958,
            13.065512
          ],
          [
            80.24234,
            13.065578
          ],
          [
            80.24262,
            13.065627
          ],
          [
            80.242686,
            13.065639
          ],
          [
            80.242775,
            13.065661
          ],
          [
            80.243141,
            13.065752
          ],
          [
            80.243193,
            13.065765
          ],
          [
            80.243211,
            13.065772
          ]
        ]
      },
      "properties": {
        "id": "RE-00561",
        "name": "Sterling Road",
        "highway": "primary",
        "length_m": 863.39,
        "elevation_m": 15.41,
        "maxspeed_kmh": 50
      }
    },
    {
      "type": "Feature",
      "geometry": {
        "type": "LineString",
        "coordinates": [
          [
            80.243211,
            13.065772
          ],
          [
            80.243193,
            13.065765
          ],
          [
            80.243141,
            13.065752
          ],
          [
            80.242775,
            13.065661
          ],
          [
            80.242686,
            13.065639
          ],
          [
            80.24262,
            13.065627
          ],
          [
            80.24234,
            13.065578
          ],
          [
            80.241958,
            13.065512
          ],
          [
            80.24188,
            13.065496
          ],
          [
            80.241651,
            13.065455
          ],
          [
            80.241336,
            13.0654
          ],
          [
            80.241316,
            13.065396
          ],
          [
            80.240516,
            13.065266
          ],
          [
            80.240118,
            13.065209
          ],
          [
            80.239545,
            13.06512
          ],
          [
            80.239493,
            13.065112
          ],
          [
            80.238672,
            13.065037
          ],
          [
            80.23833,
            13.064984
          ],
          [
            80.237776,
            13.064907
          ],
          [
            80.237494,
            13.064858
          ],
          [
            80.237301,
            13.064794
          ],
          [
            80.237217,
            13.064761
          ],
          [
            80.23708,
            13.064707
          ],
          [
            80.236877,
            13.06462
          ],
          [
            80.236818,
            13.064594
          ],
          [
            80.236493,
            13.064438
          ],
          [
            80.236269,
            13.064333
          ],
          [
            80.236177,
            13.06427
          ],
          [
            80.235994,
            13.064203
          ],
          [
            80.235536,
            13.063953
          ]
        ]
      },
      "properties": {
        "id": "RE-00562",
        "name": "Sterling Road",
        "highway": "primary",
        "length_m": 863.39,
        "elevation_m": 15.41,
        "maxspeed_kmh": 50
      }
    },
    {
      "type": "Feature",
      "geometry": {
        "type": "LineString",
        "coordinates": [
          [
            80.243211,
            13.065772
          ],
          [
            80.243326,
            13.065893
          ],
          [
            80.243388,
            13.066004
          ],
          [
            80.243442,
            13.066159
          ]
        ]
      },
      "properties": {
        "id": "RE-00563",
        "name": "Connecting Avenue",
        "highway": "primary",
        "length_m": 50.59,
        "elevation_m": 9.75,
        "maxspeed_kmh": 50
      }
    },
    {
      "type": "Feature",
      "geometry": {
        "type": "LineString",
        "coordinates": [
          [
            80.247051,
            13.061246
          ],
          [
            80.247096,
            13.06127
          ],
          [
            80.247161,
            13.061346
          ],
          [
            80.247201,
            13.06138
          ],
          [
            80.247606,
            13.061733
          ],
          [
            80.247637,
            13.061852
          ],
          [
            80.247641,
            13.061939
          ],
          [
            80.247649,
            13.062101
          ],
          [
            80.247673,
            13.062796
          ],
          [
            80.24771,
            13.063446
          ],
          [
            80.247721,
            13.063642
          ],
          [
            80.247747,
            13.064529
          ],
          [
            80.247785,
            13.065102
          ],
          [
            80.247796,
            13.065265
          ],
          [
            80.247821,
            13.065628
          ]
        ]
      },
      "properties": {
        "id": "RE-00564",
        "name": "Haddows Road",
        "highway": "primary",
        "length_m": 515.22,
        "elevation_m": 14.46,
        "maxspeed_kmh": 50
      }
    },
    {
      "type": "Feature",
      "geometry": {
        "type": "LineString",
        "coordinates": [
          [
            80.247051,
            13.061246
          ],
          [
            80.247272,
            13.060921
          ],
          [
            80.247355,
            13.06078
          ],
          [
            80.247411,
            13.060686
          ],
          [
            80.247453,
            13.060609
          ],
          [
            80.247579,
            13.060393
          ],
          [
            80.247829,
            13.059783
          ],
          [
            80.247948,
            13.059427
          ],
          [
            80.24819,
            13.058702
          ],
          [
            80.248552,
            13.05763
          ],
          [
            80.24866,
            13.057311
          ],
          [
            80.248669,
            13.057285
          ],
          [
            80.248688,
            13.057227
          ],
          [
            80.248939,
            13.056447
          ],
          [
            80.249055,
            13.056029
          ],
          [
            80.249253,
            13.055556
          ],
          [
            80.249318,
            13.055437
          ],
          [
            80.249501,
            13.055124
          ],
          [
            80.249608,
            13.054942
          ],
          [
            80.249616,
            13.054927
          ],
          [
            80.249851,
            13.054522
          ],
          [
            80.250262,
            13.053829
          ],
          [
            80.250289,
            13.053777
          ],
          [
            80.250294,
            13.053767
          ],
          [
            80.25042,
            13.053541
          ],
          [
            80.250611,
            13.053202
          ],
          [
            80.250716,
            13.053016
          ],
          [
            80.250744,
            13.052964
          ],
          [
            80.250867,
            13.052743
          ],
          [
            80.250923,
            13.052652
          ]
        ]
      },
      "properties": {
        "id": "RE-00565",
        "name": "Uttamar Gandhi Salai (Nungambakkam High Road)",
        "highway": "primary",
        "length_m": 1048.93,
        "elevation_m": 12.96,
        "maxspeed_kmh": 50
      }
    },
    {
      "type": "Feature",
      "geometry": {
        "type": "LineString",
        "coordinates": [
          [
            80.250923,
            13.052652
          ],
          [
            80.250867,
            13.052743
          ],
          [
            80.250744,
            13.052964
          ],
          [
            80.250716,
            13.053016
          ],
          [
            80.250611,
            13.053202
          ],
          [
            80.25042,
            13.053541
          ],
          [
            80.250294,
            13.053767
          ],
          [
            80.250289,
            13.053777
          ],
          [
            80.250262,
            13.053829
          ],
          [
            80.249851,
            13.054522
          ],
          [
            80.249616,
            13.054927
          ],
          [
            80.249608,
            13.054942
          ],
          [
            80.249501,
            13.055124
          ],
          [
            80.249318,
            13.055437
          ],
          [
            80.249253,
            13.055556
          ],
          [
            80.249055,
            13.056029
          ],
          [
            80.248939,
            13.056447
          ],
          [
            80.248688,
            13.057227
          ],
          [
            80.248669,
            13.057285
          ],
          [
            80.24866,
            13.057311
          ],
          [
            80.248552,
            13.05763
          ],
          [
            80.24819,
            13.058702
          ],
          [
            80.247948,
            13.059427
          ],
          [
            80.247829,
            13.059783
          ],
          [
            80.247579,
            13.060393
          ],
          [
            80.247453,
            13.060609
          ],
          [
            80.247411,
            13.060686
          ],
          [
            80.247355,
            13.06078
          ],
          [
            80.247272,
            13.060921
          ],
          [
            80.247051,
            13.061246
          ]
        ]
      },
      "properties": {
        "id": "RE-00566",
        "name": "Uttamar Gandhi Salai (Nungambakkam High Road)",
        "highway": "primary",
        "length_m": 1048.93,
        "elevation_m": 12.96,
        "maxspeed_kmh": 50
      }
    },
    {
      "type": "Feature",
      "geometry": {
        "type": "LineString",
        "coordinates": [
          [
            80.250923,
            13.052652
          ],
          [
            80.251088,
            13.052587
          ]
        ]
      },
      "properties": {
        "id": "RE-00567",
        "name": "Cathedral Road",
        "highway": "primary",
        "length_m": 19.28,
        "elevation_m": 12.05,
        "maxspeed_kmh": 50
      }
    },
    {
      "type": "Feature",
      "geometry": {
        "type": "LineString",
        "coordinates": [
          [
            80.251088,
            13.052587
          ],
          [
            80.250923,
            13.052652
          ]
        ]
      },
      "properties": {
        "id": "RE-00568",
        "name": "Cathedral Road",
        "highway": "primary",
        "length_m": 19.28,
        "elevation_m": 12.05,
        "maxspeed_kmh": 50
      }
    },
    {
      "type": "Feature",
      "geometry": {
        "type": "LineString",
        "coordinates": [
          [
            80.251088,
            13.052587
          ],
          [
            80.251183,
            13.052426
          ]
        ]
      },
      "properties": {
        "id": "RE-00569",
        "name": "Cathedral Road",
        "highway": "primary",
        "length_m": 20.65,
        "elevation_m": 12.12,
        "maxspeed_kmh": 50
      }
    },
    {
      "type": "Feature",
      "geometry": {
        "type": "LineString",
        "coordinates": [
          [
            80.251088,
            13.052587
          ],
          [
            80.25098,
            13.052559
          ],
          [
            80.250859,
            13.052523
          ],
          [
            80.250756,
            13.052391
          ],
          [
            80.250684,
            13.05228
          ],
          [
            80.250543,
            13.052145
          ],
          [
            80.250252,
            13.051886
          ],
          [
            80.249835,
            13.051574
          ],
          [
            80.24958,
            13.051377
          ],
          [
            80.249399,
            13.05123
          ],
          [
            80.248919,
            13.050774
          ],
          [
            80.24887,
            13.050655
          ]
        ]
      },
      "properties": {
        "id": "RE-00570",
        "name": "Connecting Avenue",
        "highway": "primary",
        "length_m": 327.58,
        "elevation_m": 12.23,
        "maxspeed_kmh": 50
      }
    },
    {
      "type": "Feature",
      "geometry": {
        "type": "LineString",
        "coordinates": [
          [
            80.251183,
            13.052426
          ],
          [
            80.251088,
            13.052587
          ]
        ]
      },
      "properties": {
        "id": "RE-00571",
        "name": "Cathedral Road",
        "highway": "primary",
        "length_m": 20.65,
        "elevation_m": 12.12,
        "maxspeed_kmh": 50
      }
    },
    {
      "type": "Feature",
      "geometry": {
        "type": "LineString",
        "coordinates": [
          [
            80.251183,
            13.052426
          ],
          [
            80.251238,
            13.052303
          ]
        ]
      },
      "properties": {
        "id": "RE-00572",
        "name": "Cathedral Road",
        "highway": "primary",
        "length_m": 14.92,
        "elevation_m": 12.2,
        "maxspeed_kmh": 50
      }
    },
    {
      "type": "Feature",
      "geometry": {
        "type": "LineString",
        "coordinates": [
          [
            80.251238,
            13.052303
          ],
          [
            80.251183,
            13.052426
          ]
        ]
      },
      "properties": {
        "id": "RE-00573",
        "name": "Cathedral Road",
        "highway": "primary",
        "length_m": 14.92,
        "elevation_m": 12.2,
        "maxspeed_kmh": 50
      }
    },
    {
      "type": "Feature",
      "geometry": {
        "type": "LineString",
        "coordinates": [
          [
            80.251238,
            13.052303
          ],
          [
            80.251268,
            13.05217
          ]
        ]
      },
      "properties": {
        "id": "RE-00574",
        "name": "Cathedral Road",
        "highway": "primary",
        "length_m": 15.14,
        "elevation_m": 12.2,
        "maxspeed_kmh": 50
      }
    },
    {
      "type": "Feature",
      "geometry": {
        "type": "LineString",
        "coordinates": [
          [
            80.251268,
            13.05217
          ],
          [
            80.251238,
            13.052303
          ]
        ]
      },
      "properties": {
        "id": "RE-00575",
        "name": "Cathedral Road",
        "highway": "primary",
        "length_m": 15.14,
        "elevation_m": 12.2,
        "maxspeed_kmh": 50
      }
    },
    {
      "type": "Feature",
      "geometry": {
        "type": "LineString",
        "coordinates": [
          [
            80.251268,
            13.05217
          ],
          [
            80.25133,
            13.052044
          ]
        ]
      },
      "properties": {
        "id": "RE-00576",
        "name": "Cathedral Road",
        "highway": "primary",
        "length_m": 15.54,
        "elevation_m": 12.27,
        "maxspeed_kmh": 50
      }
    },
    {
      "type": "Feature",
      "geometry": {
        "type": "LineString",
        "coordinates": [
          [
            80.25133,
            13.052044
          ],
          [
            80.251268,
            13.05217
          ]
        ]
      },
      "properties": {
        "id": "RE-00577",
        "name": "Cathedral Road",
        "highway": "primary",
        "length_m": 15.54,
        "elevation_m": 12.27,
        "maxspeed_kmh": 50
      }
    },
    {
      "type": "Feature",
      "geometry": {
        "type": "LineString",
        "coordinates": [
          [
            80.25133,
            13.052044
          ],
          [
            80.251522,
            13.051848
          ]
        ]
      },
      "properties": {
        "id": "RE-00578",
        "name": "Cathedral Road",
        "highway": "primary",
        "length_m": 30.13,
        "elevation_m": 12.33,
        "maxspeed_kmh": 50
      }
    },
    {
      "type": "Feature",
      "geometry": {
        "type": "LineString",
        "coordinates": [
          [
            80.251522,
            13.051848
          ],
          [
            80.25133,
            13.052044
          ]
        ]
      },
      "properties": {
        "id": "RE-00579",
        "name": "Cathedral Road",
        "highway": "primary",
        "length_m": 30.13,
        "elevation_m": 12.33,
        "maxspeed_kmh": 50
      }
    },
    {
      "type": "Feature",
      "geometry": {
        "type": "LineString",
        "coordinates": [
          [
            80.251522,
            13.051848
          ],
          [
            80.251536,
            13.051831
          ]
        ]
      },
      "properties": {
        "id": "RE-00580",
        "name": "Cathedral Road",
        "highway": "primary",
        "length_m": 5.0,
        "elevation_m": 12.33,
        "maxspeed_kmh": 50
      }
    },
    {
      "type": "Feature",
      "geometry": {
        "type": "LineString",
        "coordinates": [
          [
            80.251536,
            13.051831
          ],
          [
            80.251522,
            13.051848
          ]
        ]
      },
      "properties": {
        "id": "RE-00581",
        "name": "Cathedral Road",
        "highway": "primary",
        "length_m": 5.0,
        "elevation_m": 12.33,
        "maxspeed_kmh": 50
      }
    },
    {
      "type": "Feature",
      "geometry": {
        "type": "LineString",
        "coordinates": [
          [
            80.251536,
            13.051831
          ],
          [
            80.251836,
            13.051454
          ]
        ]
      },
      "properties": {
        "id": "RE-00582",
        "name": "Cathedral Road",
        "highway": "primary",
        "length_m": 53.04,
        "elevation_m": 12.41,
        "maxspeed_kmh": 50
      }
    },
    {
      "type": "Feature",
      "geometry": {
        "type": "LineString",
        "coordinates": [
          [
            80.251836,
            13.051454
          ],
          [
            80.251536,
            13.051831
          ]
        ]
      },
      "properties": {
        "id": "RE-00583",
        "name": "Cathedral Road",
        "highway": "primary",
        "length_m": 53.04,
        "elevation_m": 12.41,
        "maxspeed_kmh": 50
      }
    },
    {
      "type": "Feature",
      "geometry": {
        "type": "LineString",
        "coordinates": [
          [
            80.251836,
            13.051454
          ],
          [
            80.251937,
            13.051328
          ]
        ]
      },
      "properties": {
        "id": "RE-00584",
        "name": "Cathedral Road",
        "highway": "primary",
        "length_m": 17.78,
        "elevation_m": 12.41,
        "maxspeed_kmh": 50
      }
    },
    {
      "type": "Feature",
      "geometry": {
        "type": "LineString",
        "coordinates": [
          [
            80.251937,
            13.051328
          ],
          [
            80.251836,
            13.051454
          ]
        ]
      },
      "properties": {
        "id": "RE-00585",
        "name": "Cathedral Road",
        "highway": "primary",
        "length_m": 17.78,
        "elevation_m": 12.41,
        "maxspeed_kmh": 50
      }
    },
    {
      "type": "Feature",
      "geometry": {
        "type": "LineString",
        "coordinates": [
          [
            80.251937,
            13.051328
          ],
          [
            80.252499,
            13.050623
          ]
        ]
      },
      "properties": {
        "id": "RE-00586",
        "name": "Cathedral Road",
        "highway": "primary",
        "length_m": 99.25,
        "elevation_m": 12.57,
        "maxspeed_kmh": 50
      }
    },
    {
      "type": "Feature",
      "geometry": {
        "type": "LineString",
        "coordinates": [
          [
            80.252499,
            13.050623
          ],
          [
            80.251937,
            13.051328
          ]
        ]
      },
      "properties": {
        "id": "RE-00587",
        "name": "Cathedral Road",
        "highway": "primary",
        "length_m": 99.25,
        "elevation_m": 12.57,
        "maxspeed_kmh": 50
      }
    },
    {
      "type": "Feature",
      "geometry": {
        "type": "LineString",
        "coordinates": [
          [
            80.252499,
            13.050623
          ],
          [
            80.252613,
            13.050467
          ]
        ]
      },
      "properties": {
        "id": "RE-00588",
        "name": "Cathedral Road",
        "highway": "primary",
        "length_m": 21.29,
        "elevation_m": 12.61,
        "maxspeed_kmh": 50
      }
    },
    {
      "type": "Feature",
      "geometry": {
        "type": "LineString",
        "coordinates": [
          [
            80.252613,
            13.050467
          ],
          [
            80.252499,
            13.050623
          ]
        ]
      },
      "properties": {
        "id": "RE-00589",
        "name": "Cathedral Road",
        "highway": "primary",
        "length_m": 21.29,
        "elevation_m": 12.61,
        "maxspeed_kmh": 50
      }
    },
    {
      "type": "Feature",
      "geometry": {
        "type": "LineString",
        "coordinates": [
          [
            80.252613,
            13.050467
          ],
          [
            80.252805,
            13.050203
          ]
        ]
      },
      "properties": {
        "id": "RE-00590",
        "name": "Cathedral Road",
        "highway": "primary",
        "length_m": 35.98,
        "elevation_m": 12.62,
        "maxspeed_kmh": 50
      }
    },
    {
      "type": "Feature",
      "geometry": {
        "type": "LineString",
        "coordinates": [
          [
            80.252805,
            13.050203
          ],
          [
            80.252613,
            13.050467
          ]
        ]
      },
      "properties": {
        "id": "RE-00591",
        "name": "Cathedral Road",
        "highway": "primary",
        "length_m": 35.98,
        "elevation_m": 12.62,
        "maxspeed_kmh": 50
      }
    },
    {
      "type": "Feature",
      "geometry": {
        "type": "LineString",
        "coordinates": [
          [
            80.252805,
            13.050203
          ],
          [
            80.253323,
            13.04949
          ],
          [
            80.253384,
            13.049378
          ],
          [
            80.253513,
            13.049125
          ],
          [
            80.253769,
            13.048521
          ],
          [
            80.254043,
            13.048006
          ],
          [
            80.254122,
            13.047859
          ],
          [
            80.254256,
            13.047604
          ],
          [
            80.254434,
            13.047349
          ],
          [
            80.2545,
            13.047255
          ],
          [
            80.25488,
            13.046801
          ],
          [
            80.256393,
            13.046232
          ],
          [
            80.256491,
            13.046195
          ],
          [
            80.256549,
            13.046176
          ],
          [
            80.256922,
            13.04604
          ],
          [
            80.257029,
            13.046001
          ],
          [
            80.257353,
            13.045896
          ],
          [
            80.257634,
            13.045833
          ],
          [
            80.257748,
            13.045824
          ],
          [
            80.258528,
            13.045664
          ],
          [
            80.258986,
            13.045602
          ],
          [
            80.259172,
            13.045577
          ],
          [
            80.259533,
            13.045541
          ],
          [
            80.259826,
            13.04553
          ]
        ]
      },
      "properties": {
        "id": "RE-00592",
        "name": "Cathedral Road",
        "highway": "primary",
        "length_m": 999.87,
        "elevation_m": 13.56,
        "maxspeed_kmh": 50
      }
    },
    {
      "type": "Feature",
      "geometry": {
        "type": "LineString",
        "coordinates": [
          [
            80.252805,
            13.050203
          ],
          [
            80.252967,
            13.05029
          ]
        ]
      },
      "properties": {
        "id": "RE-00593",
        "name": "Connecting Avenue",
        "highway": "primary",
        "length_m": 20.04,
        "elevation_m": 12.6,
        "maxspeed_kmh": 50
      }
    },
    {
      "type": "Feature",
      "geometry": {
        "type": "LineString",
        "coordinates": [
          [
            80.259826,
            13.04553
          ],
          [
            80.259533,
            13.045541
          ],
          [
            80.259172,
            13.045577
          ],
          [
            80.258986,
            13.045602
          ],
          [
            80.258528,
            13.045664
          ],
          [
            80.257748,
            13.045824
          ],
          [
            80.257634,
            13.045833
          ],
          [
            80.257353,
            13.045896
          ],
          [
            80.257029,
            13.046001
          ],
          [
            80.256922,
            13.04604
          ],
          [
            80.256549,
            13.046176
          ],
          [
            80.256491,
            13.046195
          ],
          [
            80.256393,
            13.046232
          ],
          [
            80.25488,
            13.046801
          ],
          [
            80.2545,
            13.047255
          ],
          [
            80.254434,
            13.047349
          ],
          [
            80.254256,
            13.047604
          ],
          [
            80.254122,
            13.047859
          ],
          [
            80.254043,
            13.048006
          ],
          [
            80.253769,
            13.048521
          ],
          [
            80.253513,
            13.049125
          ],
          [
            80.253384,
            13.049378
          ],
          [
            80.253323,
            13.04949
          ],
          [
            80.252805,
            13.050203
          ]
        ]
      },
      "properties": {
        "id": "RE-00594",
        "name": "Cathedral Road",
        "highway": "primary",
        "length_m": 999.87,
        "elevation_m": 13.56,
        "maxspeed_kmh": 50
      }
    },
    {
      "type": "Feature",
      "geometry": {
        "type": "LineString",
        "coordinates": [
          [
            80.259826,
            13.04553
          ],
          [
            80.259887,
            13.045528
          ],
          [
            80.259861,
            13.045321
          ],
          [
            80.259862,
            13.045179
          ],
          [
            80.259844,
            13.044845
          ],
          [
            80.259755,
            13.044293
          ],
          [
            80.259647,
            13.043505
          ],
          [
            80.259582,
            13.043188
          ],
          [
            80.259574,
            13.043149
          ],
          [
            80.259547,
            13.043015
          ],
          [
            80.259504,
            13.042823
          ],
          [
            80.259452,
            13.042591
          ],
          [
            80.259396,
            13.042461
          ],
          [
            80.259121,
            13.041969
          ],
          [
            80.258944,
            13.041653
          ],
          [
            80.258451,
            13.040873
          ],
          [
            80.258362,
            13.040705
          ]
        ]
      },
      "properties": {
        "id": "RE-00595",
        "name": "TTK Road",
        "highway": "primary",
        "length_m": 578.0,
        "elevation_m": 12.22,
        "maxspeed_kmh": 50
      }
    },
    {
      "type": "Feature",
      "geometry": {
        "type": "LineString",
        "coordinates": [
          [
            80.258362,
            13.040705
          ],
          [
            80.258451,
            13.040873
          ],
          [
            80.258944,
            13.041653
          ],
          [
            80.259121,
            13.041969
          ],
          [
            80.259396,
            13.042461
          ],
          [
            80.259452,
            13.042591
          ],
          [
            80.259504,
            13.042823
          ],
          [
            80.259547,
            13.043015
          ],
          [
            80.259574,
            13.043149
          ],
          [
            80.259582,
            13.043188
          ],
          [
            80.259647,
            13.043505
          ],
          [
            80.259755,
            13.044293
          ],
          [
            80.259844,
            13.044845
          ],
          [
            80.259862,
            13.045179
          ],
          [
            80.259861,
            13.045321
          ],
          [
            80.259887,
            13.045528
          ],
          [
            80.259826,
            13.04553
          ]
        ]
      },
      "properties": {
        "id": "RE-00596",
        "name": "TTK Road",
        "highway": "primary",
        "length_m": 578.0,
        "elevation_m": 12.22,
        "maxspeed_kmh": 50
      }
    },
    {
      "type": "Feature",
      "geometry": {
        "type": "LineString",
        "coordinates": [
          [
            80.258362,
            13.040705
          ],
          [
            80.25837,
            13.04061
          ],
          [
            80.258344,
            13.040542
          ],
          [
            80.258083,
            13.04002
          ],
          [
            80.257964,
            13.039807
          ],
          [
            80.257743,
            13.039425
          ],
          [
            80.257526,
            13.039073
          ],
          [
            80.257475,
            13.039005
          ],
          [
            80.25744,
            13.038956
          ],
          [
            80.257378,
            13.038862
          ]
        ]
      },
      "properties": {
        "id": "RE-00597",
        "name": "Connecting Avenue",
        "highway": "primary",
        "length_m": 233.04,
        "elevation_m": 12.72,
        "maxspeed_kmh": 50
      }
    },
    {
      "type": "Feature",
      "geometry": {
        "type": "LineString",
        "coordinates": [
          [
            80.257378,
            13.038862
          ],
          [
            80.25744,
            13.038956
          ],
          [
            80.257475,
            13.039005
          ],
          [
            80.257526,
            13.039073
          ],
          [
            80.257743,
            13.039425
          ],
          [
            80.257964,
            13.039807
          ],
          [
            80.258083,
            13.04002
          ],
          [
            80.258344,
            13.040542
          ],
          [
            80.25837,
            13.04061
          ],
          [
            80.258362,
            13.040705
          ]
        ]
      },
      "properties": {
        "id": "RE-00598",
        "name": "Connecting Avenue",
        "highway": "primary",
        "length_m": 233.04,
        "elevation_m": 12.72,
        "maxspeed_kmh": 50
      }
    },
    {
      "type": "Feature",
      "geometry": {
        "type": "LineString",
        "coordinates": [
          [
            80.257378,
            13.038862
          ],
          [
            80.257588,
            13.038823
          ],
          [
            80.257893,
            13.038802
          ],
          [
            80.258197,
            13.03879
          ],
          [
            80.258559,
            13.038776
          ],
          [
            80.258849,
            13.038754
          ],
          [
            80.25907,
            13.038733
          ],
          [
            80.259117,
            13.038727
          ]
        ]
      },
      "properties": {
        "id": "RE-00599",
        "name": "Musiri Subramanium Road",
        "highway": "primary",
        "length_m": 189.18,
        "elevation_m": 13.37,
        "maxspeed_kmh": 50
      }
    },
    {
      "type": "Feature",
      "geometry": {
        "type": "LineString",
        "coordinates": [
          [
            80.259117,
            13.038727
          ],
          [
            80.25907,
            13.038733
          ],
          [
            80.258849,
            13.038754
          ],
          [
            80.258559,
            13.038776
          ],
          [
            80.258197,
            13.03879
          ],
          [
            80.257893,
            13.038802
          ],
          [
            80.257588,
            13.038823
          ],
          [
            80.257378,
            13.038862
          ]
        ]
      },
      "properties": {
        "id": "RE-00600",
        "name": "Musiri Subramanium Road",
        "highway": "primary",
        "length_m": 189.18,
        "elevation_m": 13.37,
        "maxspeed_kmh": 50
      }
    },
    {
      "type": "Feature",
      "geometry": {
        "type": "LineString",
        "coordinates": [
          [
            80.259117,
            13.038727
          ],
          [
            80.259093,
            13.038619
          ],
          [
            80.25907,
            13.038495
          ],
          [
            80.25884,
            13.03862
          ],
          [
            80.258684,
            13.038665
          ],
          [
            80.258075,
            13.038686
          ],
          [
            80.257732,
            13.038709
          ]
        ]
      },
      "properties": {
        "id": "RE-00601",
        "name": "Luz Church Road",
        "highway": "primary",
        "length_m": 175.71,
        "elevation_m": 13.37,
        "maxspeed_kmh": 50
      }
    },
    {
      "type": "Feature",
      "geometry": {
        "type": "LineString",
        "coordinates": [
          [
            80.257732,
            13.038709
          ],
          [
            80.258075,
            13.038686
          ],
          [
            80.258684,
            13.038665
          ],
          [
            80.25884,
            13.03862
          ],
          [
            80.25907,
            13.038495
          ],
          [
            80.259093,
            13.038619
          ],
          [
            80.259117,
            13.038727
          ]
        ]
      },
      "properties": {
        "id": "RE-00602",
        "name": "Luz Church Road",
        "highway": "primary",
        "length_m": 175.71,
        "elevation_m": 13.37,
        "maxspeed_kmh": 50
      }
    },
    {
      "type": "Feature",
      "geometry": {
        "type": "LineString",
        "coordinates": [
          [
            80.257732,
            13.038709
          ],
          [
            80.257458,
            13.038722
          ],
          [
            80.257407,
            13.038712
          ],
          [
            80.257307,
            13.038694
          ],
          [
            80.257204,
            13.038624
          ]
        ]
      },
      "properties": {
        "id": "RE-00603",
        "name": "Connecting Avenue",
        "highway": "primary",
        "length_m": 59.97,
        "elevation_m": 13.37,
        "maxspeed_kmh": 50
      }
    },
    {
      "type": "Feature",
      "geometry": {
        "type": "LineString",
        "coordinates": [
          [
            80.257204,
            13.038624
          ],
          [
            80.257307,
            13.038694
          ],
          [
            80.257407,
            13.038712
          ],
          [
            80.257458,
            13.038722
          ],
          [
            80.257732,
            13.038709
          ]
        ]
      },
      "properties": {
        "id": "RE-00604",
        "name": "Connecting Avenue",
        "highway": "primary",
        "length_m": 59.97,
        "elevation_m": 13.37,
        "maxspeed_kmh": 50
      }
    },
    {
      "type": "Feature",
      "geometry": {
        "type": "LineString",
        "coordinates": [
          [
            80.257204,
            13.038624
          ],
          [
            80.256845,
            13.038166
          ],
          [
            80.256795,
            13.038053
          ]
        ]
      },
      "properties": {
        "id": "RE-00605",
        "name": "Mowbrays Road",
        "highway": "primary",
        "length_m": 77.76,
        "elevation_m": 13.86,
        "maxspeed_kmh": 50
      }
    },
    {
      "type": "Feature",
      "geometry": {
        "type": "LineString",
        "coordinates": [
          [
            80.256795,
            13.038053
          ],
          [
            80.256845,
            13.038166
          ],
          [
            80.257204,
            13.038624
          ]
        ]
      },
      "properties": {
        "id": "RE-00606",
        "name": "Mowbrays Road",
        "highway": "primary",
        "length_m": 77.76,
        "elevation_m": 13.86,
        "maxspeed_kmh": 50
      }
    },
    {
      "type": "Feature",
      "geometry": {
        "type": "LineString",
        "coordinates": [
          [
            80.256795,
            13.038053
          ],
          [
            80.256643,
            13.038074
          ],
          [
            80.256496,
            13.038075
          ],
          [
            80.256152,
            13.038105
          ],
          [
            80.255492,
            13.038201
          ],
          [
            80.255173,
            13.038247
          ],
          [
            80.255006,
            13.038271
          ],
          [
            80.254775,
            13.038306
          ],
          [
            80.254194,
            13.038394
          ],
          [
            80.25391,
            13.038433
          ],
          [
            80.25366,
            13.038468
          ],
          [
            80.253456,
            13.038496
          ],
          [
            80.253083,
            13.038547
          ],
          [
            80.252928,
            13.038568
          ],
          [
            80.252825,
            13.038582
          ],
          [
            80.25237,
            13.038645
          ],
          [
            80.251716,
            13.038747
          ],
          [
            80.251587,
            13.038767
          ],
          [
            80.251571,
            13.03877
          ],
          [
            80.251374,
            13.038785
          ]
        ]
      },
      "properties": {
        "id": "RE-00607",
        "name": "Eldams Road",
        "highway": "primary",
        "length_m": 593.12,
        "elevation_m": 13.68,
        "maxspeed_kmh": 50
      }
    },
    {
      "type": "Feature",
      "geometry": {
        "type": "LineString",
        "coordinates": [
          [
            80.251374,
            13.038785
          ],
          [
            80.251571,
            13.03877
          ],
          [
            80.251587,
            13.038767
          ],
          [
            80.251716,
            13.038747
          ],
          [
            80.25237,
            13.038645
          ],
          [
            80.252825,
            13.038582
          ],
          [
            80.252928,
            13.038568
          ],
          [
            80.253083,
            13.038547
          ],
          [
            80.253456,
            13.038496
          ],
          [
            80.25366,
            13.038468
          ],
          [
            80.25391,
            13.038433
          ],
          [
            80.254194,
            13.038394
          ],
          [
            80.254775,
            13.038306
          ],
          [
            80.255006,
            13.038271
          ],
          [
            80.255173,
            13.038247
          ],
          [
            80.255492,
            13.038201
          ],
          [
            80.256152,
            13.038105
          ],
          [
            80.256496,
            13.038075
          ],
          [
            80.256643,
            13.038074
          ],
          [
            80.256795,
            13.038053
          ]
        ]
      },
      "properties": {
        "id": "RE-00608",
        "name": "Eldams Road",
        "highway": "primary",
        "length_m": 593.12,
        "elevation_m": 13.68,
        "maxspeed_kmh": 50
      }
    },
    {
      "type": "Feature",
      "geometry": {
        "type": "LineString",
        "coordinates": [
          [
            80.251374,
            13.038785
          ],
          [
            80.251358,
            13.038648
          ],
          [
            80.251144,
            13.037219
          ],
          [
            80.251107,
            13.036964
          ],
          [
            80.251099,
            13.036895
          ],
          [
            80.251075,
            13.03675
          ],
          [
            80.251004,
            13.0365
          ],
          [
            80.250904,
            13.036015
          ],
          [
            80.250856,
            13.035742
          ],
          [
            80.250781,
            13.035305
          ]
        ]
      },
      "properties": {
        "id": "RE-00609",
        "name": "Thiruvalluvar Salai",
        "highway": "primary",
        "length_m": 392.52,
        "elevation_m": 12.76,
        "maxspeed_kmh": 50
      }
    },
    {
      "type": "Feature",
      "geometry": {
        "type": "LineString",
        "coordinates": [
          [
            80.250781,
            13.035305
          ],
          [
            80.250856,
            13.035742
          ],
          [
            80.250904,
            13.036015
          ],
          [
            80.251004,
            13.0365
          ],
          [
            80.251075,
            13.03675
          ],
          [
            80.251099,
            13.036895
          ],
          [
            80.251107,
            13.036964
          ],
          [
            80.251144,
            13.037219
          ],
          [
            80.251358,
            13.038648
          ],
          [
            80.251374,
            13.038785
          ]
        ]
      },
      "properties": {
        "id": "RE-00610",
        "name": "Thiruvalluvar Salai",
        "highway": "primary",
        "length_m": 392.52,
        "elevation_m": 12.76,
        "maxspeed_kmh": 50
      }
    },
    {
      "type": "Feature",
      "geometry": {
        "type": "LineString",
        "coordinates": [
          [
            80.250781,
            13.035305
          ],
          [
            80.249804,
            13.035345
          ],
          [
            80.249426,
            13.035375
          ],
          [
            80.249347,
            13.035376
          ],
          [
            80.247946,
            13.035462
          ],
          [
            80.24774,
            13.035476
          ]
        ]
      },
      "properties": {
        "id": "RE-00611",
        "name": "Kavingar Bharathidasan Road",
        "highway": "primary",
        "length_m": 330.02,
        "elevation_m": 12.98,
        "maxspeed_kmh": 50
      }
    },
    {
      "type": "Feature",
      "geometry": {
        "type": "LineString",
        "coordinates": [
          [
            80.23701,
            13.029253
          ],
          [
            80.235825,
            13.028197
          ],
          [
            80.235783,
            13.02816
          ]
        ]
      },
      "properties": {
        "id": "RE-00612",
        "name": "Anna Salai (Mount Road)",
        "highway": "primary",
        "length_m": 180.11,
        "elevation_m": 12.48,
        "maxspeed_kmh": 50
      }
    },
    {
      "type": "Feature",
      "geometry": {
        "type": "LineString",
        "coordinates": [
          [
            80.235783,
            13.02816
          ],
          [
            80.235825,
            13.028197
          ],
          [
            80.23701,
            13.029253
          ]
        ]
      },
      "properties": {
        "id": "RE-00613",
        "name": "Anna Salai (Mount Road)",
        "highway": "primary",
        "length_m": 180.11,
        "elevation_m": 12.48,
        "maxspeed_kmh": 50
      }
    },
    {
      "type": "Feature",
      "geometry": {
        "type": "LineString",
        "coordinates": [
          [
            80.235783,
            13.02816
          ],
          [
            80.235676,
            13.028283
          ],
          [
            80.236359,
            13.028904
          ],
          [
            80.236847,
            13.029344
          ],
          [
            80.236867,
            13.02936
          ],
          [
            80.237318,
            13.029796
          ],
          [
            80.237739,
            13.03007
          ]
        ]
      },
      "properties": {
        "id": "RE-00614",
        "name": "Anna Salai (Mount Road)",
        "highway": "primary",
        "length_m": 317.65,
        "elevation_m": 13.69,
        "maxspeed_kmh": 50
      }
    },
    {
      "type": "Feature",
      "geometry": {
        "type": "LineString",
        "coordinates": [
          [
            80.237739,
            13.03007
          ],
          [
            80.237318,
            13.029796
          ],
          [
            80.236867,
            13.02936
          ],
          [
            80.236847,
            13.029344
          ],
          [
            80.236359,
            13.028904
          ],
          [
            80.235676,
            13.028283
          ],
          [
            80.235783,
            13.02816
          ]
        ]
      },
      "properties": {
        "id": "RE-00615",
        "name": "Anna Salai (Mount Road)",
        "highway": "primary",
        "length_m": 317.65,
        "elevation_m": 13.69,
        "maxspeed_kmh": 50
      }
    },
    {
      "type": "Feature",
      "geometry": {
        "type": "LineString",
        "coordinates": [
          [
            80.237739,
            13.03007
          ],
          [
            80.237181,
            13.031126
          ],
          [
            80.237158,
            13.031162
          ]
        ]
      },
      "properties": {
        "id": "RE-00616",
        "name": "Nandanam Link Road",
        "highway": "primary",
        "length_m": 136.78,
        "elevation_m": 14.46,
        "maxspeed_kmh": 50
      }
    },
    {
      "type": "Feature",
      "geometry": {
        "type": "LineString",
        "coordinates": [
          [
            80.237158,
            13.031162
          ],
          [
            80.237181,
            13.031126
          ],
          [
            80.237739,
            13.03007
          ]
        ]
      },
      "properties": {
        "id": "RE-00617",
        "name": "Nandanam Link Road",
        "highway": "primary",
        "length_m": 136.78,
        "elevation_m": 14.46,
        "maxspeed_kmh": 50
      }
    },
    {
      "type": "Feature",
      "geometry": {
        "type": "LineString",
        "coordinates": [
          [
            80.237158,
            13.031162
          ],
          [
            80.237118,
            13.031154
          ],
          [
            80.237079,
            13.031159
          ],
          [
            80.237042,
            13.031175
          ],
          [
            80.237013,
            13.031201
          ],
          [
            80.236994,
            13.031236
          ],
          [
            80.236986,
            13.031274
          ],
          [
            80.236989,
            13.031311
          ],
          [
            80.237,
            13.031333
          ],
          [
            80.237014,
            13.031356
          ],
          [
            80.237043,
            13.03138
          ],
          [
            80.237081,
            13.031396
          ],
          [
            80.237122,
            13.0314
          ]
        ]
      },
      "properties": {
        "id": "RE-00618",
        "name": "Mopparappan Street",
        "highway": "secondary",
        "length_m": 48.95,
        "elevation_m": 14.21,
        "maxspeed_kmh": 40
      }
    },
    {
      "type": "Feature",
      "geometry": {
        "type": "LineString",
        "coordinates": [
          [
            80.237122,
            13.0314
          ],
          [
            80.237081,
            13.031396
          ],
          [
            80.237043,
            13.03138
          ],
          [
            80.237014,
            13.031356
          ],
          [
            80.237,
            13.031333
          ],
          [
            80.236989,
            13.031311
          ],
          [
            80.236986,
            13.031274
          ],
          [
            80.236994,
            13.031236
          ],
          [
            80.237013,
            13.031201
          ],
          [
            80.237042,
            13.031175
          ],
          [
            80.237079,
            13.031159
          ],
          [
            80.237118,
            13.031154
          ],
          [
            80.237158,
            13.031162
          ]
        ]
      },
      "properties": {
        "id": "RE-00619",
        "name": "Mopparappan Street",
        "highway": "secondary",
        "length_m": 48.95,
        "elevation_m": 14.21,
        "maxspeed_kmh": 40
      }
    },
    {
      "type": "Feature",
      "geometry": {
        "type": "LineString",
        "coordinates": [
          [
            80.237122,
            13.0314
          ],
          [
            80.237111,
            13.031484
          ],
          [
            80.237107,
            13.031579
          ],
          [
            80.237086,
            13.031781
          ],
          [
            80.237063,
            13.031989
          ]
        ]
      },
      "properties": {
        "id": "RE-00620",
        "name": "Mopparappan Street",
        "highway": "secondary",
        "length_m": 65.83,
        "elevation_m": 14.28,
        "maxspeed_kmh": 40
      }
    },
    {
      "type": "Feature",
      "geometry": {
        "type": "LineString",
        "coordinates": [
          [
            80.237063,
            13.031989
          ],
          [
            80.237086,
            13.031781
          ],
          [
            80.237107,
            13.031579
          ],
          [
            80.237111,
            13.031484
          ],
          [
            80.237122,
            13.0314
          ]
        ]
      },
      "properties": {
        "id": "RE-00621",
        "name": "Mopparappan Street",
        "highway": "secondary",
        "length_m": 65.83,
        "elevation_m": 14.28,
        "maxspeed_kmh": 40
      }
    },
    {
      "type": "Feature",
      "geometry": {
        "type": "LineString",
        "coordinates": [
          [
            80.237063,
            13.031989
          ],
          [
            80.238891,
            13.032343
          ]
        ]
      },
      "properties": {
        "id": "RE-00622",
        "name": "South West Boag Road",
        "highway": "primary",
        "length_m": 201.9,
        "elevation_m": 15.05,
        "maxspeed_kmh": 50
      }
    },
    {
      "type": "Feature",
      "geometry": {
        "type": "LineString",
        "coordinates": [
          [
            80.237063,
            13.031989
          ],
          [
            80.23704,
            13.032467
          ],
          [
            80.237038,
            13.03253
          ],
          [
            80.236997,
            13.033139
          ],
          [
            80.236985,
            13.033651
          ],
          [
            80.236969,
            13.034027
          ]
        ]
      },
      "properties": {
        "id": "RE-00623",
        "name": "Mopparappan Street",
        "highway": "secondary",
        "length_m": 226.87,
        "elevation_m": 13.9,
        "maxspeed_kmh": 40
      }
    },
    {
      "type": "Feature",
      "geometry": {
        "type": "LineString",
        "coordinates": [
          [
            80.238891,
            13.032343
          ],
          [
            80.237063,
            13.031989
          ]
        ]
      },
      "properties": {
        "id": "RE-00624",
        "name": "South West Boag Road",
        "highway": "primary",
        "length_m": 201.9,
        "elevation_m": 15.05,
        "maxspeed_kmh": 50
      }
    },
    {
      "type": "Feature",
      "geometry": {
        "type": "LineString",
        "coordinates": [
          [
            80.238891,
            13.032343
          ],
          [
            80.238329,
            13.033206
          ],
          [
            80.238172,
            13.033455
          ],
          [
            80.237947,
            13.033812
          ],
          [
            80.237593,
            13.034384
          ],
          [
            80.237561,
            13.034427
          ],
          [
            80.237194,
            13.034989
          ],
          [
            80.236957,
            13.035338
          ],
          [
            80.236369,
            13.036275
          ],
          [
            80.236071,
            13.03676
          ],
          [
            80.235473,
            13.037684
          ],
          [
            80.234838,
            13.038686
          ],
          [
            80.234685,
            13.038929
          ],
          [
            80.234656,
            13.039002
          ],
          [
            80.23462,
            13.039061
          ],
          [
            80.234592,
            13.0391
          ],
          [
            80.234529,
            13.039182
          ],
          [
            80.233785,
            13.040428
          ],
          [
            80.233712,
            13.040519
          ],
          [
            80.233671,
            13.040571
          ]
        ]
      },
      "properties": {
        "id": "RE-00625",
        "name": "Venkatanarayana Road",
        "highway": "primary",
        "length_m": 1076.0,
        "elevation_m": 11.43,
        "maxspeed_kmh": 50
      }
    },
    {
      "type": "Feature",
      "geometry": {
        "type": "LineString",
        "coordinates": [
          [
            80.233671,
            13.040571
          ],
          [
            80.233712,
            13.040519
          ],
          [
            80.233785,
            13.040428
          ],
          [
            80.234529,
            13.039182
          ],
          [
            80.234592,
            13.0391
          ],
          [
            80.23462,
            13.039061
          ],
          [
            80.234656,
            13.039002
          ],
          [
            80.234685,
            13.038929
          ],
          [
            80.234838,
            13.038686
          ],
          [
            80.235473,
            13.037684
          ],
          [
            80.236071,
            13.03676
          ],
          [
            80.236369,
            13.036275
          ],
          [
            80.236957,
            13.035338
          ],
          [
            80.237194,
            13.034989
          ],
          [
            80.237561,
            13.034427
          ],
          [
            80.237593,
            13.034384
          ],
          [
            80.237947,
            13.033812
          ],
          [
            80.238172,
            13.033455
          ],
          [
            80.238329,
            13.033206
          ],
          [
            80.238891,
            13.032343
          ]
        ]
      },
      "properties": {
        "id": "RE-00626",
        "name": "Venkatanarayana Road",
        "highway": "primary",
        "length_m": 1076.0,
        "elevation_m": 11.43,
        "maxspeed_kmh": 50
      }
    },
    {
      "type": "Feature",
      "geometry": {
        "type": "LineString",
        "coordinates": [
          [
            80.233671,
            13.040571
          ],
          [
            80.23343,
            13.040608
          ],
          [
            80.233369,
            13.040617
          ],
          [
            80.232945,
            13.040716
          ],
          [
            80.232573,
            13.040796
          ]
        ]
      },
      "properties": {
        "id": "RE-00627",
        "name": "Panagal Park",
        "highway": "secondary",
        "length_m": 121.61,
        "elevation_m": 15.63,
        "maxspeed_kmh": 40
      }
    },
    {
      "type": "Feature",
      "geometry": {
        "type": "LineString",
        "coordinates": [
          [
            80.232573,
            13.040796
          ],
          [
            80.232945,
            13.040716
          ],
          [
            80.233369,
            13.040617
          ],
          [
            80.23343,
            13.040608
          ],
          [
            80.233671,
            13.040571
          ]
        ]
      },
      "properties": {
        "id": "RE-00628",
        "name": "Panagal Park",
        "highway": "secondary",
        "length_m": 121.61,
        "elevation_m": 15.63,
        "maxspeed_kmh": 40
      }
    },
    {
      "type": "Feature",
      "geometry": {
        "type": "LineString",
        "coordinates": [
          [
            80.232573,
            13.040796
          ],
          [
            80.232541,
            13.040825
          ],
          [
            80.232501,
            13.040844
          ],
          [
            80.232146,
            13.040981
          ]
        ]
      },
      "properties": {
        "id": "RE-00629",
        "name": "Panagal Park",
        "highway": "secondary",
        "length_m": 50.92,
        "elevation_m": 15.96,
        "maxspeed_kmh": 40
      }
    },
    {
      "type": "Feature",
      "geometry": {
        "type": "LineString",
        "coordinates": [
          [
            80.232146,
            13.040981
          ],
          [
            80.232501,
            13.040844
          ],
          [
            80.232541,
            13.040825
          ],
          [
            80.232573,
            13.040796
          ]
        ]
      },
      "properties": {
        "id": "RE-00630",
        "name": "Panagal Park",
        "highway": "secondary",
        "length_m": 50.92,
        "elevation_m": 15.96,
        "maxspeed_kmh": 40
      }
    },
    {
      "type": "Feature",
      "geometry": {
        "type": "LineString",
        "coordinates": [
          [
            80.232146,
            13.040981
          ],
          [
            80.231975,
            13.041018
          ]
        ]
      },
      "properties": {
        "id": "RE-00631",
        "name": "Panagal Park",
        "highway": "secondary",
        "length_m": 18.98,
        "elevation_m": 15.91,
        "maxspeed_kmh": 40
      }
    },
    {
      "type": "Feature",
      "geometry": {
        "type": "LineString",
        "coordinates": [
          [
            80.243422,
            13.066235
          ],
          [
            80.243442,
            13.066159
          ]
        ]
      },
      "properties": {
        "id": "RE-00632",
        "name": "McNichols Road",
        "highway": "primary",
        "length_m": 8.72,
        "elevation_m": 9.14,
        "maxspeed_kmh": 50
      }
    },
    {
      "type": "Feature",
      "geometry": {
        "type": "LineString",
        "coordinates": [
          [
            80.243422,
            13.066235
          ],
          [
            80.243389,
            13.066335
          ]
        ]
      },
      "properties": {
        "id": "RE-00633",
        "name": "McNichols Road",
        "highway": "primary",
        "length_m": 11.68,
        "elevation_m": 9.14,
        "maxspeed_kmh": 50
      }
    },
    {
      "type": "Feature",
      "geometry": {
        "type": "LineString",
        "coordinates": [
          [
            80.243389,
            13.066335
          ],
          [
            80.243422,
            13.066235
          ]
        ]
      },
      "properties": {
        "id": "RE-00634",
        "name": "McNichols Road",
        "highway": "primary",
        "length_m": 11.68,
        "elevation_m": 9.14,
        "maxspeed_kmh": 50
      }
    },
    {
      "type": "Feature",
      "geometry": {
        "type": "LineString",
        "coordinates": [
          [
            80.243389,
            13.066335
          ],
          [
            80.243294,
            13.066608
          ]
        ]
      },
      "properties": {
        "id": "RE-00635",
        "name": "McNichols Road",
        "highway": "primary",
        "length_m": 32.05,
        "elevation_m": 8.84,
        "maxspeed_kmh": 50
      }
    },
    {
      "type": "Feature",
      "geometry": {
        "type": "LineString",
        "coordinates": [
          [
            80.243294,
            13.066608
          ],
          [
            80.243389,
            13.066335
          ]
        ]
      },
      "properties": {
        "id": "RE-00636",
        "name": "McNichols Road",
        "highway": "primary",
        "length_m": 32.05,
        "elevation_m": 8.84,
        "maxspeed_kmh": 50
      }
    },
    {
      "type": "Feature",
      "geometry": {
        "type": "LineString",
        "coordinates": [
          [
            80.243294,
            13.066608
          ],
          [
            80.243193,
            13.066865
          ]
        ]
      },
      "properties": {
        "id": "RE-00637",
        "name": "McNichols Road",
        "highway": "primary",
        "length_m": 30.6,
        "elevation_m": 8.65,
        "maxspeed_kmh": 50
      }
    },
    {
      "type": "Feature",
      "geometry": {
        "type": "LineString",
        "coordinates": [
          [
            80.243193,
            13.066865
          ],
          [
            80.243294,
            13.066608
          ]
        ]
      },
      "properties": {
        "id": "RE-00638",
        "name": "McNichols Road",
        "highway": "primary",
        "length_m": 30.6,
        "elevation_m": 8.65,
        "maxspeed_kmh": 50
      }
    },
    {
      "type": "Feature",
      "geometry": {
        "type": "LineString",
        "coordinates": [
          [
            80.243193,
            13.066865
          ],
          [
            80.24316,
            13.066949
          ]
        ]
      },
      "properties": {
        "id": "RE-00639",
        "name": "McNichols Road",
        "highway": "primary",
        "length_m": 10.0,
        "elevation_m": 8.65,
        "maxspeed_kmh": 50
      }
    },
    {
      "type": "Feature",
      "geometry": {
        "type": "LineString",
        "coordinates": [
          [
            80.24316,
            13.066949
          ],
          [
            80.243193,
            13.066865
          ]
        ]
      },
      "properties": {
        "id": "RE-00640",
        "name": "McNichols Road",
        "highway": "primary",
        "length_m": 10.0,
        "elevation_m": 8.65,
        "maxspeed_kmh": 50
      }
    },
    {
      "type": "Feature",
      "geometry": {
        "type": "LineString",
        "coordinates": [
          [
            80.24316,
            13.066949
          ],
          [
            80.24302,
            13.067256
          ]
        ]
      },
      "properties": {
        "id": "RE-00641",
        "name": "McNichols Road",
        "highway": "primary",
        "length_m": 37.35,
        "elevation_m": 8.5,
        "maxspeed_kmh": 50
      }
    },
    {
      "type": "Feature",
      "geometry": {
        "type": "LineString",
        "coordinates": [
          [
            80.24302,
            13.067256
          ],
          [
            80.24316,
            13.066949
          ]
        ]
      },
      "properties": {
        "id": "RE-00642",
        "name": "McNichols Road",
        "highway": "primary",
        "length_m": 37.35,
        "elevation_m": 8.5,
        "maxspeed_kmh": 50
      }
    },
    {
      "type": "Feature",
      "geometry": {
        "type": "LineString",
        "coordinates": [
          [
            80.24302,
            13.067256
          ],
          [
            80.242939,
            13.067433
          ]
        ]
      },
      "properties": {
        "id": "RE-00643",
        "name": "McNichols Road",
        "highway": "primary",
        "length_m": 21.55,
        "elevation_m": 8.5,
        "maxspeed_kmh": 50
      }
    },
    {
      "type": "Feature",
      "geometry": {
        "type": "LineString",
        "coordinates": [
          [
            80.242939,
            13.067433
          ],
          [
            80.24302,
            13.067256
          ]
        ]
      },
      "properties": {
        "id": "RE-00644",
        "name": "McNichols Road",
        "highway": "primary",
        "length_m": 21.55,
        "elevation_m": 8.5,
        "maxspeed_kmh": 50
      }
    },
    {
      "type": "Feature",
      "geometry": {
        "type": "LineString",
        "coordinates": [
          [
            80.242939,
            13.067433
          ],
          [
            80.242748,
            13.067864
          ]
        ]
      },
      "properties": {
        "id": "RE-00645",
        "name": "McNichols Road",
        "highway": "primary",
        "length_m": 52.2,
        "elevation_m": 9.1,
        "maxspeed_kmh": 50
      }
    },
    {
      "type": "Feature",
      "geometry": {
        "type": "LineString",
        "coordinates": [
          [
            80.242748,
            13.067864
          ],
          [
            80.242939,
            13.067433
          ]
        ]
      },
      "properties": {
        "id": "RE-00646",
        "name": "McNichols Road",
        "highway": "primary",
        "length_m": 52.2,
        "elevation_m": 9.1,
        "maxspeed_kmh": 50
      }
    },
    {
      "type": "Feature",
      "geometry": {
        "type": "LineString",
        "coordinates": [
          [
            80.242748,
            13.067864
          ],
          [
            80.242544,
            13.068569
          ]
        ]
      },
      "properties": {
        "id": "RE-00647",
        "name": "McNichols Road",
        "highway": "primary",
        "length_m": 81.45,
        "elevation_m": 10.34,
        "maxspeed_kmh": 50
      }
    },
    {
      "type": "Feature",
      "geometry": {
        "type": "LineString",
        "coordinates": [
          [
            80.242544,
            13.068569
          ],
          [
            80.242748,
            13.067864
          ]
        ]
      },
      "properties": {
        "id": "RE-00648",
        "name": "McNichols Road",
        "highway": "primary",
        "length_m": 81.45,
        "elevation_m": 10.34,
        "maxspeed_kmh": 50
      }
    },
    {
      "type": "Feature",
      "geometry": {
        "type": "LineString",
        "coordinates": [
          [
            80.242544,
            13.068569
          ],
          [
            80.242538,
            13.06859
          ]
        ]
      },
      "properties": {
        "id": "RE-00649",
        "name": "McNichols Road",
        "highway": "primary",
        "length_m": 5.0,
        "elevation_m": 10.34,
        "maxspeed_kmh": 50
      }
    },
    {
      "type": "Feature",
      "geometry": {
        "type": "LineString",
        "coordinates": [
          [
            80.242538,
            13.06859
          ],
          [
            80.242544,
            13.068569
          ]
        ]
      },
      "properties": {
        "id": "RE-00650",
        "name": "McNichols Road",
        "highway": "primary",
        "length_m": 5.0,
        "elevation_m": 10.34,
        "maxspeed_kmh": 50
      }
    },
    {
      "type": "Feature",
      "geometry": {
        "type": "LineString",
        "coordinates": [
          [
            80.242538,
            13.06859
          ],
          [
            80.242518,
            13.068663
          ]
        ]
      },
      "properties": {
        "id": "RE-00651",
        "name": "McNichols Road",
        "highway": "primary",
        "length_m": 8.4,
        "elevation_m": 10.62,
        "maxspeed_kmh": 50
      }
    },
    {
      "type": "Feature",
      "geometry": {
        "type": "LineString",
        "coordinates": [
          [
            80.242518,
            13.068663
          ],
          [
            80.242538,
            13.06859
          ]
        ]
      },
      "properties": {
        "id": "RE-00652",
        "name": "McNichols Road",
        "highway": "primary",
        "length_m": 8.4,
        "elevation_m": 10.62,
        "maxspeed_kmh": 50
      }
    },
    {
      "type": "Feature",
      "geometry": {
        "type": "LineString",
        "coordinates": [
          [
            80.242518,
            13.068663
          ],
          [
            80.242484,
            13.068757
          ]
        ]
      },
      "properties": {
        "id": "RE-00653",
        "name": "McNichols Road",
        "highway": "primary",
        "length_m": 11.08,
        "elevation_m": 10.62,
        "maxspeed_kmh": 50
      }
    },
    {
      "type": "Feature",
      "geometry": {
        "type": "LineString",
        "coordinates": [
          [
            80.242484,
            13.068757
          ],
          [
            80.242518,
            13.068663
          ]
        ]
      },
      "properties": {
        "id": "RE-00654",
        "name": "McNichols Road",
        "highway": "primary",
        "length_m": 11.08,
        "elevation_m": 10.62,
        "maxspeed_kmh": 50
      }
    },
    {
      "type": "Feature",
      "geometry": {
        "type": "LineString",
        "coordinates": [
          [
            80.242484,
            13.068757
          ],
          [
            80.24234,
            13.069162
          ]
        ]
      },
      "properties": {
        "id": "RE-00655",
        "name": "McNichols Road",
        "highway": "primary",
        "length_m": 47.66,
        "elevation_m": 11.55,
        "maxspeed_kmh": 50
      }
    },
    {
      "type": "Feature",
      "geometry": {
        "type": "LineString",
        "coordinates": [
          [
            80.24234,
            13.069162
          ],
          [
            80.242484,
            13.068757
          ]
        ]
      },
      "properties": {
        "id": "RE-00656",
        "name": "McNichols Road",
        "highway": "primary",
        "length_m": 47.66,
        "elevation_m": 11.55,
        "maxspeed_kmh": 50
      }
    },
    {
      "type": "Feature",
      "geometry": {
        "type": "LineString",
        "coordinates": [
          [
            80.24234,
            13.069162
          ],
          [
            80.242319,
            13.069216
          ]
        ]
      },
      "properties": {
        "id": "RE-00657",
        "name": "McNichols Road",
        "highway": "primary",
        "length_m": 6.42,
        "elevation_m": 11.55,
        "maxspeed_kmh": 50
      }
    },
    {
      "type": "Feature",
      "geometry": {
        "type": "LineString",
        "coordinates": [
          [
            80.242319,
            13.069216
          ],
          [
            80.24234,
            13.069162
          ]
        ]
      },
      "properties": {
        "id": "RE-00658",
        "name": "McNichols Road",
        "highway": "primary",
        "length_m": 6.42,
        "elevation_m": 11.55,
        "maxspeed_kmh": 50
      }
    },
    {
      "type": "Feature",
      "geometry": {
        "type": "LineString",
        "coordinates": [
          [
            80.242319,
            13.069216
          ],
          [
            80.242303,
            13.069279
          ],
          [
            80.242137,
            13.069791
          ],
          [
            80.242115,
            13.069864
          ],
          [
            80.24196,
            13.070357
          ],
          [
            80.241921,
            13.07048
          ],
          [
            80.241895,
            13.070562
          ],
          [
            80.24178,
            13.070927
          ],
          [
            80.241614,
            13.071463
          ],
          [
            80.24156,
            13.071567
          ],
          [
            80.241469,
            13.071775
          ],
          [
            80.241089,
            13.072396
          ],
          [
            80.24102,
            13.072509
          ],
          [
            80.240906,
            13.072703
          ],
          [
            80.240851,
            13.072853
          ],
          [
            80.240725,
            13.073264
          ]
        ]
      },
      "properties": {
        "id": "RE-00659",
        "name": "McNichols Road",
        "highway": "primary",
        "length_m": 484.65,
        "elevation_m": 15.35,
        "maxspeed_kmh": 50
      }
    },
    {
      "type": "Feature",
      "geometry": {
        "type": "LineString",
        "coordinates": [
          [
            80.242319,
            13.069216
          ],
          [
            80.24223,
            13.069227
          ],
          [
            80.241948,
            13.069226
          ],
          [
            80.241821,
            13.069226
          ],
          [
            80.24119,
            13.069217
          ],
          [
            80.241003,
            13.069212
          ],
          [
            80.240731,
            13.069206
          ],
          [
            80.240464,
            13.069215
          ],
          [
            80.240176,
            13.069225
          ],
          [
            80.240008,
            13.06923
          ],
          [
            80.238773,
            13.069272
          ],
          [
            80.237816,
            13.069308
          ]
        ]
      },
      "properties": {
        "id": "RE-00660",
        "name": "Connecting Avenue",
        "highway": "primary",
        "length_m": 488.05,
        "elevation_m": 14.12,
        "maxspeed_kmh": 50
      }
    },
    {
      "type": "Feature",
      "geometry": {
        "type": "LineString",
        "coordinates": [
          [
            80.240725,
            13.073264
          ],
          [
            80.240851,
            13.072853
          ],
          [
            80.240906,
            13.072703
          ],
          [
            80.24102,
            13.072509
          ],
          [
            80.241089,
            13.072396
          ],
          [
            80.241469,
            13.071775
          ],
          [
            80.24156,
            13.071567
          ],
          [
            80.241614,
            13.071463
          ],
          [
            80.24178,
            13.070927
          ],
          [
            80.241895,
            13.070562
          ],
          [
            80.241921,
            13.07048
          ],
          [
            80.24196,
            13.070357
          ],
          [
            80.242115,
            13.069864
          ],
          [
            80.242137,
            13.069791
          ],
          [
            80.242303,
            13.069279
          ],
          [
            80.242319,
            13.069216
          ]
        ]
      },
      "properties": {
        "id": "RE-00661",
        "name": "McNichols Road",
        "highway": "primary",
        "length_m": 484.65,
        "elevation_m": 15.35,
        "maxspeed_kmh": 50
      }
    },
    {
      "type": "Feature",
      "geometry": {
        "type": "LineString",
        "coordinates": [
          [
            80.240725,
            13.073264
          ],
          [
            80.240558,
            13.073834
          ],
          [
            80.24055,
            13.07386
          ],
          [
            80.240543,
            13.073886
          ],
          [
            80.240512,
            13.074088
          ],
          [
            80.240478,
            13.075957
          ],
          [
            80.240486,
            13.076215
          ],
          [
            80.240566,
            13.076715
          ],
          [
            80.240596,
            13.076973
          ]
        ]
      },
      "properties": {
        "id": "RE-00662",
        "name": "Dr. Guruswamy bridge",
        "highway": "secondary",
        "length_m": 416.33,
        "elevation_m": 10.99,
        "maxspeed_kmh": 40
      }
    },
    {
      "type": "Feature",
      "geometry": {
        "type": "LineString",
        "coordinates": [
          [
            80.240596,
            13.076973
          ],
          [
            80.240566,
            13.076715
          ],
          [
            80.240486,
            13.076215
          ],
          [
            80.240478,
            13.075957
          ],
          [
            80.240512,
            13.074088
          ],
          [
            80.240543,
            13.073886
          ],
          [
            80.24055,
            13.07386
          ],
          [
            80.240558,
            13.073834
          ],
          [
            80.240725,
            13.073264
          ]
        ]
      },
      "properties": {
        "id": "RE-00663",
        "name": "Dr. Guruswamy bridge",
        "highway": "secondary",
        "length_m": 416.33,
        "elevation_m": 10.99,
        "maxspeed_kmh": 40
      }
    },
    {
      "type": "Feature",
      "geometry": {
        "type": "LineString",
        "coordinates": [
          [
            80.240596,
            13.076973
          ],
          [
            80.240542,
            13.077045
          ],
          [
            80.240494,
            13.077096
          ],
          [
            80.240457,
            13.07712
          ],
          [
            80.240406,
            13.077133
          ],
          [
            80.240329,
            13.077115
          ],
          [
            80.239422,
            13.076896
          ],
          [
            80.239187,
            13.07684
          ],
          [
            80.238857,
            13.076756
          ]
        ]
      },
      "properties": {
        "id": "RE-00664",
        "name": "EVR Periyar Salai",
        "highway": "primary",
        "length_m": 201.07,
        "elevation_m": 9.12,
        "maxspeed_kmh": 50
      }
    },
    {
      "type": "Feature",
      "geometry": {
        "type": "LineString",
        "coordinates": [
          [
            80.238857,
            13.076756
          ],
          [
            80.239187,
            13.07684
          ],
          [
            80.239422,
            13.076896
          ],
          [
            80.240329,
            13.077115
          ],
          [
            80.240406,
            13.077133
          ],
          [
            80.240457,
            13.07712
          ],
          [
            80.240494,
            13.077096
          ],
          [
            80.240542,
            13.077045
          ],
          [
            80.240596,
            13.076973
          ]
        ]
      },
      "properties": {
        "id": "RE-00665",
        "name": "EVR Periyar Salai",
        "highway": "primary",
        "length_m": 201.07,
        "elevation_m": 9.12,
        "maxspeed_kmh": 50
      }
    },
    {
      "type": "Feature",
      "geometry": {
        "type": "LineString",
        "coordinates": [
          [
            80.238857,
            13.076756
          ],
          [
            80.238553,
            13.076071
          ],
          [
            80.23855,
            13.076006
          ],
          [
            80.238546,
            13.075924
          ],
          [
            80.238539,
            13.07577
          ],
          [
            80.238532,
            13.075613
          ],
          [
            80.238528,
            13.075522
          ],
          [
            80.238518,
            13.075319
          ],
          [
            80.23863,
            13.074725
          ],
          [
            80.238879,
            13.074349
          ],
          [
            80.239241,
            13.073943
          ]
        ]
      },
      "properties": {
        "id": "RE-00666",
        "name": "McNichols Road",
        "highway": "primary",
        "length_m": 343.39,
        "elevation_m": 17.24,
        "maxspeed_kmh": 50
      }
    },
    {
      "type": "Feature",
      "geometry": {
        "type": "LineString",
        "coordinates": [
          [
            80.239241,
            13.073943
          ],
          [
            80.238879,
            13.074349
          ],
          [
            80.23863,
            13.074725
          ],
          [
            80.238518,
            13.075319
          ],
          [
            80.238528,
            13.075522
          ],
          [
            80.238532,
            13.075613
          ],
          [
            80.238539,
            13.07577
          ],
          [
            80.238546,
            13.075924
          ],
          [
            80.23855,
            13.076006
          ],
          [
            80.238553,
            13.076071
          ],
          [
            80.238857,
            13.076756
          ]
        ]
      },
      "properties": {
        "id": "RE-00667",
        "name": "McNichols Road",
        "highway": "primary",
        "length_m": 343.39,
        "elevation_m": 17.24,
        "maxspeed_kmh": 50
      }
    },
    {
      "type": "Feature",
      "geometry": {
        "type": "LineString",
        "coordinates": [
          [
            80.239241,
            13.073943
          ],
          [
            80.23914,
            13.073346
          ],
          [
            80.239083,
            13.07325
          ],
          [
            80.238671,
            13.073097
          ],
          [
            80.237454,
            13.072772
          ],
          [
            80.237047,
            13.072663
          ],
          [
            80.237031,
            13.072659
          ]
        ]
      },
      "properties": {
        "id": "RE-00668",
        "name": "Pachaiyappas College Hostel Road",
        "highway": "primary",
        "length_m": 311.56,
        "elevation_m": 16.63,
        "maxspeed_kmh": 50
      }
    },
    {
      "type": "Feature",
      "geometry": {
        "type": "LineString",
        "coordinates": [
          [
            80.237031,
            13.072659
          ],
          [
            80.237047,
            13.072663
          ],
          [
            80.237454,
            13.072772
          ],
          [
            80.238671,
            13.073097
          ],
          [
            80.239083,
            13.07325
          ],
          [
            80.23914,
            13.073346
          ],
          [
            80.239241,
            13.073943
          ]
        ]
      },
      "properties": {
        "id": "RE-00669",
        "name": "Pachaiyappas College Hostel Road",
        "highway": "primary",
        "length_m": 311.56,
        "elevation_m": 16.63,
        "maxspeed_kmh": 50
      }
    },
    {
      "type": "Feature",
      "geometry": {
        "type": "LineString",
        "coordinates": [
          [
            80.237031,
            13.072659
          ],
          [
            80.237031,
            13.072659
          ]
        ]
      },
      "properties": {
        "id": "RE-00670",
        "name": "Pachaiyappas College Hostel Road",
        "highway": "primary",
        "length_m": 5.0,
        "elevation_m": 15.27,
        "maxspeed_kmh": 50
      }
    },
    {
      "type": "Feature",
      "geometry": {
        "type": "LineString",
        "coordinates": [
          [
            80.220878,
            13.050795
          ],
          [
            80.220719,
            13.050813
          ]
        ]
      },
      "properties": {
        "id": "RE-00671",
        "name": "2nd Cross Street",
        "highway": "secondary",
        "length_m": 17.34,
        "elevation_m": 15.57,
        "maxspeed_kmh": 40
      }
    },
    {
      "type": "Feature",
      "geometry": {
        "type": "LineString",
        "coordinates": [
          [
            80.220719,
            13.050813
          ],
          [
            80.220878,
            13.050795
          ]
        ]
      },
      "properties": {
        "id": "RE-00672",
        "name": "2nd Cross Street",
        "highway": "secondary",
        "length_m": 17.34,
        "elevation_m": 15.57,
        "maxspeed_kmh": 40
      }
    },
    {
      "type": "Feature",
      "geometry": {
        "type": "LineString",
        "coordinates": [
          [
            80.220719,
            13.050813
          ],
          [
            80.220744,
            13.051094
          ]
        ]
      },
      "properties": {
        "id": "RE-00673",
        "name": "Connecting Avenue",
        "highway": "primary",
        "length_m": 31.36,
        "elevation_m": 15.63,
        "maxspeed_kmh": 50
      }
    },
    {
      "type": "Feature",
      "geometry": {
        "type": "LineString",
        "coordinates": [
          [
            80.220744,
            13.051094
          ],
          [
            80.220719,
            13.050813
          ]
        ]
      },
      "properties": {
        "id": "RE-00674",
        "name": "Connecting Avenue",
        "highway": "primary",
        "length_m": 31.36,
        "elevation_m": 15.63,
        "maxspeed_kmh": 50
      }
    },
    {
      "type": "Feature",
      "geometry": {
        "type": "LineString",
        "coordinates": [
          [
            80.220744,
            13.051094
          ],
          [
            80.221324,
            13.051038
          ],
          [
            80.221765,
            13.050995
          ]
        ]
      },
      "properties": {
        "id": "RE-00675",
        "name": "1st Cross Street",
        "highway": "secondary",
        "length_m": 111.14,
        "elevation_m": 15.87,
        "maxspeed_kmh": 40
      }
    },
    {
      "type": "Feature",
      "geometry": {
        "type": "LineString",
        "coordinates": [
          [
            80.221765,
            13.050995
          ],
          [
            80.221324,
            13.051038
          ],
          [
            80.220744,
            13.051094
          ]
        ]
      },
      "properties": {
        "id": "RE-00676",
        "name": "1st Cross Street",
        "highway": "secondary",
        "length_m": 111.14,
        "elevation_m": 15.87,
        "maxspeed_kmh": 40
      }
    },
    {
      "type": "Feature",
      "geometry": {
        "type": "LineString",
        "coordinates": [
          [
            80.221765,
            13.050995
          ],
          [
            80.22176,
            13.050771
          ],
          [
            80.221725,
            13.05044
          ],
          [
            80.221668,
            13.049815
          ],
          [
            80.221652,
            13.049591
          ],
          [
            80.221637,
            13.049327
          ],
          [
            80.221609,
            13.048936
          ],
          [
            80.221594,
            13.048633
          ],
          [
            80.221561,
            13.048401
          ],
          [
            80.221515,
            13.0479
          ],
          [
            80.22145,
            13.047329
          ],
          [
            80.221422,
            13.047081
          ],
          [
            80.221401,
            13.046889
          ],
          [
            80.221394,
            13.046827
          ],
          [
            80.221386,
            13.046761
          ],
          [
            80.221339,
            13.046347
          ]
        ]
      },
      "properties": {
        "id": "RE-00677",
        "name": "Rangarajapuram Main Road",
        "highway": "primary",
        "length_m": 519.08,
        "elevation_m": 15.16,
        "maxspeed_kmh": 50
      }
    },
    {
      "type": "Feature",
      "geometry": {
        "type": "LineString",
        "coordinates": [
          [
            80.221765,
            13.050995
          ],
          [
            80.22182,
            13.051587
          ]
        ]
      },
      "properties": {
        "id": "RE-00678",
        "name": "Rangarajapuram Main Road",
        "highway": "primary",
        "length_m": 66.1,
        "elevation_m": 16.35,
        "maxspeed_kmh": 50
      }
    },
    {
      "type": "Feature",
      "geometry": {
        "type": "LineString",
        "coordinates": [
          [
            80.221339,
            13.046347
          ],
          [
            80.221386,
            13.046761
          ],
          [
            80.221394,
            13.046827
          ],
          [
            80.221401,
            13.046889
          ],
          [
            80.221422,
            13.047081
          ],
          [
            80.22145,
            13.047329
          ],
          [
            80.221515,
            13.0479
          ],
          [
            80.221561,
            13.048401
          ],
          [
            80.221594,
            13.048633
          ],
          [
            80.221609,
            13.048936
          ],
          [
            80.221637,
            13.049327
          ],
          [
            80.221652,
            13.049591
          ],
          [
            80.221668,
            13.049815
          ],
          [
            80.221725,
            13.05044
          ],
          [
            80.22176,
            13.050771
          ],
          [
            80.221765,
            13.050995
          ]
        ]
      },
      "properties": {
        "id": "RE-00679",
        "name": "Rangarajapuram Main Road",
        "highway": "primary",
        "length_m": 519.08,
        "elevation_m": 15.16,
        "maxspeed_kmh": 50
      }
    },
    {
      "type": "Feature",
      "geometry": {
        "type": "LineString",
        "coordinates": [
          [
            80.221339,
            13.046347
          ],
          [
            80.221877,
            13.046236
          ],
          [
            80.222579,
            13.046091
          ]
        ]
      },
      "properties": {
        "id": "RE-00680",
        "name": "Kannadasan Street",
        "highway": "secondary",
        "length_m": 137.31,
        "elevation_m": 15.76,
        "maxspeed_kmh": 40
      }
    },
    {
      "type": "Feature",
      "geometry": {
        "type": "LineString",
        "coordinates": [
          [
            80.222579,
            13.046091
          ],
          [
            80.221877,
            13.046236
          ],
          [
            80.221339,
            13.046347
          ]
        ]
      },
      "properties": {
        "id": "RE-00681",
        "name": "Kannadasan Street",
        "highway": "secondary",
        "length_m": 137.31,
        "elevation_m": 15.76,
        "maxspeed_kmh": 40
      }
    },
    {
      "type": "Feature",
      "geometry": {
        "type": "LineString",
        "coordinates": [
          [
            80.222579,
            13.046091
          ],
          [
            80.222507,
            13.045672
          ],
          [
            80.22239,
            13.045038
          ],
          [
            80.222345,
            13.044675
          ],
          [
            80.222329,
            13.044561
          ],
          [
            80.222276,
            13.044242
          ],
          [
            80.222169,
            13.043641
          ],
          [
            80.222042,
            13.042908
          ]
        ]
      },
      "properties": {
        "id": "RE-00682",
        "name": "Connecting Avenue",
        "highway": "primary",
        "length_m": 358.74,
        "elevation_m": 15.71,
        "maxspeed_kmh": 50
      }
    },
    {
      "type": "Feature",
      "geometry": {
        "type": "LineString",
        "coordinates": [
          [
            80.252967,
            13.05029
          ],
          [
            80.252805,
            13.050203
          ]
        ]
      },
      "properties": {
        "id": "RE-00683",
        "name": "Connecting Avenue",
        "highway": "primary",
        "length_m": 20.04,
        "elevation_m": 12.6,
        "maxspeed_kmh": 50
      }
    },
    {
      "type": "Feature",
      "geometry": {
        "type": "LineString",
        "coordinates": [
          [
            80.252967,
            13.05029
          ],
          [
            80.252962,
            13.050319
          ],
          [
            80.252967,
            13.050349
          ],
          [
            80.252981,
            13.050375
          ],
          [
            80.253002,
            13.050396
          ],
          [
            80.25303,
            13.05041
          ],
          [
            80.25306,
            13.050415
          ]
        ]
      },
      "properties": {
        "id": "RE-00684",
        "name": "Connecting Avenue",
        "highway": "primary",
        "length_m": 19.88,
        "elevation_m": 12.57,
        "maxspeed_kmh": 50
      }
    },
    {
      "type": "Feature",
      "geometry": {
        "type": "LineString",
        "coordinates": [
          [
            80.25306,
            13.050415
          ],
          [
            80.25303,
            13.05041
          ],
          [
            80.253002,
            13.050396
          ],
          [
            80.252981,
            13.050375
          ],
          [
            80.252967,
            13.050349
          ],
          [
            80.252962,
            13.050319
          ],
          [
            80.252967,
            13.05029
          ]
        ]
      },
      "properties": {
        "id": "RE-00685",
        "name": "Connecting Avenue",
        "highway": "primary",
        "length_m": 19.88,
        "elevation_m": 12.57,
        "maxspeed_kmh": 50
      }
    },
    {
      "type": "Feature",
      "geometry": {
        "type": "LineString",
        "coordinates": [
          [
            80.25306,
            13.050415
          ],
          [
            80.253027,
            13.050487
          ],
          [
            80.253016,
            13.050678
          ],
          [
            80.253059,
            13.050769
          ],
          [
            80.253215,
            13.050879
          ]
        ]
      },
      "properties": {
        "id": "RE-00686",
        "name": "Connecting Avenue",
        "highway": "primary",
        "length_m": 62.04,
        "elevation_m": 12.54,
        "maxspeed_kmh": 50
      }
    },
    {
      "type": "Feature",
      "geometry": {
        "type": "LineString",
        "coordinates": [
          [
            80.253215,
            13.050879
          ],
          [
            80.253059,
            13.050769
          ],
          [
            80.253016,
            13.050678
          ],
          [
            80.253027,
            13.050487
          ],
          [
            80.25306,
            13.050415
          ]
        ]
      },
      "properties": {
        "id": "RE-00687",
        "name": "Connecting Avenue",
        "highway": "primary",
        "length_m": 62.04,
        "elevation_m": 12.54,
        "maxspeed_kmh": 50
      }
    },
    {
      "type": "Feature",
      "geometry": {
        "type": "LineString",
        "coordinates": [
          [
            80.253215,
            13.050879
          ],
          [
            80.253215,
            13.050879
          ]
        ]
      },
      "properties": {
        "id": "RE-00688",
        "name": "Connecting Avenue",
        "highway": "primary",
        "length_m": 5.0,
        "elevation_m": 12.51,
        "maxspeed_kmh": 50
      }
    },
    {
      "type": "Feature",
      "geometry": {
        "type": "LineString",
        "coordinates": [
          [
            80.22182,
            13.051587
          ],
          [
            80.221765,
            13.050995
          ]
        ]
      },
      "properties": {
        "id": "RE-00689",
        "name": "Rangarajapuram Main Road",
        "highway": "primary",
        "length_m": 66.1,
        "elevation_m": 16.35,
        "maxspeed_kmh": 50
      }
    },
    {
      "type": "Feature",
      "geometry": {
        "type": "LineString",
        "coordinates": [
          [
            80.22182,
            13.051587
          ],
          [
            80.222143,
            13.05157
          ],
          [
            80.222857,
            13.051489
          ],
          [
            80.223704,
            13.051402
          ]
        ]
      },
      "properties": {
        "id": "RE-00690",
        "name": "Gugan Street",
        "highway": "secondary",
        "length_m": 205.16,
        "elevation_m": 15.73,
        "maxspeed_kmh": 40
      }
    },
    {
      "type": "Feature",
      "geometry": {
        "type": "LineString",
        "coordinates": [
          [
            80.223704,
            13.051402
          ],
          [
            80.222857,
            13.051489
          ],
          [
            80.222143,
            13.05157
          ],
          [
            80.22182,
            13.051587
          ]
        ]
      },
      "properties": {
        "id": "RE-00691",
        "name": "Gugan Street",
        "highway": "secondary",
        "length_m": 205.16,
        "elevation_m": 15.73,
        "maxspeed_kmh": 40
      }
    },
    {
      "type": "Feature",
      "geometry": {
        "type": "LineString",
        "coordinates": [
          [
            80.223704,
            13.051402
          ],
          [
            80.223748,
            13.051657
          ]
        ]
      },
      "properties": {
        "id": "RE-00692",
        "name": "Anna Main Road",
        "highway": "primary",
        "length_m": 28.75,
        "elevation_m": 15.23,
        "maxspeed_kmh": 50
      }
    },
    {
      "type": "Feature",
      "geometry": {
        "type": "LineString",
        "coordinates": [
          [
            80.223704,
            13.051402
          ],
          [
            80.223645,
            13.051054
          ]
        ]
      },
      "properties": {
        "id": "RE-00693",
        "name": "Anna Main Road",
        "highway": "primary",
        "length_m": 39.22,
        "elevation_m": 15.26,
        "maxspeed_kmh": 50
      }
    },
    {
      "type": "Feature",
      "geometry": {
        "type": "LineString",
        "coordinates": [
          [
            80.223748,
            13.051657
          ],
          [
            80.223704,
            13.051402
          ]
        ]
      },
      "properties": {
        "id": "RE-00694",
        "name": "Anna Main Road",
        "highway": "primary",
        "length_m": 28.75,
        "elevation_m": 15.23,
        "maxspeed_kmh": 50
      }
    },
    {
      "type": "Feature",
      "geometry": {
        "type": "LineString",
        "coordinates": [
          [
            80.223748,
            13.051657
          ],
          [
            80.223954,
            13.052697
          ]
        ]
      },
      "properties": {
        "id": "RE-00695",
        "name": "Anna Main Road",
        "highway": "primary",
        "length_m": 117.78,
        "elevation_m": 14.85,
        "maxspeed_kmh": 50
      }
    },
    {
      "type": "Feature",
      "geometry": {
        "type": "LineString",
        "coordinates": [
          [
            80.225132,
            13.053679
          ],
          [
            80.225109,
            13.053535
          ],
          [
            80.224086,
            13.0533
          ]
        ]
      },
      "properties": {
        "id": "RE-00696",
        "name": "Nagerkoyil Sudalaimuthu Krishnan (NSK) Salai",
        "highway": "primary",
        "length_m": 130.06,
        "elevation_m": 14.77,
        "maxspeed_kmh": 50
      }
    },
    {
      "type": "Feature",
      "geometry": {
        "type": "LineString",
        "coordinates": [
          [
            80.225132,
            13.053679
          ],
          [
            80.225723,
            13.053804
          ],
          [
            80.226488,
            13.053886
          ],
          [
            80.227076,
            13.05395
          ],
          [
            80.227749,
            13.054041
          ],
          [
            80.227767,
            13.054043
          ],
          [
            80.22794,
            13.054062
          ],
          [
            80.228028,
            13.054066
          ]
        ]
      },
      "properties": {
        "id": "RE-00697",
        "name": "Nagerkoyil Sudalaimuthu Krishnan Salai",
        "highway": "primary",
        "length_m": 316.93,
        "elevation_m": 14.84,
        "maxspeed_kmh": 50
      }
    },
    {
      "type": "Feature",
      "geometry": {
        "type": "LineString",
        "coordinates": [
          [
            80.228028,
            13.054066
          ],
          [
            80.22794,
            13.054062
          ],
          [
            80.227767,
            13.054043
          ],
          [
            80.227749,
            13.054041
          ],
          [
            80.227076,
            13.05395
          ],
          [
            80.226488,
            13.053886
          ],
          [
            80.225723,
            13.053804
          ],
          [
            80.225132,
            13.053679
          ]
        ]
      },
      "properties": {
        "id": "RE-00698",
        "name": "Nagerkoyil Sudalaimuthu Krishnan Salai",
        "highway": "primary",
        "length_m": 316.93,
        "elevation_m": 14.84,
        "maxspeed_kmh": 50
      }
    },
    {
      "type": "Feature",
      "geometry": {
        "type": "LineString",
        "coordinates": [
          [
            80.228028,
            13.054066
          ],
          [
            80.228148,
            13.054128
          ],
          [
            80.228475,
            13.05415
          ],
          [
            80.22887,
            13.054166
          ]
        ]
      },
      "properties": {
        "id": "RE-00699",
        "name": "Connecting Avenue",
        "highway": "primary",
        "length_m": 93.04,
        "elevation_m": 15.02,
        "maxspeed_kmh": 50
      }
    },
    {
      "type": "Feature",
      "geometry": {
        "type": "LineString",
        "coordinates": [
          [
            80.228028,
            13.054066
          ],
          [
            80.228134,
            13.054061
          ],
          [
            80.228233,
            13.054054
          ]
        ]
      },
      "properties": {
        "id": "RE-00700",
        "name": "Kodambakkam Railway Flyover",
        "highway": "primary",
        "length_m": 22.25,
        "elevation_m": 15.05,
        "maxspeed_kmh": 50
      }
    },
    {
      "type": "Feature",
      "geometry": {
        "type": "LineString",
        "coordinates": [
          [
            80.224482,
            13.050867
          ],
          [
            80.223645,
            13.051054
          ]
        ]
      },
      "properties": {
        "id": "RE-00701",
        "name": "VOC 5th Cross Street",
        "highway": "secondary",
        "length_m": 93.02,
        "elevation_m": 15.33,
        "maxspeed_kmh": 40
      }
    },
    {
      "type": "Feature",
      "geometry": {
        "type": "LineString",
        "coordinates": [
          [
            80.223645,
            13.051054
          ],
          [
            80.224482,
            13.050867
          ]
        ]
      },
      "properties": {
        "id": "RE-00702",
        "name": "VOC 5th Cross Street",
        "highway": "secondary",
        "length_m": 93.02,
        "elevation_m": 15.33,
        "maxspeed_kmh": 40
      }
    },
    {
      "type": "Feature",
      "geometry": {
        "type": "LineString",
        "coordinates": [
          [
            80.223645,
            13.051054
          ],
          [
            80.223704,
            13.051402
          ]
        ]
      },
      "properties": {
        "id": "RE-00703",
        "name": "Anna Main Road",
        "highway": "primary",
        "length_m": 39.22,
        "elevation_m": 15.26,
        "maxspeed_kmh": 50
      }
    },
    {
      "type": "Feature",
      "geometry": {
        "type": "LineString",
        "coordinates": [
          [
            80.249709,
            13.049412
          ],
          [
            80.24966,
            13.049415
          ],
          [
            80.249527,
            13.049418
          ],
          [
            80.248722,
            13.049451
          ],
          [
            80.247821,
            13.049493
          ],
          [
            80.247671,
            13.049536
          ],
          [
            80.247566,
            13.049574
          ]
        ]
      },
      "properties": {
        "id": "RE-00704",
        "name": "Mayor Sundar Rao Street",
        "highway": "secondary",
        "length_m": 233.79,
        "elevation_m": 12.92,
        "maxspeed_kmh": 40
      }
    },
    {
      "type": "Feature",
      "geometry": {
        "type": "LineString",
        "coordinates": [
          [
            80.249709,
            13.049412
          ],
          [
            80.249742,
            13.049669
          ],
          [
            80.249781,
            13.049857
          ]
        ]
      },
      "properties": {
        "id": "RE-00705",
        "name": "Anna Salai",
        "highway": "primary",
        "length_m": 50.13,
        "elevation_m": 13.6,
        "maxspeed_kmh": 50
      }
    },
    {
      "type": "Feature",
      "geometry": {
        "type": "LineString",
        "coordinates": [
          [
            80.249781,
            13.049857
          ],
          [
            80.249742,
            13.049669
          ],
          [
            80.249709,
            13.049412
          ]
        ]
      },
      "properties": {
        "id": "RE-00706",
        "name": "Anna Salai",
        "highway": "primary",
        "length_m": 50.13,
        "elevation_m": 13.6,
        "maxspeed_kmh": 50
      }
    },
    {
      "type": "Feature",
      "geometry": {
        "type": "LineString",
        "coordinates": [
          [
            80.249781,
            13.049857
          ],
          [
            80.249741,
            13.04996
          ],
          [
            80.249753,
            13.050019
          ],
          [
            80.249803,
            13.05026
          ],
          [
            80.249844,
            13.050449
          ],
          [
            80.24989,
            13.050671
          ],
          [
            80.249924,
            13.050778
          ],
          [
            80.249977,
            13.051033
          ],
          [
            80.250023,
            13.051254
          ],
          [
            80.250025,
            13.051316
          ],
          [
            80.250012,
            13.051382
          ],
          [
            80.249906,
            13.051471
          ]
        ]
      },
      "properties": {
        "id": "RE-00707",
        "name": "Connecting Avenue",
        "highway": "primary",
        "length_m": 188.92,
        "elevation_m": 12.95,
        "maxspeed_kmh": 50
      }
    },
    {
      "type": "Feature",
      "geometry": {
        "type": "LineString",
        "coordinates": [
          [
            80.249906,
            13.051471
          ],
          [
            80.250012,
            13.051382
          ],
          [
            80.250025,
            13.051316
          ],
          [
            80.250023,
            13.051254
          ],
          [
            80.249977,
            13.051033
          ],
          [
            80.249924,
            13.050778
          ],
          [
            80.24989,
            13.050671
          ],
          [
            80.249844,
            13.050449
          ],
          [
            80.249803,
            13.05026
          ],
          [
            80.249753,
            13.050019
          ],
          [
            80.249741,
            13.04996
          ],
          [
            80.249781,
            13.049857
          ]
        ]
      },
      "properties": {
        "id": "RE-00708",
        "name": "Connecting Avenue",
        "highway": "primary",
        "length_m": 188.92,
        "elevation_m": 12.95,
        "maxspeed_kmh": 50
      }
    },
    {
      "type": "Feature",
      "geometry": {
        "type": "LineString",
        "coordinates": [
          [
            80.249906,
            13.051471
          ],
          [
            80.249675,
            13.051314
          ],
          [
            80.249486,
            13.051161
          ],
          [
            80.249418,
            13.051099
          ]
        ]
      },
      "properties": {
        "id": "RE-00709",
        "name": "Gopathy Narayana Road",
        "highway": "primary",
        "length_m": 67.22,
        "elevation_m": 12.81,
        "maxspeed_kmh": 50
      }
    },
    {
      "type": "Feature",
      "geometry": {
        "type": "LineString",
        "coordinates": [
          [
            80.249418,
            13.051099
          ],
          [
            80.249486,
            13.051161
          ],
          [
            80.249675,
            13.051314
          ],
          [
            80.249906,
            13.051471
          ]
        ]
      },
      "properties": {
        "id": "RE-00710",
        "name": "Gopathy Narayana Road",
        "highway": "primary",
        "length_m": 67.22,
        "elevation_m": 12.81,
        "maxspeed_kmh": 50
      }
    },
    {
      "type": "Feature",
      "geometry": {
        "type": "LineString",
        "coordinates": [
          [
            80.249418,
            13.051099
          ],
          [
            80.249418,
            13.051099
          ]
        ]
      },
      "properties": {
        "id": "RE-00711",
        "name": "Gopathy Narayana Road",
        "highway": "primary",
        "length_m": 5.0,
        "elevation_m": 12.91,
        "maxspeed_kmh": 50
      }
    },
    {
      "type": "Feature",
      "geometry": {
        "type": "LineString",
        "coordinates": [
          [
            80.234136,
            13.0539
          ],
          [
            80.23404,
            13.053856
          ]
        ]
      },
      "properties": {
        "id": "RE-00712",
        "name": "Kodambakkam Railway Flyover",
        "highway": "primary",
        "length_m": 11.49,
        "elevation_m": 14.64,
        "maxspeed_kmh": 50
      }
    },
    {
      "type": "Feature",
      "geometry": {
        "type": "LineString",
        "coordinates": [
          [
            80.234136,
            13.0539
          ],
          [
            80.234183,
            13.053893
          ],
          [
            80.234282,
            13.053878
          ],
          [
            80.234488,
            13.053847
          ],
          [
            80.234756,
            13.053792
          ],
          [
            80.235283,
            13.053675
          ],
          [
            80.235933,
            13.053536
          ],
          [
            80.236165,
            13.053485
          ],
          [
            80.236454,
            13.053438
          ],
          [
            80.236757,
            13.053393
          ],
          [
            80.237001,
            13.053357
          ],
          [
            80.237199,
            13.05332
          ],
          [
            80.237599,
            13.053261
          ],
          [
            80.237725,
            13.053241
          ],
          [
            80.23809,
            13.053183
          ],
          [
            80.239042,
            13.052979
          ],
          [
            80.239375,
            13.052908
          ],
          [
            80.240757,
            13.052553
          ],
          [
            80.240905,
            13.052539
          ],
          [
            80.240999,
            13.052539
          ]
        ]
      },
      "properties": {
        "id": "RE-00713",
        "name": "Dr MGR Salai",
        "highway": "primary",
        "length_m": 759.49,
        "elevation_m": 14.12,
        "maxspeed_kmh": 50
      }
    },
    {
      "type": "Feature",
      "geometry": {
        "type": "LineString",
        "coordinates": [
          [
            80.241,
            13.052427
          ],
          [
            80.241391,
            13.052463
          ],
          [
            80.241564,
            13.052507
          ],
          [
            80.241562,
            13.052604
          ]
        ]
      },
      "properties": {
        "id": "RE-00714",
        "name": "Dr MGR Salai",
        "highway": "primary",
        "length_m": 72.7,
        "elevation_m": 12.17,
        "maxspeed_kmh": 50
      }
    },
    {
      "type": "Feature",
      "geometry": {
        "type": "LineString",
        "coordinates": [
          [
            80.241,
            13.052427
          ],
          [
            80.24087,
            13.052186
          ],
          [
            80.240831,
            13.052017
          ],
          [
            80.240814,
            13.051942
          ],
          [
            80.240582,
            13.050932
          ],
          [
            80.240476,
            13.050501
          ],
          [
            80.240391,
            13.049984
          ]
        ]
      },
      "properties": {
        "id": "RE-00715",
        "name": "Thirumalai Road",
        "highway": "primary",
        "length_m": 280.66,
        "elevation_m": 12.51,
        "maxspeed_kmh": 50
      }
    },
    {
      "type": "Feature",
      "geometry": {
        "type": "LineString",
        "coordinates": [
          [
            80.240391,
            13.049984
          ],
          [
            80.240476,
            13.050501
          ],
          [
            80.240582,
            13.050932
          ],
          [
            80.240814,
            13.051942
          ],
          [
            80.240831,
            13.052017
          ],
          [
            80.24087,
            13.052186
          ],
          [
            80.241,
            13.052427
          ]
        ]
      },
      "properties": {
        "id": "RE-00716",
        "name": "Thirumalai Road",
        "highway": "primary",
        "length_m": 280.66,
        "elevation_m": 12.51,
        "maxspeed_kmh": 50
      }
    },
    {
      "type": "Feature",
      "geometry": {
        "type": "LineString",
        "coordinates": [
          [
            80.240391,
            13.049984
          ],
          [
            80.24181,
            13.049655
          ],
          [
            80.241872,
            13.049642
          ],
          [
            80.24233,
            13.049543
          ],
          [
            80.242392,
            13.049529
          ],
          [
            80.242625,
            13.049479
          ],
          [
            80.242889,
            13.049422
          ],
          [
            80.243146,
            13.049366
          ],
          [
            80.243179,
            13.049359
          ],
          [
            80.243213,
            13.049352
          ],
          [
            80.243441,
            13.049312
          ],
          [
            80.243487,
            13.049303
          ],
          [
            80.243665,
            13.049271
          ],
          [
            80.244138,
            13.049185
          ],
          [
            80.24438,
            13.049143
          ],
          [
            80.244823,
            13.048986
          ],
          [
            80.245397,
            13.048774
          ],
          [
            80.245523,
            13.048672
          ],
          [
            80.245848,
            13.048286
          ]
        ]
      },
      "properties": {
        "id": "RE-00717",
        "name": "Habibullah Road",
        "highway": "primary",
        "length_m": 633.03,
        "elevation_m": 13.69,
        "maxspeed_kmh": 50
      }
    },
    {
      "type": "Feature",
      "geometry": {
        "type": "LineString",
        "coordinates": [
          [
            80.236969,
            13.034027
          ],
          [
            80.236985,
            13.033651
          ],
          [
            80.236997,
            13.033139
          ],
          [
            80.237038,
            13.03253
          ],
          [
            80.23704,
            13.032467
          ],
          [
            80.237063,
            13.031989
          ]
        ]
      },
      "properties": {
        "id": "RE-00718",
        "name": "Mopparappan Street",
        "highway": "secondary",
        "length_m": 226.87,
        "elevation_m": 13.9,
        "maxspeed_kmh": 40
      }
    },
    {
      "type": "Feature",
      "geometry": {
        "type": "LineString",
        "coordinates": [
          [
            80.237816,
            13.069308
          ],
          [
            80.238773,
            13.069272
          ],
          [
            80.240008,
            13.06923
          ],
          [
            80.240176,
            13.069225
          ],
          [
            80.240464,
            13.069215
          ],
          [
            80.240731,
            13.069206
          ],
          [
            80.241003,
            13.069212
          ],
          [
            80.24119,
            13.069217
          ],
          [
            80.241821,
            13.069226
          ],
          [
            80.241948,
            13.069226
          ],
          [
            80.24223,
            13.069227
          ],
          [
            80.242319,
            13.069216
          ]
        ]
      },
      "properties": {
        "id": "RE-00719",
        "name": "Connecting Avenue",
        "highway": "primary",
        "length_m": 488.05,
        "elevation_m": 14.12,
        "maxspeed_kmh": 50
      }
    },
    {
      "type": "Feature",
      "geometry": {
        "type": "LineString",
        "coordinates": [
          [
            80.237816,
            13.069308
          ],
          [
            80.237806,
            13.068889
          ],
          [
            80.237796,
            13.068484
          ],
          [
            80.237777,
            13.067671
          ]
        ]
      },
      "properties": {
        "id": "RE-00720",
        "name": "2nd Avenue",
        "highway": "primary",
        "length_m": 182.08,
        "elevation_m": 15.29,
        "maxspeed_kmh": 50
      }
    },
    {
      "type": "Feature",
      "geometry": {
        "type": "LineString",
        "coordinates": [
          [
            80.237777,
            13.067671
          ],
          [
            80.237796,
            13.068484
          ],
          [
            80.237806,
            13.068889
          ],
          [
            80.237816,
            13.069308
          ]
        ]
      },
      "properties": {
        "id": "RE-00721",
        "name": "2nd Avenue",
        "highway": "primary",
        "length_m": 182.08,
        "elevation_m": 15.29,
        "maxspeed_kmh": 50
      }
    },
    {
      "type": "Feature",
      "geometry": {
        "type": "LineString",
        "coordinates": [
          [
            80.237777,
            13.067671
          ],
          [
            80.237048,
            13.067684
          ]
        ]
      },
      "properties": {
        "id": "RE-00722",
        "name": "4th Avenue",
        "highway": "primary",
        "length_m": 78.98,
        "elevation_m": 14.39,
        "maxspeed_kmh": 50
      }
    },
    {
      "type": "Feature",
      "geometry": {
        "type": "LineString",
        "coordinates": [
          [
            80.237048,
            13.067684
          ],
          [
            80.237777,
            13.067671
          ]
        ]
      },
      "properties": {
        "id": "RE-00723",
        "name": "4th Avenue",
        "highway": "primary",
        "length_m": 78.98,
        "elevation_m": 14.39,
        "maxspeed_kmh": 50
      }
    },
    {
      "type": "Feature",
      "geometry": {
        "type": "LineString",
        "coordinates": [
          [
            80.237048,
            13.067684
          ],
          [
            80.237048,
            13.067684
          ]
        ]
      },
      "properties": {
        "id": "RE-00724",
        "name": "4th Avenue",
        "highway": "primary",
        "length_m": 5.0,
        "elevation_m": 14.39,
        "maxspeed_kmh": 50
      }
    },
    {
      "type": "Feature",
      "geometry": {
        "type": "LineString",
        "coordinates": [
          [
            80.2341,
            13.0418
          ],
          [
            80.234102,
            13.041814
          ]
        ]
      },
      "properties": {
        "id": "RE-00725",
        "name": "Origin Access",
        "highway": "residential",
        "length_m": 1.6,
        "elevation_m": 15.493675231933594,
        "maxspeed_kmh": 25
      }
    },
    {
      "type": "Feature",
      "geometry": {
        "type": "LineString",
        "coordinates": [
          [
            80.24,
            13.06
          ],
          [
            80.24018,
            13.059982
          ]
        ]
      },
      "properties": {
        "id": "RE-00726",
        "name": "Destination Access",
        "highway": "residential",
        "length_m": 19.6,
        "elevation_m": 12.430009841918945,
        "maxspeed_kmh": 25
      }
    }
  ]
}