{
  "type": "FeatureCollection",
  "features": [
    {
      "type": "Feature",
      "geometry": {
        "type": "LineString",
        "coordinates": [
          [
            77.62142,
            12.951406
          ],
          [
            77.618666,
            12.946016
          ]
        ]
      },
      "properties": {
        "id": "DE-00001",
        "from_node": "DN-00001",
        "to_node": "DN-00002",
        "length_m": 670.87,
        "diameter_m": 0.8,
        "slope": 0.0022,
        "roughness_n": 0.013,
        "capacity_m3s": 0.62,
        "blockage_pct": 0.0,
        "channel_type": "roadside_storm_drain"
      }
    },
    {
      "type": "Feature",
      "geometry": {
        "type": "LineString",
        "coordinates": [
          [
            77.652342,
            12.95188
          ],
          [
            77.64938,
            12.94742
          ]
        ]
      },
      "properties": {
        "id": "DE-00002",
        "from_node": "DN-00003",
        "to_node": "DN-00004",
        "length_m": 658.73,
        "diameter_m": 0.8,
        "slope": 0.001,
        "roughness_n": 0.013,
        "capacity_m3s": 0.418,
        "blockage_pct": 0.0,
        "channel_type": "roadside_storm_drain"
      }
    },
    {
      "type": "Feature",
      "geometry": {
        "type": "LineString",
        "coordinates": [
          [
            77.652342,
            12.95188
          ],
          [
            77.64938,
            12.94742
          ]
        ]
      },
      "properties": {
        "id": "DE-00003",
        "from_node": "DN-00005",
        "to_node": "DN-00006",
        "length_m": 658.73,
        "diameter_m": 0.8,
        "slope": 0.001,
        "roughness_n": 0.013,
        "capacity_m3s": 0.418,
        "blockage_pct": 0.0,
        "channel_type": "roadside_storm_drain"
      }
    },
    {
      "type": "Feature",
      "geometry": {
        "type": "LineString",
        "coordinates": [
          [
            77.616624,
            12.934128
          ],
          [
            77.623273,
            12.933456
          ]
        ]
      },
      "properties": {
        "id": "DE-00004",
        "from_node": "DN-00007",
        "to_node": "DN-00008",
        "length_m": 736.25,
        "diameter_m": 0.8,
        "slope": 0.0131,
        "roughness_n": 0.013,
        "capacity_m3s": 1.513,
        "blockage_pct": 0.0,
        "channel_type": "roadside_storm_drain"
      }
    },
    {
      "type": "Feature",
      "geometry": {
        "type": "LineString",
        "coordinates": [
          [
            77.623273,
            12.933456
          ],
          [
            77.623394,
            12.933423
          ]
        ]
      },
      "properties": {
        "id": "DE-00005",
        "from_node": "DN-00009",
        "to_node": "DN-00010",
        "length_m": 13.62,
        "diameter_m": 0.8,
        "slope": 0.001,
        "roughness_n": 0.013,
        "capacity_m3s": 0.418,
        "blockage_pct": 0.0,
        "channel_type": "roadside_storm_drain"
      }
    },
    {
      "type": "Feature",
      "geometry": {
        "type": "LineString",
        "coordinates": [
          [
            77.616228,
            12.933882
          ],
          [
            77.616624,
            12.934128
          ]
        ]
      },
      "properties": {
        "id": "DE-00006",
        "from_node": "DN-00011",
        "to_node": "DN-00012",
        "length_m": 50.89,
        "diameter_m": 0.8,
        "slope": 0.0086,
        "roughness_n": 0.013,
        "capacity_m3s": 1.226,
        "blockage_pct": 0.0,
        "channel_type": "roadside_storm_drain"
      }
    },
    {
      "type": "Feature",
      "geometry": {
        "type": "LineString",
        "coordinates": [
          [
            77.615686,
            12.935317
          ],
          [
            77.615319,
            12.93584
          ]
        ]
      },
      "properties": {
        "id": "DE-00007",
        "from_node": "DN-00013",
        "to_node": "DN-00014",
        "length_m": 70.46,
        "diameter_m": 0.8,
        "slope": 0.001,
        "roughness_n": 0.013,
        "capacity_m3s": 0.418,
        "blockage_pct": 0.0,
        "channel_type": "roadside_storm_drain"
      }
    },
    {
      "type": "Feature",
      "geometry": {
        "type": "LineString",
        "coordinates": [
          [
            77.615319,
            12.93584
          ],
          [
            77.615274,
            12.935906
          ]
        ]
      },
      "properties": {
        "id": "DE-00008",
        "from_node": "DN-00015",
        "to_node": "DN-00016",
        "length_m": 8.81,
        "diameter_m": 0.8,
        "slope": 0.001,
        "roughness_n": 0.013,
        "capacity_m3s": 0.418,
        "blockage_pct": 0.0,
        "channel_type": "roadside_storm_drain"
      }
    },
    {
      "type": "Feature",
      "geometry": {
        "type": "LineString",
        "coordinates": [
          [
            77.612719,
            12.934624
          ],
          [
            77.614955,
            12.935738
          ]
        ]
      },
      "properties": {
        "id": "DE-00009",
        "from_node": "DN-00017",
        "to_node": "DN-00018",
        "length_m": 272.16,
        "diameter_m": 0.8,
        "slope": 0.0114,
        "roughness_n": 0.013,
        "capacity_m3s": 1.412,
        "blockage_pct": 0.0,
        "channel_type": "roadside_storm_drain"
      }
    },
    {
      "type": "Feature",
      "geometry": {
        "type": "LineString",
        "coordinates": [
          [
            77.618653,
            12.937771
          ],
          [
            77.620327,
            12.936745
          ]
        ]
      },
      "properties": {
        "id": "DE-00010",
        "from_node": "DN-00019",
        "to_node": "DN-00020",
        "length_m": 214.33,
        "diameter_m": 0.8,
        "slope": 0.0091,
        "roughness_n": 0.013,
        "capacity_m3s": 1.261,
        "blockage_pct": 0.0,
        "channel_type": "roadside_storm_drain"
      }
    },
    {
      "type": "Feature",
      "geometry": {
        "type": "LineString",
        "coordinates": [
          [
            77.618584,
            12.937803
          ],
          [
            77.618653,
            12.937771
          ]
        ]
      },
      "properties": {
        "id": "DE-00011",
        "from_node": "DN-00021",
        "to_node": "DN-00022",
        "length_m": 8.28,
        "diameter_m": 0.8,
        "slope": 0.0012,
        "roughness_n": 0.013,
        "capacity_m3s": 0.458,
        "blockage_pct": 0.0,
        "channel_type": "roadside_storm_drain"
      }
    },
    {
      "type": "Feature",
      "geometry": {
        "type": "LineString",
        "coordinates": [
          [
            77.620327,
            12.936745
          ],
          [
            77.62229,
            12.939703
          ]
        ]
      },
      "properties": {
        "id": "DE-00012",
        "from_node": "DN-00023",
        "to_node": "DN-00024",
        "length_m": 395.05,
        "diameter_m": 0.8,
        "slope": 0.0164,
        "roughness_n": 0.013,
        "capacity_m3s": 1.693,
        "blockage_pct": 0.0,
        "channel_type": "roadside_storm_drain"
      }
    },
    {
      "type": "Feature",
      "geometry": {
        "type": "LineString",
        "coordinates": [
          [
            77.623801,
            12.934585
          ],
          [
            77.623892,
            12.934527
          ]
        ]
      },
      "properties": {
        "id": "DE-00013",
        "from_node": "DN-00025",
        "to_node": "DN-00026",
        "length_m": 11.78,
        "diameter_m": 0.8,
        "slope": 0.001,
        "roughness_n": 0.013,
        "capacity_m3s": 0.418,
        "blockage_pct": 0.0,
        "channel_type": "roadside_storm_drain"
      }
    },
    {
      "type": "Feature",
      "geometry": {
        "type": "LineString",
        "coordinates": [
          [
            77.624371,
            12.935241
          ],
          [
            77.625411,
            12.936113
          ]
        ]
      },
      "properties": {
        "id": "DE-00014",
        "from_node": "DN-00027",
        "to_node": "DN-00028",
        "length_m": 148.68,
        "diameter_m": 0.8,
        "slope": 0.005,
        "roughness_n": 0.013,
        "capacity_m3s": 0.935,
        "blockage_pct": 0.0,
        "channel_type": "roadside_storm_drain"
      }
    },
    {
      "type": "Feature",
      "geometry": {
        "type": "LineString",
        "coordinates": [
          [
            77.624441,
            12.93519
          ],
          [
            77.623892,
            12.934527
          ]
        ]
      },
      "properties": {
        "id": "DE-00015",
        "from_node": "DN-00029",
        "to_node": "DN-00030",
        "length_m": 95.26,
        "diameter_m": 0.8,
        "slope": 0.001,
        "roughness_n": 0.013,
        "capacity_m3s": 0.418,
        "blockage_pct": 0.0,
        "channel_type": "roadside_storm_drain"
      }
    },
    {
      "type": "Feature",
      "geometry": {
        "type": "LineString",
        "coordinates": [
          [
            77.625149,
            12.9257
          ],
          [
            77.620991,
            12.927464
          ]
        ]
      },
      "properties": {
        "id": "DE-00016",
        "from_node": "DN-00031",
        "to_node": "DN-00032",
        "length_m": 491.49,
        "diameter_m": 0.8,
        "slope": 0.0045,
        "roughness_n": 0.013,
        "capacity_m3s": 0.887,
        "blockage_pct": 0.0,
        "channel_type": "roadside_storm_drain"
      }
    },
    {
      "type": "Feature",
      "geometry": {
        "type": "LineString",
        "coordinates": [
          [
            77.620991,
            12.927464
          ],
          [
            77.620969,
            12.927409
          ]
        ]
      },
      "properties": {
        "id": "DE-00017",
        "from_node": "DN-00033",
        "to_node": "DN-00034",
        "length_m": 6.56,
        "diameter_m": 0.8,
        "slope": 0.001,
        "roughness_n": 0.013,
        "capacity_m3s": 0.418,
        "blockage_pct": 0.0,
        "channel_type": "roadside_storm_drain"
      }
    },
    {
      "type": "Feature",
      "geometry": {
        "type": "LineString",
        "coordinates": [
          [
            77.626937,
            12.937333
          ],
          [
            77.627005,
            12.937249
          ]
        ]
      },
      "properties": {
        "id": "DE-00018",
        "from_node": "DN-00035",
        "to_node": "DN-00036",
        "length_m": 11.9,
        "diameter_m": 0.8,
        "slope": 0.001,
        "roughness_n": 0.013,
        "capacity_m3s": 0.418,
        "blockage_pct": 0.0,
        "channel_type": "roadside_storm_drain"
      }
    },
    {
      "type": "Feature",
      "geometry": {
        "type": "LineString",
        "coordinates": [
          [
            77.637405,
            12.925257
          ],
          [
            77.634674,
            12.929284
          ]
        ]
      },
      "properties": {
        "id": "DE-00019",
        "from_node": "DN-00037",
        "to_node": "DN-00038",
        "length_m": 636.97,
        "diameter_m": 0.8,
        "slope": 0.0016,
        "roughness_n": 0.013,
        "capacity_m3s": 0.529,
        "blockage_pct": 0.0,
        "channel_type": "roadside_storm_drain"
      }
    },
    {
      "type": "Feature",
      "geometry": {
        "type": "LineString",
        "coordinates": [
          [
            77.637405,
            12.925257
          ],
          [
            77.634674,
            12.929284
          ]
        ]
      },
      "properties": {
        "id": "DE-00020",
        "from_node": "DN-00039",
        "to_node": "DN-00040",
        "length_m": 636.97,
        "diameter_m": 0.8,
        "slope": 0.0016,
        "roughness_n": 0.013,
        "capacity_m3s": 0.529,
        "blockage_pct": 0.0,
        "channel_type": "roadside_storm_drain"
      }
    },
    {
      "type": "Feature",
      "geometry": {
        "type": "LineString",
        "coordinates": [
          [
            77.633636,
            12.925004
          ],
          [
            77.637405,
            12.925257
          ]
        ]
      },
      "properties": {
        "id": "DE-00021",
        "from_node": "DN-00041",
        "to_node": "DN-00042",
        "length_m": 416.64,
        "diameter_m": 0.8,
        "slope": 0.0062,
        "roughness_n": 0.013,
        "capacity_m3s": 1.041,
        "blockage_pct": 0.0,
        "channel_type": "roadside_storm_drain"
      }
    },
    {
      "type": "Feature",
      "geometry": {
        "type": "LineString",
        "coordinates": [
          [
            77.637395,
            12.925166
          ],
          [
            77.639196,
            12.924208
          ]
        ]
      },
      "properties": {
        "id": "DE-00022",
        "from_node": "DN-00043",
        "to_node": "DN-00044",
        "length_m": 223.21,
        "diameter_m": 0.8,
        "slope": 0.012,
        "roughness_n": 0.013,
        "capacity_m3s": 1.449,
        "blockage_pct": 0.0,
        "channel_type": "roadside_storm_drain"
      }
    },
    {
      "type": "Feature",
      "geometry": {
        "type": "LineString",
        "coordinates": [
          [
            77.644793,
            12.915648
          ],
          [
            77.644858,
            12.917178
          ]
        ]
      },
      "properties": {
        "id": "DE-00023",
        "from_node": "DN-00045",
        "to_node": "DN-00046",
        "length_m": 170.27,
        "diameter_m": 0.8,
        "slope": 0.001,
        "roughness_n": 0.013,
        "capacity_m3s": 0.418,
        "blockage_pct": 0.0,
        "channel_type": "roadside_storm_drain"
      }
    },
    {
      "type": "Feature",
      "geometry": {
        "type": "LineString",
        "coordinates": [
          [
            77.648999,
            12.915773
          ],
          [
            77.644793,
            12.915648
          ]
        ]
      },
      "properties": {
        "id": "DE-00024",
        "from_node": "DN-00047",
        "to_node": "DN-00048",
        "length_m": 456.11,
        "diameter_m": 0.8,
        "slope": 0.0104,
        "roughness_n": 0.013,
        "capacity_m3s": 1.349,
        "blockage_pct": 0.0,
        "channel_type": "roadside_storm_drain"
      }
    },
    {
      "type": "Feature",
      "geometry": {
        "type": "LineString",
        "coordinates": [
          [
            77.648999,
            12.915773
          ],
          [
            77.649238,
            12.919515
          ]
        ]
      },
      "properties": {
        "id": "DE-00025",
        "from_node": "DN-00049",
        "to_node": "DN-00050",
        "length_m": 417.54,
        "diameter_m": 0.8,
        "slope": 0.0027,
        "roughness_n": 0.013,
        "capacity_m3s": 0.687,
        "blockage_pct": 0.0,
        "channel_type": "roadside_storm_drain"
      }
    },
    {
      "type": "Feature",
      "geometry": {
        "type": "LineString",
        "coordinates": [
          [
            77.651708,
            12.91585
          ],
          [
            77.648999,
            12.915773
          ]
        ]
      },
      "properties": {
        "id": "DE-00026",
        "from_node": "DN-00051",
        "to_node": "DN-00052",
        "length_m": 293.73,
        "diameter_m": 0.8,
        "slope": 0.0126,
        "roughness_n": 0.013,
        "capacity_m3s": 1.484,
        "blockage_pct": 0.0,
        "channel_type": "roadside_storm_drain"
      }
    },
    {
      "type": "Feature",
      "geometry": {
        "type": "LineString",
        "coordinates": [
          [
            77.651698,
            12.916143
          ],
          [
            77.651708,
            12.91585
          ]
        ]
      },
      "properties": {
        "id": "DE-00027",
        "from_node": "DN-00053",
        "to_node": "DN-00054",
        "length_m": 32.6,
        "diameter_m": 0.8,
        "slope": 0.0037,
        "roughness_n": 0.013,
        "capacity_m3s": 0.804,
        "blockage_pct": 0.0,
        "channel_type": "roadside_storm_drain"
      }
    },
    {
      "type": "Feature",
      "geometry": {
        "type": "LineString",
        "coordinates": [
          [
            77.676804,
            12.914143
          ],
          [
            77.677625,
            12.913915
          ]
        ]
      },
      "properties": {
        "id": "DE-00028",
        "from_node": "DN-00055",
        "to_node": "DN-00056",
        "length_m": 92.52,
        "diameter_m": 0.8,
        "slope": 0.001,
        "roughness_n": 0.013,
        "capacity_m3s": 0.418,
        "blockage_pct": 0.0,
        "channel_type": "roadside_storm_drain"
      }
    },
    {
      "type": "Feature",
      "geometry": {
        "type": "LineString",
        "coordinates": [
          [
            77.651849,
            12.908537
          ],
          [
            77.65067,
            12.90863
          ]
        ]
      },
      "properties": {
        "id": "DE-00029",
        "from_node": "DN-00057",
        "to_node": "DN-00058",
        "length_m": 128.2,
        "diameter_m": 0.8,
        "slope": 0.013,
        "roughness_n": 0.013,
        "capacity_m3s": 1.508,
        "blockage_pct": 0.0,
        "channel_type": "roadside_storm_drain"
      }
    },
    {
      "type": "Feature",
      "geometry": {
        "type": "LineString",
        "coordinates": [
          [
            77.651849,
            12.908537
          ],
          [
            77.651871,
            12.911365
          ]
        ]
      },
      "properties": {
        "id": "DE-00030",
        "from_node": "DN-00059",
        "to_node": "DN-00060",
        "length_m": 314.58,
        "diameter_m": 0.8,
        "slope": 0.0137,
        "roughness_n": 0.013,
        "capacity_m3s": 1.548,
        "blockage_pct": 0.0,
        "channel_type": "roadside_storm_drain"
      }
    },
    {
      "type": "Feature",
      "geometry": {
        "type": "LineString",
        "coordinates": [
          [
            77.65067,
            12.90863
          ],
          [
            77.649349,
            12.908735
          ]
        ]
      },
      "properties": {
        "id": "DE-00031",
        "from_node": "DN-00061",
        "to_node": "DN-00062",
        "length_m": 143.65,
        "diameter_m": 0.8,
        "slope": 0.0116,
        "roughness_n": 0.013,
        "capacity_m3s": 1.424,
        "blockage_pct": 0.0,
        "channel_type": "roadside_storm_drain"
      }
    },
    {
      "type": "Feature",
      "geometry": {
        "type": "LineString",
        "coordinates": [
          [
            77.638128,
            12.912339
          ],
          [
            77.638187,
            12.914449
          ]
        ]
      },
      "properties": {
        "id": "DE-00032",
        "from_node": "DN-00063",
        "to_node": "DN-00064",
        "length_m": 234.75,
        "diameter_m": 0.8,
        "slope": 0.0044,
        "roughness_n": 0.013,
        "capacity_m3s": 0.877,
        "blockage_pct": 0.0,
        "channel_type": "roadside_storm_drain"
      }
    },
    {
      "type": "Feature",
      "geometry": {
        "type": "LineString",
        "coordinates": [
          [
            77.638128,
            12.912339
          ],
          [
            77.638127,
            12.912269
          ]
        ]
      },
      "properties": {
        "id": "DE-00033",
        "from_node": "DN-00065",
        "to_node": "DN-00066",
        "length_m": 7.78,
        "diameter_m": 0.8,
        "slope": 0.001,
        "roughness_n": 0.013,
        "capacity_m3s": 0.418,
        "blockage_pct": 0.0,
        "channel_type": "roadside_storm_drain"
      }
    },
    {
      "type": "Feature",
      "geometry": {
        "type": "LineString",
        "coordinates": [
          [
            77.641362,
            12.909239
          ],
          [
            77.641227,
            12.905499
          ]
        ]
      },
      "properties": {
        "id": "DE-00034",
        "from_node": "DN-00067",
        "to_node": "DN-00068",
        "length_m": 416.13,
        "diameter_m": 0.8,
        "slope": 0.0013,
        "roughness_n": 0.013,
        "capacity_m3s": 0.477,
        "blockage_pct": 0.0,
        "channel_type": "roadside_storm_drain"
      }
    },
    {
      "type": "Feature",
      "geometry": {
        "type": "LineString",
        "coordinates": [
          [
            77.641362,
            12.909239
          ],
          [
            77.63804,
            12.909282
          ]
        ]
      },
      "properties": {
        "id": "DE-00035",
        "from_node": "DN-00069",
        "to_node": "DN-00070",
        "length_m": 360.09,
        "diameter_m": 0.8,
        "slope": 0.013,
        "roughness_n": 0.013,
        "capacity_m3s": 1.508,
        "blockage_pct": 0.0,
        "channel_type": "roadside_storm_drain"
      }
    },
    {
      "type": "Feature",
      "geometry": {
        "type": "LineString",
        "coordinates": [
          [
            77.644356,
            12.904745
          ],
          [
            77.641227,
            12.905499
          ]
        ]
      },
      "properties": {
        "id": "DE-00036",
        "from_node": "DN-00071",
        "to_node": "DN-00072",
        "length_m": 349.91,
        "diameter_m": 0.8,
        "slope": 0.0089,
        "roughness_n": 0.013,
        "capacity_m3s": 1.248,
        "blockage_pct": 0.0,
        "channel_type": "roadside_storm_drain"
      }
    },
    {
      "type": "Feature",
      "geometry": {
        "type": "LineString",
        "coordinates": [
          [
            77.642158,
            12.954685
          ],
          [
            77.644798,
            12.950667
          ]
        ]
      },
      "properties": {
        "id": "DE-00037",
        "from_node": "DN-00073",
        "to_node": "DN-00074",
        "length_m": 612.38,
        "diameter_m": 0.8,
        "slope": 0.0018,
        "roughness_n": 0.013,
        "capacity_m3s": 0.561,
        "blockage_pct": 0.0,
        "channel_type": "roadside_storm_drain"
      }
    },
    {
      "type": "Feature",
      "geometry": {
        "type": "LineString",
        "coordinates": [
          [
            77.64481,
            12.95059
          ],
          [
            77.644798,
            12.950667
          ]
        ]
      },
      "properties": {
        "id": "DE-00038",
        "from_node": "DN-00075",
        "to_node": "DN-00076",
        "length_m": 8.76,
        "diameter_m": 0.8,
        "slope": 0.0445,
        "roughness_n": 0.013,
        "capacity_m3s": 2.79,
        "blockage_pct": 0.0,
        "channel_type": "roadside_storm_drain"
      }
    },
    {
      "type": "Feature",
      "geometry": {
        "type": "LineString",
        "coordinates": [
          [
            77.676232,
            12.930014
          ],
          [
            77.675663,
            12.93057
          ]
        ]
      },
      "properties": {
        "id": "DE-00039",
        "from_node": "DN-00077",
        "to_node": "DN-00078",
        "length_m": 102.61,
        "diameter_m": 0.8,
        "slope": 0.0032,
        "roughness_n": 0.013,
        "capacity_m3s": 0.748,
        "blockage_pct": 0.0,
        "channel_type": "roadside_storm_drain"
      }
    },
    {
      "type": "Feature",
      "geometry": {
        "type": "LineString",
        "coordinates": [
          [
            77.676433,
            12.930012
          ],
          [
            77.678408,
            12.930314
          ]
        ]
      },
      "properties": {
        "id": "DE-00040",
        "from_node": "DN-00079",
        "to_node": "DN-00080",
        "length_m": 219.41,
        "diameter_m": 0.8,
        "slope": 0.0113,
        "roughness_n": 0.013,
        "capacity_m3s": 1.406,
        "blockage_pct": 0.0,
        "channel_type": "roadside_storm_drain"
      }
    },
    {
      "type": "Feature",
      "geometry": {
        "type": "LineString",
        "coordinates": [
          [
            77.676118,
            12.925606
          ],
          [
            77.676166,
            12.925788
          ]
        ]
      },
      "properties": {
        "id": "DE-00041",
        "from_node": "DN-00081",
        "to_node": "DN-00082",
        "length_m": 20.9,
        "diameter_m": 0.8,
        "slope": 0.0182,
        "roughness_n": 0.013,
        "capacity_m3s": 1.784,
        "blockage_pct": 0.0,
        "channel_type": "roadside_storm_drain"
      }
    },
    {
      "type": "Feature",
      "geometry": {
        "type": "LineString",
        "coordinates": [
          [
            77.675935,
            12.924853
          ],
          [
            77.676118,
            12.925606
          ]
        ]
      },
      "properties": {
        "id": "DE-00042",
        "from_node": "DN-00083",
        "to_node": "DN-00084",
        "length_m": 86.05,
        "diameter_m": 0.8,
        "slope": 0.0135,
        "roughness_n": 0.013,
        "capacity_m3s": 1.536,
        "blockage_pct": 0.0,
        "channel_type": "roadside_storm_drain"
      }
    },
    {
      "type": "Feature",
      "geometry": {
        "type": "LineString",
        "coordinates": [
          [
            77.676166,
            12.925788
          ],
          [
            77.676231,
            12.926016
          ]
        ]
      },
      "properties": {
        "id": "DE-00043",
        "from_node": "DN-00085",
        "to_node": "DN-00086",
        "length_m": 26.36,
        "diameter_m": 0.8,
        "slope": 0.0144,
        "roughness_n": 0.013,
        "capacity_m3s": 1.587,
        "blockage_pct": 0.0,
        "channel_type": "roadside_storm_drain"
      }
    },
    {
      "type": "Feature",
      "geometry": {
        "type": "LineString",
        "coordinates": [
          [
            77.678591,
            12.930452
          ],
          [
            77.67859,
            12.930506
          ]
        ]
      },
      "properties": {
        "id": "DE-00044",
        "from_node": "DN-00087",
        "to_node": "DN-00088",
        "length_m": 6.01,
        "diameter_m": 0.8,
        "slope": 0.001,
        "roughness_n": 0.013,
        "capacity_m3s": 0.418,
        "blockage_pct": 0.0,
        "channel_type": "roadside_storm_drain"
      }
    },
    {
      "type": "Feature",
      "geometry": {
        "type": "LineString",
        "coordinates": [
          [
            77.678954,
            12.92981
          ],
          [
            77.678591,
            12.930452
          ]
        ]
      },
      "properties": {
        "id": "DE-00045",
        "from_node": "DN-00089",
        "to_node": "DN-00090",
        "length_m": 85.13,
        "diameter_m": 0.8,
        "slope": 0.0016,
        "roughness_n": 0.013,
        "capacity_m3s": 0.529,
        "blockage_pct": 0.0,
        "channel_type": "roadside_storm_drain"
      }
    },
    {
      "type": "Feature",
      "geometry": {
        "type": "LineString",
        "coordinates": [
          [
            77.67859,
            12.930506
          ],
          [
            77.678516,
            12.930696
          ]
        ]
      },
      "properties": {
        "id": "DE-00046",
        "from_node": "DN-00091",
        "to_node": "DN-00092",
        "length_m": 22.6,
        "diameter_m": 0.8,
        "slope": 0.0133,
        "roughness_n": 0.013,
        "capacity_m3s": 1.525,
        "blockage_pct": 0.0,
        "channel_type": "roadside_storm_drain"
      }
    },
    {
      "type": "Feature",
      "geometry": {
        "type": "LineString",
        "coordinates": [
          [
            77.67859,
            12.930506
          ],
          [
            77.678516,
            12.930696
          ]
        ]
      },
      "properties": {
        "id": "DE-00047",
        "from_node": "DN-00088",
        "to_node": "DN-00093",
        "length_m": 22.6,
        "diameter_m": 0.8,
        "slope": 0.0133,
        "roughness_n": 0.013,
        "capacity_m3s": 1.525,
        "blockage_pct": 0.0,
        "channel_type": "roadside_storm_drain"
      }
    },
    {
      "type": "Feature",
      "geometry": {
        "type": "LineString",
        "coordinates": [
          [
            77.679518,
            12.942201
          ],
          [
            77.678351,
            12.930807
          ]
        ]
      },
      "properties": {
        "id": "DE-00048",
        "from_node": "DN-00094",
        "to_node": "DN-00095",
        "length_m": 1446.16,
        "diameter_m": 0.8,
        "slope": 0.0017,
        "roughness_n": 0.013,
        "capacity_m3s": 0.545,
        "blockage_pct": 0.0,
        "channel_type": "roadside_storm_drain"
      }
    },
    {
      "type": "Feature",
      "geometry": {
        "type": "LineString",
        "coordinates": [
          [
            77.679518,
            12.942201
          ],
          [
            77.678351,
            12.930807
          ]
        ]
      },
      "properties": {
        "id": "DE-00049",
        "from_node": "DN-00096",
        "to_node": "DN-00097",
        "length_m": 1446.16,
        "diameter_m": 0.8,
        "slope": 0.0017,
        "roughness_n": 0.013,
        "capacity_m3s": 0.545,
        "blockage_pct": 0.0,
        "channel_type": "roadside_storm_drain"
      }
    },
    {
      "type": "Feature",
      "geometry": {
        "type": "LineString",
        "coordinates": [
          [
            77.680304,
            12.944168
          ],
          [
            77.680425,
            12.943847
          ]
        ]
      },
      "properties": {
        "id": "DE-00050",
        "from_node": "DN-00098",
        "to_node": "DN-00099",
        "length_m": 38.08,
        "diameter_m": 0.8,
        "slope": 0.0255,
        "roughness_n": 0.013,
        "capacity_m3s": 2.112,
        "blockage_pct": 0.0,
        "channel_type": "roadside_storm_drain"
      }
    },
    {
      "type": "Feature",
      "geometry": {
        "type": "LineString",
        "coordinates": [
          [
            77.64938,
            12.94742
          ],
          [
            77.649435,
            12.947375
          ]
        ]
      },
      "properties": {
        "id": "DE-00051",
        "from_node": "DN-00100",
        "to_node": "DN-00101",
        "length_m": 7.78,
        "diameter_m": 0.8,
        "slope": 0.0707,
        "roughness_n": 0.013,
        "capacity_m3s": 3.516,
        "blockage_pct": 0.0,
        "channel_type": "roadside_storm_drain"
      }
    },
    {
      "type": "Feature",
      "geometry": {
        "type": "LineString",
        "coordinates": [
          [
            77.649409,
            12.947271
          ],
          [
            77.649435,
            12.947375
          ]
        ]
      },
      "properties": {
        "id": "DE-00052",
        "from_node": "DN-00102",
        "to_node": "DN-00103",
        "length_m": 11.9,
        "diameter_m": 0.8,
        "slope": 0.1034,
        "roughness_n": 0.013,
        "capacity_m3s": 4.252,
        "blockage_pct": 0.0,
        "channel_type": "roadside_storm_drain"
      }
    },
    {
      "type": "Feature",
      "geometry": {
        "type": "LineString",
        "coordinates": [
          [
            77.650581,
            12.947381
          ],
          [
            77.650766,
            12.947401
          ]
        ]
      },
      "properties": {
        "id": "DE-00053",
        "from_node": "DN-00104",
        "to_node": "DN-00105",
        "length_m": 20.17,
        "diameter_m": 0.8,
        "slope": 0.0074,
        "roughness_n": 0.013,
        "capacity_m3s": 1.138,
        "blockage_pct": 0.0,
        "channel_type": "roadside_storm_drain"
      }
    },
    {
      "type": "Feature",
      "geometry": {
        "type": "LineString",
        "coordinates": [
          [
            77.622828,
            12.917374
          ],
          [
            77.622926,
            12.917395
          ]
        ]
      },
      "properties": {
        "id": "DE-00054",
        "from_node": "DN-00106",
        "to_node": "DN-00107",
        "length_m": 10.87,
        "diameter_m": 0.8,
        "slope": 0.001,
        "roughness_n": 0.013,
        "capacity_m3s": 0.418,
        "blockage_pct": 0.0,
        "channel_type": "roadside_storm_drain"
      }
    },
    {
      "type": "Feature",
      "geometry": {
        "type": "LineString",
        "coordinates": [
          [
            77.626942,
            12.937197
          ],
          [
            77.626874,
            12.937281
          ]
        ]
      },
      "properties": {
        "id": "DE-00055",
        "from_node": "DN-00108",
        "to_node": "DN-00109",
        "length_m": 11.9,
        "diameter_m": 0.8,
        "slope": 0.001,
        "roughness_n": 0.013,
        "capacity_m3s": 0.418,
        "blockage_pct": 0.0,
        "channel_type": "roadside_storm_drain"
      }
    },
    {
      "type": "Feature",
      "geometry": {
        "type": "LineString",
        "coordinates": [
          [
            77.611019,
            12.936908
          ],
          [
            77.614885,
            12.936456
          ]
        ]
      },
      "properties": {
        "id": "DE-00056",
        "from_node": "DN-00110",
        "to_node": "DN-00111",
        "length_m": 429.26,
        "diameter_m": 0.8,
        "slope": 0.0069,
        "roughness_n": 0.013,
        "capacity_m3s": 1.098,
        "blockage_pct": 0.0,
        "channel_type": "roadside_storm_drain"
      }
    },
    {
      "type": "Feature",
      "geometry": {
        "type": "LineString",
        "coordinates": [
          [
            77.611019,
            12.936908
          ],
          [
            77.614885,
            12.936456
          ]
        ]
      },
      "properties": {
        "id": "DE-00057",
        "from_node": "DN-00112",
        "to_node": "DN-00113",
        "length_m": 429.26,
        "diameter_m": 0.8,
        "slope": 0.0069,
        "roughness_n": 0.013,
        "capacity_m3s": 1.098,
        "blockage_pct": 0.0,
        "channel_type": "roadside_storm_drain"
      }
    },
    {
      "type": "Feature",
      "geometry": {
        "type": "LineString",
        "coordinates": [
          [
            77.61354,
            12.932504
          ],
          [
            77.616228,
            12.933882
          ]
        ]
      },
      "properties": {
        "id": "DE-00058",
        "from_node": "DN-00114",
        "to_node": "DN-00115",
        "length_m": 329.32,
        "diameter_m": 0.8,
        "slope": 0.0153,
        "roughness_n": 0.013,
        "capacity_m3s": 1.636,
        "blockage_pct": 0.0,
        "channel_type": "roadside_storm_drain"
      }
    },
    {
      "type": "Feature",
      "geometry": {
        "type": "LineString",
        "coordinates": [
          [
            77.61354,
            12.932504
          ],
          [
            77.613814,
            12.931971
          ]
        ]
      },
      "properties": {
        "id": "DE-00059",
        "from_node": "DN-00116",
        "to_node": "DN-00117",
        "length_m": 66.29,
        "diameter_m": 0.8,
        "slope": 0.0118,
        "roughness_n": 0.013,
        "capacity_m3s": 1.436,
        "blockage_pct": 0.0,
        "channel_type": "roadside_storm_drain"
      }
    },
    {
      "type": "Feature",
      "geometry": {
        "type": "LineString",
        "coordinates": [
          [
            77.613299,
            12.932953
          ],
          [
            77.612825,
            12.933879
          ]
        ]
      },
      "properties": {
        "id": "DE-00060",
        "from_node": "DN-00118",
        "to_node": "DN-00119",
        "length_m": 115.07,
        "diameter_m": 0.8,
        "slope": 0.01,
        "roughness_n": 0.013,
        "capacity_m3s": 1.322,
        "blockage_pct": 0.0,
        "channel_type": "roadside_storm_drain"
      }
    },
    {
      "type": "Feature",
      "geometry": {
        "type": "LineString",
        "coordinates": [
          [
            77.613299,
            12.932953
          ],
          [
            77.61354,
            12.932504
          ]
        ]
      },
      "properties": {
        "id": "DE-00061",
        "from_node": "DN-00120",
        "to_node": "DN-00121",
        "length_m": 56.35,
        "diameter_m": 0.8,
        "slope": 0.0087,
        "roughness_n": 0.013,
        "capacity_m3s": 1.233,
        "blockage_pct": 0.0,
        "channel_type": "roadside_storm_drain"
      }
    },
    {
      "type": "Feature",
      "geometry": {
        "type": "LineString",
        "coordinates": [
          [
            77.612799,
            12.93025
          ],
          [
            77.614985,
            12.929538
          ]
        ]
      },
      "properties": {
        "id": "DE-00062",
        "from_node": "DN-00122",
        "to_node": "DN-00123",
        "length_m": 256.53,
        "diameter_m": 0.8,
        "slope": 0.0065,
        "roughness_n": 0.013,
        "capacity_m3s": 1.066,
        "blockage_pct": 0.0,
        "channel_type": "roadside_storm_drain"
      }
    },
    {
      "type": "Feature",
      "geometry": {
        "type": "LineString",
        "coordinates": [
          [
            77.609819,
            12.930916
          ],
          [
            77.608758,
            12.925802
          ]
        ]
      },
      "properties": {
        "id": "DE-00063",
        "from_node": "DN-00124",
        "to_node": "DN-00125",
        "length_m": 580.66,
        "diameter_m": 0.8,
        "slope": 0.0204,
        "roughness_n": 0.013,
        "capacity_m3s": 1.889,
        "blockage_pct": 0.0,
        "channel_type": "roadside_storm_drain"
      }
    },
    {
      "type": "Feature",
      "geometry": {
        "type": "LineString",
        "coordinates": [
          [
            77.609819,
            12.930916
          ],
          [
            77.609861,
            12.931103
          ]
        ]
      },
      "properties": {
        "id": "DE-00064",
        "from_node": "DN-00126",
        "to_node": "DN-00127",
        "length_m": 21.29,
        "diameter_m": 0.8,
        "slope": 0.001,
        "roughness_n": 0.013,
        "capacity_m3s": 0.418,
        "blockage_pct": 0.0,
        "channel_type": "roadside_storm_drain"
      }
    },
    {
      "type": "Feature",
      "geometry": {
        "type": "LineString",
        "coordinates": [
          [
            77.608758,
            12.925802
          ],
          [
            77.608826,
            12.925075
          ]
        ]
      },
      "properties": {
        "id": "DE-00065",
        "from_node": "DN-00128",
        "to_node": "DN-00129",
        "length_m": 82.46,
        "diameter_m": 0.8,
        "slope": 0.0243,
        "roughness_n": 0.013,
        "capacity_m3s": 2.061,
        "blockage_pct": 0.0,
        "channel_type": "roadside_storm_drain"
      }
    },
    {
      "type": "Feature",
      "geometry": {
        "type": "LineString",
        "coordinates": [
          [
            77.607514,
            12.936051
          ],
          [
            77.607359,
            12.931362
          ]
        ]
      },
      "properties": {
        "id": "DE-00066",
        "from_node": "DN-00130",
        "to_node": "DN-00131",
        "length_m": 522.67,
        "diameter_m": 0.8,
        "slope": 0.0098,
        "roughness_n": 0.013,
        "capacity_m3s": 1.309,
        "blockage_pct": 0.0,
        "channel_type": "roadside_storm_drain"
      }
    },
    {
      "type": "Feature",
      "geometry": {
        "type": "LineString",
        "coordinates": [
          [
            77.607514,
            12.936051
          ],
          [
            77.607359,
            12.931362
          ]
        ]
      },
      "properties": {
        "id": "DE-00067",
        "from_node": "DN-00132",
        "to_node": "DN-00133",
        "length_m": 522.67,
        "diameter_m": 0.8,
        "slope": 0.0098,
        "roughness_n": 0.013,
        "capacity_m3s": 1.309,
        "blockage_pct": 0.0,
        "channel_type": "roadside_storm_drain"
      }
    },
    {
      "type": "Feature",
      "geometry": {
        "type": "LineString",
        "coordinates": [
          [
            77.607359,
            12.931362
          ],
          [
            77.60674,
            12.930931
          ]
        ]
      },
      "properties": {
        "id": "DE-00068",
        "from_node": "DN-00134",
        "to_node": "DN-00135",
        "length_m": 106.39,
        "diameter_m": 0.8,
        "slope": 0.0049,
        "roughness_n": 0.013,
        "capacity_m3s": 0.926,
        "blockage_pct": 0.0,
        "channel_type": "roadside_storm_drain"
      }
    },
    {
      "type": "Feature",
      "geometry": {
        "type": "LineString",
        "coordinates": [
          [
            77.600741,
            12.931251
          ],
          [
            77.60674,
            12.930931
          ]
        ]
      },
      "properties": {
        "id": "DE-00069",
        "from_node": "DN-00136",
        "to_node": "DN-00137",
        "length_m": 655.14,
        "diameter_m": 0.8,
        "slope": 0.001,
        "roughness_n": 0.013,
        "capacity_m3s": 0.418,
        "blockage_pct": 0.0,
        "channel_type": "roadside_storm_drain"
      }
    },
    {
      "type": "Feature",
      "geometry": {
        "type": "LineString",
        "coordinates": [
          [
            77.632363,
            12.91378
          ],
          [
            77.632361,
            12.91385
          ]
        ]
      },
      "properties": {
        "id": "DE-00070",
        "from_node": "DN-00138",
        "to_node": "DN-00139",
        "length_m": 7.79,
        "diameter_m": 0.8,
        "slope": 0.001,
        "roughness_n": 0.013,
        "capacity_m3s": 0.418,
        "blockage_pct": 0.0,
        "channel_type": "roadside_storm_drain"
      }
    },
    {
      "type": "Feature",
      "geometry": {
        "type": "LineString",
        "coordinates": [
          [
            77.626969,
            12.914168
          ],
          [
            77.624982,
            12.917256
          ]
        ]
      },
      "properties": {
        "id": "DE-00071",
        "from_node": "DN-00140",
        "to_node": "DN-00141",
        "length_m": 405.43,
        "diameter_m": 0.8,
        "slope": 0.0022,
        "roughness_n": 0.013,
        "capacity_m3s": 0.62,
        "blockage_pct": 0.0,
        "channel_type": "roadside_storm_drain"
      }
    },
    {
      "type": "Feature",
      "geometry": {
        "type": "LineString",
        "coordinates": [
          [
            77.648993,
            12.914428
          ],
          [
            77.648993,
            12.91437
          ]
        ]
      },
      "properties": {
        "id": "DE-00072",
        "from_node": "DN-00142",
        "to_node": "DN-00143",
        "length_m": 6.45,
        "diameter_m": 0.8,
        "slope": 0.0434,
        "roughness_n": 0.013,
        "capacity_m3s": 2.755,
        "blockage_pct": 0.0,
        "channel_type": "roadside_storm_drain"
      }
    },
    {
      "type": "Feature",
      "geometry": {
        "type": "LineString",
        "coordinates": [
          [
            77.64899,
            12.914031
          ],
          [
            77.648981,
            12.913239
          ]
        ]
      },
      "properties": {
        "id": "DE-00073",
        "from_node": "DN-00144",
        "to_node": "DN-00145",
        "length_m": 88.07,
        "diameter_m": 0.8,
        "slope": 0.0018,
        "roughness_n": 0.013,
        "capacity_m3s": 0.561,
        "blockage_pct": 0.0,
        "channel_type": "roadside_storm_drain"
      }
    },
    {
      "type": "Feature",
      "geometry": {
        "type": "LineString",
        "coordinates": [
          [
            77.651642,
            12.919374
          ],
          [
            77.651633,
            12.919694
          ]
        ]
      },
      "properties": {
        "id": "DE-00074",
        "from_node": "DN-00146",
        "to_node": "DN-00147",
        "length_m": 35.6,
        "diameter_m": 0.8,
        "slope": 0.0076,
        "roughness_n": 0.013,
        "capacity_m3s": 1.153,
        "blockage_pct": 0.0,
        "channel_type": "roadside_storm_drain"
      }
    },
    {
      "type": "Feature",
      "geometry": {
        "type": "LineString",
        "coordinates": [
          [
            77.65163,
            12.919792
          ],
          [
            77.651633,
            12.919694
          ]
        ]
      },
      "properties": {
        "id": "DE-00075",
        "from_node": "DN-00148",
        "to_node": "DN-00149",
        "length_m": 10.9,
        "diameter_m": 0.8,
        "slope": 0.001,
        "roughness_n": 0.013,
        "capacity_m3s": 0.418,
        "blockage_pct": 0.0,
        "channel_type": "roadside_storm_drain"
      }
    },
    {
      "type": "Feature",
      "geometry": {
        "type": "LineString",
        "coordinates": [
          [
            77.609203,
            12.924598
          ],
          [
            77.614406,
            12.922833
          ]
        ]
      },
      "properties": {
        "id": "DE-00076",
        "from_node": "DN-00150",
        "to_node": "DN-00151",
        "length_m": 599.66,
        "diameter_m": 0.8,
        "slope": 0.001,
        "roughness_n": 0.013,
        "capacity_m3s": 0.418,
        "blockage_pct": 0.0,
        "channel_type": "roadside_storm_drain"
      }
    },
    {
      "type": "Feature",
      "geometry": {
        "type": "LineString",
        "coordinates": [
          [
            77.614623,
            12.923422
          ],
          [
            77.614406,
            12.922833
          ]
        ]
      },
      "properties": {
        "id": "DE-00077",
        "from_node": "DN-00152",
        "to_node": "DN-00151",
        "length_m": 69.62,
        "diameter_m": 0.8,
        "slope": 0.001,
        "roughness_n": 0.013,
        "capacity_m3s": 0.418,
        "blockage_pct": 0.0,
        "channel_type": "roadside_storm_drain"
      }
    },
    {
      "type": "Feature",
      "geometry": {
        "type": "LineString",
        "coordinates": [
          [
            77.611168,
            12.921605
          ],
          [
            77.609203,
            12.924598
          ]
        ]
      },
      "properties": {
        "id": "DE-00078",
        "from_node": "DN-00153",
        "to_node": "DN-00150",
        "length_m": 401.71,
        "diameter_m": 0.8,
        "slope": 0.0073,
        "roughness_n": 0.013,
        "capacity_m3s": 1.13,
        "blockage_pct": 0.0,
        "channel_type": "roadside_storm_drain"
      }
    },
    {
      "type": "Feature",
      "geometry": {
        "type": "LineString",
        "coordinates": [
          [
            77.611168,
            12.921605
          ],
          [
            77.609203,
            12.924598
          ]
        ]
      },
      "properties": {
        "id": "DE-00079",
        "from_node": "DN-00154",
        "to_node": "DN-00150",
        "length_m": 401.71,
        "diameter_m": 0.8,
        "slope": 0.0073,
        "roughness_n": 0.013,
        "capacity_m3s": 1.13,
        "blockage_pct": 0.0,
        "channel_type": "roadside_storm_drain"
      }
    },
    {
      "type": "Feature",
      "geometry": {
        "type": "LineString",
        "coordinates": [
          [
            77.610753,
            12.920913
          ],
          [
            77.611168,
            12.921605
          ]
        ]
      },
      "properties": {
        "id": "DE-00080",
        "from_node": "DN-00155",
        "to_node": "DN-00156",
        "length_m": 89.15,
        "diameter_m": 0.8,
        "slope": 0.0181,
        "roughness_n": 0.013,
        "capacity_m3s": 1.779,
        "blockage_pct": 0.0,
        "channel_type": "roadside_storm_drain"
      }
    },
    {
      "type": "Feature",
      "geometry": {
        "type": "LineString",
        "coordinates": [
          [
            77.617423,
            12.919825
          ],
          [
            77.618337,
            12.918345
          ]
        ]
      },
      "properties": {
        "id": "DE-00081",
        "from_node": "DN-00157",
        "to_node": "DN-00158",
        "length_m": 199.04,
        "diameter_m": 0.8,
        "slope": 0.0025,
        "roughness_n": 0.013,
        "capacity_m3s": 0.661,
        "blockage_pct": 0.0,
        "channel_type": "roadside_storm_drain"
      }
    },
    {
      "type": "Feature",
      "geometry": {
        "type": "LineString",
        "coordinates": [
          [
            77.620396,
            12.918169
          ],
          [
            77.621872,
            12.918173
          ]
        ]
      },
      "properties": {
        "id": "DE-00082",
        "from_node": "DN-00159",
        "to_node": "DN-00160",
        "length_m": 166.1,
        "diameter_m": 0.8,
        "slope": 0.0054,
        "roughness_n": 0.013,
        "capacity_m3s": 0.972,
        "blockage_pct": 0.0,
        "channel_type": "roadside_storm_drain"
      }
    },
    {
      "type": "Feature",
      "geometry": {
        "type": "LineString",
        "coordinates": [
          [
            77.60963,
            12.916705
          ],
          [
            77.610049,
            12.916689
          ]
        ]
      },
      "properties": {
        "id": "DE-00083",
        "from_node": "DN-00161",
        "to_node": "DN-00162",
        "length_m": 45.45,
        "diameter_m": 0.8,
        "slope": 0.0092,
        "roughness_n": 0.013,
        "capacity_m3s": 1.268,
        "blockage_pct": 0.0,
        "channel_type": "roadside_storm_drain"
      }
    },
    {
      "type": "Feature",
      "geometry": {
        "type": "LineString",
        "coordinates": [
          [
            77.612972,
            12.91961
          ],
          [
            77.612871,
            12.919614
          ]
        ]
      },
      "properties": {
        "id": "DE-00084",
        "from_node": "DN-00163",
        "to_node": "DN-00164",
        "length_m": 10.96,
        "diameter_m": 0.8,
        "slope": 0.001,
        "roughness_n": 0.013,
        "capacity_m3s": 0.418,
        "blockage_pct": 0.0,
        "channel_type": "roadside_storm_drain"
      }
    },
    {
      "type": "Feature",
      "geometry": {
        "type": "LineString",
        "coordinates": [
          [
            77.612416,
            12.916603
          ],
          [
            77.612972,
            12.91961
          ]
        ]
      },
      "properties": {
        "id": "DE-00085",
        "from_node": "DN-00165",
        "to_node": "DN-00166",
        "length_m": 339.83,
        "diameter_m": 0.8,
        "slope": 0.0187,
        "roughness_n": 0.013,
        "capacity_m3s": 1.808,
        "blockage_pct": 0.0,
        "channel_type": "roadside_storm_drain"
      }
    },
    {
      "type": "Feature",
      "geometry": {
        "type": "LineString",
        "coordinates": [
          [
            77.613038,
            12.919628
          ],
          [
            77.616304,
            12.91941
          ]
        ]
      },
      "properties": {
        "id": "DE-00086",
        "from_node": "DN-00167",
        "to_node": "DN-00168",
        "length_m": 354.82,
        "diameter_m": 0.8,
        "slope": 0.0126,
        "roughness_n": 0.013,
        "capacity_m3s": 1.484,
        "blockage_pct": 0.0,
        "channel_type": "roadside_storm_drain"
      }
    },
    {
      "type": "Feature",
      "geometry": {
        "type": "LineString",
        "coordinates": [
          [
            77.613038,
            12.919628
          ],
          [
            77.616304,
            12.91941
          ]
        ]
      },
      "properties": {
        "id": "DE-00087",
        "from_node": "DN-00169",
        "to_node": "DN-00170",
        "length_m": 354.82,
        "diameter_m": 0.8,
        "slope": 0.0126,
        "roughness_n": 0.013,
        "capacity_m3s": 1.484,
        "blockage_pct": 0.0,
        "channel_type": "roadside_storm_drain"
      }
    },
    {
      "type": "Feature",
      "geometry": {
        "type": "LineString",
        "coordinates": [
          [
            77.608862,
            12.943984
          ],
          [
            77.608852,
            12.944184
          ]
        ]
      },
      "properties": {
        "id": "DE-00088",
        "from_node": "DN-00171",
        "to_node": "DN-00172",
        "length_m": 22.27,
        "diameter_m": 0.8,
        "slope": 0.0332,
        "roughness_n": 0.013,
        "capacity_m3s": 2.409,
        "blockage_pct": 0.0,
        "channel_type": "roadside_storm_drain"
      }
    },
    {
      "type": "Feature",
      "geometry": {
        "type": "LineString",
        "coordinates": [
          [
            77.607918,
            12.944026
          ],
          [
            77.607885,
            12.944006
          ]
        ]
      },
      "properties": {
        "id": "DE-00089",
        "from_node": "DN-00173",
        "to_node": "DN-00174",
        "length_m": 5.0,
        "diameter_m": 0.8,
        "slope": 0.001,
        "roughness_n": 0.013,
        "capacity_m3s": 0.418,
        "blockage_pct": 0.0,
        "channel_type": "roadside_storm_drain"
      }
    },
    {
      "type": "Feature",
      "geometry": {
        "type": "LineString",
        "coordinates": [
          [
            77.625411,
            12.936113
          ],
          [
            77.626826,
            12.937243
          ]
        ]
      },
      "properties": {
        "id": "DE-00090",
        "from_node": "DN-00175",
        "to_node": "DN-00036",
        "length_m": 198.25,
        "diameter_m": 0.8,
        "slope": 0.0101,
        "roughness_n": 0.013,
        "capacity_m3s": 1.329,
        "blockage_pct": 0.0,
        "channel_type": "roadside_storm_drain"
      }
    },
    {
      "type": "Feature",
      "geometry": {
        "type": "LineString",
        "coordinates": [
          [
            77.62229,
            12.939703
          ],
          [
            77.624091,
            12.941206
          ]
        ]
      },
      "properties": {
        "id": "DE-00091",
        "from_node": "DN-00176",
        "to_node": "DN-00177",
        "length_m": 257.12,
        "diameter_m": 0.8,
        "slope": 0.0176,
        "roughness_n": 0.013,
        "capacity_m3s": 1.754,
        "blockage_pct": 0.0,
        "channel_type": "roadside_storm_drain"
      }
    },
    {
      "type": "Feature",
      "geometry": {
        "type": "LineString",
        "coordinates": [
          [
            77.624091,
            12.941206
          ],
          [
            77.624153,
            12.941256
          ]
        ]
      },
      "properties": {
        "id": "DE-00092",
        "from_node": "DN-00178",
        "to_node": "DN-00179",
        "length_m": 8.72,
        "diameter_m": 0.8,
        "slope": 0.0803,
        "roughness_n": 0.013,
        "capacity_m3s": 3.747,
        "blockage_pct": 0.0,
        "channel_type": "roadside_storm_drain"
      }
    },
    {
      "type": "Feature",
      "geometry": {
        "type": "LineString",
        "coordinates": [
          [
            77.624091,
            12.941206
          ],
          [
            77.624153,
            12.941256
          ]
        ]
      },
      "properties": {
        "id": "DE-00093",
        "from_node": "DN-00180",
        "to_node": "DN-00181",
        "length_m": 8.72,
        "diameter_m": 0.8,
        "slope": 0.0803,
        "roughness_n": 0.013,
        "capacity_m3s": 3.747,
        "blockage_pct": 0.0,
        "channel_type": "roadside_storm_drain"
      }
    },
    {
      "type": "Feature",
      "geometry": {
        "type": "LineString",
        "coordinates": [
          [
            77.622738,
            12.942481
          ],
          [
            77.624091,
            12.941206
          ]
        ]
      },
      "properties": {
        "id": "DE-00094",
        "from_node": "DN-00182",
        "to_node": "DN-00180",
        "length_m": 203.98,
        "diameter_m": 0.8,
        "slope": 0.0168,
        "roughness_n": 0.013,
        "capacity_m3s": 1.714,
        "blockage_pct": 0.0,
        "channel_type": "roadside_storm_drain"
      }
    },
    {
      "type": "Feature",
      "geometry": {
        "type": "LineString",
        "coordinates": [
          [
            77.610124,
            12.916627
          ],
          [
            77.612416,
            12.916603
          ]
        ]
      },
      "properties": {
        "id": "DE-00095",
        "from_node": "DN-00183",
        "to_node": "DN-00165",
        "length_m": 248.42,
        "diameter_m": 0.8,
        "slope": 0.0117,
        "roughness_n": 0.013,
        "capacity_m3s": 1.43,
        "blockage_pct": 0.0,
        "channel_type": "roadside_storm_drain"
      }
    },
    {
      "type": "Feature",
      "geometry": {
        "type": "LineString",
        "coordinates": [
          [
            77.610117,
            12.916452
          ],
          [
            77.610103,
            12.914012
          ]
        ]
      },
      "properties": {
        "id": "DE-00096",
        "from_node": "DN-00184",
        "to_node": "DN-00185",
        "length_m": 271.33,
        "diameter_m": 0.8,
        "slope": 0.002,
        "roughness_n": 0.013,
        "capacity_m3s": 0.591,
        "blockage_pct": 0.0,
        "channel_type": "roadside_storm_drain"
      }
    },
    {
      "type": "Feature",
      "geometry": {
        "type": "LineString",
        "coordinates": [
          [
            77.609446,
            12.905403
          ],
          [
            77.611487,
            12.905053
          ]
        ]
      },
      "properties": {
        "id": "DE-00097",
        "from_node": "DN-00186",
        "to_node": "DN-00187",
        "length_m": 225.23,
        "diameter_m": 0.8,
        "slope": 0.0106,
        "roughness_n": 0.013,
        "capacity_m3s": 1.361,
        "blockage_pct": 0.0,
        "channel_type": "roadside_storm_drain"
      }
    },
    {
      "type": "Feature",
      "geometry": {
        "type": "LineString",
        "coordinates": [
          [
            77.614459,
            12.910259
          ],
          [
            77.611482,
            12.905116
          ]
        ]
      },
      "properties": {
        "id": "DE-00098",
        "from_node": "DN-00188",
        "to_node": "DN-00189",
        "length_m": 722.17,
        "diameter_m": 0.8,
        "slope": 0.0088,
        "roughness_n": 0.013,
        "capacity_m3s": 1.24,
        "blockage_pct": 0.0,
        "channel_type": "roadside_storm_drain"
      }
    },
    {
      "type": "Feature",
      "geometry": {
        "type": "LineString",
        "coordinates": [
          [
            77.605854,
            12.905622
          ],
          [
            77.605863,
            12.905677
          ]
        ]
      },
      "properties": {
        "id": "DE-00099",
        "from_node": "DN-00190",
        "to_node": "DN-00191",
        "length_m": 6.19,
        "diameter_m": 0.8,
        "slope": 0.001,
        "roughness_n": 0.013,
        "capacity_m3s": 0.418,
        "blockage_pct": 0.0,
        "channel_type": "roadside_storm_drain"
      }
    },
    {
      "type": "Feature",
      "geometry": {
        "type": "LineString",
        "coordinates": [
          [
            77.605863,
            12.905677
          ],
          [
            77.605854,
            12.905622
          ]
        ]
      },
      "properties": {
        "id": "DE-00100",
        "from_node": "DN-00192",
        "to_node": "DN-00193",
        "length_m": 6.19,
        "diameter_m": 0.8,
        "slope": 0.001,
        "roughness_n": 0.013,
        "capacity_m3s": 0.418,
        "blockage_pct": 0.0,
        "channel_type": "roadside_storm_drain"
      }
    },
    {
      "type": "Feature",
      "geometry": {
        "type": "LineString",
        "coordinates": [
          [
            77.605863,
            12.905677
          ],
          [
            77.609468,
            12.905458
          ]
        ]
      },
      "properties": {
        "id": "DE-00101",
        "from_node": "DN-00194",
        "to_node": "DN-00195",
        "length_m": 404.02,
        "diameter_m": 0.8,
        "slope": 0.0085,
        "roughness_n": 0.013,
        "capacity_m3s": 1.219,
        "blockage_pct": 0.0,
        "channel_type": "roadside_storm_drain"
      }
    },
    {
      "type": "Feature",
      "geometry": {
        "type": "LineString",
        "coordinates": [
          [
            77.61621,
            12.941145
          ],
          [
            77.61844,
            12.940946
          ]
        ]
      },
      "properties": {
        "id": "DE-00102",
        "from_node": "DN-00196",
        "to_node": "DN-00197",
        "length_m": 243.7,
        "diameter_m": 0.8,
        "slope": 0.0011,
        "roughness_n": 0.013,
        "capacity_m3s": 0.439,
        "blockage_pct": 0.0,
        "channel_type": "roadside_storm_drain"
      }
    },
    {
      "type": "Feature",
      "geometry": {
        "type": "LineString",
        "coordinates": [
          [
            77.61621,
            12.941145
          ],
          [
            77.61844,
            12.940946
          ]
        ]
      },
      "properties": {
        "id": "DE-00103",
        "from_node": "DN-00198",
        "to_node": "DN-00199",
        "length_m": 243.7,
        "diameter_m": 0.8,
        "slope": 0.0011,
        "roughness_n": 0.013,
        "capacity_m3s": 0.439,
        "blockage_pct": 0.0,
        "channel_type": "roadside_storm_drain"
      }
    },
    {
      "type": "Feature",
      "geometry": {
        "type": "LineString",
        "coordinates": [
          [
            77.669684,
            12.925179
          ],
          [
            77.669542,
            12.923001
          ]
        ]
      },
      "properties": {
        "id": "DE-00104",
        "from_node": "DN-00200",
        "to_node": "DN-00201",
        "length_m": 242.96,
        "diameter_m": 0.8,
        "slope": 0.0028,
        "roughness_n": 0.013,
        "capacity_m3s": 0.7,
        "blockage_pct": 0.0,
        "channel_type": "roadside_storm_drain"
      }
    },
    {
      "type": "Feature",
      "geometry": {
        "type": "LineString",
        "coordinates": [
          [
            77.669684,
            12.925179
          ],
          [
            77.669542,
            12.923001
          ]
        ]
      },
      "properties": {
        "id": "DE-00105",
        "from_node": "DN-00202",
        "to_node": "DN-00203",
        "length_m": 242.96,
        "diameter_m": 0.8,
        "slope": 0.0028,
        "roughness_n": 0.013,
        "capacity_m3s": 0.7,
        "blockage_pct": 0.0,
        "channel_type": "roadside_storm_drain"
      }
    },
    {
      "type": "Feature",
      "geometry": {
        "type": "LineString",
        "coordinates": [
          [
            77.684168,
            12.93178
          ],
          [
            77.681375,
            12.930228
          ]
        ]
      },
      "properties": {
        "id": "DE-00106",
        "from_node": "DN-00204",
        "to_node": "DN-00205",
        "length_m": 422.86,
        "diameter_m": 0.8,
        "slope": 0.0147,
        "roughness_n": 0.013,
        "capacity_m3s": 1.603,
        "blockage_pct": 0.0,
        "channel_type": "roadside_storm_drain"
      }
    },
    {
      "type": "Feature",
      "geometry": {
        "type": "LineString",
        "coordinates": [
          [
            77.684168,
            12.93178
          ],
          [
            77.681375,
            12.930228
          ]
        ]
      },
      "properties": {
        "id": "DE-00107",
        "from_node": "DN-00206",
        "to_node": "DN-00207",
        "length_m": 422.86,
        "diameter_m": 0.8,
        "slope": 0.0147,
        "roughness_n": 0.013,
        "capacity_m3s": 1.603,
        "blockage_pct": 0.0,
        "channel_type": "roadside_storm_drain"
      }
    },
    {
      "type": "Feature",
      "geometry": {
        "type": "LineString",
        "coordinates": [
          [
            77.622623,
            12.931492
          ],
          [
            77.629234,
            12.93001
          ]
        ]
      },
      "properties": {
        "id": "DE-00108",
        "from_node": "DN-00208",
        "to_node": "DN-00209",
        "length_m": 741.38,
        "diameter_m": 0.8,
        "slope": 0.0041,
        "roughness_n": 0.013,
        "capacity_m3s": 0.847,
        "blockage_pct": 0.0,
        "channel_type": "roadside_storm_drain"
      }
    },
    {
      "type": "Feature",
      "geometry": {
        "type": "LineString",
        "coordinates": [
          [
            77.622135,
            12.930241
          ],
          [
            77.622623,
            12.931492
          ]
        ]
      },
      "properties": {
        "id": "DE-00109",
        "from_node": "DN-00210",
        "to_node": "DN-00211",
        "length_m": 148.82,
        "diameter_m": 0.8,
        "slope": 0.016,
        "roughness_n": 0.013,
        "capacity_m3s": 1.673,
        "blockage_pct": 0.0,
        "channel_type": "roadside_storm_drain"
      }
    },
    {
      "type": "Feature",
      "geometry": {
        "type": "LineString",
        "coordinates": [
          [
            77.629234,
            12.93001
          ],
          [
            77.624441,
            12.93519
          ]
        ]
      },
      "properties": {
        "id": "DE-00110",
        "from_node": "DN-00209",
        "to_node": "DN-00029",
        "length_m": 798.23,
        "diameter_m": 0.8,
        "slope": 0.001,
        "roughness_n": 0.013,
        "capacity_m3s": 0.418,
        "blockage_pct": 0.0,
        "channel_type": "roadside_storm_drain"
      }
    },
    {
      "type": "Feature",
      "geometry": {
        "type": "LineString",
        "coordinates": [
          [
            77.629234,
            12.93001
          ],
          [
            77.632903,
            12.929783
          ]
        ]
      },
      "properties": {
        "id": "DE-00111",
        "from_node": "DN-00209",
        "to_node": "DN-00212",
        "length_m": 412.11,
        "diameter_m": 0.8,
        "slope": 0.0078,
        "roughness_n": 0.013,
        "capacity_m3s": 1.168,
        "blockage_pct": 0.0,
        "channel_type": "roadside_storm_drain"
      }
    },
    {
      "type": "Feature",
      "geometry": {
        "type": "LineString",
        "coordinates": [
          [
            77.61844,
            12.940946
          ],
          [
            77.618704,
            12.941311
          ]
        ]
      },
      "properties": {
        "id": "DE-00112",
        "from_node": "DN-00199",
        "to_node": "DN-00213",
        "length_m": 49.83,
        "diameter_m": 0.8,
        "slope": 0.0187,
        "roughness_n": 0.013,
        "capacity_m3s": 1.808,
        "blockage_pct": 0.0,
        "channel_type": "roadside_storm_drain"
      }
    },
    {
      "type": "Feature",
      "geometry": {
        "type": "LineString",
        "coordinates": [
          [
            77.620225,
            12.940508
          ],
          [
            77.620283,
            12.940464
          ]
        ]
      },
      "properties": {
        "id": "DE-00113",
        "from_node": "DN-00214",
        "to_node": "DN-00215",
        "length_m": 7.97,
        "diameter_m": 0.8,
        "slope": 0.001,
        "roughness_n": 0.013,
        "capacity_m3s": 0.418,
        "blockage_pct": 0.0,
        "channel_type": "roadside_storm_drain"
      }
    },
    {
      "type": "Feature",
      "geometry": {
        "type": "LineString",
        "coordinates": [
          [
            77.60674,
            12.930931
          ],
          [
            77.606326,
            12.927864
          ]
        ]
      },
      "properties": {
        "id": "DE-00114",
        "from_node": "DN-00135",
        "to_node": "DN-00216",
        "length_m": 347.55,
        "diameter_m": 0.8,
        "slope": 0.0143,
        "roughness_n": 0.013,
        "capacity_m3s": 1.581,
        "blockage_pct": 0.0,
        "channel_type": "roadside_storm_drain"
      }
    },
    {
      "type": "Feature",
      "geometry": {
        "type": "LineString",
        "coordinates": [
          [
            77.623794,
            12.954001
          ],
          [
            77.62303,
            12.954141
          ]
        ]
      },
      "properties": {
        "id": "DE-00115",
        "from_node": "DN-00217",
        "to_node": "DN-00218",
        "length_m": 84.24,
        "diameter_m": 0.8,
        "slope": 0.0077,
        "roughness_n": 0.013,
        "capacity_m3s": 1.16,
        "blockage_pct": 0.0,
        "channel_type": "roadside_storm_drain"
      }
    },
    {
      "type": "Feature",
      "geometry": {
        "type": "LineString",
        "coordinates": [
          [
            77.623794,
            12.954001
          ],
          [
            77.62314,
            12.950915
          ]
        ]
      },
      "properties": {
        "id": "DE-00116",
        "from_node": "DN-00219",
        "to_node": "DN-00220",
        "length_m": 350.41,
        "diameter_m": 0.8,
        "slope": 0.0039,
        "roughness_n": 0.013,
        "capacity_m3s": 0.826,
        "blockage_pct": 0.0,
        "channel_type": "roadside_storm_drain"
      }
    },
    {
      "type": "Feature",
      "geometry": {
        "type": "LineString",
        "coordinates": [
          [
            77.625483,
            12.95037
          ],
          [
            77.62314,
            12.950915
          ]
        ]
      },
      "properties": {
        "id": "DE-00117",
        "from_node": "DN-00221",
        "to_node": "DN-00222",
        "length_m": 261.72,
        "diameter_m": 0.8,
        "slope": 0.0044,
        "roughness_n": 0.013,
        "capacity_m3s": 0.877,
        "blockage_pct": 0.0,
        "channel_type": "roadside_storm_drain"
      }
    },
    {
      "type": "Feature",
      "geometry": {
        "type": "LineString",
        "coordinates": [
          [
            77.623794,
            12.954001
          ],
          [
            77.62314,
            12.950915
          ]
        ]
      },
      "properties": {
        "id": "DE-00118",
        "from_node": "DN-00223",
        "to_node": "DN-00224",
        "length_m": 350.41,
        "diameter_m": 0.8,
        "slope": 0.0039,
        "roughness_n": 0.013,
        "capacity_m3s": 0.826,
        "blockage_pct": 0.0,
        "channel_type": "roadside_storm_drain"
      }
    },
    {
      "type": "Feature",
      "geometry": {
        "type": "LineString",
        "coordinates": [
          [
            77.625483,
            12.95037
          ],
          [
            77.62314,
            12.950915
          ]
        ]
      },
      "properties": {
        "id": "DE-00119",
        "from_node": "DN-00225",
        "to_node": "DN-00226",
        "length_m": 261.72,
        "diameter_m": 0.8,
        "slope": 0.0044,
        "roughness_n": 0.013,
        "capacity_m3s": 0.877,
        "blockage_pct": 0.0,
        "channel_type": "roadside_storm_drain"
      }
    },
    {
      "type": "Feature",
      "geometry": {
        "type": "LineString",
        "coordinates": [
          [
            77.612986,
            12.919666
          ],
          [
            77.612972,
            12.91961
          ]
        ]
      },
      "properties": {
        "id": "DE-00120",
        "from_node": "DN-00227",
        "to_node": "DN-00228",
        "length_m": 6.41,
        "diameter_m": 0.8,
        "slope": 0.001,
        "roughness_n": 0.013,
        "capacity_m3s": 0.418,
        "blockage_pct": 0.0,
        "channel_type": "roadside_storm_drain"
      }
    },
    {
      "type": "Feature",
      "geometry": {
        "type": "LineString",
        "coordinates": [
          [
            77.614623,
            12.923422
          ],
          [
            77.614406,
            12.922833
          ]
        ]
      },
      "properties": {
        "id": "DE-00121",
        "from_node": "DN-00229",
        "to_node": "DN-00230",
        "length_m": 69.62,
        "diameter_m": 0.8,
        "slope": 0.001,
        "roughness_n": 0.013,
        "capacity_m3s": 0.418,
        "blockage_pct": 0.0,
        "channel_type": "roadside_storm_drain"
      }
    },
    {
      "type": "Feature",
      "geometry": {
        "type": "LineString",
        "coordinates": [
          [
            77.617423,
            12.919825
          ],
          [
            77.618291,
            12.921047
          ]
        ]
      },
      "properties": {
        "id": "DE-00122",
        "from_node": "DN-00231",
        "to_node": "DN-00232",
        "length_m": 165.35,
        "diameter_m": 0.8,
        "slope": 0.0069,
        "roughness_n": 0.013,
        "capacity_m3s": 1.098,
        "blockage_pct": 0.0,
        "channel_type": "roadside_storm_drain"
      }
    },
    {
      "type": "Feature",
      "geometry": {
        "type": "LineString",
        "coordinates": [
          [
            77.617423,
            12.919825
          ],
          [
            77.618337,
            12.918345
          ]
        ]
      },
      "properties": {
        "id": "DE-00123",
        "from_node": "DN-00233",
        "to_node": "DN-00234",
        "length_m": 199.04,
        "diameter_m": 0.8,
        "slope": 0.0025,
        "roughness_n": 0.013,
        "capacity_m3s": 0.661,
        "blockage_pct": 0.0,
        "channel_type": "roadside_storm_drain"
      }
    },
    {
      "type": "Feature",
      "geometry": {
        "type": "LineString",
        "coordinates": [
          [
            77.618291,
            12.921047
          ],
          [
            77.618438,
            12.921194
          ]
        ]
      },
      "properties": {
        "id": "DE-00124",
        "from_node": "DN-00235",
        "to_node": "DN-00236",
        "length_m": 22.83,
        "diameter_m": 0.8,
        "slope": 0.0114,
        "roughness_n": 0.013,
        "capacity_m3s": 1.412,
        "blockage_pct": 0.0,
        "channel_type": "roadside_storm_drain"
      }
    },
    {
      "type": "Feature",
      "geometry": {
        "type": "LineString",
        "coordinates": [
          [
            77.624045,
            12.915119
          ],
          [
            77.624392,
            12.914519
          ]
        ]
      },
      "properties": {
        "id": "DE-00125",
        "from_node": "DN-00237",
        "to_node": "DN-00238",
        "length_m": 76.59,
        "diameter_m": 0.8,
        "slope": 0.0025,
        "roughness_n": 0.013,
        "capacity_m3s": 0.661,
        "blockage_pct": 0.0,
        "channel_type": "roadside_storm_drain"
      }
    },
    {
      "type": "Feature",
      "geometry": {
        "type": "LineString",
        "coordinates": [
          [
            77.621287,
            12.919378
          ],
          [
            77.621857,
            12.918616
          ]
        ]
      },
      "properties": {
        "id": "DE-00126",
        "from_node": "DN-00239",
        "to_node": "DN-00240",
        "length_m": 104.86,
        "diameter_m": 0.8,
        "slope": 0.0164,
        "roughness_n": 0.013,
        "capacity_m3s": 1.693,
        "blockage_pct": 0.0,
        "channel_type": "roadside_storm_drain"
      }
    },
    {
      "type": "Feature",
      "geometry": {
        "type": "LineString",
        "coordinates": [
          [
            77.621405,
            12.919448
          ],
          [
            77.621486,
            12.919277
          ]
        ]
      },
      "properties": {
        "id": "DE-00127",
        "from_node": "DN-00241",
        "to_node": "DN-00242",
        "length_m": 20.94,
        "diameter_m": 0.8,
        "slope": 0.0224,
        "roughness_n": 0.013,
        "capacity_m3s": 1.979,
        "blockage_pct": 0.0,
        "channel_type": "roadside_storm_drain"
      }
    },
    {
      "type": "Feature",
      "geometry": {
        "type": "LineString",
        "coordinates": [
          [
            77.629573,
            12.906313
          ],
          [
            77.629543,
            12.906363
          ]
        ]
      },
      "properties": {
        "id": "DE-00128",
        "from_node": "DN-00243",
        "to_node": "DN-00244",
        "length_m": 6.44,
        "diameter_m": 0.8,
        "slope": 0.001,
        "roughness_n": 0.013,
        "capacity_m3s": 0.418,
        "blockage_pct": 0.0,
        "channel_type": "roadside_storm_drain"
      }
    },
    {
      "type": "Feature",
      "geometry": {
        "type": "LineString",
        "coordinates": [
          [
            77.644356,
            12.904745
          ],
          [
            77.641227,
            12.905499
          ]
        ]
      },
      "properties": {
        "id": "DE-00129",
        "from_node": "DN-00071",
        "to_node": "DN-00072",
        "length_m": 349.91,
        "diameter_m": 0.8,
        "slope": 0.0089,
        "roughness_n": 0.013,
        "capacity_m3s": 1.248,
        "blockage_pct": 0.0,
        "channel_type": "roadside_storm_drain"
      }
    },
    {
      "type": "Feature",
      "geometry": {
        "type": "LineString",
        "coordinates": [
          [
            77.644476,
            12.909105
          ],
          [
            77.644304,
            12.909109
          ]
        ]
      },
      "properties": {
        "id": "DE-00130",
        "from_node": "DN-00245",
        "to_node": "DN-00246",
        "length_m": 18.65,
        "diameter_m": 0.8,
        "slope": 0.0214,
        "roughness_n": 0.013,
        "capacity_m3s": 1.934,
        "blockage_pct": 0.0,
        "channel_type": "roadside_storm_drain"
      }
    },
    {
      "type": "Feature",
      "geometry": {
        "type": "LineString",
        "coordinates": [
          [
            77.644476,
            12.909105
          ],
          [
            77.644304,
            12.909109
          ]
        ]
      },
      "properties": {
        "id": "DE-00131",
        "from_node": "DN-00247",
        "to_node": "DN-00248",
        "length_m": 18.65,
        "diameter_m": 0.8,
        "slope": 0.0214,
        "roughness_n": 0.013,
        "capacity_m3s": 1.934,
        "blockage_pct": 0.0,
        "channel_type": "roadside_storm_drain"
      }
    },
    {
      "type": "Feature",
      "geometry": {
        "type": "LineString",
        "coordinates": [
          [
            77.648838,
            12.899494
          ],
          [
            77.648799,
            12.903546
          ]
        ]
      },
      "properties": {
        "id": "DE-00132",
        "from_node": "DN-00249",
        "to_node": "DN-00250",
        "length_m": 459.16,
        "diameter_m": 0.8,
        "slope": 0.0016,
        "roughness_n": 0.013,
        "capacity_m3s": 0.529,
        "blockage_pct": 0.0,
        "channel_type": "roadside_storm_drain"
      }
    },
    {
      "type": "Feature",
      "geometry": {
        "type": "LineString",
        "coordinates": [
          [
            77.648799,
            12.903546
          ],
          [
            77.648955,
            12.905143
          ]
        ]
      },
      "properties": {
        "id": "DE-00133",
        "from_node": "DN-00251",
        "to_node": "DN-00252",
        "length_m": 178.48,
        "diameter_m": 0.8,
        "slope": 0.0027,
        "roughness_n": 0.013,
        "capacity_m3s": 0.687,
        "blockage_pct": 0.0,
        "channel_type": "roadside_storm_drain"
      }
    },
    {
      "type": "Feature",
      "geometry": {
        "type": "LineString",
        "coordinates": [
          [
            77.648838,
            12.899494
          ],
          [
            77.638937,
            12.905763
          ]
        ]
      },
      "properties": {
        "id": "DE-00134",
        "from_node": "DN-00253",
        "to_node": "DN-00254",
        "length_m": 1324.39,
        "diameter_m": 0.8,
        "slope": 0.0076,
        "roughness_n": 0.013,
        "capacity_m3s": 1.153,
        "blockage_pct": 0.0,
        "channel_type": "roadside_storm_drain"
      }
    },
    {
      "type": "Feature",
      "geometry": {
        "type": "LineString",
        "coordinates": [
          [
            77.628799,
            12.907053
          ],
          [
            77.628758,
            12.907117
          ]
        ]
      },
      "properties": {
        "id": "DE-00135",
        "from_node": "DN-00255",
        "to_node": "DN-00256",
        "length_m": 8.39,
        "diameter_m": 0.8,
        "slope": 0.001,
        "roughness_n": 0.013,
        "capacity_m3s": 0.418,
        "blockage_pct": 0.0,
        "channel_type": "roadside_storm_drain"
      }
    },
    {
      "type": "Feature",
      "geometry": {
        "type": "LineString",
        "coordinates": [
          [
            77.628752,
            12.907022
          ],
          [
            77.628714,
            12.907087
          ]
        ]
      },
      "properties": {
        "id": "DE-00136",
        "from_node": "DN-00257",
        "to_node": "DN-00258",
        "length_m": 8.32,
        "diameter_m": 0.8,
        "slope": 0.001,
        "roughness_n": 0.013,
        "capacity_m3s": 0.418,
        "blockage_pct": 0.0,
        "channel_type": "roadside_storm_drain"
      }
    },
    {
      "type": "Feature",
      "geometry": {
        "type": "LineString",
        "coordinates": [
          [
            77.62314,
            12.950915
          ],
          [
            77.621624,
            12.951657
          ]
        ]
      },
      "properties": {
        "id": "DE-00137",
        "from_node": "DN-00259",
        "to_node": "DN-00260",
        "length_m": 183.85,
        "diameter_m": 0.8,
        "slope": 0.002,
        "roughness_n": 0.013,
        "capacity_m3s": 0.591,
        "blockage_pct": 0.0,
        "channel_type": "roadside_storm_drain"
      }
    },
    {
      "type": "Feature",
      "geometry": {
        "type": "LineString",
        "coordinates": [
          [
            77.626826,
            12.949511
          ],
          [
            77.625483,
            12.95037
          ]
        ]
      },
      "properties": {
        "id": "DE-00138",
        "from_node": "DN-00261",
        "to_node": "DN-00262",
        "length_m": 176.05,
        "diameter_m": 0.8,
        "slope": 0.002,
        "roughness_n": 0.013,
        "capacity_m3s": 0.591,
        "blockage_pct": 0.0,
        "channel_type": "roadside_storm_drain"
      }
    },
    {
      "type": "Feature",
      "geometry": {
        "type": "LineString",
        "coordinates": [
          [
            77.694668,
            12.924573
          ],
          [
            77.685958,
            12.928196
          ]
        ]
      },
      "properties": {
        "id": "DE-00139",
        "from_node": "DN-00263",
        "to_node": "DN-00264",
        "length_m": 1122.06,
        "diameter_m": 0.8,
        "slope": 0.001,
        "roughness_n": 0.013,
        "capacity_m3s": 0.418,
        "blockage_pct": 0.0,
        "channel_type": "roadside_storm_drain"
      }
    },
    {
      "type": "Feature",
      "geometry": {
        "type": "LineString",
        "coordinates": [
          [
            77.685958,
            12.928196
          ],
          [
            77.685216,
            12.929931
          ]
        ]
      },
      "properties": {
        "id": "DE-00140",
        "from_node": "DN-00265",
        "to_node": "DN-00266",
        "length_m": 218.69,
        "diameter_m": 0.8,
        "slope": 0.0035,
        "roughness_n": 0.013,
        "capacity_m3s": 0.782,
        "blockage_pct": 0.0,
        "channel_type": "roadside_storm_drain"
      }
    },
    {
      "type": "Feature",
      "geometry": {
        "type": "LineString",
        "coordinates": [
          [
            77.627094,
            12.910326
          ],
          [
            77.62719,
            12.910392
          ]
        ]
      },
      "properties": {
        "id": "DE-00141",
        "from_node": "DN-00267",
        "to_node": "DN-00268",
        "length_m": 12.73,
        "diameter_m": 0.8,
        "slope": 0.0244,
        "roughness_n": 0.013,
        "capacity_m3s": 2.066,
        "blockage_pct": 0.0,
        "channel_type": "roadside_storm_drain"
      }
    },
    {
      "type": "Feature",
      "geometry": {
        "type": "LineString",
        "coordinates": [
          [
            77.632438,
            12.91191
          ],
          [
            77.632439,
            12.91204
          ]
        ]
      },
      "properties": {
        "id": "DE-00142",
        "from_node": "DN-00269",
        "to_node": "DN-00270",
        "length_m": 14.46,
        "diameter_m": 0.8,
        "slope": 0.001,
        "roughness_n": 0.013,
        "capacity_m3s": 0.418,
        "blockage_pct": 0.0,
        "channel_type": "roadside_storm_drain"
      }
    },
    {
      "type": "Feature",
      "geometry": {
        "type": "LineString",
        "coordinates": [
          [
            77.685844,
            12.925973
          ],
          [
            77.684746,
            12.928878
          ]
        ]
      },
      "properties": {
        "id": "DE-00143",
        "from_node": "DN-00271",
        "to_node": "DN-00272",
        "length_m": 378.21,
        "diameter_m": 0.8,
        "slope": 0.0056,
        "roughness_n": 0.013,
        "capacity_m3s": 0.99,
        "blockage_pct": 0.0,
        "channel_type": "roadside_storm_drain"
      }
    },
    {
      "type": "Feature",
      "geometry": {
        "type": "LineString",
        "coordinates": [
          [
            77.686241,
            12.931625
          ],
          [
            77.687854,
            12.938174
          ]
        ]
      },
      "properties": {
        "id": "DE-00144",
        "from_node": "DN-00273",
        "to_node": "DN-00274",
        "length_m": 897.15,
        "diameter_m": 0.8,
        "slope": 0.0082,
        "roughness_n": 0.013,
        "capacity_m3s": 1.197,
        "blockage_pct": 0.0,
        "channel_type": "roadside_storm_drain"
      }
    },
    {
      "type": "Feature",
      "geometry": {
        "type": "LineString",
        "coordinates": [
          [
            77.686547,
            12.931549
          ],
          [
            77.686241,
            12.931625
          ]
        ]
      },
      "properties": {
        "id": "DE-00145",
        "from_node": "DN-00275",
        "to_node": "DN-00276",
        "length_m": 34.22,
        "diameter_m": 0.8,
        "slope": 0.021,
        "roughness_n": 0.013,
        "capacity_m3s": 1.916,
        "blockage_pct": 0.0,
        "channel_type": "roadside_storm_drain"
      }
    },
    {
      "type": "Feature",
      "geometry": {
        "type": "LineString",
        "coordinates": [
          [
            77.685082,
            12.930278
          ],
          [
            77.684684,
            12.931797
          ]
        ]
      },
      "properties": {
        "id": "DE-00146",
        "from_node": "DN-00277",
        "to_node": "DN-00278",
        "length_m": 177.16,
        "diameter_m": 0.8,
        "slope": 0.0021,
        "roughness_n": 0.013,
        "capacity_m3s": 0.606,
        "blockage_pct": 0.0,
        "channel_type": "roadside_storm_drain"
      }
    },
    {
      "type": "Feature",
      "geometry": {
        "type": "LineString",
        "coordinates": [
          [
            77.684684,
            12.931797
          ],
          [
            77.684168,
            12.93178
          ]
        ]
      },
      "properties": {
        "id": "DE-00147",
        "from_node": "DN-00279",
        "to_node": "DN-00204",
        "length_m": 55.95,
        "diameter_m": 0.8,
        "slope": 0.0129,
        "roughness_n": 0.013,
        "capacity_m3s": 1.502,
        "blockage_pct": 0.0,
        "channel_type": "roadside_storm_drain"
      }
    },
    {
      "type": "Feature",
      "geometry": {
        "type": "LineString",
        "coordinates": [
          [
            77.685082,
            12.930278
          ],
          [
            77.685144,
            12.930129
          ]
        ]
      },
      "properties": {
        "id": "DE-00148",
        "from_node": "DN-00280",
        "to_node": "DN-00281",
        "length_m": 17.88,
        "diameter_m": 0.8,
        "slope": 0.005,
        "roughness_n": 0.013,
        "capacity_m3s": 0.935,
        "blockage_pct": 0.0,
        "channel_type": "roadside_storm_drain"
      }
    },
    {
      "type": "Feature",
      "geometry": {
        "type": "LineString",
        "coordinates": [
          [
            77.665646,
            12.920461
          ],
          [
            77.668077,
            12.921835
          ]
        ]
      },
      "properties": {
        "id": "DE-00149",
        "from_node": "DN-00282",
        "to_node": "DN-00283",
        "length_m": 320.88,
        "diameter_m": 0.8,
        "slope": 0.0146,
        "roughness_n": 0.013,
        "capacity_m3s": 1.598,
        "blockage_pct": 0.0,
        "channel_type": "roadside_storm_drain"
      }
    },
    {
      "type": "Feature",
      "geometry": {
        "type": "LineString",
        "coordinates": [
          [
            77.612258,
            12.934403
          ],
          [
            77.612366,
            12.934455
          ]
        ]
      },
      "properties": {
        "id": "DE-00150",
        "from_node": "DN-00284",
        "to_node": "DN-00285",
        "length_m": 13.05,
        "diameter_m": 0.8,
        "slope": 0.0115,
        "roughness_n": 0.013,
        "capacity_m3s": 1.418,
        "blockage_pct": 0.0,
        "channel_type": "roadside_storm_drain"
      }
    },
    {
      "type": "Feature",
      "geometry": {
        "type": "LineString",
        "coordinates": [
          [
            77.628862,
            12.924142
          ],
          [
            77.620756,
            12.921293
          ]
        ]
      },
      "properties": {
        "id": "DE-00151",
        "from_node": "DN-00286",
        "to_node": "DN-00287",
        "length_m": 945.57,
        "diameter_m": 0.8,
        "slope": 0.005,
        "roughness_n": 0.013,
        "capacity_m3s": 0.935,
        "blockage_pct": 0.0,
        "channel_type": "roadside_storm_drain"
      }
    },
    {
      "type": "Feature",
      "geometry": {
        "type": "LineString",
        "coordinates": [
          [
            77.620756,
            12.921293
          ],
          [
            77.620525,
            12.92116
          ]
        ]
      },
      "properties": {
        "id": "DE-00152",
        "from_node": "DN-00288",
        "to_node": "DN-00289",
        "length_m": 29.08,
        "diameter_m": 0.8,
        "slope": 0.0151,
        "roughness_n": 0.013,
        "capacity_m3s": 1.625,
        "blockage_pct": 0.0,
        "channel_type": "roadside_storm_drain"
      }
    },
    {
      "type": "Feature",
      "geometry": {
        "type": "LineString",
        "coordinates": [
          [
            77.62834,
            12.907904
          ],
          [
            77.627488,
            12.909303
          ]
        ]
      },
      "properties": {
        "id": "DE-00153",
        "from_node": "DN-00290",
        "to_node": "DN-00291",
        "length_m": 180.91,
        "diameter_m": 0.8,
        "slope": 0.0091,
        "roughness_n": 0.013,
        "capacity_m3s": 1.261,
        "blockage_pct": 0.0,
        "channel_type": "roadside_storm_drain"
      }
    },
    {
      "type": "Feature",
      "geometry": {
        "type": "LineString",
        "coordinates": [
          [
            77.632769,
            12.938447
          ],
          [
            77.632929,
            12.938119
          ]
        ]
      },
      "properties": {
        "id": "DE-00154",
        "from_node": "DN-00292",
        "to_node": "DN-00293",
        "length_m": 40.42,
        "diameter_m": 0.8,
        "slope": 0.0129,
        "roughness_n": 0.013,
        "capacity_m3s": 1.502,
        "blockage_pct": 0.0,
        "channel_type": "roadside_storm_drain"
      }
    },
    {
      "type": "Feature",
      "geometry": {
        "type": "LineString",
        "coordinates": [
          [
            77.620899,
            12.927227
          ],
          [
            77.618043,
            12.924485
          ]
        ]
      },
      "properties": {
        "id": "DE-00155",
        "from_node": "DN-00294",
        "to_node": "DN-00295",
        "length_m": 465.55,
        "diameter_m": 0.8,
        "slope": 0.0132,
        "roughness_n": 0.013,
        "capacity_m3s": 1.519,
        "blockage_pct": 0.0,
        "channel_type": "roadside_storm_drain"
      }
    },
    {
      "type": "Feature",
      "geometry": {
        "type": "LineString",
        "coordinates": [
          [
            77.622623,
            12.931492
          ],
          [
            77.622498,
            12.931541
          ]
        ]
      },
      "properties": {
        "id": "DE-00156",
        "from_node": "DN-00211",
        "to_node": "DN-00296",
        "length_m": 14.6,
        "diameter_m": 0.8,
        "slope": 0.0459,
        "roughness_n": 0.013,
        "capacity_m3s": 2.833,
        "blockage_pct": 0.0,
        "channel_type": "roadside_storm_drain"
      }
    },
    {
      "type": "Feature",
      "geometry": {
        "type": "LineString",
        "coordinates": [
          [
            77.680271,
            12.944306
          ],
          [
            77.680258,
            12.944226
          ]
        ]
      },
      "properties": {
        "id": "DE-00157",
        "from_node": "DN-00297",
        "to_node": "DN-00298",
        "length_m": 9.01,
        "diameter_m": 0.8,
        "slope": 0.001,
        "roughness_n": 0.013,
        "capacity_m3s": 0.418,
        "blockage_pct": 0.0,
        "channel_type": "roadside_storm_drain"
      }
    },
    {
      "type": "Feature",
      "geometry": {
        "type": "LineString",
        "coordinates": [
          [
            77.680812,
            12.948461
          ],
          [
            77.687792,
            12.949063
          ]
        ]
      },
      "properties": {
        "id": "DE-00158",
        "from_node": "DN-00299",
        "to_node": "DN-00300",
        "length_m": 759.52,
        "diameter_m": 0.8,
        "slope": 0.006,
        "roughness_n": 0.013,
        "capacity_m3s": 1.024,
        "blockage_pct": 0.0,
        "channel_type": "roadside_storm_drain"
      }
    },
    {
      "type": "Feature",
      "geometry": {
        "type": "LineString",
        "coordinates": [
          [
            77.665331,
            12.923017
          ],
          [
            77.665337,
            12.923056
          ]
        ]
      },
      "properties": {
        "id": "DE-00159",
        "from_node": "DN-00301",
        "to_node": "DN-00301",
        "length_m": 5.0,
        "diameter_m": 0.8,
        "slope": 0.001,
        "roughness_n": 0.013,
        "capacity_m3s": 0.418,
        "blockage_pct": 0.0,
        "channel_type": "roadside_storm_drain"
      }
    },
    {
      "type": "Feature",
      "geometry": {
        "type": "LineString",
        "coordinates": [
          [
            77.665559,
            12.920934
          ],
          [
            77.665556,
            12.921086
          ]
        ]
      },
      "properties": {
        "id": "DE-00160",
        "from_node": "DN-00302",
        "to_node": "DN-00303",
        "length_m": 16.92,
        "diameter_m": 0.8,
        "slope": 0.0313,
        "roughness_n": 0.013,
        "capacity_m3s": 2.339,
        "blockage_pct": 0.0,
        "channel_type": "roadside_storm_drain"
      }
    },
    {
      "type": "Feature",
      "geometry": {
        "type": "LineString",
        "coordinates": [
          [
            77.628327,
            12.924601
          ],
          [
            77.633548,
            12.924991
          ]
        ]
      },
      "properties": {
        "id": "DE-00161",
        "from_node": "DN-00304",
        "to_node": "DN-00041",
        "length_m": 579.23,
        "diameter_m": 0.8,
        "slope": 0.0125,
        "roughness_n": 0.013,
        "capacity_m3s": 1.478,
        "blockage_pct": 0.0,
        "channel_type": "roadside_storm_drain"
      }
    },
    {
      "type": "Feature",
      "geometry": {
        "type": "LineString",
        "coordinates": [
          [
            77.633548,
            12.924991
          ],
          [
            77.633636,
            12.925004
          ]
        ]
      },
      "properties": {
        "id": "DE-00162",
        "from_node": "DN-00041",
        "to_node": "DN-00041",
        "length_m": 9.65,
        "diameter_m": 0.8,
        "slope": 0.0238,
        "roughness_n": 0.013,
        "capacity_m3s": 2.04,
        "blockage_pct": 0.0,
        "channel_type": "roadside_storm_drain"
      }
    },
    {
      "type": "Feature",
      "geometry": {
        "type": "LineString",
        "coordinates": [
          [
            77.633657,
            12.924881
          ],
          [
            77.633636,
            12.925004
          ]
        ]
      },
      "properties": {
        "id": "DE-00163",
        "from_node": "DN-00305",
        "to_node": "DN-00041",
        "length_m": 13.87,
        "diameter_m": 0.8,
        "slope": 0.0072,
        "roughness_n": 0.013,
        "capacity_m3s": 1.122,
        "blockage_pct": 0.0,
        "channel_type": "roadside_storm_drain"
      }
    },
    {
      "type": "Feature",
      "geometry": {
        "type": "LineString",
        "coordinates": [
          [
            77.627248,
            12.909615
          ],
          [
            77.62612,
            12.911459
          ]
        ]
      },
      "properties": {
        "id": "DE-00164",
        "from_node": "DN-00306",
        "to_node": "DN-00307",
        "length_m": 238.73,
        "diameter_m": 0.8,
        "slope": 0.0047,
        "roughness_n": 0.013,
        "capacity_m3s": 0.907,
        "blockage_pct": 0.0,
        "channel_type": "roadside_storm_drain"
      }
    },
    {
      "type": "Feature",
      "geometry": {
        "type": "LineString",
        "coordinates": [
          [
            77.617991,
            12.92471
          ],
          [
            77.618172,
            12.924413
          ]
        ]
      },
      "properties": {
        "id": "DE-00165",
        "from_node": "DN-00308",
        "to_node": "DN-00309",
        "length_m": 38.41,
        "diameter_m": 0.8,
        "slope": 0.007,
        "roughness_n": 0.013,
        "capacity_m3s": 1.106,
        "blockage_pct": 0.0,
        "channel_type": "roadside_storm_drain"
      }
    },
    {
      "type": "Feature",
      "geometry": {
        "type": "LineString",
        "coordinates": [
          [
            77.618063,
            12.924747
          ],
          [
            77.618233,
            12.924461
          ]
        ]
      },
      "properties": {
        "id": "DE-00166",
        "from_node": "DN-00310",
        "to_node": "DN-00311",
        "length_m": 36.75,
        "diameter_m": 0.8,
        "slope": 0.0139,
        "roughness_n": 0.013,
        "capacity_m3s": 1.559,
        "blockage_pct": 0.0,
        "channel_type": "roadside_storm_drain"
      }
    },
    {
      "type": "Feature",
      "geometry": {
        "type": "LineString",
        "coordinates": [
          [
            77.620247,
            12.921014
          ],
          [
            77.621047,
            12.91968
          ]
        ]
      },
      "properties": {
        "id": "DE-00167",
        "from_node": "DN-00312",
        "to_node": "DN-00313",
        "length_m": 171.82,
        "diameter_m": 0.8,
        "slope": 0.0052,
        "roughness_n": 0.013,
        "capacity_m3s": 0.954,
        "blockage_pct": 0.0,
        "channel_type": "roadside_storm_drain"
      }
    },
    {
      "type": "Feature",
      "geometry": {
        "type": "LineString",
        "coordinates": [
          [
            77.62092,
            12.927597
          ],
          [
            77.620879,
            12.927506
          ]
        ]
      },
      "properties": {
        "id": "DE-00168",
        "from_node": "DN-00314",
        "to_node": "DN-00033",
        "length_m": 11.05,
        "diameter_m": 0.8,
        "slope": 0.0226,
        "roughness_n": 0.013,
        "capacity_m3s": 1.988,
        "blockage_pct": 0.0,
        "channel_type": "roadside_storm_drain"
      }
    },
    {
      "type": "Feature",
      "geometry": {
        "type": "LineString",
        "coordinates": [
          [
            77.613443,
            12.931831
          ],
          [
            77.61384,
            12.931521
          ]
        ]
      },
      "properties": {
        "id": "DE-00169",
        "from_node": "DN-00315",
        "to_node": "DN-00316",
        "length_m": 55.17,
        "diameter_m": 0.8,
        "slope": 0.0121,
        "roughness_n": 0.013,
        "capacity_m3s": 1.455,
        "blockage_pct": 0.0,
        "channel_type": "roadside_storm_drain"
      }
    },
    {
      "type": "Feature",
      "geometry": {
        "type": "LineString",
        "coordinates": [
          [
            77.609735,
            12.934691
          ],
          [
            77.613443,
            12.931831
          ]
        ]
      },
      "properties": {
        "id": "DE-00170",
        "from_node": "DN-00317",
        "to_node": "DN-00318",
        "length_m": 512.5,
        "diameter_m": 0.8,
        "slope": 0.0016,
        "roughness_n": 0.013,
        "capacity_m3s": 0.529,
        "blockage_pct": 0.0,
        "channel_type": "roadside_storm_drain"
      }
    },
    {
      "type": "Feature",
      "geometry": {
        "type": "LineString",
        "coordinates": [
          [
            77.633179,
            12.929873
          ],
          [
            77.63316,
            12.930055
          ]
        ]
      },
      "properties": {
        "id": "DE-00171",
        "from_node": "DN-00319",
        "to_node": "DN-00320",
        "length_m": 20.35,
        "diameter_m": 0.8,
        "slope": 0.086,
        "roughness_n": 0.013,
        "capacity_m3s": 3.878,
        "blockage_pct": 0.0,
        "channel_type": "roadside_storm_drain"
      }
    },
    {
      "type": "Feature",
      "geometry": {
        "type": "LineString",
        "coordinates": [
          [
            77.610276,
            12.919752
          ],
          [
            77.610329,
            12.919749
          ]
        ]
      },
      "properties": {
        "id": "DE-00172",
        "from_node": "DN-00321",
        "to_node": "DN-00322",
        "length_m": 5.75,
        "diameter_m": 0.8,
        "slope": 0.0748,
        "roughness_n": 0.013,
        "capacity_m3s": 3.617,
        "blockage_pct": 0.0,
        "channel_type": "roadside_storm_drain"
      }
    },
    {
      "type": "Feature",
      "geometry": {
        "type": "LineString",
        "coordinates": [
          [
            77.610276,
            12.919752
          ],
          [
            77.610222,
            12.919779
          ]
        ]
      },
      "properties": {
        "id": "DE-00173",
        "from_node": "DN-00323",
        "to_node": "DN-00324",
        "length_m": 6.58,
        "diameter_m": 0.8,
        "slope": 0.001,
        "roughness_n": 0.013,
        "capacity_m3s": 0.418,
        "blockage_pct": 0.0,
        "channel_type": "roadside_storm_drain"
      }
    },
    {
      "type": "Feature",
      "geometry": {
        "type": "LineString",
        "coordinates": [
          [
            77.610222,
            12.919779
          ],
          [
            77.61028,
            12.9198
          ]
        ]
      },
      "properties": {
        "id": "DE-00174",
        "from_node": "DN-00325",
        "to_node": "DN-00326",
        "length_m": 6.71,
        "diameter_m": 0.8,
        "slope": 0.001,
        "roughness_n": 0.013,
        "capacity_m3s": 0.418,
        "blockage_pct": 0.0,
        "channel_type": "roadside_storm_drain"
      }
    },
    {
      "type": "Feature",
      "geometry": {
        "type": "LineString",
        "coordinates": [
          [
            77.638259,
            12.916126
          ],
          [
            77.638257,
            12.915947
          ]
        ]
      },
      "properties": {
        "id": "DE-00175",
        "from_node": "DN-00327",
        "to_node": "DN-00328",
        "length_m": 19.91,
        "diameter_m": 0.8,
        "slope": 0.003,
        "roughness_n": 0.013,
        "capacity_m3s": 0.724,
        "blockage_pct": 0.0,
        "channel_type": "roadside_storm_drain"
      }
    },
    {
      "type": "Feature",
      "geometry": {
        "type": "LineString",
        "coordinates": [
          [
            77.618233,
            12.924461
          ],
          [
            77.618886,
            12.92345
          ]
        ]
      },
      "properties": {
        "id": "DE-00176",
        "from_node": "DN-00329",
        "to_node": "DN-00330",
        "length_m": 132.96,
        "diameter_m": 0.8,
        "slope": 0.01,
        "roughness_n": 0.013,
        "capacity_m3s": 1.322,
        "blockage_pct": 0.0,
        "channel_type": "roadside_storm_drain"
      }
    },
    {
      "type": "Feature",
      "geometry": {
        "type": "LineString",
        "coordinates": [
          [
            77.617191,
            12.925979
          ],
          [
            77.617991,
            12.92471
          ]
        ]
      },
      "properties": {
        "id": "DE-00177",
        "from_node": "DN-00331",
        "to_node": "DN-00308",
        "length_m": 165.62,
        "diameter_m": 0.8,
        "slope": 0.0146,
        "roughness_n": 0.013,
        "capacity_m3s": 1.598,
        "blockage_pct": 0.0,
        "channel_type": "roadside_storm_drain"
      }
    },
    {
      "type": "Feature",
      "geometry": {
        "type": "LineString",
        "coordinates": [
          [
            77.648838,
            12.899494
          ],
          [
            77.638937,
            12.905763
          ]
        ]
      },
      "properties": {
        "id": "DE-00178",
        "from_node": "DN-00253",
        "to_node": "DN-00254",
        "length_m": 1324.39,
        "diameter_m": 0.8,
        "slope": 0.0076,
        "roughness_n": 0.013,
        "capacity_m3s": 1.153,
        "blockage_pct": 0.0,
        "channel_type": "roadside_storm_drain"
      }
    },
    {
      "type": "Feature",
      "geometry": {
        "type": "LineString",
        "coordinates": [
          [
            77.641227,
            12.905499
          ],
          [
            77.638937,
            12.905763
          ]
        ]
      },
      "properties": {
        "id": "DE-00179",
        "from_node": "DN-00068",
        "to_node": "DN-00254",
        "length_m": 249.97,
        "diameter_m": 0.8,
        "slope": 0.0016,
        "roughness_n": 0.013,
        "capacity_m3s": 0.529,
        "blockage_pct": 0.0,
        "channel_type": "roadside_storm_drain"
      }
    },
    {
      "type": "Feature",
      "geometry": {
        "type": "LineString",
        "coordinates": [
          [
            77.630462,
            12.90472
          ],
          [
            77.628963,
            12.907173
          ]
        ]
      },
      "properties": {
        "id": "DE-00180",
        "from_node": "DN-00332",
        "to_node": "DN-00333",
        "length_m": 317.48,
        "diameter_m": 0.8,
        "slope": 0.0046,
        "roughness_n": 0.013,
        "capacity_m3s": 0.897,
        "blockage_pct": 0.0,
        "channel_type": "roadside_storm_drain"
      }
    },
    {
      "type": "Feature",
      "geometry": {
        "type": "LineString",
        "coordinates": [
          [
            77.621032,
            12.927561
          ],
          [
            77.620991,
            12.927464
          ]
        ]
      },
      "properties": {
        "id": "DE-00181",
        "from_node": "DN-00334",
        "to_node": "DN-00032",
        "length_m": 11.67,
        "diameter_m": 0.8,
        "slope": 0.001,
        "roughness_n": 0.013,
        "capacity_m3s": 0.418,
        "blockage_pct": 0.0,
        "channel_type": "roadside_storm_drain"
      }
    },
    {
      "type": "Feature",
      "geometry": {
        "type": "LineString",
        "coordinates": [
          [
            77.628282,
            12.924497
          ],
          [
            77.628792,
            12.924283
          ]
        ]
      },
      "properties": {
        "id": "DE-00182",
        "from_node": "DN-00335",
        "to_node": "DN-00336",
        "length_m": 60.19,
        "diameter_m": 0.8,
        "slope": 0.0115,
        "roughness_n": 0.013,
        "capacity_m3s": 1.418,
        "blockage_pct": 0.0,
        "channel_type": "roadside_storm_drain"
      }
    },
    {
      "type": "Feature",
      "geometry": {
        "type": "LineString",
        "coordinates": [
          [
            77.650306,
            12.924481
          ],
          [
            77.649974,
            12.92447
          ]
        ]
      },
      "properties": {
        "id": "DE-00183",
        "from_node": "DN-00337",
        "to_node": "DN-00338",
        "length_m": 36.0,
        "diameter_m": 0.8,
        "slope": 0.0122,
        "roughness_n": 0.013,
        "capacity_m3s": 1.461,
        "blockage_pct": 0.0,
        "channel_type": "roadside_storm_drain"
      }
    },
    {
      "type": "Feature",
      "geometry": {
        "type": "LineString",
        "coordinates": [
          [
            77.649906,
            12.924648
          ],
          [
            77.649552,
            12.924618
          ]
        ]
      },
      "properties": {
        "id": "DE-00184",
        "from_node": "DN-00339",
        "to_node": "DN-00340",
        "length_m": 38.51,
        "diameter_m": 0.8,
        "slope": 0.0016,
        "roughness_n": 0.013,
        "capacity_m3s": 0.529,
        "blockage_pct": 0.0,
        "channel_type": "roadside_storm_drain"
      }
    },
    {
      "type": "Feature",
      "geometry": {
        "type": "LineString",
        "coordinates": [
          [
            77.639894,
            12.923584
          ],
          [
            77.639998,
            12.92382
          ]
        ]
      },
      "properties": {
        "id": "DE-00185",
        "from_node": "DN-00341",
        "to_node": "DN-00342",
        "length_m": 28.56,
        "diameter_m": 0.8,
        "slope": 0.0014,
        "roughness_n": 0.013,
        "capacity_m3s": 0.495,
        "blockage_pct": 0.0,
        "channel_type": "roadside_storm_drain"
      }
    },
    {
      "type": "Feature",
      "geometry": {
        "type": "LineString",
        "coordinates": [
          [
            77.639466,
            12.924029
          ],
          [
            77.639927,
            12.923848
          ]
        ]
      },
      "properties": {
        "id": "DE-00186",
        "from_node": "DN-00343",
        "to_node": "DN-00344",
        "length_m": 53.86,
        "diameter_m": 0.8,
        "slope": 0.016,
        "roughness_n": 0.013,
        "capacity_m3s": 1.673,
        "blockage_pct": 0.0,
        "channel_type": "roadside_storm_drain"
      }
    },
    {
      "type": "Feature",
      "geometry": {
        "type": "LineString",
        "coordinates": [
          [
            77.647555,
            12.924158
          ],
          [
            77.647346,
            12.924061
          ]
        ]
      },
      "properties": {
        "id": "DE-00187",
        "from_node": "DN-00345",
        "to_node": "DN-00346",
        "length_m": 25.1,
        "diameter_m": 0.8,
        "slope": 0.0028,
        "roughness_n": 0.013,
        "capacity_m3s": 0.7,
        "blockage_pct": 0.0,
        "channel_type": "roadside_storm_drain"
      }
    },
    {
      "type": "Feature",
      "geometry": {
        "type": "LineString",
        "coordinates": [
          [
            77.634928,
            12.916344
          ],
          [
            77.635555,
            12.916318
          ]
        ]
      },
      "properties": {
        "id": "DE-00188",
        "from_node": "DN-00347",
        "to_node": "DN-00348",
        "length_m": 68.02,
        "diameter_m": 0.8,
        "slope": 0.0038,
        "roughness_n": 0.013,
        "capacity_m3s": 0.815,
        "blockage_pct": 0.0,
        "channel_type": "roadside_storm_drain"
      }
    },
    {
      "type": "Feature",
      "geometry": {
        "type": "LineString",
        "coordinates": [
          [
            77.640752,
            12.91709
          ],
          [
            77.638257,
            12.915947
          ]
        ]
      },
      "properties": {
        "id": "DE-00189",
        "from_node": "DN-00349",
        "to_node": "DN-00350",
        "length_m": 303.11,
        "diameter_m": 0.8,
        "slope": 0.0038,
        "roughness_n": 0.013,
        "capacity_m3s": 0.815,
        "blockage_pct": 0.0,
        "channel_type": "roadside_storm_drain"
      }
    },
    {
      "type": "Feature",
      "geometry": {
        "type": "LineString",
        "coordinates": [
          [
            77.638257,
            12.915947
          ],
          [
            77.638161,
            12.915947
          ]
        ]
      },
      "properties": {
        "id": "DE-00190",
        "from_node": "DN-00351",
        "to_node": "DN-00328",
        "length_m": 10.4,
        "diameter_m": 0.8,
        "slope": 0.001,
        "roughness_n": 0.013,
        "capacity_m3s": 0.418,
        "blockage_pct": 0.0,
        "channel_type": "roadside_storm_drain"
      }
    },
    {
      "type": "Feature",
      "geometry": {
        "type": "LineString",
        "coordinates": [
          [
            77.632365,
            12.916387
          ],
          [
            77.635397,
            12.916092
          ]
        ]
      },
      "properties": {
        "id": "DE-00191",
        "from_node": "DN-00352",
        "to_node": "DN-00353",
        "length_m": 330.3,
        "diameter_m": 0.8,
        "slope": 0.0083,
        "roughness_n": 0.013,
        "capacity_m3s": 1.205,
        "blockage_pct": 0.0,
        "channel_type": "roadside_storm_drain"
      }
    },
    {
      "type": "Feature",
      "geometry": {
        "type": "LineString",
        "coordinates": [
          [
            77.635397,
            12.916092
          ],
          [
            77.635396,
            12.916063
          ]
        ]
      },
      "properties": {
        "id": "DE-00192",
        "from_node": "DN-00354",
        "to_node": "DN-00355",
        "length_m": 5.0,
        "diameter_m": 0.8,
        "slope": 0.001,
        "roughness_n": 0.013,
        "capacity_m3s": 0.418,
        "blockage_pct": 0.0,
        "channel_type": "roadside_storm_drain"
      }
    },
    {
      "type": "Feature",
      "geometry": {
        "type": "LineString",
        "coordinates": [
          [
            77.632365,
            12.916387
          ],
          [
            77.632364,
            12.916336
          ]
        ]
      },
      "properties": {
        "id": "DE-00193",
        "from_node": "DN-00356",
        "to_node": "DN-00357",
        "length_m": 5.67,
        "diameter_m": 0.8,
        "slope": 0.0758,
        "roughness_n": 0.013,
        "capacity_m3s": 3.641,
        "blockage_pct": 0.0,
        "channel_type": "roadside_storm_drain"
      }
    },
    {
      "type": "Feature",
      "geometry": {
        "type": "LineString",
        "coordinates": [
          [
            77.632293,
            12.916394
          ],
          [
            77.632292,
            12.916491
          ]
        ]
      },
      "properties": {
        "id": "DE-00194",
        "from_node": "DN-00358",
        "to_node": "DN-00359",
        "length_m": 10.79,
        "diameter_m": 0.8,
        "slope": 0.001,
        "roughness_n": 0.013,
        "capacity_m3s": 0.418,
        "blockage_pct": 0.0,
        "channel_type": "roadside_storm_drain"
      }
    },
    {
      "type": "Feature",
      "geometry": {
        "type": "LineString",
        "coordinates": [
          [
            77.615166,
            12.929571
          ],
          [
            77.617282,
            12.926037
          ]
        ]
      },
      "properties": {
        "id": "DE-00195",
        "from_node": "DN-00360",
        "to_node": "DN-00361",
        "length_m": 455.19,
        "diameter_m": 0.8,
        "slope": 0.0148,
        "roughness_n": 0.013,
        "capacity_m3s": 1.609,
        "blockage_pct": 0.0,
        "channel_type": "roadside_storm_drain"
      }
    },
    {
      "type": "Feature",
      "geometry": {
        "type": "LineString",
        "coordinates": [
          [
            77.627561,
            12.909319
          ],
          [
            77.627357,
            12.909699
          ]
        ]
      },
      "properties": {
        "id": "DE-00196",
        "from_node": "DN-00362",
        "to_node": "DN-00363",
        "length_m": 47.69,
        "diameter_m": 0.8,
        "slope": 0.0036,
        "roughness_n": 0.013,
        "capacity_m3s": 0.793,
        "blockage_pct": 0.0,
        "channel_type": "roadside_storm_drain"
      }
    },
    {
      "type": "Feature",
      "geometry": {
        "type": "LineString",
        "coordinates": [
          [
            77.628405,
            12.907937
          ],
          [
            77.627561,
            12.909319
          ]
        ]
      },
      "properties": {
        "id": "DE-00197",
        "from_node": "DN-00364",
        "to_node": "DN-00365",
        "length_m": 178.84,
        "diameter_m": 0.8,
        "slope": 0.0114,
        "roughness_n": 0.013,
        "capacity_m3s": 1.412,
        "blockage_pct": 0.0,
        "channel_type": "roadside_storm_drain"
      }
    },
    {
      "type": "Feature",
      "geometry": {
        "type": "LineString",
        "coordinates": [
          [
            77.627208,
            12.903443
          ],
          [
            77.627203,
            12.903526
          ]
        ]
      },
      "properties": {
        "id": "DE-00198",
        "from_node": "DN-00366",
        "to_node": "DN-00367",
        "length_m": 9.25,
        "diameter_m": 0.8,
        "slope": 0.0422,
        "roughness_n": 0.013,
        "capacity_m3s": 2.716,
        "blockage_pct": 0.0,
        "channel_type": "roadside_storm_drain"
      }
    },
    {
      "type": "Feature",
      "geometry": {
        "type": "LineString",
        "coordinates": [
          [
            77.627267,
            12.903505
          ],
          [
            77.627203,
            12.903526
          ]
        ]
      },
      "properties": {
        "id": "DE-00199",
        "from_node": "DN-00368",
        "to_node": "DN-00369",
        "length_m": 7.32,
        "diameter_m": 0.8,
        "slope": 0.0533,
        "roughness_n": 0.013,
        "capacity_m3s": 3.053,
        "blockage_pct": 0.0,
        "channel_type": "roadside_storm_drain"
      }
    },
    {
      "type": "Feature",
      "geometry": {
        "type": "LineString",
        "coordinates": [
          [
            77.627595,
            12.905326
          ],
          [
            77.627971,
            12.906571
          ]
        ]
      },
      "properties": {
        "id": "DE-00200",
        "from_node": "DN-00370",
        "to_node": "DN-00371",
        "length_m": 144.86,
        "diameter_m": 0.8,
        "slope": 0.0227,
        "roughness_n": 0.013,
        "capacity_m3s": 1.992,
        "blockage_pct": 0.0,
        "channel_type": "roadside_storm_drain"
      }
    },
    {
      "type": "Feature",
      "geometry": {
        "type": "LineString",
        "coordinates": [
          [
            77.625023,
            12.912944
          ],
          [
            77.624009,
            12.914642
          ]
        ]
      },
      "properties": {
        "id": "DE-00201",
        "from_node": "DN-00372",
        "to_node": "DN-00373",
        "length_m": 218.48,
        "diameter_m": 0.8,
        "slope": 0.001,
        "roughness_n": 0.013,
        "capacity_m3s": 0.418,
        "blockage_pct": 0.0,
        "channel_type": "roadside_storm_drain"
      }
    },
    {
      "type": "Feature",
      "geometry": {
        "type": "LineString",
        "coordinates": [
          [
            77.625023,
            12.912944
          ],
          [
            77.625158,
            12.913026
          ]
        ]
      },
      "properties": {
        "id": "DE-00202",
        "from_node": "DN-00374",
        "to_node": "DN-00375",
        "length_m": 17.24,
        "diameter_m": 0.8,
        "slope": 0.0064,
        "roughness_n": 0.013,
        "capacity_m3s": 1.058,
        "blockage_pct": 0.0,
        "channel_type": "roadside_storm_drain"
      }
    },
    {
      "type": "Feature",
      "geometry": {
        "type": "LineString",
        "coordinates": [
          [
            77.601528,
            12.90346
          ],
          [
            77.609018,
            12.903291
          ]
        ]
      },
      "properties": {
        "id": "DE-00203",
        "from_node": "DN-00376",
        "to_node": "DN-00377",
        "length_m": 814.03,
        "diameter_m": 0.8,
        "slope": 0.0032,
        "roughness_n": 0.013,
        "capacity_m3s": 0.748,
        "blockage_pct": 0.0,
        "channel_type": "roadside_storm_drain"
      }
    },
    {
      "type": "Feature",
      "geometry": {
        "type": "LineString",
        "coordinates": [
          [
            77.601528,
            12.90346
          ],
          [
            77.609018,
            12.903291
          ]
        ]
      },
      "properties": {
        "id": "DE-00204",
        "from_node": "DN-00378",
        "to_node": "DN-00379",
        "length_m": 814.03,
        "diameter_m": 0.8,
        "slope": 0.0032,
        "roughness_n": 0.013,
        "capacity_m3s": 0.748,
        "blockage_pct": 0.0,
        "channel_type": "roadside_storm_drain"
      }
    },
    {
      "type": "Feature",
      "geometry": {
        "type": "LineString",
        "coordinates": [
          [
            77.607569,
            12.944005
          ],
          [
            77.607491,
            12.944
          ]
        ]
      },
      "properties": {
        "id": "DE-00205",
        "from_node": "DN-00174",
        "to_node": "DN-00380",
        "length_m": 8.47,
        "diameter_m": 0.8,
        "slope": 0.001,
        "roughness_n": 0.013,
        "capacity_m3s": 0.418,
        "blockage_pct": 0.0,
        "channel_type": "roadside_storm_drain"
      }
    },
    {
      "type": "Feature",
      "geometry": {
        "type": "LineString",
        "coordinates": [
          [
            77.607553,
            12.944056
          ],
          [
            77.607641,
            12.944046
          ]
        ]
      },
      "properties": {
        "id": "DE-00206",
        "from_node": "DN-00381",
        "to_node": "DN-00173",
        "length_m": 9.6,
        "diameter_m": 0.8,
        "slope": 0.0271,
        "roughness_n": 0.013,
        "capacity_m3s": 2.177,
        "blockage_pct": 0.0,
        "channel_type": "roadside_storm_drain"
      }
    },
    {
      "type": "Feature",
      "geometry": {
        "type": "LineString",
        "coordinates": [
          [
            77.620296,
            12.92121
          ],
          [
            77.620374,
            12.921081
          ]
        ]
      },
      "properties": {
        "id": "DE-00207",
        "from_node": "DN-00289",
        "to_node": "DN-00382",
        "length_m": 16.65,
        "diameter_m": 0.8,
        "slope": 0.001,
        "roughness_n": 0.013,
        "capacity_m3s": 0.418,
        "blockage_pct": 0.0,
        "channel_type": "roadside_storm_drain"
      }
    },
    {
      "type": "Feature",
      "geometry": {
        "type": "LineString",
        "coordinates": [
          [
            77.616066,
            12.927859
          ],
          [
            77.614626,
            12.923535
          ]
        ]
      },
      "properties": {
        "id": "DE-00208",
        "from_node": "DN-00383",
        "to_node": "DN-00384",
        "length_m": 505.98,
        "diameter_m": 0.8,
        "slope": 0.017,
        "roughness_n": 0.013,
        "capacity_m3s": 1.724,
        "blockage_pct": 0.0,
        "channel_type": "roadside_storm_drain"
      }
    },
    {
      "type": "Feature",
      "geometry": {
        "type": "LineString",
        "coordinates": [
          [
            77.698727,
            12.91554
          ],
          [
            77.685511,
            12.91871
          ]
        ]
      },
      "properties": {
        "id": "DE-00209",
        "from_node": "DN-00385",
        "to_node": "DN-00386",
        "length_m": 1684.26,
        "diameter_m": 0.8,
        "slope": 0.0042,
        "roughness_n": 0.013,
        "capacity_m3s": 0.857,
        "blockage_pct": 0.0,
        "channel_type": "roadside_storm_drain"
      }
    },
    {
      "type": "Feature",
      "geometry": {
        "type": "LineString",
        "coordinates": [
          [
            77.685511,
            12.91871
          ],
          [
            77.685438,
            12.918735
          ]
        ]
      },
      "properties": {
        "id": "DE-00210",
        "from_node": "DN-00387",
        "to_node": "DN-00388",
        "length_m": 8.39,
        "diameter_m": 0.8,
        "slope": 0.0739,
        "roughness_n": 0.013,
        "capacity_m3s": 3.595,
        "blockage_pct": 0.0,
        "channel_type": "roadside_storm_drain"
      }
    },
    {
      "type": "Feature",
      "geometry": {
        "type": "LineString",
        "coordinates": [
          [
            77.685438,
            12.918735
          ],
          [
            77.685457,
            12.919631
          ]
        ]
      },
      "properties": {
        "id": "DE-00211",
        "from_node": "DN-00389",
        "to_node": "DN-00390",
        "length_m": 99.65,
        "diameter_m": 0.8,
        "slope": 0.0207,
        "roughness_n": 0.013,
        "capacity_m3s": 1.903,
        "blockage_pct": 0.0,
        "channel_type": "roadside_storm_drain"
      }
    },
    {
      "type": "Feature",
      "geometry": {
        "type": "LineString",
        "coordinates": [
          [
            77.609539,
            12.934931
          ],
          [
            77.609667,
            12.934847
          ]
        ]
      },
      "properties": {
        "id": "DE-00212",
        "from_node": "DN-00391",
        "to_node": "DN-00392",
        "length_m": 16.72,
        "diameter_m": 0.8,
        "slope": 0.0167,
        "roughness_n": 0.013,
        "capacity_m3s": 1.709,
        "blockage_pct": 0.0,
        "channel_type": "roadside_storm_drain"
      }
    },
    {
      "type": "Feature",
      "geometry": {
        "type": "LineString",
        "coordinates": [
          [
            77.61375,
            12.931689
          ],
          [
            77.613866,
            12.931655
          ]
        ]
      },
      "properties": {
        "id": "DE-00213",
        "from_node": "DN-00393",
        "to_node": "DN-00394",
        "length_m": 13.13,
        "diameter_m": 0.8,
        "slope": 0.001,
        "roughness_n": 0.013,
        "capacity_m3s": 0.418,
        "blockage_pct": 0.0,
        "channel_type": "roadside_storm_drain"
      }
    },
    {
      "type": "Feature",
      "geometry": {
        "type": "LineString",
        "coordinates": [
          [
            77.65174,
            12.901112
          ],
          [
            77.650691,
            12.90178
          ]
        ]
      },
      "properties": {
        "id": "DE-00214",
        "from_node": "DN-00395",
        "to_node": "DN-00396",
        "length_m": 137.41,
        "diameter_m": 0.8,
        "slope": 0.0107,
        "roughness_n": 0.013,
        "capacity_m3s": 1.368,
        "blockage_pct": 0.0,
        "channel_type": "roadside_storm_drain"
      }
    },
    {
      "type": "Feature",
      "geometry": {
        "type": "LineString",
        "coordinates": [
          [
            77.680433,
            12.943756
          ],
          [
            77.679626,
            12.942299
          ]
        ]
      },
      "properties": {
        "id": "DE-00215",
        "from_node": "DN-00397",
        "to_node": "DN-00398",
        "length_m": 184.11,
        "diameter_m": 0.8,
        "slope": 0.0257,
        "roughness_n": 0.013,
        "capacity_m3s": 2.12,
        "blockage_pct": 0.0,
        "channel_type": "roadside_storm_drain"
      }
    },
    {
      "type": "Feature",
      "geometry": {
        "type": "LineString",
        "coordinates": [
          [
            77.680433,
            12.943756
          ],
          [
            77.686719,
            12.940686
          ]
        ]
      },
      "properties": {
        "id": "DE-00216",
        "from_node": "DN-00399",
        "to_node": "DN-00400",
        "length_m": 765.4,
        "diameter_m": 0.8,
        "slope": 0.0146,
        "roughness_n": 0.013,
        "capacity_m3s": 1.598,
        "blockage_pct": 0.0,
        "channel_type": "roadside_storm_drain"
      }
    },
    {
      "type": "Feature",
      "geometry": {
        "type": "LineString",
        "coordinates": [
          [
            77.634648,
            12.938747
          ],
          [
            77.641312,
            12.958083
          ]
        ]
      },
      "properties": {
        "id": "DE-00217",
        "from_node": "DN-00401",
        "to_node": "DN-00402",
        "length_m": 2497.36,
        "diameter_m": 0.8,
        "slope": 0.001,
        "roughness_n": 0.013,
        "capacity_m3s": 0.418,
        "blockage_pct": 0.0,
        "channel_type": "roadside_storm_drain"
      }
    },
    {
      "type": "Feature",
      "geometry": {
        "type": "LineString",
        "coordinates": [
          [
            77.627005,
            12.937249
          ],
          [
            77.628541,
            12.938179
          ]
        ]
      },
      "properties": {
        "id": "DE-00218",
        "from_node": "DN-00108",
        "to_node": "DN-00403",
        "length_m": 196.82,
        "diameter_m": 0.8,
        "slope": 0.0068,
        "roughness_n": 0.013,
        "capacity_m3s": 1.09,
        "blockage_pct": 0.0,
        "channel_type": "roadside_storm_drain"
      }
    },
    {
      "type": "Feature",
      "geometry": {
        "type": "LineString",
        "coordinates": [
          [
            77.627005,
            12.937249
          ],
          [
            77.627056,
            12.937194
          ]
        ]
      },
      "properties": {
        "id": "DE-00219",
        "from_node": "DN-00108",
        "to_node": "DN-00108",
        "length_m": 8.24,
        "diameter_m": 0.8,
        "slope": 0.001,
        "roughness_n": 0.013,
        "capacity_m3s": 0.418,
        "blockage_pct": 0.0,
        "channel_type": "roadside_storm_drain"
      }
    },
    {
      "type": "Feature",
      "geometry": {
        "type": "LineString",
        "coordinates": [
          [
            77.631105,
            12.938568
          ],
          [
            77.628704,
            12.93835
          ]
        ]
      },
      "properties": {
        "id": "DE-00220",
        "from_node": "DN-00404",
        "to_node": "DN-00405",
        "length_m": 263.57,
        "diameter_m": 0.8,
        "slope": 0.001,
        "roughness_n": 0.013,
        "capacity_m3s": 0.418,
        "blockage_pct": 0.0,
        "channel_type": "roadside_storm_drain"
      }
    },
    {
      "type": "Feature",
      "geometry": {
        "type": "LineString",
        "coordinates": [
          [
            77.634765,
            12.938651
          ],
          [
            77.633312,
            12.938435
          ]
        ]
      },
      "properties": {
        "id": "DE-00221",
        "from_node": "DN-00406",
        "to_node": "DN-00407",
        "length_m": 160.71,
        "diameter_m": 0.8,
        "slope": 0.0034,
        "roughness_n": 0.013,
        "capacity_m3s": 0.771,
        "blockage_pct": 0.0,
        "channel_type": "roadside_storm_drain"
      }
    },
    {
      "type": "Feature",
      "geometry": {
        "type": "LineString",
        "coordinates": [
          [
            77.660939,
            12.94724
          ],
          [
            77.661801,
            12.946902
          ]
        ]
      },
      "properties": {
        "id": "DE-00222",
        "from_node": "DN-00408",
        "to_node": "DN-00409",
        "length_m": 101.91,
        "diameter_m": 0.8,
        "slope": 0.0019,
        "roughness_n": 0.013,
        "capacity_m3s": 0.576,
        "blockage_pct": 0.0,
        "channel_type": "roadside_storm_drain"
      }
    },
    {
      "type": "Feature",
      "geometry": {
        "type": "LineString",
        "coordinates": [
          [
            77.670852,
            12.946573
          ],
          [
            77.673021,
            12.946465
          ]
        ]
      },
      "properties": {
        "id": "DE-00223",
        "from_node": "DN-00410",
        "to_node": "DN-00411",
        "length_m": 432.64,
        "diameter_m": 0.8,
        "slope": 0.009,
        "roughness_n": 0.013,
        "capacity_m3s": 1.254,
        "blockage_pct": 0.0,
        "channel_type": "roadside_storm_drain"
      }
    },
    {
      "type": "Feature",
      "geometry": {
        "type": "LineString",
        "coordinates": [
          [
            77.628714,
            12.907087
          ],
          [
            77.625997,
            12.911378
          ]
        ]
      },
      "properties": {
        "id": "DE-00224",
        "from_node": "DN-00412",
        "to_node": "DN-00413",
        "length_m": 560.71,
        "diameter_m": 0.8,
        "slope": 0.008,
        "roughness_n": 0.013,
        "capacity_m3s": 1.183,
        "blockage_pct": 0.0,
        "channel_type": "roadside_storm_drain"
      }
    },
    {
      "type": "Feature",
      "geometry": {
        "type": "LineString",
        "coordinates": [
          [
            77.628714,
            12.907087
          ],
          [
            77.628752,
            12.907022
          ]
        ]
      },
      "properties": {
        "id": "DE-00225",
        "from_node": "DN-00414",
        "to_node": "DN-00415",
        "length_m": 8.32,
        "diameter_m": 0.8,
        "slope": 0.001,
        "roughness_n": 0.013,
        "capacity_m3s": 0.418,
        "blockage_pct": 0.0,
        "channel_type": "roadside_storm_drain"
      }
    },
    {
      "type": "Feature",
      "geometry": {
        "type": "LineString",
        "coordinates": [
          [
            77.627267,
            12.903505
          ],
          [
            77.627203,
            12.903526
          ]
        ]
      },
      "properties": {
        "id": "DE-00226",
        "from_node": "DN-00367",
        "to_node": "DN-00416",
        "length_m": 7.32,
        "diameter_m": 0.8,
        "slope": 0.0533,
        "roughness_n": 0.013,
        "capacity_m3s": 3.053,
        "blockage_pct": 0.0,
        "channel_type": "roadside_storm_drain"
      }
    },
    {
      "type": "Feature",
      "geometry": {
        "type": "LineString",
        "coordinates": [
          [
            77.627429,
            12.902883
          ],
          [
            77.627208,
            12.903443
          ]
        ]
      },
      "properties": {
        "id": "DE-00227",
        "from_node": "DN-00417",
        "to_node": "DN-00418",
        "length_m": 67.68,
        "diameter_m": 0.8,
        "slope": 0.0056,
        "roughness_n": 0.013,
        "capacity_m3s": 0.99,
        "blockage_pct": 0.0,
        "channel_type": "roadside_storm_drain"
      }
    },
    {
      "type": "Feature",
      "geometry": {
        "type": "LineString",
        "coordinates": [
          [
            77.625023,
            12.912944
          ],
          [
            77.625158,
            12.913026
          ]
        ]
      },
      "properties": {
        "id": "DE-00228",
        "from_node": "DN-00419",
        "to_node": "DN-00375",
        "length_m": 17.24,
        "diameter_m": 0.8,
        "slope": 0.0064,
        "roughness_n": 0.013,
        "capacity_m3s": 1.058,
        "blockage_pct": 0.0,
        "channel_type": "roadside_storm_drain"
      }
    },
    {
      "type": "Feature",
      "geometry": {
        "type": "LineString",
        "coordinates": [
          [
            77.644915,
            12.922081
          ],
          [
            77.644977,
            12.922026
          ]
        ]
      },
      "properties": {
        "id": "DE-00229",
        "from_node": "DN-00420",
        "to_node": "DN-00421",
        "length_m": 9.09,
        "diameter_m": 0.8,
        "slope": 0.001,
        "roughness_n": 0.013,
        "capacity_m3s": 0.418,
        "blockage_pct": 0.0,
        "channel_type": "roadside_storm_drain"
      }
    },
    {
      "type": "Feature",
      "geometry": {
        "type": "LineString",
        "coordinates": [
          [
            77.644977,
            12.922026
          ],
          [
            77.644915,
            12.922081
          ]
        ]
      },
      "properties": {
        "id": "DE-00230",
        "from_node": "DN-00421",
        "to_node": "DN-00420",
        "length_m": 9.09,
        "diameter_m": 0.8,
        "slope": 0.001,
        "roughness_n": 0.013,
        "capacity_m3s": 0.418,
        "blockage_pct": 0.0,
        "channel_type": "roadside_storm_drain"
      }
    },
    {
      "type": "Feature",
      "geometry": {
        "type": "LineString",
        "coordinates": [
          [
            77.644977,
            12.922026
          ],
          [
            77.643115,
            12.919825
          ]
        ]
      },
      "properties": {
        "id": "DE-00231",
        "from_node": "DN-00421",
        "to_node": "DN-00422",
        "length_m": 317.41,
        "diameter_m": 0.8,
        "slope": 0.001,
        "roughness_n": 0.013,
        "capacity_m3s": 0.418,
        "blockage_pct": 0.0,
        "channel_type": "roadside_storm_drain"
      }
    },
    {
      "type": "Feature",
      "geometry": {
        "type": "LineString",
        "coordinates": [
          [
            77.644998,
            12.919604
          ],
          [
            77.643178,
            12.919793
          ]
        ]
      },
      "properties": {
        "id": "DE-00232",
        "from_node": "DN-00423",
        "to_node": "DN-00424",
        "length_m": 200.39,
        "diameter_m": 0.8,
        "slope": 0.0152,
        "roughness_n": 0.013,
        "capacity_m3s": 1.63,
        "blockage_pct": 0.0,
        "channel_type": "roadside_storm_drain"
      }
    },
    {
      "type": "Feature",
      "geometry": {
        "type": "LineString",
        "coordinates": [
          [
            77.641102,
            12.917323
          ],
          [
            77.638368,
            12.915799
          ]
        ]
      },
      "properties": {
        "id": "DE-00233",
        "from_node": "DN-00425",
        "to_node": "DN-00426",
        "length_m": 349.51,
        "diameter_m": 0.8,
        "slope": 0.0032,
        "roughness_n": 0.013,
        "capacity_m3s": 0.748,
        "blockage_pct": 0.0,
        "channel_type": "roadside_storm_drain"
      }
    },
    {
      "type": "Feature",
      "geometry": {
        "type": "LineString",
        "coordinates": [
          [
            77.641102,
            12.917323
          ],
          [
            77.64106,
            12.917367
          ]
        ]
      },
      "properties": {
        "id": "DE-00234",
        "from_node": "DN-00427",
        "to_node": "DN-00428",
        "length_m": 6.68,
        "diameter_m": 0.8,
        "slope": 0.0644,
        "roughness_n": 0.013,
        "capacity_m3s": 3.356,
        "blockage_pct": 0.0,
        "channel_type": "roadside_storm_drain"
      }
    },
    {
      "type": "Feature",
      "geometry": {
        "type": "LineString",
        "coordinates": [
          [
            77.669574,
            12.91871
          ],
          [
            77.665646,
            12.920461
          ]
        ]
      },
      "properties": {
        "id": "DE-00235",
        "from_node": "DN-00429",
        "to_node": "DN-00282",
        "length_m": 469.57,
        "diameter_m": 0.8,
        "slope": 0.001,
        "roughness_n": 0.013,
        "capacity_m3s": 0.418,
        "blockage_pct": 0.0,
        "channel_type": "roadside_storm_drain"
      }
    },
    {
      "type": "Feature",
      "geometry": {
        "type": "LineString",
        "coordinates": [
          [
            77.666262,
            12.921274
          ],
          [
            77.674278,
            12.924945
          ]
        ]
      },
      "properties": {
        "id": "DE-00236",
        "from_node": "DN-00430",
        "to_node": "DN-00431",
        "length_m": 959.97,
        "diameter_m": 0.8,
        "slope": 0.0018,
        "roughness_n": 0.013,
        "capacity_m3s": 0.561,
        "blockage_pct": 0.0,
        "channel_type": "roadside_storm_drain"
      }
    },
    {
      "type": "Feature",
      "geometry": {
        "type": "LineString",
        "coordinates": [
          [
            77.655338,
            12.923401
          ],
          [
            77.65406,
            12.92364
          ]
        ]
      },
      "properties": {
        "id": "DE-00237",
        "from_node": "DN-00432",
        "to_node": "DN-00433",
        "length_m": 141.03,
        "diameter_m": 0.8,
        "slope": 0.02,
        "roughness_n": 0.013,
        "capacity_m3s": 1.87,
        "blockage_pct": 0.0,
        "channel_type": "roadside_storm_drain"
      }
    },
    {
      "type": "Feature",
      "geometry": {
        "type": "LineString",
        "coordinates": [
          [
            77.635396,
            12.916063
          ],
          [
            77.635387,
            12.915903
          ]
        ]
      },
      "properties": {
        "id": "DE-00238",
        "from_node": "DN-00355",
        "to_node": "DN-00434",
        "length_m": 17.82,
        "diameter_m": 0.8,
        "slope": 0.0123,
        "roughness_n": 0.013,
        "capacity_m3s": 1.467,
        "blockage_pct": 0.0,
        "channel_type": "roadside_storm_drain"
      }
    },
    {
      "type": "Feature",
      "geometry": {
        "type": "LineString",
        "coordinates": [
          [
            77.635396,
            12.916063
          ],
          [
            77.635387,
            12.915903
          ]
        ]
      },
      "properties": {
        "id": "DE-00239",
        "from_node": "DN-00355",
        "to_node": "DN-00435",
        "length_m": 17.82,
        "diameter_m": 0.8,
        "slope": 0.0123,
        "roughness_n": 0.013,
        "capacity_m3s": 1.467,
        "blockage_pct": 0.0,
        "channel_type": "roadside_storm_drain"
      }
    },
    {
      "type": "Feature",
      "geometry": {
        "type": "LineString",
        "coordinates": [
          [
            77.65152,
            12.924473
          ],
          [
            77.649906,
            12.924648
          ]
        ]
      },
      "properties": {
        "id": "DE-00240",
        "from_node": "DN-00436",
        "to_node": "DN-00339",
        "length_m": 176.58,
        "diameter_m": 0.8,
        "slope": 0.0178,
        "roughness_n": 0.013,
        "capacity_m3s": 1.764,
        "blockage_pct": 0.0,
        "channel_type": "roadside_storm_drain"
      }
    },
    {
      "type": "Feature",
      "geometry": {
        "type": "LineString",
        "coordinates": [
          [
            77.651805,
            12.924408
          ],
          [
            77.65152,
            12.924473
          ]
        ]
      },
      "properties": {
        "id": "DE-00241",
        "from_node": "DN-00437",
        "to_node": "DN-00438",
        "length_m": 31.72,
        "diameter_m": 0.8,
        "slope": 0.0139,
        "roughness_n": 0.013,
        "capacity_m3s": 1.559,
        "blockage_pct": 0.0,
        "channel_type": "roadside_storm_drain"
      }
    },
    {
      "type": "Feature",
      "geometry": {
        "type": "LineString",
        "coordinates": [
          [
            77.662419,
            12.921189
          ],
          [
            77.662394,
            12.921281
          ]
        ]
      },
      "properties": {
        "id": "DE-00242",
        "from_node": "DN-00439",
        "to_node": "DN-00440",
        "length_m": 10.58,
        "diameter_m": 0.8,
        "slope": 0.001,
        "roughness_n": 0.013,
        "capacity_m3s": 0.418,
        "blockage_pct": 0.0,
        "channel_type": "roadside_storm_drain"
      }
    },
    {
      "type": "Feature",
      "geometry": {
        "type": "LineString",
        "coordinates": [
          [
            77.649238,
            12.919515
          ],
          [
            77.644998,
            12.919604
          ]
        ]
      },
      "properties": {
        "id": "DE-00243",
        "from_node": "DN-00050",
        "to_node": "DN-00441",
        "length_m": 461.18,
        "diameter_m": 0.8,
        "slope": 0.0201,
        "roughness_n": 0.013,
        "capacity_m3s": 1.875,
        "blockage_pct": 0.0,
        "channel_type": "roadside_storm_drain"
      }
    },
    {
      "type": "Feature",
      "geometry": {
        "type": "LineString",
        "coordinates": [
          [
            77.648999,
            12.915773
          ],
          [
            77.649238,
            12.919515
          ]
        ]
      },
      "properties": {
        "id": "DE-00244",
        "from_node": "DN-00442",
        "to_node": "DN-00443",
        "length_m": 417.54,
        "diameter_m": 0.8,
        "slope": 0.0027,
        "roughness_n": 0.013,
        "capacity_m3s": 0.687,
        "blockage_pct": 0.0,
        "channel_type": "roadside_storm_drain"
      }
    },
    {
      "type": "Feature",
      "geometry": {
        "type": "LineString",
        "coordinates": [
          [
            77.649238,
            12.919515
          ],
          [
            77.644998,
            12.919604
          ]
        ]
      },
      "properties": {
        "id": "DE-00245",
        "from_node": "DN-00444",
        "to_node": "DN-00445",
        "length_m": 461.18,
        "diameter_m": 0.8,
        "slope": 0.0201,
        "roughness_n": 0.013,
        "capacity_m3s": 1.875,
        "blockage_pct": 0.0,
        "channel_type": "roadside_storm_drain"
      }
    },
    {
      "type": "Feature",
      "geometry": {
        "type": "LineString",
        "coordinates": [
          [
            77.644998,
            12.919604
          ],
          [
            77.645039,
            12.920937
          ]
        ]
      },
      "properties": {
        "id": "DE-00246",
        "from_node": "DN-00446",
        "to_node": "DN-00447",
        "length_m": 148.29,
        "diameter_m": 0.8,
        "slope": 0.0163,
        "roughness_n": 0.013,
        "capacity_m3s": 1.688,
        "blockage_pct": 0.0,
        "channel_type": "roadside_storm_drain"
      }
    },
    {
      "type": "Feature",
      "geometry": {
        "type": "LineString",
        "coordinates": [
          [
            77.646661,
            12.923391
          ],
          [
            77.645531,
            12.922413
          ]
        ]
      },
      "properties": {
        "id": "DE-00247",
        "from_node": "DN-00448",
        "to_node": "DN-00449",
        "length_m": 163.78,
        "diameter_m": 0.8,
        "slope": 0.0078,
        "roughness_n": 0.013,
        "capacity_m3s": 1.168,
        "blockage_pct": 0.0,
        "channel_type": "roadside_storm_drain"
      }
    },
    {
      "type": "Feature",
      "geometry": {
        "type": "LineString",
        "coordinates": [
          [
            77.651783,
            12.924277
          ],
          [
            77.650454,
            12.924483
          ]
        ]
      },
      "properties": {
        "id": "DE-00248",
        "from_node": "DN-00450",
        "to_node": "DN-00451",
        "length_m": 145.98,
        "diameter_m": 0.8,
        "slope": 0.0188,
        "roughness_n": 0.013,
        "capacity_m3s": 1.813,
        "blockage_pct": 0.0,
        "channel_type": "roadside_storm_drain"
      }
    },
    {
      "type": "Feature",
      "geometry": {
        "type": "LineString",
        "coordinates": [
          [
            77.651783,
            12.924277
          ],
          [
            77.651778,
            12.924238
          ]
        ]
      },
      "properties": {
        "id": "DE-00249",
        "from_node": "DN-00450",
        "to_node": "DN-00450",
        "length_m": 5.0,
        "diameter_m": 0.8,
        "slope": 0.001,
        "roughness_n": 0.013,
        "capacity_m3s": 0.418,
        "blockage_pct": 0.0,
        "channel_type": "roadside_storm_drain"
      }
    },
    {
      "type": "Feature",
      "geometry": {
        "type": "LineString",
        "coordinates": [
          [
            77.650582,
            12.911954
          ],
          [
            77.649043,
            12.911912
          ]
        ]
      },
      "properties": {
        "id": "DE-00250",
        "from_node": "DN-00452",
        "to_node": "DN-00453",
        "length_m": 166.87,
        "diameter_m": 0.8,
        "slope": 0.0135,
        "roughness_n": 0.013,
        "capacity_m3s": 1.536,
        "blockage_pct": 0.0,
        "channel_type": "roadside_storm_drain"
      }
    },
    {
      "type": "Feature",
      "geometry": {
        "type": "LineString",
        "coordinates": [
          [
            77.650582,
            12.911954
          ],
          [
            77.649043,
            12.911912
          ]
        ]
      },
      "properties": {
        "id": "DE-00251",
        "from_node": "DN-00454",
        "to_node": "DN-00455",
        "length_m": 166.87,
        "diameter_m": 0.8,
        "slope": 0.0135,
        "roughness_n": 0.013,
        "capacity_m3s": 1.536,
        "blockage_pct": 0.0,
        "channel_type": "roadside_storm_drain"
      }
    },
    {
      "type": "Feature",
      "geometry": {
        "type": "LineString",
        "coordinates": [
          [
            77.649043,
            12.911912
          ],
          [
            77.648984,
            12.911911
          ]
        ]
      },
      "properties": {
        "id": "DE-00252",
        "from_node": "DN-00456",
        "to_node": "DN-00457",
        "length_m": 6.4,
        "diameter_m": 0.8,
        "slope": 0.001,
        "roughness_n": 0.013,
        "capacity_m3s": 0.418,
        "blockage_pct": 0.0,
        "channel_type": "roadside_storm_drain"
      }
    },
    {
      "type": "Feature",
      "geometry": {
        "type": "LineString",
        "coordinates": [
          [
            77.638104,
            12.914447
          ],
          [
            77.638102,
            12.914395
          ]
        ]
      },
      "properties": {
        "id": "DE-00253",
        "from_node": "DN-00064",
        "to_node": "DN-00064",
        "length_m": 5.79,
        "diameter_m": 0.8,
        "slope": 0.0104,
        "roughness_n": 0.013,
        "capacity_m3s": 1.349,
        "blockage_pct": 0.0,
        "channel_type": "roadside_storm_drain"
      }
    },
    {
      "type": "Feature",
      "geometry": {
        "type": "LineString",
        "coordinates": [
          [
            77.638149,
            12.915494
          ],
          [
            77.638107,
            12.914504
          ]
        ]
      },
      "properties": {
        "id": "DE-00254",
        "from_node": "DN-00458",
        "to_node": "DN-00064",
        "length_m": 110.18,
        "diameter_m": 0.8,
        "slope": 0.0018,
        "roughness_n": 0.013,
        "capacity_m3s": 0.561,
        "blockage_pct": 0.0,
        "channel_type": "roadside_storm_drain"
      }
    },
    {
      "type": "Feature",
      "geometry": {
        "type": "LineString",
        "coordinates": [
          [
            77.638149,
            12.915494
          ],
          [
            77.63815,
            12.915544
          ]
        ]
      },
      "properties": {
        "id": "DE-00255",
        "from_node": "DN-00459",
        "to_node": "DN-00460",
        "length_m": 5.56,
        "diameter_m": 0.8,
        "slope": 0.001,
        "roughness_n": 0.013,
        "capacity_m3s": 0.418,
        "blockage_pct": 0.0,
        "channel_type": "roadside_storm_drain"
      }
    },
    {
      "type": "Feature",
      "geometry": {
        "type": "LineString",
        "coordinates": [
          [
            77.647223,
            12.924096
          ],
          [
            77.647371,
            12.924187
          ]
        ]
      },
      "properties": {
        "id": "DE-00256",
        "from_node": "DN-00346",
        "to_node": "DN-00461",
        "length_m": 18.96,
        "diameter_m": 0.8,
        "slope": 0.001,
        "roughness_n": 0.013,
        "capacity_m3s": 0.418,
        "blockage_pct": 0.0,
        "channel_type": "roadside_storm_drain"
      }
    },
    {
      "type": "Feature",
      "geometry": {
        "type": "LineString",
        "coordinates": [
          [
            77.644771,
            12.9151
          ],
          [
            77.644669,
            12.913601
          ]
        ]
      },
      "properties": {
        "id": "DE-00257",
        "from_node": "DN-00462",
        "to_node": "DN-00463",
        "length_m": 167.05,
        "diameter_m": 0.8,
        "slope": 0.0014,
        "roughness_n": 0.013,
        "capacity_m3s": 0.495,
        "blockage_pct": 0.0,
        "channel_type": "roadside_storm_drain"
      }
    },
    {
      "type": "Feature",
      "geometry": {
        "type": "LineString",
        "coordinates": [
          [
            77.644669,
            12.913601
          ],
          [
            77.642161,
            12.913964
          ]
        ]
      },
      "properties": {
        "id": "DE-00258",
        "from_node": "DN-00464",
        "to_node": "DN-00465",
        "length_m": 274.89,
        "diameter_m": 0.8,
        "slope": 0.0057,
        "roughness_n": 0.013,
        "capacity_m3s": 0.998,
        "blockage_pct": 0.0,
        "channel_type": "roadside_storm_drain"
      }
    },
    {
      "type": "Feature",
      "geometry": {
        "type": "LineString",
        "coordinates": [
          [
            77.644858,
            12.917178
          ],
          [
            77.642425,
            12.917261
          ]
        ]
      },
      "properties": {
        "id": "DE-00259",
        "from_node": "DN-00466",
        "to_node": "DN-00467",
        "length_m": 263.9,
        "diameter_m": 0.8,
        "slope": 0.0082,
        "roughness_n": 0.013,
        "capacity_m3s": 1.197,
        "blockage_pct": 0.0,
        "channel_type": "roadside_storm_drain"
      }
    },
    {
      "type": "Feature",
      "geometry": {
        "type": "LineString",
        "coordinates": [
          [
            77.644858,
            12.917178
          ],
          [
            77.644793,
            12.915648
          ]
        ]
      },
      "properties": {
        "id": "DE-00260",
        "from_node": "DN-00468",
        "to_node": "DN-00469",
        "length_m": 170.27,
        "diameter_m": 0.8,
        "slope": 0.001,
        "roughness_n": 0.013,
        "capacity_m3s": 0.418,
        "blockage_pct": 0.0,
        "channel_type": "roadside_storm_drain"
      }
    },
    {
      "type": "Feature",
      "geometry": {
        "type": "LineString",
        "coordinates": [
          [
            77.642425,
            12.917261
          ],
          [
            77.641843,
            12.917287
          ]
        ]
      },
      "properties": {
        "id": "DE-00261",
        "from_node": "DN-00470",
        "to_node": "DN-00471",
        "length_m": 63.14,
        "diameter_m": 0.8,
        "slope": 0.0033,
        "roughness_n": 0.013,
        "capacity_m3s": 0.76,
        "blockage_pct": 0.0,
        "channel_type": "roadside_storm_drain"
      }
    },
    {
      "type": "Feature",
      "geometry": {
        "type": "LineString",
        "coordinates": [
          [
            77.610117,
            12.916452
          ],
          [
            77.61518,
            12.916317
          ]
        ]
      },
      "properties": {
        "id": "DE-00262",
        "from_node": "DN-00472",
        "to_node": "DN-00473",
        "length_m": 549.09,
        "diameter_m": 0.8,
        "slope": 0.0171,
        "roughness_n": 0.013,
        "capacity_m3s": 1.729,
        "blockage_pct": 0.0,
        "channel_type": "roadside_storm_drain"
      }
    },
    {
      "type": "Feature",
      "geometry": {
        "type": "LineString",
        "coordinates": [
          [
            77.609929,
            12.916458
          ],
          [
            77.610047,
            12.916454
          ]
        ]
      },
      "properties": {
        "id": "DE-00263",
        "from_node": "DN-00184",
        "to_node": "DN-00474",
        "length_m": 12.8,
        "diameter_m": 0.8,
        "slope": 0.0328,
        "roughness_n": 0.013,
        "capacity_m3s": 2.395,
        "blockage_pct": 0.0,
        "channel_type": "roadside_storm_drain"
      }
    },
    {
      "type": "Feature",
      "geometry": {
        "type": "LineString",
        "coordinates": [
          [
            77.607446,
            12.916515
          ],
          [
            77.609929,
            12.916458
          ]
        ]
      },
      "properties": {
        "id": "DE-00264",
        "from_node": "DN-00475",
        "to_node": "DN-00184",
        "length_m": 288.67,
        "diameter_m": 0.8,
        "slope": 0.0101,
        "roughness_n": 0.013,
        "capacity_m3s": 1.329,
        "blockage_pct": 0.0,
        "channel_type": "roadside_storm_drain"
      }
    },
    {
      "type": "Feature",
      "geometry": {
        "type": "LineString",
        "coordinates": [
          [
            77.685216,
            12.929931
          ],
          [
            77.685144,
            12.930129
          ]
        ]
      },
      "properties": {
        "id": "DE-00265",
        "from_node": "DN-00476",
        "to_node": "DN-00477",
        "length_m": 23.36,
        "diameter_m": 0.8,
        "slope": 0.0278,
        "roughness_n": 0.013,
        "capacity_m3s": 2.205,
        "blockage_pct": 0.0,
        "channel_type": "roadside_storm_drain"
      }
    },
    {
      "type": "Feature",
      "geometry": {
        "type": "LineString",
        "coordinates": [
          [
            77.685216,
            12.929931
          ],
          [
            77.684943,
            12.929759
          ]
        ]
      },
      "properties": {
        "id": "DE-00266",
        "from_node": "DN-00478",
        "to_node": "DN-00479",
        "length_m": 35.23,
        "diameter_m": 0.8,
        "slope": 0.0207,
        "roughness_n": 0.013,
        "capacity_m3s": 1.903,
        "blockage_pct": 0.0,
        "channel_type": "roadside_storm_drain"
      }
    },
    {
      "type": "Feature",
      "geometry": {
        "type": "LineString",
        "coordinates": [
          [
            77.625149,
            12.9257
          ],
          [
            77.628729,
            12.924191
          ]
        ]
      },
      "properties": {
        "id": "DE-00267",
        "from_node": "DN-00480",
        "to_node": "DN-00286",
        "length_m": 422.75,
        "diameter_m": 0.8,
        "slope": 0.0141,
        "roughness_n": 0.013,
        "capacity_m3s": 1.57,
        "blockage_pct": 0.0,
        "channel_type": "roadside_storm_drain"
      }
    },
    {
      "type": "Feature",
      "geometry": {
        "type": "LineString",
        "coordinates": [
          [
            77.614985,
            12.929538
          ],
          [
            77.61506,
            12.929532
          ]
        ]
      },
      "properties": {
        "id": "DE-00268",
        "from_node": "DN-00360",
        "to_node": "DN-00360",
        "length_m": 8.16,
        "diameter_m": 0.8,
        "slope": 0.0098,
        "roughness_n": 0.013,
        "capacity_m3s": 1.309,
        "blockage_pct": 0.0,
        "channel_type": "roadside_storm_drain"
      }
    },
    {
      "type": "Feature",
      "geometry": {
        "type": "LineString",
        "coordinates": [
          [
            77.616197,
            12.941774
          ],
          [
            77.608852,
            12.944184
          ]
        ]
      },
      "properties": {
        "id": "DE-00269",
        "from_node": "DN-00481",
        "to_node": "DN-00172",
        "length_m": 849.65,
        "diameter_m": 0.8,
        "slope": 0.0011,
        "roughness_n": 0.013,
        "capacity_m3s": 0.439,
        "blockage_pct": 0.0,
        "channel_type": "roadside_storm_drain"
      }
    },
    {
      "type": "Feature",
      "geometry": {
        "type": "LineString",
        "coordinates": [
          [
            77.616197,
            12.941774
          ],
          [
            77.608852,
            12.944184
          ]
        ]
      },
      "properties": {
        "id": "DE-00270",
        "from_node": "DN-00481",
        "to_node": "DN-00172",
        "length_m": 849.65,
        "diameter_m": 0.8,
        "slope": 0.0011,
        "roughness_n": 0.013,
        "capacity_m3s": 0.439,
        "blockage_pct": 0.0,
        "channel_type": "roadside_storm_drain"
      }
    },
    {
      "type": "Feature",
      "geometry": {
        "type": "LineString",
        "coordinates": [
          [
            77.616192,
            12.929409
          ],
          [
            77.617555,
            12.928995
          ]
        ]
      },
      "properties": {
        "id": "DE-00271",
        "from_node": "DN-00482",
        "to_node": "DN-00483",
        "length_m": 155.25,
        "diameter_m": 0.8,
        "slope": 0.001,
        "roughness_n": 0.013,
        "capacity_m3s": 0.418,
        "blockage_pct": 0.0,
        "channel_type": "roadside_storm_drain"
      }
    },
    {
      "type": "Feature",
      "geometry": {
        "type": "LineString",
        "coordinates": [
          [
            77.617555,
            12.928995
          ],
          [
            77.620955,
            12.927686
          ]
        ]
      },
      "properties": {
        "id": "DE-00272",
        "from_node": "DN-00484",
        "to_node": "DN-00485",
        "length_m": 396.2,
        "diameter_m": 0.8,
        "slope": 0.0067,
        "roughness_n": 0.013,
        "capacity_m3s": 1.082,
        "blockage_pct": 0.0,
        "channel_type": "roadside_storm_drain"
      }
    },
    {
      "type": "Feature",
      "geometry": {
        "type": "LineString",
        "coordinates": [
          [
            77.669542,
            12.923001
          ],
          [
            77.6695,
            12.922868
          ]
        ]
      },
      "properties": {
        "id": "DE-00273",
        "from_node": "DN-00201",
        "to_node": "DN-00486",
        "length_m": 15.48,
        "diameter_m": 0.8,
        "slope": 0.0103,
        "roughness_n": 0.013,
        "capacity_m3s": 1.342,
        "blockage_pct": 0.0,
        "channel_type": "roadside_storm_drain"
      }
    },
    {
      "type": "Feature",
      "geometry": {
        "type": "LineString",
        "coordinates": [
          [
            77.66531,
            12.920644
          ],
          [
            77.665559,
            12.920934
          ]
        ]
      },
      "properties": {
        "id": "DE-00274",
        "from_node": "DN-00487",
        "to_node": "DN-00302",
        "length_m": 42.16,
        "diameter_m": 0.8,
        "slope": 0.0135,
        "roughness_n": 0.013,
        "capacity_m3s": 1.536,
        "blockage_pct": 0.0,
        "channel_type": "roadside_storm_drain"
      }
    },
    {
      "type": "Feature",
      "geometry": {
        "type": "LineString",
        "coordinates": [
          [
            77.66531,
            12.920644
          ],
          [
            77.665559,
            12.920934
          ]
        ]
      },
      "properties": {
        "id": "DE-00275",
        "from_node": "DN-00488",
        "to_node": "DN-00302",
        "length_m": 42.16,
        "diameter_m": 0.8,
        "slope": 0.0135,
        "roughness_n": 0.013,
        "capacity_m3s": 1.536,
        "blockage_pct": 0.0,
        "channel_type": "roadside_storm_drain"
      }
    },
    {
      "type": "Feature",
      "geometry": {
        "type": "LineString",
        "coordinates": [
          [
            77.665559,
            12.920934
          ],
          [
            77.665992,
            12.921146
          ]
        ]
      },
      "properties": {
        "id": "DE-00276",
        "from_node": "DN-00302",
        "to_node": "DN-00489",
        "length_m": 52.52,
        "diameter_m": 0.8,
        "slope": 0.0305,
        "roughness_n": 0.013,
        "capacity_m3s": 2.309,
        "blockage_pct": 0.0,
        "channel_type": "roadside_storm_drain"
      }
    },
    {
      "type": "Feature",
      "geometry": {
        "type": "LineString",
        "coordinates": [
          [
            77.619935,
            12.91617
          ],
          [
            77.619936,
            12.916313
          ]
        ]
      },
      "properties": {
        "id": "DE-00277",
        "from_node": "DN-00490",
        "to_node": "DN-00491",
        "length_m": 15.91,
        "diameter_m": 0.8,
        "slope": 0.001,
        "roughness_n": 0.013,
        "capacity_m3s": 0.418,
        "blockage_pct": 0.0,
        "channel_type": "roadside_storm_drain"
      }
    },
    {
      "type": "Feature",
      "geometry": {
        "type": "LineString",
        "coordinates": [
          [
            77.61923,
            12.922182
          ],
          [
            77.618438,
            12.921194
          ]
        ]
      },
      "properties": {
        "id": "DE-00278",
        "from_node": "DN-00492",
        "to_node": "DN-00236",
        "length_m": 140.17,
        "diameter_m": 0.8,
        "slope": 0.0152,
        "roughness_n": 0.013,
        "capacity_m3s": 1.63,
        "blockage_pct": 0.0,
        "channel_type": "roadside_storm_drain"
      }
    },
    {
      "type": "Feature",
      "geometry": {
        "type": "LineString",
        "coordinates": [
          [
            77.61923,
            12.922182
          ],
          [
            77.618438,
            12.921194
          ]
        ]
      },
      "properties": {
        "id": "DE-00279",
        "from_node": "DN-00493",
        "to_node": "DN-00236",
        "length_m": 140.17,
        "diameter_m": 0.8,
        "slope": 0.0152,
        "roughness_n": 0.013,
        "capacity_m3s": 1.63,
        "blockage_pct": 0.0,
        "channel_type": "roadside_storm_drain"
      }
    },
    {
      "type": "Feature",
      "geometry": {
        "type": "LineString",
        "coordinates": [
          [
            77.624095,
            12.914787
          ],
          [
            77.623942,
            12.915066
          ]
        ]
      },
      "properties": {
        "id": "DE-00280",
        "from_node": "DN-00494",
        "to_node": "DN-00495",
        "length_m": 35.18,
        "diameter_m": 0.8,
        "slope": 0.0017,
        "roughness_n": 0.013,
        "capacity_m3s": 0.545,
        "blockage_pct": 0.0,
        "channel_type": "roadside_storm_drain"
      }
    },
    {
      "type": "Feature",
      "geometry": {
        "type": "LineString",
        "coordinates": [
          [
            77.627357,
            12.909699
          ],
          [
            77.625544,
            12.912629
          ]
        ]
      },
      "properties": {
        "id": "DE-00281",
        "from_node": "DN-00363",
        "to_node": "DN-00496",
        "length_m": 380.47,
        "diameter_m": 0.8,
        "slope": 0.006,
        "roughness_n": 0.013,
        "capacity_m3s": 1.024,
        "blockage_pct": 0.0,
        "channel_type": "roadside_storm_drain"
      }
    },
    {
      "type": "Feature",
      "geometry": {
        "type": "LineString",
        "coordinates": [
          [
            77.620396,
            12.918169
          ],
          [
            77.621872,
            12.918173
          ]
        ]
      },
      "properties": {
        "id": "DE-00282",
        "from_node": "DN-00159",
        "to_node": "DN-00160",
        "length_m": 166.1,
        "diameter_m": 0.8,
        "slope": 0.0054,
        "roughness_n": 0.013,
        "capacity_m3s": 0.972,
        "blockage_pct": 0.0,
        "channel_type": "roadside_storm_drain"
      }
    },
    {
      "type": "Feature",
      "geometry": {
        "type": "LineString",
        "coordinates": [
          [
            77.62194,
            12.918217
          ],
          [
            77.621981,
            12.918247
          ]
        ]
      },
      "properties": {
        "id": "DE-00283",
        "from_node": "DN-00497",
        "to_node": "DN-00498",
        "length_m": 5.56,
        "diameter_m": 0.8,
        "slope": 0.001,
        "roughness_n": 0.013,
        "capacity_m3s": 0.418,
        "blockage_pct": 0.0,
        "channel_type": "roadside_storm_drain"
      }
    },
    {
      "type": "Feature",
      "geometry": {
        "type": "LineString",
        "coordinates": [
          [
            77.624292,
            12.917454
          ],
          [
            77.624837,
            12.917523
          ]
        ]
      },
      "properties": {
        "id": "DE-00284",
        "from_node": "DN-00499",
        "to_node": "DN-00500",
        "length_m": 59.56,
        "diameter_m": 0.8,
        "slope": 0.0106,
        "roughness_n": 0.013,
        "capacity_m3s": 1.361,
        "blockage_pct": 0.0,
        "channel_type": "roadside_storm_drain"
      }
    },
    {
      "type": "Feature",
      "geometry": {
        "type": "LineString",
        "coordinates": [
          [
            77.611487,
            12.905053
          ],
          [
            77.612063,
            12.904962
          ]
        ]
      },
      "properties": {
        "id": "DE-00285",
        "from_node": "DN-00187",
        "to_node": "DN-00501",
        "length_m": 63.25,
        "diameter_m": 0.8,
        "slope": 0.0103,
        "roughness_n": 0.013,
        "capacity_m3s": 1.342,
        "blockage_pct": 0.0,
        "channel_type": "roadside_storm_drain"
      }
    },
    {
      "type": "Feature",
      "geometry": {
        "type": "LineString",
        "coordinates": [
          [
            77.609468,
            12.905458
          ],
          [
            77.61081,
            12.9052
          ]
        ]
      },
      "properties": {
        "id": "DE-00286",
        "from_node": "DN-00195",
        "to_node": "DN-00502",
        "length_m": 149.18,
        "diameter_m": 0.8,
        "slope": 0.0088,
        "roughness_n": 0.013,
        "capacity_m3s": 1.24,
        "blockage_pct": 0.0,
        "channel_type": "roadside_storm_drain"
      }
    },
    {
      "type": "Feature",
      "geometry": {
        "type": "LineString",
        "coordinates": [
          [
            77.61081,
            12.9052
          ],
          [
            77.611094,
            12.905165
          ]
        ]
      },
      "properties": {
        "id": "DE-00287",
        "from_node": "DN-00503",
        "to_node": "DN-00504",
        "length_m": 31.03,
        "diameter_m": 0.8,
        "slope": 0.0242,
        "roughness_n": 0.013,
        "capacity_m3s": 2.057,
        "blockage_pct": 0.0,
        "channel_type": "roadside_storm_drain"
      }
    },
    {
      "type": "Feature",
      "geometry": {
        "type": "LineString",
        "coordinates": [
          [
            77.614626,
            12.923535
          ],
          [
            77.614623,
            12.923422
          ]
        ]
      },
      "properties": {
        "id": "DE-00288",
        "from_node": "DN-00505",
        "to_node": "DN-00506",
        "length_m": 12.57,
        "diameter_m": 0.8,
        "slope": 0.001,
        "roughness_n": 0.013,
        "capacity_m3s": 0.418,
        "blockage_pct": 0.0,
        "channel_type": "roadside_storm_drain"
      }
    },
    {
      "type": "Feature",
      "geometry": {
        "type": "LineString",
        "coordinates": [
          [
            77.612878,
            12.919666
          ],
          [
            77.612986,
            12.919666
          ]
        ]
      },
      "properties": {
        "id": "DE-00289",
        "from_node": "DN-00227",
        "to_node": "DN-00169",
        "length_m": 11.71,
        "diameter_m": 0.8,
        "slope": 0.001,
        "roughness_n": 0.013,
        "capacity_m3s": 0.418,
        "blockage_pct": 0.0,
        "channel_type": "roadside_storm_drain"
      }
    },
    {
      "type": "Feature",
      "geometry": {
        "type": "LineString",
        "coordinates": [
          [
            77.617107,
            12.919367
          ],
          [
            77.617307,
            12.919876
          ]
        ]
      },
      "properties": {
        "id": "DE-00290",
        "from_node": "DN-00507",
        "to_node": "DN-00157",
        "length_m": 60.62,
        "diameter_m": 0.8,
        "slope": 0.0038,
        "roughness_n": 0.013,
        "capacity_m3s": 0.815,
        "blockage_pct": 0.0,
        "channel_type": "roadside_storm_drain"
      }
    },
    {
      "type": "Feature",
      "geometry": {
        "type": "LineString",
        "coordinates": [
          [
            77.610066,
            12.913568
          ],
          [
            77.611359,
            12.906173
          ]
        ]
      },
      "properties": {
        "id": "DE-00291",
        "from_node": "DN-00508",
        "to_node": "DN-00509",
        "length_m": 848.72,
        "diameter_m": 0.8,
        "slope": 0.0169,
        "roughness_n": 0.013,
        "capacity_m3s": 1.719,
        "blockage_pct": 0.0,
        "channel_type": "roadside_storm_drain"
      }
    },
    {
      "type": "Feature",
      "geometry": {
        "type": "LineString",
        "coordinates": [
          [
            77.610066,
            12.913568
          ],
          [
            77.611359,
            12.906173
          ]
        ]
      },
      "properties": {
        "id": "DE-00292",
        "from_node": "DN-00510",
        "to_node": "DN-00511",
        "length_m": 848.72,
        "diameter_m": 0.8,
        "slope": 0.0169,
        "roughness_n": 0.013,
        "capacity_m3s": 1.719,
        "blockage_pct": 0.0,
        "channel_type": "roadside_storm_drain"
      }
    },
    {
      "type": "Feature",
      "geometry": {
        "type": "LineString",
        "coordinates": [
          [
            77.670852,
            12.946573
          ],
          [
            77.673021,
            12.946465
          ]
        ]
      },
      "properties": {
        "id": "DE-00293",
        "from_node": "DN-00410",
        "to_node": "DN-00411",
        "length_m": 432.64,
        "diameter_m": 0.8,
        "slope": 0.009,
        "roughness_n": 0.013,
        "capacity_m3s": 1.254,
        "blockage_pct": 0.0,
        "channel_type": "roadside_storm_drain"
      }
    },
    {
      "type": "Feature",
      "geometry": {
        "type": "LineString",
        "coordinates": [
          [
            77.673021,
            12.946465
          ],
          [
            77.680258,
            12.944226
          ]
        ]
      },
      "properties": {
        "id": "DE-00294",
        "from_node": "DN-00411",
        "to_node": "DN-00298",
        "length_m": 835.42,
        "diameter_m": 0.8,
        "slope": 0.0051,
        "roughness_n": 0.013,
        "capacity_m3s": 0.944,
        "blockage_pct": 0.0,
        "channel_type": "roadside_storm_drain"
      }
    },
    {
      "type": "Feature",
      "geometry": {
        "type": "LineString",
        "coordinates": [
          [
            77.680258,
            12.944226
          ],
          [
            77.680271,
            12.944306
          ]
        ]
      },
      "properties": {
        "id": "DE-00295",
        "from_node": "DN-00298",
        "to_node": "DN-00297",
        "length_m": 9.01,
        "diameter_m": 0.8,
        "slope": 0.001,
        "roughness_n": 0.013,
        "capacity_m3s": 0.418,
        "blockage_pct": 0.0,
        "channel_type": "roadside_storm_drain"
      }
    },
    {
      "type": "Feature",
      "geometry": {
        "type": "LineString",
        "coordinates": [
          [
            77.650557,
            12.901719
          ],
          [
            77.650385,
            12.903509
          ]
        ]
      },
      "properties": {
        "id": "DE-00296",
        "from_node": "DN-00512",
        "to_node": "DN-00513",
        "length_m": 202.52,
        "diameter_m": 0.8,
        "slope": 0.0023,
        "roughness_n": 0.013,
        "capacity_m3s": 0.634,
        "blockage_pct": 0.0,
        "channel_type": "roadside_storm_drain"
      }
    },
    {
      "type": "Feature",
      "geometry": {
        "type": "LineString",
        "coordinates": [
          [
            77.638023,
            12.907269
          ],
          [
            77.63802,
            12.907714
          ]
        ]
      },
      "properties": {
        "id": "DE-00297",
        "from_node": "DN-00514",
        "to_node": "DN-00515",
        "length_m": 51.11,
        "diameter_m": 0.8,
        "slope": 0.0067,
        "roughness_n": 0.013,
        "capacity_m3s": 1.082,
        "blockage_pct": 0.0,
        "channel_type": "roadside_storm_drain"
      }
    },
    {
      "type": "Feature",
      "geometry": {
        "type": "LineString",
        "coordinates": [
          [
            77.63718,
            12.906481
          ],
          [
            77.636793,
            12.906648
          ]
        ]
      },
      "properties": {
        "id": "DE-00298",
        "from_node": "DN-00516",
        "to_node": "DN-00517",
        "length_m": 45.87,
        "diameter_m": 0.8,
        "slope": 0.012,
        "roughness_n": 0.013,
        "capacity_m3s": 1.449,
        "blockage_pct": 0.0,
        "channel_type": "roadside_storm_drain"
      }
    },
    {
      "type": "Feature",
      "geometry": {
        "type": "LineString",
        "coordinates": [
          [
            77.669158,
            12.930221
          ],
          [
            77.675663,
            12.93057
          ]
        ]
      },
      "properties": {
        "id": "DE-00299",
        "from_node": "DN-00518",
        "to_node": "DN-00078",
        "length_m": 779.11,
        "diameter_m": 0.8,
        "slope": 0.0022,
        "roughness_n": 0.013,
        "capacity_m3s": 0.62,
        "blockage_pct": 0.0,
        "channel_type": "roadside_storm_drain"
      }
    },
    {
      "type": "Feature",
      "geometry": {
        "type": "LineString",
        "coordinates": [
          [
            77.669158,
            12.930221
          ],
          [
            77.67202,
            12.93714
          ]
        ]
      },
      "properties": {
        "id": "DE-00300",
        "from_node": "DN-00519",
        "to_node": "DN-00520",
        "length_m": 829.5,
        "diameter_m": 0.8,
        "slope": 0.0048,
        "roughness_n": 0.013,
        "capacity_m3s": 0.916,
        "blockage_pct": 0.0,
        "channel_type": "roadside_storm_drain"
      }
    },
    {
      "type": "Feature",
      "geometry": {
        "type": "LineString",
        "coordinates": [
          [
            77.676232,
            12.930014
          ],
          [
            77.675663,
            12.93057
          ]
        ]
      },
      "properties": {
        "id": "DE-00301",
        "from_node": "DN-00077",
        "to_node": "DN-00078",
        "length_m": 102.61,
        "diameter_m": 0.8,
        "slope": 0.0032,
        "roughness_n": 0.013,
        "capacity_m3s": 0.748,
        "blockage_pct": 0.0,
        "channel_type": "roadside_storm_drain"
      }
    },
    {
      "type": "Feature",
      "geometry": {
        "type": "LineString",
        "coordinates": [
          [
            77.639873,
            12.889084
          ],
          [
            77.628799,
            12.907053
          ]
        ]
      },
      "properties": {
        "id": "DE-00302",
        "from_node": "DN-00521",
        "to_node": "DN-00522",
        "length_m": 2330.88,
        "diameter_m": 0.8,
        "slope": 0.0011,
        "roughness_n": 0.013,
        "capacity_m3s": 0.439,
        "blockage_pct": 0.0,
        "channel_type": "roadside_storm_drain"
      }
    },
    {
      "type": "Feature",
      "geometry": {
        "type": "LineString",
        "coordinates": [
          [
            77.628758,
            12.907117
          ],
          [
            77.628929,
            12.907231
          ]
        ]
      },
      "properties": {
        "id": "DE-00303",
        "from_node": "DN-00523",
        "to_node": "DN-00524",
        "length_m": 22.45,
        "diameter_m": 0.8,
        "slope": 0.0543,
        "roughness_n": 0.013,
        "capacity_m3s": 3.081,
        "blockage_pct": 0.0,
        "channel_type": "roadside_storm_drain"
      }
    },
    {
      "type": "Feature",
      "geometry": {
        "type": "LineString",
        "coordinates": [
          [
            77.621968,
            12.916928
          ],
          [
            77.622657,
            12.917213
          ]
        ]
      },
      "properties": {
        "id": "DE-00304",
        "from_node": "DN-00525",
        "to_node": "DN-00526",
        "length_m": 81.17,
        "diameter_m": 0.8,
        "slope": 0.0094,
        "roughness_n": 0.013,
        "capacity_m3s": 1.282,
        "blockage_pct": 0.0,
        "channel_type": "roadside_storm_drain"
      }
    },
    {
      "type": "Feature",
      "geometry": {
        "type": "LineString",
        "coordinates": [
          [
            77.621518,
            12.916776
          ],
          [
            77.621968,
            12.916928
          ]
        ]
      },
      "properties": {
        "id": "DE-00305",
        "from_node": "DN-00527",
        "to_node": "DN-00528",
        "length_m": 51.62,
        "diameter_m": 0.8,
        "slope": 0.0072,
        "roughness_n": 0.013,
        "capacity_m3s": 1.122,
        "blockage_pct": 0.0,
        "channel_type": "roadside_storm_drain"
      }
    },
    {
      "type": "Feature",
      "geometry": {
        "type": "LineString",
        "coordinates": [
          [
            77.644663,
            12.912063
          ],
          [
            77.644665,
            12.912175
          ]
        ]
      },
      "properties": {
        "id": "DE-00306",
        "from_node": "DN-00529",
        "to_node": "DN-00530",
        "length_m": 12.46,
        "diameter_m": 0.8,
        "slope": 0.0642,
        "roughness_n": 0.013,
        "capacity_m3s": 3.351,
        "blockage_pct": 0.0,
        "channel_type": "roadside_storm_drain"
      }
    },
    {
      "type": "Feature",
      "geometry": {
        "type": "LineString",
        "coordinates": [
          [
            77.644718,
            12.950736
          ],
          [
            77.644798,
            12.950667
          ]
        ]
      },
      "properties": {
        "id": "DE-00307",
        "from_node": "DN-00531",
        "to_node": "DN-00532",
        "length_m": 11.84,
        "diameter_m": 0.8,
        "slope": 0.001,
        "roughness_n": 0.013,
        "capacity_m3s": 0.418,
        "blockage_pct": 0.0,
        "channel_type": "roadside_storm_drain"
      }
    },
    {
      "type": "Feature",
      "geometry": {
        "type": "LineString",
        "coordinates": [
          [
            77.64481,
            12.95059
          ],
          [
            77.644798,
            12.950667
          ]
        ]
      },
      "properties": {
        "id": "DE-00308",
        "from_node": "DN-00533",
        "to_node": "DN-00534",
        "length_m": 8.76,
        "diameter_m": 0.8,
        "slope": 0.0445,
        "roughness_n": 0.013,
        "capacity_m3s": 2.79,
        "blockage_pct": 0.0,
        "channel_type": "roadside_storm_drain"
      }
    },
    {
      "type": "Feature",
      "geometry": {
        "type": "LineString",
        "coordinates": [
          [
            77.645818,
            12.948931
          ],
          [
            77.64481,
            12.95059
          ]
        ]
      },
      "properties": {
        "id": "DE-00309",
        "from_node": "DN-00535",
        "to_node": "DN-00075",
        "length_m": 215.28,
        "diameter_m": 0.8,
        "slope": 0.0028,
        "roughness_n": 0.013,
        "capacity_m3s": 0.7,
        "blockage_pct": 0.0,
        "channel_type": "roadside_storm_drain"
      }
    },
    {
      "type": "Feature",
      "geometry": {
        "type": "LineString",
        "coordinates": [
          [
            77.644697,
            12.950477
          ],
          [
            77.644682,
            12.950743
          ]
        ]
      },
      "properties": {
        "id": "DE-00310",
        "from_node": "DN-00536",
        "to_node": "DN-00537",
        "length_m": 49.82,
        "diameter_m": 0.8,
        "slope": 0.0056,
        "roughness_n": 0.013,
        "capacity_m3s": 0.99,
        "blockage_pct": 0.0,
        "channel_type": "roadside_storm_drain"
      }
    },
    {
      "type": "Feature",
      "geometry": {
        "type": "LineString",
        "coordinates": [
          [
            77.644682,
            12.950743
          ],
          [
            77.644718,
            12.950736
          ]
        ]
      },
      "properties": {
        "id": "DE-00311",
        "from_node": "DN-00538",
        "to_node": "DN-00539",
        "length_m": 5.0,
        "diameter_m": 0.8,
        "slope": 0.022,
        "roughness_n": 0.013,
        "capacity_m3s": 1.961,
        "blockage_pct": 0.0,
        "channel_type": "roadside_storm_drain"
      }
    },
    {
      "type": "Feature",
      "geometry": {
        "type": "LineString",
        "coordinates": [
          [
            77.64648,
            12.947943
          ],
          [
            77.645742,
            12.948872
          ]
        ]
      },
      "properties": {
        "id": "DE-00312",
        "from_node": "DN-00540",
        "to_node": "DN-00541",
        "length_m": 132.22,
        "diameter_m": 0.8,
        "slope": 0.0011,
        "roughness_n": 0.013,
        "capacity_m3s": 0.439,
        "blockage_pct": 0.0,
        "channel_type": "roadside_storm_drain"
      }
    },
    {
      "type": "Feature",
      "geometry": {
        "type": "LineString",
        "coordinates": [
          [
            77.645742,
            12.948872
          ],
          [
            77.644697,
            12.950477
          ]
        ]
      },
      "properties": {
        "id": "DE-00313",
        "from_node": "DN-00541",
        "to_node": "DN-00536",
        "length_m": 214.4,
        "diameter_m": 0.8,
        "slope": 0.0028,
        "roughness_n": 0.013,
        "capacity_m3s": 0.7,
        "blockage_pct": 0.0,
        "channel_type": "roadside_storm_drain"
      }
    },
    {
      "type": "Feature",
      "geometry": {
        "type": "LineString",
        "coordinates": [
          [
            77.649067,
            12.946023
          ],
          [
            77.64648,
            12.947943
          ]
        ]
      },
      "properties": {
        "id": "DE-00314",
        "from_node": "DN-00542",
        "to_node": "DN-00540",
        "length_m": 356.03,
        "diameter_m": 0.8,
        "slope": 0.001,
        "roughness_n": 0.013,
        "capacity_m3s": 0.418,
        "blockage_pct": 0.0,
        "channel_type": "roadside_storm_drain"
      }
    },
    {
      "type": "Feature",
      "geometry": {
        "type": "LineString",
        "coordinates": [
          [
            77.652452,
            12.952206
          ],
          [
            77.652342,
            12.95188
          ]
        ]
      },
      "properties": {
        "id": "DE-00315",
        "from_node": "DN-00543",
        "to_node": "DN-00003",
        "length_m": 38.16,
        "diameter_m": 0.8,
        "slope": 0.001,
        "roughness_n": 0.013,
        "capacity_m3s": 0.418,
        "blockage_pct": 0.0,
        "channel_type": "roadside_storm_drain"
      }
    },
    {
      "type": "Feature",
      "geometry": {
        "type": "LineString",
        "coordinates": [
          [
            77.614948,
            12.929869
          ],
          [
            77.61513,
            12.929621
          ]
        ]
      },
      "properties": {
        "id": "DE-00316",
        "from_node": "DN-00544",
        "to_node": "DN-00545",
        "length_m": 33.9,
        "diameter_m": 0.8,
        "slope": 0.0038,
        "roughness_n": 0.013,
        "capacity_m3s": 0.815,
        "blockage_pct": 0.0,
        "channel_type": "roadside_storm_drain"
      }
    },
    {
      "type": "Feature",
      "geometry": {
        "type": "LineString",
        "coordinates": [
          [
            77.651169,
            12.94744
          ],
          [
            77.655803,
            12.947397
          ]
        ]
      },
      "properties": {
        "id": "DE-00317",
        "from_node": "DN-00546",
        "to_node": "DN-00547",
        "length_m": 507.98,
        "diameter_m": 0.8,
        "slope": 0.0038,
        "roughness_n": 0.013,
        "capacity_m3s": 0.815,
        "blockage_pct": 0.0,
        "channel_type": "roadside_storm_drain"
      }
    },
    {
      "type": "Feature",
      "geometry": {
        "type": "LineString",
        "coordinates": [
          [
            77.660939,
            12.94724
          ],
          [
            77.655973,
            12.947374
          ]
        ]
      },
      "properties": {
        "id": "DE-00318",
        "from_node": "DN-00408",
        "to_node": "DN-00548",
        "length_m": 544.72,
        "diameter_m": 0.8,
        "slope": 0.0016,
        "roughness_n": 0.013,
        "capacity_m3s": 0.529,
        "blockage_pct": 0.0,
        "channel_type": "roadside_storm_drain"
      }
    },
    {
      "type": "Feature",
      "geometry": {
        "type": "LineString",
        "coordinates": [
          [
            77.650766,
            12.947401
          ],
          [
            77.651169,
            12.94744
          ]
        ]
      },
      "properties": {
        "id": "DE-00319",
        "from_node": "DN-00105",
        "to_node": "DN-00549",
        "length_m": 43.89,
        "diameter_m": 0.8,
        "slope": 0.0034,
        "roughness_n": 0.013,
        "capacity_m3s": 0.771,
        "blockage_pct": 0.0,
        "channel_type": "roadside_storm_drain"
      }
    },
    {
      "type": "Feature",
      "geometry": {
        "type": "LineString",
        "coordinates": [
          [
            77.650766,
            12.947401
          ],
          [
            77.651169,
            12.94744
          ]
        ]
      },
      "properties": {
        "id": "DE-00320",
        "from_node": "DN-00550",
        "to_node": "DN-00551",
        "length_m": 43.89,
        "diameter_m": 0.8,
        "slope": 0.0034,
        "roughness_n": 0.013,
        "capacity_m3s": 0.771,
        "blockage_pct": 0.0,
        "channel_type": "roadside_storm_drain"
      }
    },
    {
      "type": "Feature",
      "geometry": {
        "type": "LineString",
        "coordinates": [
          [
            77.660939,
            12.94724
          ],
          [
            77.661801,
            12.946902
          ]
        ]
      },
      "properties": {
        "id": "DE-00321",
        "from_node": "DN-00552",
        "to_node": "DN-00553",
        "length_m": 101.91,
        "diameter_m": 0.8,
        "slope": 0.0019,
        "roughness_n": 0.013,
        "capacity_m3s": 0.576,
        "blockage_pct": 0.0,
        "channel_type": "roadside_storm_drain"
      }
    },
    {
      "type": "Feature",
      "geometry": {
        "type": "LineString",
        "coordinates": [
          [
            77.622738,
            12.942481
          ],
          [
            77.622686,
            12.942527
          ]
        ]
      },
      "properties": {
        "id": "DE-00322",
        "from_node": "DN-00554",
        "to_node": "DN-00555",
        "length_m": 7.61,
        "diameter_m": 0.8,
        "slope": 0.001,
        "roughness_n": 0.013,
        "capacity_m3s": 0.418,
        "blockage_pct": 0.0,
        "channel_type": "roadside_storm_drain"
      }
    },
    {
      "type": "Feature",
      "geometry": {
        "type": "LineString",
        "coordinates": [
          [
            77.620283,
            12.940464
          ],
          [
            77.620225,
            12.940508
          ]
        ]
      },
      "properties": {
        "id": "DE-00323",
        "from_node": "DN-00556",
        "to_node": "DN-00557",
        "length_m": 7.97,
        "diameter_m": 0.8,
        "slope": 0.001,
        "roughness_n": 0.013,
        "capacity_m3s": 0.418,
        "blockage_pct": 0.0,
        "channel_type": "roadside_storm_drain"
      }
    },
    {
      "type": "Feature",
      "geometry": {
        "type": "LineString",
        "coordinates": [
          [
            77.615253,
            12.935934
          ],
          [
            77.615274,
            12.935906
          ]
        ]
      },
      "properties": {
        "id": "DE-00324",
        "from_node": "DN-00558",
        "to_node": "DN-00559",
        "length_m": 5.0,
        "diameter_m": 0.8,
        "slope": 0.001,
        "roughness_n": 0.013,
        "capacity_m3s": 0.418,
        "blockage_pct": 0.0,
        "channel_type": "roadside_storm_drain"
      }
    },
    {
      "type": "Feature",
      "geometry": {
        "type": "LineString",
        "coordinates": [
          [
            77.615274,
            12.935906
          ],
          [
            77.615253,
            12.935934
          ]
        ]
      },
      "properties": {
        "id": "DE-00325",
        "from_node": "DN-00560",
        "to_node": "DN-00561",
        "length_m": 5.0,
        "diameter_m": 0.8,
        "slope": 0.001,
        "roughness_n": 0.013,
        "capacity_m3s": 0.418,
        "blockage_pct": 0.0,
        "channel_type": "roadside_storm_drain"
      }
    },
    {
      "type": "Feature",
      "geometry": {
        "type": "LineString",
        "coordinates": [
          [
            77.615274,
            12.935906
          ],
          [
            77.615319,
            12.93584
          ]
        ]
      },
      "properties": {
        "id": "DE-00326",
        "from_node": "DN-00562",
        "to_node": "DN-00563",
        "length_m": 8.81,
        "diameter_m": 0.8,
        "slope": 0.001,
        "roughness_n": 0.013,
        "capacity_m3s": 0.418,
        "blockage_pct": 0.0,
        "channel_type": "roadside_storm_drain"
      }
    },
    {
      "type": "Feature",
      "geometry": {
        "type": "LineString",
        "coordinates": [
          [
            77.612853,
            12.934589
          ],
          [
            77.615212,
            12.935787
          ]
        ]
      },
      "properties": {
        "id": "DE-00327",
        "from_node": "DN-00564",
        "to_node": "DN-00018",
        "length_m": 288.32,
        "diameter_m": 0.8,
        "slope": 0.0115,
        "roughness_n": 0.013,
        "capacity_m3s": 1.418,
        "blockage_pct": 0.0,
        "channel_type": "roadside_storm_drain"
      }
    },
    {
      "type": "Feature",
      "geometry": {
        "type": "LineString",
        "coordinates": [
          [
            77.684931,
            12.929313
          ],
          [
            77.684746,
            12.928878
          ]
        ]
      },
      "properties": {
        "id": "DE-00328",
        "from_node": "DN-00565",
        "to_node": "DN-00566",
        "length_m": 52.63,
        "diameter_m": 0.8,
        "slope": 0.0137,
        "roughness_n": 0.013,
        "capacity_m3s": 1.548,
        "blockage_pct": 0.0,
        "channel_type": "roadside_storm_drain"
      }
    },
    {
      "type": "Feature",
      "geometry": {
        "type": "LineString",
        "coordinates": [
          [
            77.634083,
            12.924825
          ],
          [
            77.635086,
            12.924977
          ]
        ]
      },
      "properties": {
        "id": "DE-00329",
        "from_node": "DN-00567",
        "to_node": "DN-00568",
        "length_m": 110.01,
        "diameter_m": 0.8,
        "slope": 0.0072,
        "roughness_n": 0.013,
        "capacity_m3s": 1.122,
        "blockage_pct": 0.0,
        "channel_type": "roadside_storm_drain"
      }
    },
    {
      "type": "Feature",
      "geometry": {
        "type": "LineString",
        "coordinates": [
          [
            77.628906,
            12.924238
          ],
          [
            77.628862,
            12.924142
          ]
        ]
      },
      "properties": {
        "id": "DE-00330",
        "from_node": "DN-00569",
        "to_node": "DN-00570",
        "length_m": 11.69,
        "diameter_m": 0.8,
        "slope": 0.001,
        "roughness_n": 0.013,
        "capacity_m3s": 0.418,
        "blockage_pct": 0.0,
        "channel_type": "roadside_storm_drain"
      }
    },
    {
      "type": "Feature",
      "geometry": {
        "type": "LineString",
        "coordinates": [
          [
            77.633548,
            12.924991
          ],
          [
            77.633562,
            12.924866
          ]
        ]
      },
      "properties": {
        "id": "DE-00331",
        "from_node": "DN-00571",
        "to_node": "DN-00572",
        "length_m": 13.98,
        "diameter_m": 0.8,
        "slope": 0.0093,
        "roughness_n": 0.013,
        "capacity_m3s": 1.275,
        "blockage_pct": 0.0,
        "channel_type": "roadside_storm_drain"
      }
    },
    {
      "type": "Feature",
      "geometry": {
        "type": "LineString",
        "coordinates": [
          [
            77.633657,
            12.924881
          ],
          [
            77.634839,
            12.925074
          ]
        ]
      },
      "properties": {
        "id": "DE-00332",
        "from_node": "DN-00305",
        "to_node": "DN-00573",
        "length_m": 129.89,
        "diameter_m": 0.8,
        "slope": 0.0062,
        "roughness_n": 0.013,
        "capacity_m3s": 1.041,
        "blockage_pct": 0.0,
        "channel_type": "roadside_storm_drain"
      }
    },
    {
      "type": "Feature",
      "geometry": {
        "type": "LineString",
        "coordinates": [
          [
            77.61031,
            12.919858
          ],
          [
            77.610332,
            12.919796
          ]
        ]
      },
      "properties": {
        "id": "DE-00333",
        "from_node": "DN-00326",
        "to_node": "DN-00322",
        "length_m": 7.29,
        "diameter_m": 0.8,
        "slope": 0.001,
        "roughness_n": 0.013,
        "capacity_m3s": 0.418,
        "blockage_pct": 0.0,
        "channel_type": "roadside_storm_drain"
      }
    },
    {
      "type": "Feature",
      "geometry": {
        "type": "LineString",
        "coordinates": [
          [
            77.610753,
            12.920913
          ],
          [
            77.611168,
            12.921605
          ]
        ]
      },
      "properties": {
        "id": "DE-00334",
        "from_node": "DN-00155",
        "to_node": "DN-00156",
        "length_m": 89.15,
        "diameter_m": 0.8,
        "slope": 0.0181,
        "roughness_n": 0.013,
        "capacity_m3s": 1.779,
        "blockage_pct": 0.0,
        "channel_type": "roadside_storm_drain"
      }
    },
    {
      "type": "Feature",
      "geometry": {
        "type": "LineString",
        "coordinates": [
          [
            77.626804,
            12.903673
          ],
          [
            77.627138,
            12.903546
          ]
        ]
      },
      "properties": {
        "id": "DE-00335",
        "from_node": "DN-00574",
        "to_node": "DN-00369",
        "length_m": 40.0,
        "diameter_m": 0.8,
        "slope": 0.019,
        "roughness_n": 0.013,
        "capacity_m3s": 1.823,
        "blockage_pct": 0.0,
        "channel_type": "roadside_storm_drain"
      }
    },
    {
      "type": "Feature",
      "geometry": {
        "type": "LineString",
        "coordinates": [
          [
            77.613866,
            12.931655
          ],
          [
            77.614045,
            12.931341
          ]
        ]
      },
      "properties": {
        "id": "DE-00336",
        "from_node": "DN-00394",
        "to_node": "DN-00575",
        "length_m": 39.94,
        "diameter_m": 0.8,
        "slope": 0.0158,
        "roughness_n": 0.013,
        "capacity_m3s": 1.662,
        "blockage_pct": 0.0,
        "channel_type": "roadside_storm_drain"
      }
    },
    {
      "type": "Feature",
      "geometry": {
        "type": "LineString",
        "coordinates": [
          [
            77.678408,
            12.930314
          ],
          [
            77.678591,
            12.930452
          ]
        ]
      },
      "properties": {
        "id": "DE-00337",
        "from_node": "DN-00080",
        "to_node": "DN-00090",
        "length_m": 25.19,
        "diameter_m": 0.8,
        "slope": 0.0155,
        "roughness_n": 0.013,
        "capacity_m3s": 1.646,
        "blockage_pct": 0.0,
        "channel_type": "roadside_storm_drain"
      }
    },
    {
      "type": "Feature",
      "geometry": {
        "type": "LineString",
        "coordinates": [
          [
            77.678408,
            12.930314
          ],
          [
            77.678446,
            12.930406
          ]
        ]
      },
      "properties": {
        "id": "DE-00338",
        "from_node": "DN-00080",
        "to_node": "DN-00576",
        "length_m": 11.03,
        "diameter_m": 0.8,
        "slope": 0.0354,
        "roughness_n": 0.013,
        "capacity_m3s": 2.488,
        "blockage_pct": 0.0,
        "channel_type": "roadside_storm_drain"
      }
    },
    {
      "type": "Feature",
      "geometry": {
        "type": "LineString",
        "coordinates": [
          [
            77.623647,
            12.916363
          ],
          [
            77.623614,
            12.917144
          ]
        ]
      },
      "properties": {
        "id": "DE-00339",
        "from_node": "DN-00577",
        "to_node": "DN-00578",
        "length_m": 88.02,
        "diameter_m": 0.8,
        "slope": 0.0015,
        "roughness_n": 0.013,
        "capacity_m3s": 0.512,
        "blockage_pct": 0.0,
        "channel_type": "roadside_storm_drain"
      }
    },
    {
      "type": "Feature",
      "geometry": {
        "type": "LineString",
        "coordinates": [
          [
            77.627094,
            12.910326
          ],
          [
            77.624662,
            12.914361
          ]
        ]
      },
      "properties": {
        "id": "DE-00340",
        "from_node": "DN-00267",
        "to_node": "DN-00579",
        "length_m": 521.22,
        "diameter_m": 0.8,
        "slope": 0.0054,
        "roughness_n": 0.013,
        "capacity_m3s": 0.972,
        "blockage_pct": 0.0,
        "channel_type": "roadside_storm_drain"
      }
    },
    {
      "type": "Feature",
      "geometry": {
        "type": "LineString",
        "coordinates": [
          [
            77.669736,
            12.927254
          ],
          [
            77.669303,
            12.927232
          ]
        ]
      },
      "properties": {
        "id": "DE-00341",
        "from_node": "DN-00580",
        "to_node": "DN-00581",
        "length_m": 46.99,
        "diameter_m": 0.8,
        "slope": 0.0013,
        "roughness_n": 0.013,
        "capacity_m3s": 0.477,
        "blockage_pct": 0.0,
        "channel_type": "roadside_storm_drain"
      }
    },
    {
      "type": "Feature",
      "geometry": {
        "type": "LineString",
        "coordinates": [
          [
            77.626942,
            12.937197
          ],
          [
            77.633048,
            12.930399
          ]
        ]
      },
      "properties": {
        "id": "DE-00342",
        "from_node": "DN-00108",
        "to_node": "DN-00582",
        "length_m": 1012.48,
        "diameter_m": 0.8,
        "slope": 0.0013,
        "roughness_n": 0.013,
        "capacity_m3s": 0.477,
        "blockage_pct": 0.0,
        "channel_type": "roadside_storm_drain"
      }
    },
    {
      "type": "Feature",
      "geometry": {
        "type": "LineString",
        "coordinates": [
          [
            77.654037,
            12.923718
          ],
          [
            77.653052,
            12.923903
          ]
        ]
      },
      "properties": {
        "id": "DE-00343",
        "from_node": "DN-00583",
        "to_node": "DN-00584",
        "length_m": 108.72,
        "diameter_m": 0.8,
        "slope": 0.0125,
        "roughness_n": 0.013,
        "capacity_m3s": 1.478,
        "blockage_pct": 0.0,
        "channel_type": "roadside_storm_drain"
      }
    },
    {
      "type": "Feature",
      "geometry": {
        "type": "LineString",
        "coordinates": [
          [
            77.662394,
            12.921281
          ],
          [
            77.662419,
            12.921189
          ]
        ]
      },
      "properties": {
        "id": "DE-00344",
        "from_node": "DN-00440",
        "to_node": "DN-00439",
        "length_m": 10.58,
        "diameter_m": 0.8,
        "slope": 0.001,
        "roughness_n": 0.013,
        "capacity_m3s": 0.418,
        "blockage_pct": 0.0,
        "channel_type": "roadside_storm_drain"
      }
    },
    {
      "type": "Feature",
      "geometry": {
        "type": "LineString",
        "coordinates": [
          [
            77.653052,
            12.923903
          ],
          [
            77.648442,
            12.924238
          ]
        ]
      },
      "properties": {
        "id": "DE-00345",
        "from_node": "DN-00585",
        "to_node": "DN-00586",
        "length_m": 505.16,
        "diameter_m": 0.8,
        "slope": 0.0107,
        "roughness_n": 0.013,
        "capacity_m3s": 1.368,
        "blockage_pct": 0.0,
        "channel_type": "roadside_storm_drain"
      }
    },
    {
      "type": "Feature",
      "geometry": {
        "type": "LineString",
        "coordinates": [
          [
            77.684326,
            12.929773
          ],
          [
            77.68191,
            12.928616
          ]
        ]
      },
      "properties": {
        "id": "DE-00346",
        "from_node": "DN-00587",
        "to_node": "DN-00588",
        "length_m": 291.78,
        "diameter_m": 0.8,
        "slope": 0.0146,
        "roughness_n": 0.013,
        "capacity_m3s": 1.598,
        "blockage_pct": 0.0,
        "channel_type": "roadside_storm_drain"
      }
    },
    {
      "type": "Feature",
      "geometry": {
        "type": "LineString",
        "coordinates": [
          [
            77.679519,
            12.927507
          ],
          [
            77.679761,
            12.92762
          ]
        ]
      },
      "properties": {
        "id": "DE-00347",
        "from_node": "DN-00589",
        "to_node": "DN-00590",
        "length_m": 29.08,
        "diameter_m": 0.8,
        "slope": 0.01,
        "roughness_n": 0.013,
        "capacity_m3s": 1.322,
        "blockage_pct": 0.0,
        "channel_type": "roadside_storm_drain"
      }
    },
    {
      "type": "Feature",
      "geometry": {
        "type": "LineString",
        "coordinates": [
          [
            77.67529,
            12.925464
          ],
          [
            77.678644,
            12.927088
          ]
        ]
      },
      "properties": {
        "id": "DE-00348",
        "from_node": "DN-00591",
        "to_node": "DN-00592",
        "length_m": 405.91,
        "diameter_m": 0.8,
        "slope": 0.0197,
        "roughness_n": 0.013,
        "capacity_m3s": 1.856,
        "blockage_pct": 0.0,
        "channel_type": "roadside_storm_drain"
      }
    },
    {
      "type": "Feature",
      "geometry": {
        "type": "LineString",
        "coordinates": [
          [
            77.66359,
            12.921119
          ],
          [
            77.664846,
            12.920811
          ]
        ]
      },
      "properties": {
        "id": "DE-00349",
        "from_node": "DN-00593",
        "to_node": "DN-00594",
        "length_m": 140.75,
        "diameter_m": 0.8,
        "slope": 0.008,
        "roughness_n": 0.013,
        "capacity_m3s": 1.183,
        "blockage_pct": 0.0,
        "channel_type": "roadside_storm_drain"
      }
    },
    {
      "type": "Feature",
      "geometry": {
        "type": "LineString",
        "coordinates": [
          [
            77.664846,
            12.920811
          ],
          [
            77.665448,
            12.920915
          ]
        ]
      },
      "properties": {
        "id": "DE-00350",
        "from_node": "DN-00595",
        "to_node": "DN-00596",
        "length_m": 66.36,
        "diameter_m": 0.8,
        "slope": 0.0152,
        "roughness_n": 0.013,
        "capacity_m3s": 1.63,
        "blockage_pct": 0.0,
        "channel_type": "roadside_storm_drain"
      }
    },
    {
      "type": "Feature",
      "geometry": {
        "type": "LineString",
        "coordinates": [
          [
            77.662906,
            12.921278
          ],
          [
            77.66359,
            12.921119
          ]
        ]
      },
      "properties": {
        "id": "DE-00351",
        "from_node": "DN-00597",
        "to_node": "DN-00598",
        "length_m": 76.21,
        "diameter_m": 0.8,
        "slope": 0.014,
        "roughness_n": 0.013,
        "capacity_m3s": 1.565,
        "blockage_pct": 0.0,
        "channel_type": "roadside_storm_drain"
      }
    },
    {
      "type": "Feature",
      "geometry": {
        "type": "LineString",
        "coordinates": [
          [
            77.654106,
            12.923864
          ],
          [
            77.653088,
            12.924073
          ]
        ]
      },
      "properties": {
        "id": "DE-00352",
        "from_node": "DN-00599",
        "to_node": "DN-00600",
        "length_m": 112.75,
        "diameter_m": 0.8,
        "slope": 0.0207,
        "roughness_n": 0.013,
        "capacity_m3s": 1.903,
        "blockage_pct": 0.0,
        "channel_type": "roadside_storm_drain"
      }
    },
    {
      "type": "Feature",
      "geometry": {
        "type": "LineString",
        "coordinates": [
          [
            77.632396,
            12.914385
          ],
          [
            77.632409,
            12.913851
          ]
        ]
      },
      "properties": {
        "id": "DE-00353",
        "from_node": "DN-00601",
        "to_node": "DN-00139",
        "length_m": 59.39,
        "diameter_m": 0.8,
        "slope": 0.0072,
        "roughness_n": 0.013,
        "capacity_m3s": 1.122,
        "blockage_pct": 0.0,
        "channel_type": "roadside_storm_drain"
      }
    },
    {
      "type": "Feature",
      "geometry": {
        "type": "LineString",
        "coordinates": [
          [
            77.644915,
            12.922081
          ],
          [
            77.643034,
            12.919878
          ]
        ]
      },
      "properties": {
        "id": "DE-00354",
        "from_node": "DN-00420",
        "to_node": "DN-00602",
        "length_m": 318.92,
        "diameter_m": 0.8,
        "slope": 0.001,
        "roughness_n": 0.013,
        "capacity_m3s": 0.418,
        "blockage_pct": 0.0,
        "channel_type": "roadside_storm_drain"
      }
    },
    {
      "type": "Feature",
      "geometry": {
        "type": "LineString",
        "coordinates": [
          [
            77.647555,
            12.924158
          ],
          [
            77.648413,
            12.924409
          ]
        ]
      },
      "properties": {
        "id": "DE-00355",
        "from_node": "DN-00345",
        "to_node": "DN-00603",
        "length_m": 97.55,
        "diameter_m": 0.8,
        "slope": 0.0042,
        "roughness_n": 0.013,
        "capacity_m3s": 0.857,
        "blockage_pct": 0.0,
        "channel_type": "roadside_storm_drain"
      }
    },
    {
      "type": "Feature",
      "geometry": {
        "type": "LineString",
        "coordinates": [
          [
            77.639321,
            12.916344
          ],
          [
            77.637113,
            12.916138
          ]
        ]
      },
      "properties": {
        "id": "DE-00356",
        "from_node": "DN-00604",
        "to_node": "DN-00605",
        "length_m": 245.24,
        "diameter_m": 0.8,
        "slope": 0.0024,
        "roughness_n": 0.013,
        "capacity_m3s": 0.648,
        "blockage_pct": 0.0,
        "channel_type": "roadside_storm_drain"
      }
    },
    {
      "type": "Feature",
      "geometry": {
        "type": "LineString",
        "coordinates": [
          [
            77.622954,
            12.91655
          ],
          [
            77.622899,
            12.917215
          ]
        ]
      },
      "properties": {
        "id": "DE-00357",
        "from_node": "DN-00606",
        "to_node": "DN-00607",
        "length_m": 77.18,
        "diameter_m": 0.8,
        "slope": 0.001,
        "roughness_n": 0.013,
        "capacity_m3s": 0.418,
        "blockage_pct": 0.0,
        "channel_type": "roadside_storm_drain"
      }
    },
    {
      "type": "Feature",
      "geometry": {
        "type": "LineString",
        "coordinates": [
          [
            77.632291,
            12.916589
          ],
          [
            77.629255,
            12.916824
          ]
        ]
      },
      "properties": {
        "id": "DE-00358",
        "from_node": "DN-00608",
        "to_node": "DN-00609",
        "length_m": 330.14,
        "diameter_m": 0.8,
        "slope": 0.001,
        "roughness_n": 0.013,
        "capacity_m3s": 0.418,
        "blockage_pct": 0.0,
        "channel_type": "roadside_storm_drain"
      }
    },
    {
      "type": "Feature",
      "geometry": {
        "type": "LineString",
        "coordinates": [
          [
            77.632369,
            12.916581
          ],
          [
            77.634928,
            12.916344
          ]
        ]
      },
      "properties": {
        "id": "DE-00359",
        "from_node": "DN-00610",
        "to_node": "DN-00347",
        "length_m": 278.61,
        "diameter_m": 0.8,
        "slope": 0.0089,
        "roughness_n": 0.013,
        "capacity_m3s": 1.248,
        "blockage_pct": 0.0,
        "channel_type": "roadside_storm_drain"
      }
    },
    {
      "type": "Feature",
      "geometry": {
        "type": "LineString",
        "coordinates": [
          [
            77.624009,
            12.914642
          ],
          [
            77.624202,
            12.914595
          ]
        ]
      },
      "properties": {
        "id": "DE-00360",
        "from_node": "DN-00373",
        "to_node": "DN-00611",
        "length_m": 21.56,
        "diameter_m": 0.8,
        "slope": 0.0139,
        "roughness_n": 0.013,
        "capacity_m3s": 1.559,
        "blockage_pct": 0.0,
        "channel_type": "roadside_storm_drain"
      }
    },
    {
      "type": "Feature",
      "geometry": {
        "type": "LineString",
        "coordinates": [
          [
            77.622926,
            12.917395
          ],
          [
            77.624383,
            12.917682
          ]
        ]
      },
      "properties": {
        "id": "DE-00361",
        "from_node": "DN-00107",
        "to_node": "DN-00612",
        "length_m": 161.22,
        "diameter_m": 0.8,
        "slope": 0.0079,
        "roughness_n": 0.013,
        "capacity_m3s": 1.175,
        "blockage_pct": 0.0,
        "channel_type": "roadside_storm_drain"
      }
    },
    {
      "type": "Feature",
      "geometry": {
        "type": "LineString",
        "coordinates": [
          [
            77.662985,
            12.921113
          ],
          [
            77.663668,
            12.920915
          ]
        ]
      },
      "properties": {
        "id": "DE-00362",
        "from_node": "DN-00613",
        "to_node": "DN-00614",
        "length_m": 77.23,
        "diameter_m": 0.8,
        "slope": 0.0091,
        "roughness_n": 0.013,
        "capacity_m3s": 1.261,
        "blockage_pct": 0.0,
        "channel_type": "roadside_storm_drain"
      }
    },
    {
      "type": "Feature",
      "geometry": {
        "type": "LineString",
        "coordinates": [
          [
            77.663668,
            12.920915
          ],
          [
            77.666594,
            12.921222
          ]
        ]
      },
      "properties": {
        "id": "DE-00363",
        "from_node": "DN-00615",
        "to_node": "DN-00616",
        "length_m": 334.6,
        "diameter_m": 0.8,
        "slope": 0.0139,
        "roughness_n": 0.013,
        "capacity_m3s": 1.559,
        "blockage_pct": 0.0,
        "channel_type": "roadside_storm_drain"
      }
    },
    {
      "type": "Feature",
      "geometry": {
        "type": "LineString",
        "coordinates": [
          [
            77.678759,
            12.926921
          ],
          [
            77.67961,
            12.927337
          ]
        ]
      },
      "properties": {
        "id": "DE-00364",
        "from_node": "DN-00617",
        "to_node": "DN-00618",
        "length_m": 103.18,
        "diameter_m": 0.8,
        "slope": 0.0173,
        "roughness_n": 0.013,
        "capacity_m3s": 1.739,
        "blockage_pct": 0.0,
        "channel_type": "roadside_storm_drain"
      }
    },
    {
      "type": "Feature",
      "geometry": {
        "type": "LineString",
        "coordinates": [
          [
            77.674367,
            12.92478
          ],
          [
            77.668032,
            12.921903
          ]
        ]
      },
      "properties": {
        "id": "DE-00365",
        "from_node": "DN-00619",
        "to_node": "DN-00283",
        "length_m": 757.59,
        "diameter_m": 0.8,
        "slope": 0.0016,
        "roughness_n": 0.013,
        "capacity_m3s": 0.529,
        "blockage_pct": 0.0,
        "channel_type": "roadside_storm_drain"
      }
    },
    {
      "type": "Feature",
      "geometry": {
        "type": "LineString",
        "coordinates": [
          [
            77.675354,
            12.925282
          ],
          [
            77.678759,
            12.926921
          ]
        ]
      },
      "properties": {
        "id": "DE-00366",
        "from_node": "DN-00620",
        "to_node": "DN-00621",
        "length_m": 411.6,
        "diameter_m": 0.8,
        "slope": 0.0201,
        "roughness_n": 0.013,
        "capacity_m3s": 1.875,
        "blockage_pct": 0.0,
        "channel_type": "roadside_storm_drain"
      }
    },
    {
      "type": "Feature",
      "geometry": {
        "type": "LineString",
        "coordinates": [
          [
            77.666594,
            12.921222
          ],
          [
            77.667881,
            12.921826
          ]
        ]
      },
      "properties": {
        "id": "DE-00367",
        "from_node": "DN-00622",
        "to_node": "DN-00623",
        "length_m": 154.81,
        "diameter_m": 0.8,
        "slope": 0.013,
        "roughness_n": 0.013,
        "capacity_m3s": 1.508,
        "blockage_pct": 0.0,
        "channel_type": "roadside_storm_drain"
      }
    },
    {
      "type": "Feature",
      "geometry": {
        "type": "LineString",
        "coordinates": [
          [
            77.632292,
            12.916491
          ],
          [
            77.623305,
            12.91735
          ]
        ]
      },
      "properties": {
        "id": "DE-00368",
        "from_node": "DN-00359",
        "to_node": "DN-00624",
        "length_m": 991.9,
        "diameter_m": 0.8,
        "slope": 0.002,
        "roughness_n": 0.013,
        "capacity_m3s": 0.591,
        "blockage_pct": 0.0,
        "channel_type": "roadside_storm_drain"
      }
    },
    {
      "type": "Feature",
      "geometry": {
        "type": "LineString",
        "coordinates": [
          [
            77.622951,
            12.917289
          ],
          [
            77.623305,
            12.91735
          ]
        ]
      },
      "properties": {
        "id": "DE-00369",
        "from_node": "DN-00625",
        "to_node": "DN-00626",
        "length_m": 38.96,
        "diameter_m": 0.8,
        "slope": 0.0098,
        "roughness_n": 0.013,
        "capacity_m3s": 1.309,
        "blockage_pct": 0.0,
        "channel_type": "roadside_storm_drain"
      }
    },
    {
      "type": "Feature",
      "geometry": {
        "type": "LineString",
        "coordinates": [
          [
            77.635542,
            12.916132
          ],
          [
            77.635401,
            12.91616
          ]
        ]
      },
      "properties": {
        "id": "DE-00370",
        "from_node": "DN-00627",
        "to_node": "DN-00628",
        "length_m": 15.6,
        "diameter_m": 0.8,
        "slope": 0.001,
        "roughness_n": 0.013,
        "capacity_m3s": 0.418,
        "blockage_pct": 0.0,
        "channel_type": "roadside_storm_drain"
      }
    },
    {
      "type": "Feature",
      "geometry": {
        "type": "LineString",
        "coordinates": [
          [
            77.647072,
            12.923769
          ],
          [
            77.646616,
            12.923487
          ]
        ]
      },
      "properties": {
        "id": "DE-00371",
        "from_node": "DN-00629",
        "to_node": "DN-00630",
        "length_m": 58.55,
        "diameter_m": 0.8,
        "slope": 0.0038,
        "roughness_n": 0.013,
        "capacity_m3s": 0.815,
        "blockage_pct": 0.0,
        "channel_type": "roadside_storm_drain"
      }
    },
    {
      "type": "Feature",
      "geometry": {
        "type": "LineString",
        "coordinates": [
          [
            77.64054,
            12.916871
          ],
          [
            77.639319,
            12.916144
          ]
        ]
      },
      "properties": {
        "id": "DE-00372",
        "from_node": "DN-00631",
        "to_node": "DN-00632",
        "length_m": 156.26,
        "diameter_m": 0.8,
        "slope": 0.0027,
        "roughness_n": 0.013,
        "capacity_m3s": 0.687,
        "blockage_pct": 0.0,
        "channel_type": "roadside_storm_drain"
      }
    },
    {
      "type": "Feature",
      "geometry": {
        "type": "LineString",
        "coordinates": [
          [
            77.649386,
            12.947204
          ],
          [
            77.649409,
            12.947271
          ]
        ]
      },
      "properties": {
        "id": "DE-00373",
        "from_node": "DN-00102",
        "to_node": "DN-00102",
        "length_m": 7.86,
        "diameter_m": 0.8,
        "slope": 0.001,
        "roughness_n": 0.013,
        "capacity_m3s": 0.418,
        "blockage_pct": 0.0,
        "channel_type": "roadside_storm_drain"
      }
    },
    {
      "type": "Feature",
      "geometry": {
        "type": "LineString",
        "coordinates": [
          [
            77.632491,
            12.909625
          ],
          [
            77.63248,
            12.910003
          ]
        ]
      },
      "properties": {
        "id": "DE-00374",
        "from_node": "DN-00633",
        "to_node": "DN-00634",
        "length_m": 42.05,
        "diameter_m": 0.8,
        "slope": 0.0017,
        "roughness_n": 0.013,
        "capacity_m3s": 0.545,
        "blockage_pct": 0.0,
        "channel_type": "roadside_storm_drain"
      }
    },
    {
      "type": "Feature",
      "geometry": {
        "type": "LineString",
        "coordinates": [
          [
            77.632491,
            12.909625
          ],
          [
            77.63248,
            12.910003
          ]
        ]
      },
      "properties": {
        "id": "DE-00375",
        "from_node": "DN-00635",
        "to_node": "DN-00636",
        "length_m": 42.05,
        "diameter_m": 0.8,
        "slope": 0.0017,
        "roughness_n": 0.013,
        "capacity_m3s": 0.545,
        "blockage_pct": 0.0,
        "channel_type": "roadside_storm_drain"
      }
    },
    {
      "type": "Feature",
      "geometry": {
        "type": "LineString",
        "coordinates": [
          [
            77.607424,
            12.944809
          ],
          [
            77.60593,
            12.949845
          ]
        ]
      },
      "properties": {
        "id": "DE-00376",
        "from_node": "DN-00637",
        "to_node": "DN-00638",
        "length_m": 583.23,
        "diameter_m": 0.8,
        "slope": 0.0099,
        "roughness_n": 0.013,
        "capacity_m3s": 1.316,
        "blockage_pct": 0.0,
        "channel_type": "roadside_storm_drain"
      }
    },
    {
      "type": "Feature",
      "geometry": {
        "type": "LineString",
        "coordinates": [
          [
            77.610196,
            12.917143
          ],
          [
            77.610124,
            12.916627
          ]
        ]
      },
      "properties": {
        "id": "DE-00377",
        "from_node": "DN-00639",
        "to_node": "DN-00183",
        "length_m": 58.13,
        "diameter_m": 0.8,
        "slope": 0.0024,
        "roughness_n": 0.013,
        "capacity_m3s": 0.648,
        "blockage_pct": 0.0,
        "channel_type": "roadside_storm_drain"
      }
    },
    {
      "type": "Feature",
      "geometry": {
        "type": "LineString",
        "coordinates": [
          [
            77.610332,
            12.919796
          ],
          [
            77.611111,
            12.919764
          ]
        ]
      },
      "properties": {
        "id": "DE-00378",
        "from_node": "DN-00322",
        "to_node": "DN-00640",
        "length_m": 84.5,
        "diameter_m": 0.8,
        "slope": 0.0103,
        "roughness_n": 0.013,
        "capacity_m3s": 1.342,
        "blockage_pct": 0.0,
        "channel_type": "roadside_storm_drain"
      }
    },
    {
      "type": "Feature",
      "geometry": {
        "type": "LineString",
        "coordinates": [
          [
            77.610131,
            12.917157
          ],
          [
            77.610276,
            12.919752
          ]
        ]
      },
      "properties": {
        "id": "DE-00379",
        "from_node": "DN-00641",
        "to_node": "DN-00323",
        "length_m": 289.05,
        "diameter_m": 0.8,
        "slope": 0.0233,
        "roughness_n": 0.013,
        "capacity_m3s": 2.018,
        "blockage_pct": 0.0,
        "channel_type": "roadside_storm_drain"
      }
    },
    {
      "type": "Feature",
      "geometry": {
        "type": "LineString",
        "coordinates": [
          [
            77.61028,
            12.9198
          ],
          [
            77.610332,
            12.919796
          ]
        ]
      },
      "properties": {
        "id": "DE-00380",
        "from_node": "DN-00326",
        "to_node": "DN-00322",
        "length_m": 5.65,
        "diameter_m": 0.8,
        "slope": 0.0761,
        "roughness_n": 0.013,
        "capacity_m3s": 3.648,
        "blockage_pct": 0.0,
        "channel_type": "roadside_storm_drain"
      }
    },
    {
      "type": "Feature",
      "geometry": {
        "type": "LineString",
        "coordinates": [
          [
            77.609203,
            12.924598
          ],
          [
            77.608975,
            12.924909
          ]
        ]
      },
      "properties": {
        "id": "DE-00381",
        "from_node": "DN-00150",
        "to_node": "DN-00642",
        "length_m": 42.5,
        "diameter_m": 0.8,
        "slope": 0.0139,
        "roughness_n": 0.013,
        "capacity_m3s": 1.559,
        "blockage_pct": 0.0,
        "channel_type": "roadside_storm_drain"
      }
    },
    {
      "type": "Feature",
      "geometry": {
        "type": "LineString",
        "coordinates": [
          [
            77.608889,
            12.925029
          ],
          [
            77.608975,
            12.924909
          ]
        ]
      },
      "properties": {
        "id": "DE-00382",
        "from_node": "DN-00643",
        "to_node": "DN-00644",
        "length_m": 16.28,
        "diameter_m": 0.8,
        "slope": 0.0043,
        "roughness_n": 0.013,
        "capacity_m3s": 0.867,
        "blockage_pct": 0.0,
        "channel_type": "roadside_storm_drain"
      }
    },
    {
      "type": "Feature",
      "geometry": {
        "type": "LineString",
        "coordinates": [
          [
            77.685511,
            12.91871
          ],
          [
            77.68554,
            12.920175
          ]
        ]
      },
      "properties": {
        "id": "DE-00383",
        "from_node": "DN-00387",
        "to_node": "DN-00645",
        "length_m": 162.93,
        "diameter_m": 0.8,
        "slope": 0.0273,
        "roughness_n": 0.013,
        "capacity_m3s": 2.185,
        "blockage_pct": 0.0,
        "channel_type": "roadside_storm_drain"
      }
    },
    {
      "type": "Feature",
      "geometry": {
        "type": "LineString",
        "coordinates": [
          [
            77.680812,
            12.948461
          ],
          [
            77.687792,
            12.949063
          ]
        ]
      },
      "properties": {
        "id": "DE-00384",
        "from_node": "DN-00299",
        "to_node": "DN-00300",
        "length_m": 759.52,
        "diameter_m": 0.8,
        "slope": 0.006,
        "roughness_n": 0.013,
        "capacity_m3s": 1.024,
        "blockage_pct": 0.0,
        "channel_type": "roadside_storm_drain"
      }
    },
    {
      "type": "Feature",
      "geometry": {
        "type": "LineString",
        "coordinates": [
          [
            77.628327,
            12.924601
          ],
          [
            77.629234,
            12.93001
          ]
        ]
      },
      "properties": {
        "id": "DE-00385",
        "from_node": "DN-00304",
        "to_node": "DN-00209",
        "length_m": 610.69,
        "diameter_m": 0.8,
        "slope": 0.0092,
        "roughness_n": 0.013,
        "capacity_m3s": 1.268,
        "blockage_pct": 0.0,
        "channel_type": "roadside_storm_drain"
      }
    },
    {
      "type": "Feature",
      "geometry": {
        "type": "LineString",
        "coordinates": [
          [
            77.621422,
            12.951617
          ],
          [
            77.621346,
            12.951423
          ]
        ]
      },
      "properties": {
        "id": "DE-00386",
        "from_node": "DN-00646",
        "to_node": "DN-00001",
        "length_m": 23.09,
        "diameter_m": 0.8,
        "slope": 0.0087,
        "roughness_n": 0.013,
        "capacity_m3s": 1.233,
        "blockage_pct": 0.0,
        "channel_type": "roadside_storm_drain"
      }
    },
    {
      "type": "Feature",
      "geometry": {
        "type": "LineString",
        "coordinates": [
          [
            77.621452,
            12.951698
          ],
          [
            77.620183,
            12.952511
          ]
        ]
      },
      "properties": {
        "id": "DE-00387",
        "from_node": "DN-00647",
        "to_node": "DN-00648",
        "length_m": 173.42,
        "diameter_m": 0.8,
        "slope": 0.0038,
        "roughness_n": 0.013,
        "capacity_m3s": 0.815,
        "blockage_pct": 0.0,
        "channel_type": "roadside_storm_drain"
      }
    },
    {
      "type": "Feature",
      "geometry": {
        "type": "LineString",
        "coordinates": [
          [
            77.621469,
            12.951752
          ],
          [
            77.620183,
            12.952511
          ]
        ]
      },
      "properties": {
        "id": "DE-00388",
        "from_node": "DN-00649",
        "to_node": "DN-00650",
        "length_m": 165.77,
        "diameter_m": 0.8,
        "slope": 0.004,
        "roughness_n": 0.013,
        "capacity_m3s": 0.836,
        "blockage_pct": 0.0,
        "channel_type": "roadside_storm_drain"
      }
    },
    {
      "type": "Feature",
      "geometry": {
        "type": "LineString",
        "coordinates": [
          [
            77.621469,
            12.951752
          ],
          [
            77.621547,
            12.951712
          ]
        ]
      },
      "properties": {
        "id": "DE-00389",
        "from_node": "DN-00651",
        "to_node": "DN-00652",
        "length_m": 9.55,
        "diameter_m": 0.8,
        "slope": 0.001,
        "roughness_n": 0.013,
        "capacity_m3s": 0.418,
        "blockage_pct": 0.0,
        "channel_type": "roadside_storm_drain"
      }
    },
    {
      "type": "Feature",
      "geometry": {
        "type": "LineString",
        "coordinates": [
          [
            77.62149,
            12.916919
          ],
          [
            77.621669,
            12.916976
          ]
        ]
      },
      "properties": {
        "id": "DE-00390",
        "from_node": "DN-00653",
        "to_node": "DN-00654",
        "length_m": 20.41,
        "diameter_m": 0.8,
        "slope": 0.001,
        "roughness_n": 0.013,
        "capacity_m3s": 0.418,
        "blockage_pct": 0.0,
        "channel_type": "roadside_storm_drain"
      }
    },
    {
      "type": "Feature",
      "geometry": {
        "type": "LineString",
        "coordinates": [
          [
            77.622233,
            12.91717
          ],
          [
            77.622597,
            12.917301
          ]
        ]
      },
      "properties": {
        "id": "DE-00391",
        "from_node": "DN-00655",
        "to_node": "DN-00656",
        "length_m": 42.05,
        "diameter_m": 0.8,
        "slope": 0.009,
        "roughness_n": 0.013,
        "capacity_m3s": 1.254,
        "blockage_pct": 0.0,
        "channel_type": "roadside_storm_drain"
      }
    },
    {
      "type": "Feature",
      "geometry": {
        "type": "LineString",
        "coordinates": [
          [
            77.650458,
            12.903536
          ],
          [
            77.650691,
            12.90178
          ]
        ]
      },
      "properties": {
        "id": "DE-00392",
        "from_node": "DN-00513",
        "to_node": "DN-00396",
        "length_m": 197.04,
        "diameter_m": 0.8,
        "slope": 0.001,
        "roughness_n": 0.013,
        "capacity_m3s": 0.418,
        "blockage_pct": 0.0,
        "channel_type": "roadside_storm_drain"
      }
    },
    {
      "type": "Feature",
      "geometry": {
        "type": "LineString",
        "coordinates": [
          [
            77.610048,
            12.916628
          ],
          [
            77.610124,
            12.916627
          ]
        ]
      },
      "properties": {
        "id": "DE-00393",
        "from_node": "DN-00657",
        "to_node": "DN-00183",
        "length_m": 8.24,
        "diameter_m": 0.8,
        "slope": 0.001,
        "roughness_n": 0.013,
        "capacity_m3s": 0.418,
        "blockage_pct": 0.0,
        "channel_type": "roadside_storm_drain"
      }
    },
    {
      "type": "Feature",
      "geometry": {
        "type": "LineString",
        "coordinates": [
          [
            77.610037,
            12.913909
          ],
          [
            77.610037,
            12.913952
          ]
        ]
      },
      "properties": {
        "id": "DE-00394",
        "from_node": "DN-00658",
        "to_node": "DN-00659",
        "length_m": 5.0,
        "diameter_m": 0.8,
        "slope": 0.001,
        "roughness_n": 0.013,
        "capacity_m3s": 0.418,
        "blockage_pct": 0.0,
        "channel_type": "roadside_storm_drain"
      }
    },
    {
      "type": "Feature",
      "geometry": {
        "type": "LineString",
        "coordinates": [
          [
            77.620173,
            12.921161
          ],
          [
            77.620296,
            12.92121
          ]
        ]
      },
      "properties": {
        "id": "DE-00395",
        "from_node": "DN-00660",
        "to_node": "DN-00661",
        "length_m": 14.4,
        "diameter_m": 0.8,
        "slope": 0.001,
        "roughness_n": 0.013,
        "capacity_m3s": 0.418,
        "blockage_pct": 0.0,
        "channel_type": "roadside_storm_drain"
      }
    },
    {
      "type": "Feature",
      "geometry": {
        "type": "LineString",
        "coordinates": [
          [
            77.669574,
            12.91871
          ],
          [
            77.672163,
            12.922413
          ]
        ]
      },
      "properties": {
        "id": "DE-00396",
        "from_node": "DN-00429",
        "to_node": "DN-00662",
        "length_m": 509.82,
        "diameter_m": 0.8,
        "slope": 0.0089,
        "roughness_n": 0.013,
        "capacity_m3s": 1.248,
        "blockage_pct": 0.0,
        "channel_type": "roadside_storm_drain"
      }
    },
    {
      "type": "Feature",
      "geometry": {
        "type": "LineString",
        "coordinates": [
          [
            77.669574,
            12.91871
          ],
          [
            77.672163,
            12.922413
          ]
        ]
      },
      "properties": {
        "id": "DE-00397",
        "from_node": "DN-00429",
        "to_node": "DN-00663",
        "length_m": 509.82,
        "diameter_m": 0.8,
        "slope": 0.0089,
        "roughness_n": 0.013,
        "capacity_m3s": 1.248,
        "blockage_pct": 0.0,
        "channel_type": "roadside_storm_drain"
      }
    },
    {
      "type": "Feature",
      "geometry": {
        "type": "LineString",
        "coordinates": [
          [
            77.644509,
            12.908686
          ],
          [
            77.644431,
            12.90664
          ]
        ]
      },
      "properties": {
        "id": "DE-00398",
        "from_node": "DN-00664",
        "to_node": "DN-00665",
        "length_m": 227.66,
        "diameter_m": 0.8,
        "slope": 0.008,
        "roughness_n": 0.013,
        "capacity_m3s": 1.183,
        "blockage_pct": 0.0,
        "channel_type": "roadside_storm_drain"
      }
    },
    {
      "type": "Feature",
      "geometry": {
        "type": "LineString",
        "coordinates": [
          [
            77.644509,
            12.908686
          ],
          [
            77.644431,
            12.90664
          ]
        ]
      },
      "properties": {
        "id": "DE-00399",
        "from_node": "DN-00666",
        "to_node": "DN-00667",
        "length_m": 227.66,
        "diameter_m": 0.8,
        "slope": 0.008,
        "roughness_n": 0.013,
        "capacity_m3s": 1.183,
        "blockage_pct": 0.0,
        "channel_type": "roadside_storm_drain"
      }
    },
    {
      "type": "Feature",
      "geometry": {
        "type": "LineString",
        "coordinates": [
          [
            77.678408,
            12.930314
          ],
          [
            77.678446,
            12.930406
          ]
        ]
      },
      "properties": {
        "id": "DE-00400",
        "from_node": "DN-00080",
        "to_node": "DN-00576",
        "length_m": 11.03,
        "diameter_m": 0.8,
        "slope": 0.0354,
        "roughness_n": 0.013,
        "capacity_m3s": 2.488,
        "blockage_pct": 0.0,
        "channel_type": "roadside_storm_drain"
      }
    },
    {
      "type": "Feature",
      "geometry": {
        "type": "LineString",
        "coordinates": [
          [
            77.678419,
            12.930693
          ],
          [
            77.678351,
            12.930807
          ]
        ]
      },
      "properties": {
        "id": "DE-00401",
        "from_node": "DN-00092",
        "to_node": "DN-00095",
        "length_m": 14.66,
        "diameter_m": 0.8,
        "slope": 0.001,
        "roughness_n": 0.013,
        "capacity_m3s": 0.418,
        "blockage_pct": 0.0,
        "channel_type": "roadside_storm_drain"
      }
    },
    {
      "type": "Feature",
      "geometry": {
        "type": "LineString",
        "coordinates": [
          [
            77.68034,
            12.943776
          ],
          [
            77.680357,
            12.94384
          ]
        ]
      },
      "properties": {
        "id": "DE-00402",
        "from_node": "DN-00397",
        "to_node": "DN-00099",
        "length_m": 7.35,
        "diameter_m": 0.8,
        "slope": 0.001,
        "roughness_n": 0.013,
        "capacity_m3s": 0.418,
        "blockage_pct": 0.0,
        "channel_type": "roadside_storm_drain"
      }
    },
    {
      "type": "Feature",
      "geometry": {
        "type": "LineString",
        "coordinates": [
          [
            77.680259,
            12.944148
          ],
          [
            77.680357,
            12.94384
          ]
        ]
      },
      "properties": {
        "id": "DE-00403",
        "from_node": "DN-00098",
        "to_node": "DN-00099",
        "length_m": 35.87,
        "diameter_m": 0.8,
        "slope": 0.027,
        "roughness_n": 0.013,
        "capacity_m3s": 2.173,
        "blockage_pct": 0.0,
        "channel_type": "roadside_storm_drain"
      }
    },
    {
      "type": "Feature",
      "geometry": {
        "type": "LineString",
        "coordinates": [
          [
            77.680266,
            12.944191
          ],
          [
            77.680304,
            12.944168
          ]
        ]
      },
      "properties": {
        "id": "DE-00404",
        "from_node": "DN-00098",
        "to_node": "DN-00098",
        "length_m": 5.0,
        "diameter_m": 0.8,
        "slope": 0.001,
        "roughness_n": 0.013,
        "capacity_m3s": 0.418,
        "blockage_pct": 0.0,
        "channel_type": "roadside_storm_drain"
      }
    },
    {
      "type": "Feature",
      "geometry": {
        "type": "LineString",
        "coordinates": [
          [
            77.617176,
            12.916151
          ],
          [
            77.618845,
            12.916185
          ]
        ]
      },
      "properties": {
        "id": "DE-00405",
        "from_node": "DN-00668",
        "to_node": "DN-00669",
        "length_m": 181.05,
        "diameter_m": 0.8,
        "slope": 0.0223,
        "roughness_n": 0.013,
        "capacity_m3s": 1.975,
        "blockage_pct": 0.0,
        "channel_type": "roadside_storm_drain"
      }
    },
    {
      "type": "Feature",
      "geometry": {
        "type": "LineString",
        "coordinates": [
          [
            77.61652,
            12.915441
          ],
          [
            77.616963,
            12.916141
          ]
        ]
      },
      "properties": {
        "id": "DE-00406",
        "from_node": "DN-00670",
        "to_node": "DN-00671",
        "length_m": 91.46,
        "diameter_m": 0.8,
        "slope": 0.0079,
        "roughness_n": 0.013,
        "capacity_m3s": 1.175,
        "blockage_pct": 0.0,
        "channel_type": "roadside_storm_drain"
      }
    },
    {
      "type": "Feature",
      "geometry": {
        "type": "LineString",
        "coordinates": [
          [
            77.616305,
            12.916353
          ],
          [
            77.620183,
            12.916551
          ]
        ]
      },
      "properties": {
        "id": "DE-00407",
        "from_node": "DN-00672",
        "to_node": "DN-00673",
        "length_m": 422.85,
        "diameter_m": 0.8,
        "slope": 0.0187,
        "roughness_n": 0.013,
        "capacity_m3s": 1.808,
        "blockage_pct": 0.0,
        "channel_type": "roadside_storm_drain"
      }
    },
    {
      "type": "Feature",
      "geometry": {
        "type": "LineString",
        "coordinates": [
          [
            77.620183,
            12.916551
          ],
          [
            77.62149,
            12.916919
          ]
        ]
      },
      "properties": {
        "id": "DE-00408",
        "from_node": "DN-00674",
        "to_node": "DN-00653",
        "length_m": 150.13,
        "diameter_m": 0.8,
        "slope": 0.0095,
        "roughness_n": 0.013,
        "capacity_m3s": 1.289,
        "blockage_pct": 0.0,
        "channel_type": "roadside_storm_drain"
      }
    },
    {
      "type": "Feature",
      "geometry": {
        "type": "LineString",
        "coordinates": [
          [
            77.615196,
            12.91646
          ],
          [
            77.615243,
            12.916455
          ]
        ]
      },
      "properties": {
        "id": "DE-00409",
        "from_node": "DN-00675",
        "to_node": "DN-00676",
        "length_m": 5.12,
        "diameter_m": 0.8,
        "slope": 0.001,
        "roughness_n": 0.013,
        "capacity_m3s": 0.418,
        "blockage_pct": 0.0,
        "channel_type": "roadside_storm_drain"
      }
    },
    {
      "type": "Feature",
      "geometry": {
        "type": "LineString",
        "coordinates": [
          [
            77.622717,
            12.918105
          ],
          [
            77.624275,
            12.914926
          ]
        ]
      },
      "properties": {
        "id": "DE-00410",
        "from_node": "DN-00677",
        "to_node": "DN-00678",
        "length_m": 392.65,
        "diameter_m": 0.8,
        "slope": 0.0095,
        "roughness_n": 0.013,
        "capacity_m3s": 1.289,
        "blockage_pct": 0.0,
        "channel_type": "roadside_storm_drain"
      }
    },
    {
      "type": "Feature",
      "geometry": {
        "type": "LineString",
        "coordinates": [
          [
            77.671844,
            12.923947
          ],
          [
            77.676231,
            12.926016
          ]
        ]
      },
      "properties": {
        "id": "DE-00411",
        "from_node": "DN-00679",
        "to_node": "DN-00680",
        "length_m": 528.5,
        "diameter_m": 0.8,
        "slope": 0.0075,
        "roughness_n": 0.013,
        "capacity_m3s": 1.145,
        "blockage_pct": 0.0,
        "channel_type": "roadside_storm_drain"
      }
    },
    {
      "type": "Feature",
      "geometry": {
        "type": "LineString",
        "coordinates": [
          [
            77.676166,
            12.925788
          ],
          [
            77.676231,
            12.926016
          ]
        ]
      },
      "properties": {
        "id": "DE-00412",
        "from_node": "DN-00681",
        "to_node": "DN-00682",
        "length_m": 26.36,
        "diameter_m": 0.8,
        "slope": 0.0144,
        "roughness_n": 0.013,
        "capacity_m3s": 1.587,
        "blockage_pct": 0.0,
        "channel_type": "roadside_storm_drain"
      }
    },
    {
      "type": "Feature",
      "geometry": {
        "type": "LineString",
        "coordinates": [
          [
            77.676231,
            12.926016
          ],
          [
            77.67639,
            12.929668
          ]
        ]
      },
      "properties": {
        "id": "DE-00413",
        "from_node": "DN-00683",
        "to_node": "DN-00684",
        "length_m": 409.78,
        "diameter_m": 0.8,
        "slope": 0.0112,
        "roughness_n": 0.013,
        "capacity_m3s": 1.399,
        "blockage_pct": 0.0,
        "channel_type": "roadside_storm_drain"
      }
    },
    {
      "type": "Feature",
      "geometry": {
        "type": "LineString",
        "coordinates": [
          [
            77.626874,
            12.937281
          ],
          [
            77.626937,
            12.937333
          ]
        ]
      },
      "properties": {
        "id": "DE-00414",
        "from_node": "DN-00035",
        "to_node": "DN-00685",
        "length_m": 8.95,
        "diameter_m": 0.8,
        "slope": 0.001,
        "roughness_n": 0.013,
        "capacity_m3s": 0.418,
        "blockage_pct": 0.0,
        "channel_type": "roadside_storm_drain"
      }
    },
    {
      "type": "Feature",
      "geometry": {
        "type": "LineString",
        "coordinates": [
          [
            77.631679,
            12.938465
          ],
          [
            77.632769,
            12.938447
          ]
        ]
      },
      "properties": {
        "id": "DE-00415",
        "from_node": "DN-00686",
        "to_node": "DN-00292",
        "length_m": 118.18,
        "diameter_m": 0.8,
        "slope": 0.0037,
        "roughness_n": 0.013,
        "capacity_m3s": 0.804,
        "blockage_pct": 0.0,
        "channel_type": "roadside_storm_drain"
      }
    },
    {
      "type": "Feature",
      "geometry": {
        "type": "LineString",
        "coordinates": [
          [
            77.632769,
            12.938447
          ],
          [
            77.632929,
            12.938119
          ]
        ]
      },
      "properties": {
        "id": "DE-00416",
        "from_node": "DN-00292",
        "to_node": "DN-00293",
        "length_m": 40.42,
        "diameter_m": 0.8,
        "slope": 0.0129,
        "roughness_n": 0.013,
        "capacity_m3s": 1.502,
        "blockage_pct": 0.0,
        "channel_type": "roadside_storm_drain"
      }
    },
    {
      "type": "Feature",
      "geometry": {
        "type": "LineString",
        "coordinates": [
          [
            77.632689,
            12.938572
          ],
          [
            77.632037,
            12.938582
          ]
        ]
      },
      "properties": {
        "id": "DE-00417",
        "from_node": "DN-00687",
        "to_node": "DN-00688",
        "length_m": 70.67,
        "diameter_m": 0.8,
        "slope": 0.001,
        "roughness_n": 0.013,
        "capacity_m3s": 0.418,
        "blockage_pct": 0.0,
        "channel_type": "roadside_storm_drain"
      }
    },
    {
      "type": "Feature",
      "geometry": {
        "type": "LineString",
        "coordinates": [
          [
            77.632689,
            12.938572
          ],
          [
            77.632617,
            12.9387
          ]
        ]
      },
      "properties": {
        "id": "DE-00418",
        "from_node": "DN-00689",
        "to_node": "DN-00690",
        "length_m": 16.23,
        "diameter_m": 0.8,
        "slope": 0.001,
        "roughness_n": 0.013,
        "capacity_m3s": 0.418,
        "blockage_pct": 0.0,
        "channel_type": "roadside_storm_drain"
      }
    },
    {
      "type": "Feature",
      "geometry": {
        "type": "LineString",
        "coordinates": [
          [
            77.63179,
            12.938583
          ],
          [
            77.631105,
            12.938568
          ]
        ]
      },
      "properties": {
        "id": "DE-00419",
        "from_node": "DN-00691",
        "to_node": "DN-00404",
        "length_m": 74.26,
        "diameter_m": 0.8,
        "slope": 0.001,
        "roughness_n": 0.013,
        "capacity_m3s": 0.418,
        "blockage_pct": 0.0,
        "channel_type": "roadside_storm_drain"
      }
    },
    {
      "type": "Feature",
      "geometry": {
        "type": "LineString",
        "coordinates": [
          [
            77.634648,
            12.938747
          ],
          [
            77.633303,
            12.938567
          ]
        ]
      },
      "properties": {
        "id": "DE-00420",
        "from_node": "DN-00401",
        "to_node": "DN-00692",
        "length_m": 148.32,
        "diameter_m": 0.8,
        "slope": 0.001,
        "roughness_n": 0.013,
        "capacity_m3s": 0.418,
        "blockage_pct": 0.0,
        "channel_type": "roadside_storm_drain"
      }
    },
    {
      "type": "Feature",
      "geometry": {
        "type": "LineString",
        "coordinates": [
          [
            77.649997,
            12.924285
          ],
          [
            77.650133,
            12.924293
          ]
        ]
      },
      "properties": {
        "id": "DE-00421",
        "from_node": "DN-00693",
        "to_node": "DN-00694",
        "length_m": 14.77,
        "diameter_m": 0.8,
        "slope": 0.0332,
        "roughness_n": 0.013,
        "capacity_m3s": 2.409,
        "blockage_pct": 0.0,
        "channel_type": "roadside_storm_drain"
      }
    },
    {
      "type": "Feature",
      "geometry": {
        "type": "LineString",
        "coordinates": [
          [
            77.649238,
            12.919515
          ],
          [
            77.649786,
            12.923996
          ]
        ]
      },
      "properties": {
        "id": "DE-00422",
        "from_node": "DN-00050",
        "to_node": "DN-00695",
        "length_m": 506.52,
        "diameter_m": 0.8,
        "slope": 0.0175,
        "roughness_n": 0.013,
        "capacity_m3s": 1.749,
        "blockage_pct": 0.0,
        "channel_type": "roadside_storm_drain"
      }
    },
    {
      "type": "Feature",
      "geometry": {
        "type": "LineString",
        "coordinates": [
          [
            77.633181,
            12.929806
          ],
          [
            77.633534,
            12.929804
          ]
        ]
      },
      "properties": {
        "id": "DE-00423",
        "from_node": "DN-00319",
        "to_node": "DN-00696",
        "length_m": 38.27,
        "diameter_m": 0.8,
        "slope": 0.0133,
        "roughness_n": 0.013,
        "capacity_m3s": 1.525,
        "blockage_pct": 0.0,
        "channel_type": "roadside_storm_drain"
      }
    },
    {
      "type": "Feature",
      "geometry": {
        "type": "LineString",
        "coordinates": [
          [
            77.633179,
            12.929873
          ],
          [
            77.633181,
            12.929806
          ]
        ]
      },
      "properties": {
        "id": "DE-00424",
        "from_node": "DN-00319",
        "to_node": "DN-00319",
        "length_m": 7.45,
        "diameter_m": 0.8,
        "slope": 0.001,
        "roughness_n": 0.013,
        "capacity_m3s": 0.418,
        "blockage_pct": 0.0,
        "channel_type": "roadside_storm_drain"
      }
    },
    {
      "type": "Feature",
      "geometry": {
        "type": "LineString",
        "coordinates": [
          [
            77.633636,
            12.925004
          ],
          [
            77.633181,
            12.929806
          ]
        ]
      },
      "properties": {
        "id": "DE-00425",
        "from_node": "DN-00041",
        "to_node": "DN-00319",
        "length_m": 536.26,
        "diameter_m": 0.8,
        "slope": 0.0025,
        "roughness_n": 0.013,
        "capacity_m3s": 0.661,
        "blockage_pct": 0.0,
        "channel_type": "roadside_storm_drain"
      }
    },
    {
      "type": "Feature",
      "geometry": {
        "type": "LineString",
        "coordinates": [
          [
            77.634246,
            12.929536
          ],
          [
            77.634488,
            12.929418
          ]
        ]
      },
      "properties": {
        "id": "DE-00426",
        "from_node": "DN-00697",
        "to_node": "DN-00698",
        "length_m": 29.33,
        "diameter_m": 0.8,
        "slope": 0.001,
        "roughness_n": 0.013,
        "capacity_m3s": 0.418,
        "blockage_pct": 0.0,
        "channel_type": "roadside_storm_drain"
      }
    },
    {
      "type": "Feature",
      "geometry": {
        "type": "LineString",
        "coordinates": [
          [
            77.61384,
            12.931521
          ],
          [
            77.61406,
            12.931108
          ]
        ]
      },
      "properties": {
        "id": "DE-00427",
        "from_node": "DN-00316",
        "to_node": "DN-00699",
        "length_m": 51.76,
        "diameter_m": 0.8,
        "slope": 0.0112,
        "roughness_n": 0.013,
        "capacity_m3s": 1.399,
        "blockage_pct": 0.0,
        "channel_type": "roadside_storm_drain"
      }
    },
    {
      "type": "Feature",
      "geometry": {
        "type": "LineString",
        "coordinates": [
          [
            77.612366,
            12.934455
          ],
          [
            77.612491,
            12.934515
          ]
        ]
      },
      "properties": {
        "id": "DE-00428",
        "from_node": "DN-00285",
        "to_node": "DN-00700",
        "length_m": 15.1,
        "diameter_m": 0.8,
        "slope": 0.0377,
        "roughness_n": 0.013,
        "capacity_m3s": 2.568,
        "blockage_pct": 0.0,
        "channel_type": "roadside_storm_drain"
      }
    },
    {
      "type": "Feature",
      "geometry": {
        "type": "LineString",
        "coordinates": [
          [
            77.612303,
            12.934315
          ],
          [
            77.61241,
            12.934367
          ]
        ]
      },
      "properties": {
        "id": "DE-00429",
        "from_node": "DN-00701",
        "to_node": "DN-00702",
        "length_m": 12.96,
        "diameter_m": 0.8,
        "slope": 0.0116,
        "roughness_n": 0.013,
        "capacity_m3s": 1.424,
        "blockage_pct": 0.0,
        "channel_type": "roadside_storm_drain"
      }
    },
    {
      "type": "Feature",
      "geometry": {
        "type": "LineString",
        "coordinates": [
          [
            77.613441,
            12.932465
          ],
          [
            77.61354,
            12.932504
          ]
        ]
      },
      "properties": {
        "id": "DE-00430",
        "from_node": "DN-00703",
        "to_node": "DN-00121",
        "length_m": 11.57,
        "diameter_m": 0.8,
        "slope": 0.001,
        "roughness_n": 0.013,
        "capacity_m3s": 0.418,
        "blockage_pct": 0.0,
        "channel_type": "roadside_storm_drain"
      }
    },
    {
      "type": "Feature",
      "geometry": {
        "type": "LineString",
        "coordinates": [
          [
            77.612541,
            12.934434
          ],
          [
            77.61241,
            12.934367
          ]
        ]
      },
      "properties": {
        "id": "DE-00431",
        "from_node": "DN-00704",
        "to_node": "DN-00705",
        "length_m": 16.03,
        "diameter_m": 0.8,
        "slope": 0.001,
        "roughness_n": 0.013,
        "capacity_m3s": 0.418,
        "blockage_pct": 0.0,
        "channel_type": "roadside_storm_drain"
      }
    },
    {
      "type": "Feature",
      "geometry": {
        "type": "LineString",
        "coordinates": [
          [
            77.620955,
            12.927686
          ],
          [
            77.621061,
            12.927637
          ]
        ]
      },
      "properties": {
        "id": "DE-00432",
        "from_node": "DN-00485",
        "to_node": "DN-00706",
        "length_m": 12.71,
        "diameter_m": 0.8,
        "slope": 0.001,
        "roughness_n": 0.013,
        "capacity_m3s": 0.418,
        "blockage_pct": 0.0,
        "channel_type": "roadside_storm_drain"
      }
    },
    {
      "type": "Feature",
      "geometry": {
        "type": "LineString",
        "coordinates": [
          [
            77.64504,
            12.921926
          ],
          [
            77.644977,
            12.922026
          ]
        ]
      },
      "properties": {
        "id": "DE-00433",
        "from_node": "DN-00707",
        "to_node": "DN-00421",
        "length_m": 13.05,
        "diameter_m": 0.8,
        "slope": 0.0253,
        "roughness_n": 0.013,
        "capacity_m3s": 2.103,
        "blockage_pct": 0.0,
        "channel_type": "roadside_storm_drain"
      }
    },
    {
      "type": "Feature",
      "geometry": {
        "type": "LineString",
        "coordinates": [
          [
            77.64504,
            12.921926
          ],
          [
            77.645048,
            12.921611
          ]
        ]
      },
      "properties": {
        "id": "DE-00434",
        "from_node": "DN-00708",
        "to_node": "DN-00709",
        "length_m": 35.04,
        "diameter_m": 0.8,
        "slope": 0.0077,
        "roughness_n": 0.013,
        "capacity_m3s": 1.16,
        "blockage_pct": 0.0,
        "channel_type": "roadside_storm_drain"
      }
    },
    {
      "type": "Feature",
      "geometry": {
        "type": "LineString",
        "coordinates": [
          [
            77.665435,
            12.920387
          ],
          [
            77.665321,
            12.920419
          ]
        ]
      },
      "properties": {
        "id": "DE-00435",
        "from_node": "DN-00710",
        "to_node": "DN-00711",
        "length_m": 12.86,
        "diameter_m": 0.8,
        "slope": 0.001,
        "roughness_n": 0.013,
        "capacity_m3s": 0.418,
        "blockage_pct": 0.0,
        "channel_type": "roadside_storm_drain"
      }
    },
    {
      "type": "Feature",
      "geometry": {
        "type": "LineString",
        "coordinates": [
          [
            77.673416,
            12.916953
          ],
          [
            77.673546,
            12.916846
          ]
        ]
      },
      "properties": {
        "id": "DE-00436",
        "from_node": "DN-00712",
        "to_node": "DN-00713",
        "length_m": 18.76,
        "diameter_m": 0.8,
        "slope": 0.001,
        "roughness_n": 0.013,
        "capacity_m3s": 0.418,
        "blockage_pct": 0.0,
        "channel_type": "roadside_storm_drain"
      }
    },
    {
      "type": "Feature",
      "geometry": {
        "type": "LineString",
        "coordinates": [
          [
            77.685651,
            12.910254
          ],
          [
            77.694978,
            12.907328
          ]
        ]
      },
      "properties": {
        "id": "DE-00437",
        "from_node": "DN-00714",
        "to_node": "DN-00715",
        "length_m": 1063.85,
        "diameter_m": 0.8,
        "slope": 0.001,
        "roughness_n": 0.013,
        "capacity_m3s": 0.418,
        "blockage_pct": 0.0,
        "channel_type": "roadside_storm_drain"
      }
    },
    {
      "type": "Feature",
      "geometry": {
        "type": "LineString",
        "coordinates": [
          [
            77.657073,
            12.894097
          ],
          [
            77.668552,
            12.918275
          ]
        ]
      },
      "properties": {
        "id": "DE-00438",
        "from_node": "DN-00716",
        "to_node": "DN-00717",
        "length_m": 3189.57,
        "diameter_m": 0.8,
        "slope": 0.0045,
        "roughness_n": 0.013,
        "capacity_m3s": 0.887,
        "blockage_pct": 0.0,
        "channel_type": "roadside_storm_drain"
      }
    },
    {
      "type": "Feature",
      "geometry": {
        "type": "LineString",
        "coordinates": [
          [
            77.657073,
            12.894097
          ],
          [
            77.668552,
            12.918275
          ]
        ]
      },
      "properties": {
        "id": "DE-00439",
        "from_node": "DN-00718",
        "to_node": "DN-00719",
        "length_m": 3189.57,
        "diameter_m": 0.8,
        "slope": 0.0045,
        "roughness_n": 0.013,
        "capacity_m3s": 0.887,
        "blockage_pct": 0.0,
        "channel_type": "roadside_storm_drain"
      }
    },
    {
      "type": "Feature",
      "geometry": {
        "type": "LineString",
        "coordinates": [
          [
            77.622926,
            12.917395
          ],
          [
            77.622951,
            12.917289
          ]
        ]
      },
      "properties": {
        "id": "DE-00440",
        "from_node": "DN-00107",
        "to_node": "DN-00625",
        "length_m": 12.09,
        "diameter_m": 0.8,
        "slope": 0.0645,
        "roughness_n": 0.013,
        "capacity_m3s": 3.358,
        "blockage_pct": 0.0,
        "channel_type": "roadside_storm_drain"
      }
    },
    {
      "type": "Feature",
      "geometry": {
        "type": "LineString",
        "coordinates": [
          [
            77.662906,
            12.921278
          ],
          [
            77.655403,
            12.923662
          ]
        ]
      },
      "properties": {
        "id": "DE-00441",
        "from_node": "DN-00597",
        "to_node": "DN-00720",
        "length_m": 857.24,
        "diameter_m": 0.8,
        "slope": 0.0032,
        "roughness_n": 0.013,
        "capacity_m3s": 0.748,
        "blockage_pct": 0.0,
        "channel_type": "roadside_storm_drain"
      }
    },
    {
      "type": "Feature",
      "geometry": {
        "type": "LineString",
        "coordinates": [
          [
            77.665321,
            12.920419
          ],
          [
            77.66531,
            12.920644
          ]
        ]
      },
      "properties": {
        "id": "DE-00442",
        "from_node": "DN-00721",
        "to_node": "DN-00487",
        "length_m": 30.83,
        "diameter_m": 0.8,
        "slope": 0.001,
        "roughness_n": 0.013,
        "capacity_m3s": 0.418,
        "blockage_pct": 0.0,
        "channel_type": "roadside_storm_drain"
      }
    },
    {
      "type": "Feature",
      "geometry": {
        "type": "LineString",
        "coordinates": [
          [
            77.629256,
            12.916944
          ],
          [
            77.635371,
            12.916439
          ]
        ]
      },
      "properties": {
        "id": "DE-00443",
        "from_node": "DN-00722",
        "to_node": "DN-00723",
        "length_m": 665.36,
        "diameter_m": 0.8,
        "slope": 0.0036,
        "roughness_n": 0.013,
        "capacity_m3s": 0.793,
        "blockage_pct": 0.0,
        "channel_type": "roadside_storm_drain"
      }
    },
    {
      "type": "Feature",
      "geometry": {
        "type": "LineString",
        "coordinates": [
          [
            77.63969,
            12.923321
          ],
          [
            77.638162,
            12.916116
          ]
        ]
      },
      "properties": {
        "id": "DE-00444",
        "from_node": "DN-00724",
        "to_node": "DN-00725",
        "length_m": 830.5,
        "diameter_m": 0.8,
        "slope": 0.0016,
        "roughness_n": 0.013,
        "capacity_m3s": 0.529,
        "blockage_pct": 0.0,
        "channel_type": "roadside_storm_drain"
      }
    },
    {
      "type": "Feature",
      "geometry": {
        "type": "LineString",
        "coordinates": [
          [
            77.63969,
            12.923321
          ],
          [
            77.639827,
            12.923625
          ]
        ]
      },
      "properties": {
        "id": "DE-00445",
        "from_node": "DN-00726",
        "to_node": "DN-00341",
        "length_m": 36.92,
        "diameter_m": 0.8,
        "slope": 0.001,
        "roughness_n": 0.013,
        "capacity_m3s": 0.418,
        "blockage_pct": 0.0,
        "channel_type": "roadside_storm_drain"
      }
    },
    {
      "type": "Feature",
      "geometry": {
        "type": "LineString",
        "coordinates": [
          [
            77.672163,
            12.922413
          ],
          [
            77.675632,
            12.922628
          ]
        ]
      },
      "properties": {
        "id": "DE-00446",
        "from_node": "DN-00663",
        "to_node": "DN-00727",
        "length_m": 407.67,
        "diameter_m": 0.8,
        "slope": 0.0031,
        "roughness_n": 0.013,
        "capacity_m3s": 0.736,
        "blockage_pct": 0.0,
        "channel_type": "roadside_storm_drain"
      }
    },
    {
      "type": "Feature",
      "geometry": {
        "type": "LineString",
        "coordinates": [
          [
            77.622377,
            12.927082
          ],
          [
            77.628327,
            12.924601
          ]
        ]
      },
      "properties": {
        "id": "DE-00447",
        "from_node": "DN-00728",
        "to_node": "DN-00304",
        "length_m": 701.4,
        "diameter_m": 0.8,
        "slope": 0.0043,
        "roughness_n": 0.013,
        "capacity_m3s": 0.867,
        "blockage_pct": 0.0,
        "channel_type": "roadside_storm_drain"
      }
    },
    {
      "type": "Feature",
      "geometry": {
        "type": "LineString",
        "coordinates": [
          [
            77.640027,
            12.923884
          ],
          [
            77.639998,
            12.92382
          ]
        ]
      },
      "properties": {
        "id": "DE-00448",
        "from_node": "DN-00729",
        "to_node": "DN-00342",
        "length_m": 7.78,
        "diameter_m": 0.8,
        "slope": 0.001,
        "roughness_n": 0.013,
        "capacity_m3s": 0.418,
        "blockage_pct": 0.0,
        "channel_type": "roadside_storm_drain"
      }
    },
    {
      "type": "Feature",
      "geometry": {
        "type": "LineString",
        "coordinates": [
          [
            77.628862,
            12.924142
          ],
          [
            77.633578,
            12.92476
          ]
        ]
      },
      "properties": {
        "id": "DE-00449",
        "from_node": "DN-00570",
        "to_node": "DN-00730",
        "length_m": 518.12,
        "diameter_m": 0.8,
        "slope": 0.0118,
        "roughness_n": 0.013,
        "capacity_m3s": 1.436,
        "blockage_pct": 0.0,
        "channel_type": "roadside_storm_drain"
      }
    },
    {
      "type": "Feature",
      "geometry": {
        "type": "LineString",
        "coordinates": [
          [
            77.644635,
            12.910793
          ],
          [
            77.644659,
            12.911812
          ]
        ]
      },
      "properties": {
        "id": "DE-00450",
        "from_node": "DN-00731",
        "to_node": "DN-00732",
        "length_m": 113.34,
        "diameter_m": 0.8,
        "slope": 0.0213,
        "roughness_n": 0.013,
        "capacity_m3s": 1.93,
        "blockage_pct": 0.0,
        "channel_type": "roadside_storm_drain"
      }
    },
    {
      "type": "Feature",
      "geometry": {
        "type": "LineString",
        "coordinates": [
          [
            77.638057,
            12.912341
          ],
          [
            77.637612,
            12.912322
          ]
        ]
      },
      "properties": {
        "id": "DE-00451",
        "from_node": "DN-00063",
        "to_node": "DN-00733",
        "length_m": 49.06,
        "diameter_m": 0.8,
        "slope": 0.0059,
        "roughness_n": 0.013,
        "capacity_m3s": 1.016,
        "blockage_pct": 0.0,
        "channel_type": "roadside_storm_drain"
      }
    },
    {
      "type": "Feature",
      "geometry": {
        "type": "LineString",
        "coordinates": [
          [
            77.638057,
            12.912341
          ],
          [
            77.638128,
            12.912339
          ]
        ]
      },
      "properties": {
        "id": "DE-00452",
        "from_node": "DN-00063",
        "to_node": "DN-00063",
        "length_m": 7.7,
        "diameter_m": 0.8,
        "slope": 0.001,
        "roughness_n": 0.013,
        "capacity_m3s": 0.418,
        "blockage_pct": 0.0,
        "channel_type": "roadside_storm_drain"
      }
    },
    {
      "type": "Feature",
      "geometry": {
        "type": "LineString",
        "coordinates": [
          [
            77.633672,
            12.924776
          ],
          [
            77.634083,
            12.924825
          ]
        ]
      },
      "properties": {
        "id": "DE-00453",
        "from_node": "DN-00734",
        "to_node": "DN-00567",
        "length_m": 44.88,
        "diameter_m": 0.8,
        "slope": 0.0053,
        "roughness_n": 0.013,
        "capacity_m3s": 0.963,
        "blockage_pct": 0.0,
        "channel_type": "roadside_storm_drain"
      }
    },
    {
      "type": "Feature",
      "geometry": {
        "type": "LineString",
        "coordinates": [
          [
            77.61513,
            12.929621
          ],
          [
            77.615166,
            12.929571
          ]
        ]
      },
      "properties": {
        "id": "DE-00454",
        "from_node": "DN-00545",
        "to_node": "DN-00360",
        "length_m": 6.79,
        "diameter_m": 0.8,
        "slope": 0.001,
        "roughness_n": 0.013,
        "capacity_m3s": 0.418,
        "blockage_pct": 0.0,
        "channel_type": "roadside_storm_drain"
      }
    },
    {
      "type": "Feature",
      "geometry": {
        "type": "LineString",
        "coordinates": [
          [
            77.609541,
            12.916644
          ],
          [
            77.610048,
            12.916628
          ]
        ]
      },
      "properties": {
        "id": "DE-00455",
        "from_node": "DN-00735",
        "to_node": "DN-00657",
        "length_m": 54.99,
        "diameter_m": 0.8,
        "slope": 0.0151,
        "roughness_n": 0.013,
        "capacity_m3s": 1.625,
        "blockage_pct": 0.0,
        "channel_type": "roadside_storm_drain"
      }
    },
    {
      "type": "Feature",
      "geometry": {
        "type": "LineString",
        "coordinates": [
          [
            77.642273,
            12.909231
          ],
          [
            77.641362,
            12.909239
          ]
        ]
      },
      "properties": {
        "id": "DE-00456",
        "from_node": "DN-00736",
        "to_node": "DN-00067",
        "length_m": 98.77,
        "diameter_m": 0.8,
        "slope": 0.0094,
        "roughness_n": 0.013,
        "capacity_m3s": 1.282,
        "blockage_pct": 0.0,
        "channel_type": "roadside_storm_drain"
      }
    },
    {
      "type": "Feature",
      "geometry": {
        "type": "LineString",
        "coordinates": [
          [
            77.641362,
            12.909239
          ],
          [
            77.63804,
            12.909282
          ]
        ]
      },
      "properties": {
        "id": "DE-00457",
        "from_node": "DN-00067",
        "to_node": "DN-00070",
        "length_m": 360.09,
        "diameter_m": 0.8,
        "slope": 0.013,
        "roughness_n": 0.013,
        "capacity_m3s": 1.508,
        "blockage_pct": 0.0,
        "channel_type": "roadside_storm_drain"
      }
    },
    {
      "type": "Feature",
      "geometry": {
        "type": "LineString",
        "coordinates": [
          [
            77.638036,
            12.908915
          ],
          [
            77.63804,
            12.909282
          ]
        ]
      },
      "properties": {
        "id": "DE-00458",
        "from_node": "DN-00737",
        "to_node": "DN-00070",
        "length_m": 40.81,
        "diameter_m": 0.8,
        "slope": 0.0083,
        "roughness_n": 0.013,
        "capacity_m3s": 1.205,
        "blockage_pct": 0.0,
        "channel_type": "roadside_storm_drain"
      }
    },
    {
      "type": "Feature",
      "geometry": {
        "type": "LineString",
        "coordinates": [
          [
            77.639953,
            12.923913
          ],
          [
            77.640027,
            12.923884
          ]
        ]
      },
      "properties": {
        "id": "DE-00459",
        "from_node": "DN-00738",
        "to_node": "DN-00739",
        "length_m": 8.64,
        "diameter_m": 0.8,
        "slope": 0.0532,
        "roughness_n": 0.013,
        "capacity_m3s": 3.05,
        "blockage_pct": 0.0,
        "channel_type": "roadside_storm_drain"
      }
    },
    {
      "type": "Feature",
      "geometry": {
        "type": "LineString",
        "coordinates": [
          [
            77.623892,
            12.934527
          ],
          [
            77.623394,
            12.933423
          ]
        ]
      },
      "properties": {
        "id": "DE-00460",
        "from_node": "DN-00030",
        "to_node": "DN-00010",
        "length_m": 134.1,
        "diameter_m": 0.8,
        "slope": 0.001,
        "roughness_n": 0.013,
        "capacity_m3s": 0.418,
        "blockage_pct": 0.0,
        "channel_type": "roadside_storm_drain"
      }
    },
    {
      "type": "Feature",
      "geometry": {
        "type": "LineString",
        "coordinates": [
          [
            77.684659,
            12.929609
          ],
          [
            77.68467,
            12.929317
          ]
        ]
      },
      "properties": {
        "id": "DE-00461",
        "from_node": "DN-00740",
        "to_node": "DN-00741",
        "length_m": 32.51,
        "diameter_m": 0.8,
        "slope": 0.0022,
        "roughness_n": 0.013,
        "capacity_m3s": 0.62,
        "blockage_pct": 0.0,
        "channel_type": "roadside_storm_drain"
      }
    },
    {
      "type": "Feature",
      "geometry": {
        "type": "LineString",
        "coordinates": [
          [
            77.684551,
            12.929989
          ],
          [
            77.684659,
            12.929609
          ]
        ]
      },
      "properties": {
        "id": "DE-00462",
        "from_node": "DN-00742",
        "to_node": "DN-00743",
        "length_m": 44.39,
        "diameter_m": 0.8,
        "slope": 0.0018,
        "roughness_n": 0.013,
        "capacity_m3s": 0.561,
        "blockage_pct": 0.0,
        "channel_type": "roadside_storm_drain"
      }
    },
    {
      "type": "Feature",
      "geometry": {
        "type": "LineString",
        "coordinates": [
          [
            77.685782,
            12.926006
          ],
          [
            77.684674,
            12.929043
          ]
        ]
      },
      "properties": {
        "id": "DE-00463",
        "from_node": "DN-00271",
        "to_node": "DN-00744",
        "length_m": 394.18,
        "diameter_m": 0.8,
        "slope": 0.0042,
        "roughness_n": 0.013,
        "capacity_m3s": 0.857,
        "blockage_pct": 0.0,
        "channel_type": "roadside_storm_drain"
      }
    },
    {
      "type": "Feature",
      "geometry": {
        "type": "LineString",
        "coordinates": [
          [
            77.687623,
            12.92008
          ],
          [
            77.68554,
            12.920175
          ]
        ]
      },
      "properties": {
        "id": "DE-00464",
        "from_node": "DN-00745",
        "to_node": "DN-00645",
        "length_m": 227.3,
        "diameter_m": 0.8,
        "slope": 0.0051,
        "roughness_n": 0.013,
        "capacity_m3s": 0.944,
        "blockage_pct": 0.0,
        "channel_type": "roadside_storm_drain"
      }
    },
    {
      "type": "Feature",
      "geometry": {
        "type": "LineString",
        "coordinates": [
          [
            77.605854,
            12.905622
          ],
          [
            77.609446,
            12.905403
          ]
        ]
      },
      "properties": {
        "id": "DE-00465",
        "from_node": "DN-00190",
        "to_node": "DN-00186",
        "length_m": 402.67,
        "diameter_m": 0.8,
        "slope": 0.0085,
        "roughness_n": 0.013,
        "capacity_m3s": 1.219,
        "blockage_pct": 0.0,
        "channel_type": "roadside_storm_drain"
      }
    },
    {
      "type": "Feature",
      "geometry": {
        "type": "LineString",
        "coordinates": [
          [
            77.609446,
            12.905403
          ],
          [
            77.609018,
            12.903291
          ]
        ]
      },
      "properties": {
        "id": "DE-00466",
        "from_node": "DN-00186",
        "to_node": "DN-00377",
        "length_m": 240.81,
        "diameter_m": 0.8,
        "slope": 0.0093,
        "roughness_n": 0.013,
        "capacity_m3s": 1.275,
        "blockage_pct": 0.0,
        "channel_type": "roadside_storm_drain"
      }
    },
    {
      "type": "Feature",
      "geometry": {
        "type": "LineString",
        "coordinates": [
          [
            77.611451,
            12.905519
          ],
          [
            77.611482,
            12.905116
          ]
        ]
      },
      "properties": {
        "id": "DE-00467",
        "from_node": "DN-00746",
        "to_node": "DN-00189",
        "length_m": 44.94,
        "diameter_m": 0.8,
        "slope": 0.0214,
        "roughness_n": 0.013,
        "capacity_m3s": 1.934,
        "blockage_pct": 0.0,
        "channel_type": "roadside_storm_drain"
      }
    },
    {
      "type": "Feature",
      "geometry": {
        "type": "LineString",
        "coordinates": [
          [
            77.685946,
            12.930521
          ],
          [
            77.685216,
            12.929931
          ]
        ]
      },
      "properties": {
        "id": "DE-00468",
        "from_node": "DN-00747",
        "to_node": "DN-00478",
        "length_m": 102.83,
        "diameter_m": 0.8,
        "slope": 0.0139,
        "roughness_n": 0.013,
        "capacity_m3s": 1.559,
        "blockage_pct": 0.0,
        "channel_type": "roadside_storm_drain"
      }
    },
    {
      "type": "Feature",
      "geometry": {
        "type": "LineString",
        "coordinates": [
          [
            77.688374,
            12.901609
          ],
          [
            77.684429,
            12.91055
          ]
        ]
      },
      "properties": {
        "id": "DE-00469",
        "from_node": "DN-00748",
        "to_node": "DN-00749",
        "length_m": 1332.65,
        "diameter_m": 0.8,
        "slope": 0.0013,
        "roughness_n": 0.013,
        "capacity_m3s": 0.477,
        "blockage_pct": 0.0,
        "channel_type": "roadside_storm_drain"
      }
    },
    {
      "type": "Feature",
      "geometry": {
        "type": "LineString",
        "coordinates": [
          [
            77.688374,
            12.901609
          ],
          [
            77.684429,
            12.91055
          ]
        ]
      },
      "properties": {
        "id": "DE-00470",
        "from_node": "DN-00750",
        "to_node": "DN-00751",
        "length_m": 1332.65,
        "diameter_m": 0.8,
        "slope": 0.0013,
        "roughness_n": 0.013,
        "capacity_m3s": 0.477,
        "blockage_pct": 0.0,
        "channel_type": "roadside_storm_drain"
      }
    },
    {
      "type": "Feature",
      "geometry": {
        "type": "LineString",
        "coordinates": [
          [
            77.619575,
            12.922197
          ],
          [
            77.620112,
            12.921267
          ]
        ]
      },
      "properties": {
        "id": "DE-00471",
        "from_node": "DN-00752",
        "to_node": "DN-00753",
        "length_m": 118.66,
        "diameter_m": 0.8,
        "slope": 0.0079,
        "roughness_n": 0.013,
        "capacity_m3s": 1.175,
        "blockage_pct": 0.0,
        "channel_type": "roadside_storm_drain"
      }
    },
    {
      "type": "Feature",
      "geometry": {
        "type": "LineString",
        "coordinates": [
          [
            77.619575,
            12.922197
          ],
          [
            77.61923,
            12.922182
          ]
        ]
      },
      "properties": {
        "id": "DE-00472",
        "from_node": "DN-00754",
        "to_node": "DN-00492",
        "length_m": 38.75,
        "diameter_m": 0.8,
        "slope": 0.0116,
        "roughness_n": 0.013,
        "capacity_m3s": 1.424,
        "blockage_pct": 0.0,
        "channel_type": "roadside_storm_drain"
      }
    },
    {
      "type": "Feature",
      "geometry": {
        "type": "LineString",
        "coordinates": [
          [
            77.646616,
            12.923487
          ],
          [
            77.644977,
            12.922026
          ]
        ]
      },
      "properties": {
        "id": "DE-00473",
        "from_node": "DN-00630",
        "to_node": "DN-00421",
        "length_m": 240.75,
        "diameter_m": 0.8,
        "slope": 0.011,
        "roughness_n": 0.013,
        "capacity_m3s": 1.387,
        "blockage_pct": 0.0,
        "channel_type": "roadside_storm_drain"
      }
    },
    {
      "type": "Feature",
      "geometry": {
        "type": "LineString",
        "coordinates": [
          [
            77.643115,
            12.919825
          ],
          [
            77.643034,
            12.919878
          ]
        ]
      },
      "properties": {
        "id": "DE-00474",
        "from_node": "DN-00422",
        "to_node": "DN-00602",
        "length_m": 10.57,
        "diameter_m": 0.8,
        "slope": 0.001,
        "roughness_n": 0.013,
        "capacity_m3s": 0.418,
        "blockage_pct": 0.0,
        "channel_type": "roadside_storm_drain"
      }
    },
    {
      "type": "Feature",
      "geometry": {
        "type": "LineString",
        "coordinates": [
          [
            77.640752,
            12.91709
          ],
          [
            77.64106,
            12.917367
          ]
        ]
      },
      "properties": {
        "id": "DE-00475",
        "from_node": "DN-00349",
        "to_node": "DN-00428",
        "length_m": 45.42,
        "diameter_m": 0.8,
        "slope": 0.007,
        "roughness_n": 0.013,
        "capacity_m3s": 1.106,
        "blockage_pct": 0.0,
        "channel_type": "roadside_storm_drain"
      }
    },
    {
      "type": "Feature",
      "geometry": {
        "type": "LineString",
        "coordinates": [
          [
            77.654827,
            12.92358
          ],
          [
            77.654368,
            12.923668
          ]
        ]
      },
      "properties": {
        "id": "DE-00476",
        "from_node": "DN-00755",
        "to_node": "DN-00756",
        "length_m": 50.7,
        "diameter_m": 0.8,
        "slope": 0.0377,
        "roughness_n": 0.013,
        "capacity_m3s": 2.568,
        "blockage_pct": 0.0,
        "channel_type": "roadside_storm_drain"
      }
    },
    {
      "type": "Feature",
      "geometry": {
        "type": "LineString",
        "coordinates": [
          [
            77.651753,
            12.924097
          ],
          [
            77.651762,
            12.924148
          ]
        ]
      },
      "properties": {
        "id": "DE-00477",
        "from_node": "DN-00757",
        "to_node": "DN-00758",
        "length_m": 5.75,
        "diameter_m": 0.8,
        "slope": 0.001,
        "roughness_n": 0.013,
        "capacity_m3s": 0.418,
        "blockage_pct": 0.0,
        "channel_type": "roadside_storm_drain"
      }
    },
    {
      "type": "Feature",
      "geometry": {
        "type": "LineString",
        "coordinates": [
          [
            77.650403,
            12.924302
          ],
          [
            77.650291,
            12.924303
          ]
        ]
      },
      "properties": {
        "id": "DE-00478",
        "from_node": "DN-00759",
        "to_node": "DN-00760",
        "length_m": 12.14,
        "diameter_m": 0.8,
        "slope": 0.001,
        "roughness_n": 0.013,
        "capacity_m3s": 0.418,
        "blockage_pct": 0.0,
        "channel_type": "roadside_storm_drain"
      }
    },
    {
      "type": "Feature",
      "geometry": {
        "type": "LineString",
        "coordinates": [
          [
            77.704594,
            12.903208
          ],
          [
            77.685209,
            12.910546
          ]
        ]
      },
      "properties": {
        "id": "DE-00479",
        "from_node": "DN-00761",
        "to_node": "DN-00762",
        "length_m": 2265.9,
        "diameter_m": 0.8,
        "slope": 0.001,
        "roughness_n": 0.013,
        "capacity_m3s": 0.418,
        "blockage_pct": 0.0,
        "channel_type": "roadside_storm_drain"
      }
    },
    {
      "type": "Feature",
      "geometry": {
        "type": "LineString",
        "coordinates": [
          [
            77.64648,
            12.947943
          ],
          [
            77.645818,
            12.948931
          ]
        ]
      },
      "properties": {
        "id": "DE-00480",
        "from_node": "DN-00540",
        "to_node": "DN-00535",
        "length_m": 131.42,
        "diameter_m": 0.8,
        "slope": 0.0011,
        "roughness_n": 0.013,
        "capacity_m3s": 0.439,
        "blockage_pct": 0.0,
        "channel_type": "roadside_storm_drain"
      }
    },
    {
      "type": "Feature",
      "geometry": {
        "type": "LineString",
        "coordinates": [
          [
            77.686547,
            12.931549
          ],
          [
            77.686241,
            12.931625
          ]
        ]
      },
      "properties": {
        "id": "DE-00481",
        "from_node": "DN-00275",
        "to_node": "DN-00273",
        "length_m": 34.22,
        "diameter_m": 0.8,
        "slope": 0.021,
        "roughness_n": 0.013,
        "capacity_m3s": 1.916,
        "blockage_pct": 0.0,
        "channel_type": "roadside_storm_drain"
      }
    },
    {
      "type": "Feature",
      "geometry": {
        "type": "LineString",
        "coordinates": [
          [
            77.622623,
            12.931492
          ],
          [
            77.623394,
            12.933423
          ]
        ]
      },
      "properties": {
        "id": "DE-00482",
        "from_node": "DN-00211",
        "to_node": "DN-00010",
        "length_m": 230.41,
        "diameter_m": 0.8,
        "slope": 0.0144,
        "roughness_n": 0.013,
        "capacity_m3s": 1.587,
        "blockage_pct": 0.0,
        "channel_type": "roadside_storm_drain"
      }
    },
    {
      "type": "Feature",
      "geometry": {
        "type": "LineString",
        "coordinates": [
          [
            77.65034,
            12.903672
          ],
          [
            77.650361,
            12.903648
          ]
        ]
      },
      "properties": {
        "id": "DE-00483",
        "from_node": "DN-00763",
        "to_node": "DN-00764",
        "length_m": 5.0,
        "diameter_m": 0.8,
        "slope": 0.001,
        "roughness_n": 0.013,
        "capacity_m3s": 0.418,
        "blockage_pct": 0.0,
        "channel_type": "roadside_storm_drain"
      }
    },
    {
      "type": "Feature",
      "geometry": {
        "type": "LineString",
        "coordinates": [
          [
            77.650143,
            12.903661
          ],
          [
            77.650358,
            12.903762
          ]
        ]
      },
      "properties": {
        "id": "DE-00484",
        "from_node": "DN-00765",
        "to_node": "DN-00766",
        "length_m": 26.69,
        "diameter_m": 0.8,
        "slope": 0.001,
        "roughness_n": 0.013,
        "capacity_m3s": 0.418,
        "blockage_pct": 0.0,
        "channel_type": "roadside_storm_drain"
      }
    },
    {
      "type": "Feature",
      "geometry": {
        "type": "LineString",
        "coordinates": [
          [
            77.650358,
            12.903762
          ],
          [
            77.65034,
            12.903672
          ]
        ]
      },
      "properties": {
        "id": "DE-00485",
        "from_node": "DN-00767",
        "to_node": "DN-00768",
        "length_m": 11.05,
        "diameter_m": 0.8,
        "slope": 0.001,
        "roughness_n": 0.013,
        "capacity_m3s": 0.418,
        "blockage_pct": 0.0,
        "channel_type": "roadside_storm_drain"
      }
    },
    {
      "type": "Feature",
      "geometry": {
        "type": "LineString",
        "coordinates": [
          [
            77.650683,
            12.904047
          ],
          [
            77.650479,
            12.903705
          ]
        ]
      },
      "properties": {
        "id": "DE-00486",
        "from_node": "DN-00769",
        "to_node": "DN-00770",
        "length_m": 44.53,
        "diameter_m": 0.8,
        "slope": 0.001,
        "roughness_n": 0.013,
        "capacity_m3s": 0.418,
        "blockage_pct": 0.0,
        "channel_type": "roadside_storm_drain"
      }
    },
    {
      "type": "Feature",
      "geometry": {
        "type": "LineString",
        "coordinates": [
          [
            77.650479,
            12.903705
          ],
          [
            77.650408,
            12.903778
          ]
        ]
      },
      "properties": {
        "id": "DE-00487",
        "from_node": "DN-00771",
        "to_node": "DN-00772",
        "length_m": 12.35,
        "diameter_m": 0.8,
        "slope": 0.0413,
        "roughness_n": 0.013,
        "capacity_m3s": 2.687,
        "blockage_pct": 0.0,
        "channel_type": "roadside_storm_drain"
      }
    },
    {
      "type": "Feature",
      "geometry": {
        "type": "LineString",
        "coordinates": [
          [
            77.650683,
            12.904047
          ],
          [
            77.650408,
            12.903778
          ]
        ]
      },
      "properties": {
        "id": "DE-00488",
        "from_node": "DN-00773",
        "to_node": "DN-00774",
        "length_m": 42.95,
        "diameter_m": 0.8,
        "slope": 0.0121,
        "roughness_n": 0.013,
        "capacity_m3s": 1.455,
        "blockage_pct": 0.0,
        "channel_type": "roadside_storm_drain"
      }
    },
    {
      "type": "Feature",
      "geometry": {
        "type": "LineString",
        "coordinates": [
          [
            77.650408,
            12.903778
          ],
          [
            77.650358,
            12.903762
          ]
        ]
      },
      "properties": {
        "id": "DE-00489",
        "from_node": "DN-00775",
        "to_node": "DN-00776",
        "length_m": 5.83,
        "diameter_m": 0.8,
        "slope": 0.001,
        "roughness_n": 0.013,
        "capacity_m3s": 0.418,
        "blockage_pct": 0.0,
        "channel_type": "roadside_storm_drain"
      }
    },
    {
      "type": "Feature",
      "geometry": {
        "type": "LineString",
        "coordinates": [
          [
            77.650451,
            12.90365
          ],
          [
            77.650361,
            12.903648
          ]
        ]
      },
      "properties": {
        "id": "DE-00490",
        "from_node": "DN-00777",
        "to_node": "DN-00778",
        "length_m": 10.49,
        "diameter_m": 0.8,
        "slope": 0.0486,
        "roughness_n": 0.013,
        "capacity_m3s": 2.915,
        "blockage_pct": 0.0,
        "channel_type": "roadside_storm_drain"
      }
    },
    {
      "type": "Feature",
      "geometry": {
        "type": "LineString",
        "coordinates": [
          [
            77.650451,
            12.90365
          ],
          [
            77.650361,
            12.903648
          ]
        ]
      },
      "properties": {
        "id": "DE-00491",
        "from_node": "DN-00779",
        "to_node": "DN-00780",
        "length_m": 10.49,
        "diameter_m": 0.8,
        "slope": 0.0486,
        "roughness_n": 0.013,
        "capacity_m3s": 2.915,
        "blockage_pct": 0.0,
        "channel_type": "roadside_storm_drain"
      }
    },
    {
      "type": "Feature",
      "geometry": {
        "type": "LineString",
        "coordinates": [
          [
            77.632416,
            12.913675
          ],
          [
            77.632446,
            12.912914
          ]
        ]
      },
      "properties": {
        "id": "DE-00492",
        "from_node": "DN-00781",
        "to_node": "DN-00782",
        "length_m": 84.69,
        "diameter_m": 0.8,
        "slope": 0.0025,
        "roughness_n": 0.013,
        "capacity_m3s": 0.661,
        "blockage_pct": 0.0,
        "channel_type": "roadside_storm_drain"
      }
    },
    {
      "type": "Feature",
      "geometry": {
        "type": "LineString",
        "coordinates": [
          [
            77.632294,
            12.916182
          ],
          [
            77.632343,
            12.914393
          ]
        ]
      },
      "properties": {
        "id": "DE-00493",
        "from_node": "DN-00783",
        "to_node": "DN-00601",
        "length_m": 199.01,
        "diameter_m": 0.8,
        "slope": 0.013,
        "roughness_n": 0.013,
        "capacity_m3s": 1.508,
        "blockage_pct": 0.0,
        "channel_type": "roadside_storm_drain"
      }
    },
    {
      "type": "Feature",
      "geometry": {
        "type": "LineString",
        "coordinates": [
          [
            77.644663,
            12.912063
          ],
          [
            77.644586,
            12.912045
          ]
        ]
      },
      "properties": {
        "id": "DE-00494",
        "from_node": "DN-00529",
        "to_node": "DN-00529",
        "length_m": 8.58,
        "diameter_m": 0.8,
        "slope": 0.001,
        "roughness_n": 0.013,
        "capacity_m3s": 0.418,
        "blockage_pct": 0.0,
        "channel_type": "roadside_storm_drain"
      }
    },
    {
      "type": "Feature",
      "geometry": {
        "type": "LineString",
        "coordinates": [
          [
            77.644586,
            12.912045
          ],
          [
            77.644277,
            12.9121
          ]
        ]
      },
      "properties": {
        "id": "DE-00495",
        "from_node": "DN-00529",
        "to_node": "DN-00784",
        "length_m": 34.57,
        "diameter_m": 0.8,
        "slope": 0.0307,
        "roughness_n": 0.013,
        "capacity_m3s": 2.317,
        "blockage_pct": 0.0,
        "channel_type": "roadside_storm_drain"
      }
    },
    {
      "type": "Feature",
      "geometry": {
        "type": "LineString",
        "coordinates": [
          [
            77.644277,
            12.9121
          ],
          [
            77.638446,
            12.912263
          ]
        ]
      },
      "properties": {
        "id": "DE-00496",
        "from_node": "DN-00785",
        "to_node": "DN-00786",
        "length_m": 632.65,
        "diameter_m": 0.8,
        "slope": 0.0078,
        "roughness_n": 0.013,
        "capacity_m3s": 1.168,
        "blockage_pct": 0.0,
        "channel_type": "roadside_storm_drain"
      }
    },
    {
      "type": "Feature",
      "geometry": {
        "type": "LineString",
        "coordinates": [
          [
            77.629543,
            12.906363
          ],
          [
            77.627094,
            12.910326
          ]
        ]
      },
      "properties": {
        "id": "DE-00497",
        "from_node": "DN-00244",
        "to_node": "DN-00267",
        "length_m": 514.45,
        "diameter_m": 0.8,
        "slope": 0.0071,
        "roughness_n": 0.013,
        "capacity_m3s": 1.114,
        "blockage_pct": 0.0,
        "channel_type": "roadside_storm_drain"
      }
    },
    {
      "type": "Feature",
      "geometry": {
        "type": "LineString",
        "coordinates": [
          [
            77.629543,
            12.906363
          ],
          [
            77.629573,
            12.906313
          ]
        ]
      },
      "properties": {
        "id": "DE-00498",
        "from_node": "DN-00244",
        "to_node": "DN-00243",
        "length_m": 6.44,
        "diameter_m": 0.8,
        "slope": 0.001,
        "roughness_n": 0.013,
        "capacity_m3s": 0.418,
        "blockage_pct": 0.0,
        "channel_type": "roadside_storm_drain"
      }
    },
    {
      "type": "Feature",
      "geometry": {
        "type": "LineString",
        "coordinates": [
          [
            77.63826,
            12.915786
          ],
          [
            77.63826,
            12.915753
          ]
        ]
      },
      "properties": {
        "id": "DE-00499",
        "from_node": "DN-00787",
        "to_node": "DN-00788",
        "length_m": 5.0,
        "diameter_m": 0.8,
        "slope": 0.001,
        "roughness_n": 0.013,
        "capacity_m3s": 0.418,
        "blockage_pct": 0.0,
        "channel_type": "roadside_storm_drain"
      }
    },
    {
      "type": "Feature",
      "geometry": {
        "type": "LineString",
        "coordinates": [
          [
            77.638159,
            12.915776
          ],
          [
            77.638061,
            12.915776
          ]
        ]
      },
      "properties": {
        "id": "DE-00500",
        "from_node": "DN-00789",
        "to_node": "DN-00790",
        "length_m": 10.62,
        "diameter_m": 0.8,
        "slope": 0.001,
        "roughness_n": 0.013,
        "capacity_m3s": 0.418,
        "blockage_pct": 0.0,
        "channel_type": "roadside_storm_drain"
      }
    },
    {
      "type": "Feature",
      "geometry": {
        "type": "LineString",
        "coordinates": [
          [
            77.63826,
            12.915743
          ],
          [
            77.638251,
            12.91554
          ]
        ]
      },
      "properties": {
        "id": "DE-00501",
        "from_node": "DN-00791",
        "to_node": "DN-00792",
        "length_m": 22.59,
        "diameter_m": 0.8,
        "slope": 0.0031,
        "roughness_n": 0.013,
        "capacity_m3s": 0.736,
        "blockage_pct": 0.0,
        "channel_type": "roadside_storm_drain"
      }
    },
    {
      "type": "Feature",
      "geometry": {
        "type": "LineString",
        "coordinates": [
          [
            77.612303,
            12.934315
          ],
          [
            77.612328,
            12.934268
          ]
        ]
      },
      "properties": {
        "id": "DE-00502",
        "from_node": "DN-00701",
        "to_node": "DN-00793",
        "length_m": 5.89,
        "diameter_m": 0.8,
        "slope": 0.0255,
        "roughness_n": 0.013,
        "capacity_m3s": 2.112,
        "blockage_pct": 0.0,
        "channel_type": "roadside_storm_drain"
      }
    },
    {
      "type": "Feature",
      "geometry": {
        "type": "LineString",
        "coordinates": [
          [
            77.632316,
            12.939235
          ],
          [
            77.632553,
            12.938806
          ]
        ]
      },
      "properties": {
        "id": "DE-00503",
        "from_node": "DN-00794",
        "to_node": "DN-00795",
        "length_m": 54.21,
        "diameter_m": 0.8,
        "slope": 0.0076,
        "roughness_n": 0.013,
        "capacity_m3s": 1.153,
        "blockage_pct": 0.0,
        "channel_type": "roadside_storm_drain"
      }
    },
    {
      "type": "Feature",
      "geometry": {
        "type": "LineString",
        "coordinates": [
          [
            77.632316,
            12.939235
          ],
          [
            77.632553,
            12.938806
          ]
        ]
      },
      "properties": {
        "id": "DE-00504",
        "from_node": "DN-00796",
        "to_node": "DN-00797",
        "length_m": 54.21,
        "diameter_m": 0.8,
        "slope": 0.0076,
        "roughness_n": 0.013,
        "capacity_m3s": 1.153,
        "blockage_pct": 0.0,
        "channel_type": "roadside_storm_drain"
      }
    },
    {
      "type": "Feature",
      "geometry": {
        "type": "LineString",
        "coordinates": [
          [
            77.610405,
            12.931059
          ],
          [
            77.609861,
            12.931103
          ]
        ]
      },
      "properties": {
        "id": "DE-00505",
        "from_node": "DN-00798",
        "to_node": "DN-00127",
        "length_m": 59.47,
        "diameter_m": 0.8,
        "slope": 0.0039,
        "roughness_n": 0.013,
        "capacity_m3s": 0.826,
        "blockage_pct": 0.0,
        "channel_type": "roadside_storm_drain"
      }
    },
    {
      "type": "Feature",
      "geometry": {
        "type": "LineString",
        "coordinates": [
          [
            77.628842,
            12.946588
          ],
          [
            77.632316,
            12.939235
          ]
        ]
      },
      "properties": {
        "id": "DE-00506",
        "from_node": "DN-00799",
        "to_node": "DN-00800",
        "length_m": 901.32,
        "diameter_m": 0.8,
        "slope": 0.0038,
        "roughness_n": 0.013,
        "capacity_m3s": 0.815,
        "blockage_pct": 0.0,
        "channel_type": "roadside_storm_drain"
      }
    },
    {
      "type": "Feature",
      "geometry": {
        "type": "LineString",
        "coordinates": [
          [
            77.621528,
            12.951667
          ],
          [
            77.621452,
            12.951698
          ]
        ]
      },
      "properties": {
        "id": "DE-00507",
        "from_node": "DN-00652",
        "to_node": "DN-00647",
        "length_m": 8.93,
        "diameter_m": 0.8,
        "slope": 0.001,
        "roughness_n": 0.013,
        "capacity_m3s": 0.418,
        "blockage_pct": 0.0,
        "channel_type": "roadside_storm_drain"
      }
    },
    {
      "type": "Feature",
      "geometry": {
        "type": "LineString",
        "coordinates": [
          [
            77.621547,
            12.951712
          ],
          [
            77.621528,
            12.951667
          ]
        ]
      },
      "properties": {
        "id": "DE-00508",
        "from_node": "DN-00652",
        "to_node": "DN-00652",
        "length_m": 5.41,
        "diameter_m": 0.8,
        "slope": 0.001,
        "roughness_n": 0.013,
        "capacity_m3s": 0.418,
        "blockage_pct": 0.0,
        "channel_type": "roadside_storm_drain"
      }
    },
    {
      "type": "Feature",
      "geometry": {
        "type": "LineString",
        "coordinates": [
          [
            77.609861,
            12.931103
          ],
          [
            77.609819,
            12.930916
          ]
        ]
      },
      "properties": {
        "id": "DE-00509",
        "from_node": "DN-00127",
        "to_node": "DN-00126",
        "length_m": 21.29,
        "diameter_m": 0.8,
        "slope": 0.001,
        "roughness_n": 0.013,
        "capacity_m3s": 0.418,
        "blockage_pct": 0.0,
        "channel_type": "roadside_storm_drain"
      }
    },
    {
      "type": "Feature",
      "geometry": {
        "type": "LineString",
        "coordinates": [
          [
            77.609874,
            12.931154
          ],
          [
            77.609861,
            12.931103
          ]
        ]
      },
      "properties": {
        "id": "DE-00510",
        "from_node": "DN-00127",
        "to_node": "DN-00127",
        "length_m": 5.84,
        "diameter_m": 0.8,
        "slope": 0.001,
        "roughness_n": 0.013,
        "capacity_m3s": 0.418,
        "blockage_pct": 0.0,
        "channel_type": "roadside_storm_drain"
      }
    },
    {
      "type": "Feature",
      "geometry": {
        "type": "LineString",
        "coordinates": [
          [
            77.633101,
            12.929798
          ],
          [
            77.632903,
            12.929783
          ]
        ]
      },
      "properties": {
        "id": "DE-00511",
        "from_node": "DN-00801",
        "to_node": "DN-00212",
        "length_m": 21.82,
        "diameter_m": 0.8,
        "slope": 0.001,
        "roughness_n": 0.013,
        "capacity_m3s": 0.418,
        "blockage_pct": 0.0,
        "channel_type": "roadside_storm_drain"
      }
    },
    {
      "type": "Feature",
      "geometry": {
        "type": "LineString",
        "coordinates": [
          [
            77.632903,
            12.929783
          ],
          [
            77.633099,
            12.929868
          ]
        ]
      },
      "properties": {
        "id": "DE-00512",
        "from_node": "DN-00212",
        "to_node": "DN-00802",
        "length_m": 24.18,
        "diameter_m": 0.8,
        "slope": 0.001,
        "roughness_n": 0.013,
        "capacity_m3s": 0.418,
        "blockage_pct": 0.0,
        "channel_type": "roadside_storm_drain"
      }
    },
    {
      "type": "Feature",
      "geometry": {
        "type": "LineString",
        "coordinates": [
          [
            77.633099,
            12.929868
          ],
          [
            77.633179,
            12.929873
          ]
        ]
      },
      "properties": {
        "id": "DE-00513",
        "from_node": "DN-00803",
        "to_node": "DN-00319",
        "length_m": 8.69,
        "diameter_m": 0.8,
        "slope": 0.001,
        "roughness_n": 0.013,
        "capacity_m3s": 0.418,
        "blockage_pct": 0.0,
        "channel_type": "roadside_storm_drain"
      }
    },
    {
      "type": "Feature",
      "geometry": {
        "type": "LineString",
        "coordinates": [
          [
            77.665337,
            12.923056
          ],
          [
            77.665364,
            12.923676
          ]
        ]
      },
      "properties": {
        "id": "DE-00514",
        "from_node": "DN-00301",
        "to_node": "DN-00804",
        "length_m": 70.54,
        "diameter_m": 0.8,
        "slope": 0.0103,
        "roughness_n": 0.013,
        "capacity_m3s": 1.342,
        "blockage_pct": 0.0,
        "channel_type": "roadside_storm_drain"
      }
    },
    {
      "type": "Feature",
      "geometry": {
        "type": "LineString",
        "coordinates": [
          [
            77.665337,
            12.923056
          ],
          [
            77.665364,
            12.923676
          ]
        ]
      },
      "properties": {
        "id": "DE-00515",
        "from_node": "DN-00301",
        "to_node": "DN-00805",
        "length_m": 71.07,
        "diameter_m": 0.8,
        "slope": 0.0103,
        "roughness_n": 0.013,
        "capacity_m3s": 1.342,
        "blockage_pct": 0.0,
        "channel_type": "roadside_storm_drain"
      }
    },
    {
      "type": "Feature",
      "geometry": {
        "type": "LineString",
        "coordinates": [
          [
            77.63808,
            12.913015
          ],
          [
            77.638102,
            12.914395
          ]
        ]
      },
      "properties": {
        "id": "DE-00516",
        "from_node": "DN-00806",
        "to_node": "DN-00807",
        "length_m": 153.48,
        "diameter_m": 0.8,
        "slope": 0.0022,
        "roughness_n": 0.013,
        "capacity_m3s": 0.62,
        "blockage_pct": 0.0,
        "channel_type": "roadside_storm_drain"
      }
    },
    {
      "type": "Feature",
      "geometry": {
        "type": "LineString",
        "coordinates": [
          [
            77.638082,
            12.911628
          ],
          [
            77.638055,
            12.912273
          ]
        ]
      },
      "properties": {
        "id": "DE-00517",
        "from_node": "DN-00808",
        "to_node": "DN-00066",
        "length_m": 72.5,
        "diameter_m": 0.8,
        "slope": 0.0108,
        "roughness_n": 0.013,
        "capacity_m3s": 1.374,
        "blockage_pct": 0.0,
        "channel_type": "roadside_storm_drain"
      }
    },
    {
      "type": "Feature",
      "geometry": {
        "type": "LineString",
        "coordinates": [
          [
            77.637612,
            12.912322
          ],
          [
            77.635226,
            12.912395
          ]
        ]
      },
      "properties": {
        "id": "DE-00518",
        "from_node": "DN-00733",
        "to_node": "DN-00809",
        "length_m": 258.73,
        "diameter_m": 0.8,
        "slope": 0.0014,
        "roughness_n": 0.013,
        "capacity_m3s": 0.495,
        "blockage_pct": 0.0,
        "channel_type": "roadside_storm_drain"
      }
    },
    {
      "type": "Feature",
      "geometry": {
        "type": "LineString",
        "coordinates": [
          [
            77.635226,
            12.912395
          ],
          [
            77.63526,
            12.913004
          ]
        ]
      },
      "properties": {
        "id": "DE-00519",
        "from_node": "DN-00810",
        "to_node": "DN-00811",
        "length_m": 67.82,
        "diameter_m": 0.8,
        "slope": 0.0068,
        "roughness_n": 0.013,
        "capacity_m3s": 1.09,
        "blockage_pct": 0.0,
        "channel_type": "roadside_storm_drain"
      }
    },
    {
      "type": "Feature",
      "geometry": {
        "type": "LineString",
        "coordinates": [
          [
            77.635226,
            12.912395
          ],
          [
            77.632892,
            12.912448
          ]
        ]
      },
      "properties": {
        "id": "DE-00520",
        "from_node": "DN-00809",
        "to_node": "DN-00812",
        "length_m": 253.04,
        "diameter_m": 0.8,
        "slope": 0.001,
        "roughness_n": 0.013,
        "capacity_m3s": 0.418,
        "blockage_pct": 0.0,
        "channel_type": "roadside_storm_drain"
      }
    },
    {
      "type": "Feature",
      "geometry": {
        "type": "LineString",
        "coordinates": [
          [
            77.638055,
            12.912273
          ],
          [
            77.638057,
            12.912341
          ]
        ]
      },
      "properties": {
        "id": "DE-00521",
        "from_node": "DN-00066",
        "to_node": "DN-00065",
        "length_m": 7.56,
        "diameter_m": 0.8,
        "slope": 0.001,
        "roughness_n": 0.013,
        "capacity_m3s": 0.418,
        "blockage_pct": 0.0,
        "channel_type": "roadside_storm_drain"
      }
    },
    {
      "type": "Feature",
      "geometry": {
        "type": "LineString",
        "coordinates": [
          [
            77.638127,
            12.912269
          ],
          [
            77.638055,
            12.912273
          ]
        ]
      },
      "properties": {
        "id": "DE-00522",
        "from_node": "DN-00066",
        "to_node": "DN-00066",
        "length_m": 7.82,
        "diameter_m": 0.8,
        "slope": 0.001,
        "roughness_n": 0.013,
        "capacity_m3s": 0.418,
        "blockage_pct": 0.0,
        "channel_type": "roadside_storm_drain"
      }
    },
    {
      "type": "Feature",
      "geometry": {
        "type": "LineString",
        "coordinates": [
          [
            77.644549,
            12.909748
          ],
          [
            77.644552,
            12.909102
          ]
        ]
      },
      "properties": {
        "id": "DE-00523",
        "from_node": "DN-00813",
        "to_node": "DN-00814",
        "length_m": 72.37,
        "diameter_m": 0.8,
        "slope": 0.0012,
        "roughness_n": 0.013,
        "capacity_m3s": 0.458,
        "blockage_pct": 0.0,
        "channel_type": "roadside_storm_drain"
      }
    },
    {
      "type": "Feature",
      "geometry": {
        "type": "LineString",
        "coordinates": [
          [
            77.644552,
            12.909102
          ],
          [
            77.644509,
            12.908686
          ]
        ]
      },
      "properties": {
        "id": "DE-00524",
        "from_node": "DN-00815",
        "to_node": "DN-00664",
        "length_m": 46.81,
        "diameter_m": 0.8,
        "slope": 0.0064,
        "roughness_n": 0.013,
        "capacity_m3s": 1.058,
        "blockage_pct": 0.0,
        "channel_type": "roadside_storm_drain"
      }
    },
    {
      "type": "Feature",
      "geometry": {
        "type": "LineString",
        "coordinates": [
          [
            77.651708,
            12.91585
          ],
          [
            77.651721,
            12.915467
          ]
        ]
      },
      "properties": {
        "id": "DE-00525",
        "from_node": "DN-00051",
        "to_node": "DN-00816",
        "length_m": 42.61,
        "diameter_m": 0.8,
        "slope": 0.0028,
        "roughness_n": 0.013,
        "capacity_m3s": 0.7,
        "blockage_pct": 0.0,
        "channel_type": "roadside_storm_drain"
      }
    },
    {
      "type": "Feature",
      "geometry": {
        "type": "LineString",
        "coordinates": [
          [
            77.651894,
            12.911992
          ],
          [
            77.65185,
            12.912506
          ]
        ]
      },
      "properties": {
        "id": "DE-00526",
        "from_node": "DN-00817",
        "to_node": "DN-00818",
        "length_m": 58.29,
        "diameter_m": 0.8,
        "slope": 0.0269,
        "roughness_n": 0.013,
        "capacity_m3s": 2.169,
        "blockage_pct": 0.0,
        "channel_type": "roadside_storm_drain"
      }
    },
    {
      "type": "Feature",
      "geometry": {
        "type": "LineString",
        "coordinates": [
          [
            77.651849,
            12.912541
          ],
          [
            77.651768,
            12.915416
          ]
        ]
      },
      "properties": {
        "id": "DE-00527",
        "from_node": "DN-00819",
        "to_node": "DN-00820",
        "length_m": 319.81,
        "diameter_m": 0.8,
        "slope": 0.0057,
        "roughness_n": 0.013,
        "capacity_m3s": 0.998,
        "blockage_pct": 0.0,
        "channel_type": "roadside_storm_drain"
      }
    },
    {
      "type": "Feature",
      "geometry": {
        "type": "LineString",
        "coordinates": [
          [
            77.651791,
            12.915851
          ],
          [
            77.651708,
            12.91585
          ]
        ]
      },
      "properties": {
        "id": "DE-00528",
        "from_node": "DN-00821",
        "to_node": "DN-00051",
        "length_m": 9.0,
        "diameter_m": 0.8,
        "slope": 0.0544,
        "roughness_n": 0.013,
        "capacity_m3s": 3.084,
        "blockage_pct": 0.0,
        "channel_type": "roadside_storm_drain"
      }
    },
    {
      "type": "Feature",
      "geometry": {
        "type": "LineString",
        "coordinates": [
          [
            77.651849,
            12.912541
          ],
          [
            77.651768,
            12.915416
          ]
        ]
      },
      "properties": {
        "id": "DE-00529",
        "from_node": "DN-00822",
        "to_node": "DN-00823",
        "length_m": 319.81,
        "diameter_m": 0.8,
        "slope": 0.0057,
        "roughness_n": 0.013,
        "capacity_m3s": 0.998,
        "blockage_pct": 0.0,
        "channel_type": "roadside_storm_drain"
      }
    },
    {
      "type": "Feature",
      "geometry": {
        "type": "LineString",
        "coordinates": [
          [
            77.651894,
            12.911992
          ],
          [
            77.651828,
            12.911987
          ]
        ]
      },
      "properties": {
        "id": "DE-00530",
        "from_node": "DN-00824",
        "to_node": "DN-00825",
        "length_m": 7.17,
        "diameter_m": 0.8,
        "slope": 0.001,
        "roughness_n": 0.013,
        "capacity_m3s": 0.418,
        "blockage_pct": 0.0,
        "channel_type": "roadside_storm_drain"
      }
    },
    {
      "type": "Feature",
      "geometry": {
        "type": "LineString",
        "coordinates": [
          [
            77.651871,
            12.911365
          ],
          [
            77.651828,
            12.911987
          ]
        ]
      },
      "properties": {
        "id": "DE-00531",
        "from_node": "DN-00060",
        "to_node": "DN-00826",
        "length_m": 69.71,
        "diameter_m": 0.8,
        "slope": 0.0227,
        "roughness_n": 0.013,
        "capacity_m3s": 1.992,
        "blockage_pct": 0.0,
        "channel_type": "roadside_storm_drain"
      }
    },
    {
      "type": "Feature",
      "geometry": {
        "type": "LineString",
        "coordinates": [
          [
            77.651828,
            12.911987
          ],
          [
            77.65185,
            12.912506
          ]
        ]
      },
      "properties": {
        "id": "DE-00532",
        "from_node": "DN-00827",
        "to_node": "DN-00828",
        "length_m": 58.32,
        "diameter_m": 0.8,
        "slope": 0.0269,
        "roughness_n": 0.013,
        "capacity_m3s": 2.169,
        "blockage_pct": 0.0,
        "channel_type": "roadside_storm_drain"
      }
    },
    {
      "type": "Feature",
      "geometry": {
        "type": "LineString",
        "coordinates": [
          [
            77.62487,
            12.917462
          ],
          [
            77.624932,
            12.917344
          ]
        ]
      },
      "properties": {
        "id": "DE-00533",
        "from_node": "DN-00829",
        "to_node": "DN-00830",
        "length_m": 14.74,
        "diameter_m": 0.8,
        "slope": 0.0787,
        "roughness_n": 0.013,
        "capacity_m3s": 3.71,
        "blockage_pct": 0.0,
        "channel_type": "roadside_storm_drain"
      }
    },
    {
      "type": "Feature",
      "geometry": {
        "type": "LineString",
        "coordinates": [
          [
            77.629573,
            12.906313
          ],
          [
            77.630486,
            12.906489
          ]
        ]
      },
      "properties": {
        "id": "DE-00534",
        "from_node": "DN-00831",
        "to_node": "DN-00832",
        "length_m": 101.81,
        "diameter_m": 0.8,
        "slope": 0.0118,
        "roughness_n": 0.013,
        "capacity_m3s": 1.436,
        "blockage_pct": 0.0,
        "channel_type": "roadside_storm_drain"
      }
    },
    {
      "type": "Feature",
      "geometry": {
        "type": "LineString",
        "coordinates": [
          [
            77.639184,
            12.924133
          ],
          [
            77.639466,
            12.924029
          ]
        ]
      },
      "properties": {
        "id": "DE-00535",
        "from_node": "DN-00833",
        "to_node": "DN-00834",
        "length_m": 32.68,
        "diameter_m": 0.8,
        "slope": 0.0135,
        "roughness_n": 0.013,
        "capacity_m3s": 1.536,
        "blockage_pct": 0.0,
        "channel_type": "roadside_storm_drain"
      }
    },
    {
      "type": "Feature",
      "geometry": {
        "type": "LineString",
        "coordinates": [
          [
            77.639196,
            12.924208
          ],
          [
            77.639464,
            12.924101
          ]
        ]
      },
      "properties": {
        "id": "DE-00536",
        "from_node": "DN-00835",
        "to_node": "DN-00836",
        "length_m": 31.39,
        "diameter_m": 0.8,
        "slope": 0.014,
        "roughness_n": 0.013,
        "capacity_m3s": 1.565,
        "blockage_pct": 0.0,
        "channel_type": "roadside_storm_drain"
      }
    },
    {
      "type": "Feature",
      "geometry": {
        "type": "LineString",
        "coordinates": [
          [
            77.635325,
            12.92515
          ],
          [
            77.637395,
            12.925166
          ]
        ]
      },
      "properties": {
        "id": "DE-00537",
        "from_node": "DN-00837",
        "to_node": "DN-00838",
        "length_m": 228.48,
        "diameter_m": 0.8,
        "slope": 0.0062,
        "roughness_n": 0.013,
        "capacity_m3s": 1.041,
        "blockage_pct": 0.0,
        "channel_type": "roadside_storm_drain"
      }
    },
    {
      "type": "Feature",
      "geometry": {
        "type": "LineString",
        "coordinates": [
          [
            77.639894,
            12.923584
          ],
          [
            77.639756,
            12.92329
          ]
        ]
      },
      "properties": {
        "id": "DE-00538",
        "from_node": "DN-00839",
        "to_node": "DN-00840",
        "length_m": 35.95,
        "diameter_m": 0.8,
        "slope": 0.0114,
        "roughness_n": 0.013,
        "capacity_m3s": 1.412,
        "blockage_pct": 0.0,
        "channel_type": "roadside_storm_drain"
      }
    },
    {
      "type": "Feature",
      "geometry": {
        "type": "LineString",
        "coordinates": [
          [
            77.686719,
            12.940686
          ],
          [
            77.686974,
            12.940524
          ]
        ]
      },
      "properties": {
        "id": "DE-00539",
        "from_node": "DN-00841",
        "to_node": "DN-00842",
        "length_m": 32.99,
        "diameter_m": 0.8,
        "slope": 0.0021,
        "roughness_n": 0.013,
        "capacity_m3s": 0.606,
        "blockage_pct": 0.0,
        "channel_type": "roadside_storm_drain"
      }
    },
    {
      "type": "Feature",
      "geometry": {
        "type": "LineString",
        "coordinates": [
          [
            77.600982,
            12.916771
          ],
          [
            77.620053,
            12.916473
          ]
        ]
      },
      "properties": {
        "id": "DE-00540",
        "from_node": "DN-00843",
        "to_node": "DN-00844",
        "length_m": 2070.23,
        "diameter_m": 0.8,
        "slope": 0.0117,
        "roughness_n": 0.013,
        "capacity_m3s": 1.43,
        "blockage_pct": 0.0,
        "channel_type": "roadside_storm_drain"
      }
    },
    {
      "type": "Feature",
      "geometry": {
        "type": "LineString",
        "coordinates": [
          [
            77.619936,
            12.916313
          ],
          [
            77.619935,
            12.91617
          ]
        ]
      },
      "properties": {
        "id": "DE-00541",
        "from_node": "DN-00491",
        "to_node": "DN-00490",
        "length_m": 15.91,
        "diameter_m": 0.8,
        "slope": 0.001,
        "roughness_n": 0.013,
        "capacity_m3s": 0.418,
        "blockage_pct": 0.0,
        "channel_type": "roadside_storm_drain"
      }
    },
    {
      "type": "Feature",
      "geometry": {
        "type": "LineString",
        "coordinates": [
          [
            77.668951,
            12.918712
          ],
          [
            77.670755,
            12.91819
          ]
        ]
      },
      "properties": {
        "id": "DE-00542",
        "from_node": "DN-00845",
        "to_node": "DN-00846",
        "length_m": 206.95,
        "diameter_m": 0.8,
        "slope": 0.0072,
        "roughness_n": 0.013,
        "capacity_m3s": 1.122,
        "blockage_pct": 0.0,
        "channel_type": "roadside_storm_drain"
      }
    },
    {
      "type": "Feature",
      "geometry": {
        "type": "LineString",
        "coordinates": [
          [
            77.668951,
            12.918712
          ],
          [
            77.6688,
            12.918753
          ]
        ]
      },
      "properties": {
        "id": "DE-00543",
        "from_node": "DN-00847",
        "to_node": "DN-00848",
        "length_m": 16.99,
        "diameter_m": 0.8,
        "slope": 0.001,
        "roughness_n": 0.013,
        "capacity_m3s": 0.418,
        "blockage_pct": 0.0,
        "channel_type": "roadside_storm_drain"
      }
    },
    {
      "type": "Feature",
      "geometry": {
        "type": "LineString",
        "coordinates": [
          [
            77.644588,
            12.912181
          ],
          [
            77.644665,
            12.912175
          ]
        ]
      },
      "properties": {
        "id": "DE-00544",
        "from_node": "DN-00530",
        "to_node": "DN-00530",
        "length_m": 8.37,
        "diameter_m": 0.8,
        "slope": 0.001,
        "roughness_n": 0.013,
        "capacity_m3s": 0.418,
        "blockage_pct": 0.0,
        "channel_type": "roadside_storm_drain"
      }
    },
    {
      "type": "Feature",
      "geometry": {
        "type": "LineString",
        "coordinates": [
          [
            77.638937,
            12.905763
          ],
          [
            77.638611,
            12.905856
          ]
        ]
      },
      "properties": {
        "id": "DE-00545",
        "from_node": "DN-00254",
        "to_node": "DN-00849",
        "length_m": 36.82,
        "diameter_m": 0.8,
        "slope": 0.0084,
        "roughness_n": 0.013,
        "capacity_m3s": 1.212,
        "blockage_pct": 0.0,
        "channel_type": "roadside_storm_drain"
      }
    },
    {
      "type": "Feature",
      "geometry": {
        "type": "LineString",
        "coordinates": [
          [
            77.610047,
            12.916454
          ],
          [
            77.610046,
            12.915615
          ]
        ]
      },
      "properties": {
        "id": "DE-00546",
        "from_node": "DN-00474",
        "to_node": "DN-00850",
        "length_m": 93.29,
        "diameter_m": 0.8,
        "slope": 0.0021,
        "roughness_n": 0.013,
        "capacity_m3s": 0.606,
        "blockage_pct": 0.0,
        "channel_type": "roadside_storm_drain"
      }
    },
    {
      "type": "Feature",
      "geometry": {
        "type": "LineString",
        "coordinates": [
          [
            77.614985,
            12.913772
          ],
          [
            77.615086,
            12.91516
          ]
        ]
      },
      "properties": {
        "id": "DE-00547",
        "from_node": "DN-00851",
        "to_node": "DN-00852",
        "length_m": 154.74,
        "diameter_m": 0.8,
        "slope": 0.0047,
        "roughness_n": 0.013,
        "capacity_m3s": 0.907,
        "blockage_pct": 0.0,
        "channel_type": "roadside_storm_drain"
      }
    },
    {
      "type": "Feature",
      "geometry": {
        "type": "LineString",
        "coordinates": [
          [
            77.615595,
            12.929611
          ],
          [
            77.616192,
            12.929409
          ]
        ]
      },
      "properties": {
        "id": "DE-00548",
        "from_node": "DN-00853",
        "to_node": "DN-00482",
        "length_m": 68.49,
        "diameter_m": 0.8,
        "slope": 0.0023,
        "roughness_n": 0.013,
        "capacity_m3s": 0.634,
        "blockage_pct": 0.0,
        "channel_type": "roadside_storm_drain"
      }
    },
    {
      "type": "Feature",
      "geometry": {
        "type": "LineString",
        "coordinates": [
          [
            77.613814,
            12.931971
          ],
          [
            77.614051,
            12.931495
          ]
        ]
      },
      "properties": {
        "id": "DE-00549",
        "from_node": "DN-00117",
        "to_node": "DN-00854",
        "length_m": 58.93,
        "diameter_m": 0.8,
        "slope": 0.0148,
        "roughness_n": 0.013,
        "capacity_m3s": 1.609,
        "blockage_pct": 0.0,
        "channel_type": "roadside_storm_drain"
      }
    },
    {
      "type": "Feature",
      "geometry": {
        "type": "LineString",
        "coordinates": [
          [
            77.684429,
            12.91055
          ],
          [
            77.684512,
            12.910704
          ]
        ]
      },
      "properties": {
        "id": "DE-00550",
        "from_node": "DN-00751",
        "to_node": "DN-00855",
        "length_m": 19.34,
        "diameter_m": 0.8,
        "slope": 0.0145,
        "roughness_n": 0.013,
        "capacity_m3s": 1.592,
        "blockage_pct": 0.0,
        "channel_type": "roadside_storm_drain"
      }
    },
    {
      "type": "Feature",
      "geometry": {
        "type": "LineString",
        "coordinates": [
          [
            77.650454,
            12.924483
          ],
          [
            77.650306,
            12.924481
          ]
        ]
      },
      "properties": {
        "id": "DE-00551",
        "from_node": "DN-00451",
        "to_node": "DN-00337",
        "length_m": 16.04,
        "diameter_m": 0.8,
        "slope": 0.0274,
        "roughness_n": 0.013,
        "capacity_m3s": 2.189,
        "blockage_pct": 0.0,
        "channel_type": "roadside_storm_drain"
      }
    },
    {
      "type": "Feature",
      "geometry": {
        "type": "LineString",
        "coordinates": [
          [
            77.610094,
            12.913661
          ],
          [
            77.610066,
            12.913568
          ]
        ]
      },
      "properties": {
        "id": "DE-00552",
        "from_node": "DN-00856",
        "to_node": "DN-00510",
        "length_m": 10.78,
        "diameter_m": 0.8,
        "slope": 0.001,
        "roughness_n": 0.013,
        "capacity_m3s": 0.418,
        "blockage_pct": 0.0,
        "channel_type": "roadside_storm_drain"
      }
    },
    {
      "type": "Feature",
      "geometry": {
        "type": "LineString",
        "coordinates": [
          [
            77.610036,
            12.913993
          ],
          [
            77.610104,
            12.913994
          ]
        ]
      },
      "properties": {
        "id": "DE-00553",
        "from_node": "DN-00185",
        "to_node": "DN-00185",
        "length_m": 7.37,
        "diameter_m": 0.8,
        "slope": 0.001,
        "roughness_n": 0.013,
        "capacity_m3s": 0.418,
        "blockage_pct": 0.0,
        "channel_type": "roadside_storm_drain"
      }
    },
    {
      "type": "Feature",
      "geometry": {
        "type": "LineString",
        "coordinates": [
          [
            77.607995,
            12.942536
          ],
          [
            77.607569,
            12.944005
          ]
        ]
      },
      "properties": {
        "id": "DE-00554",
        "from_node": "DN-00857",
        "to_node": "DN-00381",
        "length_m": 169.76,
        "diameter_m": 0.8,
        "slope": 0.014,
        "roughness_n": 0.013,
        "capacity_m3s": 1.565,
        "blockage_pct": 0.0,
        "channel_type": "roadside_storm_drain"
      }
    },
    {
      "type": "Feature",
      "geometry": {
        "type": "LineString",
        "coordinates": [
          [
            77.612541,
            12.934434
          ],
          [
            77.612491,
            12.934515
          ]
        ]
      },
      "properties": {
        "id": "DE-00555",
        "from_node": "DN-00704",
        "to_node": "DN-00700",
        "length_m": 10.51,
        "diameter_m": 0.8,
        "slope": 0.0542,
        "roughness_n": 0.013,
        "capacity_m3s": 3.079,
        "blockage_pct": 0.0,
        "channel_type": "roadside_storm_drain"
      }
    },
    {
      "type": "Feature",
      "geometry": {
        "type": "LineString",
        "coordinates": [
          [
            77.651762,
            12.924148
          ],
          [
            77.651753,
            12.924097
          ]
        ]
      },
      "properties": {
        "id": "DE-00556",
        "from_node": "DN-00758",
        "to_node": "DN-00757",
        "length_m": 5.75,
        "diameter_m": 0.8,
        "slope": 0.001,
        "roughness_n": 0.013,
        "capacity_m3s": 0.418,
        "blockage_pct": 0.0,
        "channel_type": "roadside_storm_drain"
      }
    },
    {
      "type": "Feature",
      "geometry": {
        "type": "LineString",
        "coordinates": [
          [
            77.651778,
            12.924238
          ],
          [
            77.651783,
            12.924277
          ]
        ]
      },
      "properties": {
        "id": "DE-00557",
        "from_node": "DN-00450",
        "to_node": "DN-00450",
        "length_m": 5.0,
        "diameter_m": 0.8,
        "slope": 0.001,
        "roughness_n": 0.013,
        "capacity_m3s": 0.418,
        "blockage_pct": 0.0,
        "channel_type": "roadside_storm_drain"
      }
    },
    {
      "type": "Feature",
      "geometry": {
        "type": "LineString",
        "coordinates": [
          [
            77.629255,
            12.916824
          ],
          [
            77.624737,
            12.917708
          ]
        ]
      },
      "properties": {
        "id": "DE-00558",
        "from_node": "DN-00609",
        "to_node": "DN-00858",
        "length_m": 502.65,
        "diameter_m": 0.8,
        "slope": 0.0022,
        "roughness_n": 0.013,
        "capacity_m3s": 0.62,
        "blockage_pct": 0.0,
        "channel_type": "roadside_storm_drain"
      }
    },
    {
      "type": "Feature",
      "geometry": {
        "type": "LineString",
        "coordinates": [
          [
            77.684943,
            12.929759
          ],
          [
            77.684659,
            12.929609
          ]
        ]
      },
      "properties": {
        "id": "DE-00559",
        "from_node": "DN-00479",
        "to_node": "DN-00740",
        "length_m": 35.01,
        "diameter_m": 0.8,
        "slope": 0.0183,
        "roughness_n": 0.013,
        "capacity_m3s": 1.789,
        "blockage_pct": 0.0,
        "channel_type": "roadside_storm_drain"
      }
    },
    {
      "type": "Feature",
      "geometry": {
        "type": "LineString",
        "coordinates": [
          [
            77.610102,
            12.913953
          ],
          [
            77.610037,
            12.913952
          ]
        ]
      },
      "properties": {
        "id": "DE-00560",
        "from_node": "DN-00185",
        "to_node": "DN-00659",
        "length_m": 7.05,
        "diameter_m": 0.8,
        "slope": 0.001,
        "roughness_n": 0.013,
        "capacity_m3s": 0.418,
        "blockage_pct": 0.0,
        "channel_type": "roadside_storm_drain"
      }
    },
    {
      "type": "Feature",
      "geometry": {
        "type": "LineString",
        "coordinates": [
          [
            77.625792,
            12.893742
          ],
          [
            77.627429,
            12.902883
          ]
        ]
      },
      "properties": {
        "id": "DE-00561",
        "from_node": "DN-00859",
        "to_node": "DN-00417",
        "length_m": 1037.72,
        "diameter_m": 0.8,
        "slope": 0.0057,
        "roughness_n": 0.013,
        "capacity_m3s": 0.998,
        "blockage_pct": 0.0,
        "channel_type": "roadside_storm_drain"
      }
    },
    {
      "type": "Feature",
      "geometry": {
        "type": "LineString",
        "coordinates": [
          [
            77.644771,
            12.9151
          ],
          [
            77.644774,
            12.915159
          ]
        ]
      },
      "properties": {
        "id": "DE-00562",
        "from_node": "DN-00462",
        "to_node": "DN-00462",
        "length_m": 6.57,
        "diameter_m": 0.8,
        "slope": 0.001,
        "roughness_n": 0.013,
        "capacity_m3s": 0.418,
        "blockage_pct": 0.0,
        "channel_type": "roadside_storm_drain"
      }
    },
    {
      "type": "Feature",
      "geometry": {
        "type": "LineString",
        "coordinates": [
          [
            77.644774,
            12.915159
          ],
          [
            77.644775,
            12.915189
          ]
        ]
      },
      "properties": {
        "id": "DE-00563",
        "from_node": "DN-00462",
        "to_node": "DN-00860",
        "length_m": 5.0,
        "diameter_m": 0.8,
        "slope": 0.001,
        "roughness_n": 0.013,
        "capacity_m3s": 0.418,
        "blockage_pct": 0.0,
        "channel_type": "roadside_storm_drain"
      }
    },
    {
      "type": "Feature",
      "geometry": {
        "type": "LineString",
        "coordinates": [
          [
            77.683702,
            12.911129
          ],
          [
            77.68451,
            12.910818
          ]
        ]
      },
      "properties": {
        "id": "DE-00564",
        "from_node": "DN-00861",
        "to_node": "DN-00862",
        "length_m": 94.16,
        "diameter_m": 0.8,
        "slope": 0.0023,
        "roughness_n": 0.013,
        "capacity_m3s": 0.634,
        "blockage_pct": 0.0,
        "channel_type": "roadside_storm_drain"
      }
    },
    {
      "type": "Feature",
      "geometry": {
        "type": "LineString",
        "coordinates": [
          [
            77.673632,
            12.916542
          ],
          [
            77.673831,
            12.916093
          ]
        ]
      },
      "properties": {
        "id": "DE-00565",
        "from_node": "DN-00863",
        "to_node": "DN-00864",
        "length_m": 54.85,
        "diameter_m": 0.8,
        "slope": 0.0215,
        "roughness_n": 0.013,
        "capacity_m3s": 1.939,
        "blockage_pct": 0.0,
        "channel_type": "roadside_storm_drain"
      }
    },
    {
      "type": "Feature",
      "geometry": {
        "type": "LineString",
        "coordinates": [
          [
            77.668929,
            12.918797
          ],
          [
            77.669146,
            12.918729
          ]
        ]
      },
      "properties": {
        "id": "DE-00566",
        "from_node": "DN-00865",
        "to_node": "DN-00866",
        "length_m": 24.7,
        "diameter_m": 0.8,
        "slope": 0.017,
        "roughness_n": 0.013,
        "capacity_m3s": 1.724,
        "blockage_pct": 0.0,
        "channel_type": "roadside_storm_drain"
      }
    },
    {
      "type": "Feature",
      "geometry": {
        "type": "LineString",
        "coordinates": [
          [
            77.650647,
            12.911955
          ],
          [
            77.650582,
            12.911954
          ]
        ]
      },
      "properties": {
        "id": "DE-00567",
        "from_node": "DN-00867",
        "to_node": "DN-00452",
        "length_m": 7.05,
        "diameter_m": 0.8,
        "slope": 0.001,
        "roughness_n": 0.013,
        "capacity_m3s": 0.418,
        "blockage_pct": 0.0,
        "channel_type": "roadside_storm_drain"
      }
    },
    {
      "type": "Feature",
      "geometry": {
        "type": "LineString",
        "coordinates": [
          [
            77.679641,
            12.927475
          ],
          [
            77.679761,
            12.92762
          ]
        ]
      },
      "properties": {
        "id": "DE-00568",
        "from_node": "DN-00868",
        "to_node": "DN-00590",
        "length_m": 20.71,
        "diameter_m": 0.8,
        "slope": 0.014,
        "roughness_n": 0.013,
        "capacity_m3s": 1.565,
        "blockage_pct": 0.0,
        "channel_type": "roadside_storm_drain"
      }
    },
    {
      "type": "Feature",
      "geometry": {
        "type": "LineString",
        "coordinates": [
          [
            77.62141,
            12.91671
          ],
          [
            77.621518,
            12.916776
          ]
        ]
      },
      "properties": {
        "id": "DE-00569",
        "from_node": "DN-00869",
        "to_node": "DN-00527",
        "length_m": 13.8,
        "diameter_m": 0.8,
        "slope": 0.0268,
        "roughness_n": 0.013,
        "capacity_m3s": 2.165,
        "blockage_pct": 0.0,
        "channel_type": "roadside_storm_drain"
      }
    },
    {
      "type": "Feature",
      "geometry": {
        "type": "LineString",
        "coordinates": [
          [
            77.614217,
            12.916518
          ],
          [
            77.61508,
            12.916469
          ]
        ]
      },
      "properties": {
        "id": "DE-00570",
        "from_node": "DN-00870",
        "to_node": "DN-00675",
        "length_m": 93.69,
        "diameter_m": 0.8,
        "slope": 0.0265,
        "roughness_n": 0.013,
        "capacity_m3s": 2.153,
        "blockage_pct": 0.0,
        "channel_type": "roadside_storm_drain"
      }
    },
    {
      "type": "Feature",
      "geometry": {
        "type": "LineString",
        "coordinates": [
          [
            77.615243,
            12.916455
          ],
          [
            77.616305,
            12.916353
          ]
        ]
      },
      "properties": {
        "id": "DE-00571",
        "from_node": "DN-00676",
        "to_node": "DN-00672",
        "length_m": 115.66,
        "diameter_m": 0.8,
        "slope": 0.0218,
        "roughness_n": 0.013,
        "capacity_m3s": 1.952,
        "blockage_pct": 0.0,
        "channel_type": "roadside_storm_drain"
      }
    },
    {
      "type": "Feature",
      "geometry": {
        "type": "LineString",
        "coordinates": [
          [
            77.615228,
            12.91631
          ],
          [
            77.615143,
            12.915158
          ]
        ]
      },
      "properties": {
        "id": "DE-00572",
        "from_node": "DN-00871",
        "to_node": "DN-00852",
        "length_m": 128.43,
        "diameter_m": 0.8,
        "slope": 0.001,
        "roughness_n": 0.013,
        "capacity_m3s": 0.418,
        "blockage_pct": 0.0,
        "channel_type": "roadside_storm_drain"
      }
    },
    {
      "type": "Feature",
      "geometry": {
        "type": "LineString",
        "coordinates": [
          [
            77.615228,
            12.91631
          ],
          [
            77.615698,
            12.916258
          ]
        ]
      },
      "properties": {
        "id": "DE-00573",
        "from_node": "DN-00871",
        "to_node": "DN-00872",
        "length_m": 51.28,
        "diameter_m": 0.8,
        "slope": 0.0324,
        "roughness_n": 0.013,
        "capacity_m3s": 2.38,
        "blockage_pct": 0.0,
        "channel_type": "roadside_storm_drain"
      }
    },
    {
      "type": "Feature",
      "geometry": {
        "type": "LineString",
        "coordinates": [
          [
            77.665992,
            12.921146
          ],
          [
            77.666262,
            12.921274
          ]
        ]
      },
      "properties": {
        "id": "DE-00574",
        "from_node": "DN-00489",
        "to_node": "DN-00430",
        "length_m": 32.54,
        "diameter_m": 0.8,
        "slope": 0.001,
        "roughness_n": 0.013,
        "capacity_m3s": 0.418,
        "blockage_pct": 0.0,
        "channel_type": "roadside_storm_drain"
      }
    },
    {
      "type": "Feature",
      "geometry": {
        "type": "LineString",
        "coordinates": [
          [
            77.668929,
            12.918797
          ],
          [
            77.668837,
            12.918832
          ]
        ]
      },
      "properties": {
        "id": "DE-00575",
        "from_node": "DN-00865",
        "to_node": "DN-00873",
        "length_m": 10.7,
        "diameter_m": 0.8,
        "slope": 0.001,
        "roughness_n": 0.013,
        "capacity_m3s": 0.418,
        "blockage_pct": 0.0,
        "channel_type": "roadside_storm_drain"
      }
    },
    {
      "type": "Feature",
      "geometry": {
        "type": "LineString",
        "coordinates": [
          [
            77.668837,
            12.918832
          ],
          [
            77.6688,
            12.918753
          ]
        ]
      },
      "properties": {
        "id": "DE-00576",
        "from_node": "DN-00874",
        "to_node": "DN-00848",
        "length_m": 9.66,
        "diameter_m": 0.8,
        "slope": 0.001,
        "roughness_n": 0.013,
        "capacity_m3s": 0.418,
        "blockage_pct": 0.0,
        "channel_type": "roadside_storm_drain"
      }
    },
    {
      "type": "Feature",
      "geometry": {
        "type": "LineString",
        "coordinates": [
          [
            77.645124,
            12.90907
          ],
          [
            77.644552,
            12.909102
          ]
        ]
      },
      "properties": {
        "id": "DE-00577",
        "from_node": "DN-00875",
        "to_node": "DN-00814",
        "length_m": 62.1,
        "diameter_m": 0.8,
        "slope": 0.0129,
        "roughness_n": 0.013,
        "capacity_m3s": 1.502,
        "blockage_pct": 0.0,
        "channel_type": "roadside_storm_drain"
      }
    },
    {
      "type": "Feature",
      "geometry": {
        "type": "LineString",
        "coordinates": [
          [
            77.611094,
            12.905165
          ],
          [
            77.611482,
            12.905116
          ]
        ]
      },
      "properties": {
        "id": "DE-00578",
        "from_node": "DN-00504",
        "to_node": "DN-00189",
        "length_m": 42.41,
        "diameter_m": 0.8,
        "slope": 0.0078,
        "roughness_n": 0.013,
        "capacity_m3s": 1.168,
        "blockage_pct": 0.0,
        "channel_type": "roadside_storm_drain"
      }
    },
    {
      "type": "Feature",
      "geometry": {
        "type": "LineString",
        "coordinates": [
          [
            77.620374,
            12.921081
          ],
          [
            77.620865,
            12.920231
          ]
        ]
      },
      "properties": {
        "id": "DE-00579",
        "from_node": "DN-00382",
        "to_node": "DN-00876",
        "length_m": 108.5,
        "diameter_m": 0.8,
        "slope": 0.0042,
        "roughness_n": 0.013,
        "capacity_m3s": 0.857,
        "blockage_pct": 0.0,
        "channel_type": "roadside_storm_drain"
      }
    },
    {
      "type": "Feature",
      "geometry": {
        "type": "LineString",
        "coordinates": [
          [
            77.638158,
            12.915747
          ],
          [
            77.63815,
            12.915544
          ]
        ]
      },
      "properties": {
        "id": "DE-00580",
        "from_node": "DN-00789",
        "to_node": "DN-00460",
        "length_m": 22.59,
        "diameter_m": 0.8,
        "slope": 0.0031,
        "roughness_n": 0.013,
        "capacity_m3s": 0.736,
        "blockage_pct": 0.0,
        "channel_type": "roadside_storm_drain"
      }
    },
    {
      "type": "Feature",
      "geometry": {
        "type": "LineString",
        "coordinates": [
          [
            77.640708,
            12.917365
          ],
          [
            77.643023,
            12.920063
          ]
        ]
      },
      "properties": {
        "id": "DE-00581",
        "from_node": "DN-00877",
        "to_node": "DN-00878",
        "length_m": 391.89,
        "diameter_m": 0.8,
        "slope": 0.0174,
        "roughness_n": 0.013,
        "capacity_m3s": 1.744,
        "blockage_pct": 0.0,
        "channel_type": "roadside_storm_drain"
      }
    },
    {
      "type": "Feature",
      "geometry": {
        "type": "LineString",
        "coordinates": [
          [
            77.624292,
            12.917454
          ],
          [
            77.623687,
            12.917285
          ]
        ]
      },
      "properties": {
        "id": "DE-00582",
        "from_node": "DN-00499",
        "to_node": "DN-00879",
        "length_m": 70.63,
        "diameter_m": 0.8,
        "slope": 0.0038,
        "roughness_n": 0.013,
        "capacity_m3s": 0.815,
        "blockage_pct": 0.0,
        "channel_type": "roadside_storm_drain"
      }
    },
    {
      "type": "Feature",
      "geometry": {
        "type": "LineString",
        "coordinates": [
          [
            77.62092,
            12.927597
          ],
          [
            77.620955,
            12.927686
          ]
        ]
      },
      "properties": {
        "id": "DE-00583",
        "from_node": "DN-00314",
        "to_node": "DN-00485",
        "length_m": 10.6,
        "diameter_m": 0.8,
        "slope": 0.001,
        "roughness_n": 0.013,
        "capacity_m3s": 0.418,
        "blockage_pct": 0.0,
        "channel_type": "roadside_storm_drain"
      }
    },
    {
      "type": "Feature",
      "geometry": {
        "type": "LineString",
        "coordinates": [
          [
            77.621061,
            12.927637
          ],
          [
            77.621032,
            12.927561
          ]
        ]
      },
      "properties": {
        "id": "DE-00584",
        "from_node": "DN-00706",
        "to_node": "DN-00334",
        "length_m": 9.02,
        "diameter_m": 0.8,
        "slope": 0.0277,
        "roughness_n": 0.013,
        "capacity_m3s": 2.201,
        "blockage_pct": 0.0,
        "channel_type": "roadside_storm_drain"
      }
    },
    {
      "type": "Feature",
      "geometry": {
        "type": "LineString",
        "coordinates": [
          [
            77.621061,
            12.927637
          ],
          [
            77.622135,
            12.930241
          ]
        ]
      },
      "properties": {
        "id": "DE-00585",
        "from_node": "DN-00706",
        "to_node": "DN-00210",
        "length_m": 312.09,
        "diameter_m": 0.8,
        "slope": 0.0112,
        "roughness_n": 0.013,
        "capacity_m3s": 1.399,
        "blockage_pct": 0.0,
        "channel_type": "roadside_storm_drain"
      }
    },
    {
      "type": "Feature",
      "geometry": {
        "type": "LineString",
        "coordinates": [
          [
            77.673831,
            12.916093
          ],
          [
            77.676827,
            12.914248
          ]
        ]
      },
      "properties": {
        "id": "DE-00586",
        "from_node": "DN-00864",
        "to_node": "DN-00880",
        "length_m": 392.19,
        "diameter_m": 0.8,
        "slope": 0.0111,
        "roughness_n": 0.013,
        "capacity_m3s": 1.393,
        "blockage_pct": 0.0,
        "channel_type": "roadside_storm_drain"
      }
    },
    {
      "type": "Feature",
      "geometry": {
        "type": "LineString",
        "coordinates": [
          [
            77.610104,
            12.913994
          ],
          [
            77.610102,
            12.913953
          ]
        ]
      },
      "properties": {
        "id": "DE-00587",
        "from_node": "DN-00185",
        "to_node": "DN-00185",
        "length_m": 5.0,
        "diameter_m": 0.8,
        "slope": 0.001,
        "roughness_n": 0.013,
        "capacity_m3s": 0.418,
        "blockage_pct": 0.0,
        "channel_type": "roadside_storm_drain"
      }
    },
    {
      "type": "Feature",
      "geometry": {
        "type": "LineString",
        "coordinates": [
          [
            77.632617,
            12.9387
          ],
          [
            77.632689,
            12.938572
          ]
        ]
      },
      "properties": {
        "id": "DE-00588",
        "from_node": "DN-00690",
        "to_node": "DN-00689",
        "length_m": 16.23,
        "diameter_m": 0.8,
        "slope": 0.001,
        "roughness_n": 0.013,
        "capacity_m3s": 0.418,
        "blockage_pct": 0.0,
        "channel_type": "roadside_storm_drain"
      }
    },
    {
      "type": "Feature",
      "geometry": {
        "type": "LineString",
        "coordinates": [
          [
            77.649409,
            12.947271
          ],
          [
            77.649435,
            12.947375
          ]
        ]
      },
      "properties": {
        "id": "DE-00589",
        "from_node": "DN-00102",
        "to_node": "DN-00103",
        "length_m": 11.9,
        "diameter_m": 0.8,
        "slope": 0.1034,
        "roughness_n": 0.013,
        "capacity_m3s": 4.252,
        "blockage_pct": 0.0,
        "channel_type": "roadside_storm_drain"
      }
    },
    {
      "type": "Feature",
      "geometry": {
        "type": "LineString",
        "coordinates": [
          [
            77.622738,
            12.942481
          ],
          [
            77.62278,
            12.942525
          ]
        ]
      },
      "properties": {
        "id": "DE-00590",
        "from_node": "DN-00182",
        "to_node": "DN-00881",
        "length_m": 6.68,
        "diameter_m": 0.8,
        "slope": 0.0479,
        "roughness_n": 0.013,
        "capacity_m3s": 2.894,
        "blockage_pct": 0.0,
        "channel_type": "roadside_storm_drain"
      }
    },
    {
      "type": "Feature",
      "geometry": {
        "type": "LineString",
        "coordinates": [
          [
            77.62667,
            12.937673
          ],
          [
            77.625485,
            12.939819
          ]
        ]
      },
      "properties": {
        "id": "DE-00591",
        "from_node": "DN-00882",
        "to_node": "DN-00883",
        "length_m": 272.51,
        "diameter_m": 0.8,
        "slope": 0.0152,
        "roughness_n": 0.013,
        "capacity_m3s": 1.63,
        "blockage_pct": 0.0,
        "channel_type": "roadside_storm_drain"
      }
    },
    {
      "type": "Feature",
      "geometry": {
        "type": "LineString",
        "coordinates": [
          [
            77.68137,
            12.928484
          ],
          [
            77.68142,
            12.928509
          ]
        ]
      },
      "properties": {
        "id": "DE-00592",
        "from_node": "DN-00884",
        "to_node": "DN-00885",
        "length_m": 6.09,
        "diameter_m": 0.8,
        "slope": 0.001,
        "roughness_n": 0.013,
        "capacity_m3s": 0.418,
        "blockage_pct": 0.0,
        "channel_type": "roadside_storm_drain"
      }
    },
    {
      "type": "Feature",
      "geometry": {
        "type": "LineString",
        "coordinates": [
          [
            77.684292,
            12.929863
          ],
          [
            77.68142,
            12.928509
          ]
        ]
      },
      "properties": {
        "id": "DE-00593",
        "from_node": "DN-00886",
        "to_node": "DN-00887",
        "length_m": 345.81,
        "diameter_m": 0.8,
        "slope": 0.0151,
        "roughness_n": 0.013,
        "capacity_m3s": 1.625,
        "blockage_pct": 0.0,
        "channel_type": "roadside_storm_drain"
      }
    },
    {
      "type": "Feature",
      "geometry": {
        "type": "LineString",
        "coordinates": [
          [
            77.61406,
            12.931108
          ],
          [
            77.61503,
            12.929576
          ]
        ]
      },
      "properties": {
        "id": "DE-00594",
        "from_node": "DN-00699",
        "to_node": "DN-00123",
        "length_m": 200.33,
        "diameter_m": 0.8,
        "slope": 0.0058,
        "roughness_n": 0.013,
        "capacity_m3s": 1.007,
        "blockage_pct": 0.0,
        "channel_type": "roadside_storm_drain"
      }
    },
    {
      "type": "Feature",
      "geometry": {
        "type": "LineString",
        "coordinates": [
          [
            77.61503,
            12.929576
          ],
          [
            77.61513,
            12.929621
          ]
        ]
      },
      "properties": {
        "id": "DE-00595",
        "from_node": "DN-00123",
        "to_node": "DN-00545",
        "length_m": 11.94,
        "diameter_m": 0.8,
        "slope": 0.001,
        "roughness_n": 0.013,
        "capacity_m3s": 0.418,
        "blockage_pct": 0.0,
        "channel_type": "roadside_storm_drain"
      }
    },
    {
      "type": "Feature",
      "geometry": {
        "type": "LineString",
        "coordinates": [
          [
            77.608297,
            12.913827
          ],
          [
            77.609294,
            12.913911
          ]
        ]
      },
      "properties": {
        "id": "DE-00596",
        "from_node": "DN-00888",
        "to_node": "DN-00889",
        "length_m": 108.47,
        "diameter_m": 0.8,
        "slope": 0.0095,
        "roughness_n": 0.013,
        "capacity_m3s": 1.289,
        "blockage_pct": 0.0,
        "channel_type": "roadside_storm_drain"
      }
    },
    {
      "type": "Feature",
      "geometry": {
        "type": "LineString",
        "coordinates": [
          [
            77.608826,
            12.925075
          ],
          [
            77.608889,
            12.925029
          ]
        ]
      },
      "properties": {
        "id": "DE-00597",
        "from_node": "DN-00129",
        "to_node": "DN-00643",
        "length_m": 8.53,
        "diameter_m": 0.8,
        "slope": 0.001,
        "roughness_n": 0.013,
        "capacity_m3s": 0.418,
        "blockage_pct": 0.0,
        "channel_type": "roadside_storm_drain"
      }
    },
    {
      "type": "Feature",
      "geometry": {
        "type": "LineString",
        "coordinates": [
          [
            77.674004,
            12.924508
          ],
          [
            77.675391,
            12.925228
          ]
        ]
      },
      "properties": {
        "id": "DE-00598",
        "from_node": "DN-00890",
        "to_node": "DN-00620",
        "length_m": 170.56,
        "diameter_m": 0.8,
        "slope": 0.0106,
        "roughness_n": 0.013,
        "capacity_m3s": 1.361,
        "blockage_pct": 0.0,
        "channel_type": "roadside_storm_drain"
      }
    },
    {
      "type": "Feature",
      "geometry": {
        "type": "LineString",
        "coordinates": [
          [
            77.672599,
            12.923925
          ],
          [
            77.672341,
            12.923823
          ]
        ]
      },
      "properties": {
        "id": "DE-00599",
        "from_node": "DN-00891",
        "to_node": "DN-00892",
        "length_m": 30.18,
        "diameter_m": 0.8,
        "slope": 0.001,
        "roughness_n": 0.013,
        "capacity_m3s": 0.418,
        "blockage_pct": 0.0,
        "channel_type": "roadside_storm_drain"
      }
    },
    {
      "type": "Feature",
      "geometry": {
        "type": "LineString",
        "coordinates": [
          [
            77.615224,
            12.916505
          ],
          [
            77.615243,
            12.916455
          ]
        ]
      },
      "properties": {
        "id": "DE-00600",
        "from_node": "DN-00676",
        "to_node": "DN-00676",
        "length_m": 5.93,
        "diameter_m": 0.8,
        "slope": 0.001,
        "roughness_n": 0.013,
        "capacity_m3s": 0.418,
        "blockage_pct": 0.0,
        "channel_type": "roadside_storm_drain"
      }
    },
    {
      "type": "Feature",
      "geometry": {
        "type": "LineString",
        "coordinates": [
          [
            77.615168,
            12.935851
          ],
          [
            77.615274,
            12.935906
          ]
        ]
      },
      "properties": {
        "id": "DE-00601",
        "from_node": "DN-00893",
        "to_node": "DN-00559",
        "length_m": 13.01,
        "diameter_m": 0.8,
        "slope": 0.001,
        "roughness_n": 0.013,
        "capacity_m3s": 0.418,
        "blockage_pct": 0.0,
        "channel_type": "roadside_storm_drain"
      }
    },
    {
      "type": "Feature",
      "geometry": {
        "type": "LineString",
        "coordinates": [
          [
            77.60721,
            12.943992
          ],
          [
            77.607491,
            12.944
          ]
        ]
      },
      "properties": {
        "id": "DE-00602",
        "from_node": "DN-00894",
        "to_node": "DN-00380",
        "length_m": 30.48,
        "diameter_m": 0.8,
        "slope": 0.0085,
        "roughness_n": 0.013,
        "capacity_m3s": 1.219,
        "blockage_pct": 0.0,
        "channel_type": "roadside_storm_drain"
      }
    },
    {
      "type": "Feature",
      "geometry": {
        "type": "LineString",
        "coordinates": [
          [
            77.622732,
            12.942569
          ],
          [
            77.62278,
            12.942525
          ]
        ]
      },
      "properties": {
        "id": "DE-00603",
        "from_node": "DN-00555",
        "to_node": "DN-00182",
        "length_m": 7.14,
        "diameter_m": 0.8,
        "slope": 0.0448,
        "roughness_n": 0.013,
        "capacity_m3s": 2.799,
        "blockage_pct": 0.0,
        "channel_type": "roadside_storm_drain"
      }
    },
    {
      "type": "Feature",
      "geometry": {
        "type": "LineString",
        "coordinates": [
          [
            77.648999,
            12.915773
          ],
          [
            77.648993,
            12.914428
          ]
        ]
      },
      "properties": {
        "id": "DE-00604",
        "from_node": "DN-00442",
        "to_node": "DN-00142",
        "length_m": 149.56,
        "diameter_m": 0.8,
        "slope": 0.0074,
        "roughness_n": 0.013,
        "capacity_m3s": 1.138,
        "blockage_pct": 0.0,
        "channel_type": "roadside_storm_drain"
      }
    },
    {
      "type": "Feature",
      "geometry": {
        "type": "LineString",
        "coordinates": [
          [
            77.635397,
            12.916092
          ],
          [
            77.638061,
            12.915776
          ]
        ]
      },
      "properties": {
        "id": "DE-00605",
        "from_node": "DN-00353",
        "to_node": "DN-00790",
        "length_m": 291.2,
        "diameter_m": 0.8,
        "slope": 0.0044,
        "roughness_n": 0.013,
        "capacity_m3s": 0.877,
        "blockage_pct": 0.0,
        "channel_type": "roadside_storm_drain"
      }
    },
    {
      "type": "Feature",
      "geometry": {
        "type": "LineString",
        "coordinates": [
          [
            77.632367,
            12.916483
          ],
          [
            77.635401,
            12.91616
          ]
        ]
      },
      "properties": {
        "id": "DE-00606",
        "from_node": "DN-00359",
        "to_node": "DN-00628",
        "length_m": 330.82,
        "diameter_m": 0.8,
        "slope": 0.0083,
        "roughness_n": 0.013,
        "capacity_m3s": 1.205,
        "blockage_pct": 0.0,
        "channel_type": "roadside_storm_drain"
      }
    },
    {
      "type": "Feature",
      "geometry": {
        "type": "LineString",
        "coordinates": [
          [
            77.60589,
            12.913614
          ],
          [
            77.607036,
            12.913691
          ]
        ]
      },
      "properties": {
        "id": "DE-00607",
        "from_node": "DN-00895",
        "to_node": "DN-00896",
        "length_m": 124.66,
        "diameter_m": 0.8,
        "slope": 0.0054,
        "roughness_n": 0.013,
        "capacity_m3s": 0.972,
        "blockage_pct": 0.0,
        "channel_type": "roadside_storm_drain"
      }
    },
    {
      "type": "Feature",
      "geometry": {
        "type": "LineString",
        "coordinates": [
          [
            77.616304,
            12.91941
          ],
          [
            77.617107,
            12.919367
          ]
        ]
      },
      "properties": {
        "id": "DE-00608",
        "from_node": "DN-00170",
        "to_node": "DN-00507",
        "length_m": 87.16,
        "diameter_m": 0.8,
        "slope": 0.017,
        "roughness_n": 0.013,
        "capacity_m3s": 1.724,
        "blockage_pct": 0.0,
        "channel_type": "roadside_storm_drain"
      }
    },
    {
      "type": "Feature",
      "geometry": {
        "type": "LineString",
        "coordinates": [
          [
            77.653013,
            12.923848
          ],
          [
            77.651753,
            12.924097
          ]
        ]
      },
      "properties": {
        "id": "DE-00609",
        "from_node": "DN-00584",
        "to_node": "DN-00757",
        "length_m": 139.34,
        "diameter_m": 0.8,
        "slope": 0.0198,
        "roughness_n": 0.013,
        "capacity_m3s": 1.861,
        "blockage_pct": 0.0,
        "channel_type": "roadside_storm_drain"
      }
    },
    {
      "type": "Feature",
      "geometry": {
        "type": "LineString",
        "coordinates": [
          [
            77.621486,
            12.919277
          ],
          [
            77.621936,
            12.918664
          ]
        ]
      },
      "properties": {
        "id": "DE-00610",
        "from_node": "DN-00242",
        "to_node": "DN-00897",
        "length_m": 83.81,
        "diameter_m": 0.8,
        "slope": 0.0149,
        "roughness_n": 0.013,
        "capacity_m3s": 1.614,
        "blockage_pct": 0.0,
        "channel_type": "roadside_storm_drain"
      }
    },
    {
      "type": "Feature",
      "geometry": {
        "type": "LineString",
        "coordinates": [
          [
            77.638023,
            12.907269
          ],
          [
            77.63802,
            12.907714
          ]
        ]
      },
      "properties": {
        "id": "DE-00611",
        "from_node": "DN-00514",
        "to_node": "DN-00515",
        "length_m": 51.11,
        "diameter_m": 0.8,
        "slope": 0.0067,
        "roughness_n": 0.013,
        "capacity_m3s": 1.082,
        "blockage_pct": 0.0,
        "channel_type": "roadside_storm_drain"
      }
    },
    {
      "type": "Feature",
      "geometry": {
        "type": "LineString",
        "coordinates": [
          [
            77.638031,
            12.908525
          ],
          [
            77.638033,
            12.908743
          ]
        ]
      },
      "properties": {
        "id": "DE-00612",
        "from_node": "DN-00898",
        "to_node": "DN-00899",
        "length_m": 24.24,
        "diameter_m": 0.8,
        "slope": 0.001,
        "roughness_n": 0.013,
        "capacity_m3s": 0.418,
        "blockage_pct": 0.0,
        "channel_type": "roadside_storm_drain"
      }
    },
    {
      "type": "Feature",
      "geometry": {
        "type": "LineString",
        "coordinates": [
          [
            77.651624,
            12.920011
          ],
          [
            77.651524,
            12.922679
          ]
        ]
      },
      "properties": {
        "id": "DE-00613",
        "from_node": "DN-00900",
        "to_node": "DN-00901",
        "length_m": 296.87,
        "diameter_m": 0.8,
        "slope": 0.0192,
        "roughness_n": 0.013,
        "capacity_m3s": 1.832,
        "blockage_pct": 0.0,
        "channel_type": "roadside_storm_drain"
      }
    },
    {
      "type": "Feature",
      "geometry": {
        "type": "LineString",
        "coordinates": [
          [
            77.651791,
            12.915851
          ],
          [
            77.651737,
            12.916206
          ]
        ]
      },
      "properties": {
        "id": "DE-00614",
        "from_node": "DN-00821",
        "to_node": "DN-00902",
        "length_m": 41.0,
        "diameter_m": 0.8,
        "slope": 0.009,
        "roughness_n": 0.013,
        "capacity_m3s": 1.254,
        "blockage_pct": 0.0,
        "channel_type": "roadside_storm_drain"
      }
    },
    {
      "type": "Feature",
      "geometry": {
        "type": "LineString",
        "coordinates": [
          [
            77.651655,
            12.918923
          ],
          [
            77.651642,
            12.919374
          ]
        ]
      },
      "properties": {
        "id": "DE-00615",
        "from_node": "DN-00903",
        "to_node": "DN-00146",
        "length_m": 50.17,
        "diameter_m": 0.8,
        "slope": 0.0106,
        "roughness_n": 0.013,
        "capacity_m3s": 1.361,
        "blockage_pct": 0.0,
        "channel_type": "roadside_storm_drain"
      }
    },
    {
      "type": "Feature",
      "geometry": {
        "type": "LineString",
        "coordinates": [
          [
            77.673456,
            12.916748
          ],
          [
            77.676804,
            12.914143
          ]
        ]
      },
      "properties": {
        "id": "DE-00616",
        "from_node": "DN-00904",
        "to_node": "DN-00055",
        "length_m": 486.13,
        "diameter_m": 0.8,
        "slope": 0.0122,
        "roughness_n": 0.013,
        "capacity_m3s": 1.461,
        "blockage_pct": 0.0,
        "channel_type": "roadside_storm_drain"
      }
    },
    {
      "type": "Feature",
      "geometry": {
        "type": "LineString",
        "coordinates": [
          [
            77.6855,
            12.920245
          ],
          [
            77.685532,
            12.921086
          ]
        ]
      },
      "properties": {
        "id": "DE-00617",
        "from_node": "DN-00905",
        "to_node": "DN-00906",
        "length_m": 93.59,
        "diameter_m": 0.8,
        "slope": 0.0303,
        "roughness_n": 0.013,
        "capacity_m3s": 2.302,
        "blockage_pct": 0.0,
        "channel_type": "roadside_storm_drain"
      }
    },
    {
      "type": "Feature",
      "geometry": {
        "type": "LineString",
        "coordinates": [
          [
            77.685588,
            12.922371
          ],
          [
            77.685532,
            12.921086
          ]
        ]
      },
      "properties": {
        "id": "DE-00618",
        "from_node": "DN-00907",
        "to_node": "DN-00908",
        "length_m": 143.2,
        "diameter_m": 0.8,
        "slope": 0.0064,
        "roughness_n": 0.013,
        "capacity_m3s": 1.058,
        "blockage_pct": 0.0,
        "channel_type": "roadside_storm_drain"
      }
    },
    {
      "type": "Feature",
      "geometry": {
        "type": "LineString",
        "coordinates": [
          [
            77.646817,
            12.908935
          ],
          [
            77.646905,
            12.908929
          ]
        ]
      },
      "properties": {
        "id": "DE-00619",
        "from_node": "DN-00909",
        "to_node": "DN-00910",
        "length_m": 9.56,
        "diameter_m": 0.8,
        "slope": 0.001,
        "roughness_n": 0.013,
        "capacity_m3s": 0.418,
        "blockage_pct": 0.0,
        "channel_type": "roadside_storm_drain"
      }
    },
    {
      "type": "Feature",
      "geometry": {
        "type": "LineString",
        "coordinates": [
          [
            77.647245,
            12.908902
          ],
          [
            77.646905,
            12.908929
          ]
        ]
      },
      "properties": {
        "id": "DE-00620",
        "from_node": "DN-00911",
        "to_node": "DN-00912",
        "length_m": 36.97,
        "diameter_m": 0.8,
        "slope": 0.0111,
        "roughness_n": 0.013,
        "capacity_m3s": 1.393,
        "blockage_pct": 0.0,
        "channel_type": "roadside_storm_drain"
      }
    },
    {
      "type": "Feature",
      "geometry": {
        "type": "LineString",
        "coordinates": [
          [
            77.647618,
            12.908872
          ],
          [
            77.647245,
            12.908902
          ]
        ]
      },
      "properties": {
        "id": "DE-00621",
        "from_node": "DN-00913",
        "to_node": "DN-00914",
        "length_m": 40.56,
        "diameter_m": 0.8,
        "slope": 0.0099,
        "roughness_n": 0.013,
        "capacity_m3s": 1.316,
        "blockage_pct": 0.0,
        "channel_type": "roadside_storm_drain"
      }
    },
    {
      "type": "Feature",
      "geometry": {
        "type": "LineString",
        "coordinates": [
          [
            77.64882,
            12.908776
          ],
          [
            77.647618,
            12.908872
          ]
        ]
      },
      "properties": {
        "id": "DE-00622",
        "from_node": "DN-00915",
        "to_node": "DN-00916",
        "length_m": 130.71,
        "diameter_m": 0.8,
        "slope": 0.0113,
        "roughness_n": 0.013,
        "capacity_m3s": 1.406,
        "blockage_pct": 0.0,
        "channel_type": "roadside_storm_drain"
      }
    },
    {
      "type": "Feature",
      "geometry": {
        "type": "LineString",
        "coordinates": [
          [
            77.649349,
            12.908735
          ],
          [
            77.64882,
            12.908776
          ]
        ]
      },
      "properties": {
        "id": "DE-00623",
        "from_node": "DN-00062",
        "to_node": "DN-00917",
        "length_m": 57.52,
        "diameter_m": 0.8,
        "slope": 0.0073,
        "roughness_n": 0.013,
        "capacity_m3s": 1.13,
        "blockage_pct": 0.0,
        "channel_type": "roadside_storm_drain"
      }
    },
    {
      "type": "Feature",
      "geometry": {
        "type": "LineString",
        "coordinates": [
          [
            77.65067,
            12.90863
          ],
          [
            77.649349,
            12.908735
          ]
        ]
      },
      "properties": {
        "id": "DE-00624",
        "from_node": "DN-00061",
        "to_node": "DN-00062",
        "length_m": 143.65,
        "diameter_m": 0.8,
        "slope": 0.0116,
        "roughness_n": 0.013,
        "capacity_m3s": 1.424,
        "blockage_pct": 0.0,
        "channel_type": "roadside_storm_drain"
      }
    },
    {
      "type": "Feature",
      "geometry": {
        "type": "LineString",
        "coordinates": [
          [
            77.649349,
            12.908735
          ],
          [
            77.649286,
            12.908394
          ]
        ]
      },
      "properties": {
        "id": "DE-00625",
        "from_node": "DN-00062",
        "to_node": "DN-00918",
        "length_m": 38.53,
        "diameter_m": 0.8,
        "slope": 0.0029,
        "roughness_n": 0.013,
        "capacity_m3s": 0.712,
        "blockage_pct": 0.0,
        "channel_type": "roadside_storm_drain"
      }
    },
    {
      "type": "Feature",
      "geometry": {
        "type": "LineString",
        "coordinates": [
          [
            77.649303,
            12.909244
          ],
          [
            77.649273,
            12.909569
          ]
        ]
      },
      "properties": {
        "id": "DE-00626",
        "from_node": "DN-00919",
        "to_node": "DN-00920",
        "length_m": 36.28,
        "diameter_m": 0.8,
        "slope": 0.011,
        "roughness_n": 0.013,
        "capacity_m3s": 1.387,
        "blockage_pct": 0.0,
        "channel_type": "roadside_storm_drain"
      }
    },
    {
      "type": "Feature",
      "geometry": {
        "type": "LineString",
        "coordinates": [
          [
            77.649273,
            12.909569
          ],
          [
            77.64925,
            12.909868
          ]
        ]
      },
      "properties": {
        "id": "DE-00627",
        "from_node": "DN-00921",
        "to_node": "DN-00922",
        "length_m": 33.34,
        "diameter_m": 0.8,
        "slope": 0.03,
        "roughness_n": 0.013,
        "capacity_m3s": 2.29,
        "blockage_pct": 0.0,
        "channel_type": "roadside_storm_drain"
      }
    },
    {
      "type": "Feature",
      "geometry": {
        "type": "LineString",
        "coordinates": [
          [
            77.64925,
            12.909868
          ],
          [
            77.649229,
            12.910138
          ]
        ]
      },
      "properties": {
        "id": "DE-00628",
        "from_node": "DN-00923",
        "to_node": "DN-00924",
        "length_m": 30.11,
        "diameter_m": 0.8,
        "slope": 0.0332,
        "roughness_n": 0.013,
        "capacity_m3s": 2.409,
        "blockage_pct": 0.0,
        "channel_type": "roadside_storm_drain"
      }
    },
    {
      "type": "Feature",
      "geometry": {
        "type": "LineString",
        "coordinates": [
          [
            77.649229,
            12.910138
          ],
          [
            77.649214,
            12.910339
          ]
        ]
      },
      "properties": {
        "id": "DE-00629",
        "from_node": "DN-00925",
        "to_node": "DN-00926",
        "length_m": 22.41,
        "diameter_m": 0.8,
        "slope": 0.001,
        "roughness_n": 0.013,
        "capacity_m3s": 0.418,
        "blockage_pct": 0.0,
        "channel_type": "roadside_storm_drain"
      }
    },
    {
      "type": "Feature",
      "geometry": {
        "type": "LineString",
        "coordinates": [
          [
            77.649214,
            12.910339
          ],
          [
            77.649201,
            12.910443
          ]
        ]
      },
      "properties": {
        "id": "DE-00630",
        "from_node": "DN-00927",
        "to_node": "DN-00928",
        "length_m": 11.65,
        "diameter_m": 0.8,
        "slope": 0.001,
        "roughness_n": 0.013,
        "capacity_m3s": 0.418,
        "blockage_pct": 0.0,
        "channel_type": "roadside_storm_drain"
      }
    },
    {
      "type": "Feature",
      "geometry": {
        "type": "LineString",
        "coordinates": [
          [
            77.649201,
            12.910443
          ],
          [
            77.649166,
            12.910756
          ]
        ]
      },
      "properties": {
        "id": "DE-00631",
        "from_node": "DN-00929",
        "to_node": "DN-00930",
        "length_m": 35.01,
        "diameter_m": 0.8,
        "slope": 0.0283,
        "roughness_n": 0.013,
        "capacity_m3s": 2.225,
        "blockage_pct": 0.0,
        "channel_type": "roadside_storm_drain"
      }
    },
    {
      "type": "Feature",
      "geometry": {
        "type": "LineString",
        "coordinates": [
          [
            77.649166,
            12.910756
          ],
          [
            77.649151,
            12.910993
          ]
        ]
      },
      "properties": {
        "id": "DE-00632",
        "from_node": "DN-00931",
        "to_node": "DN-00932",
        "length_m": 26.4,
        "diameter_m": 0.8,
        "slope": 0.0379,
        "roughness_n": 0.013,
        "capacity_m3s": 2.574,
        "blockage_pct": 0.0,
        "channel_type": "roadside_storm_drain"
      }
    },
    {
      "type": "Feature",
      "geometry": {
        "type": "LineString",
        "coordinates": [
          [
            77.649151,
            12.910993
          ],
          [
            77.649126,
            12.911305
          ]
        ]
      },
      "properties": {
        "id": "DE-00633",
        "from_node": "DN-00933",
        "to_node": "DN-00934",
        "length_m": 34.8,
        "diameter_m": 0.8,
        "slope": 0.0284,
        "roughness_n": 0.013,
        "capacity_m3s": 2.228,
        "blockage_pct": 0.0,
        "channel_type": "roadside_storm_drain"
      }
    },
    {
      "type": "Feature",
      "geometry": {
        "type": "LineString",
        "coordinates": [
          [
            77.649126,
            12.911305
          ],
          [
            77.64905,
            12.911864
          ]
        ]
      },
      "properties": {
        "id": "DE-00634",
        "from_node": "DN-00935",
        "to_node": "DN-00453",
        "length_m": 62.7,
        "diameter_m": 0.8,
        "slope": 0.0362,
        "roughness_n": 0.013,
        "capacity_m3s": 2.516,
        "blockage_pct": 0.0,
        "channel_type": "roadside_storm_drain"
      }
    },
    {
      "type": "Feature",
      "geometry": {
        "type": "LineString",
        "coordinates": [
          [
            77.64905,
            12.911864
          ],
          [
            77.649043,
            12.911912
          ]
        ]
      },
      "properties": {
        "id": "DE-00635",
        "from_node": "DN-00453",
        "to_node": "DN-00453",
        "length_m": 5.39,
        "diameter_m": 0.8,
        "slope": 0.001,
        "roughness_n": 0.013,
        "capacity_m3s": 0.418,
        "blockage_pct": 0.0,
        "channel_type": "roadside_storm_drain"
      }
    },
    {
      "type": "Feature",
      "geometry": {
        "type": "LineString",
        "coordinates": [
          [
            77.648995,
            12.912489
          ],
          [
            77.648981,
            12.913239
          ]
        ]
      },
      "properties": {
        "id": "DE-00636",
        "from_node": "DN-00936",
        "to_node": "DN-00145",
        "length_m": 83.41,
        "diameter_m": 0.8,
        "slope": 0.0235,
        "roughness_n": 0.013,
        "capacity_m3s": 2.027,
        "blockage_pct": 0.0,
        "channel_type": "roadside_storm_drain"
      }
    },
    {
      "type": "Feature",
      "geometry": {
        "type": "LineString",
        "coordinates": [
          [
            77.649043,
            12.911912
          ],
          [
            77.648995,
            12.912489
          ]
        ]
      },
      "properties": {
        "id": "DE-00637",
        "from_node": "DN-00453",
        "to_node": "DN-00937",
        "length_m": 64.38,
        "diameter_m": 0.8,
        "slope": 0.0306,
        "roughness_n": 0.013,
        "capacity_m3s": 2.313,
        "blockage_pct": 0.0,
        "channel_type": "roadside_storm_drain"
      }
    },
    {
      "type": "Feature",
      "geometry": {
        "type": "LineString",
        "coordinates": [
          [
            77.649286,
            12.908394
          ],
          [
            77.649145,
            12.907673
          ]
        ]
      },
      "properties": {
        "id": "DE-00638",
        "from_node": "DN-00918",
        "to_node": "DN-00938",
        "length_m": 81.62,
        "diameter_m": 0.8,
        "slope": 0.0026,
        "roughness_n": 0.013,
        "capacity_m3s": 0.674,
        "blockage_pct": 0.0,
        "channel_type": "roadside_storm_drain"
      }
    },
    {
      "type": "Feature",
      "geometry": {
        "type": "LineString",
        "coordinates": [
          [
            77.649145,
            12.907673
          ],
          [
            77.649117,
            12.907469
          ]
        ]
      },
      "properties": {
        "id": "DE-00639",
        "from_node": "DN-00939",
        "to_node": "DN-00940",
        "length_m": 22.89,
        "diameter_m": 0.8,
        "slope": 0.0048,
        "roughness_n": 0.013,
        "capacity_m3s": 0.916,
        "blockage_pct": 0.0,
        "channel_type": "roadside_storm_drain"
      }
    },
    {
      "type": "Feature",
      "geometry": {
        "type": "LineString",
        "coordinates": [
          [
            77.649117,
            12.907469
          ],
          [
            77.649072,
            12.90709
          ]
        ]
      },
      "properties": {
        "id": "DE-00640",
        "from_node": "DN-00941",
        "to_node": "DN-00942",
        "length_m": 42.42,
        "diameter_m": 0.8,
        "slope": 0.0141,
        "roughness_n": 0.013,
        "capacity_m3s": 1.57,
        "blockage_pct": 0.0,
        "channel_type": "roadside_storm_drain"
      }
    },
    {
      "type": "Feature",
      "geometry": {
        "type": "LineString",
        "coordinates": [
          [
            77.649072,
            12.90709
          ],
          [
            77.649051,
            12.906666
          ]
        ]
      },
      "properties": {
        "id": "DE-00641",
        "from_node": "DN-00943",
        "to_node": "DN-00944",
        "length_m": 47.2,
        "diameter_m": 0.8,
        "slope": 0.0025,
        "roughness_n": 0.013,
        "capacity_m3s": 0.661,
        "blockage_pct": 0.0,
        "channel_type": "roadside_storm_drain"
      }
    },
    {
      "type": "Feature",
      "geometry": {
        "type": "LineString",
        "coordinates": [
          [
            77.649051,
            12.906666
          ],
          [
            77.649042,
            12.906487
          ]
        ]
      },
      "properties": {
        "id": "DE-00642",
        "from_node": "DN-00945",
        "to_node": "DN-00946",
        "length_m": 19.93,
        "diameter_m": 0.8,
        "slope": 0.006,
        "roughness_n": 0.013,
        "capacity_m3s": 1.024,
        "blockage_pct": 0.0,
        "channel_type": "roadside_storm_drain"
      }
    },
    {
      "type": "Feature",
      "geometry": {
        "type": "LineString",
        "coordinates": [
          [
            77.649042,
            12.906487
          ],
          [
            77.649028,
            12.906171
          ]
        ]
      },
      "properties": {
        "id": "DE-00643",
        "from_node": "DN-00947",
        "to_node": "DN-00948",
        "length_m": 35.17,
        "diameter_m": 0.8,
        "slope": 0.001,
        "roughness_n": 0.013,
        "capacity_m3s": 0.418,
        "blockage_pct": 0.0,
        "channel_type": "roadside_storm_drain"
      }
    },
    {
      "type": "Feature",
      "geometry": {
        "type": "LineString",
        "coordinates": [
          [
            77.649028,
            12.906171
          ],
          [
            77.649002,
            12.905715
          ]
        ]
      },
      "properties": {
        "id": "DE-00644",
        "from_node": "DN-00949",
        "to_node": "DN-00950",
        "length_m": 50.78,
        "diameter_m": 0.8,
        "slope": 0.0049,
        "roughness_n": 0.013,
        "capacity_m3s": 0.926,
        "blockage_pct": 0.0,
        "channel_type": "roadside_storm_drain"
      }
    },
    {
      "type": "Feature",
      "geometry": {
        "type": "LineString",
        "coordinates": [
          [
            77.648971,
            12.905319
          ],
          [
            77.649002,
            12.905715
          ]
        ]
      },
      "properties": {
        "id": "DE-00645",
        "from_node": "DN-00951",
        "to_node": "DN-00952",
        "length_m": 44.16,
        "diameter_m": 0.8,
        "slope": 0.0016,
        "roughness_n": 0.013,
        "capacity_m3s": 0.529,
        "blockage_pct": 0.0,
        "channel_type": "roadside_storm_drain"
      }
    },
    {
      "type": "Feature",
      "geometry": {
        "type": "LineString",
        "coordinates": [
          [
            77.648955,
            12.905143
          ],
          [
            77.648971,
            12.905319
          ]
        ]
      },
      "properties": {
        "id": "DE-00646",
        "from_node": "DN-00953",
        "to_node": "DN-00954",
        "length_m": 19.65,
        "diameter_m": 0.8,
        "slope": 0.0066,
        "roughness_n": 0.013,
        "capacity_m3s": 1.074,
        "blockage_pct": 0.0,
        "channel_type": "roadside_storm_drain"
      }
    },
    {
      "type": "Feature",
      "geometry": {
        "type": "LineString",
        "coordinates": [
          [
            77.648799,
            12.903546
          ],
          [
            77.648955,
            12.905143
          ]
        ]
      },
      "properties": {
        "id": "DE-00647",
        "from_node": "DN-00955",
        "to_node": "DN-00956",
        "length_m": 178.48,
        "diameter_m": 0.8,
        "slope": 0.0027,
        "roughness_n": 0.013,
        "capacity_m3s": 0.687,
        "blockage_pct": 0.0,
        "channel_type": "roadside_storm_drain"
      }
    },
    {
      "type": "Feature",
      "geometry": {
        "type": "LineString",
        "coordinates": [
          [
            77.635083,
            12.907749
          ],
          [
            77.635095,
            12.908084
          ]
        ]
      },
      "properties": {
        "id": "DE-00648",
        "from_node": "DN-00957",
        "to_node": "DN-00958",
        "length_m": 37.27,
        "diameter_m": 0.8,
        "slope": 0.0123,
        "roughness_n": 0.013,
        "capacity_m3s": 1.467,
        "blockage_pct": 0.0,
        "channel_type": "roadside_storm_drain"
      }
    },
    {
      "type": "Feature",
      "geometry": {
        "type": "LineString",
        "coordinates": [
          [
            77.634208,
            12.907025
          ],
          [
            77.635067,
            12.90731
          ]
        ]
      },
      "properties": {
        "id": "DE-00649",
        "from_node": "DN-00959",
        "to_node": "DN-00960",
        "length_m": 98.59,
        "diameter_m": 0.8,
        "slope": 0.001,
        "roughness_n": 0.013,
        "capacity_m3s": 0.418,
        "blockage_pct": 0.0,
        "channel_type": "roadside_storm_drain"
      }
    },
    {
      "type": "Feature",
      "geometry": {
        "type": "LineString",
        "coordinates": [
          [
            77.635083,
            12.907749
          ],
          [
            77.635095,
            12.908084
          ]
        ]
      },
      "properties": {
        "id": "DE-00650",
        "from_node": "DN-00961",
        "to_node": "DN-00958",
        "length_m": 37.27,
        "diameter_m": 0.8,
        "slope": 0.0123,
        "roughness_n": 0.013,
        "capacity_m3s": 1.467,
        "blockage_pct": 0.0,
        "channel_type": "roadside_storm_drain"
      }
    },
    {
      "type": "Feature",
      "geometry": {
        "type": "LineString",
        "coordinates": [
          [
            77.635095,
            12.908084
          ],
          [
            77.635108,
            12.908822
          ]
        ]
      },
      "properties": {
        "id": "DE-00651",
        "from_node": "DN-00958",
        "to_node": "DN-00962",
        "length_m": 82.07,
        "diameter_m": 0.8,
        "slope": 0.0167,
        "roughness_n": 0.013,
        "capacity_m3s": 1.709,
        "blockage_pct": 0.0,
        "channel_type": "roadside_storm_drain"
      }
    },
    {
      "type": "Feature",
      "geometry": {
        "type": "LineString",
        "coordinates": [
          [
            77.635385,
            12.915867
          ],
          [
            77.63526,
            12.913004
          ]
        ]
      },
      "properties": {
        "id": "DE-00652",
        "from_node": "DN-00435",
        "to_node": "DN-00811",
        "length_m": 318.68,
        "diameter_m": 0.8,
        "slope": 0.0044,
        "roughness_n": 0.013,
        "capacity_m3s": 0.877,
        "blockage_pct": 0.0,
        "channel_type": "roadside_storm_drain"
      }
    },
    {
      "type": "Feature",
      "geometry": {
        "type": "LineString",
        "coordinates": [
          [
            77.635385,
            12.915867
          ],
          [
            77.63526,
            12.913004
          ]
        ]
      },
      "properties": {
        "id": "DE-00653",
        "from_node": "DN-00435",
        "to_node": "DN-00811",
        "length_m": 318.68,
        "diameter_m": 0.8,
        "slope": 0.0044,
        "roughness_n": 0.013,
        "capacity_m3s": 0.877,
        "blockage_pct": 0.0,
        "channel_type": "roadside_storm_drain"
      }
    },
    {
      "type": "Feature",
      "geometry": {
        "type": "LineString",
        "coordinates": [
          [
            77.635209,
            12.911797
          ],
          [
            77.635226,
            12.912395
          ]
        ]
      },
      "properties": {
        "id": "DE-00654",
        "from_node": "DN-00963",
        "to_node": "DN-00810",
        "length_m": 66.52,
        "diameter_m": 0.8,
        "slope": 0.0032,
        "roughness_n": 0.013,
        "capacity_m3s": 0.748,
        "blockage_pct": 0.0,
        "channel_type": "roadside_storm_drain"
      }
    },
    {
      "type": "Feature",
      "geometry": {
        "type": "LineString",
        "coordinates": [
          [
            77.635159,
            12.910689
          ],
          [
            77.635209,
            12.911797
          ]
        ]
      },
      "properties": {
        "id": "DE-00655",
        "from_node": "DN-00964",
        "to_node": "DN-00965",
        "length_m": 123.32,
        "diameter_m": 0.8,
        "slope": 0.0069,
        "roughness_n": 0.013,
        "capacity_m3s": 1.098,
        "blockage_pct": 0.0,
        "channel_type": "roadside_storm_drain"
      }
    },
    {
      "type": "Feature",
      "geometry": {
        "type": "LineString",
        "coordinates": [
          [
            77.635136,
            12.910251
          ],
          [
            77.635159,
            12.910689
          ]
        ]
      },
      "properties": {
        "id": "DE-00656",
        "from_node": "DN-00966",
        "to_node": "DN-00967",
        "length_m": 48.77,
        "diameter_m": 0.8,
        "slope": 0.0043,
        "roughness_n": 0.013,
        "capacity_m3s": 0.867,
        "blockage_pct": 0.0,
        "channel_type": "roadside_storm_drain"
      }
    },
    {
      "type": "Feature",
      "geometry": {
        "type": "LineString",
        "coordinates": [
          [
            77.635127,
            12.909868
          ],
          [
            77.635136,
            12.910251
          ]
        ]
      },
      "properties": {
        "id": "DE-00657",
        "from_node": "DN-00968",
        "to_node": "DN-00969",
        "length_m": 42.6,
        "diameter_m": 0.8,
        "slope": 0.0049,
        "roughness_n": 0.013,
        "capacity_m3s": 0.926,
        "blockage_pct": 0.0,
        "channel_type": "roadside_storm_drain"
      }
    },
    {
      "type": "Feature",
      "geometry": {
        "type": "LineString",
        "coordinates": [
          [
            77.635114,
            12.909283
          ],
          [
            77.635127,
            12.909868
          ]
        ]
      },
      "properties": {
        "id": "DE-00658",
        "from_node": "DN-00970",
        "to_node": "DN-00971",
        "length_m": 65.06,
        "diameter_m": 0.8,
        "slope": 0.0086,
        "roughness_n": 0.013,
        "capacity_m3s": 1.226,
        "blockage_pct": 0.0,
        "channel_type": "roadside_storm_drain"
      }
    },
    {
      "type": "Feature",
      "geometry": {
        "type": "LineString",
        "coordinates": [
          [
            77.643178,
            12.919793
          ],
          [
            77.644702,
            12.921574
          ]
        ]
      },
      "properties": {
        "id": "DE-00659",
        "from_node": "DN-00424",
        "to_node": "DN-00972",
        "length_m": 258.05,
        "diameter_m": 0.8,
        "slope": 0.0019,
        "roughness_n": 0.013,
        "capacity_m3s": 0.576,
        "blockage_pct": 0.0,
        "channel_type": "roadside_storm_drain"
      }
    },
    {
      "type": "Feature",
      "geometry": {
        "type": "LineString",
        "coordinates": [
          [
            77.648984,
            12.911911
          ],
          [
            77.649043,
            12.911912
          ]
        ]
      },
      "properties": {
        "id": "DE-00660",
        "from_node": "DN-00456",
        "to_node": "DN-00456",
        "length_m": 6.4,
        "diameter_m": 0.8,
        "slope": 0.001,
        "roughness_n": 0.013,
        "capacity_m3s": 0.418,
        "blockage_pct": 0.0,
        "channel_type": "roadside_storm_drain"
      }
    },
    {
      "type": "Feature",
      "geometry": {
        "type": "LineString",
        "coordinates": [
          [
            77.647238,
            12.91191
          ],
          [
            77.64704,
            12.91193
          ]
        ]
      },
      "properties": {
        "id": "DE-00661",
        "from_node": "DN-00973",
        "to_node": "DN-00974",
        "length_m": 21.57,
        "diameter_m": 0.8,
        "slope": 0.013,
        "roughness_n": 0.013,
        "capacity_m3s": 1.508,
        "blockage_pct": 0.0,
        "channel_type": "roadside_storm_drain"
      }
    },
    {
      "type": "Feature",
      "geometry": {
        "type": "LineString",
        "coordinates": [
          [
            77.64704,
            12.91193
          ],
          [
            77.646094,
            12.912042
          ]
        ]
      },
      "properties": {
        "id": "DE-00662",
        "from_node": "DN-00975",
        "to_node": "DN-00976",
        "length_m": 103.28,
        "diameter_m": 0.8,
        "slope": 0.0053,
        "roughness_n": 0.013,
        "capacity_m3s": 0.963,
        "blockage_pct": 0.0,
        "channel_type": "roadside_storm_drain"
      }
    },
    {
      "type": "Feature",
      "geometry": {
        "type": "LineString",
        "coordinates": [
          [
            77.646094,
            12.912042
          ],
          [
            77.645407,
            12.912099
          ]
        ]
      },
      "properties": {
        "id": "DE-00663",
        "from_node": "DN-00977",
        "to_node": "DN-00978",
        "length_m": 74.73,
        "diameter_m": 0.8,
        "slope": 0.0187,
        "roughness_n": 0.013,
        "capacity_m3s": 1.808,
        "blockage_pct": 0.0,
        "channel_type": "roadside_storm_drain"
      }
    },
    {
      "type": "Feature",
      "geometry": {
        "type": "LineString",
        "coordinates": [
          [
            77.645321,
            12.912075
          ],
          [
            77.645407,
            12.912099
          ]
        ]
      },
      "properties": {
        "id": "DE-00664",
        "from_node": "DN-00979",
        "to_node": "DN-00980",
        "length_m": 9.7,
        "diameter_m": 0.8,
        "slope": 0.0588,
        "roughness_n": 0.013,
        "capacity_m3s": 3.207,
        "blockage_pct": 0.0,
        "channel_type": "roadside_storm_drain"
      }
    },
    {
      "type": "Feature",
      "geometry": {
        "type": "LineString",
        "coordinates": [
          [
            77.645039,
            12.920937
          ],
          [
            77.645048,
            12.921611
          ]
        ]
      },
      "properties": {
        "id": "DE-00665",
        "from_node": "DN-00447",
        "to_node": "DN-00709",
        "length_m": 74.95,
        "diameter_m": 0.8,
        "slope": 0.0048,
        "roughness_n": 0.013,
        "capacity_m3s": 0.916,
        "blockage_pct": 0.0,
        "channel_type": "roadside_storm_drain"
      }
    },
    {
      "type": "Feature",
      "geometry": {
        "type": "LineString",
        "coordinates": [
          [
            77.644998,
            12.919604
          ],
          [
            77.645039,
            12.920937
          ]
        ]
      },
      "properties": {
        "id": "DE-00666",
        "from_node": "DN-00423",
        "to_node": "DN-00447",
        "length_m": 148.29,
        "diameter_m": 0.8,
        "slope": 0.0163,
        "roughness_n": 0.013,
        "capacity_m3s": 1.688,
        "blockage_pct": 0.0,
        "channel_type": "roadside_storm_drain"
      }
    },
    {
      "type": "Feature",
      "geometry": {
        "type": "LineString",
        "coordinates": [
          [
            77.644963,
            12.918986
          ],
          [
            77.644969,
            12.919097
          ]
        ]
      },
      "properties": {
        "id": "DE-00667",
        "from_node": "DN-00981",
        "to_node": "DN-00982",
        "length_m": 12.36,
        "diameter_m": 0.8,
        "slope": 0.0655,
        "roughness_n": 0.013,
        "capacity_m3s": 3.384,
        "blockage_pct": 0.0,
        "channel_type": "roadside_storm_drain"
      }
    },
    {
      "type": "Feature",
      "geometry": {
        "type": "LineString",
        "coordinates": [
          [
            77.644963,
            12.918986
          ],
          [
            77.644958,
            12.918895
          ]
        ]
      },
      "properties": {
        "id": "DE-00668",
        "from_node": "DN-00983",
        "to_node": "DN-00984",
        "length_m": 10.13,
        "diameter_m": 0.8,
        "slope": 0.001,
        "roughness_n": 0.013,
        "capacity_m3s": 0.418,
        "blockage_pct": 0.0,
        "channel_type": "roadside_storm_drain"
      }
    },
    {
      "type": "Feature",
      "geometry": {
        "type": "LineString",
        "coordinates": [
          [
            77.644858,
            12.917178
          ],
          [
            77.644958,
            12.918895
          ]
        ]
      },
      "properties": {
        "id": "DE-00669",
        "from_node": "DN-00046",
        "to_node": "DN-00985",
        "length_m": 191.23,
        "diameter_m": 0.8,
        "slope": 0.021,
        "roughness_n": 0.013,
        "capacity_m3s": 1.916,
        "blockage_pct": 0.0,
        "channel_type": "roadside_storm_drain"
      }
    },
    {
      "type": "Feature",
      "geometry": {
        "type": "LineString",
        "coordinates": [
          [
            77.644775,
            12.915189
          ],
          [
            77.644774,
            12.915159
          ]
        ]
      },
      "properties": {
        "id": "DE-00670",
        "from_node": "DN-00860",
        "to_node": "DN-00986",
        "length_m": 5.0,
        "diameter_m": 0.8,
        "slope": 0.001,
        "roughness_n": 0.013,
        "capacity_m3s": 0.418,
        "blockage_pct": 0.0,
        "channel_type": "roadside_storm_drain"
      }
    },
    {
      "type": "Feature",
      "geometry": {
        "type": "LineString",
        "coordinates": [
          [
            77.633273,
            12.906743
          ],
          [
            77.632985,
            12.906691
          ]
        ]
      },
      "properties": {
        "id": "DE-00671",
        "from_node": "DN-00987",
        "to_node": "DN-00988",
        "length_m": 31.92,
        "diameter_m": 0.8,
        "slope": 0.0038,
        "roughness_n": 0.013,
        "capacity_m3s": 0.815,
        "blockage_pct": 0.0,
        "channel_type": "roadside_storm_drain"
      }
    },
    {
      "type": "Feature",
      "geometry": {
        "type": "LineString",
        "coordinates": [
          [
            77.632559,
            12.906695
          ],
          [
            77.632481,
            12.906694
          ]
        ]
      },
      "properties": {
        "id": "DE-00672",
        "from_node": "DN-00989",
        "to_node": "DN-00990",
        "length_m": 8.45,
        "diameter_m": 0.8,
        "slope": 0.0142,
        "roughness_n": 0.013,
        "capacity_m3s": 1.576,
        "blockage_pct": 0.0,
        "channel_type": "roadside_storm_drain"
      }
    },
    {
      "type": "Feature",
      "geometry": {
        "type": "LineString",
        "coordinates": [
          [
            77.633273,
            12.906743
          ],
          [
            77.632985,
            12.906691
          ]
        ]
      },
      "properties": {
        "id": "DE-00673",
        "from_node": "DN-00991",
        "to_node": "DN-00988",
        "length_m": 31.92,
        "diameter_m": 0.8,
        "slope": 0.0038,
        "roughness_n": 0.013,
        "capacity_m3s": 0.815,
        "blockage_pct": 0.0,
        "channel_type": "roadside_storm_drain"
      }
    },
    {
      "type": "Feature",
      "geometry": {
        "type": "LineString",
        "coordinates": [
          [
            77.63339,
            12.906771
          ],
          [
            77.633273,
            12.906743
          ]
        ]
      },
      "properties": {
        "id": "DE-00674",
        "from_node": "DN-00992",
        "to_node": "DN-00987",
        "length_m": 13.06,
        "diameter_m": 0.8,
        "slope": 0.001,
        "roughness_n": 0.013,
        "capacity_m3s": 0.418,
        "blockage_pct": 0.0,
        "channel_type": "roadside_storm_drain"
      }
    },
    {
      "type": "Feature",
      "geometry": {
        "type": "LineString",
        "coordinates": [
          [
            77.63339,
            12.906771
          ],
          [
            77.633586,
            12.906819
          ]
        ]
      },
      "properties": {
        "id": "DE-00675",
        "from_node": "DN-00993",
        "to_node": "DN-00994",
        "length_m": 21.9,
        "diameter_m": 0.8,
        "slope": 0.016,
        "roughness_n": 0.013,
        "capacity_m3s": 1.673,
        "blockage_pct": 0.0,
        "channel_type": "roadside_storm_drain"
      }
    },
    {
      "type": "Feature",
      "geometry": {
        "type": "LineString",
        "coordinates": [
          [
            77.633858,
            12.906913
          ],
          [
            77.633586,
            12.906819
          ]
        ]
      },
      "properties": {
        "id": "DE-00676",
        "from_node": "DN-00995",
        "to_node": "DN-00996",
        "length_m": 31.28,
        "diameter_m": 0.8,
        "slope": 0.001,
        "roughness_n": 0.013,
        "capacity_m3s": 0.418,
        "blockage_pct": 0.0,
        "channel_type": "roadside_storm_drain"
      }
    },
    {
      "type": "Feature",
      "geometry": {
        "type": "LineString",
        "coordinates": [
          [
            77.634208,
            12.907025
          ],
          [
            77.633858,
            12.906913
          ]
        ]
      },
      "properties": {
        "id": "DE-00677",
        "from_node": "DN-00959",
        "to_node": "DN-00997",
        "length_m": 39.93,
        "diameter_m": 0.8,
        "slope": 0.0033,
        "roughness_n": 0.013,
        "capacity_m3s": 0.76,
        "blockage_pct": 0.0,
        "channel_type": "roadside_storm_drain"
      }
    },
    {
      "type": "Feature",
      "geometry": {
        "type": "LineString",
        "coordinates": [
          [
            77.63848,
            12.905913
          ],
          [
            77.638611,
            12.905856
          ]
        ]
      },
      "properties": {
        "id": "DE-00678",
        "from_node": "DN-00998",
        "to_node": "DN-00849",
        "length_m": 15.55,
        "diameter_m": 0.8,
        "slope": 0.001,
        "roughness_n": 0.013,
        "capacity_m3s": 0.418,
        "blockage_pct": 0.0,
        "channel_type": "roadside_storm_drain"
      }
    },
    {
      "type": "Feature",
      "geometry": {
        "type": "LineString",
        "coordinates": [
          [
            77.63848,
            12.905913
          ],
          [
            77.638227,
            12.90601
          ]
        ]
      },
      "properties": {
        "id": "DE-00679",
        "from_node": "DN-00999",
        "to_node": "DN-01000",
        "length_m": 29.47,
        "diameter_m": 0.8,
        "slope": 0.0017,
        "roughness_n": 0.013,
        "capacity_m3s": 0.545,
        "blockage_pct": 0.0,
        "channel_type": "roadside_storm_drain"
      }
    },
    {
      "type": "Feature",
      "geometry": {
        "type": "LineString",
        "coordinates": [
          [
            77.638227,
            12.90601
          ],
          [
            77.637719,
            12.906245
          ]
        ]
      },
      "properties": {
        "id": "DE-00680",
        "from_node": "DN-01001",
        "to_node": "DN-01002",
        "length_m": 60.95,
        "diameter_m": 0.8,
        "slope": 0.0071,
        "roughness_n": 0.013,
        "capacity_m3s": 1.114,
        "blockage_pct": 0.0,
        "channel_type": "roadside_storm_drain"
      }
    },
    {
      "type": "Feature",
      "geometry": {
        "type": "LineString",
        "coordinates": [
          [
            77.637719,
            12.906245
          ],
          [
            77.63718,
            12.906481
          ]
        ]
      },
      "properties": {
        "id": "DE-00681",
        "from_node": "DN-01003",
        "to_node": "DN-00516",
        "length_m": 64.04,
        "diameter_m": 0.8,
        "slope": 0.0033,
        "roughness_n": 0.013,
        "capacity_m3s": 0.76,
        "blockage_pct": 0.0,
        "channel_type": "roadside_storm_drain"
      }
    },
    {
      "type": "Feature",
      "geometry": {
        "type": "LineString",
        "coordinates": [
          [
            77.636793,
            12.906648
          ],
          [
            77.63625,
            12.906847
          ]
        ]
      },
      "properties": {
        "id": "DE-00682",
        "from_node": "DN-00517",
        "to_node": "DN-01004",
        "length_m": 62.88,
        "diameter_m": 0.8,
        "slope": 0.011,
        "roughness_n": 0.013,
        "capacity_m3s": 1.387,
        "blockage_pct": 0.0,
        "channel_type": "roadside_storm_drain"
      }
    },
    {
      "type": "Feature",
      "geometry": {
        "type": "LineString",
        "coordinates": [
          [
            77.63625,
            12.906847
          ],
          [
            77.63587,
            12.907051
          ]
        ]
      },
      "properties": {
        "id": "DE-00683",
        "from_node": "DN-01005",
        "to_node": "DN-01006",
        "length_m": 47.02,
        "diameter_m": 0.8,
        "slope": 0.0028,
        "roughness_n": 0.013,
        "capacity_m3s": 0.7,
        "blockage_pct": 0.0,
        "channel_type": "roadside_storm_drain"
      }
    },
    {
      "type": "Feature",
      "geometry": {
        "type": "LineString",
        "coordinates": [
          [
            77.635735,
            12.907116
          ],
          [
            77.63587,
            12.907051
          ]
        ]
      },
      "properties": {
        "id": "DE-00684",
        "from_node": "DN-01007",
        "to_node": "DN-01008",
        "length_m": 16.32,
        "diameter_m": 0.8,
        "slope": 0.001,
        "roughness_n": 0.013,
        "capacity_m3s": 0.418,
        "blockage_pct": 0.0,
        "channel_type": "roadside_storm_drain"
      }
    },
    {
      "type": "Feature",
      "geometry": {
        "type": "LineString",
        "coordinates": [
          [
            77.635735,
            12.907116
          ],
          [
            77.635557,
            12.907211
          ]
        ]
      },
      "properties": {
        "id": "DE-00685",
        "from_node": "DN-01009",
        "to_node": "DN-01010",
        "length_m": 22.0,
        "diameter_m": 0.8,
        "slope": 0.0264,
        "roughness_n": 0.013,
        "capacity_m3s": 2.149,
        "blockage_pct": 0.0,
        "channel_type": "roadside_storm_drain"
      }
    },
    {
      "type": "Feature",
      "geometry": {
        "type": "LineString",
        "coordinates": [
          [
            77.635517,
            12.907219
          ],
          [
            77.635557,
            12.907211
          ]
        ]
      },
      "properties": {
        "id": "DE-00686",
        "from_node": "DN-01011",
        "to_node": "DN-01012",
        "length_m": 5.0,
        "diameter_m": 0.8,
        "slope": 0.001,
        "roughness_n": 0.013,
        "capacity_m3s": 0.418,
        "blockage_pct": 0.0,
        "channel_type": "roadside_storm_drain"
      }
    },
    {
      "type": "Feature",
      "geometry": {
        "type": "LineString",
        "coordinates": [
          [
            77.632559,
            12.906695
          ],
          [
            77.632481,
            12.906694
          ]
        ]
      },
      "properties": {
        "id": "DE-00687",
        "from_node": "DN-01013",
        "to_node": "DN-00989",
        "length_m": 8.45,
        "diameter_m": 0.8,
        "slope": 0.0142,
        "roughness_n": 0.013,
        "capacity_m3s": 1.576,
        "blockage_pct": 0.0,
        "channel_type": "roadside_storm_drain"
      }
    },
    {
      "type": "Feature",
      "geometry": {
        "type": "LineString",
        "coordinates": [
          [
            77.632481,
            12.906694
          ],
          [
            77.632101,
            12.906691
          ]
        ]
      },
      "properties": {
        "id": "DE-00688",
        "from_node": "DN-00989",
        "to_node": "DN-01014",
        "length_m": 41.19,
        "diameter_m": 0.8,
        "slope": 0.0029,
        "roughness_n": 0.013,
        "capacity_m3s": 0.712,
        "blockage_pct": 0.0,
        "channel_type": "roadside_storm_drain"
      }
    },
    {
      "type": "Feature",
      "geometry": {
        "type": "LineString",
        "coordinates": [
          [
            77.631025,
            12.906575
          ],
          [
            77.632101,
            12.906691
          ]
        ]
      },
      "properties": {
        "id": "DE-00689",
        "from_node": "DN-01015",
        "to_node": "DN-01016",
        "length_m": 117.58,
        "diameter_m": 0.8,
        "slope": 0.001,
        "roughness_n": 0.013,
        "capacity_m3s": 0.418,
        "blockage_pct": 0.0,
        "channel_type": "roadside_storm_drain"
      }
    },
    {
      "type": "Feature",
      "geometry": {
        "type": "LineString",
        "coordinates": [
          [
            77.638036,
            12.908915
          ],
          [
            77.63804,
            12.909282
          ]
        ]
      },
      "properties": {
        "id": "DE-00690",
        "from_node": "DN-01017",
        "to_node": "DN-01018",
        "length_m": 40.81,
        "diameter_m": 0.8,
        "slope": 0.0083,
        "roughness_n": 0.013,
        "capacity_m3s": 1.205,
        "blockage_pct": 0.0,
        "channel_type": "roadside_storm_drain"
      }
    },
    {
      "type": "Feature",
      "geometry": {
        "type": "LineString",
        "coordinates": [
          [
            77.630462,
            12.90472
          ],
          [
            77.631661,
            12.902726
          ]
        ]
      },
      "properties": {
        "id": "DE-00691",
        "from_node": "DN-01019",
        "to_node": "DN-01020",
        "length_m": 257.01,
        "diameter_m": 0.8,
        "slope": 0.0033,
        "roughness_n": 0.013,
        "capacity_m3s": 0.76,
        "blockage_pct": 0.0,
        "channel_type": "roadside_storm_drain"
      }
    },
    {
      "type": "Feature",
      "geometry": {
        "type": "LineString",
        "coordinates": [
          [
            77.651655,
            12.918923
          ],
          [
            77.651642,
            12.919374
          ]
        ]
      },
      "properties": {
        "id": "DE-00692",
        "from_node": "DN-01021",
        "to_node": "DN-00146",
        "length_m": 50.17,
        "diameter_m": 0.8,
        "slope": 0.0106,
        "roughness_n": 0.013,
        "capacity_m3s": 1.361,
        "blockage_pct": 0.0,
        "channel_type": "roadside_storm_drain"
      }
    },
    {
      "type": "Feature",
      "geometry": {
        "type": "LineString",
        "coordinates": [
          [
            77.60932,
            12.913947
          ],
          [
            77.610036,
            12.913993
          ]
        ]
      },
      "properties": {
        "id": "DE-00693",
        "from_node": "DN-00889",
        "to_node": "DN-00659",
        "length_m": 77.83,
        "diameter_m": 0.8,
        "slope": 0.0087,
        "roughness_n": 0.013,
        "capacity_m3s": 1.233,
        "blockage_pct": 0.0,
        "channel_type": "roadside_storm_drain"
      }
    },
    {
      "type": "Feature",
      "geometry": {
        "type": "LineString",
        "coordinates": [
          [
            77.632367,
            12.916483
          ],
          [
            77.632365,
            12.916387
          ]
        ]
      },
      "properties": {
        "id": "DE-00694",
        "from_node": "DN-01022",
        "to_node": "DN-00356",
        "length_m": 10.68,
        "diameter_m": 0.8,
        "slope": 0.001,
        "roughness_n": 0.013,
        "capacity_m3s": 0.418,
        "blockage_pct": 0.0,
        "channel_type": "roadside_storm_drain"
      }
    },
    {
      "type": "Feature",
      "geometry": {
        "type": "LineString",
        "coordinates": [
          [
            77.653104,
            12.924151
          ],
          [
            77.651805,
            12.924408
          ]
        ]
      },
      "properties": {
        "id": "DE-00695",
        "from_node": "DN-01023",
        "to_node": "DN-00437",
        "length_m": 143.68,
        "diameter_m": 0.8,
        "slope": 0.0161,
        "roughness_n": 0.013,
        "capacity_m3s": 1.678,
        "blockage_pct": 0.0,
        "channel_type": "roadside_storm_drain"
      }
    },
    {
      "type": "Feature",
      "geometry": {
        "type": "LineString",
        "coordinates": [
          [
            77.651806,
            12.924252
          ],
          [
            77.651778,
            12.924238
          ]
        ]
      },
      "properties": {
        "id": "DE-00696",
        "from_node": "DN-00450",
        "to_node": "DN-00450",
        "length_m": 5.0,
        "diameter_m": 0.8,
        "slope": 0.001,
        "roughness_n": 0.013,
        "capacity_m3s": 0.418,
        "blockage_pct": 0.0,
        "channel_type": "roadside_storm_drain"
      }
    },
    {
      "type": "Feature",
      "geometry": {
        "type": "LineString",
        "coordinates": [
          [
            77.644548,
            12.910799
          ],
          [
            77.644586,
            12.911814
          ]
        ]
      },
      "properties": {
        "id": "DE-00697",
        "from_node": "DN-01024",
        "to_node": "DN-00732",
        "length_m": 112.94,
        "diameter_m": 0.8,
        "slope": 0.0213,
        "roughness_n": 0.013,
        "capacity_m3s": 1.93,
        "blockage_pct": 0.0,
        "channel_type": "roadside_storm_drain"
      }
    },
    {
      "type": "Feature",
      "geometry": {
        "type": "LineString",
        "coordinates": [
          [
            77.644549,
            12.909748
          ],
          [
            77.644593,
            12.910602
          ]
        ]
      },
      "properties": {
        "id": "DE-00698",
        "from_node": "DN-00813",
        "to_node": "DN-01025",
        "length_m": 95.09,
        "diameter_m": 0.8,
        "slope": 0.0252,
        "roughness_n": 0.013,
        "capacity_m3s": 2.099,
        "blockage_pct": 0.0,
        "channel_type": "roadside_storm_drain"
      }
    },
    {
      "type": "Feature",
      "geometry": {
        "type": "LineString",
        "coordinates": [
          [
            77.645321,
            12.912075
          ],
          [
            77.6448,
            12.912103
          ]
        ]
      },
      "properties": {
        "id": "DE-00699",
        "from_node": "DN-00979",
        "to_node": "DN-01026",
        "length_m": 56.55,
        "diameter_m": 0.8,
        "slope": 0.0195,
        "roughness_n": 0.013,
        "capacity_m3s": 1.847,
        "blockage_pct": 0.0,
        "channel_type": "roadside_storm_drain"
      }
    },
    {
      "type": "Feature",
      "geometry": {
        "type": "LineString",
        "coordinates": [
          [
            77.665364,
            12.923676
          ],
          [
            77.665284,
            12.927028
          ]
        ]
      },
      "properties": {
        "id": "DE-00700",
        "from_node": "DN-00805",
        "to_node": "DN-01027",
        "length_m": 375.28,
        "diameter_m": 0.8,
        "slope": 0.0135,
        "roughness_n": 0.013,
        "capacity_m3s": 1.536,
        "blockage_pct": 0.0,
        "channel_type": "roadside_storm_drain"
      }
    },
    {
      "type": "Feature",
      "geometry": {
        "type": "LineString",
        "coordinates": [
          [
            77.669684,
            12.925179
          ],
          [
            77.669758,
            12.926206
          ]
        ]
      },
      "properties": {
        "id": "DE-00701",
        "from_node": "DN-00200",
        "to_node": "DN-01028",
        "length_m": 115.75,
        "diameter_m": 0.8,
        "slope": 0.0127,
        "roughness_n": 0.013,
        "capacity_m3s": 1.49,
        "blockage_pct": 0.0,
        "channel_type": "roadside_storm_drain"
      }
    },
    {
      "type": "Feature",
      "geometry": {
        "type": "LineString",
        "coordinates": [
          [
            77.669736,
            12.927254
          ],
          [
            77.669303,
            12.927232
          ]
        ]
      },
      "properties": {
        "id": "DE-00702",
        "from_node": "DN-00580",
        "to_node": "DN-00581",
        "length_m": 46.99,
        "diameter_m": 0.8,
        "slope": 0.0013,
        "roughness_n": 0.013,
        "capacity_m3s": 0.477,
        "blockage_pct": 0.0,
        "channel_type": "roadside_storm_drain"
      }
    },
    {
      "type": "Feature",
      "geometry": {
        "type": "LineString",
        "coordinates": [
          [
            77.678954,
            12.92981
          ],
          [
            77.680885,
            12.930165
          ]
        ]
      },
      "properties": {
        "id": "DE-00703",
        "from_node": "DN-00089",
        "to_node": "DN-01029",
        "length_m": 214.25,
        "diameter_m": 0.8,
        "slope": 0.0113,
        "roughness_n": 0.013,
        "capacity_m3s": 1.406,
        "blockage_pct": 0.0,
        "channel_type": "roadside_storm_drain"
      }
    },
    {
      "type": "Feature",
      "geometry": {
        "type": "LineString",
        "coordinates": [
          [
            77.678954,
            12.92981
          ],
          [
            77.680885,
            12.930165
          ]
        ]
      },
      "properties": {
        "id": "DE-00704",
        "from_node": "DN-00089",
        "to_node": "DN-01030",
        "length_m": 214.25,
        "diameter_m": 0.8,
        "slope": 0.0113,
        "roughness_n": 0.013,
        "capacity_m3s": 1.406,
        "blockage_pct": 0.0,
        "channel_type": "roadside_storm_drain"
      }
    },
    {
      "type": "Feature",
      "geometry": {
        "type": "LineString",
        "coordinates": [
          [
            77.632439,
            12.91204
          ],
          [
            77.632415,
            12.912407
          ]
        ]
      },
      "properties": {
        "id": "DE-00705",
        "from_node": "DN-00270",
        "to_node": "DN-01031",
        "length_m": 41.3,
        "diameter_m": 0.8,
        "slope": 0.0017,
        "roughness_n": 0.013,
        "capacity_m3s": 0.545,
        "blockage_pct": 0.0,
        "channel_type": "roadside_storm_drain"
      }
    },
    {
      "type": "Feature",
      "geometry": {
        "type": "LineString",
        "coordinates": [
          [
            77.632415,
            12.912407
          ],
          [
            77.632414,
            12.912489
          ]
        ]
      },
      "properties": {
        "id": "DE-00706",
        "from_node": "DN-01032",
        "to_node": "DN-01033",
        "length_m": 9.12,
        "diameter_m": 0.8,
        "slope": 0.0066,
        "roughness_n": 0.013,
        "capacity_m3s": 1.074,
        "blockage_pct": 0.0,
        "channel_type": "roadside_storm_drain"
      }
    },
    {
      "type": "Feature",
      "geometry": {
        "type": "LineString",
        "coordinates": [
          [
            77.632414,
            12.912489
          ],
          [
            77.6324,
            12.912907
          ]
        ]
      },
      "properties": {
        "id": "DE-00707",
        "from_node": "DN-01034",
        "to_node": "DN-00782",
        "length_m": 46.52,
        "diameter_m": 0.8,
        "slope": 0.0013,
        "roughness_n": 0.013,
        "capacity_m3s": 0.477,
        "blockage_pct": 0.0,
        "channel_type": "roadside_storm_drain"
      }
    },
    {
      "type": "Feature",
      "geometry": {
        "type": "LineString",
        "coordinates": [
          [
            77.632462,
            12.912407
          ],
          [
            77.632415,
            12.912407
          ]
        ]
      },
      "properties": {
        "id": "DE-00708",
        "from_node": "DN-01035",
        "to_node": "DN-01036",
        "length_m": 5.09,
        "diameter_m": 0.8,
        "slope": 0.001,
        "roughness_n": 0.013,
        "capacity_m3s": 0.418,
        "blockage_pct": 0.0,
        "channel_type": "roadside_storm_drain"
      }
    },
    {
      "type": "Feature",
      "geometry": {
        "type": "LineString",
        "coordinates": [
          [
            77.632462,
            12.912407
          ],
          [
            77.63246,
            12.912489
          ]
        ]
      },
      "properties": {
        "id": "DE-00709",
        "from_node": "DN-01037",
        "to_node": "DN-01038",
        "length_m": 9.12,
        "diameter_m": 0.8,
        "slope": 0.0066,
        "roughness_n": 0.013,
        "capacity_m3s": 1.074,
        "blockage_pct": 0.0,
        "channel_type": "roadside_storm_drain"
      }
    },
    {
      "type": "Feature",
      "geometry": {
        "type": "LineString",
        "coordinates": [
          [
            77.609789,
            12.934762
          ],
          [
            77.609735,
            12.934691
          ]
        ]
      },
      "properties": {
        "id": "DE-00710",
        "from_node": "DN-01039",
        "to_node": "DN-00317",
        "length_m": 9.83,
        "diameter_m": 0.8,
        "slope": 0.001,
        "roughness_n": 0.013,
        "capacity_m3s": 0.418,
        "blockage_pct": 0.0,
        "channel_type": "roadside_storm_drain"
      }
    },
    {
      "type": "Feature",
      "geometry": {
        "type": "LineString",
        "coordinates": [
          [
            77.609735,
            12.934691
          ],
          [
            77.609789,
            12.934762
          ]
        ]
      },
      "properties": {
        "id": "DE-00711",
        "from_node": "DN-00317",
        "to_node": "DN-01040",
        "length_m": 9.83,
        "diameter_m": 0.8,
        "slope": 0.001,
        "roughness_n": 0.013,
        "capacity_m3s": 0.418,
        "blockage_pct": 0.0,
        "channel_type": "roadside_storm_drain"
      }
    },
    {
      "type": "Feature",
      "geometry": {
        "type": "LineString",
        "coordinates": [
          [
            77.609735,
            12.934691
          ],
          [
            77.60964,
            12.934756
          ]
        ]
      },
      "properties": {
        "id": "DE-00712",
        "from_node": "DN-00317",
        "to_node": "DN-01041",
        "length_m": 12.58,
        "diameter_m": 0.8,
        "slope": 0.001,
        "roughness_n": 0.013,
        "capacity_m3s": 0.418,
        "blockage_pct": 0.0,
        "channel_type": "roadside_storm_drain"
      }
    },
    {
      "type": "Feature",
      "geometry": {
        "type": "LineString",
        "coordinates": [
          [
            77.60972,
            12.934673
          ],
          [
            77.609735,
            12.934691
          ]
        ]
      },
      "properties": {
        "id": "DE-00713",
        "from_node": "DN-00317",
        "to_node": "DN-00317",
        "length_m": 5.0,
        "diameter_m": 0.8,
        "slope": 0.001,
        "roughness_n": 0.013,
        "capacity_m3s": 0.418,
        "blockage_pct": 0.0,
        "channel_type": "roadside_storm_drain"
      }
    },
    {
      "type": "Feature",
      "geometry": {
        "type": "LineString",
        "coordinates": [
          [
            77.609685,
            12.934347
          ],
          [
            77.60972,
            12.934673
          ]
        ]
      },
      "properties": {
        "id": "DE-00714",
        "from_node": "DN-01042",
        "to_node": "DN-00317",
        "length_m": 37.73,
        "diameter_m": 0.8,
        "slope": 0.0013,
        "roughness_n": 0.013,
        "capacity_m3s": 0.477,
        "blockage_pct": 0.0,
        "channel_type": "roadside_storm_drain"
      }
    },
    {
      "type": "Feature",
      "geometry": {
        "type": "LineString",
        "coordinates": [
          [
            77.632364,
            12.916336
          ],
          [
            77.63236,
            12.916183
          ]
        ]
      },
      "properties": {
        "id": "DE-00715",
        "from_node": "DN-00357",
        "to_node": "DN-01043",
        "length_m": 17.02,
        "diameter_m": 0.8,
        "slope": 0.001,
        "roughness_n": 0.013,
        "capacity_m3s": 0.418,
        "blockage_pct": 0.0,
        "channel_type": "roadside_storm_drain"
      }
    },
    {
      "type": "Feature",
      "geometry": {
        "type": "LineString",
        "coordinates": [
          [
            77.651624,
            12.920011
          ],
          [
            77.651524,
            12.922679
          ]
        ]
      },
      "properties": {
        "id": "DE-00716",
        "from_node": "DN-00900",
        "to_node": "DN-00901",
        "length_m": 296.87,
        "diameter_m": 0.8,
        "slope": 0.0192,
        "roughness_n": 0.013,
        "capacity_m3s": 1.832,
        "blockage_pct": 0.0,
        "channel_type": "roadside_storm_drain"
      }
    },
    {
      "type": "Feature",
      "geometry": {
        "type": "LineString",
        "coordinates": [
          [
            77.639796,
            12.914448
          ],
          [
            77.63837,
            12.91448
          ]
        ]
      },
      "properties": {
        "id": "DE-00717",
        "from_node": "DN-01044",
        "to_node": "DN-01045",
        "length_m": 154.6,
        "diameter_m": 0.8,
        "slope": 0.0047,
        "roughness_n": 0.013,
        "capacity_m3s": 0.907,
        "blockage_pct": 0.0,
        "channel_type": "roadside_storm_drain"
      }
    },
    {
      "type": "Feature",
      "geometry": {
        "type": "LineString",
        "coordinates": [
          [
            77.639796,
            12.914448
          ],
          [
            77.63837,
            12.91448
          ]
        ]
      },
      "properties": {
        "id": "DE-00718",
        "from_node": "DN-01046",
        "to_node": "DN-01047",
        "length_m": 154.6,
        "diameter_m": 0.8,
        "slope": 0.0047,
        "roughness_n": 0.013,
        "capacity_m3s": 0.907,
        "blockage_pct": 0.0,
        "channel_type": "roadside_storm_drain"
      }
    },
    {
      "type": "Feature",
      "geometry": {
        "type": "LineString",
        "coordinates": [
          [
            77.687225,
            12.931791
          ],
          [
            77.685906,
            12.930594
          ]
        ]
      },
      "properties": {
        "id": "DE-00719",
        "from_node": "DN-01048",
        "to_node": "DN-01049",
        "length_m": 195.32,
        "diameter_m": 0.8,
        "slope": 0.013,
        "roughness_n": 0.013,
        "capacity_m3s": 1.508,
        "blockage_pct": 0.0,
        "channel_type": "roadside_storm_drain"
      }
    },
    {
      "type": "Feature",
      "geometry": {
        "type": "LineString",
        "coordinates": [
          [
            77.686987,
            12.931795
          ],
          [
            77.685812,
            12.930757
          ]
        ]
      },
      "properties": {
        "id": "DE-00720",
        "from_node": "DN-01050",
        "to_node": "DN-01051",
        "length_m": 171.87,
        "diameter_m": 0.8,
        "slope": 0.0187,
        "roughness_n": 0.013,
        "capacity_m3s": 1.808,
        "blockage_pct": 0.0,
        "channel_type": "roadside_storm_drain"
      }
    },
    {
      "type": "Feature",
      "geometry": {
        "type": "LineString",
        "coordinates": [
          [
            77.647371,
            12.924187
          ],
          [
            77.647575,
            12.924294
          ]
        ]
      },
      "properties": {
        "id": "DE-00721",
        "from_node": "DN-00461",
        "to_node": "DN-01052",
        "length_m": 25.11,
        "diameter_m": 0.8,
        "slope": 0.0112,
        "roughness_n": 0.013,
        "capacity_m3s": 1.399,
        "blockage_pct": 0.0,
        "channel_type": "roadside_storm_drain"
      }
    },
    {
      "type": "Feature",
      "geometry": {
        "type": "LineString",
        "coordinates": [
          [
            77.651543,
            12.919701
          ],
          [
            77.651633,
            12.919694
          ]
        ]
      },
      "properties": {
        "id": "DE-00722",
        "from_node": "DN-01053",
        "to_node": "DN-00147",
        "length_m": 9.79,
        "diameter_m": 0.8,
        "slope": 0.001,
        "roughness_n": 0.013,
        "capacity_m3s": 0.418,
        "blockage_pct": 0.0,
        "channel_type": "roadside_storm_drain"
      }
    },
    {
      "type": "Feature",
      "geometry": {
        "type": "LineString",
        "coordinates": [
          [
            77.685564,
            12.920243
          ],
          [
            77.68554,
            12.920175
          ]
        ]
      },
      "properties": {
        "id": "DE-00723",
        "from_node": "DN-00905",
        "to_node": "DN-00645",
        "length_m": 8.0,
        "diameter_m": 0.8,
        "slope": 0.001,
        "roughness_n": 0.013,
        "capacity_m3s": 0.418,
        "blockage_pct": 0.0,
        "channel_type": "roadside_storm_drain"
      }
    },
    {
      "type": "Feature",
      "geometry": {
        "type": "LineString",
        "coordinates": [
          [
            77.622686,
            12.942527
          ],
          [
            77.618617,
            12.945823
          ]
        ]
      },
      "properties": {
        "id": "DE-00724",
        "from_node": "DN-00555",
        "to_node": "DN-01054",
        "length_m": 574.07,
        "diameter_m": 0.8,
        "slope": 0.0047,
        "roughness_n": 0.013,
        "capacity_m3s": 0.907,
        "blockage_pct": 0.0,
        "channel_type": "roadside_storm_drain"
      }
    },
    {
      "type": "Feature",
      "geometry": {
        "type": "LineString",
        "coordinates": [
          [
            77.618617,
            12.945823
          ],
          [
            77.618587,
            12.946032
          ]
        ]
      },
      "properties": {
        "id": "DE-00725",
        "from_node": "DN-01055",
        "to_node": "DN-01056",
        "length_m": 24.17,
        "diameter_m": 0.8,
        "slope": 0.001,
        "roughness_n": 0.013,
        "capacity_m3s": 0.418,
        "blockage_pct": 0.0,
        "channel_type": "roadside_storm_drain"
      }
    },
    {
      "type": "Feature",
      "geometry": {
        "type": "LineString",
        "coordinates": [
          [
            77.621499,
            12.941624
          ],
          [
            77.622686,
            12.942527
          ]
        ]
      },
      "properties": {
        "id": "DE-00726",
        "from_node": "DN-01057",
        "to_node": "DN-00555",
        "length_m": 163.22,
        "diameter_m": 0.8,
        "slope": 0.0082,
        "roughness_n": 0.013,
        "capacity_m3s": 1.197,
        "blockage_pct": 0.0,
        "channel_type": "roadside_storm_drain"
      }
    },
    {
      "type": "Feature",
      "geometry": {
        "type": "LineString",
        "coordinates": [
          [
            77.607641,
            12.944046
          ],
          [
            77.60788,
            12.944041
          ]
        ]
      },
      "properties": {
        "id": "DE-00727",
        "from_node": "DN-00381",
        "to_node": "DN-00174",
        "length_m": 25.91,
        "diameter_m": 0.8,
        "slope": 0.001,
        "roughness_n": 0.013,
        "capacity_m3s": 0.418,
        "blockage_pct": 0.0,
        "channel_type": "roadside_storm_drain"
      }
    },
    {
      "type": "Feature",
      "geometry": {
        "type": "LineString",
        "coordinates": [
          [
            77.607569,
            12.944005
          ],
          [
            77.607655,
            12.944
          ]
        ]
      },
      "properties": {
        "id": "DE-00728",
        "from_node": "DN-00380",
        "to_node": "DN-01058",
        "length_m": 9.34,
        "diameter_m": 0.8,
        "slope": 0.0278,
        "roughness_n": 0.013,
        "capacity_m3s": 2.205,
        "blockage_pct": 0.0,
        "channel_type": "roadside_storm_drain"
      }
    },
    {
      "type": "Feature",
      "geometry": {
        "type": "LineString",
        "coordinates": [
          [
            77.627138,
            12.903546
          ],
          [
            77.627203,
            12.903526
          ]
        ]
      },
      "properties": {
        "id": "DE-00729",
        "from_node": "DN-01059",
        "to_node": "DN-00369",
        "length_m": 7.39,
        "diameter_m": 0.8,
        "slope": 0.1028,
        "roughness_n": 0.013,
        "capacity_m3s": 4.24,
        "blockage_pct": 0.0,
        "channel_type": "roadside_storm_drain"
      }
    },
    {
      "type": "Feature",
      "geometry": {
        "type": "LineString",
        "coordinates": [
          [
            77.649997,
            12.924285
          ],
          [
            77.649981,
            12.924415
          ]
        ]
      },
      "properties": {
        "id": "DE-00730",
        "from_node": "DN-00693",
        "to_node": "DN-00338",
        "length_m": 14.56,
        "diameter_m": 0.8,
        "slope": 0.0639,
        "roughness_n": 0.013,
        "capacity_m3s": 3.343,
        "blockage_pct": 0.0,
        "channel_type": "roadside_storm_drain"
      }
    },
    {
      "type": "Feature",
      "geometry": {
        "type": "LineString",
        "coordinates": [
          [
            77.649981,
            12.924415
          ],
          [
            77.649974,
            12.92447
          ]
        ]
      },
      "properties": {
        "id": "DE-00731",
        "from_node": "DN-00338",
        "to_node": "DN-00338",
        "length_m": 6.16,
        "diameter_m": 0.8,
        "slope": 0.001,
        "roughness_n": 0.013,
        "capacity_m3s": 0.418,
        "blockage_pct": 0.0,
        "channel_type": "roadside_storm_drain"
      }
    },
    {
      "type": "Feature",
      "geometry": {
        "type": "LineString",
        "coordinates": [
          [
            77.681375,
            12.930228
          ],
          [
            77.681086,
            12.930196
          ]
        ]
      },
      "properties": {
        "id": "DE-00732",
        "from_node": "DN-00205",
        "to_node": "DN-01060",
        "length_m": 31.52,
        "diameter_m": 0.8,
        "slope": 0.0184,
        "roughness_n": 0.013,
        "capacity_m3s": 1.794,
        "blockage_pct": 0.0,
        "channel_type": "roadside_storm_drain"
      }
    },
    {
      "type": "Feature",
      "geometry": {
        "type": "LineString",
        "coordinates": [
          [
            77.680913,
            12.93017
          ],
          [
            77.681086,
            12.930196
          ]
        ]
      },
      "properties": {
        "id": "DE-00733",
        "from_node": "DN-01029",
        "to_node": "DN-01061",
        "length_m": 18.97,
        "diameter_m": 0.8,
        "slope": 0.001,
        "roughness_n": 0.013,
        "capacity_m3s": 0.418,
        "blockage_pct": 0.0,
        "channel_type": "roadside_storm_drain"
      }
    },
    {
      "type": "Feature",
      "geometry": {
        "type": "LineString",
        "coordinates": [
          [
            77.609717,
            12.934302
          ],
          [
            77.60972,
            12.934275
          ]
        ]
      },
      "properties": {
        "id": "DE-00734",
        "from_node": "DN-01042",
        "to_node": "DN-01042",
        "length_m": 5.0,
        "diameter_m": 0.8,
        "slope": 0.001,
        "roughness_n": 0.013,
        "capacity_m3s": 0.418,
        "blockage_pct": 0.0,
        "channel_type": "roadside_storm_drain"
      }
    },
    {
      "type": "Feature",
      "geometry": {
        "type": "LineString",
        "coordinates": [
          [
            77.60972,
            12.934275
          ],
          [
            77.609717,
            12.934302
          ]
        ]
      },
      "properties": {
        "id": "DE-00735",
        "from_node": "DN-01042",
        "to_node": "DN-01042",
        "length_m": 5.0,
        "diameter_m": 0.8,
        "slope": 0.001,
        "roughness_n": 0.013,
        "capacity_m3s": 0.418,
        "blockage_pct": 0.0,
        "channel_type": "roadside_storm_drain"
      }
    },
    {
      "type": "Feature",
      "geometry": {
        "type": "LineString",
        "coordinates": [
          [
            77.685935,
            12.925478
          ],
          [
            77.685979,
            12.925258
          ]
        ]
      },
      "properties": {
        "id": "DE-00736",
        "from_node": "DN-01062",
        "to_node": "DN-01063",
        "length_m": 24.92,
        "diameter_m": 0.8,
        "slope": 0.0012,
        "roughness_n": 0.013,
        "capacity_m3s": 0.458,
        "blockage_pct": 0.0,
        "channel_type": "roadside_storm_drain"
      }
    },
    {
      "type": "Feature",
      "geometry": {
        "type": "LineString",
        "coordinates": [
          [
            77.685564,
            12.920243
          ],
          [
            77.685994,
            12.924803
          ]
        ]
      },
      "properties": {
        "id": "DE-00737",
        "from_node": "DN-00905",
        "to_node": "DN-01064",
        "length_m": 512.17,
        "diameter_m": 0.8,
        "slope": 0.001,
        "roughness_n": 0.013,
        "capacity_m3s": 0.418,
        "blockage_pct": 0.0,
        "channel_type": "roadside_storm_drain"
      }
    },
    {
      "type": "Feature",
      "geometry": {
        "type": "LineString",
        "coordinates": [
          [
            77.624392,
            12.914519
          ],
          [
            77.624275,
            12.914926
          ]
        ]
      },
      "properties": {
        "id": "DE-00738",
        "from_node": "DN-00238",
        "to_node": "DN-00678",
        "length_m": 47.33,
        "diameter_m": 0.8,
        "slope": 0.0015,
        "roughness_n": 0.013,
        "capacity_m3s": 0.512,
        "blockage_pct": 0.0,
        "channel_type": "roadside_storm_drain"
      }
    },
    {
      "type": "Feature",
      "geometry": {
        "type": "LineString",
        "coordinates": [
          [
            77.637967,
            12.916126
          ],
          [
            77.637109,
            12.916225
          ]
        ]
      },
      "properties": {
        "id": "DE-00739",
        "from_node": "DN-01065",
        "to_node": "DN-01066",
        "length_m": 93.7,
        "diameter_m": 0.8,
        "slope": 0.001,
        "roughness_n": 0.013,
        "capacity_m3s": 0.418,
        "blockage_pct": 0.0,
        "channel_type": "roadside_storm_drain"
      }
    },
    {
      "type": "Feature",
      "geometry": {
        "type": "LineString",
        "coordinates": [
          [
            77.687703,
            12.932088
          ],
          [
            77.685946,
            12.930521
          ]
        ]
      },
      "properties": {
        "id": "DE-00740",
        "from_node": "DN-01067",
        "to_node": "DN-00747",
        "length_m": 258.14,
        "diameter_m": 0.8,
        "slope": 0.011,
        "roughness_n": 0.013,
        "capacity_m3s": 1.387,
        "blockage_pct": 0.0,
        "channel_type": "roadside_storm_drain"
      }
    },
    {
      "type": "Feature",
      "geometry": {
        "type": "LineString",
        "coordinates": [
          [
            77.676118,
            12.925606
          ],
          [
            77.678813,
            12.926859
          ]
        ]
      },
      "properties": {
        "id": "DE-00741",
        "from_node": "DN-00081",
        "to_node": "DN-00621",
        "length_m": 323.9,
        "diameter_m": 0.8,
        "slope": 0.0196,
        "roughness_n": 0.013,
        "capacity_m3s": 1.851,
        "blockage_pct": 0.0,
        "channel_type": "roadside_storm_drain"
      }
    },
    {
      "type": "Feature",
      "geometry": {
        "type": "LineString",
        "coordinates": [
          [
            77.647509,
            12.923902
          ],
          [
            77.64845,
            12.924174
          ]
        ]
      },
      "properties": {
        "id": "DE-00742",
        "from_node": "DN-01068",
        "to_node": "DN-00586",
        "length_m": 106.71,
        "diameter_m": 0.8,
        "slope": 0.0014,
        "roughness_n": 0.013,
        "capacity_m3s": 0.495,
        "blockage_pct": 0.0,
        "channel_type": "roadside_storm_drain"
      }
    },
    {
      "type": "Feature",
      "geometry": {
        "type": "LineString",
        "coordinates": [
          [
            77.653988,
            12.923984
          ],
          [
            77.653104,
            12.924151
          ]
        ]
      },
      "properties": {
        "id": "DE-00743",
        "from_node": "DN-01069",
        "to_node": "DN-01023",
        "length_m": 97.59,
        "diameter_m": 0.8,
        "slope": 0.0137,
        "roughness_n": 0.013,
        "capacity_m3s": 1.548,
        "blockage_pct": 0.0,
        "channel_type": "roadside_storm_drain"
      }
    },
    {
      "type": "Feature",
      "geometry": {
        "type": "LineString",
        "coordinates": [
          [
            77.60788,
            12.944041
          ],
          [
            77.607918,
            12.944026
          ]
        ]
      },
      "properties": {
        "id": "DE-00744",
        "from_node": "DN-00174",
        "to_node": "DN-00174",
        "length_m": 5.0,
        "diameter_m": 0.8,
        "slope": 0.001,
        "roughness_n": 0.013,
        "capacity_m3s": 0.418,
        "blockage_pct": 0.0,
        "channel_type": "roadside_storm_drain"
      }
    },
    {
      "type": "Feature",
      "geometry": {
        "type": "LineString",
        "coordinates": [
          [
            77.605819,
            12.944047
          ],
          [
            77.607553,
            12.944056
          ]
        ]
      },
      "properties": {
        "id": "DE-00745",
        "from_node": "DN-01070",
        "to_node": "DN-00381",
        "length_m": 188.52,
        "diameter_m": 0.8,
        "slope": 0.0041,
        "roughness_n": 0.013,
        "capacity_m3s": 0.847,
        "blockage_pct": 0.0,
        "channel_type": "roadside_storm_drain"
      }
    },
    {
      "type": "Feature",
      "geometry": {
        "type": "LineString",
        "coordinates": [
          [
            77.607514,
            12.936051
          ],
          [
            77.60964,
            12.934756
          ]
        ]
      },
      "properties": {
        "id": "DE-00746",
        "from_node": "DN-00132",
        "to_node": "DN-01041",
        "length_m": 271.86,
        "diameter_m": 0.8,
        "slope": 0.0114,
        "roughness_n": 0.013,
        "capacity_m3s": 1.412,
        "blockage_pct": 0.0,
        "channel_type": "roadside_storm_drain"
      }
    },
    {
      "type": "Feature",
      "geometry": {
        "type": "LineString",
        "coordinates": [
          [
            77.673269,
            12.916918
          ],
          [
            77.673153,
            12.916978
          ]
        ]
      },
      "properties": {
        "id": "DE-00747",
        "from_node": "DN-01071",
        "to_node": "DN-01072",
        "length_m": 14.23,
        "diameter_m": 0.8,
        "slope": 0.001,
        "roughness_n": 0.013,
        "capacity_m3s": 0.418,
        "blockage_pct": 0.0,
        "channel_type": "roadside_storm_drain"
      }
    },
    {
      "type": "Feature",
      "geometry": {
        "type": "LineString",
        "coordinates": [
          [
            77.675935,
            12.924853
          ],
          [
            77.676118,
            12.925606
          ]
        ]
      },
      "properties": {
        "id": "DE-00748",
        "from_node": "DN-00083",
        "to_node": "DN-00081",
        "length_m": 86.05,
        "diameter_m": 0.8,
        "slope": 0.0135,
        "roughness_n": 0.013,
        "capacity_m3s": 1.536,
        "blockage_pct": 0.0,
        "channel_type": "roadside_storm_drain"
      }
    },
    {
      "type": "Feature",
      "geometry": {
        "type": "LineString",
        "coordinates": [
          [
            77.638251,
            12.91554
          ],
          [
            77.63819,
            12.914503
          ]
        ]
      },
      "properties": {
        "id": "DE-00749",
        "from_node": "DN-00792",
        "to_node": "DN-00064",
        "length_m": 115.5,
        "diameter_m": 0.8,
        "slope": 0.0017,
        "roughness_n": 0.013,
        "capacity_m3s": 0.545,
        "blockage_pct": 0.0,
        "channel_type": "roadside_storm_drain"
      }
    },
    {
      "type": "Feature",
      "geometry": {
        "type": "LineString",
        "coordinates": [
          [
            77.63837,
            12.91448
          ],
          [
            77.63819,
            12.914503
          ]
        ]
      },
      "properties": {
        "id": "DE-00750",
        "from_node": "DN-01047",
        "to_node": "DN-00064",
        "length_m": 20.44,
        "diameter_m": 0.8,
        "slope": 0.0093,
        "roughness_n": 0.013,
        "capacity_m3s": 1.275,
        "blockage_pct": 0.0,
        "channel_type": "roadside_storm_drain"
      }
    },
    {
      "type": "Feature",
      "geometry": {
        "type": "LineString",
        "coordinates": [
          [
            77.642425,
            12.917261
          ],
          [
            77.641843,
            12.917287
          ]
        ]
      },
      "properties": {
        "id": "DE-00751",
        "from_node": "DN-00467",
        "to_node": "DN-00471",
        "length_m": 63.14,
        "diameter_m": 0.8,
        "slope": 0.0033,
        "roughness_n": 0.013,
        "capacity_m3s": 0.76,
        "blockage_pct": 0.0,
        "channel_type": "roadside_storm_drain"
      }
    },
    {
      "type": "Feature",
      "geometry": {
        "type": "LineString",
        "coordinates": [
          [
            77.632516,
            12.908991
          ],
          [
            77.632491,
            12.909625
          ]
        ]
      },
      "properties": {
        "id": "DE-00752",
        "from_node": "DN-01073",
        "to_node": "DN-00635",
        "length_m": 70.55,
        "diameter_m": 0.8,
        "slope": 0.0111,
        "roughness_n": 0.013,
        "capacity_m3s": 1.393,
        "blockage_pct": 0.0,
        "channel_type": "roadside_storm_drain"
      }
    },
    {
      "type": "Feature",
      "geometry": {
        "type": "LineString",
        "coordinates": [
          [
            77.632546,
            12.907407
          ],
          [
            77.632518,
            12.908951
          ]
        ]
      },
      "properties": {
        "id": "DE-00753",
        "from_node": "DN-01074",
        "to_node": "DN-01075",
        "length_m": 171.71,
        "diameter_m": 0.8,
        "slope": 0.0144,
        "roughness_n": 0.013,
        "capacity_m3s": 1.587,
        "blockage_pct": 0.0,
        "channel_type": "roadside_storm_drain"
      }
    },
    {
      "type": "Feature",
      "geometry": {
        "type": "LineString",
        "coordinates": [
          [
            77.60884,
            12.916666
          ],
          [
            77.609541,
            12.916644
          ]
        ]
      },
      "properties": {
        "id": "DE-00754",
        "from_node": "DN-01076",
        "to_node": "DN-00735",
        "length_m": 76.02,
        "diameter_m": 0.8,
        "slope": 0.011,
        "roughness_n": 0.013,
        "capacity_m3s": 1.387,
        "blockage_pct": 0.0,
        "channel_type": "roadside_storm_drain"
      }
    },
    {
      "type": "Feature",
      "geometry": {
        "type": "LineString",
        "coordinates": [
          [
            77.684488,
            12.92953
          ],
          [
            77.680137,
            12.927487
          ]
        ]
      },
      "properties": {
        "id": "DE-00755",
        "from_node": "DN-01077",
        "to_node": "DN-01078",
        "length_m": 523.6,
        "diameter_m": 0.8,
        "slope": 0.0081,
        "roughness_n": 0.013,
        "capacity_m3s": 1.19,
        "blockage_pct": 0.0,
        "channel_type": "roadside_storm_drain"
      }
    },
    {
      "type": "Feature",
      "geometry": {
        "type": "LineString",
        "coordinates": [
          [
            77.618584,
            12.937803
          ],
          [
            77.618653,
            12.937771
          ]
        ]
      },
      "properties": {
        "id": "DE-00756",
        "from_node": "DN-00021",
        "to_node": "DN-00022",
        "length_m": 8.28,
        "diameter_m": 0.8,
        "slope": 0.0012,
        "roughness_n": 0.013,
        "capacity_m3s": 0.458,
        "blockage_pct": 0.0,
        "channel_type": "roadside_storm_drain"
      }
    },
    {
      "type": "Feature",
      "geometry": {
        "type": "LineString",
        "coordinates": [
          [
            77.644633,
            12.910695
          ],
          [
            77.644593,
            12.910602
          ]
        ]
      },
      "properties": {
        "id": "DE-00757",
        "from_node": "DN-01079",
        "to_node": "DN-01025",
        "length_m": 11.21,
        "diameter_m": 0.8,
        "slope": 0.001,
        "roughness_n": 0.013,
        "capacity_m3s": 0.418,
        "blockage_pct": 0.0,
        "channel_type": "roadside_storm_drain"
      }
    },
    {
      "type": "Feature",
      "geometry": {
        "type": "LineString",
        "coordinates": [
          [
            77.638033,
            12.908743
          ],
          [
            77.638031,
            12.908525
          ]
        ]
      },
      "properties": {
        "id": "DE-00758",
        "from_node": "DN-00899",
        "to_node": "DN-00898",
        "length_m": 24.24,
        "diameter_m": 0.8,
        "slope": 0.001,
        "roughness_n": 0.013,
        "capacity_m3s": 0.418,
        "blockage_pct": 0.0,
        "channel_type": "roadside_storm_drain"
      }
    },
    {
      "type": "Feature",
      "geometry": {
        "type": "LineString",
        "coordinates": [
          [
            77.632409,
            12.913851
          ],
          [
            77.632411,
            12.913778
          ]
        ]
      },
      "properties": {
        "id": "DE-00759",
        "from_node": "DN-00139",
        "to_node": "DN-00138",
        "length_m": 8.12,
        "diameter_m": 0.8,
        "slope": 0.001,
        "roughness_n": 0.013,
        "capacity_m3s": 0.418,
        "blockage_pct": 0.0,
        "channel_type": "roadside_storm_drain"
      }
    },
    {
      "type": "Feature",
      "geometry": {
        "type": "LineString",
        "coordinates": [
          [
            77.632411,
            12.913778
          ],
          [
            77.632363,
            12.91378
          ]
        ]
      },
      "properties": {
        "id": "DE-00760",
        "from_node": "DN-00138",
        "to_node": "DN-00138",
        "length_m": 5.21,
        "diameter_m": 0.8,
        "slope": 0.001,
        "roughness_n": 0.013,
        "capacity_m3s": 0.418,
        "blockage_pct": 0.0,
        "channel_type": "roadside_storm_drain"
      }
    },
    {
      "type": "Feature",
      "geometry": {
        "type": "LineString",
        "coordinates": [
          [
            77.632363,
            12.91378
          ],
          [
            77.632368,
            12.913673
          ]
        ]
      },
      "properties": {
        "id": "DE-00761",
        "from_node": "DN-00138",
        "to_node": "DN-01080",
        "length_m": 11.91,
        "diameter_m": 0.8,
        "slope": 0.0361,
        "roughness_n": 0.013,
        "capacity_m3s": 2.512,
        "blockage_pct": 0.0,
        "channel_type": "roadside_storm_drain"
      }
    },
    {
      "type": "Feature",
      "geometry": {
        "type": "LineString",
        "coordinates": [
          [
            77.632546,
            12.907407
          ],
          [
            77.632549,
            12.90722
          ]
        ]
      },
      "properties": {
        "id": "DE-00762",
        "from_node": "DN-01081",
        "to_node": "DN-01082",
        "length_m": 20.8,
        "diameter_m": 0.8,
        "slope": 0.001,
        "roughness_n": 0.013,
        "capacity_m3s": 0.418,
        "blockage_pct": 0.0,
        "channel_type": "roadside_storm_drain"
      }
    },
    {
      "type": "Feature",
      "geometry": {
        "type": "LineString",
        "coordinates": [
          [
            77.632551,
            12.907134
          ],
          [
            77.632549,
            12.90722
          ]
        ]
      },
      "properties": {
        "id": "DE-00763",
        "from_node": "DN-01083",
        "to_node": "DN-01084",
        "length_m": 9.57,
        "diameter_m": 0.8,
        "slope": 0.0658,
        "roughness_n": 0.013,
        "capacity_m3s": 3.392,
        "blockage_pct": 0.0,
        "channel_type": "roadside_storm_drain"
      }
    },
    {
      "type": "Feature",
      "geometry": {
        "type": "LineString",
        "coordinates": [
          [
            77.632551,
            12.907134
          ],
          [
            77.632549,
            12.90722
          ]
        ]
      },
      "properties": {
        "id": "DE-00764",
        "from_node": "DN-01085",
        "to_node": "DN-01086",
        "length_m": 9.57,
        "diameter_m": 0.8,
        "slope": 0.0658,
        "roughness_n": 0.013,
        "capacity_m3s": 3.392,
        "blockage_pct": 0.0,
        "channel_type": "roadside_storm_drain"
      }
    },
    {
      "type": "Feature",
      "geometry": {
        "type": "LineString",
        "coordinates": [
          [
            77.609929,
            12.9314
          ],
          [
            77.609874,
            12.931154
          ]
        ]
      },
      "properties": {
        "id": "DE-00765",
        "from_node": "DN-01087",
        "to_node": "DN-00127",
        "length_m": 28.0,
        "diameter_m": 0.8,
        "slope": 0.0125,
        "roughness_n": 0.013,
        "capacity_m3s": 1.478,
        "blockage_pct": 0.0,
        "channel_type": "roadside_storm_drain"
      }
    },
    {
      "type": "Feature",
      "geometry": {
        "type": "LineString",
        "coordinates": [
          [
            77.600088,
            12.916818
          ],
          [
            77.607453,
            12.916681
          ]
        ]
      },
      "properties": {
        "id": "DE-00766",
        "from_node": "DN-01088",
        "to_node": "DN-01089",
        "length_m": 798.51,
        "diameter_m": 0.8,
        "slope": 0.0018,
        "roughness_n": 0.013,
        "capacity_m3s": 0.561,
        "blockage_pct": 0.0,
        "channel_type": "roadside_storm_drain"
      }
    },
    {
      "type": "Feature",
      "geometry": {
        "type": "LineString",
        "coordinates": [
          [
            77.607453,
            12.916681
          ],
          [
            77.607611,
            12.916816
          ]
        ]
      },
      "properties": {
        "id": "DE-00767",
        "from_node": "DN-01090",
        "to_node": "DN-01091",
        "length_m": 22.77,
        "diameter_m": 0.8,
        "slope": 0.0123,
        "roughness_n": 0.013,
        "capacity_m3s": 1.467,
        "blockage_pct": 0.0,
        "channel_type": "roadside_storm_drain"
      }
    },
    {
      "type": "Feature",
      "geometry": {
        "type": "LineString",
        "coordinates": [
          [
            77.610047,
            12.93281
          ],
          [
            77.609757,
            12.934054
          ]
        ]
      },
      "properties": {
        "id": "DE-00768",
        "from_node": "DN-01092",
        "to_node": "DN-01093",
        "length_m": 143.59,
        "diameter_m": 0.8,
        "slope": 0.0022,
        "roughness_n": 0.013,
        "capacity_m3s": 0.62,
        "blockage_pct": 0.0,
        "channel_type": "roadside_storm_drain"
      }
    },
    {
      "type": "Feature",
      "geometry": {
        "type": "LineString",
        "coordinates": [
          [
            77.610047,
            12.93281
          ],
          [
            77.609757,
            12.934054
          ]
        ]
      },
      "properties": {
        "id": "DE-00769",
        "from_node": "DN-01094",
        "to_node": "DN-01095",
        "length_m": 143.59,
        "diameter_m": 0.8,
        "slope": 0.0022,
        "roughness_n": 0.013,
        "capacity_m3s": 0.62,
        "blockage_pct": 0.0,
        "channel_type": "roadside_storm_drain"
      }
    },
    {
      "type": "Feature",
      "geometry": {
        "type": "LineString",
        "coordinates": [
          [
            77.629256,
            12.916944
          ],
          [
            77.627129,
            12.917407
          ]
        ]
      },
      "properties": {
        "id": "DE-00770",
        "from_node": "DN-00722",
        "to_node": "DN-01096",
        "length_m": 237.2,
        "diameter_m": 0.8,
        "slope": 0.0039,
        "roughness_n": 0.013,
        "capacity_m3s": 0.826,
        "blockage_pct": 0.0,
        "channel_type": "roadside_storm_drain"
      }
    },
    {
      "type": "Feature",
      "geometry": {
        "type": "LineString",
        "coordinates": [
          [
            77.610037,
            12.913952
          ],
          [
            77.610036,
            12.913993
          ]
        ]
      },
      "properties": {
        "id": "DE-00771",
        "from_node": "DN-00659",
        "to_node": "DN-00659",
        "length_m": 5.0,
        "diameter_m": 0.8,
        "slope": 0.001,
        "roughness_n": 0.013,
        "capacity_m3s": 0.418,
        "blockage_pct": 0.0,
        "channel_type": "roadside_storm_drain"
      }
    },
    {
      "type": "Feature",
      "geometry": {
        "type": "LineString",
        "coordinates": [
          [
            77.610074,
            12.932707
          ],
          [
            77.610088,
            12.932454
          ]
        ]
      },
      "properties": {
        "id": "DE-00772",
        "from_node": "DN-01097",
        "to_node": "DN-01098",
        "length_m": 28.17,
        "diameter_m": 0.8,
        "slope": 0.0128,
        "roughness_n": 0.013,
        "capacity_m3s": 1.496,
        "blockage_pct": 0.0,
        "channel_type": "roadside_storm_drain"
      }
    },
    {
      "type": "Feature",
      "geometry": {
        "type": "LineString",
        "coordinates": [
          [
            77.610074,
            12.932707
          ],
          [
            77.610088,
            12.932454
          ]
        ]
      },
      "properties": {
        "id": "DE-00773",
        "from_node": "DN-01099",
        "to_node": "DN-01100",
        "length_m": 28.17,
        "diameter_m": 0.8,
        "slope": 0.0128,
        "roughness_n": 0.013,
        "capacity_m3s": 1.496,
        "blockage_pct": 0.0,
        "channel_type": "roadside_storm_drain"
      }
    },
    {
      "type": "Feature",
      "geometry": {
        "type": "LineString",
        "coordinates": [
          [
            77.684512,
            12.910704
          ],
          [
            77.685318,
            12.910389
          ]
        ]
      },
      "properties": {
        "id": "DE-00774",
        "from_node": "DN-00855",
        "to_node": "DN-01101",
        "length_m": 94.12,
        "diameter_m": 0.8,
        "slope": 0.0073,
        "roughness_n": 0.013,
        "capacity_m3s": 1.13,
        "blockage_pct": 0.0,
        "channel_type": "roadside_storm_drain"
      }
    },
    {
      "type": "Feature",
      "geometry": {
        "type": "LineString",
        "coordinates": [
          [
            77.68,
            12.931515
          ],
          [
            77.681006,
            12.929288
          ]
        ]
      },
      "properties": {
        "id": "DE-00775",
        "from_node": "DN-01102",
        "to_node": "DN-01103",
        "length_m": 272.75,
        "diameter_m": 0.8,
        "slope": 0.001,
        "roughness_n": 0.013,
        "capacity_m3s": 0.418,
        "blockage_pct": 0.0,
        "channel_type": "roadside_storm_drain"
      }
    },
    {
      "type": "Feature",
      "geometry": {
        "type": "LineString",
        "coordinates": [
          [
            77.685782,
            12.926006
          ],
          [
            77.685823,
            12.925861
          ]
        ]
      },
      "properties": {
        "id": "DE-00776",
        "from_node": "DN-00271",
        "to_node": "DN-01104",
        "length_m": 16.72,
        "diameter_m": 0.8,
        "slope": 0.001,
        "roughness_n": 0.013,
        "capacity_m3s": 0.418,
        "blockage_pct": 0.0,
        "channel_type": "roadside_storm_drain"
      }
    },
    {
      "type": "Feature",
      "geometry": {
        "type": "LineString",
        "coordinates": [
          [
            77.685897,
            12.925461
          ],
          [
            77.68594,
            12.925253
          ]
        ]
      },
      "properties": {
        "id": "DE-00777",
        "from_node": "DN-01062",
        "to_node": "DN-01063",
        "length_m": 23.59,
        "diameter_m": 0.8,
        "slope": 0.0013,
        "roughness_n": 0.013,
        "capacity_m3s": 0.477,
        "blockage_pct": 0.0,
        "channel_type": "roadside_storm_drain"
      }
    },
    {
      "type": "Feature",
      "geometry": {
        "type": "LineString",
        "coordinates": [
          [
            77.679878,
            12.931729
          ],
          [
            77.679829,
            12.932355
          ]
        ]
      },
      "properties": {
        "id": "DE-00778",
        "from_node": "DN-01105",
        "to_node": "DN-01106",
        "length_m": 69.81,
        "diameter_m": 0.8,
        "slope": 0.0049,
        "roughness_n": 0.013,
        "capacity_m3s": 0.926,
        "blockage_pct": 0.0,
        "channel_type": "roadside_storm_drain"
      }
    },
    {
      "type": "Feature",
      "geometry": {
        "type": "LineString",
        "coordinates": [
          [
            77.679948,
            12.931498
          ],
          [
            77.679878,
            12.931729
          ]
        ]
      },
      "properties": {
        "id": "DE-00779",
        "from_node": "DN-01107",
        "to_node": "DN-01108",
        "length_m": 26.78,
        "diameter_m": 0.8,
        "slope": 0.0063,
        "roughness_n": 0.013,
        "capacity_m3s": 1.05,
        "blockage_pct": 0.0,
        "channel_type": "roadside_storm_drain"
      }
    },
    {
      "type": "Feature",
      "geometry": {
        "type": "LineString",
        "coordinates": [
          [
            77.62141,
            12.91671
          ],
          [
            77.621518,
            12.916776
          ]
        ]
      },
      "properties": {
        "id": "DE-00780",
        "from_node": "DN-00869",
        "to_node": "DN-00527",
        "length_m": 13.8,
        "diameter_m": 0.8,
        "slope": 0.0268,
        "roughness_n": 0.013,
        "capacity_m3s": 2.165,
        "blockage_pct": 0.0,
        "channel_type": "roadside_storm_drain"
      }
    }
  ]
}