{
  "type": "FeatureCollection",
  "features": [
    {
      "type": "Feature",
      "geometry": {
        "type": "LineString",
        "coordinates": [
          [
            80.234102,
            13.041814
          ],
          [
            80.234139,
            13.041809
          ]
        ]
      },
      "properties": {
        "id": "DE-00001",
        "from_node": "DN-00001",
        "to_node": "DN-00001",
        "length_m": 5.0,
        "diameter_m": 0.8,
        "slope": 0.001,
        "roughness_n": 0.013,
        "capacity_m3s": 0.418,
        "blockage_pct": 0.0,
        "channel_type": "roadside_storm_drain"
      }
    },
    {
      "type": "Feature",
      "geometry": {
        "type": "LineString",
        "coordinates": [
          [
            80.234139,
            13.041809
          ],
          [
            80.234102,
            13.041814
          ]
        ]
      },
      "properties": {
        "id": "DE-00002",
        "from_node": "DN-00001",
        "to_node": "DN-00001",
        "length_m": 5.0,
        "diameter_m": 0.8,
        "slope": 0.001,
        "roughness_n": 0.013,
        "capacity_m3s": 0.418,
        "blockage_pct": 0.0,
        "channel_type": "roadside_storm_drain"
      }
    },
    {
      "type": "Feature",
      "geometry": {
        "type": "LineString",
        "coordinates": [
          [
            80.234139,
            13.041809
          ],
          [
            80.234063,
            13.041819
          ]
        ]
      },
      "properties": {
        "id": "DE-00003",
        "from_node": "DN-00001",
        "to_node": "DN-00001",
        "length_m": 8.31,
        "diameter_m": 0.8,
        "slope": 0.001,
        "roughness_n": 0.013,
        "capacity_m3s": 0.418,
        "blockage_pct": 0.0,
        "channel_type": "roadside_storm_drain"
      }
    },
    {
      "type": "Feature",
      "geometry": {
        "type": "LineString",
        "coordinates": [
          [
            80.234204,
            13.041818
          ],
          [
            80.234263,
            13.041847
          ]
        ]
      },
      "properties": {
        "id": "DE-00004",
        "from_node": "DN-00002",
        "to_node": "DN-00003",
        "length_m": 7.16,
        "diameter_m": 0.8,
        "slope": 0.0293,
        "roughness_n": 0.013,
        "capacity_m3s": 2.263,
        "blockage_pct": 0.0,
        "channel_type": "roadside_storm_drain"
      }
    },
    {
      "type": "Feature",
      "geometry": {
        "type": "LineString",
        "coordinates": [
          [
            80.234263,
            13.041847
          ],
          [
            80.235171,
            13.042369
          ]
        ]
      },
      "properties": {
        "id": "DE-00005",
        "from_node": "DN-00004",
        "to_node": "DN-00005",
        "length_m": 114.21,
        "diameter_m": 0.8,
        "slope": 0.0074,
        "roughness_n": 0.013,
        "capacity_m3s": 1.138,
        "blockage_pct": 0.0,
        "channel_type": "roadside_storm_drain"
      }
    },
    {
      "type": "Feature",
      "geometry": {
        "type": "LineString",
        "coordinates": [
          [
            80.235171,
            13.042369
          ],
          [
            80.235435,
            13.042513
          ]
        ]
      },
      "properties": {
        "id": "DE-00006",
        "from_node": "DN-00006",
        "to_node": "DN-00007",
        "length_m": 32.78,
        "diameter_m": 0.8,
        "slope": 0.0143,
        "roughness_n": 0.013,
        "capacity_m3s": 1.581,
        "blockage_pct": 0.0,
        "channel_type": "roadside_storm_drain"
      }
    },
    {
      "type": "Feature",
      "geometry": {
        "type": "LineString",
        "coordinates": [
          [
            80.235435,
            13.042513
          ],
          [
            80.235822,
            13.042712
          ]
        ]
      },
      "properties": {
        "id": "DE-00007",
        "from_node": "DN-00008",
        "to_node": "DN-00009",
        "length_m": 47.4,
        "diameter_m": 0.8,
        "slope": 0.0063,
        "roughness_n": 0.013,
        "capacity_m3s": 1.05,
        "blockage_pct": 0.0,
        "channel_type": "roadside_storm_drain"
      }
    },
    {
      "type": "Feature",
      "geometry": {
        "type": "LineString",
        "coordinates": [
          [
            80.235822,
            13.042712
          ],
          [
            80.235832,
            13.042734
          ]
        ]
      },
      "properties": {
        "id": "DE-00008",
        "from_node": "DN-00010",
        "to_node": "DN-00011",
        "length_m": 5.0,
        "diameter_m": 0.8,
        "slope": 0.001,
        "roughness_n": 0.013,
        "capacity_m3s": 0.418,
        "blockage_pct": 0.0,
        "channel_type": "roadside_storm_drain"
      }
    },
    {
      "type": "Feature",
      "geometry": {
        "type": "LineString",
        "coordinates": [
          [
            80.235832,
            13.042734
          ],
          [
            80.23585,
            13.042752
          ]
        ]
      },
      "properties": {
        "id": "DE-00009",
        "from_node": "DN-00012",
        "to_node": "DN-00013",
        "length_m": 5.0,
        "diameter_m": 0.8,
        "slope": 0.001,
        "roughness_n": 0.013,
        "capacity_m3s": 0.418,
        "blockage_pct": 0.0,
        "channel_type": "roadside_storm_drain"
      }
    },
    {
      "type": "Feature",
      "geometry": {
        "type": "LineString",
        "coordinates": [
          [
            80.23585,
            13.042752
          ],
          [
            80.23594,
            13.042757
          ]
        ]
      },
      "properties": {
        "id": "DE-00010",
        "from_node": "DN-00014",
        "to_node": "DN-00015",
        "length_m": 10.21,
        "diameter_m": 0.8,
        "slope": 0.001,
        "roughness_n": 0.013,
        "capacity_m3s": 0.418,
        "blockage_pct": 0.0,
        "channel_type": "roadside_storm_drain"
      }
    },
    {
      "type": "Feature",
      "geometry": {
        "type": "LineString",
        "coordinates": [
          [
            80.23594,
            13.042757
          ],
          [
            80.23585,
            13.042752
          ]
        ]
      },
      "properties": {
        "id": "DE-00011",
        "from_node": "DN-00016",
        "to_node": "DN-00017",
        "length_m": 10.21,
        "diameter_m": 0.8,
        "slope": 0.001,
        "roughness_n": 0.013,
        "capacity_m3s": 0.418,
        "blockage_pct": 0.0,
        "channel_type": "roadside_storm_drain"
      }
    },
    {
      "type": "Feature",
      "geometry": {
        "type": "LineString",
        "coordinates": [
          [
            80.23594,
            13.042757
          ],
          [
            80.236889,
            13.04326
          ]
        ]
      },
      "properties": {
        "id": "DE-00012",
        "from_node": "DN-00018",
        "to_node": "DN-00019",
        "length_m": 117.03,
        "diameter_m": 0.8,
        "slope": 0.001,
        "roughness_n": 0.013,
        "capacity_m3s": 0.418,
        "blockage_pct": 0.0,
        "channel_type": "roadside_storm_drain"
      }
    },
    {
      "type": "Feature",
      "geometry": {
        "type": "LineString",
        "coordinates": [
          [
            80.237375,
            13.043514
          ],
          [
            80.236889,
            13.04326
          ]
        ]
      },
      "properties": {
        "id": "DE-00013",
        "from_node": "DN-00020",
        "to_node": "DN-00021",
        "length_m": 59.74,
        "diameter_m": 0.8,
        "slope": 0.0033,
        "roughness_n": 0.013,
        "capacity_m3s": 0.76,
        "blockage_pct": 0.0,
        "channel_type": "roadside_storm_drain"
      }
    },
    {
      "type": "Feature",
      "geometry": {
        "type": "LineString",
        "coordinates": [
          [
            80.237844,
            13.043775
          ],
          [
            80.237375,
            13.043514
          ]
        ]
      },
      "properties": {
        "id": "DE-00014",
        "from_node": "DN-00022",
        "to_node": "DN-00023",
        "length_m": 58.51,
        "diameter_m": 0.8,
        "slope": 0.005,
        "roughness_n": 0.013,
        "capacity_m3s": 0.935,
        "blockage_pct": 0.0,
        "channel_type": "roadside_storm_drain"
      }
    },
    {
      "type": "Feature",
      "geometry": {
        "type": "LineString",
        "coordinates": [
          [
            80.238322,
            13.044056
          ],
          [
            80.237844,
            13.043775
          ]
        ]
      },
      "properties": {
        "id": "DE-00015",
        "from_node": "DN-00024",
        "to_node": "DN-00025",
        "length_m": 60.48,
        "diameter_m": 0.8,
        "slope": 0.0106,
        "roughness_n": 0.013,
        "capacity_m3s": 1.361,
        "blockage_pct": 0.0,
        "channel_type": "roadside_storm_drain"
      }
    },
    {
      "type": "Feature",
      "geometry": {
        "type": "LineString",
        "coordinates": [
          [
            80.238322,
            13.044056
          ],
          [
            80.242281,
            13.046245
          ]
        ]
      },
      "properties": {
        "id": "DE-00016",
        "from_node": "DN-00026",
        "to_node": "DN-00027",
        "length_m": 493.13,
        "diameter_m": 0.8,
        "slope": 0.0012,
        "roughness_n": 0.013,
        "capacity_m3s": 0.458,
        "blockage_pct": 0.0,
        "channel_type": "roadside_storm_drain"
      }
    },
    {
      "type": "Feature",
      "geometry": {
        "type": "LineString",
        "coordinates": [
          [
            80.238323,
            13.0441
          ],
          [
            80.23999,
            13.045066
          ]
        ]
      },
      "properties": {
        "id": "DE-00017",
        "from_node": "DN-00028",
        "to_node": "DN-00029",
        "length_m": 210.11,
        "diameter_m": 0.8,
        "slope": 0.0036,
        "roughness_n": 0.013,
        "capacity_m3s": 0.793,
        "blockage_pct": 0.0,
        "channel_type": "roadside_storm_drain"
      }
    },
    {
      "type": "Feature",
      "geometry": {
        "type": "LineString",
        "coordinates": [
          [
            80.23999,
            13.045066
          ],
          [
            80.240069,
            13.045324
          ]
        ]
      },
      "properties": {
        "id": "DE-00018",
        "from_node": "DN-00030",
        "to_node": "DN-00031",
        "length_m": 30.0,
        "diameter_m": 0.8,
        "slope": 0.0023,
        "roughness_n": 0.013,
        "capacity_m3s": 0.634,
        "blockage_pct": 0.0,
        "channel_type": "roadside_storm_drain"
      }
    },
    {
      "type": "Feature",
      "geometry": {
        "type": "LineString",
        "coordinates": [
          [
            80.239822,
            13.045644
          ],
          [
            80.240069,
            13.045324
          ]
        ]
      },
      "properties": {
        "id": "DE-00019",
        "from_node": "DN-00032",
        "to_node": "DN-00031",
        "length_m": 44.52,
        "diameter_m": 0.8,
        "slope": 0.0034,
        "roughness_n": 0.013,
        "capacity_m3s": 0.771,
        "blockage_pct": 0.0,
        "channel_type": "roadside_storm_drain"
      }
    },
    {
      "type": "Feature",
      "geometry": {
        "type": "LineString",
        "coordinates": [
          [
            80.239822,
            13.045644
          ],
          [
            80.240069,
            13.045324
          ]
        ]
      },
      "properties": {
        "id": "DE-00020",
        "from_node": "DN-00033",
        "to_node": "DN-00031",
        "length_m": 44.52,
        "diameter_m": 0.8,
        "slope": 0.0034,
        "roughness_n": 0.013,
        "capacity_m3s": 0.771,
        "blockage_pct": 0.0,
        "channel_type": "roadside_storm_drain"
      }
    },
    {
      "type": "Feature",
      "geometry": {
        "type": "LineString",
        "coordinates": [
          [
            80.239678,
            13.045866
          ],
          [
            80.239822,
            13.045644
          ]
        ]
      },
      "properties": {
        "id": "DE-00021",
        "from_node": "DN-00034",
        "to_node": "DN-00035",
        "length_m": 29.2,
        "diameter_m": 0.8,
        "slope": 0.0051,
        "roughness_n": 0.013,
        "capacity_m3s": 0.944,
        "blockage_pct": 0.0,
        "channel_type": "roadside_storm_drain"
      }
    },
    {
      "type": "Feature",
      "geometry": {
        "type": "LineString",
        "coordinates": [
          [
            80.239593,
            13.045998
          ],
          [
            80.239678,
            13.045866
          ]
        ]
      },
      "properties": {
        "id": "DE-00022",
        "from_node": "DN-00036",
        "to_node": "DN-00037",
        "length_m": 17.33,
        "diameter_m": 0.8,
        "slope": 0.001,
        "roughness_n": 0.013,
        "capacity_m3s": 0.418,
        "blockage_pct": 0.0,
        "channel_type": "roadside_storm_drain"
      }
    },
    {
      "type": "Feature",
      "geometry": {
        "type": "LineString",
        "coordinates": [
          [
            80.239556,
            13.046055
          ],
          [
            80.239593,
            13.045998
          ]
        ]
      },
      "properties": {
        "id": "DE-00023",
        "from_node": "DN-00038",
        "to_node": "DN-00039",
        "length_m": 7.5,
        "diameter_m": 0.8,
        "slope": 0.001,
        "roughness_n": 0.013,
        "capacity_m3s": 0.418,
        "blockage_pct": 0.0,
        "channel_type": "roadside_storm_drain"
      }
    },
    {
      "type": "Feature",
      "geometry": {
        "type": "LineString",
        "coordinates": [
          [
            80.239529,
            13.046095
          ],
          [
            80.239556,
            13.046055
          ]
        ]
      },
      "properties": {
        "id": "DE-00024",
        "from_node": "DN-00040",
        "to_node": "DN-00041",
        "length_m": 5.32,
        "diameter_m": 0.8,
        "slope": 0.0282,
        "roughness_n": 0.013,
        "capacity_m3s": 2.221,
        "blockage_pct": 0.0,
        "channel_type": "roadside_storm_drain"
      }
    },
    {
      "type": "Feature",
      "geometry": {
        "type": "LineString",
        "coordinates": [
          [
            80.239498,
            13.046131
          ],
          [
            80.239529,
            13.046095
          ]
        ]
      },
      "properties": {
        "id": "DE-00025",
        "from_node": "DN-00042",
        "to_node": "DN-00043",
        "length_m": 5.23,
        "diameter_m": 0.8,
        "slope": 0.001,
        "roughness_n": 0.013,
        "capacity_m3s": 0.418,
        "blockage_pct": 0.0,
        "channel_type": "roadside_storm_drain"
      }
    },
    {
      "type": "Feature",
      "geometry": {
        "type": "LineString",
        "coordinates": [
          [
            80.239465,
            13.046169
          ],
          [
            80.239498,
            13.046131
          ]
        ]
      },
      "properties": {
        "id": "DE-00026",
        "from_node": "DN-00044",
        "to_node": "DN-00045",
        "length_m": 5.53,
        "diameter_m": 0.8,
        "slope": 0.001,
        "roughness_n": 0.013,
        "capacity_m3s": 0.418,
        "blockage_pct": 0.0,
        "channel_type": "roadside_storm_drain"
      }
    },
    {
      "type": "Feature",
      "geometry": {
        "type": "LineString",
        "coordinates": [
          [
            80.239439,
            13.046202
          ],
          [
            80.239465,
            13.046169
          ]
        ]
      },
      "properties": {
        "id": "DE-00027",
        "from_node": "DN-00046",
        "to_node": "DN-00047",
        "length_m": 5.0,
        "diameter_m": 0.8,
        "slope": 0.001,
        "roughness_n": 0.013,
        "capacity_m3s": 0.418,
        "blockage_pct": 0.0,
        "channel_type": "roadside_storm_drain"
      }
    },
    {
      "type": "Feature",
      "geometry": {
        "type": "LineString",
        "coordinates": [
          [
            80.239431,
            13.046228
          ],
          [
            80.239439,
            13.046202
          ]
        ]
      },
      "properties": {
        "id": "DE-00028",
        "from_node": "DN-00048",
        "to_node": "DN-00049",
        "length_m": 5.0,
        "diameter_m": 0.8,
        "slope": 0.001,
        "roughness_n": 0.013,
        "capacity_m3s": 0.418,
        "blockage_pct": 0.0,
        "channel_type": "roadside_storm_drain"
      }
    },
    {
      "type": "Feature",
      "geometry": {
        "type": "LineString",
        "coordinates": [
          [
            80.239424,
            13.046253
          ],
          [
            80.239431,
            13.046228
          ]
        ]
      },
      "properties": {
        "id": "DE-00029",
        "from_node": "DN-00050",
        "to_node": "DN-00051",
        "length_m": 5.0,
        "diameter_m": 0.8,
        "slope": 0.001,
        "roughness_n": 0.013,
        "capacity_m3s": 0.418,
        "blockage_pct": 0.0,
        "channel_type": "roadside_storm_drain"
      }
    },
    {
      "type": "Feature",
      "geometry": {
        "type": "LineString",
        "coordinates": [
          [
            80.239431,
            13.046281
          ],
          [
            80.239424,
            13.046253
          ]
        ]
      },
      "properties": {
        "id": "DE-00030",
        "from_node": "DN-00052",
        "to_node": "DN-00053",
        "length_m": 5.0,
        "diameter_m": 0.8,
        "slope": 0.001,
        "roughness_n": 0.013,
        "capacity_m3s": 0.418,
        "blockage_pct": 0.0,
        "channel_type": "roadside_storm_drain"
      }
    },
    {
      "type": "Feature",
      "geometry": {
        "type": "LineString",
        "coordinates": [
          [
            80.239151,
            13.046357
          ],
          [
            80.239431,
            13.046281
          ]
        ]
      },
      "properties": {
        "id": "DE-00031",
        "from_node": "DN-00054",
        "to_node": "DN-00055",
        "length_m": 31.49,
        "diameter_m": 0.8,
        "slope": 0.0048,
        "roughness_n": 0.013,
        "capacity_m3s": 0.916,
        "blockage_pct": 0.0,
        "channel_type": "roadside_storm_drain"
      }
    },
    {
      "type": "Feature",
      "geometry": {
        "type": "LineString",
        "coordinates": [
          [
            80.239442,
            13.046295
          ],
          [
            80.239431,
            13.046281
          ]
        ]
      },
      "properties": {
        "id": "DE-00032",
        "from_node": "DN-00056",
        "to_node": "DN-00057",
        "length_m": 5.0,
        "diameter_m": 0.8,
        "slope": 0.001,
        "roughness_n": 0.013,
        "capacity_m3s": 0.418,
        "blockage_pct": 0.0,
        "channel_type": "roadside_storm_drain"
      }
    },
    {
      "type": "Feature",
      "geometry": {
        "type": "LineString",
        "coordinates": [
          [
            80.239488,
            13.04631
          ],
          [
            80.239442,
            13.046295
          ]
        ]
      },
      "properties": {
        "id": "DE-00033",
        "from_node": "DN-00058",
        "to_node": "DN-00059",
        "length_m": 5.25,
        "diameter_m": 0.8,
        "slope": 0.001,
        "roughness_n": 0.013,
        "capacity_m3s": 0.418,
        "blockage_pct": 0.0,
        "channel_type": "roadside_storm_drain"
      }
    },
    {
      "type": "Feature",
      "geometry": {
        "type": "LineString",
        "coordinates": [
          [
            80.239539,
            13.046335
          ],
          [
            80.239488,
            13.04631
          ]
        ]
      },
      "properties": {
        "id": "DE-00034",
        "from_node": "DN-00060",
        "to_node": "DN-00061",
        "length_m": 6.18,
        "diameter_m": 0.8,
        "slope": 0.001,
        "roughness_n": 0.013,
        "capacity_m3s": 0.418,
        "blockage_pct": 0.0,
        "channel_type": "roadside_storm_drain"
      }
    },
    {
      "type": "Feature",
      "geometry": {
        "type": "LineString",
        "coordinates": [
          [
            80.239539,
            13.046335
          ],
          [
            80.239573,
            13.046399
          ]
        ]
      },
      "properties": {
        "id": "DE-00035",
        "from_node": "DN-00060",
        "to_node": "DN-00060",
        "length_m": 8.01,
        "diameter_m": 0.8,
        "slope": 0.0187,
        "roughness_n": 0.013,
        "capacity_m3s": 1.808,
        "blockage_pct": 0.0,
        "channel_type": "roadside_storm_drain"
      }
    },
    {
      "type": "Feature",
      "geometry": {
        "type": "LineString",
        "coordinates": [
          [
            80.239579,
            13.046441
          ],
          [
            80.239573,
            13.046399
          ]
        ]
      },
      "properties": {
        "id": "DE-00036",
        "from_node": "DN-00062",
        "to_node": "DN-00060",
        "length_m": 5.0,
        "diameter_m": 0.8,
        "slope": 0.001,
        "roughness_n": 0.013,
        "capacity_m3s": 0.418,
        "blockage_pct": 0.0,
        "channel_type": "roadside_storm_drain"
      }
    },
    {
      "type": "Feature",
      "geometry": {
        "type": "LineString",
        "coordinates": [
          [
            80.23964,
            13.046743
          ],
          [
            80.239579,
            13.046441
          ]
        ]
      },
      "properties": {
        "id": "DE-00037",
        "from_node": "DN-00063",
        "to_node": "DN-00064",
        "length_m": 34.22,
        "diameter_m": 0.8,
        "slope": 0.001,
        "roughness_n": 0.013,
        "capacity_m3s": 0.418,
        "blockage_pct": 0.0,
        "channel_type": "roadside_storm_drain"
      }
    },
    {
      "type": "Feature",
      "geometry": {
        "type": "LineString",
        "coordinates": [
          [
            80.239695,
            13.04702
          ],
          [
            80.23964,
            13.046743
          ]
        ]
      },
      "properties": {
        "id": "DE-00038",
        "from_node": "DN-00065",
        "to_node": "DN-00066",
        "length_m": 31.37,
        "diameter_m": 0.8,
        "slope": 0.001,
        "roughness_n": 0.013,
        "capacity_m3s": 0.418,
        "blockage_pct": 0.0,
        "channel_type": "roadside_storm_drain"
      }
    },
    {
      "type": "Feature",
      "geometry": {
        "type": "LineString",
        "coordinates": [
          [
            80.239695,
            13.04702
          ],
          [
            80.239772,
            13.047376
          ]
        ]
      },
      "properties": {
        "id": "DE-00039",
        "from_node": "DN-00067",
        "to_node": "DN-00068",
        "length_m": 40.45,
        "diameter_m": 0.8,
        "slope": 0.0037,
        "roughness_n": 0.013,
        "capacity_m3s": 0.804,
        "blockage_pct": 0.0,
        "channel_type": "roadside_storm_drain"
      }
    },
    {
      "type": "Feature",
      "geometry": {
        "type": "LineString",
        "coordinates": [
          [
            80.239854,
            13.047737
          ],
          [
            80.239772,
            13.047376
          ]
        ]
      },
      "properties": {
        "id": "DE-00040",
        "from_node": "DN-00069",
        "to_node": "DN-00070",
        "length_m": 41.11,
        "diameter_m": 0.8,
        "slope": 0.001,
        "roughness_n": 0.013,
        "capacity_m3s": 0.418,
        "blockage_pct": 0.0,
        "channel_type": "roadside_storm_drain"
      }
    },
    {
      "type": "Feature",
      "geometry": {
        "type": "LineString",
        "coordinates": [
          [
            80.239926,
            13.048042
          ],
          [
            80.239854,
            13.047737
          ]
        ]
      },
      "properties": {
        "id": "DE-00041",
        "from_node": "DN-00071",
        "to_node": "DN-00072",
        "length_m": 34.8,
        "diameter_m": 0.8,
        "slope": 0.001,
        "roughness_n": 0.013,
        "capacity_m3s": 0.418,
        "blockage_pct": 0.0,
        "channel_type": "roadside_storm_drain"
      }
    },
    {
      "type": "Feature",
      "geometry": {
        "type": "LineString",
        "coordinates": [
          [
            80.239926,
            13.048042
          ],
          [
            80.240059,
            13.048707
          ]
        ]
      },
      "properties": {
        "id": "DE-00042",
        "from_node": "DN-00073",
        "to_node": "DN-00074",
        "length_m": 75.34,
        "diameter_m": 0.8,
        "slope": 0.002,
        "roughness_n": 0.013,
        "capacity_m3s": 0.591,
        "blockage_pct": 0.0,
        "channel_type": "roadside_storm_drain"
      }
    },
    {
      "type": "Feature",
      "geometry": {
        "type": "LineString",
        "coordinates": [
          [
            80.240059,
            13.048707
          ],
          [
            80.240167,
            13.049238
          ]
        ]
      },
      "properties": {
        "id": "DE-00043",
        "from_node": "DN-00075",
        "to_node": "DN-00076",
        "length_m": 60.19,
        "diameter_m": 0.8,
        "slope": 0.0028,
        "roughness_n": 0.013,
        "capacity_m3s": 0.7,
        "blockage_pct": 0.0,
        "channel_type": "roadside_storm_drain"
      }
    },
    {
      "type": "Feature",
      "geometry": {
        "type": "LineString",
        "coordinates": [
          [
            80.240167,
            13.049238
          ],
          [
            80.240204,
            13.04942
          ]
        ]
      },
      "properties": {
        "id": "DE-00044",
        "from_node": "DN-00077",
        "to_node": "DN-00078",
        "length_m": 20.63,
        "diameter_m": 0.8,
        "slope": 0.0019,
        "roughness_n": 0.013,
        "capacity_m3s": 0.576,
        "blockage_pct": 0.0,
        "channel_type": "roadside_storm_drain"
      }
    },
    {
      "type": "Feature",
      "geometry": {
        "type": "LineString",
        "coordinates": [
          [
            80.240204,
            13.04942
          ],
          [
            80.240271,
            13.049743
          ]
        ]
      },
      "properties": {
        "id": "DE-00045",
        "from_node": "DN-00079",
        "to_node": "DN-00080",
        "length_m": 36.64,
        "diameter_m": 0.8,
        "slope": 0.0019,
        "roughness_n": 0.013,
        "capacity_m3s": 0.576,
        "blockage_pct": 0.0,
        "channel_type": "roadside_storm_drain"
      }
    },
    {
      "type": "Feature",
      "geometry": {
        "type": "LineString",
        "coordinates": [
          [
            80.240271,
            13.049743
          ],
          [
            80.240415,
            13.050494
          ]
        ]
      },
      "properties": {
        "id": "DE-00046",
        "from_node": "DN-00081",
        "to_node": "DN-00082",
        "length_m": 84.95,
        "diameter_m": 0.8,
        "slope": 0.0034,
        "roughness_n": 0.013,
        "capacity_m3s": 0.771,
        "blockage_pct": 0.0,
        "channel_type": "roadside_storm_drain"
      }
    },
    {
      "type": "Feature",
      "geometry": {
        "type": "LineString",
        "coordinates": [
          [
            80.240415,
            13.050494
          ],
          [
            80.240509,
            13.050943
          ]
        ]
      },
      "properties": {
        "id": "DE-00047",
        "from_node": "DN-00083",
        "to_node": "DN-00084",
        "length_m": 50.95,
        "diameter_m": 0.8,
        "slope": 0.0024,
        "roughness_n": 0.013,
        "capacity_m3s": 0.648,
        "blockage_pct": 0.0,
        "channel_type": "roadside_storm_drain"
      }
    },
    {
      "type": "Feature",
      "geometry": {
        "type": "LineString",
        "coordinates": [
          [
            80.240509,
            13.050943
          ],
          [
            80.240642,
            13.051491
          ]
        ]
      },
      "properties": {
        "id": "DE-00048",
        "from_node": "DN-00085",
        "to_node": "DN-00086",
        "length_m": 62.61,
        "diameter_m": 0.8,
        "slope": 0.0045,
        "roughness_n": 0.013,
        "capacity_m3s": 0.887,
        "blockage_pct": 0.0,
        "channel_type": "roadside_storm_drain"
      }
    },
    {
      "type": "Feature",
      "geometry": {
        "type": "LineString",
        "coordinates": [
          [
            80.240642,
            13.051491
          ],
          [
            80.24075,
            13.052
          ]
        ]
      },
      "properties": {
        "id": "DE-00049",
        "from_node": "DN-00087",
        "to_node": "DN-00088",
        "length_m": 57.79,
        "diameter_m": 0.8,
        "slope": 0.0022,
        "roughness_n": 0.013,
        "capacity_m3s": 0.62,
        "blockage_pct": 0.0,
        "channel_type": "roadside_storm_drain"
      }
    },
    {
      "type": "Feature",
      "geometry": {
        "type": "LineString",
        "coordinates": [
          [
            80.24075,
            13.052
          ],
          [
            80.240782,
            13.052126
          ]
        ]
      },
      "properties": {
        "id": "DE-00050",
        "from_node": "DN-00089",
        "to_node": "DN-00090",
        "length_m": 14.43,
        "diameter_m": 0.8,
        "slope": 0.0035,
        "roughness_n": 0.013,
        "capacity_m3s": 0.782,
        "blockage_pct": 0.0,
        "channel_type": "roadside_storm_drain"
      }
    },
    {
      "type": "Feature",
      "geometry": {
        "type": "LineString",
        "coordinates": [
          [
            80.240782,
            13.052126
          ],
          [
            80.240806,
            13.052215
          ]
        ]
      },
      "properties": {
        "id": "DE-00051",
        "from_node": "DN-00091",
        "to_node": "DN-00092",
        "length_m": 10.23,
        "diameter_m": 0.8,
        "slope": 0.0205,
        "roughness_n": 0.013,
        "capacity_m3s": 1.893,
        "blockage_pct": 0.0,
        "channel_type": "roadside_storm_drain"
      }
    },
    {
      "type": "Feature",
      "geometry": {
        "type": "LineString",
        "coordinates": [
          [
            80.240831,
            13.052298
          ],
          [
            80.240806,
            13.052215
          ]
        ]
      },
      "properties": {
        "id": "DE-00052",
        "from_node": "DN-00093",
        "to_node": "DN-00094",
        "length_m": 9.62,
        "diameter_m": 0.8,
        "slope": 0.001,
        "roughness_n": 0.013,
        "capacity_m3s": 0.418,
        "blockage_pct": 0.0,
        "channel_type": "roadside_storm_drain"
      }
    },
    {
      "type": "Feature",
      "geometry": {
        "type": "LineString",
        "coordinates": [
          [
            80.240831,
            13.052298
          ],
          [
            80.240856,
            13.052371
          ]
        ]
      },
      "properties": {
        "id": "DE-00053",
        "from_node": "DN-00095",
        "to_node": "DN-00096",
        "length_m": 8.56,
        "diameter_m": 0.8,
        "slope": 0.0058,
        "roughness_n": 0.013,
        "capacity_m3s": 1.007,
        "blockage_pct": 0.0,
        "channel_type": "roadside_storm_drain"
      }
    },
    {
      "type": "Feature",
      "geometry": {
        "type": "LineString",
        "coordinates": [
          [
            80.24089,
            13.052432
          ],
          [
            80.240856,
            13.052371
          ]
        ]
      },
      "properties": {
        "id": "DE-00054",
        "from_node": "DN-00097",
        "to_node": "DN-00098",
        "length_m": 7.72,
        "diameter_m": 0.8,
        "slope": 0.001,
        "roughness_n": 0.013,
        "capacity_m3s": 0.418,
        "blockage_pct": 0.0,
        "channel_type": "roadside_storm_drain"
      }
    },
    {
      "type": "Feature",
      "geometry": {
        "type": "LineString",
        "coordinates": [
          [
            80.234122,
            13.053813
          ],
          [
            80.24089,
            13.052432
          ]
        ]
      },
      "properties": {
        "id": "DE-00055",
        "from_node": "DN-00099",
        "to_node": "DN-00100",
        "length_m": 749.47,
        "diameter_m": 0.8,
        "slope": 0.003,
        "roughness_n": 0.013,
        "capacity_m3s": 0.724,
        "blockage_pct": 0.0,
        "channel_type": "roadside_storm_drain"
      }
    },
    {
      "type": "Feature",
      "geometry": {
        "type": "LineString",
        "coordinates": [
          [
            80.240999,
            13.052539
          ],
          [
            80.24124,
            13.052545
          ]
        ]
      },
      "properties": {
        "id": "DE-00056",
        "from_node": "DN-00101",
        "to_node": "DN-00102",
        "length_m": 26.11,
        "diameter_m": 0.8,
        "slope": 0.001,
        "roughness_n": 0.013,
        "capacity_m3s": 0.418,
        "blockage_pct": 0.0,
        "channel_type": "roadside_storm_drain"
      }
    },
    {
      "type": "Feature",
      "geometry": {
        "type": "LineString",
        "coordinates": [
          [
            80.240999,
            13.052539
          ],
          [
            80.24124,
            13.052545
          ]
        ]
      },
      "properties": {
        "id": "DE-00057",
        "from_node": "DN-00103",
        "to_node": "DN-00104",
        "length_m": 26.11,
        "diameter_m": 0.8,
        "slope": 0.001,
        "roughness_n": 0.013,
        "capacity_m3s": 0.418,
        "blockage_pct": 0.0,
        "channel_type": "roadside_storm_drain"
      }
    },
    {
      "type": "Feature",
      "geometry": {
        "type": "LineString",
        "coordinates": [
          [
            80.241562,
            13.052604
          ],
          [
            80.24124,
            13.052545
          ]
        ]
      },
      "properties": {
        "id": "DE-00058",
        "from_node": "DN-00105",
        "to_node": "DN-00106",
        "length_m": 35.49,
        "diameter_m": 0.8,
        "slope": 0.0039,
        "roughness_n": 0.013,
        "capacity_m3s": 0.826,
        "blockage_pct": 0.0,
        "channel_type": "roadside_storm_drain"
      }
    },
    {
      "type": "Feature",
      "geometry": {
        "type": "LineString",
        "coordinates": [
          [
            80.241562,
            13.052604
          ],
          [
            80.241,
            13.052427
          ]
        ]
      },
      "properties": {
        "id": "DE-00059",
        "from_node": "DN-00107",
        "to_node": "DN-00108",
        "length_m": 72.7,
        "diameter_m": 0.8,
        "slope": 0.001,
        "roughness_n": 0.013,
        "capacity_m3s": 0.418,
        "blockage_pct": 0.0,
        "channel_type": "roadside_storm_drain"
      }
    },
    {
      "type": "Feature",
      "geometry": {
        "type": "LineString",
        "coordinates": [
          [
            80.24165,
            13.05262
          ],
          [
            80.241673,
            13.052674
          ]
        ]
      },
      "properties": {
        "id": "DE-00060",
        "from_node": "DN-00109",
        "to_node": "DN-00110",
        "length_m": 6.5,
        "diameter_m": 0.8,
        "slope": 0.001,
        "roughness_n": 0.013,
        "capacity_m3s": 0.418,
        "blockage_pct": 0.0,
        "channel_type": "roadside_storm_drain"
      }
    },
    {
      "type": "Feature",
      "geometry": {
        "type": "LineString",
        "coordinates": [
          [
            80.241673,
            13.052674
          ],
          [
            80.241718,
            13.052781
          ]
        ]
      },
      "properties": {
        "id": "DE-00061",
        "from_node": "DN-00111",
        "to_node": "DN-00112",
        "length_m": 12.86,
        "diameter_m": 0.8,
        "slope": 0.001,
        "roughness_n": 0.013,
        "capacity_m3s": 0.418,
        "blockage_pct": 0.0,
        "channel_type": "roadside_storm_drain"
      }
    },
    {
      "type": "Feature",
      "geometry": {
        "type": "LineString",
        "coordinates": [
          [
            80.241718,
            13.052781
          ],
          [
            80.241772,
            13.052893
          ]
        ]
      },
      "properties": {
        "id": "DE-00062",
        "from_node": "DN-00113",
        "to_node": "DN-00114",
        "length_m": 13.76,
        "diameter_m": 0.8,
        "slope": 0.001,
        "roughness_n": 0.013,
        "capacity_m3s": 0.418,
        "blockage_pct": 0.0,
        "channel_type": "roadside_storm_drain"
      }
    },
    {
      "type": "Feature",
      "geometry": {
        "type": "LineString",
        "coordinates": [
          [
            80.242132,
            13.053715
          ],
          [
            80.241772,
            13.052893
          ]
        ]
      },
      "properties": {
        "id": "DE-00063",
        "from_node": "DN-00115",
        "to_node": "DN-00116",
        "length_m": 99.37,
        "diameter_m": 0.8,
        "slope": 0.0066,
        "roughness_n": 0.013,
        "capacity_m3s": 1.074,
        "blockage_pct": 0.0,
        "channel_type": "roadside_storm_drain"
      }
    },
    {
      "type": "Feature",
      "geometry": {
        "type": "LineString",
        "coordinates": [
          [
            80.242257,
            13.053996
          ],
          [
            80.242132,
            13.053715
          ]
        ]
      },
      "properties": {
        "id": "DE-00064",
        "from_node": "DN-00117",
        "to_node": "DN-00118",
        "length_m": 34.05,
        "diameter_m": 0.8,
        "slope": 0.0091,
        "roughness_n": 0.013,
        "capacity_m3s": 1.261,
        "blockage_pct": 0.0,
        "channel_type": "roadside_storm_drain"
      }
    },
    {
      "type": "Feature",
      "geometry": {
        "type": "LineString",
        "coordinates": [
          [
            80.242316,
            13.054219
          ],
          [
            80.242257,
            13.053996
          ]
        ]
      },
      "properties": {
        "id": "DE-00065",
        "from_node": "DN-00119",
        "to_node": "DN-00120",
        "length_m": 25.61,
        "diameter_m": 0.8,
        "slope": 0.0031,
        "roughness_n": 0.013,
        "capacity_m3s": 0.736,
        "blockage_pct": 0.0,
        "channel_type": "roadside_storm_drain"
      }
    },
    {
      "type": "Feature",
      "geometry": {
        "type": "LineString",
        "coordinates": [
          [
            80.242351,
            13.054647
          ],
          [
            80.242316,
            13.054219
          ]
        ]
      },
      "properties": {
        "id": "DE-00066",
        "from_node": "DN-00121",
        "to_node": "DN-00119",
        "length_m": 47.74,
        "diameter_m": 0.8,
        "slope": 0.0036,
        "roughness_n": 0.013,
        "capacity_m3s": 0.793,
        "blockage_pct": 0.0,
        "channel_type": "roadside_storm_drain"
      }
    },
    {
      "type": "Feature",
      "geometry": {
        "type": "LineString",
        "coordinates": [
          [
            80.242351,
            13.054647
          ],
          [
            80.242345,
            13.054709
          ]
        ]
      },
      "properties": {
        "id": "DE-00067",
        "from_node": "DN-00121",
        "to_node": "DN-00121",
        "length_m": 6.92,
        "diameter_m": 0.8,
        "slope": 0.001,
        "roughness_n": 0.013,
        "capacity_m3s": 0.418,
        "blockage_pct": 0.0,
        "channel_type": "roadside_storm_drain"
      }
    },
    {
      "type": "Feature",
      "geometry": {
        "type": "LineString",
        "coordinates": [
          [
            80.242319,
            13.054951
          ],
          [
            80.242345,
            13.054709
          ]
        ]
      },
      "properties": {
        "id": "DE-00068",
        "from_node": "DN-00122",
        "to_node": "DN-00121",
        "length_m": 27.06,
        "diameter_m": 0.8,
        "slope": 0.0067,
        "roughness_n": 0.013,
        "capacity_m3s": 1.082,
        "blockage_pct": 0.0,
        "channel_type": "roadside_storm_drain"
      }
    },
    {
      "type": "Feature",
      "geometry": {
        "type": "LineString",
        "coordinates": [
          [
            80.242242,
            13.055299
          ],
          [
            80.242319,
            13.054951
          ]
        ]
      },
      "properties": {
        "id": "DE-00069",
        "from_node": "DN-00123",
        "to_node": "DN-00124",
        "length_m": 39.58,
        "diameter_m": 0.8,
        "slope": 0.002,
        "roughness_n": 0.013,
        "capacity_m3s": 0.591,
        "blockage_pct": 0.0,
        "channel_type": "roadside_storm_drain"
      }
    },
    {
      "type": "Feature",
      "geometry": {
        "type": "LineString",
        "coordinates": [
          [
            80.242242,
            13.055299
          ],
          [
            80.242231,
            13.05549
          ]
        ]
      },
      "properties": {
        "id": "DE-00070",
        "from_node": "DN-00125",
        "to_node": "DN-00126",
        "length_m": 21.27,
        "diameter_m": 0.8,
        "slope": 0.001,
        "roughness_n": 0.013,
        "capacity_m3s": 0.418,
        "blockage_pct": 0.0,
        "channel_type": "roadside_storm_drain"
      }
    },
    {
      "type": "Feature",
      "geometry": {
        "type": "LineString",
        "coordinates": [
          [
            80.242256,
            13.055693
          ],
          [
            80.242231,
            13.05549
          ]
        ]
      },
      "properties": {
        "id": "DE-00071",
        "from_node": "DN-00127",
        "to_node": "DN-00128",
        "length_m": 22.73,
        "diameter_m": 0.8,
        "slope": 0.0079,
        "roughness_n": 0.013,
        "capacity_m3s": 1.175,
        "blockage_pct": 0.0,
        "channel_type": "roadside_storm_drain"
      }
    },
    {
      "type": "Feature",
      "geometry": {
        "type": "LineString",
        "coordinates": [
          [
            80.242316,
            13.055897
          ],
          [
            80.242256,
            13.055693
          ]
        ]
      },
      "properties": {
        "id": "DE-00072",
        "from_node": "DN-00129",
        "to_node": "DN-00130",
        "length_m": 23.6,
        "diameter_m": 0.8,
        "slope": 0.0038,
        "roughness_n": 0.013,
        "capacity_m3s": 0.815,
        "blockage_pct": 0.0,
        "channel_type": "roadside_storm_drain"
      }
    },
    {
      "type": "Feature",
      "geometry": {
        "type": "LineString",
        "coordinates": [
          [
            80.242511,
            13.056297
          ],
          [
            80.242316,
            13.055897
          ]
        ]
      },
      "properties": {
        "id": "DE-00073",
        "from_node": "DN-00131",
        "to_node": "DN-00132",
        "length_m": 49.24,
        "diameter_m": 0.8,
        "slope": 0.0051,
        "roughness_n": 0.013,
        "capacity_m3s": 0.944,
        "blockage_pct": 0.0,
        "channel_type": "roadside_storm_drain"
      }
    },
    {
      "type": "Feature",
      "geometry": {
        "type": "LineString",
        "coordinates": [
          [
            80.242591,
            13.056484
          ],
          [
            80.242511,
            13.056297
          ]
        ]
      },
      "properties": {
        "id": "DE-00074",
        "from_node": "DN-00133",
        "to_node": "DN-00134",
        "length_m": 22.53,
        "diameter_m": 0.8,
        "slope": 0.004,
        "roughness_n": 0.013,
        "capacity_m3s": 0.836,
        "blockage_pct": 0.0,
        "channel_type": "roadside_storm_drain"
      }
    },
    {
      "type": "Feature",
      "geometry": {
        "type": "LineString",
        "coordinates": [
          [
            80.242591,
            13.056484
          ],
          [
            80.242632,
            13.056661
          ]
        ]
      },
      "properties": {
        "id": "DE-00075",
        "from_node": "DN-00135",
        "to_node": "DN-00136",
        "length_m": 20.18,
        "diameter_m": 0.8,
        "slope": 0.005,
        "roughness_n": 0.013,
        "capacity_m3s": 0.935,
        "blockage_pct": 0.0,
        "channel_type": "roadside_storm_drain"
      }
    },
    {
      "type": "Feature",
      "geometry": {
        "type": "LineString",
        "coordinates": [
          [
            80.242632,
            13.056661
          ],
          [
            80.242626,
            13.056753
          ]
        ]
      },
      "properties": {
        "id": "DE-00076",
        "from_node": "DN-00137",
        "to_node": "DN-00138",
        "length_m": 10.25,
        "diameter_m": 0.8,
        "slope": 0.0107,
        "roughness_n": 0.013,
        "capacity_m3s": 1.368,
        "blockage_pct": 0.0,
        "channel_type": "roadside_storm_drain"
      }
    },
    {
      "type": "Feature",
      "geometry": {
        "type": "LineString",
        "coordinates": [
          [
            80.242626,
            13.056753
          ],
          [
            80.242631,
            13.056846
          ]
        ]
      },
      "properties": {
        "id": "DE-00077",
        "from_node": "DN-00139",
        "to_node": "DN-00140",
        "length_m": 10.36,
        "diameter_m": 0.8,
        "slope": 0.001,
        "roughness_n": 0.013,
        "capacity_m3s": 0.418,
        "blockage_pct": 0.0,
        "channel_type": "roadside_storm_drain"
      }
    },
    {
      "type": "Feature",
      "geometry": {
        "type": "LineString",
        "coordinates": [
          [
            80.242662,
            13.056917
          ],
          [
            80.242631,
            13.056846
          ]
        ]
      },
      "properties": {
        "id": "DE-00078",
        "from_node": "DN-00141",
        "to_node": "DN-00142",
        "length_m": 8.58,
        "diameter_m": 0.8,
        "slope": 0.0093,
        "roughness_n": 0.013,
        "capacity_m3s": 1.275,
        "blockage_pct": 0.0,
        "channel_type": "roadside_storm_drain"
      }
    },
    {
      "type": "Feature",
      "geometry": {
        "type": "LineString",
        "coordinates": [
          [
            80.242662,
            13.056917
          ],
          [
            80.242631,
            13.056846
          ]
        ]
      },
      "properties": {
        "id": "DE-00079",
        "from_node": "DN-00143",
        "to_node": "DN-00144",
        "length_m": 8.58,
        "diameter_m": 0.8,
        "slope": 0.0093,
        "roughness_n": 0.013,
        "capacity_m3s": 1.275,
        "blockage_pct": 0.0,
        "channel_type": "roadside_storm_drain"
      }
    },
    {
      "type": "Feature",
      "geometry": {
        "type": "LineString",
        "coordinates": [
          [
            80.242662,
            13.056917
          ],
          [
            80.242694,
            13.05697
          ]
        ]
      },
      "properties": {
        "id": "DE-00080",
        "from_node": "DN-00145",
        "to_node": "DN-00146",
        "length_m": 6.84,
        "diameter_m": 0.8,
        "slope": 0.0161,
        "roughness_n": 0.013,
        "capacity_m3s": 1.678,
        "blockage_pct": 0.0,
        "channel_type": "roadside_storm_drain"
      }
    },
    {
      "type": "Feature",
      "geometry": {
        "type": "LineString",
        "coordinates": [
          [
            80.242745,
            13.057026
          ],
          [
            80.242694,
            13.05697
          ]
        ]
      },
      "properties": {
        "id": "DE-00081",
        "from_node": "DN-00147",
        "to_node": "DN-00148",
        "length_m": 8.32,
        "diameter_m": 0.8,
        "slope": 0.001,
        "roughness_n": 0.013,
        "capacity_m3s": 0.418,
        "blockage_pct": 0.0,
        "channel_type": "roadside_storm_drain"
      }
    },
    {
      "type": "Feature",
      "geometry": {
        "type": "LineString",
        "coordinates": [
          [
            80.242782,
            13.057117
          ],
          [
            80.242745,
            13.057026
          ]
        ]
      },
      "properties": {
        "id": "DE-00082",
        "from_node": "DN-00149",
        "to_node": "DN-00150",
        "length_m": 10.88,
        "diameter_m": 0.8,
        "slope": 0.001,
        "roughness_n": 0.013,
        "capacity_m3s": 0.418,
        "blockage_pct": 0.0,
        "channel_type": "roadside_storm_drain"
      }
    },
    {
      "type": "Feature",
      "geometry": {
        "type": "LineString",
        "coordinates": [
          [
            80.242782,
            13.057117
          ],
          [
            80.242796,
            13.05723
          ]
        ]
      },
      "properties": {
        "id": "DE-00083",
        "from_node": "DN-00151",
        "to_node": "DN-00152",
        "length_m": 12.66,
        "diameter_m": 0.8,
        "slope": 0.0087,
        "roughness_n": 0.013,
        "capacity_m3s": 1.233,
        "blockage_pct": 0.0,
        "channel_type": "roadside_storm_drain"
      }
    },
    {
      "type": "Feature",
      "geometry": {
        "type": "LineString",
        "coordinates": [
          [
            80.242796,
            13.05723
          ],
          [
            80.242786,
            13.057407
          ]
        ]
      },
      "properties": {
        "id": "DE-00084",
        "from_node": "DN-00153",
        "to_node": "DN-00154",
        "length_m": 19.71,
        "diameter_m": 0.8,
        "slope": 0.0056,
        "roughness_n": 0.013,
        "capacity_m3s": 0.99,
        "blockage_pct": 0.0,
        "channel_type": "roadside_storm_drain"
      }
    },
    {
      "type": "Feature",
      "geometry": {
        "type": "LineString",
        "coordinates": [
          [
            80.242786,
            13.057407
          ],
          [
            80.242752,
            13.057836
          ]
        ]
      },
      "properties": {
        "id": "DE-00085",
        "from_node": "DN-00155",
        "to_node": "DN-00156",
        "length_m": 47.84,
        "diameter_m": 0.8,
        "slope": 0.0046,
        "roughness_n": 0.013,
        "capacity_m3s": 0.897,
        "blockage_pct": 0.0,
        "channel_type": "roadside_storm_drain"
      }
    },
    {
      "type": "Feature",
      "geometry": {
        "type": "LineString",
        "coordinates": [
          [
            80.242752,
            13.057836
          ],
          [
            80.242625,
            13.058585
          ]
        ]
      },
      "properties": {
        "id": "DE-00086",
        "from_node": "DN-00157",
        "to_node": "DN-00158",
        "length_m": 84.41,
        "diameter_m": 0.8,
        "slope": 0.006,
        "roughness_n": 0.013,
        "capacity_m3s": 1.024,
        "blockage_pct": 0.0,
        "channel_type": "roadside_storm_drain"
      }
    },
    {
      "type": "Feature",
      "geometry": {
        "type": "LineString",
        "coordinates": [
          [
            80.242594,
            13.058708
          ],
          [
            80.242625,
            13.058585
          ]
        ]
      },
      "properties": {
        "id": "DE-00087",
        "from_node": "DN-00159",
        "to_node": "DN-00160",
        "length_m": 14.08,
        "diameter_m": 0.8,
        "slope": 0.001,
        "roughness_n": 0.013,
        "capacity_m3s": 0.418,
        "blockage_pct": 0.0,
        "channel_type": "roadside_storm_drain"
      }
    },
    {
      "type": "Feature",
      "geometry": {
        "type": "LineString",
        "coordinates": [
          [
            80.242594,
            13.058708
          ],
          [
            80.24257,
            13.058912
          ]
        ]
      },
      "properties": {
        "id": "DE-00088",
        "from_node": "DN-00161",
        "to_node": "DN-00162",
        "length_m": 22.83,
        "diameter_m": 0.8,
        "slope": 0.0048,
        "roughness_n": 0.013,
        "capacity_m3s": 0.916,
        "blockage_pct": 0.0,
        "channel_type": "roadside_storm_drain"
      }
    },
    {
      "type": "Feature",
      "geometry": {
        "type": "LineString",
        "coordinates": [
          [
            80.24257,
            13.058912
          ],
          [
            80.242518,
            13.059161
          ]
        ]
      },
      "properties": {
        "id": "DE-00089",
        "from_node": "DN-00163",
        "to_node": "DN-00164",
        "length_m": 28.25,
        "diameter_m": 0.8,
        "slope": 0.0035,
        "roughness_n": 0.013,
        "capacity_m3s": 0.782,
        "blockage_pct": 0.0,
        "channel_type": "roadside_storm_drain"
      }
    },
    {
      "type": "Feature",
      "geometry": {
        "type": "LineString",
        "coordinates": [
          [
            80.242518,
            13.059161
          ],
          [
            80.242493,
            13.059404
          ]
        ]
      },
      "properties": {
        "id": "DE-00090",
        "from_node": "DN-00165",
        "to_node": "DN-00166",
        "length_m": 27.16,
        "diameter_m": 0.8,
        "slope": 0.0081,
        "roughness_n": 0.013,
        "capacity_m3s": 1.19,
        "blockage_pct": 0.0,
        "channel_type": "roadside_storm_drain"
      }
    },
    {
      "type": "Feature",
      "geometry": {
        "type": "LineString",
        "coordinates": [
          [
            80.242514,
            13.059552
          ],
          [
            80.242493,
            13.059404
          ]
        ]
      },
      "properties": {
        "id": "DE-00091",
        "from_node": "DN-00167",
        "to_node": "DN-00168",
        "length_m": 16.61,
        "diameter_m": 0.8,
        "slope": 0.001,
        "roughness_n": 0.013,
        "capacity_m3s": 0.418,
        "blockage_pct": 0.0,
        "channel_type": "roadside_storm_drain"
      }
    },
    {
      "type": "Feature",
      "geometry": {
        "type": "LineString",
        "coordinates": [
          [
            80.242514,
            13.059552
          ],
          [
            80.242654,
            13.05997
          ]
        ]
      },
      "properties": {
        "id": "DE-00092",
        "from_node": "DN-00169",
        "to_node": "DN-00170",
        "length_m": 48.89,
        "diameter_m": 0.8,
        "slope": 0.0029,
        "roughness_n": 0.013,
        "capacity_m3s": 0.712,
        "blockage_pct": 0.0,
        "channel_type": "roadside_storm_drain"
      }
    },
    {
      "type": "Feature",
      "geometry": {
        "type": "LineString",
        "coordinates": [
          [
            80.242654,
            13.05997
          ],
          [
            80.243497,
            13.063817
          ]
        ]
      },
      "properties": {
        "id": "DE-00093",
        "from_node": "DN-00171",
        "to_node": "DN-00172",
        "length_m": 439.96,
        "diameter_m": 0.8,
        "slope": 0.001,
        "roughness_n": 0.013,
        "capacity_m3s": 0.418,
        "blockage_pct": 0.0,
        "channel_type": "roadside_storm_drain"
      }
    },
    {
      "type": "Feature",
      "geometry": {
        "type": "LineString",
        "coordinates": [
          [
            80.24018,
            13.059982
          ],
          [
            80.242354,
            13.060005
          ]
        ]
      },
      "properties": {
        "id": "DE-00094",
        "from_node": "DN-00173",
        "to_node": "DN-00174",
        "length_m": 328.79,
        "diameter_m": 0.8,
        "slope": 0.0026,
        "roughness_n": 0.013,
        "capacity_m3s": 0.674,
        "blockage_pct": 0.0,
        "channel_type": "roadside_storm_drain"
      }
    },
    {
      "type": "Feature",
      "geometry": {
        "type": "LineString",
        "coordinates": [
          [
            80.24018,
            13.059982
          ],
          [
            80.24018,
            13.059982
          ]
        ]
      },
      "properties": {
        "id": "DE-00095",
        "from_node": "DN-00175",
        "to_node": "DN-00176",
        "length_m": 5.0,
        "diameter_m": 0.8,
        "slope": 0.001,
        "roughness_n": 0.013,
        "capacity_m3s": 0.418,
        "blockage_pct": 0.0,
        "channel_type": "roadside_storm_drain"
      }
    },
    {
      "type": "Feature",
      "geometry": {
        "type": "LineString",
        "coordinates": [
          [
            80.24018,
            13.059982
          ],
          [
            80.24,
            13.06
          ]
        ]
      },
      "properties": {
        "id": "DE-00096",
        "from_node": "DN-00177",
        "to_node": "DN-00178",
        "length_m": 19.6,
        "diameter_m": 0.8,
        "slope": 0.0464,
        "roughness_n": 0.013,
        "capacity_m3s": 2.848,
        "blockage_pct": 0.0,
        "channel_type": "roadside_storm_drain"
      }
    },
    {
      "type": "Feature",
      "geometry": {
        "type": "LineString",
        "coordinates": [
          [
            80.236023,
            13.047004
          ],
          [
            80.235794,
            13.047047
          ]
        ]
      },
      "properties": {
        "id": "DE-00097",
        "from_node": "DN-00179",
        "to_node": "DN-00180",
        "length_m": 25.26,
        "diameter_m": 0.8,
        "slope": 0.0218,
        "roughness_n": 0.013,
        "capacity_m3s": 1.952,
        "blockage_pct": 0.0,
        "channel_type": "roadside_storm_drain"
      }
    },
    {
      "type": "Feature",
      "geometry": {
        "type": "LineString",
        "coordinates": [
          [
            80.236023,
            13.047004
          ],
          [
            80.235794,
            13.047047
          ]
        ]
      },
      "properties": {
        "id": "DE-00098",
        "from_node": "DN-00181",
        "to_node": "DN-00180",
        "length_m": 25.26,
        "diameter_m": 0.8,
        "slope": 0.0218,
        "roughness_n": 0.013,
        "capacity_m3s": 1.952,
        "blockage_pct": 0.0,
        "channel_type": "roadside_storm_drain"
      }
    },
    {
      "type": "Feature",
      "geometry": {
        "type": "LineString",
        "coordinates": [
          [
            80.235426,
            13.047096
          ],
          [
            80.235794,
            13.047047
          ]
        ]
      },
      "properties": {
        "id": "DE-00099",
        "from_node": "DN-00182",
        "to_node": "DN-00180",
        "length_m": 40.23,
        "diameter_m": 0.8,
        "slope": 0.0077,
        "roughness_n": 0.013,
        "capacity_m3s": 1.16,
        "blockage_pct": 0.0,
        "channel_type": "roadside_storm_drain"
      }
    },
    {
      "type": "Feature",
      "geometry": {
        "type": "LineString",
        "coordinates": [
          [
            80.235077,
            13.047148
          ],
          [
            80.235426,
            13.047096
          ]
        ]
      },
      "properties": {
        "id": "DE-00100",
        "from_node": "DN-00183",
        "to_node": "DN-00184",
        "length_m": 38.24,
        "diameter_m": 0.8,
        "slope": 0.0118,
        "roughness_n": 0.013,
        "capacity_m3s": 1.436,
        "blockage_pct": 0.0,
        "channel_type": "roadside_storm_drain"
      }
    },
    {
      "type": "Feature",
      "geometry": {
        "type": "LineString",
        "coordinates": [
          [
            80.233632,
            13.047341
          ],
          [
            80.235077,
            13.047148
          ]
        ]
      },
      "properties": {
        "id": "DE-00101",
        "from_node": "DN-00185",
        "to_node": "DN-00186",
        "length_m": 157.99,
        "diameter_m": 0.8,
        "slope": 0.011,
        "roughness_n": 0.013,
        "capacity_m3s": 1.387,
        "blockage_pct": 0.0,
        "channel_type": "roadside_storm_drain"
      }
    },
    {
      "type": "Feature",
      "geometry": {
        "type": "LineString",
        "coordinates": [
          [
            80.23335,
            13.047407
          ],
          [
            80.233632,
            13.047341
          ]
        ]
      },
      "properties": {
        "id": "DE-00102",
        "from_node": "DN-00187",
        "to_node": "DN-00188",
        "length_m": 31.42,
        "diameter_m": 0.8,
        "slope": 0.0073,
        "roughness_n": 0.013,
        "capacity_m3s": 1.13,
        "blockage_pct": 0.0,
        "channel_type": "roadside_storm_drain"
      }
    },
    {
      "type": "Feature",
      "geometry": {
        "type": "LineString",
        "coordinates": [
          [
            80.233304,
            13.047434
          ],
          [
            80.23335,
            13.047407
          ]
        ]
      },
      "properties": {
        "id": "DE-00103",
        "from_node": "DN-00189",
        "to_node": "DN-00190",
        "length_m": 5.82,
        "diameter_m": 0.8,
        "slope": 0.0378,
        "roughness_n": 0.013,
        "capacity_m3s": 2.571,
        "blockage_pct": 0.0,
        "channel_type": "roadside_storm_drain"
      }
    },
    {
      "type": "Feature",
      "geometry": {
        "type": "LineString",
        "coordinates": [
          [
            80.233082,
            13.047414
          ],
          [
            80.232991,
            13.047423
          ]
        ]
      },
      "properties": {
        "id": "DE-00104",
        "from_node": "DN-00191",
        "to_node": "DN-00192",
        "length_m": 9.91,
        "diameter_m": 0.8,
        "slope": 0.001,
        "roughness_n": 0.013,
        "capacity_m3s": 0.418,
        "blockage_pct": 0.0,
        "channel_type": "roadside_storm_drain"
      }
    },
    {
      "type": "Feature",
      "geometry": {
        "type": "LineString",
        "coordinates": [
          [
            80.233003,
            13.047477
          ],
          [
            80.232991,
            13.047423
          ]
        ]
      },
      "properties": {
        "id": "DE-00105",
        "from_node": "DN-00193",
        "to_node": "DN-00194",
        "length_m": 6.14,
        "diameter_m": 0.8,
        "slope": 0.0261,
        "roughness_n": 0.013,
        "capacity_m3s": 2.136,
        "blockage_pct": 0.0,
        "channel_type": "roadside_storm_drain"
      }
    },
    {
      "type": "Feature",
      "geometry": {
        "type": "LineString",
        "coordinates": [
          [
            80.233003,
            13.047477
          ],
          [
            80.232991,
            13.047423
          ]
        ]
      },
      "properties": {
        "id": "DE-00106",
        "from_node": "DN-00195",
        "to_node": "DN-00196",
        "length_m": 6.14,
        "diameter_m": 0.8,
        "slope": 0.0261,
        "roughness_n": 0.013,
        "capacity_m3s": 2.136,
        "blockage_pct": 0.0,
        "channel_type": "roadside_storm_drain"
      }
    },
    {
      "type": "Feature",
      "geometry": {
        "type": "LineString",
        "coordinates": [
          [
            80.233003,
            13.047477
          ],
          [
            80.233094,
            13.047464
          ]
        ]
      },
      "properties": {
        "id": "DE-00107",
        "from_node": "DN-00197",
        "to_node": "DN-00198",
        "length_m": 9.96,
        "diameter_m": 0.8,
        "slope": 0.0161,
        "roughness_n": 0.013,
        "capacity_m3s": 1.678,
        "blockage_pct": 0.0,
        "channel_type": "roadside_storm_drain"
      }
    },
    {
      "type": "Feature",
      "geometry": {
        "type": "LineString",
        "coordinates": [
          [
            80.233003,
            13.047477
          ],
          [
            80.233993,
            13.051837
          ]
        ]
      },
      "properties": {
        "id": "DE-00108",
        "from_node": "DN-00199",
        "to_node": "DN-00200",
        "length_m": 496.75,
        "diameter_m": 0.8,
        "slope": 0.001,
        "roughness_n": 0.013,
        "capacity_m3s": 0.418,
        "blockage_pct": 0.0,
        "channel_type": "roadside_storm_drain"
      }
    },
    {
      "type": "Feature",
      "geometry": {
        "type": "LineString",
        "coordinates": [
          [
            80.233993,
            13.051837
          ],
          [
            80.234763,
            13.055777
          ]
        ]
      },
      "properties": {
        "id": "DE-00109",
        "from_node": "DN-00201",
        "to_node": "DN-00202",
        "length_m": 452.38,
        "diameter_m": 0.8,
        "slope": 0.0011,
        "roughness_n": 0.013,
        "capacity_m3s": 0.439,
        "blockage_pct": 0.0,
        "channel_type": "roadside_storm_drain"
      }
    },
    {
      "type": "Feature",
      "geometry": {
        "type": "LineString",
        "coordinates": [
          [
            80.23743,
            13.061078
          ],
          [
            80.234763,
            13.055777
          ]
        ]
      },
      "properties": {
        "id": "DE-00110",
        "from_node": "DN-00203",
        "to_node": "DN-00204",
        "length_m": 848.08,
        "diameter_m": 0.8,
        "slope": 0.001,
        "roughness_n": 0.013,
        "capacity_m3s": 0.418,
        "blockage_pct": 0.0,
        "channel_type": "roadside_storm_drain"
      }
    },
    {
      "type": "Feature",
      "geometry": {
        "type": "LineString",
        "coordinates": [
          [
            80.23743,
            13.061078
          ],
          [
            80.242631,
            13.056846
          ]
        ]
      },
      "properties": {
        "id": "DE-00111",
        "from_node": "DN-00205",
        "to_node": "DN-00140",
        "length_m": 741.34,
        "diameter_m": 0.8,
        "slope": 0.001,
        "roughness_n": 0.013,
        "capacity_m3s": 0.418,
        "blockage_pct": 0.0,
        "channel_type": "roadside_storm_drain"
      }
    },
    {
      "type": "Feature",
      "geometry": {
        "type": "LineString",
        "coordinates": [
          [
            80.2383,
            13.060433
          ],
          [
            80.23743,
            13.061078
          ]
        ]
      },
      "properties": {
        "id": "DE-00112",
        "from_node": "DN-00206",
        "to_node": "DN-00207",
        "length_m": 144.92,
        "diameter_m": 0.8,
        "slope": 0.0078,
        "roughness_n": 0.013,
        "capacity_m3s": 1.168,
        "blockage_pct": 0.0,
        "channel_type": "roadside_storm_drain"
      }
    },
    {
      "type": "Feature",
      "geometry": {
        "type": "LineString",
        "coordinates": [
          [
            80.2383,
            13.060433
          ],
          [
            80.240245,
            13.06061
          ]
        ]
      },
      "properties": {
        "id": "DE-00113",
        "from_node": "DN-00208",
        "to_node": "DN-00209",
        "length_m": 212.19,
        "diameter_m": 0.8,
        "slope": 0.0106,
        "roughness_n": 0.013,
        "capacity_m3s": 1.361,
        "blockage_pct": 0.0,
        "channel_type": "roadside_storm_drain"
      }
    },
    {
      "type": "Feature",
      "geometry": {
        "type": "LineString",
        "coordinates": [
          [
            80.221771,
            13.041756
          ],
          [
            80.219117,
            13.041947
          ]
        ]
      },
      "properties": {
        "id": "DE-00114",
        "from_node": "DN-00210",
        "to_node": "DN-00211",
        "length_m": 289.51,
        "diameter_m": 0.8,
        "slope": 0.0032,
        "roughness_n": 0.013,
        "capacity_m3s": 0.748,
        "blockage_pct": 0.0,
        "channel_type": "roadside_storm_drain"
      }
    },
    {
      "type": "Feature",
      "geometry": {
        "type": "LineString",
        "coordinates": [
          [
            80.222042,
            13.042908
          ],
          [
            80.221771,
            13.041756
          ]
        ]
      },
      "properties": {
        "id": "DE-00115",
        "from_node": "DN-00212",
        "to_node": "DN-00210",
        "length_m": 131.42,
        "diameter_m": 0.8,
        "slope": 0.003,
        "roughness_n": 0.013,
        "capacity_m3s": 0.724,
        "blockage_pct": 0.0,
        "channel_type": "roadside_storm_drain"
      }
    },
    {
      "type": "Feature",
      "geometry": {
        "type": "LineString",
        "coordinates": [
          [
            80.222042,
            13.042908
          ],
          [
            80.227266,
            13.041624
          ]
        ]
      },
      "properties": {
        "id": "DE-00116",
        "from_node": "DN-00213",
        "to_node": "DN-00214",
        "length_m": 583.91,
        "diameter_m": 0.8,
        "slope": 0.002,
        "roughness_n": 0.013,
        "capacity_m3s": 0.591,
        "blockage_pct": 0.0,
        "channel_type": "roadside_storm_drain"
      }
    },
    {
      "type": "Feature",
      "geometry": {
        "type": "LineString",
        "coordinates": [
          [
            80.222042,
            13.042908
          ],
          [
            80.227266,
            13.041624
          ]
        ]
      },
      "properties": {
        "id": "DE-00117",
        "from_node": "DN-00215",
        "to_node": "DN-00216",
        "length_m": 583.91,
        "diameter_m": 0.8,
        "slope": 0.002,
        "roughness_n": 0.013,
        "capacity_m3s": 0.591,
        "blockage_pct": 0.0,
        "channel_type": "roadside_storm_drain"
      }
    },
    {
      "type": "Feature",
      "geometry": {
        "type": "LineString",
        "coordinates": [
          [
            80.230209,
            13.040937
          ],
          [
            80.227266,
            13.041624
          ]
        ]
      },
      "properties": {
        "id": "DE-00118",
        "from_node": "DN-00217",
        "to_node": "DN-00218",
        "length_m": 327.95,
        "diameter_m": 0.8,
        "slope": 0.0043,
        "roughness_n": 0.013,
        "capacity_m3s": 0.867,
        "blockage_pct": 0.0,
        "channel_type": "roadside_storm_drain"
      }
    },
    {
      "type": "Feature",
      "geometry": {
        "type": "LineString",
        "coordinates": [
          [
            80.231975,
            13.041018
          ],
          [
            80.230209,
            13.040937
          ]
        ]
      },
      "properties": {
        "id": "DE-00119",
        "from_node": "DN-00219",
        "to_node": "DN-00220",
        "length_m": 225.31,
        "diameter_m": 0.8,
        "slope": 0.0012,
        "roughness_n": 0.013,
        "capacity_m3s": 0.458,
        "blockage_pct": 0.0,
        "channel_type": "roadside_storm_drain"
      }
    },
    {
      "type": "Feature",
      "geometry": {
        "type": "LineString",
        "coordinates": [
          [
            80.231975,
            13.041018
          ],
          [
            80.232146,
            13.040981
          ]
        ]
      },
      "properties": {
        "id": "DE-00120",
        "from_node": "DN-00221",
        "to_node": "DN-00222",
        "length_m": 18.98,
        "diameter_m": 0.8,
        "slope": 0.001,
        "roughness_n": 0.013,
        "capacity_m3s": 0.418,
        "blockage_pct": 0.0,
        "channel_type": "roadside_storm_drain"
      }
    },
    {
      "type": "Feature",
      "geometry": {
        "type": "LineString",
        "coordinates": [
          [
            80.232182,
            13.041823
          ],
          [
            80.232255,
            13.042231
          ]
        ]
      },
      "properties": {
        "id": "DE-00121",
        "from_node": "DN-00223",
        "to_node": "DN-00224",
        "length_m": 46.05,
        "diameter_m": 0.8,
        "slope": 0.0124,
        "roughness_n": 0.013,
        "capacity_m3s": 1.473,
        "blockage_pct": 0.0,
        "channel_type": "roadside_storm_drain"
      }
    },
    {
      "type": "Feature",
      "geometry": {
        "type": "LineString",
        "coordinates": [
          [
            80.234063,
            13.041819
          ],
          [
            80.232255,
            13.042231
          ]
        ]
      },
      "properties": {
        "id": "DE-00122",
        "from_node": "DN-00002",
        "to_node": "DN-00225",
        "length_m": 202.32,
        "diameter_m": 0.8,
        "slope": 0.001,
        "roughness_n": 0.013,
        "capacity_m3s": 0.418,
        "blockage_pct": 0.0,
        "channel_type": "roadside_storm_drain"
      }
    },
    {
      "type": "Feature",
      "geometry": {
        "type": "LineString",
        "coordinates": [
          [
            80.234063,
            13.041819
          ],
          [
            80.232255,
            13.042231
          ]
        ]
      },
      "properties": {
        "id": "DE-00123",
        "from_node": "DN-00003",
        "to_node": "DN-00226",
        "length_m": 202.32,
        "diameter_m": 0.8,
        "slope": 0.001,
        "roughness_n": 0.013,
        "capacity_m3s": 0.418,
        "blockage_pct": 0.0,
        "channel_type": "roadside_storm_drain"
      }
    },
    {
      "type": "Feature",
      "geometry": {
        "type": "LineString",
        "coordinates": [
          [
            80.238322,
            13.044056
          ],
          [
            80.242281,
            13.046245
          ]
        ]
      },
      "properties": {
        "id": "DE-00124",
        "from_node": "DN-00227",
        "to_node": "DN-00228",
        "length_m": 493.13,
        "diameter_m": 0.8,
        "slope": 0.0012,
        "roughness_n": 0.013,
        "capacity_m3s": 0.458,
        "blockage_pct": 0.0,
        "channel_type": "roadside_storm_drain"
      }
    },
    {
      "type": "Feature",
      "geometry": {
        "type": "LineString",
        "coordinates": [
          [
            80.242281,
            13.046245
          ],
          [
            80.240143,
            13.045331
          ]
        ]
      },
      "properties": {
        "id": "DE-00125",
        "from_node": "DN-00229",
        "to_node": "DN-00230",
        "length_m": 260.28,
        "diameter_m": 0.8,
        "slope": 0.001,
        "roughness_n": 0.013,
        "capacity_m3s": 0.418,
        "blockage_pct": 0.0,
        "channel_type": "roadside_storm_drain"
      }
    },
    {
      "type": "Feature",
      "geometry": {
        "type": "LineString",
        "coordinates": [
          [
            80.242897,
            13.046613
          ],
          [
            80.242633,
            13.046463
          ]
        ]
      },
      "properties": {
        "id": "DE-00126",
        "from_node": "DN-00231",
        "to_node": "DN-00232",
        "length_m": 33.11,
        "diameter_m": 0.8,
        "slope": 0.0091,
        "roughness_n": 0.013,
        "capacity_m3s": 1.261,
        "blockage_pct": 0.0,
        "channel_type": "roadside_storm_drain"
      }
    },
    {
      "type": "Feature",
      "geometry": {
        "type": "LineString",
        "coordinates": [
          [
            80.243097,
            13.046727
          ],
          [
            80.242897,
            13.046613
          ]
        ]
      },
      "properties": {
        "id": "DE-00127",
        "from_node": "DN-00233",
        "to_node": "DN-00234",
        "length_m": 25.1,
        "diameter_m": 0.8,
        "slope": 0.004,
        "roughness_n": 0.013,
        "capacity_m3s": 0.836,
        "blockage_pct": 0.0,
        "channel_type": "roadside_storm_drain"
      }
    },
    {
      "type": "Feature",
      "geometry": {
        "type": "LineString",
        "coordinates": [
          [
            80.243533,
            13.046976
          ],
          [
            80.243097,
            13.046727
          ]
        ]
      },
      "properties": {
        "id": "DE-00128",
        "from_node": "DN-00235",
        "to_node": "DN-00236",
        "length_m": 54.75,
        "diameter_m": 0.8,
        "slope": 0.0044,
        "roughness_n": 0.013,
        "capacity_m3s": 0.877,
        "blockage_pct": 0.0,
        "channel_type": "roadside_storm_drain"
      }
    },
    {
      "type": "Feature",
      "geometry": {
        "type": "LineString",
        "coordinates": [
          [
            80.243533,
            13.046976
          ],
          [
            80.243571,
            13.046997
          ]
        ]
      },
      "properties": {
        "id": "DE-00129",
        "from_node": "DN-00237",
        "to_node": "DN-00238",
        "length_m": 5.0,
        "diameter_m": 0.8,
        "slope": 0.001,
        "roughness_n": 0.013,
        "capacity_m3s": 0.418,
        "blockage_pct": 0.0,
        "channel_type": "roadside_storm_drain"
      }
    },
    {
      "type": "Feature",
      "geometry": {
        "type": "LineString",
        "coordinates": [
          [
            80.243571,
            13.046997
          ],
          [
            80.245077,
            13.047833
          ]
        ]
      },
      "properties": {
        "id": "DE-00130",
        "from_node": "DN-00239",
        "to_node": "DN-00240",
        "length_m": 187.76,
        "diameter_m": 0.8,
        "slope": 0.0107,
        "roughness_n": 0.013,
        "capacity_m3s": 1.368,
        "blockage_pct": 0.0,
        "channel_type": "roadside_storm_drain"
      }
    },
    {
      "type": "Feature",
      "geometry": {
        "type": "LineString",
        "coordinates": [
          [
            80.245077,
            13.047833
          ],
          [
            80.245357,
            13.047972
          ]
        ]
      },
      "properties": {
        "id": "DE-00131",
        "from_node": "DN-00241",
        "to_node": "DN-00242",
        "length_m": 34.04,
        "diameter_m": 0.8,
        "slope": 0.022,
        "roughness_n": 0.013,
        "capacity_m3s": 1.961,
        "blockage_pct": 0.0,
        "channel_type": "roadside_storm_drain"
      }
    },
    {
      "type": "Feature",
      "geometry": {
        "type": "LineString",
        "coordinates": [
          [
            80.245357,
            13.047972
          ],
          [
            80.245508,
            13.048058
          ]
        ]
      },
      "properties": {
        "id": "DE-00132",
        "from_node": "DN-00243",
        "to_node": "DN-00244",
        "length_m": 18.95,
        "diameter_m": 0.8,
        "slope": 0.001,
        "roughness_n": 0.013,
        "capacity_m3s": 0.418,
        "blockage_pct": 0.0,
        "channel_type": "roadside_storm_drain"
      }
    },
    {
      "type": "Feature",
      "geometry": {
        "type": "LineString",
        "coordinates": [
          [
            80.245508,
            13.048058
          ],
          [
            80.245848,
            13.048286
          ]
        ]
      },
      "properties": {
        "id": "DE-00133",
        "from_node": "DN-00245",
        "to_node": "DN-00246",
        "length_m": 44.71,
        "diameter_m": 0.8,
        "slope": 0.0168,
        "roughness_n": 0.013,
        "capacity_m3s": 1.714,
        "blockage_pct": 0.0,
        "channel_type": "roadside_storm_drain"
      }
    },
    {
      "type": "Feature",
      "geometry": {
        "type": "LineString",
        "coordinates": [
          [
            80.245848,
            13.048286
          ],
          [
            80.246151,
            13.048519
          ]
        ]
      },
      "properties": {
        "id": "DE-00134",
        "from_node": "DN-00247",
        "to_node": "DN-00248",
        "length_m": 41.82,
        "diameter_m": 0.8,
        "slope": 0.0086,
        "roughness_n": 0.013,
        "capacity_m3s": 1.226,
        "blockage_pct": 0.0,
        "channel_type": "roadside_storm_drain"
      }
    },
    {
      "type": "Feature",
      "geometry": {
        "type": "LineString",
        "coordinates": [
          [
            80.245848,
            13.048286
          ],
          [
            80.246151,
            13.048519
          ]
        ]
      },
      "properties": {
        "id": "DE-00135",
        "from_node": "DN-00249",
        "to_node": "DN-00250",
        "length_m": 41.82,
        "diameter_m": 0.8,
        "slope": 0.0086,
        "roughness_n": 0.013,
        "capacity_m3s": 1.226,
        "blockage_pct": 0.0,
        "channel_type": "roadside_storm_drain"
      }
    },
    {
      "type": "Feature",
      "geometry": {
        "type": "LineString",
        "coordinates": [
          [
            80.246151,
            13.048519
          ],
          [
            80.246277,
            13.04863
          ]
        ]
      },
      "properties": {
        "id": "DE-00136",
        "from_node": "DN-00251",
        "to_node": "DN-00252",
        "length_m": 18.4,
        "diameter_m": 0.8,
        "slope": 0.0174,
        "roughness_n": 0.013,
        "capacity_m3s": 1.744,
        "blockage_pct": 0.0,
        "channel_type": "roadside_storm_drain"
      }
    },
    {
      "type": "Feature",
      "geometry": {
        "type": "LineString",
        "coordinates": [
          [
            80.246277,
            13.04863
          ],
          [
            80.246657,
            13.048964
          ]
        ]
      },
      "properties": {
        "id": "DE-00137",
        "from_node": "DN-00253",
        "to_node": "DN-00254",
        "length_m": 55.44,
        "diameter_m": 0.8,
        "slope": 0.0115,
        "roughness_n": 0.013,
        "capacity_m3s": 1.418,
        "blockage_pct": 0.0,
        "channel_type": "roadside_storm_drain"
      }
    },
    {
      "type": "Feature",
      "geometry": {
        "type": "LineString",
        "coordinates": [
          [
            80.246833,
            13.049097
          ],
          [
            80.246657,
            13.048964
          ]
        ]
      },
      "properties": {
        "id": "DE-00138",
        "from_node": "DN-00255",
        "to_node": "DN-00256",
        "length_m": 24.13,
        "diameter_m": 0.8,
        "slope": 0.0149,
        "roughness_n": 0.013,
        "capacity_m3s": 1.614,
        "blockage_pct": 0.0,
        "channel_type": "roadside_storm_drain"
      }
    },
    {
      "type": "Feature",
      "geometry": {
        "type": "LineString",
        "coordinates": [
          [
            80.246977,
            13.049199
          ],
          [
            80.246833,
            13.049097
          ]
        ]
      },
      "properties": {
        "id": "DE-00139",
        "from_node": "DN-00257",
        "to_node": "DN-00258",
        "length_m": 19.29,
        "diameter_m": 0.8,
        "slope": 0.001,
        "roughness_n": 0.013,
        "capacity_m3s": 0.418,
        "blockage_pct": 0.0,
        "channel_type": "roadside_storm_drain"
      }
    },
    {
      "type": "Feature",
      "geometry": {
        "type": "LineString",
        "coordinates": [
          [
            80.247162,
            13.049314
          ],
          [
            80.246977,
            13.049199
          ]
        ]
      },
      "properties": {
        "id": "DE-00140",
        "from_node": "DN-00259",
        "to_node": "DN-00260",
        "length_m": 23.77,
        "diameter_m": 0.8,
        "slope": 0.0172,
        "roughness_n": 0.013,
        "capacity_m3s": 1.734,
        "blockage_pct": 0.0,
        "channel_type": "roadside_storm_drain"
      }
    },
    {
      "type": "Feature",
      "geometry": {
        "type": "LineString",
        "coordinates": [
          [
            80.247228,
            13.049356
          ],
          [
            80.247162,
            13.049314
          ]
        ]
      },
      "properties": {
        "id": "DE-00141",
        "from_node": "DN-00261",
        "to_node": "DN-00262",
        "length_m": 8.54,
        "diameter_m": 0.8,
        "slope": 0.0304,
        "roughness_n": 0.013,
        "capacity_m3s": 2.306,
        "blockage_pct": 0.0,
        "channel_type": "roadside_storm_drain"
      }
    },
    {
      "type": "Feature",
      "geometry": {
        "type": "LineString",
        "coordinates": [
          [
            80.247566,
            13.049574
          ],
          [
            80.247228,
            13.049356
          ]
        ]
      },
      "properties": {
        "id": "DE-00142",
        "from_node": "DN-00263",
        "to_node": "DN-00264",
        "length_m": 43.91,
        "diameter_m": 0.8,
        "slope": 0.008,
        "roughness_n": 0.013,
        "capacity_m3s": 1.183,
        "blockage_pct": 0.0,
        "channel_type": "roadside_storm_drain"
      }
    },
    {
      "type": "Feature",
      "geometry": {
        "type": "LineString",
        "coordinates": [
          [
            80.249709,
            13.049412
          ],
          [
            80.247566,
            13.049574
          ]
        ]
      },
      "properties": {
        "id": "DE-00143",
        "from_node": "DN-00265",
        "to_node": "DN-00266",
        "length_m": 233.79,
        "diameter_m": 0.8,
        "slope": 0.0099,
        "roughness_n": 0.013,
        "capacity_m3s": 1.316,
        "blockage_pct": 0.0,
        "channel_type": "roadside_storm_drain"
      }
    },
    {
      "type": "Feature",
      "geometry": {
        "type": "LineString",
        "coordinates": [
          [
            80.248363,
            13.050185
          ],
          [
            80.247781,
            13.049703
          ]
        ]
      },
      "properties": {
        "id": "DE-00144",
        "from_node": "DN-00267",
        "to_node": "DN-00268",
        "length_m": 82.75,
        "diameter_m": 0.8,
        "slope": 0.0082,
        "roughness_n": 0.013,
        "capacity_m3s": 1.197,
        "blockage_pct": 0.0,
        "channel_type": "roadside_storm_drain"
      }
    },
    {
      "type": "Feature",
      "geometry": {
        "type": "LineString",
        "coordinates": [
          [
            80.24887,
            13.050655
          ],
          [
            80.248363,
            13.050185
          ]
        ]
      },
      "properties": {
        "id": "DE-00145",
        "from_node": "DN-00269",
        "to_node": "DN-00270",
        "length_m": 75.81,
        "diameter_m": 0.8,
        "slope": 0.0038,
        "roughness_n": 0.013,
        "capacity_m3s": 0.815,
        "blockage_pct": 0.0,
        "channel_type": "roadside_storm_drain"
      }
    },
    {
      "type": "Feature",
      "geometry": {
        "type": "LineString",
        "coordinates": [
          [
            80.24887,
            13.050655
          ],
          [
            80.252455,
            13.053471
          ]
        ]
      },
      "properties": {
        "id": "DE-00146",
        "from_node": "DN-00271",
        "to_node": "DN-00272",
        "length_m": 499.35,
        "diameter_m": 0.8,
        "slope": 0.001,
        "roughness_n": 0.013,
        "capacity_m3s": 0.418,
        "blockage_pct": 0.0,
        "channel_type": "roadside_storm_drain"
      }
    },
    {
      "type": "Feature",
      "geometry": {
        "type": "LineString",
        "coordinates": [
          [
            80.24887,
            13.050655
          ],
          [
            80.252455,
            13.053471
          ]
        ]
      },
      "properties": {
        "id": "DE-00147",
        "from_node": "DN-00269",
        "to_node": "DN-00273",
        "length_m": 499.35,
        "diameter_m": 0.8,
        "slope": 0.001,
        "roughness_n": 0.013,
        "capacity_m3s": 0.418,
        "blockage_pct": 0.0,
        "channel_type": "roadside_storm_drain"
      }
    },
    {
      "type": "Feature",
      "geometry": {
        "type": "LineString",
        "coordinates": [
          [
            80.255518,
            13.055737
          ],
          [
            80.252455,
            13.053471
          ]
        ]
      },
      "properties": {
        "id": "DE-00148",
        "from_node": "DN-00274",
        "to_node": "DN-00275",
        "length_m": 416.69,
        "diameter_m": 0.8,
        "slope": 0.0036,
        "roughness_n": 0.013,
        "capacity_m3s": 0.793,
        "blockage_pct": 0.0,
        "channel_type": "roadside_storm_drain"
      }
    },
    {
      "type": "Feature",
      "geometry": {
        "type": "LineString",
        "coordinates": [
          [
            80.255518,
            13.055737
          ],
          [
            80.25434,
            13.060578
          ]
        ]
      },
      "properties": {
        "id": "DE-00149",
        "from_node": "DN-00276",
        "to_node": "DN-00277",
        "length_m": 578.41,
        "diameter_m": 0.8,
        "slope": 0.0021,
        "roughness_n": 0.013,
        "capacity_m3s": 0.606,
        "blockage_pct": 0.0,
        "channel_type": "roadside_storm_drain"
      }
    },
    {
      "type": "Feature",
      "geometry": {
        "type": "LineString",
        "coordinates": [
          [
            80.254395,
            13.060126
          ],
          [
            80.25434,
            13.060578
          ]
        ]
      },
      "properties": {
        "id": "DE-00150",
        "from_node": "DN-00278",
        "to_node": "DN-00279",
        "length_m": 59.69,
        "diameter_m": 0.8,
        "slope": 0.0075,
        "roughness_n": 0.013,
        "capacity_m3s": 1.145,
        "blockage_pct": 0.0,
        "channel_type": "roadside_storm_drain"
      }
    },
    {
      "type": "Feature",
      "geometry": {
        "type": "LineString",
        "coordinates": [
          [
            80.254993,
            13.060066
          ],
          [
            80.254395,
            13.060126
          ]
        ]
      },
      "properties": {
        "id": "DE-00151",
        "from_node": "DN-00280",
        "to_node": "DN-00281",
        "length_m": 65.12,
        "diameter_m": 0.8,
        "slope": 0.001,
        "roughness_n": 0.013,
        "capacity_m3s": 0.418,
        "blockage_pct": 0.0,
        "channel_type": "roadside_storm_drain"
      }
    },
    {
      "type": "Feature",
      "geometry": {
        "type": "LineString",
        "coordinates": [
          [
            80.249102,
            13.042293
          ],
          [
            80.247656,
            13.04248
          ]
        ]
      },
      "properties": {
        "id": "DE-00152",
        "from_node": "DN-00282",
        "to_node": "DN-00283",
        "length_m": 160.64,
        "diameter_m": 0.8,
        "slope": 0.0092,
        "roughness_n": 0.013,
        "capacity_m3s": 1.268,
        "blockage_pct": 0.0,
        "channel_type": "roadside_storm_drain"
      }
    },
    {
      "type": "Feature",
      "geometry": {
        "type": "LineString",
        "coordinates": [
          [
            80.247656,
            13.04248
          ],
          [
            80.247603,
            13.042276
          ]
        ]
      },
      "properties": {
        "id": "DE-00153",
        "from_node": "DN-00284",
        "to_node": "DN-00285",
        "length_m": 23.4,
        "diameter_m": 0.8,
        "slope": 0.0073,
        "roughness_n": 0.013,
        "capacity_m3s": 1.13,
        "blockage_pct": 0.0,
        "channel_type": "roadside_storm_drain"
      }
    },
    {
      "type": "Feature",
      "geometry": {
        "type": "LineString",
        "coordinates": [
          [
            80.247603,
            13.042276
          ],
          [
            80.247455,
            13.042312
          ]
        ]
      },
      "properties": {
        "id": "DE-00154",
        "from_node": "DN-00286",
        "to_node": "DN-00287",
        "length_m": 16.52,
        "diameter_m": 0.8,
        "slope": 0.001,
        "roughness_n": 0.013,
        "capacity_m3s": 0.418,
        "blockage_pct": 0.0,
        "channel_type": "roadside_storm_drain"
      }
    },
    {
      "type": "Feature",
      "geometry": {
        "type": "LineString",
        "coordinates": [
          [
            80.247455,
            13.042312
          ],
          [
            80.247603,
            13.042276
          ]
        ]
      },
      "properties": {
        "id": "DE-00155",
        "from_node": "DN-00288",
        "to_node": "DN-00289",
        "length_m": 16.52,
        "diameter_m": 0.8,
        "slope": 0.001,
        "roughness_n": 0.013,
        "capacity_m3s": 0.418,
        "blockage_pct": 0.0,
        "channel_type": "roadside_storm_drain"
      }
    },
    {
      "type": "Feature",
      "geometry": {
        "type": "LineString",
        "coordinates": [
          [
            80.247455,
            13.042312
          ],
          [
            80.247594,
            13.042922
          ]
        ]
      },
      "properties": {
        "id": "DE-00156",
        "from_node": "DN-00290",
        "to_node": "DN-00291",
        "length_m": 69.5,
        "diameter_m": 0.8,
        "slope": 0.002,
        "roughness_n": 0.013,
        "capacity_m3s": 0.591,
        "blockage_pct": 0.0,
        "channel_type": "roadside_storm_drain"
      }
    },
    {
      "type": "Feature",
      "geometry": {
        "type": "LineString",
        "coordinates": [
          [
            80.240502,
            13.040344
          ],
          [
            80.246817,
            13.039127
          ]
        ]
      },
      "properties": {
        "id": "DE-00157",
        "from_node": "DN-00292",
        "to_node": "DN-00293",
        "length_m": 701.5,
        "diameter_m": 0.8,
        "slope": 0.0044,
        "roughness_n": 0.013,
        "capacity_m3s": 0.877,
        "blockage_pct": 0.0,
        "channel_type": "roadside_storm_drain"
      }
    },
    {
      "type": "Feature",
      "geometry": {
        "type": "LineString",
        "coordinates": [
          [
            80.240502,
            13.040344
          ],
          [
            80.240984,
            13.043953
          ]
        ]
      },
      "properties": {
        "id": "DE-00158",
        "from_node": "DN-00294",
        "to_node": "DN-00295",
        "length_m": 404.75,
        "diameter_m": 0.8,
        "slope": 0.001,
        "roughness_n": 0.013,
        "capacity_m3s": 0.418,
        "blockage_pct": 0.0,
        "channel_type": "roadside_storm_drain"
      }
    },
    {
      "type": "Feature",
      "geometry": {
        "type": "LineString",
        "coordinates": [
          [
            80.240984,
            13.043953
          ],
          [
            80.240858,
            13.044146
          ]
        ]
      },
      "properties": {
        "id": "DE-00159",
        "from_node": "DN-00296",
        "to_node": "DN-00297",
        "length_m": 25.43,
        "diameter_m": 0.8,
        "slope": 0.0055,
        "roughness_n": 0.013,
        "capacity_m3s": 0.981,
        "blockage_pct": 0.0,
        "channel_type": "roadside_storm_drain"
      }
    },
    {
      "type": "Feature",
      "geometry": {
        "type": "LineString",
        "coordinates": [
          [
            80.240984,
            13.043953
          ],
          [
            80.240858,
            13.044146
          ]
        ]
      },
      "properties": {
        "id": "DE-00160",
        "from_node": "DN-00298",
        "to_node": "DN-00299",
        "length_m": 25.43,
        "diameter_m": 0.8,
        "slope": 0.0055,
        "roughness_n": 0.013,
        "capacity_m3s": 0.981,
        "blockage_pct": 0.0,
        "channel_type": "roadside_storm_drain"
      }
    },
    {
      "type": "Feature",
      "geometry": {
        "type": "LineString",
        "coordinates": [
          [
            80.240858,
            13.044146
          ],
          [
            80.240643,
            13.044475
          ]
        ]
      },
      "properties": {
        "id": "DE-00161",
        "from_node": "DN-00300",
        "to_node": "DN-00301",
        "length_m": 43.37,
        "diameter_m": 0.8,
        "slope": 0.0044,
        "roughness_n": 0.013,
        "capacity_m3s": 0.877,
        "blockage_pct": 0.0,
        "channel_type": "roadside_storm_drain"
      }
    },
    {
      "type": "Feature",
      "geometry": {
        "type": "LineString",
        "coordinates": [
          [
            80.240643,
            13.044475
          ],
          [
            80.240143,
            13.045331
          ]
        ]
      },
      "properties": {
        "id": "DE-00162",
        "from_node": "DN-00301",
        "to_node": "DN-00230",
        "length_m": 110.02,
        "diameter_m": 0.8,
        "slope": 0.001,
        "roughness_n": 0.013,
        "capacity_m3s": 0.418,
        "blockage_pct": 0.0,
        "channel_type": "roadside_storm_drain"
      }
    },
    {
      "type": "Feature",
      "geometry": {
        "type": "LineString",
        "coordinates": [
          [
            80.240069,
            13.045324
          ],
          [
            80.240168,
            13.045163
          ]
        ]
      },
      "properties": {
        "id": "DE-00163",
        "from_node": "DN-00031",
        "to_node": "DN-00302",
        "length_m": 20.87,
        "diameter_m": 0.8,
        "slope": 0.0034,
        "roughness_n": 0.013,
        "capacity_m3s": 0.771,
        "blockage_pct": 0.0,
        "channel_type": "roadside_storm_drain"
      }
    },
    {
      "type": "Feature",
      "geometry": {
        "type": "LineString",
        "coordinates": [
          [
            80.234122,
            13.053813
          ],
          [
            80.23404,
            13.053856
          ]
        ]
      },
      "properties": {
        "id": "DE-00164",
        "from_node": "DN-00099",
        "to_node": "DN-00303",
        "length_m": 10.09,
        "diameter_m": 0.8,
        "slope": 0.001,
        "roughness_n": 0.013,
        "capacity_m3s": 0.418,
        "blockage_pct": 0.0,
        "channel_type": "roadside_storm_drain"
      }
    },
    {
      "type": "Feature",
      "geometry": {
        "type": "LineString",
        "coordinates": [
          [
            80.23404,
            13.053856
          ],
          [
            80.234014,
            13.053859
          ]
        ]
      },
      "properties": {
        "id": "DE-00165",
        "from_node": "DN-00304",
        "to_node": "DN-00305",
        "length_m": 5.0,
        "diameter_m": 0.8,
        "slope": 0.001,
        "roughness_n": 0.013,
        "capacity_m3s": 0.418,
        "blockage_pct": 0.0,
        "channel_type": "roadside_storm_drain"
      }
    },
    {
      "type": "Feature",
      "geometry": {
        "type": "LineString",
        "coordinates": [
          [
            80.234014,
            13.053859
          ],
          [
            80.23404,
            13.053856
          ]
        ]
      },
      "properties": {
        "id": "DE-00166",
        "from_node": "DN-00306",
        "to_node": "DN-00307",
        "length_m": 5.0,
        "diameter_m": 0.8,
        "slope": 0.001,
        "roughness_n": 0.013,
        "capacity_m3s": 0.418,
        "blockage_pct": 0.0,
        "channel_type": "roadside_storm_drain"
      }
    },
    {
      "type": "Feature",
      "geometry": {
        "type": "LineString",
        "coordinates": [
          [
            80.233045,
            13.053965
          ],
          [
            80.234014,
            13.053859
          ]
        ]
      },
      "properties": {
        "id": "DE-00167",
        "from_node": "DN-00308",
        "to_node": "DN-00309",
        "length_m": 105.62,
        "diameter_m": 0.8,
        "slope": 0.0061,
        "roughness_n": 0.013,
        "capacity_m3s": 1.033,
        "blockage_pct": 0.0,
        "channel_type": "roadside_storm_drain"
      }
    },
    {
      "type": "Feature",
      "geometry": {
        "type": "LineString",
        "coordinates": [
          [
            80.2324,
            13.054038
          ],
          [
            80.233045,
            13.053965
          ]
        ]
      },
      "properties": {
        "id": "DE-00168",
        "from_node": "DN-00310",
        "to_node": "DN-00311",
        "length_m": 70.34,
        "diameter_m": 0.8,
        "slope": 0.0027,
        "roughness_n": 0.013,
        "capacity_m3s": 0.687,
        "blockage_pct": 0.0,
        "channel_type": "roadside_storm_drain"
      }
    },
    {
      "type": "Feature",
      "geometry": {
        "type": "LineString",
        "coordinates": [
          [
            80.232084,
            13.054073
          ],
          [
            80.2324,
            13.054038
          ]
        ]
      },
      "properties": {
        "id": "DE-00169",
        "from_node": "DN-00312",
        "to_node": "DN-00313",
        "length_m": 34.45,
        "diameter_m": 0.8,
        "slope": 0.0015,
        "roughness_n": 0.013,
        "capacity_m3s": 0.512,
        "blockage_pct": 0.0,
        "channel_type": "roadside_storm_drain"
      }
    },
    {
      "type": "Feature",
      "geometry": {
        "type": "LineString",
        "coordinates": [
          [
            80.2317,
            13.05411
          ],
          [
            80.232084,
            13.054073
          ]
        ]
      },
      "properties": {
        "id": "DE-00170",
        "from_node": "DN-00314",
        "to_node": "DN-00315",
        "length_m": 41.8,
        "diameter_m": 0.8,
        "slope": 0.0024,
        "roughness_n": 0.013,
        "capacity_m3s": 0.648,
        "blockage_pct": 0.0,
        "channel_type": "roadside_storm_drain"
      }
    },
    {
      "type": "Feature",
      "geometry": {
        "type": "LineString",
        "coordinates": [
          [
            80.231573,
            13.054122
          ],
          [
            80.2317,
            13.05411
          ]
        ]
      },
      "properties": {
        "id": "DE-00171",
        "from_node": "DN-00316",
        "to_node": "DN-00317",
        "length_m": 13.82,
        "diameter_m": 0.8,
        "slope": 0.0036,
        "roughness_n": 0.013,
        "capacity_m3s": 0.793,
        "blockage_pct": 0.0,
        "channel_type": "roadside_storm_drain"
      }
    },
    {
      "type": "Feature",
      "geometry": {
        "type": "LineString",
        "coordinates": [
          [
            80.231525,
            13.054126
          ],
          [
            80.231573,
            13.054122
          ]
        ]
      },
      "properties": {
        "id": "DE-00172",
        "from_node": "DN-00318",
        "to_node": "DN-00319",
        "length_m": 5.22,
        "diameter_m": 0.8,
        "slope": 0.001,
        "roughness_n": 0.013,
        "capacity_m3s": 0.418,
        "blockage_pct": 0.0,
        "channel_type": "roadside_storm_drain"
      }
    },
    {
      "type": "Feature",
      "geometry": {
        "type": "LineString",
        "coordinates": [
          [
            80.231472,
            13.054128
          ],
          [
            80.231525,
            13.054126
          ]
        ]
      },
      "properties": {
        "id": "DE-00173",
        "from_node": "DN-00320",
        "to_node": "DN-00321",
        "length_m": 5.75,
        "diameter_m": 0.8,
        "slope": 0.0035,
        "roughness_n": 0.013,
        "capacity_m3s": 0.782,
        "blockage_pct": 0.0,
        "channel_type": "roadside_storm_drain"
      }
    },
    {
      "type": "Feature",
      "geometry": {
        "type": "LineString",
        "coordinates": [
          [
            80.231472,
            13.054128
          ],
          [
            80.231395,
            13.054128
          ]
        ]
      },
      "properties": {
        "id": "DE-00174",
        "from_node": "DN-00322",
        "to_node": "DN-00323",
        "length_m": 8.34,
        "diameter_m": 0.8,
        "slope": 0.1379,
        "roughness_n": 0.013,
        "capacity_m3s": 4.911,
        "blockage_pct": 0.0,
        "channel_type": "roadside_storm_drain"
      }
    },
    {
      "type": "Feature",
      "geometry": {
        "type": "LineString",
        "coordinates": [
          [
            80.231327,
            13.054127
          ],
          [
            80.231395,
            13.054128
          ]
        ]
      },
      "properties": {
        "id": "DE-00175",
        "from_node": "DN-00324",
        "to_node": "DN-00325",
        "length_m": 7.37,
        "diameter_m": 0.8,
        "slope": 0.001,
        "roughness_n": 0.013,
        "capacity_m3s": 0.418,
        "blockage_pct": 0.0,
        "channel_type": "roadside_storm_drain"
      }
    },
    {
      "type": "Feature",
      "geometry": {
        "type": "LineString",
        "coordinates": [
          [
            80.231312,
            13.054126
          ],
          [
            80.231327,
            13.054127
          ]
        ]
      },
      "properties": {
        "id": "DE-00176",
        "from_node": "DN-00326",
        "to_node": "DN-00327",
        "length_m": 5.0,
        "diameter_m": 0.8,
        "slope": 0.236,
        "roughness_n": 0.013,
        "capacity_m3s": 6.424,
        "blockage_pct": 0.0,
        "channel_type": "roadside_storm_drain"
      }
    },
    {
      "type": "Feature",
      "geometry": {
        "type": "LineString",
        "coordinates": [
          [
            80.231287,
            13.054126
          ],
          [
            80.231312,
            13.054126
          ]
        ]
      },
      "properties": {
        "id": "DE-00177",
        "from_node": "DN-00328",
        "to_node": "DN-00329",
        "length_m": 5.0,
        "diameter_m": 0.8,
        "slope": 0.001,
        "roughness_n": 0.013,
        "capacity_m3s": 0.418,
        "blockage_pct": 0.0,
        "channel_type": "roadside_storm_drain"
      }
    },
    {
      "type": "Feature",
      "geometry": {
        "type": "LineString",
        "coordinates": [
          [
            80.231287,
            13.054126
          ],
          [
            80.230966,
            13.054125
          ]
        ]
      },
      "properties": {
        "id": "DE-00178",
        "from_node": "DN-00330",
        "to_node": "DN-00331",
        "length_m": 34.77,
        "diameter_m": 0.8,
        "slope": 0.0319,
        "roughness_n": 0.013,
        "capacity_m3s": 2.362,
        "blockage_pct": 0.0,
        "channel_type": "roadside_storm_drain"
      }
    },
    {
      "type": "Feature",
      "geometry": {
        "type": "LineString",
        "coordinates": [
          [
            80.230954,
            13.054125
          ],
          [
            80.230966,
            13.054125
          ]
        ]
      },
      "properties": {
        "id": "DE-00179",
        "from_node": "DN-00331",
        "to_node": "DN-00331",
        "length_m": 5.0,
        "diameter_m": 0.8,
        "slope": 0.001,
        "roughness_n": 0.013,
        "capacity_m3s": 0.418,
        "blockage_pct": 0.0,
        "channel_type": "roadside_storm_drain"
      }
    },
    {
      "type": "Feature",
      "geometry": {
        "type": "LineString",
        "coordinates": [
          [
            80.230177,
            13.054122
          ],
          [
            80.230954,
            13.054125
          ]
        ]
      },
      "properties": {
        "id": "DE-00180",
        "from_node": "DN-00332",
        "to_node": "DN-00331",
        "length_m": 84.17,
        "diameter_m": 0.8,
        "slope": 0.0163,
        "roughness_n": 0.013,
        "capacity_m3s": 1.688,
        "blockage_pct": 0.0,
        "channel_type": "roadside_storm_drain"
      }
    },
    {
      "type": "Feature",
      "geometry": {
        "type": "LineString",
        "coordinates": [
          [
            80.230177,
            13.054122
          ],
          [
            80.229814,
            13.054122
          ]
        ]
      },
      "properties": {
        "id": "DE-00181",
        "from_node": "DN-00333",
        "to_node": "DN-00334",
        "length_m": 39.32,
        "diameter_m": 0.8,
        "slope": 0.0028,
        "roughness_n": 0.013,
        "capacity_m3s": 0.7,
        "blockage_pct": 0.0,
        "channel_type": "roadside_storm_drain"
      }
    },
    {
      "type": "Feature",
      "geometry": {
        "type": "LineString",
        "coordinates": [
          [
            80.229814,
            13.054122
          ],
          [
            80.229353,
            13.05411
          ]
        ]
      },
      "properties": {
        "id": "DE-00182",
        "from_node": "DN-00335",
        "to_node": "DN-00336",
        "length_m": 49.95,
        "diameter_m": 0.8,
        "slope": 0.0062,
        "roughness_n": 0.013,
        "capacity_m3s": 1.041,
        "blockage_pct": 0.0,
        "channel_type": "roadside_storm_drain"
      }
    },
    {
      "type": "Feature",
      "geometry": {
        "type": "LineString",
        "coordinates": [
          [
            80.229176,
            13.054102
          ],
          [
            80.229353,
            13.05411
          ]
        ]
      },
      "properties": {
        "id": "DE-00183",
        "from_node": "DN-00337",
        "to_node": "DN-00338",
        "length_m": 19.19,
        "diameter_m": 0.8,
        "slope": 0.001,
        "roughness_n": 0.013,
        "capacity_m3s": 0.418,
        "blockage_pct": 0.0,
        "channel_type": "roadside_storm_drain"
      }
    },
    {
      "type": "Feature",
      "geometry": {
        "type": "LineString",
        "coordinates": [
          [
            80.229176,
            13.054102
          ],
          [
            80.228896,
            13.054087
          ]
        ]
      },
      "properties": {
        "id": "DE-00184",
        "from_node": "DN-00339",
        "to_node": "DN-00340",
        "length_m": 30.38,
        "diameter_m": 0.8,
        "slope": 0.0066,
        "roughness_n": 0.013,
        "capacity_m3s": 1.074,
        "blockage_pct": 0.0,
        "channel_type": "roadside_storm_drain"
      }
    },
    {
      "type": "Feature",
      "geometry": {
        "type": "LineString",
        "coordinates": [
          [
            80.228896,
            13.054087
          ],
          [
            80.228286,
            13.054056
          ]
        ]
      },
      "properties": {
        "id": "DE-00185",
        "from_node": "DN-00341",
        "to_node": "DN-00342",
        "length_m": 66.17,
        "diameter_m": 0.8,
        "slope": 0.0047,
        "roughness_n": 0.013,
        "capacity_m3s": 0.907,
        "blockage_pct": 0.0,
        "channel_type": "roadside_storm_drain"
      }
    },
    {
      "type": "Feature",
      "geometry": {
        "type": "LineString",
        "coordinates": [
          [
            80.228233,
            13.054054
          ],
          [
            80.228286,
            13.054056
          ]
        ]
      },
      "properties": {
        "id": "DE-00186",
        "from_node": "DN-00343",
        "to_node": "DN-00344",
        "length_m": 5.75,
        "diameter_m": 0.8,
        "slope": 0.001,
        "roughness_n": 0.013,
        "capacity_m3s": 0.418,
        "blockage_pct": 0.0,
        "channel_type": "roadside_storm_drain"
      }
    },
    {
      "type": "Feature",
      "geometry": {
        "type": "LineString",
        "coordinates": [
          [
            80.228233,
            13.054054
          ],
          [
            80.228028,
            13.054066
          ]
        ]
      },
      "properties": {
        "id": "DE-00187",
        "from_node": "DN-00345",
        "to_node": "DN-00346",
        "length_m": 22.25,
        "diameter_m": 0.8,
        "slope": 0.0049,
        "roughness_n": 0.013,
        "capacity_m3s": 0.926,
        "blockage_pct": 0.0,
        "channel_type": "roadside_storm_drain"
      }
    },
    {
      "type": "Feature",
      "geometry": {
        "type": "LineString",
        "coordinates": [
          [
            80.227554,
            13.052347
          ],
          [
            80.227831,
            13.053932
          ]
        ]
      },
      "properties": {
        "id": "DE-00188",
        "from_node": "DN-00347",
        "to_node": "DN-00348",
        "length_m": 179.42,
        "diameter_m": 0.8,
        "slope": 0.0064,
        "roughness_n": 0.013,
        "capacity_m3s": 1.058,
        "blockage_pct": 0.0,
        "channel_type": "roadside_storm_drain"
      }
    },
    {
      "type": "Feature",
      "geometry": {
        "type": "LineString",
        "coordinates": [
          [
            80.227554,
            13.052347
          ],
          [
            80.2262,
            13.052486
          ]
        ]
      },
      "properties": {
        "id": "DE-00189",
        "from_node": "DN-00349",
        "to_node": "DN-00350",
        "length_m": 147.48,
        "diameter_m": 0.8,
        "slope": 0.0054,
        "roughness_n": 0.013,
        "capacity_m3s": 0.972,
        "blockage_pct": 0.0,
        "channel_type": "roadside_storm_drain"
      }
    },
    {
      "type": "Feature",
      "geometry": {
        "type": "LineString",
        "coordinates": [
          [
            80.2262,
            13.052486
          ],
          [
            80.224912,
            13.052555
          ]
        ]
      },
      "properties": {
        "id": "DE-00190",
        "from_node": "DN-00351",
        "to_node": "DN-00352",
        "length_m": 161.62,
        "diameter_m": 0.8,
        "slope": 0.0056,
        "roughness_n": 0.013,
        "capacity_m3s": 0.99,
        "blockage_pct": 0.0,
        "channel_type": "roadside_storm_drain"
      }
    },
    {
      "type": "Feature",
      "geometry": {
        "type": "LineString",
        "coordinates": [
          [
            80.223954,
            13.052697
          ],
          [
            80.224912,
            13.052555
          ]
        ]
      },
      "properties": {
        "id": "DE-00191",
        "from_node": "DN-00353",
        "to_node": "DN-00354",
        "length_m": 104.97,
        "diameter_m": 0.8,
        "slope": 0.0054,
        "roughness_n": 0.013,
        "capacity_m3s": 0.972,
        "blockage_pct": 0.0,
        "channel_type": "roadside_storm_drain"
      }
    },
    {
      "type": "Feature",
      "geometry": {
        "type": "LineString",
        "coordinates": [
          [
            80.223954,
            13.052697
          ],
          [
            80.224086,
            13.0533
          ]
        ]
      },
      "properties": {
        "id": "DE-00192",
        "from_node": "DN-00355",
        "to_node": "DN-00356",
        "length_m": 68.56,
        "diameter_m": 0.8,
        "slope": 0.001,
        "roughness_n": 0.013,
        "capacity_m3s": 0.418,
        "blockage_pct": 0.0,
        "channel_type": "roadside_storm_drain"
      }
    },
    {
      "type": "Feature",
      "geometry": {
        "type": "LineString",
        "coordinates": [
          [
            80.223954,
            13.052697
          ],
          [
            80.224086,
            13.0533
          ]
        ]
      },
      "properties": {
        "id": "DE-00193",
        "from_node": "DN-00357",
        "to_node": "DN-00358",
        "length_m": 68.56,
        "diameter_m": 0.8,
        "slope": 0.001,
        "roughness_n": 0.013,
        "capacity_m3s": 0.418,
        "blockage_pct": 0.0,
        "channel_type": "roadside_storm_drain"
      }
    },
    {
      "type": "Feature",
      "geometry": {
        "type": "LineString",
        "coordinates": [
          [
            80.224086,
            13.0533
          ],
          [
            80.225132,
            13.053679
          ]
        ]
      },
      "properties": {
        "id": "DE-00194",
        "from_node": "DN-00359",
        "to_node": "DN-00360",
        "length_m": 130.06,
        "diameter_m": 0.8,
        "slope": 0.001,
        "roughness_n": 0.013,
        "capacity_m3s": 0.418,
        "blockage_pct": 0.0,
        "channel_type": "roadside_storm_drain"
      }
    },
    {
      "type": "Feature",
      "geometry": {
        "type": "LineString",
        "coordinates": [
          [
            80.224215,
            13.05851
          ],
          [
            80.224116,
            13.053464
          ]
        ]
      },
      "properties": {
        "id": "DE-00195",
        "from_node": "DN-00361",
        "to_node": "DN-00362",
        "length_m": 562.49,
        "diameter_m": 0.8,
        "slope": 0.0015,
        "roughness_n": 0.013,
        "capacity_m3s": 0.512,
        "blockage_pct": 0.0,
        "channel_type": "roadside_storm_drain"
      }
    },
    {
      "type": "Feature",
      "geometry": {
        "type": "LineString",
        "coordinates": [
          [
            80.224215,
            13.05851
          ],
          [
            80.224666,
            13.05863
          ]
        ]
      },
      "properties": {
        "id": "DE-00196",
        "from_node": "DN-00361",
        "to_node": "DN-00363",
        "length_m": 50.64,
        "diameter_m": 0.8,
        "slope": 0.0014,
        "roughness_n": 0.013,
        "capacity_m3s": 0.495,
        "blockage_pct": 0.0,
        "channel_type": "roadside_storm_drain"
      }
    },
    {
      "type": "Feature",
      "geometry": {
        "type": "LineString",
        "coordinates": [
          [
            80.224666,
            13.05863
          ],
          [
            80.224854,
            13.059969
          ]
        ]
      },
      "properties": {
        "id": "DE-00197",
        "from_node": "DN-00364",
        "to_node": "DN-00365",
        "length_m": 150.87,
        "diameter_m": 0.8,
        "slope": 0.0048,
        "roughness_n": 0.013,
        "capacity_m3s": 0.916,
        "blockage_pct": 0.0,
        "channel_type": "roadside_storm_drain"
      }
    },
    {
      "type": "Feature",
      "geometry": {
        "type": "LineString",
        "coordinates": [
          [
            80.224854,
            13.059969
          ],
          [
            80.224985,
            13.059938
          ]
        ]
      },
      "properties": {
        "id": "DE-00198",
        "from_node": "DN-00366",
        "to_node": "DN-00367",
        "length_m": 14.6,
        "diameter_m": 0.8,
        "slope": 0.001,
        "roughness_n": 0.013,
        "capacity_m3s": 0.418,
        "blockage_pct": 0.0,
        "channel_type": "roadside_storm_drain"
      }
    },
    {
      "type": "Feature",
      "geometry": {
        "type": "LineString",
        "coordinates": [
          [
            80.224985,
            13.059938
          ],
          [
            80.224854,
            13.059969
          ]
        ]
      },
      "properties": {
        "id": "DE-00199",
        "from_node": "DN-00368",
        "to_node": "DN-00369",
        "length_m": 14.6,
        "diameter_m": 0.8,
        "slope": 0.001,
        "roughness_n": 0.013,
        "capacity_m3s": 0.418,
        "blockage_pct": 0.0,
        "channel_type": "roadside_storm_drain"
      }
    },
    {
      "type": "Feature",
      "geometry": {
        "type": "LineString",
        "coordinates": [
          [
            80.23743,
            13.061078
          ],
          [
            80.236259,
            13.062276
          ]
        ]
      },
      "properties": {
        "id": "DE-00200",
        "from_node": "DN-00203",
        "to_node": "DN-00370",
        "length_m": 184.54,
        "diameter_m": 0.8,
        "slope": 0.001,
        "roughness_n": 0.013,
        "capacity_m3s": 0.418,
        "blockage_pct": 0.0,
        "channel_type": "roadside_storm_drain"
      }
    },
    {
      "type": "Feature",
      "geometry": {
        "type": "LineString",
        "coordinates": [
          [
            80.236259,
            13.062276
          ],
          [
            80.234412,
            13.065311
          ]
        ]
      },
      "properties": {
        "id": "DE-00201",
        "from_node": "DN-00371",
        "to_node": "DN-00372",
        "length_m": 393.04,
        "diameter_m": 0.8,
        "slope": 0.0052,
        "roughness_n": 0.013,
        "capacity_m3s": 0.954,
        "blockage_pct": 0.0,
        "channel_type": "roadside_storm_drain"
      }
    },
    {
      "type": "Feature",
      "geometry": {
        "type": "LineString",
        "coordinates": [
          [
            80.234412,
            13.065311
          ],
          [
            80.231376,
            13.066473
          ]
        ]
      },
      "properties": {
        "id": "DE-00202",
        "from_node": "DN-00373",
        "to_node": "DN-00374",
        "length_m": 356.82,
        "diameter_m": 0.8,
        "slope": 0.0112,
        "roughness_n": 0.013,
        "capacity_m3s": 1.399,
        "blockage_pct": 0.0,
        "channel_type": "roadside_storm_drain"
      }
    },
    {
      "type": "Feature",
      "geometry": {
        "type": "LineString",
        "coordinates": [
          [
            80.230817,
            13.064496
          ],
          [
            80.231376,
            13.066473
          ]
        ]
      },
      "properties": {
        "id": "DE-00203",
        "from_node": "DN-00375",
        "to_node": "DN-00376",
        "length_m": 228.06,
        "diameter_m": 0.8,
        "slope": 0.0177,
        "roughness_n": 0.013,
        "capacity_m3s": 1.759,
        "blockage_pct": 0.0,
        "channel_type": "roadside_storm_drain"
      }
    },
    {
      "type": "Feature",
      "geometry": {
        "type": "LineString",
        "coordinates": [
          [
            80.226518,
            13.068116
          ],
          [
            80.231376,
            13.066473
          ]
        ]
      },
      "properties": {
        "id": "DE-00204",
        "from_node": "DN-00377",
        "to_node": "DN-00378",
        "length_m": 581.16,
        "diameter_m": 0.8,
        "slope": 0.0083,
        "roughness_n": 0.013,
        "capacity_m3s": 1.205,
        "blockage_pct": 0.0,
        "channel_type": "roadside_storm_drain"
      }
    },
    {
      "type": "Feature",
      "geometry": {
        "type": "LineString",
        "coordinates": [
          [
            80.224235,
            13.063124
          ],
          [
            80.226518,
            13.068116
          ]
        ]
      },
      "properties": {
        "id": "DE-00205",
        "from_node": "DN-00379",
        "to_node": "DN-00380",
        "length_m": 673.34,
        "diameter_m": 0.8,
        "slope": 0.0032,
        "roughness_n": 0.013,
        "capacity_m3s": 0.748,
        "blockage_pct": 0.0,
        "channel_type": "roadside_storm_drain"
      }
    },
    {
      "type": "Feature",
      "geometry": {
        "type": "LineString",
        "coordinates": [
          [
            80.224235,
            13.063124
          ],
          [
            80.223232,
            13.060336
          ]
        ]
      },
      "properties": {
        "id": "DE-00206",
        "from_node": "DN-00381",
        "to_node": "DN-00382",
        "length_m": 328.99,
        "diameter_m": 0.8,
        "slope": 0.0018,
        "roughness_n": 0.013,
        "capacity_m3s": 0.561,
        "blockage_pct": 0.0,
        "channel_type": "roadside_storm_drain"
      }
    },
    {
      "type": "Feature",
      "geometry": {
        "type": "LineString",
        "coordinates": [
          [
            80.226427,
            13.036416
          ],
          [
            80.22629,
            13.035625
          ]
        ]
      },
      "properties": {
        "id": "DE-00207",
        "from_node": "DN-00383",
        "to_node": "DN-00384",
        "length_m": 89.2,
        "diameter_m": 0.8,
        "slope": 0.0048,
        "roughness_n": 0.013,
        "capacity_m3s": 0.916,
        "blockage_pct": 0.0,
        "channel_type": "roadside_storm_drain"
      }
    },
    {
      "type": "Feature",
      "geometry": {
        "type": "LineString",
        "coordinates": [
          [
            80.225525,
            13.035623
          ],
          [
            80.22629,
            13.035625
          ]
        ]
      },
      "properties": {
        "id": "DE-00208",
        "from_node": "DN-00385",
        "to_node": "DN-00386",
        "length_m": 85.08,
        "diameter_m": 0.8,
        "slope": 0.0071,
        "roughness_n": 0.013,
        "capacity_m3s": 1.114,
        "blockage_pct": 0.0,
        "channel_type": "roadside_storm_drain"
      }
    },
    {
      "type": "Feature",
      "geometry": {
        "type": "LineString",
        "coordinates": [
          [
            80.225525,
            13.035623
          ],
          [
            80.230178,
            13.035094
          ]
        ]
      },
      "properties": {
        "id": "DE-00209",
        "from_node": "DN-00387",
        "to_node": "DN-00388",
        "length_m": 512.21,
        "diameter_m": 0.8,
        "slope": 0.0062,
        "roughness_n": 0.013,
        "capacity_m3s": 1.041,
        "blockage_pct": 0.0,
        "channel_type": "roadside_storm_drain"
      }
    },
    {
      "type": "Feature",
      "geometry": {
        "type": "LineString",
        "coordinates": [
          [
            80.230261,
            13.03532
          ],
          [
            80.230178,
            13.035094
          ]
        ]
      },
      "properties": {
        "id": "DE-00210",
        "from_node": "DN-00389",
        "to_node": "DN-00390",
        "length_m": 29.02,
        "diameter_m": 0.8,
        "slope": 0.0148,
        "roughness_n": 0.013,
        "capacity_m3s": 1.609,
        "blockage_pct": 0.0,
        "channel_type": "roadside_storm_drain"
      }
    },
    {
      "type": "Feature",
      "geometry": {
        "type": "LineString",
        "coordinates": [
          [
            80.231318,
            13.038656
          ],
          [
            80.230261,
            13.03532
          ]
        ]
      },
      "properties": {
        "id": "DE-00211",
        "from_node": "DN-00391",
        "to_node": "DN-00389",
        "length_m": 391.06,
        "diameter_m": 0.8,
        "slope": 0.0095,
        "roughness_n": 0.013,
        "capacity_m3s": 1.289,
        "blockage_pct": 0.0,
        "channel_type": "roadside_storm_drain"
      }
    },
    {
      "type": "Feature",
      "geometry": {
        "type": "LineString",
        "coordinates": [
          [
            80.231318,
            13.038656
          ],
          [
            80.232495,
            13.044748
          ]
        ]
      },
      "properties": {
        "id": "DE-00212",
        "from_node": "DN-00391",
        "to_node": "DN-00392",
        "length_m": 694.82,
        "diameter_m": 0.8,
        "slope": 0.0026,
        "roughness_n": 0.013,
        "capacity_m3s": 0.674,
        "blockage_pct": 0.0,
        "channel_type": "roadside_storm_drain"
      }
    },
    {
      "type": "Feature",
      "geometry": {
        "type": "LineString",
        "coordinates": [
          [
            80.232495,
            13.044748
          ],
          [
            80.232623,
            13.045432
          ]
        ]
      },
      "properties": {
        "id": "DE-00213",
        "from_node": "DN-00393",
        "to_node": "DN-00394",
        "length_m": 77.31,
        "diameter_m": 0.8,
        "slope": 0.0065,
        "roughness_n": 0.013,
        "capacity_m3s": 1.066,
        "blockage_pct": 0.0,
        "channel_type": "roadside_storm_drain"
      }
    },
    {
      "type": "Feature",
      "geometry": {
        "type": "LineString",
        "coordinates": [
          [
            80.232495,
            13.044748
          ],
          [
            80.232623,
            13.045432
          ]
        ]
      },
      "properties": {
        "id": "DE-00214",
        "from_node": "DN-00395",
        "to_node": "DN-00396",
        "length_m": 77.31,
        "diameter_m": 0.8,
        "slope": 0.0065,
        "roughness_n": 0.013,
        "capacity_m3s": 1.066,
        "blockage_pct": 0.0,
        "channel_type": "roadside_storm_drain"
      }
    },
    {
      "type": "Feature",
      "geometry": {
        "type": "LineString",
        "coordinates": [
          [
            80.232659,
            13.045636
          ],
          [
            80.232623,
            13.045432
          ]
        ]
      },
      "properties": {
        "id": "DE-00215",
        "from_node": "DN-00397",
        "to_node": "DN-00398",
        "length_m": 23.02,
        "diameter_m": 0.8,
        "slope": 0.007,
        "roughness_n": 0.013,
        "capacity_m3s": 1.106,
        "blockage_pct": 0.0,
        "channel_type": "roadside_storm_drain"
      }
    },
    {
      "type": "Feature",
      "geometry": {
        "type": "LineString",
        "coordinates": [
          [
            80.232664,
            13.045662
          ],
          [
            80.232659,
            13.045636
          ]
        ]
      },
      "properties": {
        "id": "DE-00216",
        "from_node": "DN-00399",
        "to_node": "DN-00400",
        "length_m": 5.0,
        "diameter_m": 0.8,
        "slope": 0.03,
        "roughness_n": 0.013,
        "capacity_m3s": 2.29,
        "blockage_pct": 0.0,
        "channel_type": "roadside_storm_drain"
      }
    },
    {
      "type": "Feature",
      "geometry": {
        "type": "LineString",
        "coordinates": [
          [
            80.232728,
            13.046012
          ],
          [
            80.232664,
            13.045662
          ]
        ]
      },
      "properties": {
        "id": "DE-00217",
        "from_node": "DN-00401",
        "to_node": "DN-00402",
        "length_m": 39.53,
        "diameter_m": 0.8,
        "slope": 0.0081,
        "roughness_n": 0.013,
        "capacity_m3s": 1.19,
        "blockage_pct": 0.0,
        "channel_type": "roadside_storm_drain"
      }
    },
    {
      "type": "Feature",
      "geometry": {
        "type": "LineString",
        "coordinates": [
          [
            80.232834,
            13.046595
          ],
          [
            80.232728,
            13.046012
          ]
        ]
      },
      "properties": {
        "id": "DE-00218",
        "from_node": "DN-00403",
        "to_node": "DN-00404",
        "length_m": 65.84,
        "diameter_m": 0.8,
        "slope": 0.0074,
        "roughness_n": 0.013,
        "capacity_m3s": 1.138,
        "blockage_pct": 0.0,
        "channel_type": "roadside_storm_drain"
      }
    },
    {
      "type": "Feature",
      "geometry": {
        "type": "LineString",
        "coordinates": [
          [
            80.233003,
            13.047477
          ],
          [
            80.233094,
            13.047464
          ]
        ]
      },
      "properties": {
        "id": "DE-00219",
        "from_node": "DN-00198",
        "to_node": "DN-00198",
        "length_m": 9.96,
        "diameter_m": 0.8,
        "slope": 0.0161,
        "roughness_n": 0.013,
        "capacity_m3s": 1.678,
        "blockage_pct": 0.0,
        "channel_type": "roadside_storm_drain"
      }
    },
    {
      "type": "Feature",
      "geometry": {
        "type": "LineString",
        "coordinates": [
          [
            80.233094,
            13.047464
          ],
          [
            80.233157,
            13.047455
          ]
        ]
      },
      "properties": {
        "id": "DE-00220",
        "from_node": "DN-00198",
        "to_node": "DN-00405",
        "length_m": 6.9,
        "diameter_m": 0.8,
        "slope": 0.0333,
        "roughness_n": 0.013,
        "capacity_m3s": 2.413,
        "blockage_pct": 0.0,
        "channel_type": "roadside_storm_drain"
      }
    },
    {
      "type": "Feature",
      "geometry": {
        "type": "LineString",
        "coordinates": [
          [
            80.233304,
            13.047434
          ],
          [
            80.233157,
            13.047455
          ]
        ]
      },
      "properties": {
        "id": "DE-00221",
        "from_node": "DN-00187",
        "to_node": "DN-00406",
        "length_m": 16.09,
        "diameter_m": 0.8,
        "slope": 0.001,
        "roughness_n": 0.013,
        "capacity_m3s": 0.418,
        "blockage_pct": 0.0,
        "channel_type": "roadside_storm_drain"
      }
    },
    {
      "type": "Feature",
      "geometry": {
        "type": "LineString",
        "coordinates": [
          [
            80.236921,
            13.046825
          ],
          [
            80.236023,
            13.047004
          ]
        ]
      },
      "properties": {
        "id": "DE-00222",
        "from_node": "DN-00407",
        "to_node": "DN-00179",
        "length_m": 99.29,
        "diameter_m": 0.8,
        "slope": 0.0103,
        "roughness_n": 0.013,
        "capacity_m3s": 1.342,
        "blockage_pct": 0.0,
        "channel_type": "roadside_storm_drain"
      }
    },
    {
      "type": "Feature",
      "geometry": {
        "type": "LineString",
        "coordinates": [
          [
            80.237715,
            13.046655
          ],
          [
            80.236921,
            13.046825
          ]
        ]
      },
      "properties": {
        "id": "DE-00223",
        "from_node": "DN-00408",
        "to_node": "DN-00409",
        "length_m": 88.06,
        "diameter_m": 0.8,
        "slope": 0.0127,
        "roughness_n": 0.013,
        "capacity_m3s": 1.49,
        "blockage_pct": 0.0,
        "channel_type": "roadside_storm_drain"
      }
    },
    {
      "type": "Feature",
      "geometry": {
        "type": "LineString",
        "coordinates": [
          [
            80.238231,
            13.046545
          ],
          [
            80.237715,
            13.046655
          ]
        ]
      },
      "properties": {
        "id": "DE-00224",
        "from_node": "DN-00410",
        "to_node": "DN-00411",
        "length_m": 57.22,
        "diameter_m": 0.8,
        "slope": 0.0105,
        "roughness_n": 0.013,
        "capacity_m3s": 1.355,
        "blockage_pct": 0.0,
        "channel_type": "roadside_storm_drain"
      }
    },
    {
      "type": "Feature",
      "geometry": {
        "type": "LineString",
        "coordinates": [
          [
            80.238251,
            13.04654
          ],
          [
            80.238231,
            13.046545
          ]
        ]
      },
      "properties": {
        "id": "DE-00225",
        "from_node": "DN-00412",
        "to_node": "DN-00413",
        "length_m": 5.0,
        "diameter_m": 0.8,
        "slope": 0.001,
        "roughness_n": 0.013,
        "capacity_m3s": 0.418,
        "blockage_pct": 0.0,
        "channel_type": "roadside_storm_drain"
      }
    },
    {
      "type": "Feature",
      "geometry": {
        "type": "LineString",
        "coordinates": [
          [
            80.238251,
            13.04654
          ],
          [
            80.238973,
            13.046396
          ]
        ]
      },
      "properties": {
        "id": "DE-00226",
        "from_node": "DN-00414",
        "to_node": "DN-00415",
        "length_m": 79.83,
        "diameter_m": 0.8,
        "slope": 0.001,
        "roughness_n": 0.013,
        "capacity_m3s": 0.418,
        "blockage_pct": 0.0,
        "channel_type": "roadside_storm_drain"
      }
    },
    {
      "type": "Feature",
      "geometry": {
        "type": "LineString",
        "coordinates": [
          [
            80.238973,
            13.046396
          ],
          [
            80.239151,
            13.046357
          ]
        ]
      },
      "properties": {
        "id": "DE-00227",
        "from_node": "DN-00416",
        "to_node": "DN-00417",
        "length_m": 19.76,
        "diameter_m": 0.8,
        "slope": 0.0076,
        "roughness_n": 0.013,
        "capacity_m3s": 1.153,
        "blockage_pct": 0.0,
        "channel_type": "roadside_storm_drain"
      }
    },
    {
      "type": "Feature",
      "geometry": {
        "type": "LineString",
        "coordinates": [
          [
            80.242654,
            13.05997
          ],
          [
            80.243497,
            13.063817
          ]
        ]
      },
      "properties": {
        "id": "DE-00228",
        "from_node": "DN-00418",
        "to_node": "DN-00419",
        "length_m": 439.96,
        "diameter_m": 0.8,
        "slope": 0.001,
        "roughness_n": 0.013,
        "capacity_m3s": 0.418,
        "blockage_pct": 0.0,
        "channel_type": "roadside_storm_drain"
      }
    },
    {
      "type": "Feature",
      "geometry": {
        "type": "LineString",
        "coordinates": [
          [
            80.243497,
            13.063817
          ],
          [
            80.24352,
            13.064119
          ]
        ]
      },
      "properties": {
        "id": "DE-00229",
        "from_node": "DN-00420",
        "to_node": "DN-00421",
        "length_m": 33.67,
        "diameter_m": 0.8,
        "slope": 0.0092,
        "roughness_n": 0.013,
        "capacity_m3s": 1.268,
        "blockage_pct": 0.0,
        "channel_type": "roadside_storm_drain"
      }
    },
    {
      "type": "Feature",
      "geometry": {
        "type": "LineString",
        "coordinates": [
          [
            80.24352,
            13.064119
          ],
          [
            80.243535,
            13.064511
          ]
        ]
      },
      "properties": {
        "id": "DE-00230",
        "from_node": "DN-00421",
        "to_node": "DN-00422",
        "length_m": 43.62,
        "diameter_m": 0.8,
        "slope": 0.0142,
        "roughness_n": 0.013,
        "capacity_m3s": 1.576,
        "blockage_pct": 0.0,
        "channel_type": "roadside_storm_drain"
      }
    },
    {
      "type": "Feature",
      "geometry": {
        "type": "LineString",
        "coordinates": [
          [
            80.243535,
            13.064511
          ],
          [
            80.243527,
            13.064774
          ]
        ]
      },
      "properties": {
        "id": "DE-00231",
        "from_node": "DN-00423",
        "to_node": "DN-00424",
        "length_m": 29.26,
        "diameter_m": 0.8,
        "slope": 0.0106,
        "roughness_n": 0.013,
        "capacity_m3s": 1.361,
        "blockage_pct": 0.0,
        "channel_type": "roadside_storm_drain"
      }
    },
    {
      "type": "Feature",
      "geometry": {
        "type": "LineString",
        "coordinates": [
          [
            80.243527,
            13.064774
          ],
          [
            80.243529,
            13.06486
          ]
        ]
      },
      "properties": {
        "id": "DE-00232",
        "from_node": "DN-00425",
        "to_node": "DN-00426",
        "length_m": 9.57,
        "diameter_m": 0.8,
        "slope": 0.0334,
        "roughness_n": 0.013,
        "capacity_m3s": 2.417,
        "blockage_pct": 0.0,
        "channel_type": "roadside_storm_drain"
      }
    },
    {
      "type": "Feature",
      "geometry": {
        "type": "LineString",
        "coordinates": [
          [
            80.243529,
            13.06486
          ],
          [
            80.243533,
            13.065136
          ]
        ]
      },
      "properties": {
        "id": "DE-00233",
        "from_node": "DN-00427",
        "to_node": "DN-00428",
        "length_m": 30.69,
        "diameter_m": 0.8,
        "slope": 0.0101,
        "roughness_n": 0.013,
        "capacity_m3s": 1.329,
        "blockage_pct": 0.0,
        "channel_type": "roadside_storm_drain"
      }
    },
    {
      "type": "Feature",
      "geometry": {
        "type": "LineString",
        "coordinates": [
          [
            80.243533,
            13.065136
          ],
          [
            80.243536,
            13.065275
          ]
        ]
      },
      "properties": {
        "id": "DE-00234",
        "from_node": "DN-00429",
        "to_node": "DN-00430",
        "length_m": 15.46,
        "diameter_m": 0.8,
        "slope": 0.0201,
        "roughness_n": 0.013,
        "capacity_m3s": 1.875,
        "blockage_pct": 0.0,
        "channel_type": "roadside_storm_drain"
      }
    },
    {
      "type": "Feature",
      "geometry": {
        "type": "LineString",
        "coordinates": [
          [
            80.243536,
            13.065275
          ],
          [
            80.243544,
            13.065757
          ]
        ]
      },
      "properties": {
        "id": "DE-00235",
        "from_node": "DN-00431",
        "to_node": "DN-00432",
        "length_m": 53.6,
        "diameter_m": 0.8,
        "slope": 0.0116,
        "roughness_n": 0.013,
        "capacity_m3s": 1.424,
        "blockage_pct": 0.0,
        "channel_type": "roadside_storm_drain"
      }
    },
    {
      "type": "Feature",
      "geometry": {
        "type": "LineString",
        "coordinates": [
          [
            80.243482,
            13.065918
          ],
          [
            80.243544,
            13.065757
          ]
        ]
      },
      "properties": {
        "id": "DE-00236",
        "from_node": "DN-00433",
        "to_node": "DN-00434",
        "length_m": 19.12,
        "diameter_m": 0.8,
        "slope": 0.0037,
        "roughness_n": 0.013,
        "capacity_m3s": 0.804,
        "blockage_pct": 0.0,
        "channel_type": "roadside_storm_drain"
      }
    },
    {
      "type": "Feature",
      "geometry": {
        "type": "LineString",
        "coordinates": [
          [
            80.243482,
            13.065918
          ],
          [
            80.243483,
            13.066001
          ]
        ]
      },
      "properties": {
        "id": "DE-00237",
        "from_node": "DN-00435",
        "to_node": "DN-00436",
        "length_m": 9.23,
        "diameter_m": 0.8,
        "slope": 0.0423,
        "roughness_n": 0.013,
        "capacity_m3s": 2.72,
        "blockage_pct": 0.0,
        "channel_type": "roadside_storm_drain"
      }
    },
    {
      "type": "Feature",
      "geometry": {
        "type": "LineString",
        "coordinates": [
          [
            80.243442,
            13.066159
          ],
          [
            80.243483,
            13.066001
          ]
        ]
      },
      "properties": {
        "id": "DE-00238",
        "from_node": "DN-00437",
        "to_node": "DN-00438",
        "length_m": 18.12,
        "diameter_m": 0.8,
        "slope": 0.0044,
        "roughness_n": 0.013,
        "capacity_m3s": 0.877,
        "blockage_pct": 0.0,
        "channel_type": "roadside_storm_drain"
      }
    },
    {
      "type": "Feature",
      "geometry": {
        "type": "LineString",
        "coordinates": [
          [
            80.243211,
            13.065772
          ],
          [
            80.243442,
            13.066159
          ]
        ]
      },
      "properties": {
        "id": "DE-00239",
        "from_node": "DN-00439",
        "to_node": "DN-00440",
        "length_m": 50.59,
        "diameter_m": 0.8,
        "slope": 0.0196,
        "roughness_n": 0.013,
        "capacity_m3s": 1.851,
        "blockage_pct": 0.0,
        "channel_type": "roadside_storm_drain"
      }
    },
    {
      "type": "Feature",
      "geometry": {
        "type": "LineString",
        "coordinates": [
          [
            80.243442,
            13.066159
          ],
          [
            80.243615,
            13.066223
          ]
        ]
      },
      "properties": {
        "id": "DE-00240",
        "from_node": "DN-00441",
        "to_node": "DN-00442",
        "length_m": 20.05,
        "diameter_m": 0.8,
        "slope": 0.0195,
        "roughness_n": 0.013,
        "capacity_m3s": 1.847,
        "blockage_pct": 0.0,
        "channel_type": "roadside_storm_drain"
      }
    },
    {
      "type": "Feature",
      "geometry": {
        "type": "LineString",
        "coordinates": [
          [
            80.243615,
            13.066223
          ],
          [
            80.244047,
            13.06612
          ]
        ]
      },
      "properties": {
        "id": "DE-00241",
        "from_node": "DN-00443",
        "to_node": "DN-00444",
        "length_m": 48.87,
        "diameter_m": 0.8,
        "slope": 0.0123,
        "roughness_n": 0.013,
        "capacity_m3s": 1.467,
        "blockage_pct": 0.0,
        "channel_type": "roadside_storm_drain"
      }
    },
    {
      "type": "Feature",
      "geometry": {
        "type": "LineString",
        "coordinates": [
          [
            80.247747,
            13.067925
          ],
          [
            80.244047,
            13.06612
          ]
        ]
      },
      "properties": {
        "id": "DE-00242",
        "from_node": "DN-00445",
        "to_node": "DN-00446",
        "length_m": 501.05,
        "diameter_m": 0.8,
        "slope": 0.0073,
        "roughness_n": 0.013,
        "capacity_m3s": 1.13,
        "blockage_pct": 0.0,
        "channel_type": "roadside_storm_drain"
      }
    },
    {
      "type": "Feature",
      "geometry": {
        "type": "LineString",
        "coordinates": [
          [
            80.247913,
            13.067766
          ],
          [
            80.247747,
            13.067925
          ]
        ]
      },
      "properties": {
        "id": "DE-00243",
        "from_node": "DN-00447",
        "to_node": "DN-00448",
        "length_m": 25.22,
        "diameter_m": 0.8,
        "slope": 0.0087,
        "roughness_n": 0.013,
        "capacity_m3s": 1.233,
        "blockage_pct": 0.0,
        "channel_type": "roadside_storm_drain"
      }
    },
    {
      "type": "Feature",
      "geometry": {
        "type": "LineString",
        "coordinates": [
          [
            80.247967,
            13.067652
          ],
          [
            80.247913,
            13.067766
          ]
        ]
      },
      "properties": {
        "id": "DE-00244",
        "from_node": "DN-00449",
        "to_node": "DN-00450",
        "length_m": 13.96,
        "diameter_m": 0.8,
        "slope": 0.001,
        "roughness_n": 0.013,
        "capacity_m3s": 0.418,
        "blockage_pct": 0.0,
        "channel_type": "roadside_storm_drain"
      }
    },
    {
      "type": "Feature",
      "geometry": {
        "type": "LineString",
        "coordinates": [
          [
            80.247939,
            13.067409
          ],
          [
            80.247967,
            13.067652
          ]
        ]
      },
      "properties": {
        "id": "DE-00245",
        "from_node": "DN-00451",
        "to_node": "DN-00449",
        "length_m": 27.19,
        "diameter_m": 0.8,
        "slope": 0.0114,
        "roughness_n": 0.013,
        "capacity_m3s": 1.412,
        "blockage_pct": 0.0,
        "channel_type": "roadside_storm_drain"
      }
    },
    {
      "type": "Feature",
      "geometry": {
        "type": "LineString",
        "coordinates": [
          [
            80.247924,
            13.067256
          ],
          [
            80.247939,
            13.067409
          ]
        ]
      },
      "properties": {
        "id": "DE-00246",
        "from_node": "DN-00452",
        "to_node": "DN-00451",
        "length_m": 17.09,
        "diameter_m": 0.8,
        "slope": 0.001,
        "roughness_n": 0.013,
        "capacity_m3s": 0.418,
        "blockage_pct": 0.0,
        "channel_type": "roadside_storm_drain"
      }
    },
    {
      "type": "Feature",
      "geometry": {
        "type": "LineString",
        "coordinates": [
          [
            80.247914,
            13.067154
          ],
          [
            80.247924,
            13.067256
          ]
        ]
      },
      "properties": {
        "id": "DE-00247",
        "from_node": "DN-00453",
        "to_node": "DN-00454",
        "length_m": 11.39,
        "diameter_m": 0.8,
        "slope": 0.0202,
        "roughness_n": 0.013,
        "capacity_m3s": 1.879,
        "blockage_pct": 0.0,
        "channel_type": "roadside_storm_drain"
      }
    },
    {
      "type": "Feature",
      "geometry": {
        "type": "LineString",
        "coordinates": [
          [
            80.24791,
            13.06712
          ],
          [
            80.247914,
            13.067154
          ]
        ]
      },
      "properties": {
        "id": "DE-00248",
        "from_node": "DN-00455",
        "to_node": "DN-00456",
        "length_m": 5.0,
        "diameter_m": 0.8,
        "slope": 0.001,
        "roughness_n": 0.013,
        "capacity_m3s": 0.418,
        "blockage_pct": 0.0,
        "channel_type": "roadside_storm_drain"
      }
    },
    {
      "type": "Feature",
      "geometry": {
        "type": "LineString",
        "coordinates": [
          [
            80.247892,
            13.066954
          ],
          [
            80.24791,
            13.06712
          ]
        ]
      },
      "properties": {
        "id": "DE-00249",
        "from_node": "DN-00457",
        "to_node": "DN-00458",
        "length_m": 18.56,
        "diameter_m": 0.8,
        "slope": 0.0124,
        "roughness_n": 0.013,
        "capacity_m3s": 1.473,
        "blockage_pct": 0.0,
        "channel_type": "roadside_storm_drain"
      }
    },
    {
      "type": "Feature",
      "geometry": {
        "type": "LineString",
        "coordinates": [
          [
            80.247881,
            13.066668
          ],
          [
            80.247892,
            13.066954
          ]
        ]
      },
      "properties": {
        "id": "DE-00250",
        "from_node": "DN-00459",
        "to_node": "DN-00460",
        "length_m": 31.82,
        "diameter_m": 0.8,
        "slope": 0.0072,
        "roughness_n": 0.013,
        "capacity_m3s": 1.122,
        "blockage_pct": 0.0,
        "channel_type": "roadside_storm_drain"
      }
    },
    {
      "type": "Feature",
      "geometry": {
        "type": "LineString",
        "coordinates": [
          [
            80.247869,
            13.066341
          ],
          [
            80.247881,
            13.066668
          ]
        ]
      },
      "properties": {
        "id": "DE-00251",
        "from_node": "DN-00461",
        "to_node": "DN-00462",
        "length_m": 36.38,
        "diameter_m": 0.8,
        "slope": 0.0126,
        "roughness_n": 0.013,
        "capacity_m3s": 1.484,
        "blockage_pct": 0.0,
        "channel_type": "roadside_storm_drain"
      }
    },
    {
      "type": "Feature",
      "geometry": {
        "type": "LineString",
        "coordinates": [
          [
            80.247846,
            13.065976
          ],
          [
            80.247869,
            13.066341
          ]
        ]
      },
      "properties": {
        "id": "DE-00252",
        "from_node": "DN-00463",
        "to_node": "DN-00464",
        "length_m": 40.66,
        "diameter_m": 0.8,
        "slope": 0.0111,
        "roughness_n": 0.013,
        "capacity_m3s": 1.393,
        "blockage_pct": 0.0,
        "channel_type": "roadside_storm_drain"
      }
    },
    {
      "type": "Feature",
      "geometry": {
        "type": "LineString",
        "coordinates": [
          [
            80.247826,
            13.065707
          ],
          [
            80.247846,
            13.065976
          ]
        ]
      },
      "properties": {
        "id": "DE-00253",
        "from_node": "DN-00465",
        "to_node": "DN-00466",
        "length_m": 29.99,
        "diameter_m": 0.8,
        "slope": 0.0053,
        "roughness_n": 0.013,
        "capacity_m3s": 0.963,
        "blockage_pct": 0.0,
        "channel_type": "roadside_storm_drain"
      }
    },
    {
      "type": "Feature",
      "geometry": {
        "type": "LineString",
        "coordinates": [
          [
            80.247824,
            13.065678
          ],
          [
            80.247826,
            13.065707
          ]
        ]
      },
      "properties": {
        "id": "DE-00254",
        "from_node": "DN-00467",
        "to_node": "DN-00468",
        "length_m": 5.0,
        "diameter_m": 0.8,
        "slope": 0.001,
        "roughness_n": 0.013,
        "capacity_m3s": 0.418,
        "blockage_pct": 0.0,
        "channel_type": "roadside_storm_drain"
      }
    },
    {
      "type": "Feature",
      "geometry": {
        "type": "LineString",
        "coordinates": [
          [
            80.247823,
            13.065658
          ],
          [
            80.247824,
            13.065678
          ]
        ]
      },
      "properties": {
        "id": "DE-00255",
        "from_node": "DN-00469",
        "to_node": "DN-00470",
        "length_m": 5.0,
        "diameter_m": 0.8,
        "slope": 0.001,
        "roughness_n": 0.013,
        "capacity_m3s": 0.418,
        "blockage_pct": 0.0,
        "channel_type": "roadside_storm_drain"
      }
    },
    {
      "type": "Feature",
      "geometry": {
        "type": "LineString",
        "coordinates": [
          [
            80.247821,
            13.065628
          ],
          [
            80.247823,
            13.065658
          ]
        ]
      },
      "properties": {
        "id": "DE-00256",
        "from_node": "DN-00471",
        "to_node": "DN-00472",
        "length_m": 5.0,
        "diameter_m": 0.8,
        "slope": 0.001,
        "roughness_n": 0.013,
        "capacity_m3s": 0.418,
        "blockage_pct": 0.0,
        "channel_type": "roadside_storm_drain"
      }
    },
    {
      "type": "Feature",
      "geometry": {
        "type": "LineString",
        "coordinates": [
          [
            80.247821,
            13.065628
          ],
          [
            80.247051,
            13.061246
          ]
        ]
      },
      "properties": {
        "id": "DE-00257",
        "from_node": "DN-00473",
        "to_node": "DN-00474",
        "length_m": 515.22,
        "diameter_m": 0.8,
        "slope": 0.0025,
        "roughness_n": 0.013,
        "capacity_m3s": 0.661,
        "blockage_pct": 0.0,
        "channel_type": "roadside_storm_drain"
      }
    },
    {
      "type": "Feature",
      "geometry": {
        "type": "LineString",
        "coordinates": [
          [
            80.247803,
            13.065361
          ],
          [
            80.247803,
            13.065361
          ]
        ]
      },
      "properties": {
        "id": "DE-00258",
        "from_node": "DN-00475",
        "to_node": "DN-00476",
        "length_m": 5.0,
        "diameter_m": 0.8,
        "slope": 0.001,
        "roughness_n": 0.013,
        "capacity_m3s": 0.418,
        "blockage_pct": 0.0,
        "channel_type": "roadside_storm_drain"
      }
    },
    {
      "type": "Feature",
      "geometry": {
        "type": "LineString",
        "coordinates": [
          [
            80.226315,
            13.065532
          ],
          [
            80.230817,
            13.064496
          ]
        ]
      },
      "properties": {
        "id": "DE-00259",
        "from_node": "DN-00477",
        "to_node": "DN-00478",
        "length_m": 501.11,
        "diameter_m": 0.8,
        "slope": 0.0024,
        "roughness_n": 0.013,
        "capacity_m3s": 0.648,
        "blockage_pct": 0.0,
        "channel_type": "roadside_storm_drain"
      }
    },
    {
      "type": "Feature",
      "geometry": {
        "type": "LineString",
        "coordinates": [
          [
            80.230817,
            13.064496
          ],
          [
            80.231376,
            13.066473
          ]
        ]
      },
      "properties": {
        "id": "DE-00260",
        "from_node": "DN-00479",
        "to_node": "DN-00480",
        "length_m": 228.06,
        "diameter_m": 0.8,
        "slope": 0.0177,
        "roughness_n": 0.013,
        "capacity_m3s": 1.759,
        "blockage_pct": 0.0,
        "channel_type": "roadside_storm_drain"
      }
    },
    {
      "type": "Feature",
      "geometry": {
        "type": "LineString",
        "coordinates": [
          [
            80.230244,
            13.060954
          ],
          [
            80.230244,
            13.060954
          ]
        ]
      },
      "properties": {
        "id": "DE-00261",
        "from_node": "DN-00481",
        "to_node": "DN-00481",
        "length_m": 5.0,
        "diameter_m": 0.8,
        "slope": 0.001,
        "roughness_n": 0.013,
        "capacity_m3s": 0.418,
        "blockage_pct": 0.0,
        "channel_type": "roadside_storm_drain"
      }
    },
    {
      "type": "Feature",
      "geometry": {
        "type": "LineString",
        "coordinates": [
          [
            80.22887,
            13.054166
          ],
          [
            80.230244,
            13.060954
          ]
        ]
      },
      "properties": {
        "id": "DE-00262",
        "from_node": "DN-00482",
        "to_node": "DN-00481",
        "length_m": 773.68,
        "diameter_m": 0.8,
        "slope": 0.0027,
        "roughness_n": 0.013,
        "capacity_m3s": 0.687,
        "blockage_pct": 0.0,
        "channel_type": "roadside_storm_drain"
      }
    },
    {
      "type": "Feature",
      "geometry": {
        "type": "LineString",
        "coordinates": [
          [
            80.22887,
            13.054166
          ],
          [
            80.228028,
            13.054066
          ]
        ]
      },
      "properties": {
        "id": "DE-00263",
        "from_node": "DN-00483",
        "to_node": "DN-00346",
        "length_m": 93.04,
        "diameter_m": 0.8,
        "slope": 0.0034,
        "roughness_n": 0.013,
        "capacity_m3s": 0.771,
        "blockage_pct": 0.0,
        "channel_type": "roadside_storm_drain"
      }
    },
    {
      "type": "Feature",
      "geometry": {
        "type": "LineString",
        "coordinates": [
          [
            80.229996,
            13.054201
          ],
          [
            80.229502,
            13.054192
          ]
        ]
      },
      "properties": {
        "id": "DE-00264",
        "from_node": "DN-00484",
        "to_node": "DN-00485",
        "length_m": 53.52,
        "diameter_m": 0.8,
        "slope": 0.0067,
        "roughness_n": 0.013,
        "capacity_m3s": 1.082,
        "blockage_pct": 0.0,
        "channel_type": "roadside_storm_drain"
      }
    },
    {
      "type": "Feature",
      "geometry": {
        "type": "LineString",
        "coordinates": [
          [
            80.229996,
            13.054201
          ],
          [
            80.230712,
            13.054178
          ]
        ]
      },
      "properties": {
        "id": "DE-00265",
        "from_node": "DN-00486",
        "to_node": "DN-00487",
        "length_m": 77.6,
        "diameter_m": 0.8,
        "slope": 0.0013,
        "roughness_n": 0.013,
        "capacity_m3s": 0.477,
        "blockage_pct": 0.0,
        "channel_type": "roadside_storm_drain"
      }
    },
    {
      "type": "Feature",
      "geometry": {
        "type": "LineString",
        "coordinates": [
          [
            80.230712,
            13.054178
          ],
          [
            80.230121,
            13.050851
          ]
        ]
      },
      "properties": {
        "id": "DE-00266",
        "from_node": "DN-00488",
        "to_node": "DN-00489",
        "length_m": 375.45,
        "diameter_m": 0.8,
        "slope": 0.0038,
        "roughness_n": 0.013,
        "capacity_m3s": 0.815,
        "blockage_pct": 0.0,
        "channel_type": "roadside_storm_drain"
      }
    },
    {
      "type": "Feature",
      "geometry": {
        "type": "LineString",
        "coordinates": [
          [
            80.233003,
            13.047477
          ],
          [
            80.230121,
            13.050851
          ]
        ]
      },
      "properties": {
        "id": "DE-00267",
        "from_node": "DN-00197",
        "to_node": "DN-00490",
        "length_m": 637.8,
        "diameter_m": 0.8,
        "slope": 0.001,
        "roughness_n": 0.013,
        "capacity_m3s": 0.418,
        "blockage_pct": 0.0,
        "channel_type": "roadside_storm_drain"
      }
    },
    {
      "type": "Feature",
      "geometry": {
        "type": "LineString",
        "coordinates": [
          [
            80.239519,
            13.046236
          ],
          [
            80.239546,
            13.046216
          ]
        ]
      },
      "properties": {
        "id": "DE-00268",
        "from_node": "DN-00491",
        "to_node": "DN-00492",
        "length_m": 5.0,
        "diameter_m": 0.8,
        "slope": 0.03,
        "roughness_n": 0.013,
        "capacity_m3s": 2.29,
        "blockage_pct": 0.0,
        "channel_type": "roadside_storm_drain"
      }
    },
    {
      "type": "Feature",
      "geometry": {
        "type": "LineString",
        "coordinates": [
          [
            80.239546,
            13.046216
          ],
          [
            80.239568,
            13.046194
          ]
        ]
      },
      "properties": {
        "id": "DE-00269",
        "from_node": "DN-00493",
        "to_node": "DN-00494",
        "length_m": 5.0,
        "diameter_m": 0.8,
        "slope": 0.001,
        "roughness_n": 0.013,
        "capacity_m3s": 0.418,
        "blockage_pct": 0.0,
        "channel_type": "roadside_storm_drain"
      }
    },
    {
      "type": "Feature",
      "geometry": {
        "type": "LineString",
        "coordinates": [
          [
            80.239568,
            13.046194
          ],
          [
            80.239597,
            13.046166
          ]
        ]
      },
      "properties": {
        "id": "DE-00270",
        "from_node": "DN-00495",
        "to_node": "DN-00496",
        "length_m": 5.0,
        "diameter_m": 0.8,
        "slope": 0.001,
        "roughness_n": 0.013,
        "capacity_m3s": 0.418,
        "blockage_pct": 0.0,
        "channel_type": "roadside_storm_drain"
      }
    },
    {
      "type": "Feature",
      "geometry": {
        "type": "LineString",
        "coordinates": [
          [
            80.239597,
            13.046166
          ],
          [
            80.239609,
            13.0461
          ]
        ]
      },
      "properties": {
        "id": "DE-00271",
        "from_node": "DN-00497",
        "to_node": "DN-00498",
        "length_m": 7.45,
        "diameter_m": 0.8,
        "slope": 0.001,
        "roughness_n": 0.013,
        "capacity_m3s": 0.418,
        "blockage_pct": 0.0,
        "channel_type": "roadside_storm_drain"
      }
    },
    {
      "type": "Feature",
      "geometry": {
        "type": "LineString",
        "coordinates": [
          [
            80.239609,
            13.0461
          ],
          [
            80.239682,
            13.045959
          ]
        ]
      },
      "properties": {
        "id": "DE-00272",
        "from_node": "DN-00499",
        "to_node": "DN-00500",
        "length_m": 17.56,
        "diameter_m": 0.8,
        "slope": 0.001,
        "roughness_n": 0.013,
        "capacity_m3s": 0.418,
        "blockage_pct": 0.0,
        "channel_type": "roadside_storm_drain"
      }
    },
    {
      "type": "Feature",
      "geometry": {
        "type": "LineString",
        "coordinates": [
          [
            80.239682,
            13.045959
          ],
          [
            80.240143,
            13.045331
          ]
        ]
      },
      "properties": {
        "id": "DE-00273",
        "from_node": "DN-00501",
        "to_node": "DN-00230",
        "length_m": 85.85,
        "diameter_m": 0.8,
        "slope": 0.0035,
        "roughness_n": 0.013,
        "capacity_m3s": 0.782,
        "blockage_pct": 0.0,
        "channel_type": "roadside_storm_drain"
      }
    },
    {
      "type": "Feature",
      "geometry": {
        "type": "LineString",
        "coordinates": [
          [
            80.240643,
            13.044475
          ],
          [
            80.240143,
            13.045331
          ]
        ]
      },
      "properties": {
        "id": "DE-00274",
        "from_node": "DN-00301",
        "to_node": "DN-00230",
        "length_m": 110.02,
        "diameter_m": 0.8,
        "slope": 0.001,
        "roughness_n": 0.013,
        "capacity_m3s": 0.418,
        "blockage_pct": 0.0,
        "channel_type": "roadside_storm_drain"
      }
    },
    {
      "type": "Feature",
      "geometry": {
        "type": "LineString",
        "coordinates": [
          [
            80.240984,
            13.043953
          ],
          [
            80.244594,
            13.043383
          ]
        ]
      },
      "properties": {
        "id": "DE-00275",
        "from_node": "DN-00296",
        "to_node": "DN-00502",
        "length_m": 396.21,
        "diameter_m": 0.8,
        "slope": 0.001,
        "roughness_n": 0.013,
        "capacity_m3s": 0.418,
        "blockage_pct": 0.0,
        "channel_type": "roadside_storm_drain"
      }
    },
    {
      "type": "Feature",
      "geometry": {
        "type": "LineString",
        "coordinates": [
          [
            80.244594,
            13.043383
          ],
          [
            80.247594,
            13.042922
          ]
        ]
      },
      "properties": {
        "id": "DE-00276",
        "from_node": "DN-00503",
        "to_node": "DN-00291",
        "length_m": 329.06,
        "diameter_m": 0.8,
        "slope": 0.0051,
        "roughness_n": 0.013,
        "capacity_m3s": 0.944,
        "blockage_pct": 0.0,
        "channel_type": "roadside_storm_drain"
      }
    },
    {
      "type": "Feature",
      "geometry": {
        "type": "LineString",
        "coordinates": [
          [
            80.246205,
            13.03556
          ],
          [
            80.247603,
            13.042276
          ]
        ]
      },
      "properties": {
        "id": "DE-00277",
        "from_node": "DN-00504",
        "to_node": "DN-00289",
        "length_m": 762.43,
        "diameter_m": 0.8,
        "slope": 0.001,
        "roughness_n": 0.013,
        "capacity_m3s": 0.418,
        "blockage_pct": 0.0,
        "channel_type": "roadside_storm_drain"
      }
    },
    {
      "type": "Feature",
      "geometry": {
        "type": "LineString",
        "coordinates": [
          [
            80.246205,
            13.03556
          ],
          [
            80.24774,
            13.035476
          ]
        ]
      },
      "properties": {
        "id": "DE-00278",
        "from_node": "DN-00505",
        "to_node": "DN-00506",
        "length_m": 166.56,
        "diameter_m": 0.8,
        "slope": 0.001,
        "roughness_n": 0.013,
        "capacity_m3s": 0.418,
        "blockage_pct": 0.0,
        "channel_type": "roadside_storm_drain"
      }
    },
    {
      "type": "Feature",
      "geometry": {
        "type": "LineString",
        "coordinates": [
          [
            80.24774,
            13.035476
          ],
          [
            80.250781,
            13.035305
          ]
        ]
      },
      "properties": {
        "id": "DE-00279",
        "from_node": "DN-00507",
        "to_node": "DN-00508",
        "length_m": 330.02,
        "diameter_m": 0.8,
        "slope": 0.001,
        "roughness_n": 0.013,
        "capacity_m3s": 0.418,
        "blockage_pct": 0.0,
        "channel_type": "roadside_storm_drain"
      }
    },
    {
      "type": "Feature",
      "geometry": {
        "type": "LineString",
        "coordinates": [
          [
            80.235536,
            13.063953
          ],
          [
            80.234467,
            13.065358
          ]
        ]
      },
      "properties": {
        "id": "DE-00280",
        "from_node": "DN-00509",
        "to_node": "DN-00510",
        "length_m": 206.62,
        "diameter_m": 0.8,
        "slope": 0.0151,
        "roughness_n": 0.013,
        "capacity_m3s": 1.625,
        "blockage_pct": 0.0,
        "channel_type": "roadside_storm_drain"
      }
    },
    {
      "type": "Feature",
      "geometry": {
        "type": "LineString",
        "coordinates": [
          [
            80.235536,
            13.063953
          ],
          [
            80.243211,
            13.065772
          ]
        ]
      },
      "properties": {
        "id": "DE-00281",
        "from_node": "DN-00511",
        "to_node": "DN-00439",
        "length_m": 863.39,
        "diameter_m": 0.8,
        "slope": 0.0062,
        "roughness_n": 0.013,
        "capacity_m3s": 1.041,
        "blockage_pct": 0.0,
        "channel_type": "roadside_storm_drain"
      }
    },
    {
      "type": "Feature",
      "geometry": {
        "type": "LineString",
        "coordinates": [
          [
            80.243211,
            13.065772
          ],
          [
            80.243442,
            13.066159
          ]
        ]
      },
      "properties": {
        "id": "DE-00282",
        "from_node": "DN-00439",
        "to_node": "DN-00441",
        "length_m": 50.59,
        "diameter_m": 0.8,
        "slope": 0.0196,
        "roughness_n": 0.013,
        "capacity_m3s": 1.851,
        "blockage_pct": 0.0,
        "channel_type": "roadside_storm_drain"
      }
    },
    {
      "type": "Feature",
      "geometry": {
        "type": "LineString",
        "coordinates": [
          [
            80.247051,
            13.061246
          ],
          [
            80.250923,
            13.052652
          ]
        ]
      },
      "properties": {
        "id": "DE-00283",
        "from_node": "DN-00474",
        "to_node": "DN-00512",
        "length_m": 1048.93,
        "diameter_m": 0.8,
        "slope": 0.001,
        "roughness_n": 0.013,
        "capacity_m3s": 0.418,
        "blockage_pct": 0.0,
        "channel_type": "roadside_storm_drain"
      }
    },
    {
      "type": "Feature",
      "geometry": {
        "type": "LineString",
        "coordinates": [
          [
            80.250923,
            13.052652
          ],
          [
            80.251088,
            13.052587
          ]
        ]
      },
      "properties": {
        "id": "DE-00284",
        "from_node": "DN-00513",
        "to_node": "DN-00514",
        "length_m": 19.28,
        "diameter_m": 0.8,
        "slope": 0.001,
        "roughness_n": 0.013,
        "capacity_m3s": 0.418,
        "blockage_pct": 0.0,
        "channel_type": "roadside_storm_drain"
      }
    },
    {
      "type": "Feature",
      "geometry": {
        "type": "LineString",
        "coordinates": [
          [
            80.251183,
            13.052426
          ],
          [
            80.251088,
            13.052587
          ]
        ]
      },
      "properties": {
        "id": "DE-00285",
        "from_node": "DN-00515",
        "to_node": "DN-00516",
        "length_m": 20.65,
        "diameter_m": 0.8,
        "slope": 0.0034,
        "roughness_n": 0.013,
        "capacity_m3s": 0.771,
        "blockage_pct": 0.0,
        "channel_type": "roadside_storm_drain"
      }
    },
    {
      "type": "Feature",
      "geometry": {
        "type": "LineString",
        "coordinates": [
          [
            80.251183,
            13.052426
          ],
          [
            80.251088,
            13.052587
          ]
        ]
      },
      "properties": {
        "id": "DE-00286",
        "from_node": "DN-00517",
        "to_node": "DN-00518",
        "length_m": 20.65,
        "diameter_m": 0.8,
        "slope": 0.0034,
        "roughness_n": 0.013,
        "capacity_m3s": 0.771,
        "blockage_pct": 0.0,
        "channel_type": "roadside_storm_drain"
      }
    },
    {
      "type": "Feature",
      "geometry": {
        "type": "LineString",
        "coordinates": [
          [
            80.251238,
            13.052303
          ],
          [
            80.251183,
            13.052426
          ]
        ]
      },
      "properties": {
        "id": "DE-00287",
        "from_node": "DN-00519",
        "to_node": "DN-00520",
        "length_m": 14.92,
        "diameter_m": 0.8,
        "slope": 0.0054,
        "roughness_n": 0.013,
        "capacity_m3s": 0.972,
        "blockage_pct": 0.0,
        "channel_type": "roadside_storm_drain"
      }
    },
    {
      "type": "Feature",
      "geometry": {
        "type": "LineString",
        "coordinates": [
          [
            80.251268,
            13.05217
          ],
          [
            80.251238,
            13.052303
          ]
        ]
      },
      "properties": {
        "id": "DE-00288",
        "from_node": "DN-00521",
        "to_node": "DN-00522",
        "length_m": 15.14,
        "diameter_m": 0.8,
        "slope": 0.001,
        "roughness_n": 0.013,
        "capacity_m3s": 0.418,
        "blockage_pct": 0.0,
        "channel_type": "roadside_storm_drain"
      }
    },
    {
      "type": "Feature",
      "geometry": {
        "type": "LineString",
        "coordinates": [
          [
            80.25133,
            13.052044
          ],
          [
            80.251268,
            13.05217
          ]
        ]
      },
      "properties": {
        "id": "DE-00289",
        "from_node": "DN-00523",
        "to_node": "DN-00524",
        "length_m": 15.54,
        "diameter_m": 0.8,
        "slope": 0.0045,
        "roughness_n": 0.013,
        "capacity_m3s": 0.887,
        "blockage_pct": 0.0,
        "channel_type": "roadside_storm_drain"
      }
    },
    {
      "type": "Feature",
      "geometry": {
        "type": "LineString",
        "coordinates": [
          [
            80.251522,
            13.051848
          ],
          [
            80.25133,
            13.052044
          ]
        ]
      },
      "properties": {
        "id": "DE-00290",
        "from_node": "DN-00525",
        "to_node": "DN-00526",
        "length_m": 30.13,
        "diameter_m": 0.8,
        "slope": 0.002,
        "roughness_n": 0.013,
        "capacity_m3s": 0.591,
        "blockage_pct": 0.0,
        "channel_type": "roadside_storm_drain"
      }
    },
    {
      "type": "Feature",
      "geometry": {
        "type": "LineString",
        "coordinates": [
          [
            80.251536,
            13.051831
          ],
          [
            80.251522,
            13.051848
          ]
        ]
      },
      "properties": {
        "id": "DE-00291",
        "from_node": "DN-00527",
        "to_node": "DN-00528",
        "length_m": 5.0,
        "diameter_m": 0.8,
        "slope": 0.001,
        "roughness_n": 0.013,
        "capacity_m3s": 0.418,
        "blockage_pct": 0.0,
        "channel_type": "roadside_storm_drain"
      }
    },
    {
      "type": "Feature",
      "geometry": {
        "type": "LineString",
        "coordinates": [
          [
            80.251836,
            13.051454
          ],
          [
            80.251536,
            13.051831
          ]
        ]
      },
      "properties": {
        "id": "DE-00292",
        "from_node": "DN-00529",
        "to_node": "DN-00530",
        "length_m": 53.04,
        "diameter_m": 0.8,
        "slope": 0.0015,
        "roughness_n": 0.013,
        "capacity_m3s": 0.512,
        "blockage_pct": 0.0,
        "channel_type": "roadside_storm_drain"
      }
    },
    {
      "type": "Feature",
      "geometry": {
        "type": "LineString",
        "coordinates": [
          [
            80.251937,
            13.051328
          ],
          [
            80.251836,
            13.051454
          ]
        ]
      },
      "properties": {
        "id": "DE-00293",
        "from_node": "DN-00531",
        "to_node": "DN-00532",
        "length_m": 17.78,
        "diameter_m": 0.8,
        "slope": 0.001,
        "roughness_n": 0.013,
        "capacity_m3s": 0.418,
        "blockage_pct": 0.0,
        "channel_type": "roadside_storm_drain"
      }
    },
    {
      "type": "Feature",
      "geometry": {
        "type": "LineString",
        "coordinates": [
          [
            80.252499,
            13.050623
          ],
          [
            80.251937,
            13.051328
          ]
        ]
      },
      "properties": {
        "id": "DE-00294",
        "from_node": "DN-00533",
        "to_node": "DN-00534",
        "length_m": 99.25,
        "diameter_m": 0.8,
        "slope": 0.0016,
        "roughness_n": 0.013,
        "capacity_m3s": 0.529,
        "blockage_pct": 0.0,
        "channel_type": "roadside_storm_drain"
      }
    },
    {
      "type": "Feature",
      "geometry": {
        "type": "LineString",
        "coordinates": [
          [
            80.252613,
            13.050467
          ],
          [
            80.252499,
            13.050623
          ]
        ]
      },
      "properties": {
        "id": "DE-00295",
        "from_node": "DN-00535",
        "to_node": "DN-00536",
        "length_m": 21.29,
        "diameter_m": 0.8,
        "slope": 0.0019,
        "roughness_n": 0.013,
        "capacity_m3s": 0.576,
        "blockage_pct": 0.0,
        "channel_type": "roadside_storm_drain"
      }
    },
    {
      "type": "Feature",
      "geometry": {
        "type": "LineString",
        "coordinates": [
          [
            80.252805,
            13.050203
          ],
          [
            80.252613,
            13.050467
          ]
        ]
      },
      "properties": {
        "id": "DE-00296",
        "from_node": "DN-00537",
        "to_node": "DN-00538",
        "length_m": 35.98,
        "diameter_m": 0.8,
        "slope": 0.001,
        "roughness_n": 0.013,
        "capacity_m3s": 0.418,
        "blockage_pct": 0.0,
        "channel_type": "roadside_storm_drain"
      }
    },
    {
      "type": "Feature",
      "geometry": {
        "type": "LineString",
        "coordinates": [
          [
            80.252805,
            13.050203
          ],
          [
            80.252967,
            13.05029
          ]
        ]
      },
      "properties": {
        "id": "DE-00297",
        "from_node": "DN-00539",
        "to_node": "DN-00540",
        "length_m": 20.04,
        "diameter_m": 0.8,
        "slope": 0.001,
        "roughness_n": 0.013,
        "capacity_m3s": 0.418,
        "blockage_pct": 0.0,
        "channel_type": "roadside_storm_drain"
      }
    },
    {
      "type": "Feature",
      "geometry": {
        "type": "LineString",
        "coordinates": [
          [
            80.259826,
            13.04553
          ],
          [
            80.258362,
            13.040705
          ]
        ]
      },
      "properties": {
        "id": "DE-00298",
        "from_node": "DN-00541",
        "to_node": "DN-00542",
        "length_m": 578.0,
        "diameter_m": 0.8,
        "slope": 0.0037,
        "roughness_n": 0.013,
        "capacity_m3s": 0.804,
        "blockage_pct": 0.0,
        "channel_type": "roadside_storm_drain"
      }
    },
    {
      "type": "Feature",
      "geometry": {
        "type": "LineString",
        "coordinates": [
          [
            80.257378,
            13.038862
          ],
          [
            80.258362,
            13.040705
          ]
        ]
      },
      "properties": {
        "id": "DE-00299",
        "from_node": "DN-00543",
        "to_node": "DN-00544",
        "length_m": 233.04,
        "diameter_m": 0.8,
        "slope": 0.0063,
        "roughness_n": 0.013,
        "capacity_m3s": 1.05,
        "blockage_pct": 0.0,
        "channel_type": "roadside_storm_drain"
      }
    },
    {
      "type": "Feature",
      "geometry": {
        "type": "LineString",
        "coordinates": [
          [
            80.259117,
            13.038727
          ],
          [
            80.257378,
            13.038862
          ]
        ]
      },
      "properties": {
        "id": "DE-00300",
        "from_node": "DN-00545",
        "to_node": "DN-00546",
        "length_m": 189.18,
        "diameter_m": 0.8,
        "slope": 0.001,
        "roughness_n": 0.013,
        "capacity_m3s": 0.418,
        "blockage_pct": 0.0,
        "channel_type": "roadside_storm_drain"
      }
    },
    {
      "type": "Feature",
      "geometry": {
        "type": "LineString",
        "coordinates": [
          [
            80.259117,
            13.038727
          ],
          [
            80.257732,
            13.038709
          ]
        ]
      },
      "properties": {
        "id": "DE-00301",
        "from_node": "DN-00547",
        "to_node": "DN-00548",
        "length_m": 175.71,
        "diameter_m": 0.8,
        "slope": 0.001,
        "roughness_n": 0.013,
        "capacity_m3s": 0.418,
        "blockage_pct": 0.0,
        "channel_type": "roadside_storm_drain"
      }
    },
    {
      "type": "Feature",
      "geometry": {
        "type": "LineString",
        "coordinates": [
          [
            80.257732,
            13.038709
          ],
          [
            80.257204,
            13.038624
          ]
        ]
      },
      "properties": {
        "id": "DE-00302",
        "from_node": "DN-00549",
        "to_node": "DN-00550",
        "length_m": 59.97,
        "diameter_m": 0.8,
        "slope": 0.001,
        "roughness_n": 0.013,
        "capacity_m3s": 0.418,
        "blockage_pct": 0.0,
        "channel_type": "roadside_storm_drain"
      }
    },
    {
      "type": "Feature",
      "geometry": {
        "type": "LineString",
        "coordinates": [
          [
            80.256795,
            13.038053
          ],
          [
            80.257204,
            13.038624
          ]
        ]
      },
      "properties": {
        "id": "DE-00303",
        "from_node": "DN-00551",
        "to_node": "DN-00552",
        "length_m": 77.76,
        "diameter_m": 0.8,
        "slope": 0.0063,
        "roughness_n": 0.013,
        "capacity_m3s": 1.05,
        "blockage_pct": 0.0,
        "channel_type": "roadside_storm_drain"
      }
    },
    {
      "type": "Feature",
      "geometry": {
        "type": "LineString",
        "coordinates": [
          [
            80.256795,
            13.038053
          ],
          [
            80.251374,
            13.038785
          ]
        ]
      },
      "properties": {
        "id": "DE-00304",
        "from_node": "DN-00553",
        "to_node": "DN-00554",
        "length_m": 593.12,
        "diameter_m": 0.8,
        "slope": 0.0011,
        "roughness_n": 0.013,
        "capacity_m3s": 0.439,
        "blockage_pct": 0.0,
        "channel_type": "roadside_storm_drain"
      }
    },
    {
      "type": "Feature",
      "geometry": {
        "type": "LineString",
        "coordinates": [
          [
            80.251374,
            13.038785
          ],
          [
            80.250781,
            13.035305
          ]
        ]
      },
      "properties": {
        "id": "DE-00305",
        "from_node": "DN-00555",
        "to_node": "DN-00556",
        "length_m": 392.52,
        "diameter_m": 0.8,
        "slope": 0.001,
        "roughness_n": 0.013,
        "capacity_m3s": 0.418,
        "blockage_pct": 0.0,
        "channel_type": "roadside_storm_drain"
      }
    },
    {
      "type": "Feature",
      "geometry": {
        "type": "LineString",
        "coordinates": [
          [
            80.24774,
            13.035476
          ],
          [
            80.250781,
            13.035305
          ]
        ]
      },
      "properties": {
        "id": "DE-00306",
        "from_node": "DN-00557",
        "to_node": "DN-00558",
        "length_m": 330.02,
        "diameter_m": 0.8,
        "slope": 0.001,
        "roughness_n": 0.013,
        "capacity_m3s": 0.418,
        "blockage_pct": 0.0,
        "channel_type": "roadside_storm_drain"
      }
    },
    {
      "type": "Feature",
      "geometry": {
        "type": "LineString",
        "coordinates": [
          [
            80.23701,
            13.029253
          ],
          [
            80.235783,
            13.02816
          ]
        ]
      },
      "properties": {
        "id": "DE-00307",
        "from_node": "DN-00559",
        "to_node": "DN-00560",
        "length_m": 180.11,
        "diameter_m": 0.8,
        "slope": 0.0065,
        "roughness_n": 0.013,
        "capacity_m3s": 1.066,
        "blockage_pct": 0.0,
        "channel_type": "roadside_storm_drain"
      }
    },
    {
      "type": "Feature",
      "geometry": {
        "type": "LineString",
        "coordinates": [
          [
            80.237739,
            13.03007
          ],
          [
            80.235783,
            13.02816
          ]
        ]
      },
      "properties": {
        "id": "DE-00308",
        "from_node": "DN-00561",
        "to_node": "DN-00562",
        "length_m": 317.65,
        "diameter_m": 0.8,
        "slope": 0.0078,
        "roughness_n": 0.013,
        "capacity_m3s": 1.168,
        "blockage_pct": 0.0,
        "channel_type": "roadside_storm_drain"
      }
    },
    {
      "type": "Feature",
      "geometry": {
        "type": "LineString",
        "coordinates": [
          [
            80.237739,
            13.03007
          ],
          [
            80.237158,
            13.031162
          ]
        ]
      },
      "properties": {
        "id": "DE-00309",
        "from_node": "DN-00563",
        "to_node": "DN-00564",
        "length_m": 136.78,
        "diameter_m": 0.8,
        "slope": 0.0034,
        "roughness_n": 0.013,
        "capacity_m3s": 0.771,
        "blockage_pct": 0.0,
        "channel_type": "roadside_storm_drain"
      }
    },
    {
      "type": "Feature",
      "geometry": {
        "type": "LineString",
        "coordinates": [
          [
            80.237158,
            13.031162
          ],
          [
            80.237122,
            13.0314
          ]
        ]
      },
      "properties": {
        "id": "DE-00310",
        "from_node": "DN-00565",
        "to_node": "DN-00566",
        "length_m": 48.95,
        "diameter_m": 0.8,
        "slope": 0.0012,
        "roughness_n": 0.013,
        "capacity_m3s": 0.458,
        "blockage_pct": 0.0,
        "channel_type": "roadside_storm_drain"
      }
    },
    {
      "type": "Feature",
      "geometry": {
        "type": "LineString",
        "coordinates": [
          [
            80.237122,
            13.0314
          ],
          [
            80.237063,
            13.031989
          ]
        ]
      },
      "properties": {
        "id": "DE-00311",
        "from_node": "DN-00567",
        "to_node": "DN-00568",
        "length_m": 65.83,
        "diameter_m": 0.8,
        "slope": 0.0026,
        "roughness_n": 0.013,
        "capacity_m3s": 0.674,
        "blockage_pct": 0.0,
        "channel_type": "roadside_storm_drain"
      }
    },
    {
      "type": "Feature",
      "geometry": {
        "type": "LineString",
        "coordinates": [
          [
            80.237063,
            13.031989
          ],
          [
            80.236969,
            13.034027
          ]
        ]
      },
      "properties": {
        "id": "DE-00312",
        "from_node": "DN-00569",
        "to_node": "DN-00570",
        "length_m": 226.87,
        "diameter_m": 0.8,
        "slope": 0.003,
        "roughness_n": 0.013,
        "capacity_m3s": 0.724,
        "blockage_pct": 0.0,
        "channel_type": "roadside_storm_drain"
      }
    },
    {
      "type": "Feature",
      "geometry": {
        "type": "LineString",
        "coordinates": [
          [
            80.233671,
            13.040571
          ],
          [
            80.238891,
            13.032343
          ]
        ]
      },
      "properties": {
        "id": "DE-00313",
        "from_node": "DN-00571",
        "to_node": "DN-00572",
        "length_m": 1076.0,
        "diameter_m": 0.8,
        "slope": 0.001,
        "roughness_n": 0.013,
        "capacity_m3s": 0.418,
        "blockage_pct": 0.0,
        "channel_type": "roadside_storm_drain"
      }
    },
    {
      "type": "Feature",
      "geometry": {
        "type": "LineString",
        "coordinates": [
          [
            80.232573,
            13.040796
          ],
          [
            80.233671,
            13.040571
          ]
        ]
      },
      "properties": {
        "id": "DE-00314",
        "from_node": "DN-00573",
        "to_node": "DN-00571",
        "length_m": 121.61,
        "diameter_m": 0.8,
        "slope": 0.0042,
        "roughness_n": 0.013,
        "capacity_m3s": 0.857,
        "blockage_pct": 0.0,
        "channel_type": "roadside_storm_drain"
      }
    },
    {
      "type": "Feature",
      "geometry": {
        "type": "LineString",
        "coordinates": [
          [
            80.232573,
            13.040796
          ],
          [
            80.232146,
            13.040981
          ]
        ]
      },
      "properties": {
        "id": "DE-00315",
        "from_node": "DN-00574",
        "to_node": "DN-00222",
        "length_m": 50.92,
        "diameter_m": 0.8,
        "slope": 0.001,
        "roughness_n": 0.013,
        "capacity_m3s": 0.418,
        "blockage_pct": 0.0,
        "channel_type": "roadside_storm_drain"
      }
    },
    {
      "type": "Feature",
      "geometry": {
        "type": "LineString",
        "coordinates": [
          [
            80.231975,
            13.041018
          ],
          [
            80.232146,
            13.040981
          ]
        ]
      },
      "properties": {
        "id": "DE-00316",
        "from_node": "DN-00219",
        "to_node": "DN-00222",
        "length_m": 18.98,
        "diameter_m": 0.8,
        "slope": 0.001,
        "roughness_n": 0.013,
        "capacity_m3s": 0.418,
        "blockage_pct": 0.0,
        "channel_type": "roadside_storm_drain"
      }
    },
    {
      "type": "Feature",
      "geometry": {
        "type": "LineString",
        "coordinates": [
          [
            80.243422,
            13.066235
          ],
          [
            80.243389,
            13.066335
          ]
        ]
      },
      "properties": {
        "id": "DE-00317",
        "from_node": "DN-00575",
        "to_node": "DN-00576",
        "length_m": 11.68,
        "diameter_m": 0.8,
        "slope": 0.001,
        "roughness_n": 0.013,
        "capacity_m3s": 0.418,
        "blockage_pct": 0.0,
        "channel_type": "roadside_storm_drain"
      }
    },
    {
      "type": "Feature",
      "geometry": {
        "type": "LineString",
        "coordinates": [
          [
            80.243389,
            13.066335
          ],
          [
            80.243294,
            13.066608
          ]
        ]
      },
      "properties": {
        "id": "DE-00318",
        "from_node": "DN-00577",
        "to_node": "DN-00578",
        "length_m": 32.05,
        "diameter_m": 0.8,
        "slope": 0.0094,
        "roughness_n": 0.013,
        "capacity_m3s": 1.282,
        "blockage_pct": 0.0,
        "channel_type": "roadside_storm_drain"
      }
    },
    {
      "type": "Feature",
      "geometry": {
        "type": "LineString",
        "coordinates": [
          [
            80.243294,
            13.066608
          ],
          [
            80.243193,
            13.066865
          ]
        ]
      },
      "properties": {
        "id": "DE-00319",
        "from_node": "DN-00579",
        "to_node": "DN-00580",
        "length_m": 30.6,
        "diameter_m": 0.8,
        "slope": 0.0062,
        "roughness_n": 0.013,
        "capacity_m3s": 1.041,
        "blockage_pct": 0.0,
        "channel_type": "roadside_storm_drain"
      }
    },
    {
      "type": "Feature",
      "geometry": {
        "type": "LineString",
        "coordinates": [
          [
            80.243193,
            13.066865
          ],
          [
            80.24316,
            13.066949
          ]
        ]
      },
      "properties": {
        "id": "DE-00320",
        "from_node": "DN-00581",
        "to_node": "DN-00582",
        "length_m": 10.0,
        "diameter_m": 0.8,
        "slope": 0.001,
        "roughness_n": 0.013,
        "capacity_m3s": 0.418,
        "blockage_pct": 0.0,
        "channel_type": "roadside_storm_drain"
      }
    },
    {
      "type": "Feature",
      "geometry": {
        "type": "LineString",
        "coordinates": [
          [
            80.24316,
            13.066949
          ],
          [
            80.24302,
            13.067256
          ]
        ]
      },
      "properties": {
        "id": "DE-00321",
        "from_node": "DN-00583",
        "to_node": "DN-00584",
        "length_m": 37.35,
        "diameter_m": 0.8,
        "slope": 0.004,
        "roughness_n": 0.013,
        "capacity_m3s": 0.836,
        "blockage_pct": 0.0,
        "channel_type": "roadside_storm_drain"
      }
    },
    {
      "type": "Feature",
      "geometry": {
        "type": "LineString",
        "coordinates": [
          [
            80.24302,
            13.067256
          ],
          [
            80.242939,
            13.067433
          ]
        ]
      },
      "properties": {
        "id": "DE-00322",
        "from_node": "DN-00585",
        "to_node": "DN-00586",
        "length_m": 21.55,
        "diameter_m": 0.8,
        "slope": 0.001,
        "roughness_n": 0.013,
        "capacity_m3s": 0.418,
        "blockage_pct": 0.0,
        "channel_type": "roadside_storm_drain"
      }
    },
    {
      "type": "Feature",
      "geometry": {
        "type": "LineString",
        "coordinates": [
          [
            80.242748,
            13.067864
          ],
          [
            80.242939,
            13.067433
          ]
        ]
      },
      "properties": {
        "id": "DE-00323",
        "from_node": "DN-00587",
        "to_node": "DN-00588",
        "length_m": 52.2,
        "diameter_m": 0.8,
        "slope": 0.0115,
        "roughness_n": 0.013,
        "capacity_m3s": 1.418,
        "blockage_pct": 0.0,
        "channel_type": "roadside_storm_drain"
      }
    },
    {
      "type": "Feature",
      "geometry": {
        "type": "LineString",
        "coordinates": [
          [
            80.242544,
            13.068569
          ],
          [
            80.242748,
            13.067864
          ]
        ]
      },
      "properties": {
        "id": "DE-00324",
        "from_node": "DN-00589",
        "to_node": "DN-00590",
        "length_m": 81.45,
        "diameter_m": 0.8,
        "slope": 0.0152,
        "roughness_n": 0.013,
        "capacity_m3s": 1.63,
        "blockage_pct": 0.0,
        "channel_type": "roadside_storm_drain"
      }
    },
    {
      "type": "Feature",
      "geometry": {
        "type": "LineString",
        "coordinates": [
          [
            80.242544,
            13.068569
          ],
          [
            80.242538,
            13.06859
          ]
        ]
      },
      "properties": {
        "id": "DE-00325",
        "from_node": "DN-00591",
        "to_node": "DN-00592",
        "length_m": 5.0,
        "diameter_m": 0.8,
        "slope": 0.001,
        "roughness_n": 0.013,
        "capacity_m3s": 0.418,
        "blockage_pct": 0.0,
        "channel_type": "roadside_storm_drain"
      }
    },
    {
      "type": "Feature",
      "geometry": {
        "type": "LineString",
        "coordinates": [
          [
            80.242518,
            13.068663
          ],
          [
            80.242538,
            13.06859
          ]
        ]
      },
      "properties": {
        "id": "DE-00326",
        "from_node": "DN-00593",
        "to_node": "DN-00594",
        "length_m": 8.4,
        "diameter_m": 0.8,
        "slope": 0.0333,
        "roughness_n": 0.013,
        "capacity_m3s": 2.413,
        "blockage_pct": 0.0,
        "channel_type": "roadside_storm_drain"
      }
    },
    {
      "type": "Feature",
      "geometry": {
        "type": "LineString",
        "coordinates": [
          [
            80.242518,
            13.068663
          ],
          [
            80.242484,
            13.068757
          ]
        ]
      },
      "properties": {
        "id": "DE-00327",
        "from_node": "DN-00595",
        "to_node": "DN-00596",
        "length_m": 11.08,
        "diameter_m": 0.8,
        "slope": 0.001,
        "roughness_n": 0.013,
        "capacity_m3s": 0.418,
        "blockage_pct": 0.0,
        "channel_type": "roadside_storm_drain"
      }
    },
    {
      "type": "Feature",
      "geometry": {
        "type": "LineString",
        "coordinates": [
          [
            80.24234,
            13.069162
          ],
          [
            80.242484,
            13.068757
          ]
        ]
      },
      "properties": {
        "id": "DE-00328",
        "from_node": "DN-00597",
        "to_node": "DN-00598",
        "length_m": 47.66,
        "diameter_m": 0.8,
        "slope": 0.0195,
        "roughness_n": 0.013,
        "capacity_m3s": 1.847,
        "blockage_pct": 0.0,
        "channel_type": "roadside_storm_drain"
      }
    },
    {
      "type": "Feature",
      "geometry": {
        "type": "LineString",
        "coordinates": [
          [
            80.24234,
            13.069162
          ],
          [
            80.242319,
            13.069216
          ]
        ]
      },
      "properties": {
        "id": "DE-00329",
        "from_node": "DN-00599",
        "to_node": "DN-00600",
        "length_m": 6.42,
        "diameter_m": 0.8,
        "slope": 0.001,
        "roughness_n": 0.013,
        "capacity_m3s": 0.418,
        "blockage_pct": 0.0,
        "channel_type": "roadside_storm_drain"
      }
    },
    {
      "type": "Feature",
      "geometry": {
        "type": "LineString",
        "coordinates": [
          [
            80.240725,
            13.073264
          ],
          [
            80.242319,
            13.069216
          ]
        ]
      },
      "properties": {
        "id": "DE-00330",
        "from_node": "DN-00601",
        "to_node": "DN-00600",
        "length_m": 484.65,
        "diameter_m": 0.8,
        "slope": 0.001,
        "roughness_n": 0.013,
        "capacity_m3s": 0.418,
        "blockage_pct": 0.0,
        "channel_type": "roadside_storm_drain"
      }
    },
    {
      "type": "Feature",
      "geometry": {
        "type": "LineString",
        "coordinates": [
          [
            80.240725,
            13.073264
          ],
          [
            80.242319,
            13.069216
          ]
        ]
      },
      "properties": {
        "id": "DE-00331",
        "from_node": "DN-00601",
        "to_node": "DN-00600",
        "length_m": 484.65,
        "diameter_m": 0.8,
        "slope": 0.001,
        "roughness_n": 0.013,
        "capacity_m3s": 0.418,
        "blockage_pct": 0.0,
        "channel_type": "roadside_storm_drain"
      }
    },
    {
      "type": "Feature",
      "geometry": {
        "type": "LineString",
        "coordinates": [
          [
            80.240725,
            13.073264
          ],
          [
            80.240596,
            13.076973
          ]
        ]
      },
      "properties": {
        "id": "DE-00332",
        "from_node": "DN-00601",
        "to_node": "DN-00602",
        "length_m": 416.33,
        "diameter_m": 0.8,
        "slope": 0.0092,
        "roughness_n": 0.013,
        "capacity_m3s": 1.268,
        "blockage_pct": 0.0,
        "channel_type": "roadside_storm_drain"
      }
    },
    {
      "type": "Feature",
      "geometry": {
        "type": "LineString",
        "coordinates": [
          [
            80.238857,
            13.076756
          ],
          [
            80.240596,
            13.076973
          ]
        ]
      },
      "properties": {
        "id": "DE-00333",
        "from_node": "DN-00603",
        "to_node": "DN-00604",
        "length_m": 201.07,
        "diameter_m": 0.8,
        "slope": 0.0404,
        "roughness_n": 0.013,
        "capacity_m3s": 2.658,
        "blockage_pct": 0.0,
        "channel_type": "roadside_storm_drain"
      }
    },
    {
      "type": "Feature",
      "geometry": {
        "type": "LineString",
        "coordinates": [
          [
            80.238857,
            13.076756
          ],
          [
            80.239241,
            13.073943
          ]
        ]
      },
      "properties": {
        "id": "DE-00334",
        "from_node": "DN-00605",
        "to_node": "DN-00606",
        "length_m": 343.39,
        "diameter_m": 0.8,
        "slope": 0.0041,
        "roughness_n": 0.013,
        "capacity_m3s": 0.847,
        "blockage_pct": 0.0,
        "channel_type": "roadside_storm_drain"
      }
    },
    {
      "type": "Feature",
      "geometry": {
        "type": "LineString",
        "coordinates": [
          [
            80.237031,
            13.072659
          ],
          [
            80.239241,
            13.073943
          ]
        ]
      },
      "properties": {
        "id": "DE-00335",
        "from_node": "DN-00607",
        "to_node": "DN-00608",
        "length_m": 311.56,
        "diameter_m": 0.8,
        "slope": 0.0011,
        "roughness_n": 0.013,
        "capacity_m3s": 0.439,
        "blockage_pct": 0.0,
        "channel_type": "roadside_storm_drain"
      }
    },
    {
      "type": "Feature",
      "geometry": {
        "type": "LineString",
        "coordinates": [
          [
            80.220878,
            13.050795
          ],
          [
            80.220719,
            13.050813
          ]
        ]
      },
      "properties": {
        "id": "DE-00336",
        "from_node": "DN-00609",
        "to_node": "DN-00610",
        "length_m": 17.34,
        "diameter_m": 0.8,
        "slope": 0.004,
        "roughness_n": 0.013,
        "capacity_m3s": 0.836,
        "blockage_pct": 0.0,
        "channel_type": "roadside_storm_drain"
      }
    },
    {
      "type": "Feature",
      "geometry": {
        "type": "LineString",
        "coordinates": [
          [
            80.220744,
            13.051094
          ],
          [
            80.220719,
            13.050813
          ]
        ]
      },
      "properties": {
        "id": "DE-00337",
        "from_node": "DN-00611",
        "to_node": "DN-00612",
        "length_m": 31.36,
        "diameter_m": 0.8,
        "slope": 0.0019,
        "roughness_n": 0.013,
        "capacity_m3s": 0.576,
        "blockage_pct": 0.0,
        "channel_type": "roadside_storm_drain"
      }
    },
    {
      "type": "Feature",
      "geometry": {
        "type": "LineString",
        "coordinates": [
          [
            80.221765,
            13.050995
          ],
          [
            80.220744,
            13.051094
          ]
        ]
      },
      "properties": {
        "id": "DE-00338",
        "from_node": "DN-00613",
        "to_node": "DN-00614",
        "length_m": 111.14,
        "diameter_m": 0.8,
        "slope": 0.0036,
        "roughness_n": 0.013,
        "capacity_m3s": 0.793,
        "blockage_pct": 0.0,
        "channel_type": "roadside_storm_drain"
      }
    },
    {
      "type": "Feature",
      "geometry": {
        "type": "LineString",
        "coordinates": [
          [
            80.221765,
            13.050995
          ],
          [
            80.221339,
            13.046347
          ]
        ]
      },
      "properties": {
        "id": "DE-00339",
        "from_node": "DN-00615",
        "to_node": "DN-00616",
        "length_m": 519.08,
        "diameter_m": 0.8,
        "slope": 0.001,
        "roughness_n": 0.013,
        "capacity_m3s": 0.418,
        "blockage_pct": 0.0,
        "channel_type": "roadside_storm_drain"
      }
    },
    {
      "type": "Feature",
      "geometry": {
        "type": "LineString",
        "coordinates": [
          [
            80.221765,
            13.050995
          ],
          [
            80.221339,
            13.046347
          ]
        ]
      },
      "properties": {
        "id": "DE-00340",
        "from_node": "DN-00617",
        "to_node": "DN-00618",
        "length_m": 519.08,
        "diameter_m": 0.8,
        "slope": 0.001,
        "roughness_n": 0.013,
        "capacity_m3s": 0.418,
        "blockage_pct": 0.0,
        "channel_type": "roadside_storm_drain"
      }
    },
    {
      "type": "Feature",
      "geometry": {
        "type": "LineString",
        "coordinates": [
          [
            80.222579,
            13.046091
          ],
          [
            80.221339,
            13.046347
          ]
        ]
      },
      "properties": {
        "id": "DE-00341",
        "from_node": "DN-00619",
        "to_node": "DN-00620",
        "length_m": 137.31,
        "diameter_m": 0.8,
        "slope": 0.001,
        "roughness_n": 0.013,
        "capacity_m3s": 0.418,
        "blockage_pct": 0.0,
        "channel_type": "roadside_storm_drain"
      }
    },
    {
      "type": "Feature",
      "geometry": {
        "type": "LineString",
        "coordinates": [
          [
            80.252805,
            13.050203
          ],
          [
            80.252967,
            13.05029
          ]
        ]
      },
      "properties": {
        "id": "DE-00342",
        "from_node": "DN-00537",
        "to_node": "DN-00540",
        "length_m": 20.04,
        "diameter_m": 0.8,
        "slope": 0.001,
        "roughness_n": 0.013,
        "capacity_m3s": 0.418,
        "blockage_pct": 0.0,
        "channel_type": "roadside_storm_drain"
      }
    },
    {
      "type": "Feature",
      "geometry": {
        "type": "LineString",
        "coordinates": [
          [
            80.252967,
            13.05029
          ],
          [
            80.25306,
            13.050415
          ]
        ]
      },
      "properties": {
        "id": "DE-00343",
        "from_node": "DN-00540",
        "to_node": "DN-00621",
        "length_m": 19.88,
        "diameter_m": 0.8,
        "slope": 0.0025,
        "roughness_n": 0.013,
        "capacity_m3s": 0.661,
        "blockage_pct": 0.0,
        "channel_type": "roadside_storm_drain"
      }
    },
    {
      "type": "Feature",
      "geometry": {
        "type": "LineString",
        "coordinates": [
          [
            80.25306,
            13.050415
          ],
          [
            80.253215,
            13.050879
          ]
        ]
      },
      "properties": {
        "id": "DE-00344",
        "from_node": "DN-00622",
        "to_node": "DN-00623",
        "length_m": 62.04,
        "diameter_m": 0.8,
        "slope": 0.001,
        "roughness_n": 0.013,
        "capacity_m3s": 0.418,
        "blockage_pct": 0.0,
        "channel_type": "roadside_storm_drain"
      }
    },
    {
      "type": "Feature",
      "geometry": {
        "type": "LineString",
        "coordinates": [
          [
            80.22182,
            13.051587
          ],
          [
            80.221765,
            13.050995
          ]
        ]
      },
      "properties": {
        "id": "DE-00345",
        "from_node": "DN-00624",
        "to_node": "DN-00625",
        "length_m": 66.1,
        "diameter_m": 0.8,
        "slope": 0.0048,
        "roughness_n": 0.013,
        "capacity_m3s": 0.916,
        "blockage_pct": 0.0,
        "channel_type": "roadside_storm_drain"
      }
    },
    {
      "type": "Feature",
      "geometry": {
        "type": "LineString",
        "coordinates": [
          [
            80.22182,
            13.051587
          ],
          [
            80.223704,
            13.051402
          ]
        ]
      },
      "properties": {
        "id": "DE-00346",
        "from_node": "DN-00626",
        "to_node": "DN-00627",
        "length_m": 205.16,
        "diameter_m": 0.8,
        "slope": 0.0053,
        "roughness_n": 0.013,
        "capacity_m3s": 0.963,
        "blockage_pct": 0.0,
        "channel_type": "roadside_storm_drain"
      }
    },
    {
      "type": "Feature",
      "geometry": {
        "type": "LineString",
        "coordinates": [
          [
            80.223645,
            13.051054
          ],
          [
            80.223704,
            13.051402
          ]
        ]
      },
      "properties": {
        "id": "DE-00347",
        "from_node": "DN-00628",
        "to_node": "DN-00629",
        "length_m": 39.22,
        "diameter_m": 0.8,
        "slope": 0.0018,
        "roughness_n": 0.013,
        "capacity_m3s": 0.561,
        "blockage_pct": 0.0,
        "channel_type": "roadside_storm_drain"
      }
    },
    {
      "type": "Feature",
      "geometry": {
        "type": "LineString",
        "coordinates": [
          [
            80.223748,
            13.051657
          ],
          [
            80.223954,
            13.052697
          ]
        ]
      },
      "properties": {
        "id": "DE-00348",
        "from_node": "DN-00630",
        "to_node": "DN-00353",
        "length_m": 117.78,
        "diameter_m": 0.8,
        "slope": 0.0032,
        "roughness_n": 0.013,
        "capacity_m3s": 0.748,
        "blockage_pct": 0.0,
        "channel_type": "roadside_storm_drain"
      }
    },
    {
      "type": "Feature",
      "geometry": {
        "type": "LineString",
        "coordinates": [
          [
            80.228028,
            13.054066
          ],
          [
            80.225132,
            13.053679
          ]
        ]
      },
      "properties": {
        "id": "DE-00349",
        "from_node": "DN-00346",
        "to_node": "DN-00360",
        "length_m": 316.93,
        "diameter_m": 0.8,
        "slope": 0.001,
        "roughness_n": 0.013,
        "capacity_m3s": 0.418,
        "blockage_pct": 0.0,
        "channel_type": "roadside_storm_drain"
      }
    },
    {
      "type": "Feature",
      "geometry": {
        "type": "LineString",
        "coordinates": [
          [
            80.22887,
            13.054166
          ],
          [
            80.228028,
            13.054066
          ]
        ]
      },
      "properties": {
        "id": "DE-00350",
        "from_node": "DN-00482",
        "to_node": "DN-00346",
        "length_m": 93.04,
        "diameter_m": 0.8,
        "slope": 0.0034,
        "roughness_n": 0.013,
        "capacity_m3s": 0.771,
        "blockage_pct": 0.0,
        "channel_type": "roadside_storm_drain"
      }
    },
    {
      "type": "Feature",
      "geometry": {
        "type": "LineString",
        "coordinates": [
          [
            80.223645,
            13.051054
          ],
          [
            80.224482,
            13.050867
          ]
        ]
      },
      "properties": {
        "id": "DE-00351",
        "from_node": "DN-00631",
        "to_node": "DN-00632",
        "length_m": 93.02,
        "diameter_m": 0.8,
        "slope": 0.0025,
        "roughness_n": 0.013,
        "capacity_m3s": 0.661,
        "blockage_pct": 0.0,
        "channel_type": "roadside_storm_drain"
      }
    },
    {
      "type": "Feature",
      "geometry": {
        "type": "LineString",
        "coordinates": [
          [
            80.223645,
            13.051054
          ],
          [
            80.223704,
            13.051402
          ]
        ]
      },
      "properties": {
        "id": "DE-00352",
        "from_node": "DN-00628",
        "to_node": "DN-00629",
        "length_m": 39.22,
        "diameter_m": 0.8,
        "slope": 0.0018,
        "roughness_n": 0.013,
        "capacity_m3s": 0.561,
        "blockage_pct": 0.0,
        "channel_type": "roadside_storm_drain"
      }
    },
    {
      "type": "Feature",
      "geometry": {
        "type": "LineString",
        "coordinates": [
          [
            80.249709,
            13.049412
          ],
          [
            80.249781,
            13.049857
          ]
        ]
      },
      "properties": {
        "id": "DE-00353",
        "from_node": "DN-00265",
        "to_node": "DN-00633",
        "length_m": 50.13,
        "diameter_m": 0.8,
        "slope": 0.0042,
        "roughness_n": 0.013,
        "capacity_m3s": 0.857,
        "blockage_pct": 0.0,
        "channel_type": "roadside_storm_drain"
      }
    },
    {
      "type": "Feature",
      "geometry": {
        "type": "LineString",
        "coordinates": [
          [
            80.249781,
            13.049857
          ],
          [
            80.249906,
            13.051471
          ]
        ]
      },
      "properties": {
        "id": "DE-00354",
        "from_node": "DN-00634",
        "to_node": "DN-00635",
        "length_m": 188.92,
        "diameter_m": 0.8,
        "slope": 0.0043,
        "roughness_n": 0.013,
        "capacity_m3s": 0.867,
        "blockage_pct": 0.0,
        "channel_type": "roadside_storm_drain"
      }
    },
    {
      "type": "Feature",
      "geometry": {
        "type": "LineString",
        "coordinates": [
          [
            80.249418,
            13.051099
          ],
          [
            80.249906,
            13.051471
          ]
        ]
      },
      "properties": {
        "id": "DE-00355",
        "from_node": "DN-00636",
        "to_node": "DN-00637",
        "length_m": 67.22,
        "diameter_m": 0.8,
        "slope": 0.0034,
        "roughness_n": 0.013,
        "capacity_m3s": 0.771,
        "blockage_pct": 0.0,
        "channel_type": "roadside_storm_drain"
      }
    },
    {
      "type": "Feature",
      "geometry": {
        "type": "LineString",
        "coordinates": [
          [
            80.249418,
            13.051099
          ],
          [
            80.249418,
            13.051099
          ]
        ]
      },
      "properties": {
        "id": "DE-00356",
        "from_node": "DN-00638",
        "to_node": "DN-00639",
        "length_m": 5.0,
        "diameter_m": 0.8,
        "slope": 0.001,
        "roughness_n": 0.013,
        "capacity_m3s": 0.418,
        "blockage_pct": 0.0,
        "channel_type": "roadside_storm_drain"
      }
    },
    {
      "type": "Feature",
      "geometry": {
        "type": "LineString",
        "coordinates": [
          [
            80.234136,
            13.0539
          ],
          [
            80.240999,
            13.052539
          ]
        ]
      },
      "properties": {
        "id": "DE-00357",
        "from_node": "DN-00640",
        "to_node": "DN-00103",
        "length_m": 759.49,
        "diameter_m": 0.8,
        "slope": 0.0033,
        "roughness_n": 0.013,
        "capacity_m3s": 0.76,
        "blockage_pct": 0.0,
        "channel_type": "roadside_storm_drain"
      }
    },
    {
      "type": "Feature",
      "geometry": {
        "type": "LineString",
        "coordinates": [
          [
            80.240391,
            13.049984
          ],
          [
            80.241,
            13.052427
          ]
        ]
      },
      "properties": {
        "id": "DE-00358",
        "from_node": "DN-00641",
        "to_node": "DN-00108",
        "length_m": 280.66,
        "diameter_m": 0.8,
        "slope": 0.0041,
        "roughness_n": 0.013,
        "capacity_m3s": 0.847,
        "blockage_pct": 0.0,
        "channel_type": "roadside_storm_drain"
      }
    },
    {
      "type": "Feature",
      "geometry": {
        "type": "LineString",
        "coordinates": [
          [
            80.240391,
            13.049984
          ],
          [
            80.245848,
            13.048286
          ]
        ]
      },
      "properties": {
        "id": "DE-00359",
        "from_node": "DN-00642",
        "to_node": "DN-00247",
        "length_m": 633.03,
        "diameter_m": 0.8,
        "slope": 0.0031,
        "roughness_n": 0.013,
        "capacity_m3s": 0.736,
        "blockage_pct": 0.0,
        "channel_type": "roadside_storm_drain"
      }
    },
    {
      "type": "Feature",
      "geometry": {
        "type": "LineString",
        "coordinates": [
          [
            80.237816,
            13.069308
          ],
          [
            80.242319,
            13.069216
          ]
        ]
      },
      "properties": {
        "id": "DE-00360",
        "from_node": "DN-00643",
        "to_node": "DN-00600",
        "length_m": 488.05,
        "diameter_m": 0.8,
        "slope": 0.0077,
        "roughness_n": 0.013,
        "capacity_m3s": 1.16,
        "blockage_pct": 0.0,
        "channel_type": "roadside_storm_drain"
      }
    },
    {
      "type": "Feature",
      "geometry": {
        "type": "LineString",
        "coordinates": [
          [
            80.237777,
            13.067671
          ],
          [
            80.237816,
            13.069308
          ]
        ]
      },
      "properties": {
        "id": "DE-00361",
        "from_node": "DN-00644",
        "to_node": "DN-00645",
        "length_m": 182.08,
        "diameter_m": 0.8,
        "slope": 0.001,
        "roughness_n": 0.013,
        "capacity_m3s": 0.418,
        "blockage_pct": 0.0,
        "channel_type": "roadside_storm_drain"
      }
    },
    {
      "type": "Feature",
      "geometry": {
        "type": "LineString",
        "coordinates": [
          [
            80.237777,
            13.067671
          ],
          [
            80.237048,
            13.067684
          ]
        ]
      },
      "properties": {
        "id": "DE-00362",
        "from_node": "DN-00646",
        "to_node": "DN-00647",
        "length_m": 78.98,
        "diameter_m": 0.8,
        "slope": 0.0114,
        "roughness_n": 0.013,
        "capacity_m3s": 1.412,
        "blockage_pct": 0.0,
        "channel_type": "roadside_storm_drain"
      }
    },
    {
      "type": "Feature",
      "geometry": {
        "type": "LineString",
        "coordinates": [
          [
            80.2341,
            13.0418
          ],
          [
            80.234102,
            13.041814
          ]
        ]
      },
      "properties": {
        "id": "DE-00363",
        "from_node": "DN-00001",
        "to_node": "DN-00001",
        "length_m": 5.0,
        "diameter_m": 0.8,
        "slope": 0.001,
        "roughness_n": 0.013,
        "capacity_m3s": 0.418,
        "blockage_pct": 0.0,
        "channel_type": "roadside_storm_drain"
      }
    }
  ]
}