{
  "type": "FeatureCollection",
  "features": [
    {
      "type": "Feature",
      "geometry": {
        "type": "Point",
        "coordinates": [
          80.234102,
          13.041814
        ]
      },
      "properties": {
        "id": "DN-00001",
        "type": "inlet",
        "elevation_m": 15.49,
        "capacity_m3s": 0.418,
        "grid_row": 74,
        "grid_col": 72
      }
    },
    {
      "type": "Feature",
      "geometry": {
        "type": "Point",
        "coordinates": [
          80.234204,
          13.041818
        ]
      },
      "properties": {
        "id": "DN-00002",
        "type": "inlet",
        "elevation_m": 15.41,
        "capacity_m3s": 2.263,
        "grid_row": 74,
        "grid_col": 73
      }
    },
    {
      "type": "Feature",
      "geometry": {
        "type": "Point",
        "coordinates": [
          80.234263,
          13.041847
        ]
      },
      "properties": {
        "id": "DN-00003",
        "type": "junction",
        "elevation_m": 15.2,
        "capacity_m3s": 2.263,
        "grid_row": 75,
        "grid_col": 73
      }
    },
    {
      "type": "Feature",
      "geometry": {
        "type": "Point",
        "coordinates": [
          80.234263,
          13.041847
        ]
      },
      "properties": {
        "id": "DN-00004",
        "type": "inlet",
        "elevation_m": 15.2,
        "capacity_m3s": 1.138,
        "grid_row": 75,
        "grid_col": 73
      }
    },
    {
      "type": "Feature",
      "geometry": {
        "type": "Point",
        "coordinates": [
          80.235171,
          13.042369
        ]
      },
      "properties": {
        "id": "DN-00005",
        "type": "junction",
        "elevation_m": 14.35,
        "capacity_m3s": 1.138,
        "grid_row": 77,
        "grid_col": 77
      }
    },
    {
      "type": "Feature",
      "geometry": {
        "type": "Point",
        "coordinates": [
          80.235171,
          13.042369
        ]
      },
      "properties": {
        "id": "DN-00006",
        "type": "inlet",
        "elevation_m": 14.35,
        "capacity_m3s": 1.581,
        "grid_row": 77,
        "grid_col": 77
      }
    },
    {
      "type": "Feature",
      "geometry": {
        "type": "Point",
        "coordinates": [
          80.235435,
          13.042513
        ]
      },
      "properties": {
        "id": "DN-00007",
        "type": "junction",
        "elevation_m": 13.88,
        "capacity_m3s": 1.581,
        "grid_row": 78,
        "grid_col": 79
      }
    },
    {
      "type": "Feature",
      "geometry": {
        "type": "Point",
        "coordinates": [
          80.235435,
          13.042513
        ]
      },
      "properties": {
        "id": "DN-00008",
        "type": "inlet",
        "elevation_m": 13.88,
        "capacity_m3s": 1.05,
        "grid_row": 78,
        "grid_col": 79
      }
    },
    {
      "type": "Feature",
      "geometry": {
        "type": "Point",
        "coordinates": [
          80.235822,
          13.042712
        ]
      },
      "properties": {
        "id": "DN-00009",
        "type": "junction",
        "elevation_m": 13.58,
        "capacity_m3s": 1.05,
        "grid_row": 79,
        "grid_col": 81
      }
    },
    {
      "type": "Feature",
      "geometry": {
        "type": "Point",
        "coordinates": [
          80.235822,
          13.042712
        ]
      },
      "properties": {
        "id": "DN-00010",
        "type": "inlet",
        "elevation_m": 13.58,
        "capacity_m3s": 0.418,
        "grid_row": 79,
        "grid_col": 81
      }
    },
    {
      "type": "Feature",
      "geometry": {
        "type": "Point",
        "coordinates": [
          80.235832,
          13.042734
        ]
      },
      "properties": {
        "id": "DN-00011",
        "type": "junction",
        "elevation_m": 13.58,
        "capacity_m3s": 0.418,
        "grid_row": 79,
        "grid_col": 81
      }
    },
    {
      "type": "Feature",
      "geometry": {
        "type": "Point",
        "coordinates": [
          80.235832,
          13.042734
        ]
      },
      "properties": {
        "id": "DN-00012",
        "type": "inlet",
        "elevation_m": 13.58,
        "capacity_m3s": 0.418,
        "grid_row": 79,
        "grid_col": 81
      }
    },
    {
      "type": "Feature",
      "geometry": {
        "type": "Point",
        "coordinates": [
          80.23585,
          13.042752
        ]
      },
      "properties": {
        "id": "DN-00013",
        "type": "junction",
        "elevation_m": 13.58,
        "capacity_m3s": 0.418,
        "grid_row": 79,
        "grid_col": 81
      }
    },
    {
      "type": "Feature",
      "geometry": {
        "type": "Point",
        "coordinates": [
          80.23585,
          13.042752
        ]
      },
      "properties": {
        "id": "DN-00014",
        "type": "inlet",
        "elevation_m": 13.58,
        "capacity_m3s": 0.418,
        "grid_row": 79,
        "grid_col": 81
      }
    },
    {
      "type": "Feature",
      "geometry": {
        "type": "Point",
        "coordinates": [
          80.23594,
          13.042757
        ]
      },
      "properties": {
        "id": "DN-00015",
        "type": "junction",
        "elevation_m": 13.58,
        "capacity_m3s": 0.418,
        "grid_row": 79,
        "grid_col": 81
      }
    },
    {
      "type": "Feature",
      "geometry": {
        "type": "Point",
        "coordinates": [
          80.23594,
          13.042757
        ]
      },
      "properties": {
        "id": "DN-00016",
        "type": "inlet",
        "elevation_m": 13.58,
        "capacity_m3s": 0.418,
        "grid_row": 79,
        "grid_col": 81
      }
    },
    {
      "type": "Feature",
      "geometry": {
        "type": "Point",
        "coordinates": [
          80.23585,
          13.042752
        ]
      },
      "properties": {
        "id": "DN-00017",
        "type": "junction",
        "elevation_m": 13.58,
        "capacity_m3s": 0.418,
        "grid_row": 79,
        "grid_col": 81
      }
    },
    {
      "type": "Feature",
      "geometry": {
        "type": "Point",
        "coordinates": [
          80.23594,
          13.042757
        ]
      },
      "properties": {
        "id": "DN-00018",
        "type": "inlet",
        "elevation_m": 13.58,
        "capacity_m3s": 0.418,
        "grid_row": 79,
        "grid_col": 81
      }
    },
    {
      "type": "Feature",
      "geometry": {
        "type": "Point",
        "coordinates": [
          80.236889,
          13.04326
        ]
      },
      "properties": {
        "id": "DN-00019",
        "type": "junction",
        "elevation_m": 13.51,
        "capacity_m3s": 0.418,
        "grid_row": 82,
        "grid_col": 86
      }
    },
    {
      "type": "Feature",
      "geometry": {
        "type": "Point",
        "coordinates": [
          80.237375,
          13.043514
        ]
      },
      "properties": {
        "id": "DN-00020",
        "type": "inlet",
        "elevation_m": 13.71,
        "capacity_m3s": 0.76,
        "grid_row": 83,
        "grid_col": 88
      }
    },
    {
      "type": "Feature",
      "geometry": {
        "type": "Point",
        "coordinates": [
          80.236889,
          13.04326
        ]
      },
      "properties": {
        "id": "DN-00021",
        "type": "junction",
        "elevation_m": 13.51,
        "capacity_m3s": 0.76,
        "grid_row": 82,
        "grid_col": 86
      }
    },
    {
      "type": "Feature",
      "geometry": {
        "type": "Point",
        "coordinates": [
          80.237844,
          13.043775
        ]
      },
      "properties": {
        "id": "DN-00022",
        "type": "inlet",
        "elevation_m": 14.0,
        "capacity_m3s": 0.935,
        "grid_row": 84,
        "grid_col": 90
      }
    },
    {
      "type": "Feature",
      "geometry": {
        "type": "Point",
        "coordinates": [
          80.237375,
          13.043514
        ]
      },
      "properties": {
        "id": "DN-00023",
        "type": "junction",
        "elevation_m": 13.71,
        "capacity_m3s": 0.935,
        "grid_row": 83,
        "grid_col": 88
      }
    },
    {
      "type": "Feature",
      "geometry": {
        "type": "Point",
        "coordinates": [
          80.238322,
          13.044056
        ]
      },
      "properties": {
        "id": "DN-00024",
        "type": "inlet",
        "elevation_m": 14.64,
        "capacity_m3s": 1.361,
        "grid_row": 86,
        "grid_col": 93
      }
    },
    {
      "type": "Feature",
      "geometry": {
        "type": "Point",
        "coordinates": [
          80.237844,
          13.043775
        ]
      },
      "properties": {
        "id": "DN-00025",
        "type": "junction",
        "elevation_m": 14.0,
        "capacity_m3s": 1.361,
        "grid_row": 84,
        "grid_col": 90
      }
    },
    {
      "type": "Feature",
      "geometry": {
        "type": "Point",
        "coordinates": [
          80.238322,
          13.044056
        ]
      },
      "properties": {
        "id": "DN-00026",
        "type": "inlet",
        "elevation_m": 14.64,
        "capacity_m3s": 0.458,
        "grid_row": 86,
        "grid_col": 93
      }
    },
    {
      "type": "Feature",
      "geometry": {
        "type": "Point",
        "coordinates": [
          80.242281,
          13.046245
        ]
      },
      "properties": {
        "id": "DN-00027",
        "type": "junction",
        "elevation_m": 14.06,
        "capacity_m3s": 0.458,
        "grid_row": 96,
        "grid_col": 112
      }
    },
    {
      "type": "Feature",
      "geometry": {
        "type": "Point",
        "coordinates": [
          80.238323,
          13.0441
        ]
      },
      "properties": {
        "id": "DN-00028",
        "type": "inlet",
        "elevation_m": 14.64,
        "capacity_m3s": 0.793,
        "grid_row": 86,
        "grid_col": 93
      }
    },
    {
      "type": "Feature",
      "geometry": {
        "type": "Point",
        "coordinates": [
          80.23999,
          13.045066
        ]
      },
      "properties": {
        "id": "DN-00029",
        "type": "junction",
        "elevation_m": 13.89,
        "capacity_m3s": 0.793,
        "grid_row": 91,
        "grid_col": 101
      }
    },
    {
      "type": "Feature",
      "geometry": {
        "type": "Point",
        "coordinates": [
          80.23999,
          13.045066
        ]
      },
      "properties": {
        "id": "DN-00030",
        "type": "inlet",
        "elevation_m": 13.89,
        "capacity_m3s": 0.634,
        "grid_row": 91,
        "grid_col": 101
      }
    },
    {
      "type": "Feature",
      "geometry": {
        "type": "Point",
        "coordinates": [
          80.240069,
          13.045324
        ]
      },
      "properties": {
        "id": "DN-00031",
        "type": "junction",
        "elevation_m": 13.82,
        "capacity_m3s": 0.634,
        "grid_row": 92,
        "grid_col": 101
      }
    },
    {
      "type": "Feature",
      "geometry": {
        "type": "Point",
        "coordinates": [
          80.239822,
          13.045644
        ]
      },
      "properties": {
        "id": "DN-00032",
        "type": "inlet",
        "elevation_m": 13.97,
        "capacity_m3s": 0.771,
        "grid_row": 93,
        "grid_col": 100
      }
    },
    {
      "type": "Feature",
      "geometry": {
        "type": "Point",
        "coordinates": [
          80.239822,
          13.045644
        ]
      },
      "properties": {
        "id": "DN-00033",
        "type": "inlet",
        "elevation_m": 13.97,
        "capacity_m3s": 0.771,
        "grid_row": 93,
        "grid_col": 100
      }
    },
    {
      "type": "Feature",
      "geometry": {
        "type": "Point",
        "coordinates": [
          80.239678,
          13.045866
        ]
      },
      "properties": {
        "id": "DN-00034",
        "type": "inlet",
        "elevation_m": 14.12,
        "capacity_m3s": 0.944,
        "grid_row": 95,
        "grid_col": 99
      }
    },
    {
      "type": "Feature",
      "geometry": {
        "type": "Point",
        "coordinates": [
          80.239822,
          13.045644
        ]
      },
      "properties": {
        "id": "DN-00035",
        "type": "junction",
        "elevation_m": 13.97,
        "capacity_m3s": 0.944,
        "grid_row": 93,
        "grid_col": 100
      }
    },
    {
      "type": "Feature",
      "geometry": {
        "type": "Point",
        "coordinates": [
          80.239593,
          13.045998
        ]
      },
      "properties": {
        "id": "DN-00036",
        "type": "inlet",
        "elevation_m": 14.12,
        "capacity_m3s": 0.418,
        "grid_row": 95,
        "grid_col": 99
      }
    },
    {
      "type": "Feature",
      "geometry": {
        "type": "Point",
        "coordinates": [
          80.239678,
          13.045866
        ]
      },
      "properties": {
        "id": "DN-00037",
        "type": "junction",
        "elevation_m": 14.12,
        "capacity_m3s": 0.418,
        "grid_row": 95,
        "grid_col": 99
      }
    },
    {
      "type": "Feature",
      "geometry": {
        "type": "Point",
        "coordinates": [
          80.239556,
          13.046055
        ]
      },
      "properties": {
        "id": "DN-00038",
        "type": "inlet",
        "elevation_m": 14.12,
        "capacity_m3s": 0.418,
        "grid_row": 95,
        "grid_col": 99
      }
    },
    {
      "type": "Feature",
      "geometry": {
        "type": "Point",
        "coordinates": [
          80.239593,
          13.045998
        ]
      },
      "properties": {
        "id": "DN-00039",
        "type": "junction",
        "elevation_m": 14.12,
        "capacity_m3s": 0.418,
        "grid_row": 95,
        "grid_col": 99
      }
    },
    {
      "type": "Feature",
      "geometry": {
        "type": "Point",
        "coordinates": [
          80.239529,
          13.046095
        ]
      },
      "properties": {
        "id": "DN-00040",
        "type": "inlet",
        "elevation_m": 14.27,
        "capacity_m3s": 2.221,
        "grid_row": 96,
        "grid_col": 98
      }
    },
    {
      "type": "Feature",
      "geometry": {
        "type": "Point",
        "coordinates": [
          80.239556,
          13.046055
        ]
      },
      "properties": {
        "id": "DN-00041",
        "type": "junction",
        "elevation_m": 14.12,
        "capacity_m3s": 2.221,
        "grid_row": 95,
        "grid_col": 99
      }
    },
    {
      "type": "Feature",
      "geometry": {
        "type": "Point",
        "coordinates": [
          80.239498,
          13.046131
        ]
      },
      "properties": {
        "id": "DN-00042",
        "type": "inlet",
        "elevation_m": 14.27,
        "capacity_m3s": 0.418,
        "grid_row": 96,
        "grid_col": 98
      }
    },
    {
      "type": "Feature",
      "geometry": {
        "type": "Point",
        "coordinates": [
          80.239529,
          13.046095
        ]
      },
      "properties": {
        "id": "DN-00043",
        "type": "junction",
        "elevation_m": 14.27,
        "capacity_m3s": 0.418,
        "grid_row": 96,
        "grid_col": 98
      }
    },
    {
      "type": "Feature",
      "geometry": {
        "type": "Point",
        "coordinates": [
          80.239465,
          13.046169
        ]
      },
      "properties": {
        "id": "DN-00044",
        "type": "inlet",
        "elevation_m": 14.27,
        "capacity_m3s": 0.418,
        "grid_row": 96,
        "grid_col": 98
      }
    },
    {
      "type": "Feature",
      "geometry": {
        "type": "Point",
        "coordinates": [
          80.239498,
          13.046131
        ]
      },
      "properties": {
        "id": "DN-00045",
        "type": "junction",
        "elevation_m": 14.27,
        "capacity_m3s": 0.418,
        "grid_row": 96,
        "grid_col": 98
      }
    },
    {
      "type": "Feature",
      "geometry": {
        "type": "Point",
        "coordinates": [
          80.239439,
          13.046202
        ]
      },
      "properties": {
        "id": "DN-00046",
        "type": "inlet",
        "elevation_m": 14.27,
        "capacity_m3s": 0.418,
        "grid_row": 96,
        "grid_col": 98
      }
    },
    {
      "type": "Feature",
      "geometry": {
        "type": "Point",
        "coordinates": [
          80.239465,
          13.046169
        ]
      },
      "properties": {
        "id": "DN-00047",
        "type": "junction",
        "elevation_m": 14.27,
        "capacity_m3s": 0.418,
        "grid_row": 96,
        "grid_col": 98
      }
    },
    {
      "type": "Feature",
      "geometry": {
        "type": "Point",
        "coordinates": [
          80.239431,
          13.046228
        ]
      },
      "properties": {
        "id": "DN-00048",
        "type": "inlet",
        "elevation_m": 14.27,
        "capacity_m3s": 0.418,
        "grid_row": 96,
        "grid_col": 98
      }
    },
    {
      "type": "Feature",
      "geometry": {
        "type": "Point",
        "coordinates": [
          80.239439,
          13.046202
        ]
      },
      "properties": {
        "id": "DN-00049",
        "type": "junction",
        "elevation_m": 14.27,
        "capacity_m3s": 0.418,
        "grid_row": 96,
        "grid_col": 98
      }
    },
    {
      "type": "Feature",
      "geometry": {
        "type": "Point",
        "coordinates": [
          80.239424,
          13.046253
        ]
      },
      "properties": {
        "id": "DN-00050",
        "type": "inlet",
        "elevation_m": 14.27,
        "capacity_m3s": 0.418,
        "grid_row": 96,
        "grid_col": 98
      }
    },
    {
      "type": "Feature",
      "geometry": {
        "type": "Point",
        "coordinates": [
          80.239431,
          13.046228
        ]
      },
      "properties": {
        "id": "DN-00051",
        "type": "junction",
        "elevation_m": 14.27,
        "capacity_m3s": 0.418,
        "grid_row": 96,
        "grid_col": 98
      }
    },
    {
      "type": "Feature",
      "geometry": {
        "type": "Point",
        "coordinates": [
          80.239431,
          13.046281
        ]
      },
      "properties": {
        "id": "DN-00052",
        "type": "inlet",
        "elevation_m": 14.27,
        "capacity_m3s": 0.418,
        "grid_row": 97,
        "grid_col": 98
      }
    },
    {
      "type": "Feature",
      "geometry": {
        "type": "Point",
        "coordinates": [
          80.239424,
          13.046253
        ]
      },
      "properties": {
        "id": "DN-00053",
        "type": "junction",
        "elevation_m": 14.27,
        "capacity_m3s": 0.418,
        "grid_row": 96,
        "grid_col": 98
      }
    },
    {
      "type": "Feature",
      "geometry": {
        "type": "Point",
        "coordinates": [
          80.239151,
          13.046357
        ]
      },
      "properties": {
        "id": "DN-00054",
        "type": "inlet",
        "elevation_m": 14.42,
        "capacity_m3s": 0.916,
        "grid_row": 97,
        "grid_col": 97
      }
    },
    {
      "type": "Feature",
      "geometry": {
        "type": "Point",
        "coordinates": [
          80.239431,
          13.046281
        ]
      },
      "properties": {
        "id": "DN-00055",
        "type": "junction",
        "elevation_m": 14.27,
        "capacity_m3s": 0.916,
        "grid_row": 97,
        "grid_col": 98
      }
    },
    {
      "type": "Feature",
      "geometry": {
        "type": "Point",
        "coordinates": [
          80.239442,
          13.046295
        ]
      },
      "properties": {
        "id": "DN-00056",
        "type": "inlet",
        "elevation_m": 14.27,
        "capacity_m3s": 0.418,
        "grid_row": 97,
        "grid_col": 98
      }
    },
    {
      "type": "Feature",
      "geometry": {
        "type": "Point",
        "coordinates": [
          80.239431,
          13.046281
        ]
      },
      "properties": {
        "id": "DN-00057",
        "type": "junction",
        "elevation_m": 14.27,
        "capacity_m3s": 0.418,
        "grid_row": 97,
        "grid_col": 98
      }
    },
    {
      "type": "Feature",
      "geometry": {
        "type": "Point",
        "coordinates": [
          80.239488,
          13.04631
        ]
      },
      "properties": {
        "id": "DN-00058",
        "type": "inlet",
        "elevation_m": 14.27,
        "capacity_m3s": 0.418,
        "grid_row": 97,
        "grid_col": 98
      }
    },
    {
      "type": "Feature",
      "geometry": {
        "type": "Point",
        "coordinates": [
          80.239442,
          13.046295
        ]
      },
      "properties": {
        "id": "DN-00059",
        "type": "junction",
        "elevation_m": 14.27,
        "capacity_m3s": 0.418,
        "grid_row": 97,
        "grid_col": 98
      }
    },
    {
      "type": "Feature",
      "geometry": {
        "type": "Point",
        "coordinates": [
          80.239539,
          13.046335
        ]
      },
      "properties": {
        "id": "DN-00060",
        "type": "inlet",
        "elevation_m": 14.27,
        "capacity_m3s": 0.418,
        "grid_row": 97,
        "grid_col": 98
      }
    },
    {
      "type": "Feature",
      "geometry": {
        "type": "Point",
        "coordinates": [
          80.239488,
          13.04631
        ]
      },
      "properties": {
        "id": "DN-00061",
        "type": "junction",
        "elevation_m": 14.27,
        "capacity_m3s": 0.418,
        "grid_row": 97,
        "grid_col": 98
      }
    },
    {
      "type": "Feature",
      "geometry": {
        "type": "Point",
        "coordinates": [
          80.239579,
          13.046441
        ]
      },
      "properties": {
        "id": "DN-00062",
        "type": "inlet",
        "elevation_m": 14.12,
        "capacity_m3s": 0.418,
        "grid_row": 97,
        "grid_col": 99
      }
    },
    {
      "type": "Feature",
      "geometry": {
        "type": "Point",
        "coordinates": [
          80.23964,
          13.046743
        ]
      },
      "properties": {
        "id": "DN-00063",
        "type": "inlet",
        "elevation_m": 14.12,
        "capacity_m3s": 0.418,
        "grid_row": 99,
        "grid_col": 99
      }
    },
    {
      "type": "Feature",
      "geometry": {
        "type": "Point",
        "coordinates": [
          80.239579,
          13.046441
        ]
      },
      "properties": {
        "id": "DN-00064",
        "type": "junction",
        "elevation_m": 14.12,
        "capacity_m3s": 0.418,
        "grid_row": 97,
        "grid_col": 99
      }
    },
    {
      "type": "Feature",
      "geometry": {
        "type": "Point",
        "coordinates": [
          80.239695,
          13.04702
        ]
      },
      "properties": {
        "id": "DN-00065",
        "type": "inlet",
        "elevation_m": 14.12,
        "capacity_m3s": 0.418,
        "grid_row": 100,
        "grid_col": 99
      }
    },
    {
      "type": "Feature",
      "geometry": {
        "type": "Point",
        "coordinates": [
          80.23964,
          13.046743
        ]
      },
      "properties": {
        "id": "DN-00066",
        "type": "junction",
        "elevation_m": 14.12,
        "capacity_m3s": 0.418,
        "grid_row": 99,
        "grid_col": 99
      }
    },
    {
      "type": "Feature",
      "geometry": {
        "type": "Point",
        "coordinates": [
          80.239695,
          13.04702
        ]
      },
      "properties": {
        "id": "DN-00067",
        "type": "inlet",
        "elevation_m": 14.12,
        "capacity_m3s": 0.804,
        "grid_row": 100,
        "grid_col": 99
      }
    },
    {
      "type": "Feature",
      "geometry": {
        "type": "Point",
        "coordinates": [
          80.239772,
          13.047376
        ]
      },
      "properties": {
        "id": "DN-00068",
        "type": "junction",
        "elevation_m": 13.97,
        "capacity_m3s": 0.804,
        "grid_row": 102,
        "grid_col": 100
      }
    },
    {
      "type": "Feature",
      "geometry": {
        "type": "Point",
        "coordinates": [
          80.239854,
          13.047737
        ]
      },
      "properties": {
        "id": "DN-00069",
        "type": "inlet",
        "elevation_m": 13.97,
        "capacity_m3s": 0.418,
        "grid_row": 104,
        "grid_col": 100
      }
    },
    {
      "type": "Feature",
      "geometry": {
        "type": "Point",
        "coordinates": [
          80.239772,
          13.047376
        ]
      },
      "properties": {
        "id": "DN-00070",
        "type": "junction",
        "elevation_m": 13.97,
        "capacity_m3s": 0.418,
        "grid_row": 102,
        "grid_col": 100
      }
    },
    {
      "type": "Feature",
      "geometry": {
        "type": "Point",
        "coordinates": [
          80.239926,
          13.048042
        ]
      },
      "properties": {
        "id": "DN-00071",
        "type": "inlet",
        "elevation_m": 13.97,
        "capacity_m3s": 0.418,
        "grid_row": 105,
        "grid_col": 100
      }
    },
    {
      "type": "Feature",
      "geometry": {
        "type": "Point",
        "coordinates": [
          80.239854,
          13.047737
        ]
      },
      "properties": {
        "id": "DN-00072",
        "type": "junction",
        "elevation_m": 13.97,
        "capacity_m3s": 0.418,
        "grid_row": 104,
        "grid_col": 100
      }
    },
    {
      "type": "Feature",
      "geometry": {
        "type": "Point",
        "coordinates": [
          80.239926,
          13.048042
        ]
      },
      "properties": {
        "id": "DN-00073",
        "type": "inlet",
        "elevation_m": 13.97,
        "capacity_m3s": 0.591,
        "grid_row": 105,
        "grid_col": 100
      }
    },
    {
      "type": "Feature",
      "geometry": {
        "type": "Point",
        "coordinates": [
          80.240059,
          13.048707
        ]
      },
      "properties": {
        "id": "DN-00074",
        "type": "junction",
        "elevation_m": 13.82,
        "capacity_m3s": 0.591,
        "grid_row": 109,
        "grid_col": 101
      }
    },
    {
      "type": "Feature",
      "geometry": {
        "type": "Point",
        "coordinates": [
          80.240059,
          13.048707
        ]
      },
      "properties": {
        "id": "DN-00075",
        "type": "inlet",
        "elevation_m": 13.82,
        "capacity_m3s": 0.7,
        "grid_row": 109,
        "grid_col": 101
      }
    },
    {
      "type": "Feature",
      "geometry": {
        "type": "Point",
        "coordinates": [
          80.240167,
          13.049238
        ]
      },
      "properties": {
        "id": "DN-00076",
        "type": "junction",
        "elevation_m": 13.65,
        "capacity_m3s": 0.7,
        "grid_row": 111,
        "grid_col": 102
      }
    },
    {
      "type": "Feature",
      "geometry": {
        "type": "Point",
        "coordinates": [
          80.240167,
          13.049238
        ]
      },
      "properties": {
        "id": "DN-00077",
        "type": "inlet",
        "elevation_m": 13.65,
        "capacity_m3s": 0.576,
        "grid_row": 111,
        "grid_col": 102
      }
    },
    {
      "type": "Feature",
      "geometry": {
        "type": "Point",
        "coordinates": [
          80.240204,
          13.04942
        ]
      },
      "properties": {
        "id": "DN-00078",
        "type": "junction",
        "elevation_m": 13.61,
        "capacity_m3s": 0.576,
        "grid_row": 112,
        "grid_col": 102
      }
    },
    {
      "type": "Feature",
      "geometry": {
        "type": "Point",
        "coordinates": [
          80.240204,
          13.04942
        ]
      },
      "properties": {
        "id": "DN-00079",
        "type": "inlet",
        "elevation_m": 13.61,
        "capacity_m3s": 0.576,
        "grid_row": 112,
        "grid_col": 102
      }
    },
    {
      "type": "Feature",
      "geometry": {
        "type": "Point",
        "coordinates": [
          80.240271,
          13.049743
        ]
      },
      "properties": {
        "id": "DN-00080",
        "type": "junction",
        "elevation_m": 13.54,
        "capacity_m3s": 0.576,
        "grid_row": 114,
        "grid_col": 102
      }
    },
    {
      "type": "Feature",
      "geometry": {
        "type": "Point",
        "coordinates": [
          80.240271,
          13.049743
        ]
      },
      "properties": {
        "id": "DN-00081",
        "type": "inlet",
        "elevation_m": 13.54,
        "capacity_m3s": 0.771,
        "grid_row": 114,
        "grid_col": 102
      }
    },
    {
      "type": "Feature",
      "geometry": {
        "type": "Point",
        "coordinates": [
          80.240415,
          13.050494
        ]
      },
      "properties": {
        "id": "DN-00082",
        "type": "junction",
        "elevation_m": 13.25,
        "capacity_m3s": 0.771,
        "grid_row": 117,
        "grid_col": 103
      }
    },
    {
      "type": "Feature",
      "geometry": {
        "type": "Point",
        "coordinates": [
          80.240415,
          13.050494
        ]
      },
      "properties": {
        "id": "DN-00083",
        "type": "inlet",
        "elevation_m": 13.25,
        "capacity_m3s": 0.648,
        "grid_row": 117,
        "grid_col": 103
      }
    },
    {
      "type": "Feature",
      "geometry": {
        "type": "Point",
        "coordinates": [
          80.240509,
          13.050943
        ]
      },
      "properties": {
        "id": "DN-00084",
        "type": "junction",
        "elevation_m": 13.13,
        "capacity_m3s": 0.648,
        "grid_row": 120,
        "grid_col": 103
      }
    },
    {
      "type": "Feature",
      "geometry": {
        "type": "Point",
        "coordinates": [
          80.240509,
          13.050943
        ]
      },
      "properties": {
        "id": "DN-00085",
        "type": "inlet",
        "elevation_m": 13.13,
        "capacity_m3s": 0.887,
        "grid_row": 120,
        "grid_col": 103
      }
    },
    {
      "type": "Feature",
      "geometry": {
        "type": "Point",
        "coordinates": [
          80.240642,
          13.051491
        ]
      },
      "properties": {
        "id": "DN-00086",
        "type": "junction",
        "elevation_m": 12.85,
        "capacity_m3s": 0.887,
        "grid_row": 122,
        "grid_col": 104
      }
    },
    {
      "type": "Feature",
      "geometry": {
        "type": "Point",
        "coordinates": [
          80.240642,
          13.051491
        ]
      },
      "properties": {
        "id": "DN-00087",
        "type": "inlet",
        "elevation_m": 12.85,
        "capacity_m3s": 0.62,
        "grid_row": 122,
        "grid_col": 104
      }
    },
    {
      "type": "Feature",
      "geometry": {
        "type": "Point",
        "coordinates": [
          80.24075,
          13.052
        ]
      },
      "properties": {
        "id": "DN-00088",
        "type": "junction",
        "elevation_m": 12.72,
        "capacity_m3s": 0.62,
        "grid_row": 125,
        "grid_col": 104
      }
    },
    {
      "type": "Feature",
      "geometry": {
        "type": "Point",
        "coordinates": [
          80.24075,
          13.052
        ]
      },
      "properties": {
        "id": "DN-00089",
        "type": "inlet",
        "elevation_m": 12.72,
        "capacity_m3s": 0.782,
        "grid_row": 125,
        "grid_col": 104
      }
    },
    {
      "type": "Feature",
      "geometry": {
        "type": "Point",
        "coordinates": [
          80.240782,
          13.052126
        ]
      },
      "properties": {
        "id": "DN-00090",
        "type": "junction",
        "elevation_m": 12.67,
        "capacity_m3s": 0.782,
        "grid_row": 126,
        "grid_col": 104
      }
    },
    {
      "type": "Feature",
      "geometry": {
        "type": "Point",
        "coordinates": [
          80.240782,
          13.052126
        ]
      },
      "properties": {
        "id": "DN-00091",
        "type": "inlet",
        "elevation_m": 12.67,
        "capacity_m3s": 1.893,
        "grid_row": 126,
        "grid_col": 104
      }
    },
    {
      "type": "Feature",
      "geometry": {
        "type": "Point",
        "coordinates": [
          80.240806,
          13.052215
        ]
      },
      "properties": {
        "id": "DN-00092",
        "type": "junction",
        "elevation_m": 12.46,
        "capacity_m3s": 1.893,
        "grid_row": 126,
        "grid_col": 105
      }
    },
    {
      "type": "Feature",
      "geometry": {
        "type": "Point",
        "coordinates": [
          80.240831,
          13.052298
        ]
      },
      "properties": {
        "id": "DN-00093",
        "type": "inlet",
        "elevation_m": 12.46,
        "capacity_m3s": 0.418,
        "grid_row": 126,
        "grid_col": 105
      }
    },
    {
      "type": "Feature",
      "geometry": {
        "type": "Point",
        "coordinates": [
          80.240806,
          13.052215
        ]
      },
      "properties": {
        "id": "DN-00094",
        "type": "junction",
        "elevation_m": 12.46,
        "capacity_m3s": 0.418,
        "grid_row": 126,
        "grid_col": 105
      }
    },
    {
      "type": "Feature",
      "geometry": {
        "type": "Point",
        "coordinates": [
          80.240831,
          13.052298
        ]
      },
      "properties": {
        "id": "DN-00095",
        "type": "inlet",
        "elevation_m": 12.46,
        "capacity_m3s": 1.007,
        "grid_row": 126,
        "grid_col": 105
      }
    },
    {
      "type": "Feature",
      "geometry": {
        "type": "Point",
        "coordinates": [
          80.240856,
          13.052371
        ]
      },
      "properties": {
        "id": "DN-00096",
        "type": "junction",
        "elevation_m": 12.41,
        "capacity_m3s": 1.007,
        "grid_row": 127,
        "grid_col": 105
      }
    },
    {
      "type": "Feature",
      "geometry": {
        "type": "Point",
        "coordinates": [
          80.24089,
          13.052432
        ]
      },
      "properties": {
        "id": "DN-00097",
        "type": "inlet",
        "elevation_m": 12.41,
        "capacity_m3s": 0.418,
        "grid_row": 127,
        "grid_col": 105
      }
    },
    {
      "type": "Feature",
      "geometry": {
        "type": "Point",
        "coordinates": [
          80.240856,
          13.052371
        ]
      },
      "properties": {
        "id": "DN-00098",
        "type": "junction",
        "elevation_m": 12.41,
        "capacity_m3s": 0.418,
        "grid_row": 127,
        "grid_col": 105
      }
    },
    {
      "type": "Feature",
      "geometry": {
        "type": "Point",
        "coordinates": [
          80.234122,
          13.053813
        ]
      },
      "properties": {
        "id": "DN-00099",
        "type": "inlet",
        "elevation_m": 14.64,
        "capacity_m3s": 0.724,
        "grid_row": 134,
        "grid_col": 72
      }
    },
    {
      "type": "Feature",
      "geometry": {
        "type": "Point",
        "coordinates": [
          80.24089,
          13.052432
        ]
      },
      "properties": {
        "id": "DN-00100",
        "type": "junction",
        "elevation_m": 12.41,
        "capacity_m3s": 0.724,
        "grid_row": 127,
        "grid_col": 105
      }
    },
    {
      "type": "Feature",
      "geometry": {
        "type": "Point",
        "coordinates": [
          80.240999,
          13.052539
        ]
      },
      "properties": {
        "id": "DN-00101",
        "type": "inlet",
        "elevation_m": 12.14,
        "capacity_m3s": 0.418,
        "grid_row": 128,
        "grid_col": 106
      }
    },
    {
      "type": "Feature",
      "geometry": {
        "type": "Point",
        "coordinates": [
          80.24124,
          13.052545
        ]
      },
      "properties": {
        "id": "DN-00102",
        "type": "junction",
        "elevation_m": 12.12,
        "capacity_m3s": 0.418,
        "grid_row": 128,
        "grid_col": 107
      }
    },
    {
      "type": "Feature",
      "geometry": {
        "type": "Point",
        "coordinates": [
          80.240999,
          13.052539
        ]
      },
      "properties": {
        "id": "DN-00103",
        "type": "inlet",
        "elevation_m": 12.14,
        "capacity_m3s": 0.418,
        "grid_row": 128,
        "grid_col": 106
      }
    },
    {
      "type": "Feature",
      "geometry": {
        "type": "Point",
        "coordinates": [
          80.24124,
          13.052545
        ]
      },
      "properties": {
        "id": "DN-00104",
        "type": "junction",
        "elevation_m": 12.12,
        "capacity_m3s": 0.418,
        "grid_row": 128,
        "grid_col": 107
      }
    },
    {
      "type": "Feature",
      "geometry": {
        "type": "Point",
        "coordinates": [
          80.241562,
          13.052604
        ]
      },
      "properties": {
        "id": "DN-00105",
        "type": "inlet",
        "elevation_m": 12.26,
        "capacity_m3s": 0.826,
        "grid_row": 128,
        "grid_col": 108
      }
    },
    {
      "type": "Feature",
      "geometry": {
        "type": "Point",
        "coordinates": [
          80.24124,
          13.052545
        ]
      },
      "properties": {
        "id": "DN-00106",
        "type": "junction",
        "elevation_m": 12.12,
        "capacity_m3s": 0.826,
        "grid_row": 128,
        "grid_col": 107
      }
    },
    {
      "type": "Feature",
      "geometry": {
        "type": "Point",
        "coordinates": [
          80.241562,
          13.052604
        ]
      },
      "properties": {
        "id": "DN-00107",
        "type": "inlet",
        "elevation_m": 12.26,
        "capacity_m3s": 0.418,
        "grid_row": 128,
        "grid_col": 108
      }
    },
    {
      "type": "Feature",
      "geometry": {
        "type": "Point",
        "coordinates": [
          80.241,
          13.052427
        ]
      },
      "properties": {
        "id": "DN-00108",
        "type": "junction",
        "elevation_m": 12.19,
        "capacity_m3s": 0.418,
        "grid_row": 127,
        "grid_col": 106
      }
    },
    {
      "type": "Feature",
      "geometry": {
        "type": "Point",
        "coordinates": [
          80.24165,
          13.05262
        ]
      },
      "properties": {
        "id": "DN-00109",
        "type": "inlet",
        "elevation_m": 12.41,
        "capacity_m3s": 0.418,
        "grid_row": 128,
        "grid_col": 109
      }
    },
    {
      "type": "Feature",
      "geometry": {
        "type": "Point",
        "coordinates": [
          80.241673,
          13.052674
        ]
      },
      "properties": {
        "id": "DN-00110",
        "type": "junction",
        "elevation_m": 12.41,
        "capacity_m3s": 0.418,
        "grid_row": 128,
        "grid_col": 109
      }
    },
    {
      "type": "Feature",
      "geometry": {
        "type": "Point",
        "coordinates": [
          80.241673,
          13.052674
        ]
      },
      "properties": {
        "id": "DN-00111",
        "type": "inlet",
        "elevation_m": 12.41,
        "capacity_m3s": 0.418,
        "grid_row": 128,
        "grid_col": 109
      }
    },
    {
      "type": "Feature",
      "geometry": {
        "type": "Point",
        "coordinates": [
          80.241718,
          13.052781
        ]
      },
      "properties": {
        "id": "DN-00112",
        "type": "junction",
        "elevation_m": 12.41,
        "capacity_m3s": 0.418,
        "grid_row": 129,
        "grid_col": 109
      }
    },
    {
      "type": "Feature",
      "geometry": {
        "type": "Point",
        "coordinates": [
          80.241718,
          13.052781
        ]
      },
      "properties": {
        "id": "DN-00113",
        "type": "inlet",
        "elevation_m": 12.41,
        "capacity_m3s": 0.418,
        "grid_row": 129,
        "grid_col": 109
      }
    },
    {
      "type": "Feature",
      "geometry": {
        "type": "Point",
        "coordinates": [
          80.241772,
          13.052893
        ]
      },
      "properties": {
        "id": "DN-00114",
        "type": "junction",
        "elevation_m": 12.41,
        "capacity_m3s": 0.418,
        "grid_row": 129,
        "grid_col": 109
      }
    },
    {
      "type": "Feature",
      "geometry": {
        "type": "Point",
        "coordinates": [
          80.242132,
          13.053715
        ]
      },
      "properties": {
        "id": "DN-00115",
        "type": "inlet",
        "elevation_m": 13.07,
        "capacity_m3s": 1.074,
        "grid_row": 133,
        "grid_col": 111
      }
    },
    {
      "type": "Feature",
      "geometry": {
        "type": "Point",
        "coordinates": [
          80.241772,
          13.052893
        ]
      },
      "properties": {
        "id": "DN-00116",
        "type": "junction",
        "elevation_m": 12.41,
        "capacity_m3s": 1.074,
        "grid_row": 129,
        "grid_col": 109
      }
    },
    {
      "type": "Feature",
      "geometry": {
        "type": "Point",
        "coordinates": [
          80.242257,
          13.053996
        ]
      },
      "properties": {
        "id": "DN-00117",
        "type": "inlet",
        "elevation_m": 13.38,
        "capacity_m3s": 1.261,
        "grid_row": 135,
        "grid_col": 112
      }
    },
    {
      "type": "Feature",
      "geometry": {
        "type": "Point",
        "coordinates": [
          80.242132,
          13.053715
        ]
      },
      "properties": {
        "id": "DN-00118",
        "type": "junction",
        "elevation_m": 13.07,
        "capacity_m3s": 1.261,
        "grid_row": 133,
        "grid_col": 111
      }
    },
    {
      "type": "Feature",
      "geometry": {
        "type": "Point",
        "coordinates": [
          80.242316,
          13.054219
        ]
      },
      "properties": {
        "id": "DN-00119",
        "type": "inlet",
        "elevation_m": 13.46,
        "capacity_m3s": 0.736,
        "grid_row": 136,
        "grid_col": 112
      }
    },
    {
      "type": "Feature",
      "geometry": {
        "type": "Point",
        "coordinates": [
          80.242257,
          13.053996
        ]
      },
      "properties": {
        "id": "DN-00120",
        "type": "junction",
        "elevation_m": 13.38,
        "capacity_m3s": 0.736,
        "grid_row": 135,
        "grid_col": 112
      }
    },
    {
      "type": "Feature",
      "geometry": {
        "type": "Point",
        "coordinates": [
          80.242351,
          13.054647
        ]
      },
      "properties": {
        "id": "DN-00121",
        "type": "inlet",
        "elevation_m": 13.63,
        "capacity_m3s": 0.793,
        "grid_row": 138,
        "grid_col": 112
      }
    },
    {
      "type": "Feature",
      "geometry": {
        "type": "Point",
        "coordinates": [
          80.242319,
          13.054951
        ]
      },
      "properties": {
        "id": "DN-00122",
        "type": "inlet",
        "elevation_m": 13.81,
        "capacity_m3s": 1.082,
        "grid_row": 140,
        "grid_col": 112
      }
    },
    {
      "type": "Feature",
      "geometry": {
        "type": "Point",
        "coordinates": [
          80.242242,
          13.055299
        ]
      },
      "properties": {
        "id": "DN-00123",
        "type": "inlet",
        "elevation_m": 13.89,
        "capacity_m3s": 0.591,
        "grid_row": 141,
        "grid_col": 112
      }
    },
    {
      "type": "Feature",
      "geometry": {
        "type": "Point",
        "coordinates": [
          80.242319,
          13.054951
        ]
      },
      "properties": {
        "id": "DN-00124",
        "type": "junction",
        "elevation_m": 13.81,
        "capacity_m3s": 0.591,
        "grid_row": 140,
        "grid_col": 112
      }
    },
    {
      "type": "Feature",
      "geometry": {
        "type": "Point",
        "coordinates": [
          80.242242,
          13.055299
        ]
      },
      "properties": {
        "id": "DN-00125",
        "type": "inlet",
        "elevation_m": 13.89,
        "capacity_m3s": 0.418,
        "grid_row": 141,
        "grid_col": 112
      }
    },
    {
      "type": "Feature",
      "geometry": {
        "type": "Point",
        "coordinates": [
          80.242231,
          13.05549
        ]
      },
      "properties": {
        "id": "DN-00126",
        "type": "junction",
        "elevation_m": 13.88,
        "capacity_m3s": 0.418,
        "grid_row": 142,
        "grid_col": 111
      }
    },
    {
      "type": "Feature",
      "geometry": {
        "type": "Point",
        "coordinates": [
          80.242256,
          13.055693
        ]
      },
      "properties": {
        "id": "DN-00127",
        "type": "inlet",
        "elevation_m": 14.06,
        "capacity_m3s": 1.175,
        "grid_row": 143,
        "grid_col": 112
      }
    },
    {
      "type": "Feature",
      "geometry": {
        "type": "Point",
        "coordinates": [
          80.242231,
          13.05549
        ]
      },
      "properties": {
        "id": "DN-00128",
        "type": "junction",
        "elevation_m": 13.88,
        "capacity_m3s": 1.175,
        "grid_row": 142,
        "grid_col": 111
      }
    },
    {
      "type": "Feature",
      "geometry": {
        "type": "Point",
        "coordinates": [
          80.242316,
          13.055897
        ]
      },
      "properties": {
        "id": "DN-00129",
        "type": "inlet",
        "elevation_m": 14.15,
        "capacity_m3s": 0.815,
        "grid_row": 144,
        "grid_col": 112
      }
    },
    {
      "type": "Feature",
      "geometry": {
        "type": "Point",
        "coordinates": [
          80.242256,
          13.055693
        ]
      },
      "properties": {
        "id": "DN-00130",
        "type": "junction",
        "elevation_m": 14.06,
        "capacity_m3s": 0.815,
        "grid_row": 143,
        "grid_col": 112
      }
    },
    {
      "type": "Feature",
      "geometry": {
        "type": "Point",
        "coordinates": [
          80.242511,
          13.056297
        ]
      },
      "properties": {
        "id": "DN-00131",
        "type": "inlet",
        "elevation_m": 14.4,
        "capacity_m3s": 0.944,
        "grid_row": 146,
        "grid_col": 113
      }
    },
    {
      "type": "Feature",
      "geometry": {
        "type": "Point",
        "coordinates": [
          80.242316,
          13.055897
        ]
      },
      "properties": {
        "id": "DN-00132",
        "type": "junction",
        "elevation_m": 14.15,
        "capacity_m3s": 0.944,
        "grid_row": 144,
        "grid_col": 112
      }
    },
    {
      "type": "Feature",
      "geometry": {
        "type": "Point",
        "coordinates": [
          80.242591,
          13.056484
        ]
      },
      "properties": {
        "id": "DN-00133",
        "type": "inlet",
        "elevation_m": 14.49,
        "capacity_m3s": 0.836,
        "grid_row": 147,
        "grid_col": 113
      }
    },
    {
      "type": "Feature",
      "geometry": {
        "type": "Point",
        "coordinates": [
          80.242511,
          13.056297
        ]
      },
      "properties": {
        "id": "DN-00134",
        "type": "junction",
        "elevation_m": 14.4,
        "capacity_m3s": 0.836,
        "grid_row": 146,
        "grid_col": 113
      }
    },
    {
      "type": "Feature",
      "geometry": {
        "type": "Point",
        "coordinates": [
          80.242591,
          13.056484
        ]
      },
      "properties": {
        "id": "DN-00135",
        "type": "inlet",
        "elevation_m": 14.49,
        "capacity_m3s": 0.935,
        "grid_row": 147,
        "grid_col": 113
      }
    },
    {
      "type": "Feature",
      "geometry": {
        "type": "Point",
        "coordinates": [
          80.242632,
          13.056661
        ]
      },
      "properties": {
        "id": "DN-00136",
        "type": "junction",
        "elevation_m": 14.39,
        "capacity_m3s": 0.935,
        "grid_row": 148,
        "grid_col": 113
      }
    },
    {
      "type": "Feature",
      "geometry": {
        "type": "Point",
        "coordinates": [
          80.242632,
          13.056661
        ]
      },
      "properties": {
        "id": "DN-00137",
        "type": "inlet",
        "elevation_m": 14.39,
        "capacity_m3s": 1.368,
        "grid_row": 148,
        "grid_col": 113
      }
    },
    {
      "type": "Feature",
      "geometry": {
        "type": "Point",
        "coordinates": [
          80.242626,
          13.056753
        ]
      },
      "properties": {
        "id": "DN-00138",
        "type": "junction",
        "elevation_m": 14.28,
        "capacity_m3s": 1.368,
        "grid_row": 149,
        "grid_col": 113
      }
    },
    {
      "type": "Feature",
      "geometry": {
        "type": "Point",
        "coordinates": [
          80.242626,
          13.056753
        ]
      },
      "properties": {
        "id": "DN-00139",
        "type": "inlet",
        "elevation_m": 14.28,
        "capacity_m3s": 0.418,
        "grid_row": 149,
        "grid_col": 113
      }
    },
    {
      "type": "Feature",
      "geometry": {
        "type": "Point",
        "coordinates": [
          80.242631,
          13.056846
        ]
      },
      "properties": {
        "id": "DN-00140",
        "type": "junction",
        "elevation_m": 14.28,
        "capacity_m3s": 0.418,
        "grid_row": 149,
        "grid_col": 113
      }
    },
    {
      "type": "Feature",
      "geometry": {
        "type": "Point",
        "coordinates": [
          80.242662,
          13.056917
        ]
      },
      "properties": {
        "id": "DN-00141",
        "type": "inlet",
        "elevation_m": 14.36,
        "capacity_m3s": 1.275,
        "grid_row": 149,
        "grid_col": 114
      }
    },
    {
      "type": "Feature",
      "geometry": {
        "type": "Point",
        "coordinates": [
          80.242631,
          13.056846
        ]
      },
      "properties": {
        "id": "DN-00142",
        "type": "junction",
        "elevation_m": 14.28,
        "capacity_m3s": 1.275,
        "grid_row": 149,
        "grid_col": 113
      }
    },
    {
      "type": "Feature",
      "geometry": {
        "type": "Point",
        "coordinates": [
          80.242662,
          13.056917
        ]
      },
      "properties": {
        "id": "DN-00143",
        "type": "inlet",
        "elevation_m": 14.36,
        "capacity_m3s": 1.275,
        "grid_row": 149,
        "grid_col": 114
      }
    },
    {
      "type": "Feature",
      "geometry": {
        "type": "Point",
        "coordinates": [
          80.242631,
          13.056846
        ]
      },
      "properties": {
        "id": "DN-00144",
        "type": "junction",
        "elevation_m": 14.28,
        "capacity_m3s": 1.275,
        "grid_row": 149,
        "grid_col": 113
      }
    },
    {
      "type": "Feature",
      "geometry": {
        "type": "Point",
        "coordinates": [
          80.242662,
          13.056917
        ]
      },
      "properties": {
        "id": "DN-00145",
        "type": "inlet",
        "elevation_m": 14.36,
        "capacity_m3s": 1.678,
        "grid_row": 149,
        "grid_col": 114
      }
    },
    {
      "type": "Feature",
      "geometry": {
        "type": "Point",
        "coordinates": [
          80.242694,
          13.05697
        ]
      },
      "properties": {
        "id": "DN-00146",
        "type": "junction",
        "elevation_m": 14.25,
        "capacity_m3s": 1.678,
        "grid_row": 150,
        "grid_col": 114
      }
    },
    {
      "type": "Feature",
      "geometry": {
        "type": "Point",
        "coordinates": [
          80.242745,
          13.057026
        ]
      },
      "properties": {
        "id": "DN-00147",
        "type": "inlet",
        "elevation_m": 14.25,
        "capacity_m3s": 0.418,
        "grid_row": 150,
        "grid_col": 114
      }
    },
    {
      "type": "Feature",
      "geometry": {
        "type": "Point",
        "coordinates": [
          80.242694,
          13.05697
        ]
      },
      "properties": {
        "id": "DN-00148",
        "type": "junction",
        "elevation_m": 14.25,
        "capacity_m3s": 0.418,
        "grid_row": 150,
        "grid_col": 114
      }
    },
    {
      "type": "Feature",
      "geometry": {
        "type": "Point",
        "coordinates": [
          80.242782,
          13.057117
        ]
      },
      "properties": {
        "id": "DN-00149",
        "type": "inlet",
        "elevation_m": 14.25,
        "capacity_m3s": 0.418,
        "grid_row": 150,
        "grid_col": 114
      }
    },
    {
      "type": "Feature",
      "geometry": {
        "type": "Point",
        "coordinates": [
          80.242745,
          13.057026
        ]
      },
      "properties": {
        "id": "DN-00150",
        "type": "junction",
        "elevation_m": 14.25,
        "capacity_m3s": 0.418,
        "grid_row": 150,
        "grid_col": 114
      }
    },
    {
      "type": "Feature",
      "geometry": {
        "type": "Point",
        "coordinates": [
          80.242782,
          13.057117
        ]
      },
      "properties": {
        "id": "DN-00151",
        "type": "inlet",
        "elevation_m": 14.25,
        "capacity_m3s": 1.233,
        "grid_row": 150,
        "grid_col": 114
      }
    },
    {
      "type": "Feature",
      "geometry": {
        "type": "Point",
        "coordinates": [
          80.242796,
          13.05723
        ]
      },
      "properties": {
        "id": "DN-00152",
        "type": "junction",
        "elevation_m": 14.14,
        "capacity_m3s": 1.233,
        "grid_row": 151,
        "grid_col": 114
      }
    },
    {
      "type": "Feature",
      "geometry": {
        "type": "Point",
        "coordinates": [
          80.242796,
          13.05723
        ]
      },
      "properties": {
        "id": "DN-00153",
        "type": "inlet",
        "elevation_m": 14.14,
        "capacity_m3s": 0.99,
        "grid_row": 151,
        "grid_col": 114
      }
    },
    {
      "type": "Feature",
      "geometry": {
        "type": "Point",
        "coordinates": [
          80.242786,
          13.057407
        ]
      },
      "properties": {
        "id": "DN-00154",
        "type": "junction",
        "elevation_m": 14.03,
        "capacity_m3s": 0.99,
        "grid_row": 152,
        "grid_col": 114
      }
    },
    {
      "type": "Feature",
      "geometry": {
        "type": "Point",
        "coordinates": [
          80.242786,
          13.057407
        ]
      },
      "properties": {
        "id": "DN-00155",
        "type": "inlet",
        "elevation_m": 14.03,
        "capacity_m3s": 0.897,
        "grid_row": 152,
        "grid_col": 114
      }
    },
    {
      "type": "Feature",
      "geometry": {
        "type": "Point",
        "coordinates": [
          80.242752,
          13.057836
        ]
      },
      "properties": {
        "id": "DN-00156",
        "type": "junction",
        "elevation_m": 13.81,
        "capacity_m3s": 0.897,
        "grid_row": 154,
        "grid_col": 114
      }
    },
    {
      "type": "Feature",
      "geometry": {
        "type": "Point",
        "coordinates": [
          80.242752,
          13.057836
        ]
      },
      "properties": {
        "id": "DN-00157",
        "type": "inlet",
        "elevation_m": 13.81,
        "capacity_m3s": 1.024,
        "grid_row": 154,
        "grid_col": 114
      }
    },
    {
      "type": "Feature",
      "geometry": {
        "type": "Point",
        "coordinates": [
          80.242625,
          13.058585
        ]
      },
      "properties": {
        "id": "DN-00158",
        "type": "junction",
        "elevation_m": 13.3,
        "capacity_m3s": 1.024,
        "grid_row": 158,
        "grid_col": 113
      }
    },
    {
      "type": "Feature",
      "geometry": {
        "type": "Point",
        "coordinates": [
          80.242594,
          13.058708
        ]
      },
      "properties": {
        "id": "DN-00159",
        "type": "inlet",
        "elevation_m": 13.3,
        "capacity_m3s": 0.418,
        "grid_row": 158,
        "grid_col": 113
      }
    },
    {
      "type": "Feature",
      "geometry": {
        "type": "Point",
        "coordinates": [
          80.242625,
          13.058585
        ]
      },
      "properties": {
        "id": "DN-00160",
        "type": "junction",
        "elevation_m": 13.3,
        "capacity_m3s": 0.418,
        "grid_row": 158,
        "grid_col": 113
      }
    },
    {
      "type": "Feature",
      "geometry": {
        "type": "Point",
        "coordinates": [
          80.242594,
          13.058708
        ]
      },
      "properties": {
        "id": "DN-00161",
        "type": "inlet",
        "elevation_m": 13.3,
        "capacity_m3s": 0.916,
        "grid_row": 158,
        "grid_col": 113
      }
    },
    {
      "type": "Feature",
      "geometry": {
        "type": "Point",
        "coordinates": [
          80.24257,
          13.058912
        ]
      },
      "properties": {
        "id": "DN-00162",
        "type": "junction",
        "elevation_m": 13.19,
        "capacity_m3s": 0.916,
        "grid_row": 159,
        "grid_col": 113
      }
    },
    {
      "type": "Feature",
      "geometry": {
        "type": "Point",
        "coordinates": [
          80.24257,
          13.058912
        ]
      },
      "properties": {
        "id": "DN-00163",
        "type": "inlet",
        "elevation_m": 13.19,
        "capacity_m3s": 0.782,
        "grid_row": 159,
        "grid_col": 113
      }
    },
    {
      "type": "Feature",
      "geometry": {
        "type": "Point",
        "coordinates": [
          80.242518,
          13.059161
        ]
      },
      "properties": {
        "id": "DN-00164",
        "type": "junction",
        "elevation_m": 13.09,
        "capacity_m3s": 0.782,
        "grid_row": 160,
        "grid_col": 113
      }
    },
    {
      "type": "Feature",
      "geometry": {
        "type": "Point",
        "coordinates": [
          80.242518,
          13.059161
        ]
      },
      "properties": {
        "id": "DN-00165",
        "type": "inlet",
        "elevation_m": 13.09,
        "capacity_m3s": 1.19,
        "grid_row": 160,
        "grid_col": 113
      }
    },
    {
      "type": "Feature",
      "geometry": {
        "type": "Point",
        "coordinates": [
          80.242493,
          13.059404
        ]
      },
      "properties": {
        "id": "DN-00166",
        "type": "junction",
        "elevation_m": 12.87,
        "capacity_m3s": 1.19,
        "grid_row": 162,
        "grid_col": 113
      }
    },
    {
      "type": "Feature",
      "geometry": {
        "type": "Point",
        "coordinates": [
          80.242514,
          13.059552
        ]
      },
      "properties": {
        "id": "DN-00167",
        "type": "inlet",
        "elevation_m": 12.87,
        "capacity_m3s": 0.418,
        "grid_row": 162,
        "grid_col": 113
      }
    },
    {
      "type": "Feature",
      "geometry": {
        "type": "Point",
        "coordinates": [
          80.242493,
          13.059404
        ]
      },
      "properties": {
        "id": "DN-00168",
        "type": "junction",
        "elevation_m": 12.87,
        "capacity_m3s": 0.418,
        "grid_row": 162,
        "grid_col": 113
      }
    },
    {
      "type": "Feature",
      "geometry": {
        "type": "Point",
        "coordinates": [
          80.242514,
          13.059552
        ]
      },
      "properties": {
        "id": "DN-00169",
        "type": "inlet",
        "elevation_m": 12.87,
        "capacity_m3s": 0.712,
        "grid_row": 162,
        "grid_col": 113
      }
    },
    {
      "type": "Feature",
      "geometry": {
        "type": "Point",
        "coordinates": [
          80.242654,
          13.05997
        ]
      },
      "properties": {
        "id": "DN-00170",
        "type": "junction",
        "elevation_m": 12.73,
        "capacity_m3s": 0.712,
        "grid_row": 164,
        "grid_col": 114
      }
    },
    {
      "type": "Feature",
      "geometry": {
        "type": "Point",
        "coordinates": [
          80.242654,
          13.05997
        ]
      },
      "properties": {
        "id": "DN-00171",
        "type": "inlet",
        "elevation_m": 12.73,
        "capacity_m3s": 0.418,
        "grid_row": 164,
        "grid_col": 114
      }
    },
    {
      "type": "Feature",
      "geometry": {
        "type": "Point",
        "coordinates": [
          80.243497,
          13.063817
        ]
      },
      "properties": {
        "id": "DN-00172",
        "type": "junction",
        "elevation_m": 12.48,
        "capacity_m3s": 0.418,
        "grid_row": 184,
        "grid_col": 118
      }
    },
    {
      "type": "Feature",
      "geometry": {
        "type": "Point",
        "coordinates": [
          80.24018,
          13.059982
        ]
      },
      "properties": {
        "id": "DN-00173",
        "type": "inlet",
        "elevation_m": 13.34,
        "capacity_m3s": 0.674,
        "grid_row": 165,
        "grid_col": 102
      }
    },
    {
      "type": "Feature",
      "geometry": {
        "type": "Point",
        "coordinates": [
          80.242354,
          13.060005
        ]
      },
      "properties": {
        "id": "DN-00174",
        "type": "junction",
        "elevation_m": 12.47,
        "capacity_m3s": 0.674,
        "grid_row": 165,
        "grid_col": 112
      }
    },
    {
      "type": "Feature",
      "geometry": {
        "type": "Point",
        "coordinates": [
          80.24018,
          13.059982
        ]
      },
      "properties": {
        "id": "DN-00175",
        "type": "inlet",
        "elevation_m": 13.34,
        "capacity_m3s": 0.418,
        "grid_row": 165,
        "grid_col": 102
      }
    },
    {
      "type": "Feature",
      "geometry": {
        "type": "Point",
        "coordinates": [
          80.24018,
          13.059982
        ]
      },
      "properties": {
        "id": "DN-00176",
        "type": "junction",
        "elevation_m": 13.34,
        "capacity_m3s": 0.418,
        "grid_row": 165,
        "grid_col": 102
      }
    },
    {
      "type": "Feature",
      "geometry": {
        "type": "Point",
        "coordinates": [
          80.24018,
          13.059982
        ]
      },
      "properties": {
        "id": "DN-00177",
        "type": "inlet",
        "elevation_m": 13.34,
        "capacity_m3s": 2.848,
        "grid_row": 165,
        "grid_col": 102
      }
    },
    {
      "type": "Feature",
      "geometry": {
        "type": "Point",
        "coordinates": [
          80.24,
          13.06
        ]
      },
      "properties": {
        "id": "DN-00178",
        "type": "junction",
        "elevation_m": 12.43,
        "capacity_m3s": 2.848,
        "grid_row": 165,
        "grid_col": 101
      }
    },
    {
      "type": "Feature",
      "geometry": {
        "type": "Point",
        "coordinates": [
          80.236023,
          13.047004
        ]
      },
      "properties": {
        "id": "DN-00179",
        "type": "inlet",
        "elevation_m": 11.91,
        "capacity_m3s": 1.952,
        "grid_row": 100,
        "grid_col": 82
      }
    },
    {
      "type": "Feature",
      "geometry": {
        "type": "Point",
        "coordinates": [
          80.235794,
          13.047047
        ]
      },
      "properties": {
        "id": "DN-00180",
        "type": "junction",
        "elevation_m": 11.36,
        "capacity_m3s": 1.952,
        "grid_row": 100,
        "grid_col": 80
      }
    },
    {
      "type": "Feature",
      "geometry": {
        "type": "Point",
        "coordinates": [
          80.236023,
          13.047004
        ]
      },
      "properties": {
        "id": "DN-00181",
        "type": "inlet",
        "elevation_m": 11.91,
        "capacity_m3s": 1.952,
        "grid_row": 100,
        "grid_col": 82
      }
    },
    {
      "type": "Feature",
      "geometry": {
        "type": "Point",
        "coordinates": [
          80.235426,
          13.047096
        ]
      },
      "properties": {
        "id": "DN-00182",
        "type": "inlet",
        "elevation_m": 11.67,
        "capacity_m3s": 1.16,
        "grid_row": 101,
        "grid_col": 79
      }
    },
    {
      "type": "Feature",
      "geometry": {
        "type": "Point",
        "coordinates": [
          80.235077,
          13.047148
        ]
      },
      "properties": {
        "id": "DN-00183",
        "type": "inlet",
        "elevation_m": 12.12,
        "capacity_m3s": 1.436,
        "grid_row": 101,
        "grid_col": 77
      }
    },
    {
      "type": "Feature",
      "geometry": {
        "type": "Point",
        "coordinates": [
          80.235426,
          13.047096
        ]
      },
      "properties": {
        "id": "DN-00184",
        "type": "junction",
        "elevation_m": 11.67,
        "capacity_m3s": 1.436,
        "grid_row": 101,
        "grid_col": 79
      }
    },
    {
      "type": "Feature",
      "geometry": {
        "type": "Point",
        "coordinates": [
          80.233632,
          13.047341
        ]
      },
      "properties": {
        "id": "DN-00185",
        "type": "inlet",
        "elevation_m": 13.86,
        "capacity_m3s": 1.387,
        "grid_row": 102,
        "grid_col": 70
      }
    },
    {
      "type": "Feature",
      "geometry": {
        "type": "Point",
        "coordinates": [
          80.235077,
          13.047148
        ]
      },
      "properties": {
        "id": "DN-00186",
        "type": "junction",
        "elevation_m": 12.12,
        "capacity_m3s": 1.387,
        "grid_row": 101,
        "grid_col": 77
      }
    },
    {
      "type": "Feature",
      "geometry": {
        "type": "Point",
        "coordinates": [
          80.23335,
          13.047407
        ]
      },
      "properties": {
        "id": "DN-00187",
        "type": "inlet",
        "elevation_m": 14.09,
        "capacity_m3s": 1.13,
        "grid_row": 102,
        "grid_col": 69
      }
    },
    {
      "type": "Feature",
      "geometry": {
        "type": "Point",
        "coordinates": [
          80.233632,
          13.047341
        ]
      },
      "properties": {
        "id": "DN-00188",
        "type": "junction",
        "elevation_m": 13.86,
        "capacity_m3s": 1.13,
        "grid_row": 102,
        "grid_col": 70
      }
    },
    {
      "type": "Feature",
      "geometry": {
        "type": "Point",
        "coordinates": [
          80.233304,
          13.047434
        ]
      },
      "properties": {
        "id": "DN-00189",
        "type": "inlet",
        "elevation_m": 14.31,
        "capacity_m3s": 2.571,
        "grid_row": 102,
        "grid_col": 68
      }
    },
    {
      "type": "Feature",
      "geometry": {
        "type": "Point",
        "coordinates": [
          80.23335,
          13.047407
        ]
      },
      "properties": {
        "id": "DN-00190",
        "type": "junction",
        "elevation_m": 14.09,
        "capacity_m3s": 2.571,
        "grid_row": 102,
        "grid_col": 69
      }
    },
    {
      "type": "Feature",
      "geometry": {
        "type": "Point",
        "coordinates": [
          80.233082,
          13.047414
        ]
      },
      "properties": {
        "id": "DN-00191",
        "type": "inlet",
        "elevation_m": 14.54,
        "capacity_m3s": 0.418,
        "grid_row": 102,
        "grid_col": 67
      }
    },
    {
      "type": "Feature",
      "geometry": {
        "type": "Point",
        "coordinates": [
          80.232991,
          13.047423
        ]
      },
      "properties": {
        "id": "DN-00192",
        "type": "junction",
        "elevation_m": 14.54,
        "capacity_m3s": 0.418,
        "grid_row": 102,
        "grid_col": 67
      }
    },
    {
      "type": "Feature",
      "geometry": {
        "type": "Point",
        "coordinates": [
          80.233003,
          13.047477
        ]
      },
      "properties": {
        "id": "DN-00193",
        "type": "inlet",
        "elevation_m": 14.7,
        "capacity_m3s": 2.136,
        "grid_row": 103,
        "grid_col": 67
      }
    },
    {
      "type": "Feature",
      "geometry": {
        "type": "Point",
        "coordinates": [
          80.232991,
          13.047423
        ]
      },
      "properties": {
        "id": "DN-00194",
        "type": "junction",
        "elevation_m": 14.54,
        "capacity_m3s": 2.136,
        "grid_row": 102,
        "grid_col": 67
      }
    },
    {
      "type": "Feature",
      "geometry": {
        "type": "Point",
        "coordinates": [
          80.233003,
          13.047477
        ]
      },
      "properties": {
        "id": "DN-00195",
        "type": "inlet",
        "elevation_m": 14.7,
        "capacity_m3s": 2.136,
        "grid_row": 103,
        "grid_col": 67
      }
    },
    {
      "type": "Feature",
      "geometry": {
        "type": "Point",
        "coordinates": [
          80.232991,
          13.047423
        ]
      },
      "properties": {
        "id": "DN-00196",
        "type": "junction",
        "elevation_m": 14.54,
        "capacity_m3s": 2.136,
        "grid_row": 102,
        "grid_col": 67
      }
    },
    {
      "type": "Feature",
      "geometry": {
        "type": "Point",
        "coordinates": [
          80.233003,
          13.047477
        ]
      },
      "properties": {
        "id": "DN-00197",
        "type": "inlet",
        "elevation_m": 14.7,
        "capacity_m3s": 1.678,
        "grid_row": 103,
        "grid_col": 67
      }
    },
    {
      "type": "Feature",
      "geometry": {
        "type": "Point",
        "coordinates": [
          80.233094,
          13.047464
        ]
      },
      "properties": {
        "id": "DN-00198",
        "type": "junction",
        "elevation_m": 14.54,
        "capacity_m3s": 1.678,
        "grid_row": 102,
        "grid_col": 67
      }
    },
    {
      "type": "Feature",
      "geometry": {
        "type": "Point",
        "coordinates": [
          80.233003,
          13.047477
        ]
      },
      "properties": {
        "id": "DN-00199",
        "type": "inlet",
        "elevation_m": 14.7,
        "capacity_m3s": 0.418,
        "grid_row": 103,
        "grid_col": 67
      }
    },
    {
      "type": "Feature",
      "geometry": {
        "type": "Point",
        "coordinates": [
          80.233993,
          13.051837
        ]
      },
      "properties": {
        "id": "DN-00200",
        "type": "junction",
        "elevation_m": 14.64,
        "capacity_m3s": 0.418,
        "grid_row": 124,
        "grid_col": 72
      }
    },
    {
      "type": "Feature",
      "geometry": {
        "type": "Point",
        "coordinates": [
          80.233993,
          13.051837
        ]
      },
      "properties": {
        "id": "DN-00201",
        "type": "inlet",
        "elevation_m": 14.64,
        "capacity_m3s": 0.439,
        "grid_row": 124,
        "grid_col": 72
      }
    },
    {
      "type": "Feature",
      "geometry": {
        "type": "Point",
        "coordinates": [
          80.234763,
          13.055777
        ]
      },
      "properties": {
        "id": "DN-00202",
        "type": "junction",
        "elevation_m": 14.14,
        "capacity_m3s": 0.439,
        "grid_row": 144,
        "grid_col": 75
      }
    },
    {
      "type": "Feature",
      "geometry": {
        "type": "Point",
        "coordinates": [
          80.23743,
          13.061078
        ]
      },
      "properties": {
        "id": "DN-00203",
        "type": "inlet",
        "elevation_m": 14.83,
        "capacity_m3s": 0.418,
        "grid_row": 170,
        "grid_col": 88
      }
    },
    {
      "type": "Feature",
      "geometry": {
        "type": "Point",
        "coordinates": [
          80.234763,
          13.055777
        ]
      },
      "properties": {
        "id": "DN-00204",
        "type": "junction",
        "elevation_m": 14.14,
        "capacity_m3s": 0.418,
        "grid_row": 144,
        "grid_col": 75
      }
    },
    {
      "type": "Feature",
      "geometry": {
        "type": "Point",
        "coordinates": [
          80.23743,
          13.061078
        ]
      },
      "properties": {
        "id": "DN-00205",
        "type": "inlet",
        "elevation_m": 14.83,
        "capacity_m3s": 0.418,
        "grid_row": 170,
        "grid_col": 88
      }
    },
    {
      "type": "Feature",
      "geometry": {
        "type": "Point",
        "coordinates": [
          80.2383,
          13.060433
        ]
      },
      "properties": {
        "id": "DN-00206",
        "type": "inlet",
        "elevation_m": 15.96,
        "capacity_m3s": 1.168,
        "grid_row": 167,
        "grid_col": 93
      }
    },
    {
      "type": "Feature",
      "geometry": {
        "type": "Point",
        "coordinates": [
          80.23743,
          13.061078
        ]
      },
      "properties": {
        "id": "DN-00207",
        "type": "junction",
        "elevation_m": 14.83,
        "capacity_m3s": 1.168,
        "grid_row": 170,
        "grid_col": 88
      }
    },
    {
      "type": "Feature",
      "geometry": {
        "type": "Point",
        "coordinates": [
          80.2383,
          13.060433
        ]
      },
      "properties": {
        "id": "DN-00208",
        "type": "inlet",
        "elevation_m": 15.96,
        "capacity_m3s": 1.361,
        "grid_row": 167,
        "grid_col": 93
      }
    },
    {
      "type": "Feature",
      "geometry": {
        "type": "Point",
        "coordinates": [
          80.240245,
          13.06061
        ]
      },
      "properties": {
        "id": "DN-00209",
        "type": "junction",
        "elevation_m": 13.71,
        "capacity_m3s": 1.361,
        "grid_row": 168,
        "grid_col": 102
      }
    },
    {
      "type": "Feature",
      "geometry": {
        "type": "Point",
        "coordinates": [
          80.221771,
          13.041756
        ]
      },
      "properties": {
        "id": "DN-00210",
        "type": "inlet",
        "elevation_m": 15.0,
        "capacity_m3s": 0.748,
        "grid_row": 74,
        "grid_col": 13
      }
    },
    {
      "type": "Feature",
      "geometry": {
        "type": "Point",
        "coordinates": [
          80.219117,
          13.041947
        ]
      },
      "properties": {
        "id": "DN-00211",
        "type": "junction",
        "elevation_m": 14.08,
        "capacity_m3s": 0.748,
        "grid_row": 75,
        "grid_col": 0
      }
    },
    {
      "type": "Feature",
      "geometry": {
        "type": "Point",
        "coordinates": [
          80.222042,
          13.042908
        ]
      },
      "properties": {
        "id": "DN-00212",
        "type": "inlet",
        "elevation_m": 15.4,
        "capacity_m3s": 0.724,
        "grid_row": 80,
        "grid_col": 14
      }
    },
    {
      "type": "Feature",
      "geometry": {
        "type": "Point",
        "coordinates": [
          80.222042,
          13.042908
        ]
      },
      "properties": {
        "id": "DN-00213",
        "type": "inlet",
        "elevation_m": 15.4,
        "capacity_m3s": 0.591,
        "grid_row": 80,
        "grid_col": 14
      }
    },
    {
      "type": "Feature",
      "geometry": {
        "type": "Point",
        "coordinates": [
          80.227266,
          13.041624
        ]
      },
      "properties": {
        "id": "DN-00214",
        "type": "junction",
        "elevation_m": 14.23,
        "capacity_m3s": 0.591,
        "grid_row": 74,
        "grid_col": 39
      }
    },
    {
      "type": "Feature",
      "geometry": {
        "type": "Point",
        "coordinates": [
          80.222042,
          13.042908
        ]
      },
      "properties": {
        "id": "DN-00215",
        "type": "inlet",
        "elevation_m": 15.4,
        "capacity_m3s": 0.591,
        "grid_row": 80,
        "grid_col": 14
      }
    },
    {
      "type": "Feature",
      "geometry": {
        "type": "Point",
        "coordinates": [
          80.227266,
          13.041624
        ]
      },
      "properties": {
        "id": "DN-00216",
        "type": "junction",
        "elevation_m": 14.23,
        "capacity_m3s": 0.591,
        "grid_row": 74,
        "grid_col": 39
      }
    },
    {
      "type": "Feature",
      "geometry": {
        "type": "Point",
        "coordinates": [
          80.230209,
          13.040937
        ]
      },
      "properties": {
        "id": "DN-00217",
        "type": "inlet",
        "elevation_m": 15.64,
        "capacity_m3s": 0.867,
        "grid_row": 70,
        "grid_col": 54
      }
    },
    {
      "type": "Feature",
      "geometry": {
        "type": "Point",
        "coordinates": [
          80.227266,
          13.041624
        ]
      },
      "properties": {
        "id": "DN-00218",
        "type": "junction",
        "elevation_m": 14.23,
        "capacity_m3s": 0.867,
        "grid_row": 74,
        "grid_col": 39
      }
    },
    {
      "type": "Feature",
      "geometry": {
        "type": "Point",
        "coordinates": [
          80.231975,
          13.041018
        ]
      },
      "properties": {
        "id": "DN-00219",
        "type": "inlet",
        "elevation_m": 15.91,
        "capacity_m3s": 0.458,
        "grid_row": 71,
        "grid_col": 62
      }
    },
    {
      "type": "Feature",
      "geometry": {
        "type": "Point",
        "coordinates": [
          80.230209,
          13.040937
        ]
      },
      "properties": {
        "id": "DN-00220",
        "type": "junction",
        "elevation_m": 15.64,
        "capacity_m3s": 0.458,
        "grid_row": 70,
        "grid_col": 54
      }
    },
    {
      "type": "Feature",
      "geometry": {
        "type": "Point",
        "coordinates": [
          80.231975,
          13.041018
        ]
      },
      "properties": {
        "id": "DN-00221",
        "type": "inlet",
        "elevation_m": 15.91,
        "capacity_m3s": 0.418,
        "grid_row": 71,
        "grid_col": 62
      }
    },
    {
      "type": "Feature",
      "geometry": {
        "type": "Point",
        "coordinates": [
          80.232146,
          13.040981
        ]
      },
      "properties": {
        "id": "DN-00222",
        "type": "junction",
        "elevation_m": 15.9,
        "capacity_m3s": 0.418,
        "grid_row": 70,
        "grid_col": 63
      }
    },
    {
      "type": "Feature",
      "geometry": {
        "type": "Point",
        "coordinates": [
          80.232182,
          13.041823
        ]
      },
      "properties": {
        "id": "DN-00223",
        "type": "inlet",
        "elevation_m": 15.91,
        "capacity_m3s": 1.473,
        "grid_row": 74,
        "grid_col": 63
      }
    },
    {
      "type": "Feature",
      "geometry": {
        "type": "Point",
        "coordinates": [
          80.232255,
          13.042231
        ]
      },
      "properties": {
        "id": "DN-00224",
        "type": "junction",
        "elevation_m": 15.34,
        "capacity_m3s": 1.473,
        "grid_row": 77,
        "grid_col": 63
      }
    },
    {
      "type": "Feature",
      "geometry": {
        "type": "Point",
        "coordinates": [
          80.232255,
          13.042231
        ]
      },
      "properties": {
        "id": "DN-00225",
        "type": "junction",
        "elevation_m": 15.34,
        "capacity_m3s": 0.418,
        "grid_row": 77,
        "grid_col": 63
      }
    },
    {
      "type": "Feature",
      "geometry": {
        "type": "Point",
        "coordinates": [
          80.232255,
          13.042231
        ]
      },
      "properties": {
        "id": "DN-00226",
        "type": "junction",
        "elevation_m": 15.34,
        "capacity_m3s": 0.418,
        "grid_row": 77,
        "grid_col": 63
      }
    },
    {
      "type": "Feature",
      "geometry": {
        "type": "Point",
        "coordinates": [
          80.238322,
          13.044056
        ]
      },
      "properties": {
        "id": "DN-00227",
        "type": "inlet",
        "elevation_m": 14.64,
        "capacity_m3s": 0.458,
        "grid_row": 86,
        "grid_col": 93
      }
    },
    {
      "type": "Feature",
      "geometry": {
        "type": "Point",
        "coordinates": [
          80.242281,
          13.046245
        ]
      },
      "properties": {
        "id": "DN-00228",
        "type": "junction",
        "elevation_m": 14.06,
        "capacity_m3s": 0.458,
        "grid_row": 96,
        "grid_col": 112
      }
    },
    {
      "type": "Feature",
      "geometry": {
        "type": "Point",
        "coordinates": [
          80.242281,
          13.046245
        ]
      },
      "properties": {
        "id": "DN-00229",
        "type": "inlet",
        "elevation_m": 14.06,
        "capacity_m3s": 0.418,
        "grid_row": 96,
        "grid_col": 112
      }
    },
    {
      "type": "Feature",
      "geometry": {
        "type": "Point",
        "coordinates": [
          80.240143,
          13.045331
        ]
      },
      "properties": {
        "id": "DN-00230",
        "type": "junction",
        "elevation_m": 13.82,
        "capacity_m3s": 0.418,
        "grid_row": 92,
        "grid_col": 101
      }
    },
    {
      "type": "Feature",
      "geometry": {
        "type": "Point",
        "coordinates": [
          80.242897,
          13.046613
        ]
      },
      "properties": {
        "id": "DN-00231",
        "type": "inlet",
        "elevation_m": 14.5,
        "capacity_m3s": 1.261,
        "grid_row": 98,
        "grid_col": 115
      }
    },
    {
      "type": "Feature",
      "geometry": {
        "type": "Point",
        "coordinates": [
          80.242633,
          13.046463
        ]
      },
      "properties": {
        "id": "DN-00232",
        "type": "junction",
        "elevation_m": 14.2,
        "capacity_m3s": 1.261,
        "grid_row": 97,
        "grid_col": 113
      }
    },
    {
      "type": "Feature",
      "geometry": {
        "type": "Point",
        "coordinates": [
          80.243097,
          13.046727
        ]
      },
      "properties": {
        "id": "DN-00233",
        "type": "inlet",
        "elevation_m": 14.6,
        "capacity_m3s": 0.836,
        "grid_row": 99,
        "grid_col": 116
      }
    },
    {
      "type": "Feature",
      "geometry": {
        "type": "Point",
        "coordinates": [
          80.242897,
          13.046613
        ]
      },
      "properties": {
        "id": "DN-00234",
        "type": "junction",
        "elevation_m": 14.5,
        "capacity_m3s": 0.836,
        "grid_row": 98,
        "grid_col": 115
      }
    },
    {
      "type": "Feature",
      "geometry": {
        "type": "Point",
        "coordinates": [
          80.243533,
          13.046976
        ]
      },
      "properties": {
        "id": "DN-00235",
        "type": "inlet",
        "elevation_m": 14.84,
        "capacity_m3s": 0.877,
        "grid_row": 100,
        "grid_col": 118
      }
    },
    {
      "type": "Feature",
      "geometry": {
        "type": "Point",
        "coordinates": [
          80.243097,
          13.046727
        ]
      },
      "properties": {
        "id": "DN-00236",
        "type": "junction",
        "elevation_m": 14.6,
        "capacity_m3s": 0.877,
        "grid_row": 99,
        "grid_col": 116
      }
    },
    {
      "type": "Feature",
      "geometry": {
        "type": "Point",
        "coordinates": [
          80.243533,
          13.046976
        ]
      },
      "properties": {
        "id": "DN-00237",
        "type": "inlet",
        "elevation_m": 14.84,
        "capacity_m3s": 0.418,
        "grid_row": 100,
        "grid_col": 118
      }
    },
    {
      "type": "Feature",
      "geometry": {
        "type": "Point",
        "coordinates": [
          80.243571,
          13.046997
        ]
      },
      "properties": {
        "id": "DN-00238",
        "type": "junction",
        "elevation_m": 14.84,
        "capacity_m3s": 0.418,
        "grid_row": 100,
        "grid_col": 118
      }
    },
    {
      "type": "Feature",
      "geometry": {
        "type": "Point",
        "coordinates": [
          80.243571,
          13.046997
        ]
      },
      "properties": {
        "id": "DN-00239",
        "type": "inlet",
        "elevation_m": 14.84,
        "capacity_m3s": 1.368,
        "grid_row": 100,
        "grid_col": 118
      }
    },
    {
      "type": "Feature",
      "geometry": {
        "type": "Point",
        "coordinates": [
          80.245077,
          13.047833
        ]
      },
      "properties": {
        "id": "DN-00240",
        "type": "junction",
        "elevation_m": 12.84,
        "capacity_m3s": 1.368,
        "grid_row": 104,
        "grid_col": 125
      }
    },
    {
      "type": "Feature",
      "geometry": {
        "type": "Point",
        "coordinates": [
          80.245077,
          13.047833
        ]
      },
      "properties": {
        "id": "DN-00241",
        "type": "inlet",
        "elevation_m": 12.84,
        "capacity_m3s": 1.961,
        "grid_row": 104,
        "grid_col": 125
      }
    },
    {
      "type": "Feature",
      "geometry": {
        "type": "Point",
        "coordinates": [
          80.245357,
          13.047972
        ]
      },
      "properties": {
        "id": "DN-00242",
        "type": "junction",
        "elevation_m": 12.09,
        "capacity_m3s": 1.961,
        "grid_row": 105,
        "grid_col": 127
      }
    },
    {
      "type": "Feature",
      "geometry": {
        "type": "Point",
        "coordinates": [
          80.245357,
          13.047972
        ]
      },
      "properties": {
        "id": "DN-00243",
        "type": "inlet",
        "elevation_m": 12.09,
        "capacity_m3s": 0.418,
        "grid_row": 105,
        "grid_col": 127
      }
    },
    {
      "type": "Feature",
      "geometry": {
        "type": "Point",
        "coordinates": [
          80.245508,
          13.048058
        ]
      },
      "properties": {
        "id": "DN-00244",
        "type": "junction",
        "elevation_m": 12.09,
        "capacity_m3s": 0.418,
        "grid_row": 105,
        "grid_col": 127
      }
    },
    {
      "type": "Feature",
      "geometry": {
        "type": "Point",
        "coordinates": [
          80.245508,
          13.048058
        ]
      },
      "properties": {
        "id": "DN-00245",
        "type": "inlet",
        "elevation_m": 12.09,
        "capacity_m3s": 1.714,
        "grid_row": 105,
        "grid_col": 127
      }
    },
    {
      "type": "Feature",
      "geometry": {
        "type": "Point",
        "coordinates": [
          80.245848,
          13.048286
        ]
      },
      "properties": {
        "id": "DN-00246",
        "type": "junction",
        "elevation_m": 11.34,
        "capacity_m3s": 1.714,
        "grid_row": 107,
        "grid_col": 129
      }
    },
    {
      "type": "Feature",
      "geometry": {
        "type": "Point",
        "coordinates": [
          80.245848,
          13.048286
        ]
      },
      "properties": {
        "id": "DN-00247",
        "type": "inlet",
        "elevation_m": 11.34,
        "capacity_m3s": 1.226,
        "grid_row": 107,
        "grid_col": 129
      }
    },
    {
      "type": "Feature",
      "geometry": {
        "type": "Point",
        "coordinates": [
          80.246151,
          13.048519
        ]
      },
      "properties": {
        "id": "DN-00248",
        "type": "outfall",
        "elevation_m": 10.98,
        "capacity_m3s": 6.0,
        "grid_row": 108,
        "grid_col": 130
      }
    },
    {
      "type": "Feature",
      "geometry": {
        "type": "Point",
        "coordinates": [
          80.245848,
          13.048286
        ]
      },
      "properties": {
        "id": "DN-00249",
        "type": "inlet",
        "elevation_m": 11.34,
        "capacity_m3s": 1.226,
        "grid_row": 107,
        "grid_col": 129
      }
    },
    {
      "type": "Feature",
      "geometry": {
        "type": "Point",
        "coordinates": [
          80.246151,
          13.048519
        ]
      },
      "properties": {
        "id": "DN-00250",
        "type": "outfall",
        "elevation_m": 10.98,
        "capacity_m3s": 6.0,
        "grid_row": 108,
        "grid_col": 130
      }
    },
    {
      "type": "Feature",
      "geometry": {
        "type": "Point",
        "coordinates": [
          80.246151,
          13.048519
        ]
      },
      "properties": {
        "id": "DN-00251",
        "type": "outfall",
        "elevation_m": 10.98,
        "capacity_m3s": 6.0,
        "grid_row": 108,
        "grid_col": 130
      }
    },
    {
      "type": "Feature",
      "geometry": {
        "type": "Point",
        "coordinates": [
          80.246277,
          13.04863
        ]
      },
      "properties": {
        "id": "DN-00252",
        "type": "outfall",
        "elevation_m": 10.66,
        "capacity_m3s": 6.0,
        "grid_row": 108,
        "grid_col": 131
      }
    },
    {
      "type": "Feature",
      "geometry": {
        "type": "Point",
        "coordinates": [
          80.246277,
          13.04863
        ]
      },
      "properties": {
        "id": "DN-00253",
        "type": "outfall",
        "elevation_m": 10.66,
        "capacity_m3s": 6.0,
        "grid_row": 108,
        "grid_col": 131
      }
    },
    {
      "type": "Feature",
      "geometry": {
        "type": "Point",
        "coordinates": [
          80.246657,
          13.048964
        ]
      },
      "properties": {
        "id": "DN-00254",
        "type": "outfall",
        "elevation_m": 10.02,
        "capacity_m3s": 6.0,
        "grid_row": 110,
        "grid_col": 133
      }
    },
    {
      "type": "Feature",
      "geometry": {
        "type": "Point",
        "coordinates": [
          80.246833,
          13.049097
        ]
      },
      "properties": {
        "id": "DN-00255",
        "type": "outfall",
        "elevation_m": 10.38,
        "capacity_m3s": 6.0,
        "grid_row": 111,
        "grid_col": 134
      }
    },
    {
      "type": "Feature",
      "geometry": {
        "type": "Point",
        "coordinates": [
          80.246657,
          13.048964
        ]
      },
      "properties": {
        "id": "DN-00256",
        "type": "outfall",
        "elevation_m": 10.02,
        "capacity_m3s": 6.0,
        "grid_row": 110,
        "grid_col": 133
      }
    },
    {
      "type": "Feature",
      "geometry": {
        "type": "Point",
        "coordinates": [
          80.246977,
          13.049199
        ]
      },
      "properties": {
        "id": "DN-00257",
        "type": "outfall",
        "elevation_m": 10.38,
        "capacity_m3s": 6.0,
        "grid_row": 111,
        "grid_col": 134
      }
    },
    {
      "type": "Feature",
      "geometry": {
        "type": "Point",
        "coordinates": [
          80.246833,
          13.049097
        ]
      },
      "properties": {
        "id": "DN-00258",
        "type": "outfall",
        "elevation_m": 10.38,
        "capacity_m3s": 6.0,
        "grid_row": 111,
        "grid_col": 134
      }
    },
    {
      "type": "Feature",
      "geometry": {
        "type": "Point",
        "coordinates": [
          80.247162,
          13.049314
        ]
      },
      "properties": {
        "id": "DN-00259",
        "type": "outfall",
        "elevation_m": 10.79,
        "capacity_m3s": 6.0,
        "grid_row": 112,
        "grid_col": 135
      }
    },
    {
      "type": "Feature",
      "geometry": {
        "type": "Point",
        "coordinates": [
          80.246977,
          13.049199
        ]
      },
      "properties": {
        "id": "DN-00260",
        "type": "outfall",
        "elevation_m": 10.38,
        "capacity_m3s": 6.0,
        "grid_row": 111,
        "grid_col": 134
      }
    },
    {
      "type": "Feature",
      "geometry": {
        "type": "Point",
        "coordinates": [
          80.247228,
          13.049356
        ]
      },
      "properties": {
        "id": "DN-00261",
        "type": "inlet",
        "elevation_m": 11.05,
        "capacity_m3s": 2.306,
        "grid_row": 112,
        "grid_col": 136
      }
    },
    {
      "type": "Feature",
      "geometry": {
        "type": "Point",
        "coordinates": [
          80.247162,
          13.049314
        ]
      },
      "properties": {
        "id": "DN-00262",
        "type": "outfall",
        "elevation_m": 10.79,
        "capacity_m3s": 6.0,
        "grid_row": 112,
        "grid_col": 135
      }
    },
    {
      "type": "Feature",
      "geometry": {
        "type": "Point",
        "coordinates": [
          80.247566,
          13.049574
        ]
      },
      "properties": {
        "id": "DN-00263",
        "type": "inlet",
        "elevation_m": 11.4,
        "capacity_m3s": 1.183,
        "grid_row": 113,
        "grid_col": 137
      }
    },
    {
      "type": "Feature",
      "geometry": {
        "type": "Point",
        "coordinates": [
          80.247228,
          13.049356
        ]
      },
      "properties": {
        "id": "DN-00264",
        "type": "junction",
        "elevation_m": 11.05,
        "capacity_m3s": 1.183,
        "grid_row": 112,
        "grid_col": 136
      }
    },
    {
      "type": "Feature",
      "geometry": {
        "type": "Point",
        "coordinates": [
          80.249709,
          13.049412
        ]
      },
      "properties": {
        "id": "DN-00265",
        "type": "inlet",
        "elevation_m": 13.71,
        "capacity_m3s": 1.316,
        "grid_row": 112,
        "grid_col": 148
      }
    },
    {
      "type": "Feature",
      "geometry": {
        "type": "Point",
        "coordinates": [
          80.247566,
          13.049574
        ]
      },
      "properties": {
        "id": "DN-00266",
        "type": "junction",
        "elevation_m": 11.4,
        "capacity_m3s": 1.316,
        "grid_row": 113,
        "grid_col": 137
      }
    },
    {
      "type": "Feature",
      "geometry": {
        "type": "Point",
        "coordinates": [
          80.248363,
          13.050185
        ]
      },
      "properties": {
        "id": "DN-00267",
        "type": "inlet",
        "elevation_m": 12.39,
        "capacity_m3s": 1.197,
        "grid_row": 116,
        "grid_col": 141
      }
    },
    {
      "type": "Feature",
      "geometry": {
        "type": "Point",
        "coordinates": [
          80.247781,
          13.049703
        ]
      },
      "properties": {
        "id": "DN-00268",
        "type": "junction",
        "elevation_m": 11.71,
        "capacity_m3s": 1.197,
        "grid_row": 114,
        "grid_col": 138
      }
    },
    {
      "type": "Feature",
      "geometry": {
        "type": "Point",
        "coordinates": [
          80.24887,
          13.050655
        ]
      },
      "properties": {
        "id": "DN-00269",
        "type": "inlet",
        "elevation_m": 12.68,
        "capacity_m3s": 0.815,
        "grid_row": 118,
        "grid_col": 143
      }
    },
    {
      "type": "Feature",
      "geometry": {
        "type": "Point",
        "coordinates": [
          80.248363,
          13.050185
        ]
      },
      "properties": {
        "id": "DN-00270",
        "type": "junction",
        "elevation_m": 12.39,
        "capacity_m3s": 0.815,
        "grid_row": 116,
        "grid_col": 141
      }
    },
    {
      "type": "Feature",
      "geometry": {
        "type": "Point",
        "coordinates": [
          80.24887,
          13.050655
        ]
      },
      "properties": {
        "id": "DN-00271",
        "type": "inlet",
        "elevation_m": 12.68,
        "capacity_m3s": 0.418,
        "grid_row": 118,
        "grid_col": 143
      }
    },
    {
      "type": "Feature",
      "geometry": {
        "type": "Point",
        "coordinates": [
          80.252455,
          13.053471
        ]
      },
      "properties": {
        "id": "DN-00272",
        "type": "junction",
        "elevation_m": 12.28,
        "capacity_m3s": 0.418,
        "grid_row": 132,
        "grid_col": 161
      }
    },
    {
      "type": "Feature",
      "geometry": {
        "type": "Point",
        "coordinates": [
          80.252455,
          13.053471
        ]
      },
      "properties": {
        "id": "DN-00273",
        "type": "junction",
        "elevation_m": 12.28,
        "capacity_m3s": 0.418,
        "grid_row": 132,
        "grid_col": 161
      }
    },
    {
      "type": "Feature",
      "geometry": {
        "type": "Point",
        "coordinates": [
          80.255518,
          13.055737
        ]
      },
      "properties": {
        "id": "DN-00274",
        "type": "inlet",
        "elevation_m": 13.78,
        "capacity_m3s": 0.793,
        "grid_row": 143,
        "grid_col": 173
      }
    },
    {
      "type": "Feature",
      "geometry": {
        "type": "Point",
        "coordinates": [
          80.252455,
          13.053471
        ]
      },
      "properties": {
        "id": "DN-00275",
        "type": "junction",
        "elevation_m": 12.28,
        "capacity_m3s": 0.793,
        "grid_row": 132,
        "grid_col": 161
      }
    },
    {
      "type": "Feature",
      "geometry": {
        "type": "Point",
        "coordinates": [
          80.255518,
          13.055737
        ]
      },
      "properties": {
        "id": "DN-00276",
        "type": "inlet",
        "elevation_m": 13.78,
        "capacity_m3s": 0.606,
        "grid_row": 143,
        "grid_col": 173
      }
    },
    {
      "type": "Feature",
      "geometry": {
        "type": "Point",
        "coordinates": [
          80.25434,
          13.060578
        ]
      },
      "properties": {
        "id": "DN-00277",
        "type": "junction",
        "elevation_m": 12.57,
        "capacity_m3s": 0.606,
        "grid_row": 167,
        "grid_col": 170
      }
    },
    {
      "type": "Feature",
      "geometry": {
        "type": "Point",
        "coordinates": [
          80.254395,
          13.060126
        ]
      },
      "properties": {
        "id": "DN-00278",
        "type": "inlet",
        "elevation_m": 13.02,
        "capacity_m3s": 1.145,
        "grid_row": 165,
        "grid_col": 170
      }
    },
    {
      "type": "Feature",
      "geometry": {
        "type": "Point",
        "coordinates": [
          80.25434,
          13.060578
        ]
      },
      "properties": {
        "id": "DN-00279",
        "type": "junction",
        "elevation_m": 12.57,
        "capacity_m3s": 1.145,
        "grid_row": 167,
        "grid_col": 170
      }
    },
    {
      "type": "Feature",
      "geometry": {
        "type": "Point",
        "coordinates": [
          80.254993,
          13.060066
        ]
      },
      "properties": {
        "id": "DN-00280",
        "type": "inlet",
        "elevation_m": 13.03,
        "capacity_m3s": 0.418,
        "grid_row": 165,
        "grid_col": 173
      }
    },
    {
      "type": "Feature",
      "geometry": {
        "type": "Point",
        "coordinates": [
          80.254395,
          13.060126
        ]
      },
      "properties": {
        "id": "DN-00281",
        "type": "junction",
        "elevation_m": 13.02,
        "capacity_m3s": 0.418,
        "grid_row": 165,
        "grid_col": 170
      }
    },
    {
      "type": "Feature",
      "geometry": {
        "type": "Point",
        "coordinates": [
          80.249102,
          13.042293
        ]
      },
      "properties": {
        "id": "DN-00282",
        "type": "inlet",
        "elevation_m": 14.09,
        "capacity_m3s": 1.268,
        "grid_row": 77,
        "grid_col": 145
      }
    },
    {
      "type": "Feature",
      "geometry": {
        "type": "Point",
        "coordinates": [
          80.247656,
          13.04248
        ]
      },
      "properties": {
        "id": "DN-00283",
        "type": "junction",
        "elevation_m": 12.61,
        "capacity_m3s": 1.268,
        "grid_row": 78,
        "grid_col": 138
      }
    },
    {
      "type": "Feature",
      "geometry": {
        "type": "Point",
        "coordinates": [
          80.247656,
          13.04248
        ]
      },
      "properties": {
        "id": "DN-00284",
        "type": "inlet",
        "elevation_m": 12.61,
        "capacity_m3s": 1.13,
        "grid_row": 78,
        "grid_col": 138
      }
    },
    {
      "type": "Feature",
      "geometry": {
        "type": "Point",
        "coordinates": [
          80.247603,
          13.042276
        ]
      },
      "properties": {
        "id": "DN-00285",
        "type": "junction",
        "elevation_m": 12.44,
        "capacity_m3s": 1.13,
        "grid_row": 77,
        "grid_col": 137
      }
    },
    {
      "type": "Feature",
      "geometry": {
        "type": "Point",
        "coordinates": [
          80.247603,
          13.042276
        ]
      },
      "properties": {
        "id": "DN-00286",
        "type": "inlet",
        "elevation_m": 12.44,
        "capacity_m3s": 0.418,
        "grid_row": 77,
        "grid_col": 137
      }
    },
    {
      "type": "Feature",
      "geometry": {
        "type": "Point",
        "coordinates": [
          80.247455,
          13.042312
        ]
      },
      "properties": {
        "id": "DN-00287",
        "type": "junction",
        "elevation_m": 12.44,
        "capacity_m3s": 0.418,
        "grid_row": 77,
        "grid_col": 137
      }
    },
    {
      "type": "Feature",
      "geometry": {
        "type": "Point",
        "coordinates": [
          80.247455,
          13.042312
        ]
      },
      "properties": {
        "id": "DN-00288",
        "type": "inlet",
        "elevation_m": 12.44,
        "capacity_m3s": 0.418,
        "grid_row": 77,
        "grid_col": 137
      }
    },
    {
      "type": "Feature",
      "geometry": {
        "type": "Point",
        "coordinates": [
          80.247603,
          13.042276
        ]
      },
      "properties": {
        "id": "DN-00289",
        "type": "junction",
        "elevation_m": 12.44,
        "capacity_m3s": 0.418,
        "grid_row": 77,
        "grid_col": 137
      }
    },
    {
      "type": "Feature",
      "geometry": {
        "type": "Point",
        "coordinates": [
          80.247455,
          13.042312
        ]
      },
      "properties": {
        "id": "DN-00290",
        "type": "inlet",
        "elevation_m": 12.44,
        "capacity_m3s": 0.591,
        "grid_row": 77,
        "grid_col": 137
      }
    },
    {
      "type": "Feature",
      "geometry": {
        "type": "Point",
        "coordinates": [
          80.247594,
          13.042922
        ]
      },
      "properties": {
        "id": "DN-00291",
        "type": "junction",
        "elevation_m": 12.3,
        "capacity_m3s": 0.591,
        "grid_row": 80,
        "grid_col": 137
      }
    },
    {
      "type": "Feature",
      "geometry": {
        "type": "Point",
        "coordinates": [
          80.240502,
          13.040344
        ]
      },
      "properties": {
        "id": "DN-00292",
        "type": "inlet",
        "elevation_m": 14.43,
        "capacity_m3s": 0.877,
        "grid_row": 67,
        "grid_col": 103
      }
    },
    {
      "type": "Feature",
      "geometry": {
        "type": "Point",
        "coordinates": [
          80.246817,
          13.039127
        ]
      },
      "properties": {
        "id": "DN-00293",
        "type": "junction",
        "elevation_m": 11.36,
        "capacity_m3s": 0.877,
        "grid_row": 61,
        "grid_col": 134
      }
    },
    {
      "type": "Feature",
      "geometry": {
        "type": "Point",
        "coordinates": [
          80.240502,
          13.040344
        ]
      },
      "properties": {
        "id": "DN-00294",
        "type": "inlet",
        "elevation_m": 14.43,
        "capacity_m3s": 0.418,
        "grid_row": 67,
        "grid_col": 103
      }
    },
    {
      "type": "Feature",
      "geometry": {
        "type": "Point",
        "coordinates": [
          80.240984,
          13.043953
        ]
      },
      "properties": {
        "id": "DN-00295",
        "type": "junction",
        "elevation_m": 14.18,
        "capacity_m3s": 0.418,
        "grid_row": 85,
        "grid_col": 105
      }
    },
    {
      "type": "Feature",
      "geometry": {
        "type": "Point",
        "coordinates": [
          80.240984,
          13.043953
        ]
      },
      "properties": {
        "id": "DN-00296",
        "type": "inlet",
        "elevation_m": 14.18,
        "capacity_m3s": 0.981,
        "grid_row": 85,
        "grid_col": 105
      }
    },
    {
      "type": "Feature",
      "geometry": {
        "type": "Point",
        "coordinates": [
          80.240858,
          13.044146
        ]
      },
      "properties": {
        "id": "DN-00297",
        "type": "junction",
        "elevation_m": 14.04,
        "capacity_m3s": 0.981,
        "grid_row": 86,
        "grid_col": 105
      }
    },
    {
      "type": "Feature",
      "geometry": {
        "type": "Point",
        "coordinates": [
          80.240984,
          13.043953
        ]
      },
      "properties": {
        "id": "DN-00298",
        "type": "inlet",
        "elevation_m": 14.18,
        "capacity_m3s": 0.981,
        "grid_row": 85,
        "grid_col": 105
      }
    },
    {
      "type": "Feature",
      "geometry": {
        "type": "Point",
        "coordinates": [
          80.240858,
          13.044146
        ]
      },
      "properties": {
        "id": "DN-00299",
        "type": "junction",
        "elevation_m": 14.04,
        "capacity_m3s": 0.981,
        "grid_row": 86,
        "grid_col": 105
      }
    },
    {
      "type": "Feature",
      "geometry": {
        "type": "Point",
        "coordinates": [
          80.240858,
          13.044146
        ]
      },
      "properties": {
        "id": "DN-00300",
        "type": "inlet",
        "elevation_m": 14.04,
        "capacity_m3s": 0.877,
        "grid_row": 86,
        "grid_col": 105
      }
    },
    {
      "type": "Feature",
      "geometry": {
        "type": "Point",
        "coordinates": [
          80.240643,
          13.044475
        ]
      },
      "properties": {
        "id": "DN-00301",
        "type": "junction",
        "elevation_m": 13.85,
        "capacity_m3s": 0.877,
        "grid_row": 88,
        "grid_col": 104
      }
    },
    {
      "type": "Feature",
      "geometry": {
        "type": "Point",
        "coordinates": [
          80.240168,
          13.045163
        ]
      },
      "properties": {
        "id": "DN-00302",
        "type": "junction",
        "elevation_m": 13.75,
        "capacity_m3s": 0.771,
        "grid_row": 91,
        "grid_col": 102
      }
    },
    {
      "type": "Feature",
      "geometry": {
        "type": "Point",
        "coordinates": [
          80.23404,
          13.053856
        ]
      },
      "properties": {
        "id": "DN-00303",
        "type": "junction",
        "elevation_m": 14.64,
        "capacity_m3s": 0.418,
        "grid_row": 134,
        "grid_col": 72
      }
    },
    {
      "type": "Feature",
      "geometry": {
        "type": "Point",
        "coordinates": [
          80.23404,
          13.053856
        ]
      },
      "properties": {
        "id": "DN-00304",
        "type": "inlet",
        "elevation_m": 14.64,
        "capacity_m3s": 0.418,
        "grid_row": 134,
        "grid_col": 72
      }
    },
    {
      "type": "Feature",
      "geometry": {
        "type": "Point",
        "coordinates": [
          80.234014,
          13.053859
        ]
      },
      "properties": {
        "id": "DN-00305",
        "type": "junction",
        "elevation_m": 14.64,
        "capacity_m3s": 0.418,
        "grid_row": 134,
        "grid_col": 72
      }
    },
    {
      "type": "Feature",
      "geometry": {
        "type": "Point",
        "coordinates": [
          80.234014,
          13.053859
        ]
      },
      "properties": {
        "id": "DN-00306",
        "type": "inlet",
        "elevation_m": 14.64,
        "capacity_m3s": 0.418,
        "grid_row": 134,
        "grid_col": 72
      }
    },
    {
      "type": "Feature",
      "geometry": {
        "type": "Point",
        "coordinates": [
          80.23404,
          13.053856
        ]
      },
      "properties": {
        "id": "DN-00307",
        "type": "junction",
        "elevation_m": 14.64,
        "capacity_m3s": 0.418,
        "grid_row": 134,
        "grid_col": 72
      }
    },
    {
      "type": "Feature",
      "geometry": {
        "type": "Point",
        "coordinates": [
          80.233045,
          13.053965
        ]
      },
      "properties": {
        "id": "DN-00308",
        "type": "inlet",
        "elevation_m": 15.28,
        "capacity_m3s": 1.033,
        "grid_row": 135,
        "grid_col": 67
      }
    },
    {
      "type": "Feature",
      "geometry": {
        "type": "Point",
        "coordinates": [
          80.234014,
          13.053859
        ]
      },
      "properties": {
        "id": "DN-00309",
        "type": "junction",
        "elevation_m": 14.64,
        "capacity_m3s": 1.033,
        "grid_row": 134,
        "grid_col": 72
      }
    },
    {
      "type": "Feature",
      "geometry": {
        "type": "Point",
        "coordinates": [
          80.2324,
          13.054038
        ]
      },
      "properties": {
        "id": "DN-00310",
        "type": "inlet",
        "elevation_m": 15.47,
        "capacity_m3s": 0.687,
        "grid_row": 135,
        "grid_col": 64
      }
    },
    {
      "type": "Feature",
      "geometry": {
        "type": "Point",
        "coordinates": [
          80.233045,
          13.053965
        ]
      },
      "properties": {
        "id": "DN-00311",
        "type": "junction",
        "elevation_m": 15.28,
        "capacity_m3s": 0.687,
        "grid_row": 135,
        "grid_col": 67
      }
    },
    {
      "type": "Feature",
      "geometry": {
        "type": "Point",
        "coordinates": [
          80.232084,
          13.054073
        ]
      },
      "properties": {
        "id": "DN-00312",
        "type": "inlet",
        "elevation_m": 15.52,
        "capacity_m3s": 0.512,
        "grid_row": 135,
        "grid_col": 63
      }
    },
    {
      "type": "Feature",
      "geometry": {
        "type": "Point",
        "coordinates": [
          80.2324,
          13.054038
        ]
      },
      "properties": {
        "id": "DN-00313",
        "type": "junction",
        "elevation_m": 15.47,
        "capacity_m3s": 0.512,
        "grid_row": 135,
        "grid_col": 64
      }
    },
    {
      "type": "Feature",
      "geometry": {
        "type": "Point",
        "coordinates": [
          80.2317,
          13.05411
        ]
      },
      "properties": {
        "id": "DN-00314",
        "type": "inlet",
        "elevation_m": 15.62,
        "capacity_m3s": 0.648,
        "grid_row": 135,
        "grid_col": 61
      }
    },
    {
      "type": "Feature",
      "geometry": {
        "type": "Point",
        "coordinates": [
          80.232084,
          13.054073
        ]
      },
      "properties": {
        "id": "DN-00315",
        "type": "junction",
        "elevation_m": 15.52,
        "capacity_m3s": 0.648,
        "grid_row": 135,
        "grid_col": 63
      }
    },
    {
      "type": "Feature",
      "geometry": {
        "type": "Point",
        "coordinates": [
          80.231573,
          13.054122
        ]
      },
      "properties": {
        "id": "DN-00316",
        "type": "inlet",
        "elevation_m": 15.67,
        "capacity_m3s": 0.793,
        "grid_row": 135,
        "grid_col": 60
      }
    },
    {
      "type": "Feature",
      "geometry": {
        "type": "Point",
        "coordinates": [
          80.2317,
          13.05411
        ]
      },
      "properties": {
        "id": "DN-00317",
        "type": "junction",
        "elevation_m": 15.62,
        "capacity_m3s": 0.793,
        "grid_row": 135,
        "grid_col": 61
      }
    },
    {
      "type": "Feature",
      "geometry": {
        "type": "Point",
        "coordinates": [
          80.231525,
          13.054126
        ]
      },
      "properties": {
        "id": "DN-00318",
        "type": "inlet",
        "elevation_m": 15.67,
        "capacity_m3s": 0.418,
        "grid_row": 135,
        "grid_col": 60
      }
    },
    {
      "type": "Feature",
      "geometry": {
        "type": "Point",
        "coordinates": [
          80.231573,
          13.054122
        ]
      },
      "properties": {
        "id": "DN-00319",
        "type": "junction",
        "elevation_m": 15.67,
        "capacity_m3s": 0.418,
        "grid_row": 135,
        "grid_col": 60
      }
    },
    {
      "type": "Feature",
      "geometry": {
        "type": "Point",
        "coordinates": [
          80.231472,
          13.054128
        ]
      },
      "properties": {
        "id": "DN-00320",
        "type": "inlet",
        "elevation_m": 15.69,
        "capacity_m3s": 0.782,
        "grid_row": 136,
        "grid_col": 60
      }
    },
    {
      "type": "Feature",
      "geometry": {
        "type": "Point",
        "coordinates": [
          80.231525,
          13.054126
        ]
      },
      "properties": {
        "id": "DN-00321",
        "type": "junction",
        "elevation_m": 15.67,
        "capacity_m3s": 0.782,
        "grid_row": 135,
        "grid_col": 60
      }
    },
    {
      "type": "Feature",
      "geometry": {
        "type": "Point",
        "coordinates": [
          80.231472,
          13.054128
        ]
      },
      "properties": {
        "id": "DN-00322",
        "type": "inlet",
        "elevation_m": 15.69,
        "capacity_m3s": 4.911,
        "grid_row": 136,
        "grid_col": 60
      }
    },
    {
      "type": "Feature",
      "geometry": {
        "type": "Point",
        "coordinates": [
          80.231395,
          13.054128
        ]
      },
      "properties": {
        "id": "DN-00323",
        "type": "junction",
        "elevation_m": 14.54,
        "capacity_m3s": 4.911,
        "grid_row": 136,
        "grid_col": 59
      }
    },
    {
      "type": "Feature",
      "geometry": {
        "type": "Point",
        "coordinates": [
          80.231327,
          13.054127
        ]
      },
      "properties": {
        "id": "DN-00324",
        "type": "inlet",
        "elevation_m": 14.54,
        "capacity_m3s": 0.418,
        "grid_row": 136,
        "grid_col": 59
      }
    },
    {
      "type": "Feature",
      "geometry": {
        "type": "Point",
        "coordinates": [
          80.231395,
          13.054128
        ]
      },
      "properties": {
        "id": "DN-00325",
        "type": "junction",
        "elevation_m": 14.54,
        "capacity_m3s": 0.418,
        "grid_row": 136,
        "grid_col": 59
      }
    },
    {
      "type": "Feature",
      "geometry": {
        "type": "Point",
        "coordinates": [
          80.231312,
          13.054126
        ]
      },
      "properties": {
        "id": "DN-00326",
        "type": "inlet",
        "elevation_m": 15.72,
        "capacity_m3s": 6.424,
        "grid_row": 135,
        "grid_col": 59
      }
    },
    {
      "type": "Feature",
      "geometry": {
        "type": "Point",
        "coordinates": [
          80.231327,
          13.054127
        ]
      },
      "properties": {
        "id": "DN-00327",
        "type": "junction",
        "elevation_m": 14.54,
        "capacity_m3s": 6.424,
        "grid_row": 136,
        "grid_col": 59
      }
    },
    {
      "type": "Feature",
      "geometry": {
        "type": "Point",
        "coordinates": [
          80.231287,
          13.054126
        ]
      },
      "properties": {
        "id": "DN-00328",
        "type": "inlet",
        "elevation_m": 15.72,
        "capacity_m3s": 0.418,
        "grid_row": 135,
        "grid_col": 59
      }
    },
    {
      "type": "Feature",
      "geometry": {
        "type": "Point",
        "coordinates": [
          80.231312,
          13.054126
        ]
      },
      "properties": {
        "id": "DN-00329",
        "type": "junction",
        "elevation_m": 15.72,
        "capacity_m3s": 0.418,
        "grid_row": 135,
        "grid_col": 59
      }
    },
    {
      "type": "Feature",
      "geometry": {
        "type": "Point",
        "coordinates": [
          80.231287,
          13.054126
        ]
      },
      "properties": {
        "id": "DN-00330",
        "type": "inlet",
        "elevation_m": 15.72,
        "capacity_m3s": 2.362,
        "grid_row": 135,
        "grid_col": 59
      }
    },
    {
      "type": "Feature",
      "geometry": {
        "type": "Point",
        "coordinates": [
          80.230966,
          13.054125
        ]
      },
      "properties": {
        "id": "DN-00331",
        "type": "junction",
        "elevation_m": 14.61,
        "capacity_m3s": 2.362,
        "grid_row": 135,
        "grid_col": 57
      }
    },
    {
      "type": "Feature",
      "geometry": {
        "type": "Point",
        "coordinates": [
          80.230177,
          13.054122
        ]
      },
      "properties": {
        "id": "DN-00332",
        "type": "inlet",
        "elevation_m": 15.98,
        "capacity_m3s": 1.688,
        "grid_row": 135,
        "grid_col": 53
      }
    },
    {
      "type": "Feature",
      "geometry": {
        "type": "Point",
        "coordinates": [
          80.230177,
          13.054122
        ]
      },
      "properties": {
        "id": "DN-00333",
        "type": "inlet",
        "elevation_m": 15.98,
        "capacity_m3s": 0.7,
        "grid_row": 135,
        "grid_col": 53
      }
    },
    {
      "type": "Feature",
      "geometry": {
        "type": "Point",
        "coordinates": [
          80.229814,
          13.054122
        ]
      },
      "properties": {
        "id": "DN-00334",
        "type": "junction",
        "elevation_m": 15.87,
        "capacity_m3s": 0.7,
        "grid_row": 135,
        "grid_col": 52
      }
    },
    {
      "type": "Feature",
      "geometry": {
        "type": "Point",
        "coordinates": [
          80.229814,
          13.054122
        ]
      },
      "properties": {
        "id": "DN-00335",
        "type": "inlet",
        "elevation_m": 15.87,
        "capacity_m3s": 1.041,
        "grid_row": 135,
        "grid_col": 52
      }
    },
    {
      "type": "Feature",
      "geometry": {
        "type": "Point",
        "coordinates": [
          80.229353,
          13.05411
        ]
      },
      "properties": {
        "id": "DN-00336",
        "type": "junction",
        "elevation_m": 15.56,
        "capacity_m3s": 1.041,
        "grid_row": 135,
        "grid_col": 49
      }
    },
    {
      "type": "Feature",
      "geometry": {
        "type": "Point",
        "coordinates": [
          80.229176,
          13.054102
        ]
      },
      "properties": {
        "id": "DN-00337",
        "type": "inlet",
        "elevation_m": 15.56,
        "capacity_m3s": 0.418,
        "grid_row": 135,
        "grid_col": 49
      }
    },
    {
      "type": "Feature",
      "geometry": {
        "type": "Point",
        "coordinates": [
          80.229353,
          13.05411
        ]
      },
      "properties": {
        "id": "DN-00338",
        "type": "junction",
        "elevation_m": 15.56,
        "capacity_m3s": 0.418,
        "grid_row": 135,
        "grid_col": 49
      }
    },
    {
      "type": "Feature",
      "geometry": {
        "type": "Point",
        "coordinates": [
          80.229176,
          13.054102
        ]
      },
      "properties": {
        "id": "DN-00339",
        "type": "inlet",
        "elevation_m": 15.56,
        "capacity_m3s": 1.074,
        "grid_row": 135,
        "grid_col": 49
      }
    },
    {
      "type": "Feature",
      "geometry": {
        "type": "Point",
        "coordinates": [
          80.228896,
          13.054087
        ]
      },
      "properties": {
        "id": "DN-00340",
        "type": "junction",
        "elevation_m": 15.36,
        "capacity_m3s": 1.074,
        "grid_row": 135,
        "grid_col": 47
      }
    },
    {
      "type": "Feature",
      "geometry": {
        "type": "Point",
        "coordinates": [
          80.228896,
          13.054087
        ]
      },
      "properties": {
        "id": "DN-00341",
        "type": "inlet",
        "elevation_m": 15.36,
        "capacity_m3s": 0.907,
        "grid_row": 135,
        "grid_col": 47
      }
    },
    {
      "type": "Feature",
      "geometry": {
        "type": "Point",
        "coordinates": [
          80.228286,
          13.054056
        ]
      },
      "properties": {
        "id": "DN-00342",
        "type": "junction",
        "elevation_m": 15.05,
        "capacity_m3s": 0.907,
        "grid_row": 135,
        "grid_col": 44
      }
    },
    {
      "type": "Feature",
      "geometry": {
        "type": "Point",
        "coordinates": [
          80.228233,
          13.054054
        ]
      },
      "properties": {
        "id": "DN-00343",
        "type": "inlet",
        "elevation_m": 15.05,
        "capacity_m3s": 0.418,
        "grid_row": 135,
        "grid_col": 44
      }
    },
    {
      "type": "Feature",
      "geometry": {
        "type": "Point",
        "coordinates": [
          80.228286,
          13.054056
        ]
      },
      "properties": {
        "id": "DN-00344",
        "type": "junction",
        "elevation_m": 15.05,
        "capacity_m3s": 0.418,
        "grid_row": 135,
        "grid_col": 44
      }
    },
    {
      "type": "Feature",
      "geometry": {
        "type": "Point",
        "coordinates": [
          80.228233,
          13.054054
        ]
      },
      "properties": {
        "id": "DN-00345",
        "type": "inlet",
        "elevation_m": 15.05,
        "capacity_m3s": 0.926,
        "grid_row": 135,
        "grid_col": 44
      }
    },
    {
      "type": "Feature",
      "geometry": {
        "type": "Point",
        "coordinates": [
          80.228028,
          13.054066
        ]
      },
      "properties": {
        "id": "DN-00346",
        "type": "junction",
        "elevation_m": 14.94,
        "capacity_m3s": 0.926,
        "grid_row": 135,
        "grid_col": 43
      }
    },
    {
      "type": "Feature",
      "geometry": {
        "type": "Point",
        "coordinates": [
          80.227554,
          13.052347
        ]
      },
      "properties": {
        "id": "DN-00347",
        "type": "inlet",
        "elevation_m": 15.98,
        "capacity_m3s": 1.058,
        "grid_row": 127,
        "grid_col": 41
      }
    },
    {
      "type": "Feature",
      "geometry": {
        "type": "Point",
        "coordinates": [
          80.227831,
          13.053932
        ]
      },
      "properties": {
        "id": "DN-00348",
        "type": "junction",
        "elevation_m": 14.84,
        "capacity_m3s": 1.058,
        "grid_row": 135,
        "grid_col": 42
      }
    },
    {
      "type": "Feature",
      "geometry": {
        "type": "Point",
        "coordinates": [
          80.227554,
          13.052347
        ]
      },
      "properties": {
        "id": "DN-00349",
        "type": "inlet",
        "elevation_m": 15.98,
        "capacity_m3s": 0.972,
        "grid_row": 127,
        "grid_col": 41
      }
    },
    {
      "type": "Feature",
      "geometry": {
        "type": "Point",
        "coordinates": [
          80.2262,
          13.052486
        ]
      },
      "properties": {
        "id": "DN-00350",
        "type": "junction",
        "elevation_m": 15.19,
        "capacity_m3s": 0.972,
        "grid_row": 127,
        "grid_col": 34
      }
    },
    {
      "type": "Feature",
      "geometry": {
        "type": "Point",
        "coordinates": [
          80.2262,
          13.052486
        ]
      },
      "properties": {
        "id": "DN-00351",
        "type": "inlet",
        "elevation_m": 15.19,
        "capacity_m3s": 0.99,
        "grid_row": 127,
        "grid_col": 34
      }
    },
    {
      "type": "Feature",
      "geometry": {
        "type": "Point",
        "coordinates": [
          80.224912,
          13.052555
        ]
      },
      "properties": {
        "id": "DN-00352",
        "type": "junction",
        "elevation_m": 14.28,
        "capacity_m3s": 0.99,
        "grid_row": 128,
        "grid_col": 28
      }
    },
    {
      "type": "Feature",
      "geometry": {
        "type": "Point",
        "coordinates": [
          80.223954,
          13.052697
        ]
      },
      "properties": {
        "id": "DN-00353",
        "type": "inlet",
        "elevation_m": 14.85,
        "capacity_m3s": 0.972,
        "grid_row": 128,
        "grid_col": 23
      }
    },
    {
      "type": "Feature",
      "geometry": {
        "type": "Point",
        "coordinates": [
          80.224912,
          13.052555
        ]
      },
      "properties": {
        "id": "DN-00354",
        "type": "junction",
        "elevation_m": 14.28,
        "capacity_m3s": 0.972,
        "grid_row": 128,
        "grid_col": 28
      }
    },
    {
      "type": "Feature",
      "geometry": {
        "type": "Point",
        "coordinates": [
          80.223954,
          13.052697
        ]
      },
      "properties": {
        "id": "DN-00355",
        "type": "inlet",
        "elevation_m": 14.85,
        "capacity_m3s": 0.418,
        "grid_row": 128,
        "grid_col": 23
      }
    },
    {
      "type": "Feature",
      "geometry": {
        "type": "Point",
        "coordinates": [
          80.224086,
          13.0533
        ]
      },
      "properties": {
        "id": "DN-00356",
        "type": "junction",
        "elevation_m": 14.84,
        "capacity_m3s": 0.418,
        "grid_row": 131,
        "grid_col": 24
      }
    },
    {
      "type": "Feature",
      "geometry": {
        "type": "Point",
        "coordinates": [
          80.223954,
          13.052697
        ]
      },
      "properties": {
        "id": "DN-00357",
        "type": "inlet",
        "elevation_m": 14.85,
        "capacity_m3s": 0.418,
        "grid_row": 128,
        "grid_col": 23
      }
    },
    {
      "type": "Feature",
      "geometry": {
        "type": "Point",
        "coordinates": [
          80.224086,
          13.0533
        ]
      },
      "properties": {
        "id": "DN-00358",
        "type": "junction",
        "elevation_m": 14.84,
        "capacity_m3s": 0.418,
        "grid_row": 131,
        "grid_col": 24
      }
    },
    {
      "type": "Feature",
      "geometry": {
        "type": "Point",
        "coordinates": [
          80.224086,
          13.0533
        ]
      },
      "properties": {
        "id": "DN-00359",
        "type": "inlet",
        "elevation_m": 14.84,
        "capacity_m3s": 0.418,
        "grid_row": 131,
        "grid_col": 24
      }
    },
    {
      "type": "Feature",
      "geometry": {
        "type": "Point",
        "coordinates": [
          80.225132,
          13.053679
        ]
      },
      "properties": {
        "id": "DN-00360",
        "type": "junction",
        "elevation_m": 14.77,
        "capacity_m3s": 0.418,
        "grid_row": 133,
        "grid_col": 29
      }
    },
    {
      "type": "Feature",
      "geometry": {
        "type": "Point",
        "coordinates": [
          80.224215,
          13.05851
        ]
      },
      "properties": {
        "id": "DN-00361",
        "type": "inlet",
        "elevation_m": 15.81,
        "capacity_m3s": 0.512,
        "grid_row": 157,
        "grid_col": 25
      }
    },
    {
      "type": "Feature",
      "geometry": {
        "type": "Point",
        "coordinates": [
          80.224116,
          13.053464
        ]
      },
      "properties": {
        "id": "DN-00362",
        "type": "junction",
        "elevation_m": 14.95,
        "capacity_m3s": 0.512,
        "grid_row": 132,
        "grid_col": 24
      }
    },
    {
      "type": "Feature",
      "geometry": {
        "type": "Point",
        "coordinates": [
          80.224666,
          13.05863
        ]
      },
      "properties": {
        "id": "DN-00363",
        "type": "junction",
        "elevation_m": 15.74,
        "capacity_m3s": 0.495,
        "grid_row": 158,
        "grid_col": 27
      }
    },
    {
      "type": "Feature",
      "geometry": {
        "type": "Point",
        "coordinates": [
          80.224666,
          13.05863
        ]
      },
      "properties": {
        "id": "DN-00364",
        "type": "inlet",
        "elevation_m": 15.74,
        "capacity_m3s": 0.916,
        "grid_row": 158,
        "grid_col": 27
      }
    },
    {
      "type": "Feature",
      "geometry": {
        "type": "Point",
        "coordinates": [
          80.224854,
          13.059969
        ]
      },
      "properties": {
        "id": "DN-00365",
        "type": "junction",
        "elevation_m": 15.02,
        "capacity_m3s": 0.916,
        "grid_row": 164,
        "grid_col": 28
      }
    },
    {
      "type": "Feature",
      "geometry": {
        "type": "Point",
        "coordinates": [
          80.224854,
          13.059969
        ]
      },
      "properties": {
        "id": "DN-00366",
        "type": "inlet",
        "elevation_m": 15.02,
        "capacity_m3s": 0.418,
        "grid_row": 164,
        "grid_col": 28
      }
    },
    {
      "type": "Feature",
      "geometry": {
        "type": "Point",
        "coordinates": [
          80.224985,
          13.059938
        ]
      },
      "properties": {
        "id": "DN-00367",
        "type": "junction",
        "elevation_m": 15.02,
        "capacity_m3s": 0.418,
        "grid_row": 164,
        "grid_col": 28
      }
    },
    {
      "type": "Feature",
      "geometry": {
        "type": "Point",
        "coordinates": [
          80.224985,
          13.059938
        ]
      },
      "properties": {
        "id": "DN-00368",
        "type": "inlet",
        "elevation_m": 15.02,
        "capacity_m3s": 0.418,
        "grid_row": 164,
        "grid_col": 28
      }
    },
    {
      "type": "Feature",
      "geometry": {
        "type": "Point",
        "coordinates": [
          80.224854,
          13.059969
        ]
      },
      "properties": {
        "id": "DN-00369",
        "type": "junction",
        "elevation_m": 15.02,
        "capacity_m3s": 0.418,
        "grid_row": 164,
        "grid_col": 28
      }
    },
    {
      "type": "Feature",
      "geometry": {
        "type": "Point",
        "coordinates": [
          80.236259,
          13.062276
        ]
      },
      "properties": {
        "id": "DN-00370",
        "type": "junction",
        "elevation_m": 14.7,
        "capacity_m3s": 0.418,
        "grid_row": 176,
        "grid_col": 83
      }
    },
    {
      "type": "Feature",
      "geometry": {
        "type": "Point",
        "coordinates": [
          80.236259,
          13.062276
        ]
      },
      "properties": {
        "id": "DN-00371",
        "type": "inlet",
        "elevation_m": 14.7,
        "capacity_m3s": 0.954,
        "grid_row": 176,
        "grid_col": 83
      }
    },
    {
      "type": "Feature",
      "geometry": {
        "type": "Point",
        "coordinates": [
          80.234412,
          13.065311
        ]
      },
      "properties": {
        "id": "DN-00372",
        "type": "junction",
        "elevation_m": 12.66,
        "capacity_m3s": 0.954,
        "grid_row": 191,
        "grid_col": 74
      }
    },
    {
      "type": "Feature",
      "geometry": {
        "type": "Point",
        "coordinates": [
          80.234412,
          13.065311
        ]
      },
      "properties": {
        "id": "DN-00373",
        "type": "inlet",
        "elevation_m": 12.66,
        "capacity_m3s": 1.399,
        "grid_row": 191,
        "grid_col": 74
      }
    },
    {
      "type": "Feature",
      "geometry": {
        "type": "Point",
        "coordinates": [
          80.231376,
          13.066473
        ]
      },
      "properties": {
        "id": "DN-00374",
        "type": "outfall",
        "elevation_m": 8.65,
        "capacity_m3s": 6.0,
        "grid_row": 197,
        "grid_col": 59
      }
    },
    {
      "type": "Feature",
      "geometry": {
        "type": "Point",
        "coordinates": [
          80.230817,
          13.064496
        ]
      },
      "properties": {
        "id": "DN-00375",
        "type": "inlet",
        "elevation_m": 12.69,
        "capacity_m3s": 1.759,
        "grid_row": 187,
        "grid_col": 56
      }
    },
    {
      "type": "Feature",
      "geometry": {
        "type": "Point",
        "coordinates": [
          80.231376,
          13.066473
        ]
      },
      "properties": {
        "id": "DN-00376",
        "type": "outfall",
        "elevation_m": 8.65,
        "capacity_m3s": 6.0,
        "grid_row": 197,
        "grid_col": 59
      }
    },
    {
      "type": "Feature",
      "geometry": {
        "type": "Point",
        "coordinates": [
          80.226518,
          13.068116
        ]
      },
      "properties": {
        "id": "DN-00377",
        "type": "inlet",
        "elevation_m": 13.47,
        "capacity_m3s": 1.205,
        "grid_row": 205,
        "grid_col": 36
      }
    },
    {
      "type": "Feature",
      "geometry": {
        "type": "Point",
        "coordinates": [
          80.231376,
          13.066473
        ]
      },
      "properties": {
        "id": "DN-00378",
        "type": "outfall",
        "elevation_m": 8.65,
        "capacity_m3s": 6.0,
        "grid_row": 197,
        "grid_col": 59
      }
    },
    {
      "type": "Feature",
      "geometry": {
        "type": "Point",
        "coordinates": [
          80.224235,
          13.063124
        ]
      },
      "properties": {
        "id": "DN-00379",
        "type": "inlet",
        "elevation_m": 15.6,
        "capacity_m3s": 0.748,
        "grid_row": 180,
        "grid_col": 25
      }
    },
    {
      "type": "Feature",
      "geometry": {
        "type": "Point",
        "coordinates": [
          80.226518,
          13.068116
        ]
      },
      "properties": {
        "id": "DN-00380",
        "type": "junction",
        "elevation_m": 13.47,
        "capacity_m3s": 0.748,
        "grid_row": 205,
        "grid_col": 36
      }
    },
    {
      "type": "Feature",
      "geometry": {
        "type": "Point",
        "coordinates": [
          80.224235,
          13.063124
        ]
      },
      "properties": {
        "id": "DN-00381",
        "type": "inlet",
        "elevation_m": 15.6,
        "capacity_m3s": 0.561,
        "grid_row": 180,
        "grid_col": 25
      }
    },
    {
      "type": "Feature",
      "geometry": {
        "type": "Point",
        "coordinates": [
          80.223232,
          13.060336
        ]
      },
      "properties": {
        "id": "DN-00382",
        "type": "junction",
        "elevation_m": 15.0,
        "capacity_m3s": 0.561,
        "grid_row": 166,
        "grid_col": 20
      }
    },
    {
      "type": "Feature",
      "geometry": {
        "type": "Point",
        "coordinates": [
          80.226427,
          13.036416
        ]
      },
      "properties": {
        "id": "DN-00383",
        "type": "inlet",
        "elevation_m": 13.96,
        "capacity_m3s": 0.916,
        "grid_row": 48,
        "grid_col": 35
      }
    },
    {
      "type": "Feature",
      "geometry": {
        "type": "Point",
        "coordinates": [
          80.22629,
          13.035625
        ]
      },
      "properties": {
        "id": "DN-00384",
        "type": "junction",
        "elevation_m": 13.53,
        "capacity_m3s": 0.916,
        "grid_row": 44,
        "grid_col": 35
      }
    },
    {
      "type": "Feature",
      "geometry": {
        "type": "Point",
        "coordinates": [
          80.225525,
          13.035623
        ]
      },
      "properties": {
        "id": "DN-00385",
        "type": "inlet",
        "elevation_m": 14.13,
        "capacity_m3s": 1.114,
        "grid_row": 44,
        "grid_col": 31
      }
    },
    {
      "type": "Feature",
      "geometry": {
        "type": "Point",
        "coordinates": [
          80.22629,
          13.035625
        ]
      },
      "properties": {
        "id": "DN-00386",
        "type": "junction",
        "elevation_m": 13.53,
        "capacity_m3s": 1.114,
        "grid_row": 44,
        "grid_col": 35
      }
    },
    {
      "type": "Feature",
      "geometry": {
        "type": "Point",
        "coordinates": [
          80.225525,
          13.035623
        ]
      },
      "properties": {
        "id": "DN-00387",
        "type": "inlet",
        "elevation_m": 14.13,
        "capacity_m3s": 1.041,
        "grid_row": 44,
        "grid_col": 31
      }
    },
    {
      "type": "Feature",
      "geometry": {
        "type": "Point",
        "coordinates": [
          80.230178,
          13.035094
        ]
      },
      "properties": {
        "id": "DN-00388",
        "type": "outfall",
        "elevation_m": 10.95,
        "capacity_m3s": 6.0,
        "grid_row": 41,
        "grid_col": 53
      }
    },
    {
      "type": "Feature",
      "geometry": {
        "type": "Point",
        "coordinates": [
          80.230261,
          13.03532
        ]
      },
      "properties": {
        "id": "DN-00389",
        "type": "inlet",
        "elevation_m": 11.38,
        "capacity_m3s": 1.609,
        "grid_row": 42,
        "grid_col": 54
      }
    },
    {
      "type": "Feature",
      "geometry": {
        "type": "Point",
        "coordinates": [
          80.230178,
          13.035094
        ]
      },
      "properties": {
        "id": "DN-00390",
        "type": "outfall",
        "elevation_m": 10.95,
        "capacity_m3s": 6.0,
        "grid_row": 41,
        "grid_col": 53
      }
    },
    {
      "type": "Feature",
      "geometry": {
        "type": "Point",
        "coordinates": [
          80.231318,
          13.038656
        ]
      },
      "properties": {
        "id": "DN-00391",
        "type": "inlet",
        "elevation_m": 15.1,
        "capacity_m3s": 1.289,
        "grid_row": 59,
        "grid_col": 59
      }
    },
    {
      "type": "Feature",
      "geometry": {
        "type": "Point",
        "coordinates": [
          80.232495,
          13.044748
        ]
      },
      "properties": {
        "id": "DN-00392",
        "type": "junction",
        "elevation_m": 13.28,
        "capacity_m3s": 0.674,
        "grid_row": 89,
        "grid_col": 65
      }
    },
    {
      "type": "Feature",
      "geometry": {
        "type": "Point",
        "coordinates": [
          80.232495,
          13.044748
        ]
      },
      "properties": {
        "id": "DN-00393",
        "type": "inlet",
        "elevation_m": 13.28,
        "capacity_m3s": 1.066,
        "grid_row": 89,
        "grid_col": 65
      }
    },
    {
      "type": "Feature",
      "geometry": {
        "type": "Point",
        "coordinates": [
          80.232623,
          13.045432
        ]
      },
      "properties": {
        "id": "DN-00394",
        "type": "junction",
        "elevation_m": 12.78,
        "capacity_m3s": 1.066,
        "grid_row": 92,
        "grid_col": 65
      }
    },
    {
      "type": "Feature",
      "geometry": {
        "type": "Point",
        "coordinates": [
          80.232495,
          13.044748
        ]
      },
      "properties": {
        "id": "DN-00395",
        "type": "inlet",
        "elevation_m": 13.28,
        "capacity_m3s": 1.066,
        "grid_row": 89,
        "grid_col": 65
      }
    },
    {
      "type": "Feature",
      "geometry": {
        "type": "Point",
        "coordinates": [
          80.232623,
          13.045432
        ]
      },
      "properties": {
        "id": "DN-00396",
        "type": "junction",
        "elevation_m": 12.78,
        "capacity_m3s": 1.066,
        "grid_row": 92,
        "grid_col": 65
      }
    },
    {
      "type": "Feature",
      "geometry": {
        "type": "Point",
        "coordinates": [
          80.232659,
          13.045636
        ]
      },
      "properties": {
        "id": "DN-00397",
        "type": "inlet",
        "elevation_m": 12.94,
        "capacity_m3s": 1.106,
        "grid_row": 93,
        "grid_col": 65
      }
    },
    {
      "type": "Feature",
      "geometry": {
        "type": "Point",
        "coordinates": [
          80.232623,
          13.045432
        ]
      },
      "properties": {
        "id": "DN-00398",
        "type": "junction",
        "elevation_m": 12.78,
        "capacity_m3s": 1.106,
        "grid_row": 92,
        "grid_col": 65
      }
    },
    {
      "type": "Feature",
      "geometry": {
        "type": "Point",
        "coordinates": [
          80.232664,
          13.045662
        ]
      },
      "properties": {
        "id": "DN-00399",
        "type": "inlet",
        "elevation_m": 13.09,
        "capacity_m3s": 2.29,
        "grid_row": 94,
        "grid_col": 65
      }
    },
    {
      "type": "Feature",
      "geometry": {
        "type": "Point",
        "coordinates": [
          80.232659,
          13.045636
        ]
      },
      "properties": {
        "id": "DN-00400",
        "type": "junction",
        "elevation_m": 12.94,
        "capacity_m3s": 2.29,
        "grid_row": 93,
        "grid_col": 65
      }
    },
    {
      "type": "Feature",
      "geometry": {
        "type": "Point",
        "coordinates": [
          80.232728,
          13.046012
        ]
      },
      "properties": {
        "id": "DN-00401",
        "type": "inlet",
        "elevation_m": 13.41,
        "capacity_m3s": 1.19,
        "grid_row": 95,
        "grid_col": 66
      }
    },
    {
      "type": "Feature",
      "geometry": {
        "type": "Point",
        "coordinates": [
          80.232664,
          13.045662
        ]
      },
      "properties": {
        "id": "DN-00402",
        "type": "junction",
        "elevation_m": 13.09,
        "capacity_m3s": 1.19,
        "grid_row": 94,
        "grid_col": 65
      }
    },
    {
      "type": "Feature",
      "geometry": {
        "type": "Point",
        "coordinates": [
          80.232834,
          13.046595
        ]
      },
      "properties": {
        "id": "DN-00403",
        "type": "inlet",
        "elevation_m": 13.9,
        "capacity_m3s": 1.138,
        "grid_row": 98,
        "grid_col": 66
      }
    },
    {
      "type": "Feature",
      "geometry": {
        "type": "Point",
        "coordinates": [
          80.232728,
          13.046012
        ]
      },
      "properties": {
        "id": "DN-00404",
        "type": "junction",
        "elevation_m": 13.41,
        "capacity_m3s": 1.138,
        "grid_row": 95,
        "grid_col": 66
      }
    },
    {
      "type": "Feature",
      "geometry": {
        "type": "Point",
        "coordinates": [
          80.233157,
          13.047455
        ]
      },
      "properties": {
        "id": "DN-00405",
        "type": "junction",
        "elevation_m": 14.31,
        "capacity_m3s": 2.413,
        "grid_row": 102,
        "grid_col": 68
      }
    },
    {
      "type": "Feature",
      "geometry": {
        "type": "Point",
        "coordinates": [
          80.233157,
          13.047455
        ]
      },
      "properties": {
        "id": "DN-00406",
        "type": "junction",
        "elevation_m": 14.31,
        "capacity_m3s": 0.418,
        "grid_row": 102,
        "grid_col": 68
      }
    },
    {
      "type": "Feature",
      "geometry": {
        "type": "Point",
        "coordinates": [
          80.236921,
          13.046825
        ]
      },
      "properties": {
        "id": "DN-00407",
        "type": "inlet",
        "elevation_m": 12.93,
        "capacity_m3s": 1.342,
        "grid_row": 99,
        "grid_col": 86
      }
    },
    {
      "type": "Feature",
      "geometry": {
        "type": "Point",
        "coordinates": [
          80.237715,
          13.046655
        ]
      },
      "properties": {
        "id": "DN-00408",
        "type": "inlet",
        "elevation_m": 14.05,
        "capacity_m3s": 1.49,
        "grid_row": 98,
        "grid_col": 90
      }
    },
    {
      "type": "Feature",
      "geometry": {
        "type": "Point",
        "coordinates": [
          80.236921,
          13.046825
        ]
      },
      "properties": {
        "id": "DN-00409",
        "type": "junction",
        "elevation_m": 12.93,
        "capacity_m3s": 1.49,
        "grid_row": 99,
        "grid_col": 86
      }
    },
    {
      "type": "Feature",
      "geometry": {
        "type": "Point",
        "coordinates": [
          80.238231,
          13.046545
        ]
      },
      "properties": {
        "id": "DN-00410",
        "type": "inlet",
        "elevation_m": 14.65,
        "capacity_m3s": 1.355,
        "grid_row": 98,
        "grid_col": 92
      }
    },
    {
      "type": "Feature",
      "geometry": {
        "type": "Point",
        "coordinates": [
          80.237715,
          13.046655
        ]
      },
      "properties": {
        "id": "DN-00411",
        "type": "junction",
        "elevation_m": 14.05,
        "capacity_m3s": 1.355,
        "grid_row": 98,
        "grid_col": 90
      }
    },
    {
      "type": "Feature",
      "geometry": {
        "type": "Point",
        "coordinates": [
          80.238251,
          13.04654
        ]
      },
      "properties": {
        "id": "DN-00412",
        "type": "inlet",
        "elevation_m": 14.65,
        "capacity_m3s": 0.418,
        "grid_row": 98,
        "grid_col": 92
      }
    },
    {
      "type": "Feature",
      "geometry": {
        "type": "Point",
        "coordinates": [
          80.238231,
          13.046545
        ]
      },
      "properties": {
        "id": "DN-00413",
        "type": "junction",
        "elevation_m": 14.65,
        "capacity_m3s": 0.418,
        "grid_row": 98,
        "grid_col": 92
      }
    },
    {
      "type": "Feature",
      "geometry": {
        "type": "Point",
        "coordinates": [
          80.238251,
          13.04654
        ]
      },
      "properties": {
        "id": "DN-00414",
        "type": "inlet",
        "elevation_m": 14.65,
        "capacity_m3s": 0.418,
        "grid_row": 98,
        "grid_col": 92
      }
    },
    {
      "type": "Feature",
      "geometry": {
        "type": "Point",
        "coordinates": [
          80.238973,
          13.046396
        ]
      },
      "properties": {
        "id": "DN-00415",
        "type": "junction",
        "elevation_m": 14.57,
        "capacity_m3s": 0.418,
        "grid_row": 97,
        "grid_col": 96
      }
    },
    {
      "type": "Feature",
      "geometry": {
        "type": "Point",
        "coordinates": [
          80.238973,
          13.046396
        ]
      },
      "properties": {
        "id": "DN-00416",
        "type": "inlet",
        "elevation_m": 14.57,
        "capacity_m3s": 1.153,
        "grid_row": 97,
        "grid_col": 96
      }
    },
    {
      "type": "Feature",
      "geometry": {
        "type": "Point",
        "coordinates": [
          80.239151,
          13.046357
        ]
      },
      "properties": {
        "id": "DN-00417",
        "type": "junction",
        "elevation_m": 14.42,
        "capacity_m3s": 1.153,
        "grid_row": 97,
        "grid_col": 97
      }
    },
    {
      "type": "Feature",
      "geometry": {
        "type": "Point",
        "coordinates": [
          80.242654,
          13.05997
        ]
      },
      "properties": {
        "id": "DN-00418",
        "type": "inlet",
        "elevation_m": 12.73,
        "capacity_m3s": 0.418,
        "grid_row": 164,
        "grid_col": 114
      }
    },
    {
      "type": "Feature",
      "geometry": {
        "type": "Point",
        "coordinates": [
          80.243497,
          13.063817
        ]
      },
      "properties": {
        "id": "DN-00419",
        "type": "junction",
        "elevation_m": 12.48,
        "capacity_m3s": 0.418,
        "grid_row": 184,
        "grid_col": 118
      }
    },
    {
      "type": "Feature",
      "geometry": {
        "type": "Point",
        "coordinates": [
          80.243497,
          13.063817
        ]
      },
      "properties": {
        "id": "DN-00420",
        "type": "inlet",
        "elevation_m": 12.48,
        "capacity_m3s": 1.268,
        "grid_row": 184,
        "grid_col": 118
      }
    },
    {
      "type": "Feature",
      "geometry": {
        "type": "Point",
        "coordinates": [
          80.24352,
          13.064119
        ]
      },
      "properties": {
        "id": "DN-00421",
        "type": "junction",
        "elevation_m": 12.17,
        "capacity_m3s": 1.268,
        "grid_row": 185,
        "grid_col": 118
      }
    },
    {
      "type": "Feature",
      "geometry": {
        "type": "Point",
        "coordinates": [
          80.243535,
          13.064511
        ]
      },
      "properties": {
        "id": "DN-00422",
        "type": "junction",
        "elevation_m": 11.55,
        "capacity_m3s": 1.576,
        "grid_row": 187,
        "grid_col": 118
      }
    },
    {
      "type": "Feature",
      "geometry": {
        "type": "Point",
        "coordinates": [
          80.243535,
          13.064511
        ]
      },
      "properties": {
        "id": "DN-00423",
        "type": "inlet",
        "elevation_m": 11.55,
        "capacity_m3s": 1.361,
        "grid_row": 187,
        "grid_col": 118
      }
    },
    {
      "type": "Feature",
      "geometry": {
        "type": "Point",
        "coordinates": [
          80.243527,
          13.064774
        ]
      },
      "properties": {
        "id": "DN-00424",
        "type": "junction",
        "elevation_m": 11.24,
        "capacity_m3s": 1.361,
        "grid_row": 188,
        "grid_col": 118
      }
    },
    {
      "type": "Feature",
      "geometry": {
        "type": "Point",
        "coordinates": [
          80.243527,
          13.064774
        ]
      },
      "properties": {
        "id": "DN-00425",
        "type": "inlet",
        "elevation_m": 11.24,
        "capacity_m3s": 2.417,
        "grid_row": 188,
        "grid_col": 118
      }
    },
    {
      "type": "Feature",
      "geometry": {
        "type": "Point",
        "coordinates": [
          80.243529,
          13.06486
        ]
      },
      "properties": {
        "id": "DN-00426",
        "type": "outfall",
        "elevation_m": 10.92,
        "capacity_m3s": 6.0,
        "grid_row": 189,
        "grid_col": 118
      }
    },
    {
      "type": "Feature",
      "geometry": {
        "type": "Point",
        "coordinates": [
          80.243529,
          13.06486
        ]
      },
      "properties": {
        "id": "DN-00427",
        "type": "outfall",
        "elevation_m": 10.92,
        "capacity_m3s": 6.0,
        "grid_row": 189,
        "grid_col": 118
      }
    },
    {
      "type": "Feature",
      "geometry": {
        "type": "Point",
        "coordinates": [
          80.243533,
          13.065136
        ]
      },
      "properties": {
        "id": "DN-00428",
        "type": "outfall",
        "elevation_m": 10.61,
        "capacity_m3s": 6.0,
        "grid_row": 190,
        "grid_col": 118
      }
    },
    {
      "type": "Feature",
      "geometry": {
        "type": "Point",
        "coordinates": [
          80.243533,
          13.065136
        ]
      },
      "properties": {
        "id": "DN-00429",
        "type": "outfall",
        "elevation_m": 10.61,
        "capacity_m3s": 6.0,
        "grid_row": 190,
        "grid_col": 118
      }
    },
    {
      "type": "Feature",
      "geometry": {
        "type": "Point",
        "coordinates": [
          80.243536,
          13.065275
        ]
      },
      "properties": {
        "id": "DN-00430",
        "type": "outfall",
        "elevation_m": 10.3,
        "capacity_m3s": 6.0,
        "grid_row": 191,
        "grid_col": 118
      }
    },
    {
      "type": "Feature",
      "geometry": {
        "type": "Point",
        "coordinates": [
          80.243536,
          13.065275
        ]
      },
      "properties": {
        "id": "DN-00431",
        "type": "outfall",
        "elevation_m": 10.3,
        "capacity_m3s": 6.0,
        "grid_row": 191,
        "grid_col": 118
      }
    },
    {
      "type": "Feature",
      "geometry": {
        "type": "Point",
        "coordinates": [
          80.243544,
          13.065757
        ]
      },
      "properties": {
        "id": "DN-00432",
        "type": "outfall",
        "elevation_m": 9.68,
        "capacity_m3s": 6.0,
        "grid_row": 193,
        "grid_col": 118
      }
    },
    {
      "type": "Feature",
      "geometry": {
        "type": "Point",
        "coordinates": [
          80.243482,
          13.065918
        ]
      },
      "properties": {
        "id": "DN-00433",
        "type": "outfall",
        "elevation_m": 9.75,
        "capacity_m3s": 6.0,
        "grid_row": 194,
        "grid_col": 117
      }
    },
    {
      "type": "Feature",
      "geometry": {
        "type": "Point",
        "coordinates": [
          80.243544,
          13.065757
        ]
      },
      "properties": {
        "id": "DN-00434",
        "type": "outfall",
        "elevation_m": 9.68,
        "capacity_m3s": 6.0,
        "grid_row": 193,
        "grid_col": 118
      }
    },
    {
      "type": "Feature",
      "geometry": {
        "type": "Point",
        "coordinates": [
          80.243482,
          13.065918
        ]
      },
      "properties": {
        "id": "DN-00435",
        "type": "outfall",
        "elevation_m": 9.75,
        "capacity_m3s": 6.0,
        "grid_row": 194,
        "grid_col": 117
      }
    },
    {
      "type": "Feature",
      "geometry": {
        "type": "Point",
        "coordinates": [
          80.243483,
          13.066001
        ]
      },
      "properties": {
        "id": "DN-00436",
        "type": "outfall",
        "elevation_m": 9.36,
        "capacity_m3s": 6.0,
        "grid_row": 194,
        "grid_col": 118
      }
    },
    {
      "type": "Feature",
      "geometry": {
        "type": "Point",
        "coordinates": [
          80.243442,
          13.066159
        ]
      },
      "properties": {
        "id": "DN-00437",
        "type": "outfall",
        "elevation_m": 9.44,
        "capacity_m3s": 6.0,
        "grid_row": 195,
        "grid_col": 117
      }
    },
    {
      "type": "Feature",
      "geometry": {
        "type": "Point",
        "coordinates": [
          80.243483,
          13.066001
        ]
      },
      "properties": {
        "id": "DN-00438",
        "type": "outfall",
        "elevation_m": 9.36,
        "capacity_m3s": 6.0,
        "grid_row": 194,
        "grid_col": 118
      }
    },
    {
      "type": "Feature",
      "geometry": {
        "type": "Point",
        "coordinates": [
          80.243211,
          13.065772
        ]
      },
      "properties": {
        "id": "DN-00439",
        "type": "outfall",
        "elevation_m": 10.43,
        "capacity_m3s": 6.0,
        "grid_row": 193,
        "grid_col": 116
      }
    },
    {
      "type": "Feature",
      "geometry": {
        "type": "Point",
        "coordinates": [
          80.243442,
          13.066159
        ]
      },
      "properties": {
        "id": "DN-00440",
        "type": "outfall",
        "elevation_m": 9.44,
        "capacity_m3s": 6.0,
        "grid_row": 195,
        "grid_col": 117
      }
    },
    {
      "type": "Feature",
      "geometry": {
        "type": "Point",
        "coordinates": [
          80.243442,
          13.066159
        ]
      },
      "properties": {
        "id": "DN-00441",
        "type": "outfall",
        "elevation_m": 9.44,
        "capacity_m3s": 6.0,
        "grid_row": 195,
        "grid_col": 117
      }
    },
    {
      "type": "Feature",
      "geometry": {
        "type": "Point",
        "coordinates": [
          80.243615,
          13.066223
        ]
      },
      "properties": {
        "id": "DN-00442",
        "type": "outfall",
        "elevation_m": 9.05,
        "capacity_m3s": 6.0,
        "grid_row": 195,
        "grid_col": 118
      }
    },
    {
      "type": "Feature",
      "geometry": {
        "type": "Point",
        "coordinates": [
          80.243615,
          13.066223
        ]
      },
      "properties": {
        "id": "DN-00443",
        "type": "outfall",
        "elevation_m": 9.05,
        "capacity_m3s": 6.0,
        "grid_row": 195,
        "grid_col": 118
      }
    },
    {
      "type": "Feature",
      "geometry": {
        "type": "Point",
        "coordinates": [
          80.244047,
          13.06612
        ]
      },
      "properties": {
        "id": "DN-00444",
        "type": "outfall",
        "elevation_m": 8.45,
        "capacity_m3s": 6.0,
        "grid_row": 195,
        "grid_col": 120
      }
    },
    {
      "type": "Feature",
      "geometry": {
        "type": "Point",
        "coordinates": [
          80.247747,
          13.067925
        ]
      },
      "properties": {
        "id": "DN-00445",
        "type": "inlet",
        "elevation_m": 12.09,
        "capacity_m3s": 1.13,
        "grid_row": 204,
        "grid_col": 138
      }
    },
    {
      "type": "Feature",
      "geometry": {
        "type": "Point",
        "coordinates": [
          80.244047,
          13.06612
        ]
      },
      "properties": {
        "id": "DN-00446",
        "type": "outfall",
        "elevation_m": 8.45,
        "capacity_m3s": 6.0,
        "grid_row": 195,
        "grid_col": 120
      }
    },
    {
      "type": "Feature",
      "geometry": {
        "type": "Point",
        "coordinates": [
          80.247913,
          13.067766
        ]
      },
      "properties": {
        "id": "DN-00447",
        "type": "inlet",
        "elevation_m": 12.31,
        "capacity_m3s": 1.233,
        "grid_row": 203,
        "grid_col": 139
      }
    },
    {
      "type": "Feature",
      "geometry": {
        "type": "Point",
        "coordinates": [
          80.247747,
          13.067925
        ]
      },
      "properties": {
        "id": "DN-00448",
        "type": "junction",
        "elevation_m": 12.09,
        "capacity_m3s": 1.233,
        "grid_row": 204,
        "grid_col": 138
      }
    },
    {
      "type": "Feature",
      "geometry": {
        "type": "Point",
        "coordinates": [
          80.247967,
          13.067652
        ]
      },
      "properties": {
        "id": "DN-00449",
        "type": "inlet",
        "elevation_m": 12.31,
        "capacity_m3s": 0.418,
        "grid_row": 203,
        "grid_col": 139
      }
    },
    {
      "type": "Feature",
      "geometry": {
        "type": "Point",
        "coordinates": [
          80.247913,
          13.067766
        ]
      },
      "properties": {
        "id": "DN-00450",
        "type": "junction",
        "elevation_m": 12.31,
        "capacity_m3s": 0.418,
        "grid_row": 203,
        "grid_col": 139
      }
    },
    {
      "type": "Feature",
      "geometry": {
        "type": "Point",
        "coordinates": [
          80.247939,
          13.067409
        ]
      },
      "properties": {
        "id": "DN-00451",
        "type": "inlet",
        "elevation_m": 12.62,
        "capacity_m3s": 1.412,
        "grid_row": 201,
        "grid_col": 139
      }
    },
    {
      "type": "Feature",
      "geometry": {
        "type": "Point",
        "coordinates": [
          80.247924,
          13.067256
        ]
      },
      "properties": {
        "id": "DN-00452",
        "type": "inlet",
        "elevation_m": 12.62,
        "capacity_m3s": 0.418,
        "grid_row": 201,
        "grid_col": 139
      }
    },
    {
      "type": "Feature",
      "geometry": {
        "type": "Point",
        "coordinates": [
          80.247914,
          13.067154
        ]
      },
      "properties": {
        "id": "DN-00453",
        "type": "inlet",
        "elevation_m": 12.85,
        "capacity_m3s": 1.879,
        "grid_row": 200,
        "grid_col": 139
      }
    },
    {
      "type": "Feature",
      "geometry": {
        "type": "Point",
        "coordinates": [
          80.247924,
          13.067256
        ]
      },
      "properties": {
        "id": "DN-00454",
        "type": "junction",
        "elevation_m": 12.62,
        "capacity_m3s": 1.879,
        "grid_row": 201,
        "grid_col": 139
      }
    },
    {
      "type": "Feature",
      "geometry": {
        "type": "Point",
        "coordinates": [
          80.24791,
          13.06712
        ]
      },
      "properties": {
        "id": "DN-00455",
        "type": "inlet",
        "elevation_m": 12.85,
        "capacity_m3s": 0.418,
        "grid_row": 200,
        "grid_col": 139
      }
    },
    {
      "type": "Feature",
      "geometry": {
        "type": "Point",
        "coordinates": [
          80.247914,
          13.067154
        ]
      },
      "properties": {
        "id": "DN-00456",
        "type": "junction",
        "elevation_m": 12.85,
        "capacity_m3s": 0.418,
        "grid_row": 200,
        "grid_col": 139
      }
    },
    {
      "type": "Feature",
      "geometry": {
        "type": "Point",
        "coordinates": [
          80.247892,
          13.066954
        ]
      },
      "properties": {
        "id": "DN-00457",
        "type": "inlet",
        "elevation_m": 13.08,
        "capacity_m3s": 1.473,
        "grid_row": 199,
        "grid_col": 139
      }
    },
    {
      "type": "Feature",
      "geometry": {
        "type": "Point",
        "coordinates": [
          80.24791,
          13.06712
        ]
      },
      "properties": {
        "id": "DN-00458",
        "type": "junction",
        "elevation_m": 12.85,
        "capacity_m3s": 1.473,
        "grid_row": 200,
        "grid_col": 139
      }
    },
    {
      "type": "Feature",
      "geometry": {
        "type": "Point",
        "coordinates": [
          80.247881,
          13.066668
        ]
      },
      "properties": {
        "id": "DN-00459",
        "type": "inlet",
        "elevation_m": 13.31,
        "capacity_m3s": 1.122,
        "grid_row": 198,
        "grid_col": 139
      }
    },
    {
      "type": "Feature",
      "geometry": {
        "type": "Point",
        "coordinates": [
          80.247892,
          13.066954
        ]
      },
      "properties": {
        "id": "DN-00460",
        "type": "junction",
        "elevation_m": 13.08,
        "capacity_m3s": 1.122,
        "grid_row": 199,
        "grid_col": 139
      }
    },
    {
      "type": "Feature",
      "geometry": {
        "type": "Point",
        "coordinates": [
          80.247869,
          13.066341
        ]
      },
      "properties": {
        "id": "DN-00461",
        "type": "inlet",
        "elevation_m": 13.77,
        "capacity_m3s": 1.484,
        "grid_row": 196,
        "grid_col": 139
      }
    },
    {
      "type": "Feature",
      "geometry": {
        "type": "Point",
        "coordinates": [
          80.247881,
          13.066668
        ]
      },
      "properties": {
        "id": "DN-00462",
        "type": "junction",
        "elevation_m": 13.31,
        "capacity_m3s": 1.484,
        "grid_row": 198,
        "grid_col": 139
      }
    },
    {
      "type": "Feature",
      "geometry": {
        "type": "Point",
        "coordinates": [
          80.247846,
          13.065976
        ]
      },
      "properties": {
        "id": "DN-00463",
        "type": "inlet",
        "elevation_m": 14.22,
        "capacity_m3s": 1.393,
        "grid_row": 194,
        "grid_col": 139
      }
    },
    {
      "type": "Feature",
      "geometry": {
        "type": "Point",
        "coordinates": [
          80.247869,
          13.066341
        ]
      },
      "properties": {
        "id": "DN-00464",
        "type": "junction",
        "elevation_m": 13.77,
        "capacity_m3s": 1.393,
        "grid_row": 196,
        "grid_col": 139
      }
    },
    {
      "type": "Feature",
      "geometry": {
        "type": "Point",
        "coordinates": [
          80.247826,
          13.065707
        ]
      },
      "properties": {
        "id": "DN-00465",
        "type": "inlet",
        "elevation_m": 14.38,
        "capacity_m3s": 0.963,
        "grid_row": 193,
        "grid_col": 138
      }
    },
    {
      "type": "Feature",
      "geometry": {
        "type": "Point",
        "coordinates": [
          80.247846,
          13.065976
        ]
      },
      "properties": {
        "id": "DN-00466",
        "type": "junction",
        "elevation_m": 14.22,
        "capacity_m3s": 0.963,
        "grid_row": 194,
        "grid_col": 139
      }
    },
    {
      "type": "Feature",
      "geometry": {
        "type": "Point",
        "coordinates": [
          80.247824,
          13.065678
        ]
      },
      "properties": {
        "id": "DN-00467",
        "type": "inlet",
        "elevation_m": 14.38,
        "capacity_m3s": 0.418,
        "grid_row": 193,
        "grid_col": 138
      }
    },
    {
      "type": "Feature",
      "geometry": {
        "type": "Point",
        "coordinates": [
          80.247826,
          13.065707
        ]
      },
      "properties": {
        "id": "DN-00468",
        "type": "junction",
        "elevation_m": 14.38,
        "capacity_m3s": 0.418,
        "grid_row": 193,
        "grid_col": 138
      }
    },
    {
      "type": "Feature",
      "geometry": {
        "type": "Point",
        "coordinates": [
          80.247823,
          13.065658
        ]
      },
      "properties": {
        "id": "DN-00469",
        "type": "inlet",
        "elevation_m": 14.38,
        "capacity_m3s": 0.418,
        "grid_row": 193,
        "grid_col": 138
      }
    },
    {
      "type": "Feature",
      "geometry": {
        "type": "Point",
        "coordinates": [
          80.247824,
          13.065678
        ]
      },
      "properties": {
        "id": "DN-00470",
        "type": "junction",
        "elevation_m": 14.38,
        "capacity_m3s": 0.418,
        "grid_row": 193,
        "grid_col": 138
      }
    },
    {
      "type": "Feature",
      "geometry": {
        "type": "Point",
        "coordinates": [
          80.247821,
          13.065628
        ]
      },
      "properties": {
        "id": "DN-00471",
        "type": "inlet",
        "elevation_m": 14.38,
        "capacity_m3s": 0.418,
        "grid_row": 193,
        "grid_col": 138
      }
    },
    {
      "type": "Feature",
      "geometry": {
        "type": "Point",
        "coordinates": [
          80.247823,
          13.065658
        ]
      },
      "properties": {
        "id": "DN-00472",
        "type": "junction",
        "elevation_m": 14.38,
        "capacity_m3s": 0.418,
        "grid_row": 193,
        "grid_col": 138
      }
    },
    {
      "type": "Feature",
      "geometry": {
        "type": "Point",
        "coordinates": [
          80.247821,
          13.065628
        ]
      },
      "properties": {
        "id": "DN-00473",
        "type": "inlet",
        "elevation_m": 14.38,
        "capacity_m3s": 0.661,
        "grid_row": 193,
        "grid_col": 138
      }
    },
    {
      "type": "Feature",
      "geometry": {
        "type": "Point",
        "coordinates": [
          80.247051,
          13.061246
        ]
      },
      "properties": {
        "id": "DN-00474",
        "type": "junction",
        "elevation_m": 13.07,
        "capacity_m3s": 0.661,
        "grid_row": 171,
        "grid_col": 135
      }
    },
    {
      "type": "Feature",
      "geometry": {
        "type": "Point",
        "coordinates": [
          80.247803,
          13.065361
        ]
      },
      "properties": {
        "id": "DN-00475",
        "type": "inlet",
        "elevation_m": 13.67,
        "capacity_m3s": 0.418,
        "grid_row": 191,
        "grid_col": 138
      }
    },
    {
      "type": "Feature",
      "geometry": {
        "type": "Point",
        "coordinates": [
          80.247803,
          13.065361
        ]
      },
      "properties": {
        "id": "DN-00476",
        "type": "junction",
        "elevation_m": 13.67,
        "capacity_m3s": 0.418,
        "grid_row": 191,
        "grid_col": 138
      }
    },
    {
      "type": "Feature",
      "geometry": {
        "type": "Point",
        "coordinates": [
          80.226315,
          13.065532
        ]
      },
      "properties": {
        "id": "DN-00477",
        "type": "inlet",
        "elevation_m": 13.87,
        "capacity_m3s": 0.648,
        "grid_row": 192,
        "grid_col": 35
      }
    },
    {
      "type": "Feature",
      "geometry": {
        "type": "Point",
        "coordinates": [
          80.230817,
          13.064496
        ]
      },
      "properties": {
        "id": "DN-00478",
        "type": "junction",
        "elevation_m": 12.69,
        "capacity_m3s": 0.648,
        "grid_row": 187,
        "grid_col": 56
      }
    },
    {
      "type": "Feature",
      "geometry": {
        "type": "Point",
        "coordinates": [
          80.230817,
          13.064496
        ]
      },
      "properties": {
        "id": "DN-00479",
        "type": "inlet",
        "elevation_m": 12.69,
        "capacity_m3s": 1.759,
        "grid_row": 187,
        "grid_col": 56
      }
    },
    {
      "type": "Feature",
      "geometry": {
        "type": "Point",
        "coordinates": [
          80.231376,
          13.066473
        ]
      },
      "properties": {
        "id": "DN-00480",
        "type": "outfall",
        "elevation_m": 8.65,
        "capacity_m3s": 6.0,
        "grid_row": 197,
        "grid_col": 59
      }
    },
    {
      "type": "Feature",
      "geometry": {
        "type": "Point",
        "coordinates": [
          80.230244,
          13.060954
        ]
      },
      "properties": {
        "id": "DN-00481",
        "type": "inlet",
        "elevation_m": 13.18,
        "capacity_m3s": 0.418,
        "grid_row": 169,
        "grid_col": 54
      }
    },
    {
      "type": "Feature",
      "geometry": {
        "type": "Point",
        "coordinates": [
          80.22887,
          13.054166
        ]
      },
      "properties": {
        "id": "DN-00482",
        "type": "inlet",
        "elevation_m": 15.26,
        "capacity_m3s": 0.687,
        "grid_row": 136,
        "grid_col": 47
      }
    },
    {
      "type": "Feature",
      "geometry": {
        "type": "Point",
        "coordinates": [
          80.22887,
          13.054166
        ]
      },
      "properties": {
        "id": "DN-00483",
        "type": "inlet",
        "elevation_m": 15.26,
        "capacity_m3s": 0.771,
        "grid_row": 136,
        "grid_col": 47
      }
    },
    {
      "type": "Feature",
      "geometry": {
        "type": "Point",
        "coordinates": [
          80.229996,
          13.054201
        ]
      },
      "properties": {
        "id": "DN-00484",
        "type": "inlet",
        "elevation_m": 15.97,
        "capacity_m3s": 1.082,
        "grid_row": 136,
        "grid_col": 53
      }
    },
    {
      "type": "Feature",
      "geometry": {
        "type": "Point",
        "coordinates": [
          80.229502,
          13.054192
        ]
      },
      "properties": {
        "id": "DN-00485",
        "type": "junction",
        "elevation_m": 15.61,
        "capacity_m3s": 1.082,
        "grid_row": 136,
        "grid_col": 50
      }
    },
    {
      "type": "Feature",
      "geometry": {
        "type": "Point",
        "coordinates": [
          80.229996,
          13.054201
        ]
      },
      "properties": {
        "id": "DN-00486",
        "type": "inlet",
        "elevation_m": 15.97,
        "capacity_m3s": 0.477,
        "grid_row": 136,
        "grid_col": 53
      }
    },
    {
      "type": "Feature",
      "geometry": {
        "type": "Point",
        "coordinates": [
          80.230712,
          13.054178
        ]
      },
      "properties": {
        "id": "DN-00487",
        "type": "junction",
        "elevation_m": 15.87,
        "capacity_m3s": 0.477,
        "grid_row": 136,
        "grid_col": 56
      }
    },
    {
      "type": "Feature",
      "geometry": {
        "type": "Point",
        "coordinates": [
          80.230712,
          13.054178
        ]
      },
      "properties": {
        "id": "DN-00488",
        "type": "inlet",
        "elevation_m": 15.87,
        "capacity_m3s": 0.815,
        "grid_row": 136,
        "grid_col": 56
      }
    },
    {
      "type": "Feature",
      "geometry": {
        "type": "Point",
        "coordinates": [
          80.230121,
          13.050851
        ]
      },
      "properties": {
        "id": "DN-00489",
        "type": "junction",
        "elevation_m": 14.45,
        "capacity_m3s": 0.815,
        "grid_row": 119,
        "grid_col": 53
      }
    },
    {
      "type": "Feature",
      "geometry": {
        "type": "Point",
        "coordinates": [
          80.230121,
          13.050851
        ]
      },
      "properties": {
        "id": "DN-00490",
        "type": "junction",
        "elevation_m": 14.45,
        "capacity_m3s": 0.418,
        "grid_row": 119,
        "grid_col": 53
      }
    },
    {
      "type": "Feature",
      "geometry": {
        "type": "Point",
        "coordinates": [
          80.239519,
          13.046236
        ]
      },
      "properties": {
        "id": "DN-00491",
        "type": "inlet",
        "elevation_m": 14.27,
        "capacity_m3s": 2.29,
        "grid_row": 96,
        "grid_col": 98
      }
    },
    {
      "type": "Feature",
      "geometry": {
        "type": "Point",
        "coordinates": [
          80.239546,
          13.046216
        ]
      },
      "properties": {
        "id": "DN-00492",
        "type": "junction",
        "elevation_m": 14.12,
        "capacity_m3s": 2.29,
        "grid_row": 96,
        "grid_col": 99
      }
    },
    {
      "type": "Feature",
      "geometry": {
        "type": "Point",
        "coordinates": [
          80.239546,
          13.046216
        ]
      },
      "properties": {
        "id": "DN-00493",
        "type": "inlet",
        "elevation_m": 14.12,
        "capacity_m3s": 0.418,
        "grid_row": 96,
        "grid_col": 99
      }
    },
    {
      "type": "Feature",
      "geometry": {
        "type": "Point",
        "coordinates": [
          80.239568,
          13.046194
        ]
      },
      "properties": {
        "id": "DN-00494",
        "type": "junction",
        "elevation_m": 14.12,
        "capacity_m3s": 0.418,
        "grid_row": 96,
        "grid_col": 99
      }
    },
    {
      "type": "Feature",
      "geometry": {
        "type": "Point",
        "coordinates": [
          80.239568,
          13.046194
        ]
      },
      "properties": {
        "id": "DN-00495",
        "type": "inlet",
        "elevation_m": 14.12,
        "capacity_m3s": 0.418,
        "grid_row": 96,
        "grid_col": 99
      }
    },
    {
      "type": "Feature",
      "geometry": {
        "type": "Point",
        "coordinates": [
          80.239597,
          13.046166
        ]
      },
      "properties": {
        "id": "DN-00496",
        "type": "junction",
        "elevation_m": 14.12,
        "capacity_m3s": 0.418,
        "grid_row": 96,
        "grid_col": 99
      }
    },
    {
      "type": "Feature",
      "geometry": {
        "type": "Point",
        "coordinates": [
          80.239597,
          13.046166
        ]
      },
      "properties": {
        "id": "DN-00497",
        "type": "inlet",
        "elevation_m": 14.12,
        "capacity_m3s": 0.418,
        "grid_row": 96,
        "grid_col": 99
      }
    },
    {
      "type": "Feature",
      "geometry": {
        "type": "Point",
        "coordinates": [
          80.239609,
          13.0461
        ]
      },
      "properties": {
        "id": "DN-00498",
        "type": "junction",
        "elevation_m": 14.12,
        "capacity_m3s": 0.418,
        "grid_row": 96,
        "grid_col": 99
      }
    },
    {
      "type": "Feature",
      "geometry": {
        "type": "Point",
        "coordinates": [
          80.239609,
          13.0461
        ]
      },
      "properties": {
        "id": "DN-00499",
        "type": "inlet",
        "elevation_m": 14.12,
        "capacity_m3s": 0.418,
        "grid_row": 96,
        "grid_col": 99
      }
    },
    {
      "type": "Feature",
      "geometry": {
        "type": "Point",
        "coordinates": [
          80.239682,
          13.045959
        ]
      },
      "properties": {
        "id": "DN-00500",
        "type": "junction",
        "elevation_m": 14.12,
        "capacity_m3s": 0.418,
        "grid_row": 95,
        "grid_col": 99
      }
    },
    {
      "type": "Feature",
      "geometry": {
        "type": "Point",
        "coordinates": [
          80.239682,
          13.045959
        ]
      },
      "properties": {
        "id": "DN-00501",
        "type": "inlet",
        "elevation_m": 14.12,
        "capacity_m3s": 0.782,
        "grid_row": 95,
        "grid_col": 99
      }
    },
    {
      "type": "Feature",
      "geometry": {
        "type": "Point",
        "coordinates": [
          80.244594,
          13.043383
        ]
      },
      "properties": {
        "id": "DN-00502",
        "type": "junction",
        "elevation_m": 13.99,
        "capacity_m3s": 0.418,
        "grid_row": 82,
        "grid_col": 123
      }
    },
    {
      "type": "Feature",
      "geometry": {
        "type": "Point",
        "coordinates": [
          80.244594,
          13.043383
        ]
      },
      "properties": {
        "id": "DN-00503",
        "type": "inlet",
        "elevation_m": 13.99,
        "capacity_m3s": 0.944,
        "grid_row": 82,
        "grid_col": 123
      }
    },
    {
      "type": "Feature",
      "geometry": {
        "type": "Point",
        "coordinates": [
          80.246205,
          13.03556
        ]
      },
      "properties": {
        "id": "DN-00504",
        "type": "inlet",
        "elevation_m": 13.04,
        "capacity_m3s": 0.418,
        "grid_row": 43,
        "grid_col": 131
      }
    },
    {
      "type": "Feature",
      "geometry": {
        "type": "Point",
        "coordinates": [
          80.246205,
          13.03556
        ]
      },
      "properties": {
        "id": "DN-00505",
        "type": "inlet",
        "elevation_m": 13.04,
        "capacity_m3s": 0.418,
        "grid_row": 43,
        "grid_col": 131
      }
    },
    {
      "type": "Feature",
      "geometry": {
        "type": "Point",
        "coordinates": [
          80.24774,
          13.035476
        ]
      },
      "properties": {
        "id": "DN-00506",
        "type": "junction",
        "elevation_m": 12.98,
        "capacity_m3s": 0.418,
        "grid_row": 43,
        "grid_col": 138
      }
    },
    {
      "type": "Feature",
      "geometry": {
        "type": "Point",
        "coordinates": [
          80.24774,
          13.035476
        ]
      },
      "properties": {
        "id": "DN-00507",
        "type": "inlet",
        "elevation_m": 12.98,
        "capacity_m3s": 0.418,
        "grid_row": 43,
        "grid_col": 138
      }
    },
    {
      "type": "Feature",
      "geometry": {
        "type": "Point",
        "coordinates": [
          80.250781,
          13.035305
        ]
      },
      "properties": {
        "id": "DN-00508",
        "type": "junction",
        "elevation_m": 12.86,
        "capacity_m3s": 0.418,
        "grid_row": 42,
        "grid_col": 153
      }
    },
    {
      "type": "Feature",
      "geometry": {
        "type": "Point",
        "coordinates": [
          80.235536,
          13.063953
        ]
      },
      "properties": {
        "id": "DN-00509",
        "type": "inlet",
        "elevation_m": 15.78,
        "capacity_m3s": 1.625,
        "grid_row": 184,
        "grid_col": 79
      }
    },
    {
      "type": "Feature",
      "geometry": {
        "type": "Point",
        "coordinates": [
          80.234467,
          13.065358
        ]
      },
      "properties": {
        "id": "DN-00510",
        "type": "junction",
        "elevation_m": 12.66,
        "capacity_m3s": 1.625,
        "grid_row": 191,
        "grid_col": 74
      }
    },
    {
      "type": "Feature",
      "geometry": {
        "type": "Point",
        "coordinates": [
          80.235536,
          13.063953
        ]
      },
      "properties": {
        "id": "DN-00511",
        "type": "inlet",
        "elevation_m": 15.78,
        "capacity_m3s": 1.041,
        "grid_row": 184,
        "grid_col": 79
      }
    },
    {
      "type": "Feature",
      "geometry": {
        "type": "Point",
        "coordinates": [
          80.250923,
          13.052652
        ]
      },
      "properties": {
        "id": "DN-00512",
        "type": "junction",
        "elevation_m": 12.06,
        "capacity_m3s": 0.418,
        "grid_row": 128,
        "grid_col": 153
      }
    },
    {
      "type": "Feature",
      "geometry": {
        "type": "Point",
        "coordinates": [
          80.250923,
          13.052652
        ]
      },
      "properties": {
        "id": "DN-00513",
        "type": "inlet",
        "elevation_m": 12.06,
        "capacity_m3s": 0.418,
        "grid_row": 128,
        "grid_col": 153
      }
    },
    {
      "type": "Feature",
      "geometry": {
        "type": "Point",
        "coordinates": [
          80.251088,
          13.052587
        ]
      },
      "properties": {
        "id": "DN-00514",
        "type": "junction",
        "elevation_m": 12.05,
        "capacity_m3s": 0.418,
        "grid_row": 128,
        "grid_col": 154
      }
    },
    {
      "type": "Feature",
      "geometry": {
        "type": "Point",
        "coordinates": [
          80.251183,
          13.052426
        ]
      },
      "properties": {
        "id": "DN-00515",
        "type": "inlet",
        "elevation_m": 12.12,
        "capacity_m3s": 0.771,
        "grid_row": 127,
        "grid_col": 155
      }
    },
    {
      "type": "Feature",
      "geometry": {
        "type": "Point",
        "coordinates": [
          80.251088,
          13.052587
        ]
      },
      "properties": {
        "id": "DN-00516",
        "type": "junction",
        "elevation_m": 12.05,
        "capacity_m3s": 0.771,
        "grid_row": 128,
        "grid_col": 154
      }
    },
    {
      "type": "Feature",
      "geometry": {
        "type": "Point",
        "coordinates": [
          80.251183,
          13.052426
        ]
      },
      "properties": {
        "id": "DN-00517",
        "type": "inlet",
        "elevation_m": 12.12,
        "capacity_m3s": 0.771,
        "grid_row": 127,
        "grid_col": 155
      }
    },
    {
      "type": "Feature",
      "geometry": {
        "type": "Point",
        "coordinates": [
          80.251088,
          13.052587
        ]
      },
      "properties": {
        "id": "DN-00518",
        "type": "junction",
        "elevation_m": 12.05,
        "capacity_m3s": 0.771,
        "grid_row": 128,
        "grid_col": 154
      }
    },
    {
      "type": "Feature",
      "geometry": {
        "type": "Point",
        "coordinates": [
          80.251238,
          13.052303
        ]
      },
      "properties": {
        "id": "DN-00519",
        "type": "inlet",
        "elevation_m": 12.2,
        "capacity_m3s": 0.972,
        "grid_row": 126,
        "grid_col": 155
      }
    },
    {
      "type": "Feature",
      "geometry": {
        "type": "Point",
        "coordinates": [
          80.251183,
          13.052426
        ]
      },
      "properties": {
        "id": "DN-00520",
        "type": "junction",
        "elevation_m": 12.12,
        "capacity_m3s": 0.972,
        "grid_row": 127,
        "grid_col": 155
      }
    },
    {
      "type": "Feature",
      "geometry": {
        "type": "Point",
        "coordinates": [
          80.251268,
          13.05217
        ]
      },
      "properties": {
        "id": "DN-00521",
        "type": "inlet",
        "elevation_m": 12.2,
        "capacity_m3s": 0.418,
        "grid_row": 126,
        "grid_col": 155
      }
    },
    {
      "type": "Feature",
      "geometry": {
        "type": "Point",
        "coordinates": [
          80.251238,
          13.052303
        ]
      },
      "properties": {
        "id": "DN-00522",
        "type": "junction",
        "elevation_m": 12.2,
        "capacity_m3s": 0.418,
        "grid_row": 126,
        "grid_col": 155
      }
    },
    {
      "type": "Feature",
      "geometry": {
        "type": "Point",
        "coordinates": [
          80.25133,
          13.052044
        ]
      },
      "properties": {
        "id": "DN-00523",
        "type": "inlet",
        "elevation_m": 12.27,
        "capacity_m3s": 0.887,
        "grid_row": 125,
        "grid_col": 155
      }
    },
    {
      "type": "Feature",
      "geometry": {
        "type": "Point",
        "coordinates": [
          80.251268,
          13.05217
        ]
      },
      "properties": {
        "id": "DN-00524",
        "type": "junction",
        "elevation_m": 12.2,
        "capacity_m3s": 0.887,
        "grid_row": 126,
        "grid_col": 155
      }
    },
    {
      "type": "Feature",
      "geometry": {
        "type": "Point",
        "coordinates": [
          80.251522,
          13.051848
        ]
      },
      "properties": {
        "id": "DN-00525",
        "type": "inlet",
        "elevation_m": 12.33,
        "capacity_m3s": 0.591,
        "grid_row": 124,
        "grid_col": 156
      }
    },
    {
      "type": "Feature",
      "geometry": {
        "type": "Point",
        "coordinates": [
          80.25133,
          13.052044
        ]
      },
      "properties": {
        "id": "DN-00526",
        "type": "junction",
        "elevation_m": 12.27,
        "capacity_m3s": 0.591,
        "grid_row": 125,
        "grid_col": 155
      }
    },
    {
      "type": "Feature",
      "geometry": {
        "type": "Point",
        "coordinates": [
          80.251536,
          13.051831
        ]
      },
      "properties": {
        "id": "DN-00527",
        "type": "inlet",
        "elevation_m": 12.33,
        "capacity_m3s": 0.418,
        "grid_row": 124,
        "grid_col": 156
      }
    },
    {
      "type": "Feature",
      "geometry": {
        "type": "Point",
        "coordinates": [
          80.251522,
          13.051848
        ]
      },
      "properties": {
        "id": "DN-00528",
        "type": "junction",
        "elevation_m": 12.33,
        "capacity_m3s": 0.418,
        "grid_row": 124,
        "grid_col": 156
      }
    },
    {
      "type": "Feature",
      "geometry": {
        "type": "Point",
        "coordinates": [
          80.251836,
          13.051454
        ]
      },
      "properties": {
        "id": "DN-00529",
        "type": "inlet",
        "elevation_m": 12.41,
        "capacity_m3s": 0.512,
        "grid_row": 122,
        "grid_col": 158
      }
    },
    {
      "type": "Feature",
      "geometry": {
        "type": "Point",
        "coordinates": [
          80.251536,
          13.051831
        ]
      },
      "properties": {
        "id": "DN-00530",
        "type": "junction",
        "elevation_m": 12.33,
        "capacity_m3s": 0.512,
        "grid_row": 124,
        "grid_col": 156
      }
    },
    {
      "type": "Feature",
      "geometry": {
        "type": "Point",
        "coordinates": [
          80.251937,
          13.051328
        ]
      },
      "properties": {
        "id": "DN-00531",
        "type": "inlet",
        "elevation_m": 12.41,
        "capacity_m3s": 0.418,
        "grid_row": 122,
        "grid_col": 158
      }
    },
    {
      "type": "Feature",
      "geometry": {
        "type": "Point",
        "coordinates": [
          80.251836,
          13.051454
        ]
      },
      "properties": {
        "id": "DN-00532",
        "type": "junction",
        "elevation_m": 12.41,
        "capacity_m3s": 0.418,
        "grid_row": 122,
        "grid_col": 158
      }
    },
    {
      "type": "Feature",
      "geometry": {
        "type": "Point",
        "coordinates": [
          80.252499,
          13.050623
        ]
      },
      "properties": {
        "id": "DN-00533",
        "type": "inlet",
        "elevation_m": 12.57,
        "capacity_m3s": 0.529,
        "grid_row": 118,
        "grid_col": 161
      }
    },
    {
      "type": "Feature",
      "geometry": {
        "type": "Point",
        "coordinates": [
          80.251937,
          13.051328
        ]
      },
      "properties": {
        "id": "DN-00534",
        "type": "junction",
        "elevation_m": 12.41,
        "capacity_m3s": 0.529,
        "grid_row": 122,
        "grid_col": 158
      }
    },
    {
      "type": "Feature",
      "geometry": {
        "type": "Point",
        "coordinates": [
          80.252613,
          13.050467
        ]
      },
      "properties": {
        "id": "DN-00535",
        "type": "inlet",
        "elevation_m": 12.61,
        "capacity_m3s": 0.576,
        "grid_row": 117,
        "grid_col": 161
      }
    },
    {
      "type": "Feature",
      "geometry": {
        "type": "Point",
        "coordinates": [
          80.252499,
          13.050623
        ]
      },
      "properties": {
        "id": "DN-00536",
        "type": "junction",
        "elevation_m": 12.57,
        "capacity_m3s": 0.576,
        "grid_row": 118,
        "grid_col": 161
      }
    },
    {
      "type": "Feature",
      "geometry": {
        "type": "Point",
        "coordinates": [
          80.252805,
          13.050203
        ]
      },
      "properties": {
        "id": "DN-00537",
        "type": "inlet",
        "elevation_m": 12.62,
        "capacity_m3s": 0.418,
        "grid_row": 116,
        "grid_col": 162
      }
    },
    {
      "type": "Feature",
      "geometry": {
        "type": "Point",
        "coordinates": [
          80.252613,
          13.050467
        ]
      },
      "properties": {
        "id": "DN-00538",
        "type": "junction",
        "elevation_m": 12.61,
        "capacity_m3s": 0.418,
        "grid_row": 117,
        "grid_col": 161
      }
    },
    {
      "type": "Feature",
      "geometry": {
        "type": "Point",
        "coordinates": [
          80.252805,
          13.050203
        ]
      },
      "properties": {
        "id": "DN-00539",
        "type": "inlet",
        "elevation_m": 12.62,
        "capacity_m3s": 0.418,
        "grid_row": 116,
        "grid_col": 162
      }
    },
    {
      "type": "Feature",
      "geometry": {
        "type": "Point",
        "coordinates": [
          80.252967,
          13.05029
        ]
      },
      "properties": {
        "id": "DN-00540",
        "type": "junction",
        "elevation_m": 12.6,
        "capacity_m3s": 0.418,
        "grid_row": 116,
        "grid_col": 163
      }
    },
    {
      "type": "Feature",
      "geometry": {
        "type": "Point",
        "coordinates": [
          80.259826,
          13.04553
        ]
      },
      "properties": {
        "id": "DN-00541",
        "type": "inlet",
        "elevation_m": 13.88,
        "capacity_m3s": 0.804,
        "grid_row": 93,
        "grid_col": 173
      }
    },
    {
      "type": "Feature",
      "geometry": {
        "type": "Point",
        "coordinates": [
          80.258362,
          13.040705
        ]
      },
      "properties": {
        "id": "DN-00542",
        "type": "junction",
        "elevation_m": 11.74,
        "capacity_m3s": 0.804,
        "grid_row": 69,
        "grid_col": 173
      }
    },
    {
      "type": "Feature",
      "geometry": {
        "type": "Point",
        "coordinates": [
          80.257378,
          13.038862
        ]
      },
      "properties": {
        "id": "DN-00543",
        "type": "inlet",
        "elevation_m": 13.21,
        "capacity_m3s": 1.05,
        "grid_row": 60,
        "grid_col": 173
      }
    },
    {
      "type": "Feature",
      "geometry": {
        "type": "Point",
        "coordinates": [
          80.258362,
          13.040705
        ]
      },
      "properties": {
        "id": "DN-00544",
        "type": "junction",
        "elevation_m": 11.74,
        "capacity_m3s": 1.05,
        "grid_row": 69,
        "grid_col": 173
      }
    },
    {
      "type": "Feature",
      "geometry": {
        "type": "Point",
        "coordinates": [
          80.259117,
          13.038727
        ]
      },
      "properties": {
        "id": "DN-00545",
        "type": "inlet",
        "elevation_m": 13.37,
        "capacity_m3s": 0.418,
        "grid_row": 59,
        "grid_col": 173
      }
    },
    {
      "type": "Feature",
      "geometry": {
        "type": "Point",
        "coordinates": [
          80.257378,
          13.038862
        ]
      },
      "properties": {
        "id": "DN-00546",
        "type": "junction",
        "elevation_m": 13.21,
        "capacity_m3s": 0.418,
        "grid_row": 60,
        "grid_col": 173
      }
    },
    {
      "type": "Feature",
      "geometry": {
        "type": "Point",
        "coordinates": [
          80.259117,
          13.038727
        ]
      },
      "properties": {
        "id": "DN-00547",
        "type": "inlet",
        "elevation_m": 13.37,
        "capacity_m3s": 0.418,
        "grid_row": 59,
        "grid_col": 173
      }
    },
    {
      "type": "Feature",
      "geometry": {
        "type": "Point",
        "coordinates": [
          80.257732,
          13.038709
        ]
      },
      "properties": {
        "id": "DN-00548",
        "type": "junction",
        "elevation_m": 13.37,
        "capacity_m3s": 0.418,
        "grid_row": 59,
        "grid_col": 173
      }
    },
    {
      "type": "Feature",
      "geometry": {
        "type": "Point",
        "coordinates": [
          80.257732,
          13.038709
        ]
      },
      "properties": {
        "id": "DN-00549",
        "type": "inlet",
        "elevation_m": 13.37,
        "capacity_m3s": 0.418,
        "grid_row": 59,
        "grid_col": 173
      }
    },
    {
      "type": "Feature",
      "geometry": {
        "type": "Point",
        "coordinates": [
          80.257204,
          13.038624
        ]
      },
      "properties": {
        "id": "DN-00550",
        "type": "junction",
        "elevation_m": 13.37,
        "capacity_m3s": 0.418,
        "grid_row": 59,
        "grid_col": 173
      }
    },
    {
      "type": "Feature",
      "geometry": {
        "type": "Point",
        "coordinates": [
          80.256795,
          13.038053
        ]
      },
      "properties": {
        "id": "DN-00551",
        "type": "inlet",
        "elevation_m": 13.86,
        "capacity_m3s": 1.05,
        "grid_row": 56,
        "grid_col": 173
      }
    },
    {
      "type": "Feature",
      "geometry": {
        "type": "Point",
        "coordinates": [
          80.257204,
          13.038624
        ]
      },
      "properties": {
        "id": "DN-00552",
        "type": "junction",
        "elevation_m": 13.37,
        "capacity_m3s": 1.05,
        "grid_row": 59,
        "grid_col": 173
      }
    },
    {
      "type": "Feature",
      "geometry": {
        "type": "Point",
        "coordinates": [
          80.256795,
          13.038053
        ]
      },
      "properties": {
        "id": "DN-00553",
        "type": "inlet",
        "elevation_m": 13.86,
        "capacity_m3s": 0.439,
        "grid_row": 56,
        "grid_col": 173
      }
    },
    {
      "type": "Feature",
      "geometry": {
        "type": "Point",
        "coordinates": [
          80.251374,
          13.038785
        ]
      },
      "properties": {
        "id": "DN-00554",
        "type": "junction",
        "elevation_m": 13.19,
        "capacity_m3s": 0.439,
        "grid_row": 59,
        "grid_col": 156
      }
    },
    {
      "type": "Feature",
      "geometry": {
        "type": "Point",
        "coordinates": [
          80.251374,
          13.038785
        ]
      },
      "properties": {
        "id": "DN-00555",
        "type": "inlet",
        "elevation_m": 13.19,
        "capacity_m3s": 0.418,
        "grid_row": 59,
        "grid_col": 156
      }
    },
    {
      "type": "Feature",
      "geometry": {
        "type": "Point",
        "coordinates": [
          80.250781,
          13.035305
        ]
      },
      "properties": {
        "id": "DN-00556",
        "type": "junction",
        "elevation_m": 12.86,
        "capacity_m3s": 0.418,
        "grid_row": 42,
        "grid_col": 153
      }
    },
    {
      "type": "Feature",
      "geometry": {
        "type": "Point",
        "coordinates": [
          80.24774,
          13.035476
        ]
      },
      "properties": {
        "id": "DN-00557",
        "type": "inlet",
        "elevation_m": 12.98,
        "capacity_m3s": 0.418,
        "grid_row": 43,
        "grid_col": 138
      }
    },
    {
      "type": "Feature",
      "geometry": {
        "type": "Point",
        "coordinates": [
          80.250781,
          13.035305
        ]
      },
      "properties": {
        "id": "DN-00558",
        "type": "junction",
        "elevation_m": 12.86,
        "capacity_m3s": 0.418,
        "grid_row": 42,
        "grid_col": 153
      }
    },
    {
      "type": "Feature",
      "geometry": {
        "type": "Point",
        "coordinates": [
          80.23701,
          13.029253
        ]
      },
      "properties": {
        "id": "DN-00559",
        "type": "inlet",
        "elevation_m": 13.56,
        "capacity_m3s": 1.066,
        "grid_row": 12,
        "grid_col": 86
      }
    },
    {
      "type": "Feature",
      "geometry": {
        "type": "Point",
        "coordinates": [
          80.235783,
          13.02816
        ]
      },
      "properties": {
        "id": "DN-00560",
        "type": "junction",
        "elevation_m": 12.39,
        "capacity_m3s": 1.066,
        "grid_row": 7,
        "grid_col": 80
      }
    },
    {
      "type": "Feature",
      "geometry": {
        "type": "Point",
        "coordinates": [
          80.237739,
          13.03007
        ]
      },
      "properties": {
        "id": "DN-00561",
        "type": "inlet",
        "elevation_m": 14.86,
        "capacity_m3s": 1.168,
        "grid_row": 16,
        "grid_col": 90
      }
    },
    {
      "type": "Feature",
      "geometry": {
        "type": "Point",
        "coordinates": [
          80.235783,
          13.02816
        ]
      },
      "properties": {
        "id": "DN-00562",
        "type": "junction",
        "elevation_m": 12.39,
        "capacity_m3s": 1.168,
        "grid_row": 7,
        "grid_col": 80
      }
    },
    {
      "type": "Feature",
      "geometry": {
        "type": "Point",
        "coordinates": [
          80.237739,
          13.03007
        ]
      },
      "properties": {
        "id": "DN-00563",
        "type": "inlet",
        "elevation_m": 14.86,
        "capacity_m3s": 0.771,
        "grid_row": 16,
        "grid_col": 90
      }
    },
    {
      "type": "Feature",
      "geometry": {
        "type": "Point",
        "coordinates": [
          80.237158,
          13.031162
        ]
      },
      "properties": {
        "id": "DN-00564",
        "type": "junction",
        "elevation_m": 14.4,
        "capacity_m3s": 0.771,
        "grid_row": 22,
        "grid_col": 87
      }
    },
    {
      "type": "Feature",
      "geometry": {
        "type": "Point",
        "coordinates": [
          80.237158,
          13.031162
        ]
      },
      "properties": {
        "id": "DN-00565",
        "type": "inlet",
        "elevation_m": 14.4,
        "capacity_m3s": 0.458,
        "grid_row": 22,
        "grid_col": 87
      }
    },
    {
      "type": "Feature",
      "geometry": {
        "type": "Point",
        "coordinates": [
          80.237122,
          13.0314
        ]
      },
      "properties": {
        "id": "DN-00566",
        "type": "junction",
        "elevation_m": 14.34,
        "capacity_m3s": 0.458,
        "grid_row": 23,
        "grid_col": 87
      }
    },
    {
      "type": "Feature",
      "geometry": {
        "type": "Point",
        "coordinates": [
          80.237122,
          13.0314
        ]
      },
      "properties": {
        "id": "DN-00567",
        "type": "inlet",
        "elevation_m": 14.34,
        "capacity_m3s": 0.674,
        "grid_row": 23,
        "grid_col": 87
      }
    },
    {
      "type": "Feature",
      "geometry": {
        "type": "Point",
        "coordinates": [
          80.237063,
          13.031989
        ]
      },
      "properties": {
        "id": "DN-00568",
        "type": "junction",
        "elevation_m": 14.17,
        "capacity_m3s": 0.674,
        "grid_row": 26,
        "grid_col": 87
      }
    },
    {
      "type": "Feature",
      "geometry": {
        "type": "Point",
        "coordinates": [
          80.237063,
          13.031989
        ]
      },
      "properties": {
        "id": "DN-00569",
        "type": "inlet",
        "elevation_m": 14.17,
        "capacity_m3s": 0.724,
        "grid_row": 26,
        "grid_col": 87
      }
    },
    {
      "type": "Feature",
      "geometry": {
        "type": "Point",
        "coordinates": [
          80.236969,
          13.034027
        ]
      },
      "properties": {
        "id": "DN-00570",
        "type": "junction",
        "elevation_m": 13.5,
        "capacity_m3s": 0.724,
        "grid_row": 36,
        "grid_col": 86
      }
    },
    {
      "type": "Feature",
      "geometry": {
        "type": "Point",
        "coordinates": [
          80.233671,
          13.040571
        ]
      },
      "properties": {
        "id": "DN-00571",
        "type": "inlet",
        "elevation_m": 15.43,
        "capacity_m3s": 0.418,
        "grid_row": 68,
        "grid_col": 70
      }
    },
    {
      "type": "Feature",
      "geometry": {
        "type": "Point",
        "coordinates": [
          80.238891,
          13.032343
        ]
      },
      "properties": {
        "id": "DN-00572",
        "type": "junction",
        "elevation_m": 15.05,
        "capacity_m3s": 0.418,
        "grid_row": 27,
        "grid_col": 95
      }
    },
    {
      "type": "Feature",
      "geometry": {
        "type": "Point",
        "coordinates": [
          80.232573,
          13.040796
        ]
      },
      "properties": {
        "id": "DN-00573",
        "type": "inlet",
        "elevation_m": 15.94,
        "capacity_m3s": 0.857,
        "grid_row": 69,
        "grid_col": 65
      }
    },
    {
      "type": "Feature",
      "geometry": {
        "type": "Point",
        "coordinates": [
          80.232573,
          13.040796
        ]
      },
      "properties": {
        "id": "DN-00574",
        "type": "inlet",
        "elevation_m": 15.94,
        "capacity_m3s": 0.418,
        "grid_row": 69,
        "grid_col": 65
      }
    },
    {
      "type": "Feature",
      "geometry": {
        "type": "Point",
        "coordinates": [
          80.243422,
          13.066235
        ]
      },
      "properties": {
        "id": "DN-00575",
        "type": "outfall",
        "elevation_m": 9.14,
        "capacity_m3s": 6.0,
        "grid_row": 196,
        "grid_col": 117
      }
    },
    {
      "type": "Feature",
      "geometry": {
        "type": "Point",
        "coordinates": [
          80.243389,
          13.066335
        ]
      },
      "properties": {
        "id": "DN-00576",
        "type": "outfall",
        "elevation_m": 9.14,
        "capacity_m3s": 6.0,
        "grid_row": 196,
        "grid_col": 117
      }
    },
    {
      "type": "Feature",
      "geometry": {
        "type": "Point",
        "coordinates": [
          80.243389,
          13.066335
        ]
      },
      "properties": {
        "id": "DN-00577",
        "type": "outfall",
        "elevation_m": 9.14,
        "capacity_m3s": 6.0,
        "grid_row": 196,
        "grid_col": 117
      }
    },
    {
      "type": "Feature",
      "geometry": {
        "type": "Point",
        "coordinates": [
          80.243294,
          13.066608
        ]
      },
      "properties": {
        "id": "DN-00578",
        "type": "outfall",
        "elevation_m": 8.84,
        "capacity_m3s": 6.0,
        "grid_row": 197,
        "grid_col": 117
      }
    },
    {
      "type": "Feature",
      "geometry": {
        "type": "Point",
        "coordinates": [
          80.243294,
          13.066608
        ]
      },
      "properties": {
        "id": "DN-00579",
        "type": "outfall",
        "elevation_m": 8.84,
        "capacity_m3s": 6.0,
        "grid_row": 197,
        "grid_col": 117
      }
    },
    {
      "type": "Feature",
      "geometry": {
        "type": "Point",
        "coordinates": [
          80.243193,
          13.066865
        ]
      },
      "properties": {
        "id": "DN-00580",
        "type": "outfall",
        "elevation_m": 8.65,
        "capacity_m3s": 6.0,
        "grid_row": 199,
        "grid_col": 116
      }
    },
    {
      "type": "Feature",
      "geometry": {
        "type": "Point",
        "coordinates": [
          80.243193,
          13.066865
        ]
      },
      "properties": {
        "id": "DN-00581",
        "type": "outfall",
        "elevation_m": 8.65,
        "capacity_m3s": 6.0,
        "grid_row": 199,
        "grid_col": 116
      }
    },
    {
      "type": "Feature",
      "geometry": {
        "type": "Point",
        "coordinates": [
          80.24316,
          13.066949
        ]
      },
      "properties": {
        "id": "DN-00582",
        "type": "outfall",
        "elevation_m": 8.65,
        "capacity_m3s": 6.0,
        "grid_row": 199,
        "grid_col": 116
      }
    },
    {
      "type": "Feature",
      "geometry": {
        "type": "Point",
        "coordinates": [
          80.24316,
          13.066949
        ]
      },
      "properties": {
        "id": "DN-00583",
        "type": "outfall",
        "elevation_m": 8.65,
        "capacity_m3s": 6.0,
        "grid_row": 199,
        "grid_col": 116
      }
    },
    {
      "type": "Feature",
      "geometry": {
        "type": "Point",
        "coordinates": [
          80.24302,
          13.067256
        ]
      },
      "properties": {
        "id": "DN-00584",
        "type": "outfall",
        "elevation_m": 8.5,
        "capacity_m3s": 6.0,
        "grid_row": 201,
        "grid_col": 115
      }
    },
    {
      "type": "Feature",
      "geometry": {
        "type": "Point",
        "coordinates": [
          80.24302,
          13.067256
        ]
      },
      "properties": {
        "id": "DN-00585",
        "type": "outfall",
        "elevation_m": 8.5,
        "capacity_m3s": 6.0,
        "grid_row": 201,
        "grid_col": 115
      }
    },
    {
      "type": "Feature",
      "geometry": {
        "type": "Point",
        "coordinates": [
          80.242939,
          13.067433
        ]
      },
      "properties": {
        "id": "DN-00586",
        "type": "outfall",
        "elevation_m": 8.5,
        "capacity_m3s": 6.0,
        "grid_row": 201,
        "grid_col": 115
      }
    },
    {
      "type": "Feature",
      "geometry": {
        "type": "Point",
        "coordinates": [
          80.242748,
          13.067864
        ]
      },
      "properties": {
        "id": "DN-00587",
        "type": "outfall",
        "elevation_m": 9.1,
        "capacity_m3s": 6.0,
        "grid_row": 204,
        "grid_col": 114
      }
    },
    {
      "type": "Feature",
      "geometry": {
        "type": "Point",
        "coordinates": [
          80.242939,
          13.067433
        ]
      },
      "properties": {
        "id": "DN-00588",
        "type": "outfall",
        "elevation_m": 8.5,
        "capacity_m3s": 6.0,
        "grid_row": 201,
        "grid_col": 115
      }
    },
    {
      "type": "Feature",
      "geometry": {
        "type": "Point",
        "coordinates": [
          80.242544,
          13.068569
        ]
      },
      "properties": {
        "id": "DN-00589",
        "type": "outfall",
        "elevation_m": 10.34,
        "capacity_m3s": 6.0,
        "grid_row": 207,
        "grid_col": 113
      }
    },
    {
      "type": "Feature",
      "geometry": {
        "type": "Point",
        "coordinates": [
          80.242748,
          13.067864
        ]
      },
      "properties": {
        "id": "DN-00590",
        "type": "outfall",
        "elevation_m": 9.1,
        "capacity_m3s": 6.0,
        "grid_row": 204,
        "grid_col": 114
      }
    },
    {
      "type": "Feature",
      "geometry": {
        "type": "Point",
        "coordinates": [
          80.242544,
          13.068569
        ]
      },
      "properties": {
        "id": "DN-00591",
        "type": "outfall",
        "elevation_m": 10.34,
        "capacity_m3s": 6.0,
        "grid_row": 207,
        "grid_col": 113
      }
    },
    {
      "type": "Feature",
      "geometry": {
        "type": "Point",
        "coordinates": [
          80.242538,
          13.06859
        ]
      },
      "properties": {
        "id": "DN-00592",
        "type": "outfall",
        "elevation_m": 10.34,
        "capacity_m3s": 6.0,
        "grid_row": 207,
        "grid_col": 113
      }
    },
    {
      "type": "Feature",
      "geometry": {
        "type": "Point",
        "coordinates": [
          80.242518,
          13.068663
        ]
      },
      "properties": {
        "id": "DN-00593",
        "type": "outfall",
        "elevation_m": 10.62,
        "capacity_m3s": 6.0,
        "grid_row": 208,
        "grid_col": 113
      }
    },
    {
      "type": "Feature",
      "geometry": {
        "type": "Point",
        "coordinates": [
          80.242538,
          13.06859
        ]
      },
      "properties": {
        "id": "DN-00594",
        "type": "outfall",
        "elevation_m": 10.34,
        "capacity_m3s": 6.0,
        "grid_row": 207,
        "grid_col": 113
      }
    },
    {
      "type": "Feature",
      "geometry": {
        "type": "Point",
        "coordinates": [
          80.242518,
          13.068663
        ]
      },
      "properties": {
        "id": "DN-00595",
        "type": "outfall",
        "elevation_m": 10.62,
        "capacity_m3s": 6.0,
        "grid_row": 208,
        "grid_col": 113
      }
    },
    {
      "type": "Feature",
      "geometry": {
        "type": "Point",
        "coordinates": [
          80.242484,
          13.068757
        ]
      },
      "properties": {
        "id": "DN-00596",
        "type": "outfall",
        "elevation_m": 10.62,
        "capacity_m3s": 6.0,
        "grid_row": 208,
        "grid_col": 113
      }
    },
    {
      "type": "Feature",
      "geometry": {
        "type": "Point",
        "coordinates": [
          80.24234,
          13.069162
        ]
      },
      "properties": {
        "id": "DN-00597",
        "type": "inlet",
        "elevation_m": 11.55,
        "capacity_m3s": 1.847,
        "grid_row": 210,
        "grid_col": 112
      }
    },
    {
      "type": "Feature",
      "geometry": {
        "type": "Point",
        "coordinates": [
          80.242484,
          13.068757
        ]
      },
      "properties": {
        "id": "DN-00598",
        "type": "outfall",
        "elevation_m": 10.62,
        "capacity_m3s": 6.0,
        "grid_row": 208,
        "grid_col": 113
      }
    },
    {
      "type": "Feature",
      "geometry": {
        "type": "Point",
        "coordinates": [
          80.24234,
          13.069162
        ]
      },
      "properties": {
        "id": "DN-00599",
        "type": "inlet",
        "elevation_m": 11.55,
        "capacity_m3s": 0.418,
        "grid_row": 210,
        "grid_col": 112
      }
    },
    {
      "type": "Feature",
      "geometry": {
        "type": "Point",
        "coordinates": [
          80.242319,
          13.069216
        ]
      },
      "properties": {
        "id": "DN-00600",
        "type": "junction",
        "elevation_m": 11.55,
        "capacity_m3s": 0.418,
        "grid_row": 210,
        "grid_col": 112
      }
    },
    {
      "type": "Feature",
      "geometry": {
        "type": "Point",
        "coordinates": [
          80.240725,
          13.073264
        ]
      },
      "properties": {
        "id": "DN-00601",
        "type": "inlet",
        "elevation_m": 12.03,
        "capacity_m3s": 0.418,
        "grid_row": 230,
        "grid_col": 104
      }
    },
    {
      "type": "Feature",
      "geometry": {
        "type": "Point",
        "coordinates": [
          80.240596,
          13.076973
        ]
      },
      "properties": {
        "id": "DN-00602",
        "type": "outfall",
        "elevation_m": 8.22,
        "capacity_m3s": 6.0,
        "grid_row": 239,
        "grid_col": 104
      }
    },
    {
      "type": "Feature",
      "geometry": {
        "type": "Point",
        "coordinates": [
          80.238857,
          13.076756
        ]
      },
      "properties": {
        "id": "DN-00603",
        "type": "inlet",
        "elevation_m": 16.34,
        "capacity_m3s": 2.658,
        "grid_row": 239,
        "grid_col": 95
      }
    },
    {
      "type": "Feature",
      "geometry": {
        "type": "Point",
        "coordinates": [
          80.240596,
          13.076973
        ]
      },
      "properties": {
        "id": "DN-00604",
        "type": "outfall",
        "elevation_m": 8.22,
        "capacity_m3s": 6.0,
        "grid_row": 239,
        "grid_col": 104
      }
    },
    {
      "type": "Feature",
      "geometry": {
        "type": "Point",
        "coordinates": [
          80.238857,
          13.076756
        ]
      },
      "properties": {
        "id": "DN-00605",
        "type": "inlet",
        "elevation_m": 16.34,
        "capacity_m3s": 0.847,
        "grid_row": 239,
        "grid_col": 95
      }
    },
    {
      "type": "Feature",
      "geometry": {
        "type": "Point",
        "coordinates": [
          80.239241,
          13.073943
        ]
      },
      "properties": {
        "id": "DN-00606",
        "type": "junction",
        "elevation_m": 14.93,
        "capacity_m3s": 0.847,
        "grid_row": 234,
        "grid_col": 97
      }
    },
    {
      "type": "Feature",
      "geometry": {
        "type": "Point",
        "coordinates": [
          80.237031,
          13.072659
        ]
      },
      "properties": {
        "id": "DN-00607",
        "type": "inlet",
        "elevation_m": 15.27,
        "capacity_m3s": 0.439,
        "grid_row": 227,
        "grid_col": 86
      }
    },
    {
      "type": "Feature",
      "geometry": {
        "type": "Point",
        "coordinates": [
          80.239241,
          13.073943
        ]
      },
      "properties": {
        "id": "DN-00608",
        "type": "junction",
        "elevation_m": 14.93,
        "capacity_m3s": 0.439,
        "grid_row": 234,
        "grid_col": 97
      }
    },
    {
      "type": "Feature",
      "geometry": {
        "type": "Point",
        "coordinates": [
          80.220878,
          13.050795
        ]
      },
      "properties": {
        "id": "DN-00609",
        "type": "inlet",
        "elevation_m": 15.64,
        "capacity_m3s": 0.836,
        "grid_row": 119,
        "grid_col": 9
      }
    },
    {
      "type": "Feature",
      "geometry": {
        "type": "Point",
        "coordinates": [
          80.220719,
          13.050813
        ]
      },
      "properties": {
        "id": "DN-00610",
        "type": "junction",
        "elevation_m": 15.57,
        "capacity_m3s": 0.836,
        "grid_row": 119,
        "grid_col": 8
      }
    },
    {
      "type": "Feature",
      "geometry": {
        "type": "Point",
        "coordinates": [
          80.220744,
          13.051094
        ]
      },
      "properties": {
        "id": "DN-00611",
        "type": "inlet",
        "elevation_m": 15.63,
        "capacity_m3s": 0.576,
        "grid_row": 120,
        "grid_col": 8
      }
    },
    {
      "type": "Feature",
      "geometry": {
        "type": "Point",
        "coordinates": [
          80.220719,
          13.050813
        ]
      },
      "properties": {
        "id": "DN-00612",
        "type": "junction",
        "elevation_m": 15.57,
        "capacity_m3s": 0.576,
        "grid_row": 119,
        "grid_col": 8
      }
    },
    {
      "type": "Feature",
      "geometry": {
        "type": "Point",
        "coordinates": [
          80.221765,
          13.050995
        ]
      },
      "properties": {
        "id": "DN-00613",
        "type": "inlet",
        "elevation_m": 16.03,
        "capacity_m3s": 0.793,
        "grid_row": 120,
        "grid_col": 13
      }
    },
    {
      "type": "Feature",
      "geometry": {
        "type": "Point",
        "coordinates": [
          80.220744,
          13.051094
        ]
      },
      "properties": {
        "id": "DN-00614",
        "type": "junction",
        "elevation_m": 15.63,
        "capacity_m3s": 0.793,
        "grid_row": 120,
        "grid_col": 8
      }
    },
    {
      "type": "Feature",
      "geometry": {
        "type": "Point",
        "coordinates": [
          80.221765,
          13.050995
        ]
      },
      "properties": {
        "id": "DN-00615",
        "type": "inlet",
        "elevation_m": 16.03,
        "capacity_m3s": 0.418,
        "grid_row": 120,
        "grid_col": 13
      }
    },
    {
      "type": "Feature",
      "geometry": {
        "type": "Point",
        "coordinates": [
          80.221339,
          13.046347
        ]
      },
      "properties": {
        "id": "DN-00616",
        "type": "junction",
        "elevation_m": 15.6,
        "capacity_m3s": 0.418,
        "grid_row": 97,
        "grid_col": 11
      }
    },
    {
      "type": "Feature",
      "geometry": {
        "type": "Point",
        "coordinates": [
          80.221765,
          13.050995
        ]
      },
      "properties": {
        "id": "DN-00617",
        "type": "inlet",
        "elevation_m": 16.03,
        "capacity_m3s": 0.418,
        "grid_row": 120,
        "grid_col": 13
      }
    },
    {
      "type": "Feature",
      "geometry": {
        "type": "Point",
        "coordinates": [
          80.221339,
          13.046347
        ]
      },
      "properties": {
        "id": "DN-00618",
        "type": "junction",
        "elevation_m": 15.6,
        "capacity_m3s": 0.418,
        "grid_row": 97,
        "grid_col": 11
      }
    },
    {
      "type": "Feature",
      "geometry": {
        "type": "Point",
        "coordinates": [
          80.222579,
          13.046091
        ]
      },
      "properties": {
        "id": "DN-00619",
        "type": "inlet",
        "elevation_m": 15.62,
        "capacity_m3s": 0.418,
        "grid_row": 96,
        "grid_col": 17
      }
    },
    {
      "type": "Feature",
      "geometry": {
        "type": "Point",
        "coordinates": [
          80.221339,
          13.046347
        ]
      },
      "properties": {
        "id": "DN-00620",
        "type": "junction",
        "elevation_m": 15.6,
        "capacity_m3s": 0.418,
        "grid_row": 97,
        "grid_col": 11
      }
    },
    {
      "type": "Feature",
      "geometry": {
        "type": "Point",
        "coordinates": [
          80.25306,
          13.050415
        ]
      },
      "properties": {
        "id": "DN-00621",
        "type": "junction",
        "elevation_m": 12.55,
        "capacity_m3s": 0.661,
        "grid_row": 117,
        "grid_col": 164
      }
    },
    {
      "type": "Feature",
      "geometry": {
        "type": "Point",
        "coordinates": [
          80.25306,
          13.050415
        ]
      },
      "properties": {
        "id": "DN-00622",
        "type": "inlet",
        "elevation_m": 12.55,
        "capacity_m3s": 0.418,
        "grid_row": 117,
        "grid_col": 164
      }
    },
    {
      "type": "Feature",
      "geometry": {
        "type": "Point",
        "coordinates": [
          80.253215,
          13.050879
        ]
      },
      "properties": {
        "id": "DN-00623",
        "type": "junction",
        "elevation_m": 12.51,
        "capacity_m3s": 0.418,
        "grid_row": 119,
        "grid_col": 164
      }
    },
    {
      "type": "Feature",
      "geometry": {
        "type": "Point",
        "coordinates": [
          80.22182,
          13.051587
        ]
      },
      "properties": {
        "id": "DN-00624",
        "type": "inlet",
        "elevation_m": 16.35,
        "capacity_m3s": 0.916,
        "grid_row": 123,
        "grid_col": 13
      }
    },
    {
      "type": "Feature",
      "geometry": {
        "type": "Point",
        "coordinates": [
          80.221765,
          13.050995
        ]
      },
      "properties": {
        "id": "DN-00625",
        "type": "junction",
        "elevation_m": 16.03,
        "capacity_m3s": 0.916,
        "grid_row": 120,
        "grid_col": 13
      }
    },
    {
      "type": "Feature",
      "geometry": {
        "type": "Point",
        "coordinates": [
          80.22182,
          13.051587
        ]
      },
      "properties": {
        "id": "DN-00626",
        "type": "inlet",
        "elevation_m": 16.35,
        "capacity_m3s": 0.963,
        "grid_row": 123,
        "grid_col": 13
      }
    },
    {
      "type": "Feature",
      "geometry": {
        "type": "Point",
        "coordinates": [
          80.223704,
          13.051402
        ]
      },
      "properties": {
        "id": "DN-00627",
        "type": "junction",
        "elevation_m": 15.26,
        "capacity_m3s": 0.963,
        "grid_row": 122,
        "grid_col": 22
      }
    },
    {
      "type": "Feature",
      "geometry": {
        "type": "Point",
        "coordinates": [
          80.223645,
          13.051054
        ]
      },
      "properties": {
        "id": "DN-00628",
        "type": "inlet",
        "elevation_m": 15.33,
        "capacity_m3s": 0.561,
        "grid_row": 120,
        "grid_col": 22
      }
    },
    {
      "type": "Feature",
      "geometry": {
        "type": "Point",
        "coordinates": [
          80.223704,
          13.051402
        ]
      },
      "properties": {
        "id": "DN-00629",
        "type": "junction",
        "elevation_m": 15.26,
        "capacity_m3s": 0.561,
        "grid_row": 122,
        "grid_col": 22
      }
    },
    {
      "type": "Feature",
      "geometry": {
        "type": "Point",
        "coordinates": [
          80.223748,
          13.051657
        ]
      },
      "properties": {
        "id": "DN-00630",
        "type": "inlet",
        "elevation_m": 15.23,
        "capacity_m3s": 0.748,
        "grid_row": 123,
        "grid_col": 22
      }
    },
    {
      "type": "Feature",
      "geometry": {
        "type": "Point",
        "coordinates": [
          80.223645,
          13.051054
        ]
      },
      "properties": {
        "id": "DN-00631",
        "type": "inlet",
        "elevation_m": 15.33,
        "capacity_m3s": 0.661,
        "grid_row": 120,
        "grid_col": 22
      }
    },
    {
      "type": "Feature",
      "geometry": {
        "type": "Point",
        "coordinates": [
          80.224482,
          13.050867
        ]
      },
      "properties": {
        "id": "DN-00632",
        "type": "junction",
        "elevation_m": 15.1,
        "capacity_m3s": 0.661,
        "grid_row": 119,
        "grid_col": 26
      }
    },
    {
      "type": "Feature",
      "geometry": {
        "type": "Point",
        "coordinates": [
          80.249781,
          13.049857
        ]
      },
      "properties": {
        "id": "DN-00633",
        "type": "junction",
        "elevation_m": 13.5,
        "capacity_m3s": 0.857,
        "grid_row": 114,
        "grid_col": 148
      }
    },
    {
      "type": "Feature",
      "geometry": {
        "type": "Point",
        "coordinates": [
          80.249781,
          13.049857
        ]
      },
      "properties": {
        "id": "DN-00634",
        "type": "inlet",
        "elevation_m": 13.5,
        "capacity_m3s": 0.867,
        "grid_row": 114,
        "grid_col": 148
      }
    },
    {
      "type": "Feature",
      "geometry": {
        "type": "Point",
        "coordinates": [
          80.249906,
          13.051471
        ]
      },
      "properties": {
        "id": "DN-00635",
        "type": "junction",
        "elevation_m": 12.68,
        "capacity_m3s": 0.867,
        "grid_row": 122,
        "grid_col": 148
      }
    },
    {
      "type": "Feature",
      "geometry": {
        "type": "Point",
        "coordinates": [
          80.249418,
          13.051099
        ]
      },
      "properties": {
        "id": "DN-00636",
        "type": "inlet",
        "elevation_m": 12.91,
        "capacity_m3s": 0.771,
        "grid_row": 120,
        "grid_col": 146
      }
    },
    {
      "type": "Feature",
      "geometry": {
        "type": "Point",
        "coordinates": [
          80.249906,
          13.051471
        ]
      },
      "properties": {
        "id": "DN-00637",
        "type": "junction",
        "elevation_m": 12.68,
        "capacity_m3s": 0.771,
        "grid_row": 122,
        "grid_col": 148
      }
    },
    {
      "type": "Feature",
      "geometry": {
        "type": "Point",
        "coordinates": [
          80.249418,
          13.051099
        ]
      },
      "properties": {
        "id": "DN-00638",
        "type": "inlet",
        "elevation_m": 12.91,
        "capacity_m3s": 0.418,
        "grid_row": 120,
        "grid_col": 146
      }
    },
    {
      "type": "Feature",
      "geometry": {
        "type": "Point",
        "coordinates": [
          80.249418,
          13.051099
        ]
      },
      "properties": {
        "id": "DN-00639",
        "type": "junction",
        "elevation_m": 12.91,
        "capacity_m3s": 0.418,
        "grid_row": 120,
        "grid_col": 146
      }
    },
    {
      "type": "Feature",
      "geometry": {
        "type": "Point",
        "coordinates": [
          80.234136,
          13.0539
        ]
      },
      "properties": {
        "id": "DN-00640",
        "type": "inlet",
        "elevation_m": 14.64,
        "capacity_m3s": 0.76,
        "grid_row": 134,
        "grid_col": 72
      }
    },
    {
      "type": "Feature",
      "geometry": {
        "type": "Point",
        "coordinates": [
          80.240391,
          13.049984
        ]
      },
      "properties": {
        "id": "DN-00641",
        "type": "inlet",
        "elevation_m": 13.33,
        "capacity_m3s": 0.847,
        "grid_row": 115,
        "grid_col": 103
      }
    },
    {
      "type": "Feature",
      "geometry": {
        "type": "Point",
        "coordinates": [
          80.240391,
          13.049984
        ]
      },
      "properties": {
        "id": "DN-00642",
        "type": "inlet",
        "elevation_m": 13.33,
        "capacity_m3s": 0.736,
        "grid_row": 115,
        "grid_col": 103
      }
    },
    {
      "type": "Feature",
      "geometry": {
        "type": "Point",
        "coordinates": [
          80.237816,
          13.069308
        ]
      },
      "properties": {
        "id": "DN-00643",
        "type": "inlet",
        "elevation_m": 15.29,
        "capacity_m3s": 1.16,
        "grid_row": 211,
        "grid_col": 90
      }
    },
    {
      "type": "Feature",
      "geometry": {
        "type": "Point",
        "coordinates": [
          80.237777,
          13.067671
        ]
      },
      "properties": {
        "id": "DN-00644",
        "type": "inlet",
        "elevation_m": 15.29,
        "capacity_m3s": 0.418,
        "grid_row": 203,
        "grid_col": 90
      }
    },
    {
      "type": "Feature",
      "geometry": {
        "type": "Point",
        "coordinates": [
          80.237816,
          13.069308
        ]
      },
      "properties": {
        "id": "DN-00645",
        "type": "junction",
        "elevation_m": 15.29,
        "capacity_m3s": 0.418,
        "grid_row": 211,
        "grid_col": 90
      }
    },
    {
      "type": "Feature",
      "geometry": {
        "type": "Point",
        "coordinates": [
          80.237777,
          13.067671
        ]
      },
      "properties": {
        "id": "DN-00646",
        "type": "inlet",
        "elevation_m": 15.29,
        "capacity_m3s": 1.412,
        "grid_row": 203,
        "grid_col": 90
      }
    },
    {
      "type": "Feature",
      "geometry": {
        "type": "Point",
        "coordinates": [
          80.237048,
          13.067684
        ]
      },
      "properties": {
        "id": "DN-00647",
        "type": "junction",
        "elevation_m": 14.39,
        "capacity_m3s": 1.412,
        "grid_row": 203,
        "grid_col": 86
      }
    }
  ]
}