{
  "type": "FeatureCollection",
  "features": [
    {
      "type": "Feature",
      "geometry": {
        "type": "Point",
        "coordinates": [
          77.578444,
          12.984467
        ]
      },
      "properties": {
        "id": "DN-00001",
        "type": "inlet",
        "elevation_m": 921.28,
        "capacity_m3s": 2.128,
        "grid_row": 111,
        "grid_col": 6
      }
    },
    {
      "type": "Feature",
      "geometry": {
        "type": "Point",
        "coordinates": [
          77.577998,
          12.983834
        ]
      },
      "properties": {
        "id": "DN-00002",
        "type": "junction",
        "elevation_m": 919.05,
        "capacity_m3s": 2.128,
        "grid_row": 108,
        "grid_col": 4
      }
    },
    {
      "type": "Feature",
      "geometry": {
        "type": "Point",
        "coordinates": [
          77.579507,
          12.986202
        ]
      },
      "properties": {
        "id": "DN-00003",
        "type": "inlet",
        "elevation_m": 923.14,
        "capacity_m3s": 1.205,
        "grid_row": 119,
        "grid_col": 11
      }
    },
    {
      "type": "Feature",
      "geometry": {
        "type": "Point",
        "coordinates": [
          77.578444,
          12.984467
        ]
      },
      "properties": {
        "id": "DN-00004",
        "type": "junction",
        "elevation_m": 921.28,
        "capacity_m3s": 1.205,
        "grid_row": 111,
        "grid_col": 6
      }
    },
    {
      "type": "Feature",
      "geometry": {
        "type": "Point",
        "coordinates": [
          77.587606,
          12.967823
        ]
      },
      "properties": {
        "id": "DN-00005",
        "type": "inlet",
        "elevation_m": 917.27,
        "capacity_m3s": 0.724,
        "grid_row": 38,
        "grid_col": 45
      }
    },
    {
      "type": "Feature",
      "geometry": {
        "type": "Point",
        "coordinates": [
          77.588255,
          12.967776
        ]
      },
      "properties": {
        "id": "DN-00006",
        "type": "junction",
        "elevation_m": 917.06,
        "capacity_m3s": 0.724,
        "grid_row": 37,
        "grid_col": 48
      }
    },
    {
      "type": "Feature",
      "geometry": {
        "type": "Point",
        "coordinates": [
          77.588255,
          12.967776
        ]
      },
      "properties": {
        "id": "DN-00007",
        "type": "inlet",
        "elevation_m": 917.06,
        "capacity_m3s": 0.418,
        "grid_row": 37,
        "grid_col": 48
      }
    },
    {
      "type": "Feature",
      "geometry": {
        "type": "Point",
        "coordinates": [
          77.588384,
          12.967778
        ]
      },
      "properties": {
        "id": "DN-00008",
        "type": "junction",
        "elevation_m": 917.06,
        "capacity_m3s": 0.418,
        "grid_row": 37,
        "grid_col": 49
      }
    },
    {
      "type": "Feature",
      "geometry": {
        "type": "Point",
        "coordinates": [
          77.595048,
          12.962418
        ]
      },
      "properties": {
        "id": "DN-00009",
        "type": "outfall",
        "elevation_m": 901.9,
        "capacity_m3s": 6.0,
        "grid_row": 14,
        "grid_col": 77
      }
    },
    {
      "type": "Feature",
      "geometry": {
        "type": "Point",
        "coordinates": [
          77.594638,
          12.962185
        ]
      },
      "properties": {
        "id": "DN-00010",
        "type": "outfall",
        "elevation_m": 900.9,
        "capacity_m3s": 6.0,
        "grid_row": 13,
        "grid_col": 75
      }
    },
    {
      "type": "Feature",
      "geometry": {
        "type": "Point",
        "coordinates": [
          77.595334,
          12.962367
        ]
      },
      "properties": {
        "id": "DN-00011",
        "type": "outfall",
        "elevation_m": 902.28,
        "capacity_m3s": 6.0,
        "grid_row": 14,
        "grid_col": 78
      }
    },
    {
      "type": "Feature",
      "geometry": {
        "type": "Point",
        "coordinates": [
          77.595048,
          12.962418
        ]
      },
      "properties": {
        "id": "DN-00012",
        "type": "outfall",
        "elevation_m": 901.9,
        "capacity_m3s": 6.0,
        "grid_row": 14,
        "grid_col": 77
      }
    },
    {
      "type": "Feature",
      "geometry": {
        "type": "Point",
        "coordinates": [
          77.601038,
          12.965393
        ]
      },
      "properties": {
        "id": "DN-00013",
        "type": "inlet",
        "elevation_m": 909.93,
        "capacity_m3s": 1.714,
        "grid_row": 27,
        "grid_col": 103
      }
    },
    {
      "type": "Feature",
      "geometry": {
        "type": "Point",
        "coordinates": [
          77.601063,
          12.963694
        ]
      },
      "properties": {
        "id": "DN-00014",
        "type": "junction",
        "elevation_m": 906.74,
        "capacity_m3s": 1.714,
        "grid_row": 20,
        "grid_col": 103
      }
    },
    {
      "type": "Feature",
      "geometry": {
        "type": "Point",
        "coordinates": [
          77.601038,
          12.965393
        ]
      },
      "properties": {
        "id": "DN-00015",
        "type": "inlet",
        "elevation_m": 909.93,
        "capacity_m3s": 1.714,
        "grid_row": 27,
        "grid_col": 103
      }
    },
    {
      "type": "Feature",
      "geometry": {
        "type": "Point",
        "coordinates": [
          77.601063,
          12.963694
        ]
      },
      "properties": {
        "id": "DN-00016",
        "type": "junction",
        "elevation_m": 906.74,
        "capacity_m3s": 1.714,
        "grid_row": 20,
        "grid_col": 103
      }
    },
    {
      "type": "Feature",
      "geometry": {
        "type": "Point",
        "coordinates": [
          77.602402,
          12.969419
        ]
      },
      "properties": {
        "id": "DN-00017",
        "type": "inlet",
        "elevation_m": 917.22,
        "capacity_m3s": 1.678,
        "grid_row": 45,
        "grid_col": 109
      }
    },
    {
      "type": "Feature",
      "geometry": {
        "type": "Point",
        "coordinates": [
          77.603879,
          12.965764
        ]
      },
      "properties": {
        "id": "DN-00018",
        "type": "junction",
        "elevation_m": 910.15,
        "capacity_m3s": 1.678,
        "grid_row": 29,
        "grid_col": 115
      }
    },
    {
      "type": "Feature",
      "geometry": {
        "type": "Point",
        "coordinates": [
          77.603879,
          12.965764
        ]
      },
      "properties": {
        "id": "DN-00019",
        "type": "inlet",
        "elevation_m": 910.15,
        "capacity_m3s": 0.418,
        "grid_row": 29,
        "grid_col": 115
      }
    },
    {
      "type": "Feature",
      "geometry": {
        "type": "Point",
        "coordinates": [
          77.601487,
          12.965451
        ]
      },
      "properties": {
        "id": "DN-00020",
        "type": "junction",
        "elevation_m": 910.02,
        "capacity_m3s": 0.418,
        "grid_row": 27,
        "grid_col": 105
      }
    },
    {
      "type": "Feature",
      "geometry": {
        "type": "Point",
        "coordinates": [
          77.606804,
          12.966325
        ]
      },
      "properties": {
        "id": "DN-00021",
        "type": "inlet",
        "elevation_m": 911.71,
        "capacity_m3s": 0.591,
        "grid_row": 31,
        "grid_col": 127
      }
    },
    {
      "type": "Feature",
      "geometry": {
        "type": "Point",
        "coordinates": [
          77.606242,
          12.968474
        ]
      },
      "properties": {
        "id": "DN-00022",
        "type": "junction",
        "elevation_m": 911.21,
        "capacity_m3s": 0.591,
        "grid_row": 41,
        "grid_col": 125
      }
    },
    {
      "type": "Feature",
      "geometry": {
        "type": "Point",
        "coordinates": [
          77.601535,
          12.972973
        ]
      },
      "properties": {
        "id": "DN-00023",
        "type": "inlet",
        "elevation_m": 919.01,
        "capacity_m3s": 0.418,
        "grid_row": 60,
        "grid_col": 105
      }
    },
    {
      "type": "Feature",
      "geometry": {
        "type": "Point",
        "coordinates": [
          77.603259,
          12.972852
        ]
      },
      "properties": {
        "id": "DN-00024",
        "type": "junction",
        "elevation_m": 918.83,
        "capacity_m3s": 0.418,
        "grid_row": 60,
        "grid_col": 112
      }
    },
    {
      "type": "Feature",
      "geometry": {
        "type": "Point",
        "coordinates": [
          77.600745,
          12.970337
        ]
      },
      "properties": {
        "id": "DN-00025",
        "type": "inlet",
        "elevation_m": 916.96,
        "capacity_m3s": 1.302,
        "grid_row": 49,
        "grid_col": 101
      }
    },
    {
      "type": "Feature",
      "geometry": {
        "type": "Point",
        "coordinates": [
          77.600335,
          12.968
        ]
      },
      "properties": {
        "id": "DN-00026",
        "type": "junction",
        "elevation_m": 914.35,
        "capacity_m3s": 1.302,
        "grid_row": 38,
        "grid_col": 100
      }
    },
    {
      "type": "Feature",
      "geometry": {
        "type": "Point",
        "coordinates": [
          77.602402,
          12.969419
        ]
      },
      "properties": {
        "id": "DN-00027",
        "type": "inlet",
        "elevation_m": 917.22,
        "capacity_m3s": 1.349,
        "grid_row": 45,
        "grid_col": 109
      }
    },
    {
      "type": "Feature",
      "geometry": {
        "type": "Point",
        "coordinates": [
          77.600335,
          12.968
        ]
      },
      "properties": {
        "id": "DN-00028",
        "type": "junction",
        "elevation_m": 914.35,
        "capacity_m3s": 1.349,
        "grid_row": 38,
        "grid_col": 100
      }
    },
    {
      "type": "Feature",
      "geometry": {
        "type": "Point",
        "coordinates": [
          77.59935,
          12.973376
        ]
      },
      "properties": {
        "id": "DN-00029",
        "type": "inlet",
        "elevation_m": 916.44,
        "capacity_m3s": 1.662,
        "grid_row": 62,
        "grid_col": 95
      }
    },
    {
      "type": "Feature",
      "geometry": {
        "type": "Point",
        "coordinates": [
          77.597967,
          12.971357
        ]
      },
      "properties": {
        "id": "DN-00030",
        "type": "junction",
        "elevation_m": 912.11,
        "capacity_m3s": 1.662,
        "grid_row": 53,
        "grid_col": 90
      }
    },
    {
      "type": "Feature",
      "geometry": {
        "type": "Point",
        "coordinates": [
          77.601325,
          12.973267
        ]
      },
      "properties": {
        "id": "DN-00031",
        "type": "inlet",
        "elevation_m": 918.78,
        "capacity_m3s": 0.847,
        "grid_row": 62,
        "grid_col": 104
      }
    },
    {
      "type": "Feature",
      "geometry": {
        "type": "Point",
        "coordinates": [
          77.601066,
          12.973094
        ]
      },
      "properties": {
        "id": "DN-00032",
        "type": "junction",
        "elevation_m": 918.64,
        "capacity_m3s": 0.847,
        "grid_row": 61,
        "grid_col": 103
      }
    },
    {
      "type": "Feature",
      "geometry": {
        "type": "Point",
        "coordinates": [
          77.597754,
          12.971204
        ]
      },
      "properties": {
        "id": "DN-00033",
        "type": "inlet",
        "elevation_m": 911.54,
        "capacity_m3s": 1.261,
        "grid_row": 53,
        "grid_col": 89
      }
    },
    {
      "type": "Feature",
      "geometry": {
        "type": "Point",
        "coordinates": [
          77.594697,
          12.971848
        ]
      },
      "properties": {
        "id": "DN-00034",
        "type": "junction",
        "elevation_m": 908.38,
        "capacity_m3s": 1.261,
        "grid_row": 55,
        "grid_col": 76
      }
    },
    {
      "type": "Feature",
      "geometry": {
        "type": "Point",
        "coordinates": [
          77.597754,
          12.971204
        ]
      },
      "properties": {
        "id": "DN-00035",
        "type": "inlet",
        "elevation_m": 911.54,
        "capacity_m3s": 0.418,
        "grid_row": 53,
        "grid_col": 89
      }
    },
    {
      "type": "Feature",
      "geometry": {
        "type": "Point",
        "coordinates": [
          77.597745,
          12.97124
        ]
      },
      "properties": {
        "id": "DN-00036",
        "type": "junction",
        "elevation_m": 911.54,
        "capacity_m3s": 0.418,
        "grid_row": 53,
        "grid_col": 89
      }
    },
    {
      "type": "Feature",
      "geometry": {
        "type": "Point",
        "coordinates": [
          77.599925,
          12.991841
        ]
      },
      "properties": {
        "id": "DN-00037",
        "type": "inlet",
        "elevation_m": 921.71,
        "capacity_m3s": 1.744,
        "grid_row": 143,
        "grid_col": 98
      }
    },
    {
      "type": "Feature",
      "geometry": {
        "type": "Point",
        "coordinates": [
          77.599566,
          12.990519
        ]
      },
      "properties": {
        "id": "DN-00038",
        "type": "junction",
        "elevation_m": 919.06,
        "capacity_m3s": 1.744,
        "grid_row": 138,
        "grid_col": 96
      }
    },
    {
      "type": "Feature",
      "geometry": {
        "type": "Point",
        "coordinates": [
          77.597419,
          12.991411
        ]
      },
      "properties": {
        "id": "DN-00039",
        "type": "inlet",
        "elevation_m": 920.19,
        "capacity_m3s": 0.887,
        "grid_row": 141,
        "grid_col": 87
      }
    },
    {
      "type": "Feature",
      "geometry": {
        "type": "Point",
        "coordinates": [
          77.599566,
          12.990519
        ]
      },
      "properties": {
        "id": "DN-00040",
        "type": "junction",
        "elevation_m": 919.06,
        "capacity_m3s": 0.887,
        "grid_row": 138,
        "grid_col": 96
      }
    },
    {
      "type": "Feature",
      "geometry": {
        "type": "Point",
        "coordinates": [
          77.590507,
          12.986971
        ]
      },
      "properties": {
        "id": "DN-00041",
        "type": "inlet",
        "elevation_m": 936.88,
        "capacity_m3s": 0.418,
        "grid_row": 122,
        "grid_col": 58
      }
    },
    {
      "type": "Feature",
      "geometry": {
        "type": "Point",
        "coordinates": [
          77.591679,
          12.988287
        ]
      },
      "properties": {
        "id": "DN-00042",
        "type": "junction",
        "elevation_m": 936.8,
        "capacity_m3s": 0.418,
        "grid_row": 128,
        "grid_col": 63
      }
    },
    {
      "type": "Feature",
      "geometry": {
        "type": "Point",
        "coordinates": [
          77.589581,
          12.98598
        ]
      },
      "properties": {
        "id": "DN-00043",
        "type": "inlet",
        "elevation_m": 937.24,
        "capacity_m3s": 0.648,
        "grid_row": 118,
        "grid_col": 54
      }
    },
    {
      "type": "Feature",
      "geometry": {
        "type": "Point",
        "coordinates": [
          77.590507,
          12.986971
        ]
      },
      "properties": {
        "id": "DN-00044",
        "type": "junction",
        "elevation_m": 936.88,
        "capacity_m3s": 0.648,
        "grid_row": 122,
        "grid_col": 58
      }
    },
    {
      "type": "Feature",
      "geometry": {
        "type": "Point",
        "coordinates": [
          77.597199,
          12.984327
        ]
      },
      "properties": {
        "id": "DN-00045",
        "type": "inlet",
        "elevation_m": 928.61,
        "capacity_m3s": 0.418,
        "grid_row": 110,
        "grid_col": 86
      }
    },
    {
      "type": "Feature",
      "geometry": {
        "type": "Point",
        "coordinates": [
          77.59709,
          12.984156
        ]
      },
      "properties": {
        "id": "DN-00046",
        "type": "junction",
        "elevation_m": 928.61,
        "capacity_m3s": 0.418,
        "grid_row": 110,
        "grid_col": 86
      }
    },
    {
      "type": "Feature",
      "geometry": {
        "type": "Point",
        "coordinates": [
          77.599925,
          12.991841
        ]
      },
      "properties": {
        "id": "DN-00047",
        "type": "inlet",
        "elevation_m": 921.71,
        "capacity_m3s": 1.436,
        "grid_row": 143,
        "grid_col": 98
      }
    },
    {
      "type": "Feature",
      "geometry": {
        "type": "Point",
        "coordinates": [
          77.601064,
          12.990321
        ]
      },
      "properties": {
        "id": "DN-00048",
        "type": "junction",
        "elevation_m": 919.24,
        "capacity_m3s": 1.436,
        "grid_row": 137,
        "grid_col": 103
      }
    },
    {
      "type": "Feature",
      "geometry": {
        "type": "Point",
        "coordinates": [
          77.596424,
          13.003269
        ]
      },
      "properties": {
        "id": "DN-00049",
        "type": "inlet",
        "elevation_m": 928.93,
        "capacity_m3s": 1.519,
        "grid_row": 194,
        "grid_col": 83
      }
    },
    {
      "type": "Feature",
      "geometry": {
        "type": "Point",
        "coordinates": [
          77.599455,
          13.001143
        ]
      },
      "properties": {
        "id": "DN-00050",
        "type": "junction",
        "elevation_m": 923.39,
        "capacity_m3s": 1.519,
        "grid_row": 184,
        "grid_col": 96
      }
    },
    {
      "type": "Feature",
      "geometry": {
        "type": "Point",
        "coordinates": [
          77.596424,
          13.003269
        ]
      },
      "properties": {
        "id": "DN-00051",
        "type": "inlet",
        "elevation_m": 928.93,
        "capacity_m3s": 1.519,
        "grid_row": 194,
        "grid_col": 83
      }
    },
    {
      "type": "Feature",
      "geometry": {
        "type": "Point",
        "coordinates": [
          77.599455,
          13.001143
        ]
      },
      "properties": {
        "id": "DN-00052",
        "type": "junction",
        "elevation_m": 923.39,
        "capacity_m3s": 1.519,
        "grid_row": 184,
        "grid_col": 96
      }
    },
    {
      "type": "Feature",
      "geometry": {
        "type": "Point",
        "coordinates": [
          77.599841,
          12.999777
        ]
      },
      "properties": {
        "id": "DN-00053",
        "type": "inlet",
        "elevation_m": 928.59,
        "capacity_m3s": 2.402,
        "grid_row": 178,
        "grid_col": 98
      }
    },
    {
      "type": "Feature",
      "geometry": {
        "type": "Point",
        "coordinates": [
          77.599455,
          13.001143
        ]
      },
      "properties": {
        "id": "DN-00054",
        "type": "junction",
        "elevation_m": 923.39,
        "capacity_m3s": 2.402,
        "grid_row": 184,
        "grid_col": 96
      }
    },
    {
      "type": "Feature",
      "geometry": {
        "type": "Point",
        "coordinates": [
          77.578581,
          12.962694
        ]
      },
      "properties": {
        "id": "DN-00055",
        "type": "outfall",
        "elevation_m": 899.42,
        "capacity_m3s": 6.0,
        "grid_row": 15,
        "grid_col": 7
      }
    },
    {
      "type": "Feature",
      "geometry": {
        "type": "Point",
        "coordinates": [
          77.579281,
          12.960045
        ]
      },
      "properties": {
        "id": "DN-00056",
        "type": "outfall",
        "elevation_m": 898.3,
        "capacity_m3s": 6.0,
        "grid_row": 3,
        "grid_col": 10
      }
    },
    {
      "type": "Feature",
      "geometry": {
        "type": "Point",
        "coordinates": [
          77.578581,
          12.962694
        ]
      },
      "properties": {
        "id": "DN-00057",
        "type": "outfall",
        "elevation_m": 899.42,
        "capacity_m3s": 6.0,
        "grid_row": 15,
        "grid_col": 7
      }
    },
    {
      "type": "Feature",
      "geometry": {
        "type": "Point",
        "coordinates": [
          77.577488,
          12.962922
        ]
      },
      "properties": {
        "id": "DN-00058",
        "type": "outfall",
        "elevation_m": 898.87,
        "capacity_m3s": 6.0,
        "grid_row": 16,
        "grid_col": 2
      }
    },
    {
      "type": "Feature",
      "geometry": {
        "type": "Point",
        "coordinates": [
          77.577715,
          12.961642
        ]
      },
      "properties": {
        "id": "DN-00059",
        "type": "outfall",
        "elevation_m": 899.76,
        "capacity_m3s": 6.0,
        "grid_row": 11,
        "grid_col": 3
      }
    },
    {
      "type": "Feature",
      "geometry": {
        "type": "Point",
        "coordinates": [
          77.580135,
          12.958883
        ]
      },
      "properties": {
        "id": "DN-00060",
        "type": "outfall",
        "elevation_m": 897.07,
        "capacity_m3s": 6.0,
        "grid_row": 0,
        "grid_col": 13
      }
    },
    {
      "type": "Feature",
      "geometry": {
        "type": "Point",
        "coordinates": [
          77.584067,
          12.96476
        ]
      },
      "properties": {
        "id": "DN-00061",
        "type": "inlet",
        "elevation_m": 907.24,
        "capacity_m3s": 2.523,
        "grid_row": 24,
        "grid_col": 30
      }
    },
    {
      "type": "Feature",
      "geometry": {
        "type": "Point",
        "coordinates": [
          77.583987,
          12.963857
        ]
      },
      "properties": {
        "id": "DN-00062",
        "type": "outfall",
        "elevation_m": 903.57,
        "capacity_m3s": 6.0,
        "grid_row": 20,
        "grid_col": 30
      }
    },
    {
      "type": "Feature",
      "geometry": {
        "type": "Point",
        "coordinates": [
          77.584228,
          12.965267
        ]
      },
      "properties": {
        "id": "DN-00063",
        "type": "inlet",
        "elevation_m": 909.23,
        "capacity_m3s": 2.406,
        "grid_row": 26,
        "grid_col": 31
      }
    },
    {
      "type": "Feature",
      "geometry": {
        "type": "Point",
        "coordinates": [
          77.584067,
          12.96476
        ]
      },
      "properties": {
        "id": "DN-00064",
        "type": "junction",
        "elevation_m": 907.24,
        "capacity_m3s": 2.406,
        "grid_row": 24,
        "grid_col": 30
      }
    },
    {
      "type": "Feature",
      "geometry": {
        "type": "Point",
        "coordinates": [
          77.587606,
          12.967823
        ]
      },
      "properties": {
        "id": "DN-00065",
        "type": "inlet",
        "elevation_m": 917.27,
        "capacity_m3s": 1.412,
        "grid_row": 38,
        "grid_col": 45
      }
    },
    {
      "type": "Feature",
      "geometry": {
        "type": "Point",
        "coordinates": [
          77.587367,
          12.967475
        ]
      },
      "properties": {
        "id": "DN-00066",
        "type": "junction",
        "elevation_m": 916.67,
        "capacity_m3s": 1.412,
        "grid_row": 36,
        "grid_col": 44
      }
    },
    {
      "type": "Feature",
      "geometry": {
        "type": "Point",
        "coordinates": [
          77.583932,
          12.963586
        ]
      },
      "properties": {
        "id": "DN-00067",
        "type": "outfall",
        "elevation_m": 902.66,
        "capacity_m3s": 6.0,
        "grid_row": 19,
        "grid_col": 30
      }
    },
    {
      "type": "Feature",
      "geometry": {
        "type": "Point",
        "coordinates": [
          77.583184,
          12.960738
        ]
      },
      "properties": {
        "id": "DN-00068",
        "type": "outfall",
        "elevation_m": 897.85,
        "capacity_m3s": 6.0,
        "grid_row": 7,
        "grid_col": 26
      }
    },
    {
      "type": "Feature",
      "geometry": {
        "type": "Point",
        "coordinates": [
          77.583184,
          12.960738
        ]
      },
      "properties": {
        "id": "DN-00069",
        "type": "outfall",
        "elevation_m": 897.85,
        "capacity_m3s": 6.0,
        "grid_row": 7,
        "grid_col": 26
      }
    },
    {
      "type": "Feature",
      "geometry": {
        "type": "Point",
        "coordinates": [
          77.583147,
          12.960672
        ]
      },
      "properties": {
        "id": "DN-00070",
        "type": "outfall",
        "elevation_m": 897.62,
        "capacity_m3s": 6.0,
        "grid_row": 6,
        "grid_col": 26
      }
    },
    {
      "type": "Feature",
      "geometry": {
        "type": "Point",
        "coordinates": [
          77.580565,
          12.96251
        ]
      },
      "properties": {
        "id": "DN-00071",
        "type": "outfall",
        "elevation_m": 898.38,
        "capacity_m3s": 6.0,
        "grid_row": 14,
        "grid_col": 15
      }
    },
    {
      "type": "Feature",
      "geometry": {
        "type": "Point",
        "coordinates": [
          77.580641,
          12.962506
        ]
      },
      "properties": {
        "id": "DN-00072",
        "type": "outfall",
        "elevation_m": 898.15,
        "capacity_m3s": 6.0,
        "grid_row": 14,
        "grid_col": 16
      }
    },
    {
      "type": "Feature",
      "geometry": {
        "type": "Point",
        "coordinates": [
          77.580755,
          12.963513
        ]
      },
      "properties": {
        "id": "DN-00073",
        "type": "outfall",
        "elevation_m": 899.34,
        "capacity_m3s": 6.0,
        "grid_row": 19,
        "grid_col": 16
      }
    },
    {
      "type": "Feature",
      "geometry": {
        "type": "Point",
        "coordinates": [
          77.581873,
          12.963392
        ]
      },
      "properties": {
        "id": "DN-00074",
        "type": "outfall",
        "elevation_m": 898.4,
        "capacity_m3s": 6.0,
        "grid_row": 18,
        "grid_col": 21
      }
    },
    {
      "type": "Feature",
      "geometry": {
        "type": "Point",
        "coordinates": [
          77.57884,
          12.963544
        ]
      },
      "properties": {
        "id": "DN-00075",
        "type": "outfall",
        "elevation_m": 900.0,
        "capacity_m3s": 6.0,
        "grid_row": 19,
        "grid_col": 8
      }
    },
    {
      "type": "Feature",
      "geometry": {
        "type": "Point",
        "coordinates": [
          77.578581,
          12.962694
        ]
      },
      "properties": {
        "id": "DN-00076",
        "type": "outfall",
        "elevation_m": 899.42,
        "capacity_m3s": 6.0,
        "grid_row": 15,
        "grid_col": 7
      }
    },
    {
      "type": "Feature",
      "geometry": {
        "type": "Point",
        "coordinates": [
          77.577634,
          12.976965
        ]
      },
      "properties": {
        "id": "DN-00077",
        "type": "inlet",
        "elevation_m": 913.57,
        "capacity_m3s": 2.354,
        "grid_row": 78,
        "grid_col": 3
      }
    },
    {
      "type": "Feature",
      "geometry": {
        "type": "Point",
        "coordinates": [
          77.577324,
          12.976995
        ]
      },
      "properties": {
        "id": "DN-00078",
        "type": "junction",
        "elevation_m": 912.5,
        "capacity_m3s": 2.354,
        "grid_row": 78,
        "grid_col": 1
      }
    },
    {
      "type": "Feature",
      "geometry": {
        "type": "Point",
        "coordinates": [
          77.579954,
          12.976757
        ]
      },
      "properties": {
        "id": "DN-00079",
        "type": "inlet",
        "elevation_m": 918.54,
        "capacity_m3s": 1.856,
        "grid_row": 77,
        "grid_col": 13
      }
    },
    {
      "type": "Feature",
      "geometry": {
        "type": "Point",
        "coordinates": [
          77.577634,
          12.976965
        ]
      },
      "properties": {
        "id": "DN-00080",
        "type": "junction",
        "elevation_m": 913.57,
        "capacity_m3s": 1.856,
        "grid_row": 78,
        "grid_col": 3
      }
    },
    {
      "type": "Feature",
      "geometry": {
        "type": "Point",
        "coordinates": [
          77.581348,
          12.978898
        ]
      },
      "properties": {
        "id": "DN-00081",
        "type": "inlet",
        "elevation_m": 920.57,
        "capacity_m3s": 1.122,
        "grid_row": 86,
        "grid_col": 19
      }
    },
    {
      "type": "Feature",
      "geometry": {
        "type": "Point",
        "coordinates": [
          77.579954,
          12.976757
        ]
      },
      "properties": {
        "id": "DN-00082",
        "type": "junction",
        "elevation_m": 918.54,
        "capacity_m3s": 1.122,
        "grid_row": 77,
        "grid_col": 13
      }
    },
    {
      "type": "Feature",
      "geometry": {
        "type": "Point",
        "coordinates": [
          77.582417,
          12.975137
        ]
      },
      "properties": {
        "id": "DN-00083",
        "type": "inlet",
        "elevation_m": 923.19,
        "capacity_m3s": 1.587,
        "grid_row": 70,
        "grid_col": 23
      }
    },
    {
      "type": "Feature",
      "geometry": {
        "type": "Point",
        "coordinates": [
          77.579954,
          12.976757
        ]
      },
      "properties": {
        "id": "DN-00084",
        "type": "junction",
        "elevation_m": 918.54,
        "capacity_m3s": 1.587,
        "grid_row": 77,
        "grid_col": 13
      }
    },
    {
      "type": "Feature",
      "geometry": {
        "type": "Point",
        "coordinates": [
          77.583919,
          12.977134
        ]
      },
      "properties": {
        "id": "DN-00085",
        "type": "inlet",
        "elevation_m": 926.75,
        "capacity_m3s": 1.502,
        "grid_row": 79,
        "grid_col": 30
      }
    },
    {
      "type": "Feature",
      "geometry": {
        "type": "Point",
        "coordinates": [
          77.582417,
          12.975137
        ]
      },
      "properties": {
        "id": "DN-00086",
        "type": "junction",
        "elevation_m": 923.19,
        "capacity_m3s": 1.502,
        "grid_row": 70,
        "grid_col": 23
      }
    },
    {
      "type": "Feature",
      "geometry": {
        "type": "Point",
        "coordinates": [
          77.582506,
          12.97508
        ]
      },
      "properties": {
        "id": "DN-00087",
        "type": "inlet",
        "elevation_m": 923.19,
        "capacity_m3s": 0.687,
        "grid_row": 70,
        "grid_col": 23
      }
    },
    {
      "type": "Feature",
      "geometry": {
        "type": "Point",
        "coordinates": [
          77.581144,
          12.973187
        ]
      },
      "properties": {
        "id": "DN-00088",
        "type": "junction",
        "elevation_m": 922.49,
        "capacity_m3s": 0.687,
        "grid_row": 61,
        "grid_col": 18
      }
    },
    {
      "type": "Feature",
      "geometry": {
        "type": "Point",
        "coordinates": [
          77.604368,
          12.981867
        ]
      },
      "properties": {
        "id": "DN-00089",
        "type": "inlet",
        "elevation_m": 916.41,
        "capacity_m3s": 1.138,
        "grid_row": 99,
        "grid_col": 117
      }
    },
    {
      "type": "Feature",
      "geometry": {
        "type": "Point",
        "coordinates": [
          77.603496,
          12.982139
        ]
      },
      "properties": {
        "id": "DN-00090",
        "type": "junction",
        "elevation_m": 915.68,
        "capacity_m3s": 1.138,
        "grid_row": 101,
        "grid_col": 113
      }
    },
    {
      "type": "Feature",
      "geometry": {
        "type": "Point",
        "coordinates": [
          77.603862,
          12.980407
        ]
      },
      "properties": {
        "id": "DN-00091",
        "type": "inlet",
        "elevation_m": 920.19,
        "capacity_m3s": 1.24,
        "grid_row": 93,
        "grid_col": 115
      }
    },
    {
      "type": "Feature",
      "geometry": {
        "type": "Point",
        "coordinates": [
          77.607095,
          12.979268
        ]
      },
      "properties": {
        "id": "DN-00092",
        "type": "junction",
        "elevation_m": 916.93,
        "capacity_m3s": 1.24,
        "grid_row": 88,
        "grid_col": 129
      }
    },
    {
      "type": "Feature",
      "geometry": {
        "type": "Point",
        "coordinates": [
          77.588417,
          12.967334
        ]
      },
      "properties": {
        "id": "DN-00093",
        "type": "inlet",
        "elevation_m": 916.81,
        "capacity_m3s": 1.536,
        "grid_row": 36,
        "grid_col": 49
      }
    },
    {
      "type": "Feature",
      "geometry": {
        "type": "Point",
        "coordinates": [
          77.587941,
          12.966845
        ]
      },
      "properties": {
        "id": "DN-00094",
        "type": "junction",
        "elevation_m": 915.8,
        "capacity_m3s": 1.536,
        "grid_row": 33,
        "grid_col": 47
      }
    },
    {
      "type": "Feature",
      "geometry": {
        "type": "Point",
        "coordinates": [
          77.598726,
          12.976297
        ]
      },
      "properties": {
        "id": "DN-00095",
        "type": "inlet",
        "elevation_m": 919.56,
        "capacity_m3s": 1.461,
        "grid_row": 75,
        "grid_col": 93
      }
    },
    {
      "type": "Feature",
      "geometry": {
        "type": "Point",
        "coordinates": [
          77.594226,
          12.97246
        ]
      },
      "properties": {
        "id": "DN-00096",
        "type": "junction",
        "elevation_m": 911.64,
        "capacity_m3s": 1.461,
        "grid_row": 58,
        "grid_col": 74
      }
    },
    {
      "type": "Feature",
      "geometry": {
        "type": "Point",
        "coordinates": [
          77.601487,
          12.974461
        ]
      },
      "properties": {
        "id": "DN-00097",
        "type": "inlet",
        "elevation_m": 918.79,
        "capacity_m3s": 0.418,
        "grid_row": 67,
        "grid_col": 105
      }
    },
    {
      "type": "Feature",
      "geometry": {
        "type": "Point",
        "coordinates": [
          77.607693,
          12.980842
        ]
      },
      "properties": {
        "id": "DN-00098",
        "type": "inlet",
        "elevation_m": 916.16,
        "capacity_m3s": 1.997,
        "grid_row": 95,
        "grid_col": 129
      }
    },
    {
      "type": "Feature",
      "geometry": {
        "type": "Point",
        "coordinates": [
          77.608046,
          12.98172
        ]
      },
      "properties": {
        "id": "DN-00099",
        "type": "junction",
        "elevation_m": 913.77,
        "capacity_m3s": 1.997,
        "grid_row": 99,
        "grid_col": 129
      }
    },
    {
      "type": "Feature",
      "geometry": {
        "type": "Point",
        "coordinates": [
          77.603396,
          12.982168
        ]
      },
      "properties": {
        "id": "DN-00100",
        "type": "inlet",
        "elevation_m": 915.68,
        "capacity_m3s": 0.418,
        "grid_row": 101,
        "grid_col": 113
      }
    },
    {
      "type": "Feature",
      "geometry": {
        "type": "Point",
        "coordinates": [
          77.603601,
          12.984062
        ]
      },
      "properties": {
        "id": "DN-00101",
        "type": "inlet",
        "elevation_m": 910.78,
        "capacity_m3s": 1.531,
        "grid_row": 109,
        "grid_col": 114
      }
    },
    {
      "type": "Feature",
      "geometry": {
        "type": "Point",
        "coordinates": [
          77.603217,
          12.984187
        ]
      },
      "properties": {
        "id": "DN-00102",
        "type": "junction",
        "elevation_m": 910.19,
        "capacity_m3s": 1.531,
        "grid_row": 110,
        "grid_col": 112
      }
    },
    {
      "type": "Feature",
      "geometry": {
        "type": "Point",
        "coordinates": [
          77.598432,
          12.992901
        ]
      },
      "properties": {
        "id": "DN-00103",
        "type": "inlet",
        "elevation_m": 923.89,
        "capacity_m3s": 1.699,
        "grid_row": 148,
        "grid_col": 92
      }
    },
    {
      "type": "Feature",
      "geometry": {
        "type": "Point",
        "coordinates": [
          77.599566,
          12.990519
        ]
      },
      "properties": {
        "id": "DN-00104",
        "type": "junction",
        "elevation_m": 919.06,
        "capacity_m3s": 1.699,
        "grid_row": 138,
        "grid_col": 96
      }
    },
    {
      "type": "Feature",
      "geometry": {
        "type": "Point",
        "coordinates": [
          77.609147,
          12.990034
        ]
      },
      "properties": {
        "id": "DN-00105",
        "type": "inlet",
        "elevation_m": 911.77,
        "capacity_m3s": 0.836,
        "grid_row": 135,
        "grid_col": 129
      }
    },
    {
      "type": "Feature",
      "geometry": {
        "type": "Point",
        "coordinates": [
          77.613213,
          12.989215
        ]
      },
      "properties": {
        "id": "DN-00106",
        "type": "junction",
        "elevation_m": 909.98,
        "capacity_m3s": 0.836,
        "grid_row": 132,
        "grid_col": 129
      }
    },
    {
      "type": "Feature",
      "geometry": {
        "type": "Point",
        "coordinates": [
          77.607128,
          12.990378
        ]
      },
      "properties": {
        "id": "DN-00107",
        "type": "inlet",
        "elevation_m": 912.97,
        "capacity_m3s": 0.972,
        "grid_row": 137,
        "grid_col": 129
      }
    },
    {
      "type": "Feature",
      "geometry": {
        "type": "Point",
        "coordinates": [
          77.609147,
          12.990034
        ]
      },
      "properties": {
        "id": "DN-00108",
        "type": "junction",
        "elevation_m": 911.77,
        "capacity_m3s": 0.972,
        "grid_row": 135,
        "grid_col": 129
      }
    },
    {
      "type": "Feature",
      "geometry": {
        "type": "Point",
        "coordinates": [
          77.609718,
          12.99268
        ]
      },
      "properties": {
        "id": "DN-00109",
        "type": "inlet",
        "elevation_m": 918.95,
        "capacity_m3s": 2.044,
        "grid_row": 147,
        "grid_col": 129
      }
    },
    {
      "type": "Feature",
      "geometry": {
        "type": "Point",
        "coordinates": [
          77.609147,
          12.990034
        ]
      },
      "properties": {
        "id": "DN-00110",
        "type": "junction",
        "elevation_m": 911.77,
        "capacity_m3s": 2.044,
        "grid_row": 135,
        "grid_col": 129
      }
    },
    {
      "type": "Feature",
      "geometry": {
        "type": "Point",
        "coordinates": [
          77.607128,
          12.990378
        ]
      },
      "properties": {
        "id": "DN-00111",
        "type": "inlet",
        "elevation_m": 912.97,
        "capacity_m3s": 1.879,
        "grid_row": 137,
        "grid_col": 129
      }
    },
    {
      "type": "Feature",
      "geometry": {
        "type": "Point",
        "coordinates": [
          77.60704,
          12.988244
        ]
      },
      "properties": {
        "id": "DN-00112",
        "type": "junction",
        "elevation_m": 908.17,
        "capacity_m3s": 1.879,
        "grid_row": 128,
        "grid_col": 128
      }
    },
    {
      "type": "Feature",
      "geometry": {
        "type": "Point",
        "coordinates": [
          77.6053,
          12.990186
        ]
      },
      "properties": {
        "id": "DN-00113",
        "type": "inlet",
        "elevation_m": 914.95,
        "capacity_m3s": 1.316,
        "grid_row": 136,
        "grid_col": 121
      }
    },
    {
      "type": "Feature",
      "geometry": {
        "type": "Point",
        "coordinates": [
          77.607128,
          12.990378
        ]
      },
      "properties": {
        "id": "DN-00114",
        "type": "junction",
        "elevation_m": 912.97,
        "capacity_m3s": 1.316,
        "grid_row": 137,
        "grid_col": 129
      }
    },
    {
      "type": "Feature",
      "geometry": {
        "type": "Point",
        "coordinates": [
          77.601635,
          12.984668
        ]
      },
      "properties": {
        "id": "DN-00115",
        "type": "inlet",
        "elevation_m": 912.32,
        "capacity_m3s": 2.713,
        "grid_row": 112,
        "grid_col": 105
      }
    },
    {
      "type": "Feature",
      "geometry": {
        "type": "Point",
        "coordinates": [
          77.601728,
          12.98468
        ]
      },
      "properties": {
        "id": "DN-00116",
        "type": "junction",
        "elevation_m": 911.87,
        "capacity_m3s": 2.713,
        "grid_row": 112,
        "grid_col": 106
      }
    },
    {
      "type": "Feature",
      "geometry": {
        "type": "Point",
        "coordinates": [
          77.605352,
          12.985532
        ]
      },
      "properties": {
        "id": "DN-00117",
        "type": "inlet",
        "elevation_m": 909.48,
        "capacity_m3s": 1.268,
        "grid_row": 116,
        "grid_col": 121
      }
    },
    {
      "type": "Feature",
      "geometry": {
        "type": "Point",
        "coordinates": [
          77.605641,
          12.98549
        ]
      },
      "properties": {
        "id": "DN-00118",
        "type": "junction",
        "elevation_m": 909.19,
        "capacity_m3s": 1.268,
        "grid_row": 115,
        "grid_col": 122
      }
    },
    {
      "type": "Feature",
      "geometry": {
        "type": "Point",
        "coordinates": [
          77.601893,
          12.986581
        ]
      },
      "properties": {
        "id": "DN-00119",
        "type": "inlet",
        "elevation_m": 913.22,
        "capacity_m3s": 1.074,
        "grid_row": 120,
        "grid_col": 106
      }
    },
    {
      "type": "Feature",
      "geometry": {
        "type": "Point",
        "coordinates": [
          77.601761,
          12.984754
        ]
      },
      "properties": {
        "id": "DN-00120",
        "type": "junction",
        "elevation_m": 911.87,
        "capacity_m3s": 1.074,
        "grid_row": 112,
        "grid_col": 106
      }
    },
    {
      "type": "Feature",
      "geometry": {
        "type": "Point",
        "coordinates": [
          77.605352,
          12.985532
        ]
      },
      "properties": {
        "id": "DN-00121",
        "type": "inlet",
        "elevation_m": 909.48,
        "capacity_m3s": 1.268,
        "grid_row": 116,
        "grid_col": 121
      }
    },
    {
      "type": "Feature",
      "geometry": {
        "type": "Point",
        "coordinates": [
          77.592327,
          12.983119
        ]
      },
      "properties": {
        "id": "DN-00122",
        "type": "inlet",
        "elevation_m": 937.92,
        "capacity_m3s": 0.512,
        "grid_row": 105,
        "grid_col": 65
      }
    },
    {
      "type": "Feature",
      "geometry": {
        "type": "Point",
        "coordinates": [
          77.592341,
          12.983155
        ]
      },
      "properties": {
        "id": "DN-00123",
        "type": "inlet",
        "elevation_m": 938.83,
        "capacity_m3s": 5.641,
        "grid_row": 105,
        "grid_col": 66
      }
    },
    {
      "type": "Feature",
      "geometry": {
        "type": "Point",
        "coordinates": [
          77.592327,
          12.983119
        ]
      },
      "properties": {
        "id": "DN-00124",
        "type": "junction",
        "elevation_m": 937.92,
        "capacity_m3s": 5.641,
        "grid_row": 105,
        "grid_col": 65
      }
    },
    {
      "type": "Feature",
      "geometry": {
        "type": "Point",
        "coordinates": [
          77.595861,
          12.983192
        ]
      },
      "properties": {
        "id": "DN-00125",
        "type": "inlet",
        "elevation_m": 932.02,
        "capacity_m3s": 1.865,
        "grid_row": 105,
        "grid_col": 81
      }
    },
    {
      "type": "Feature",
      "geometry": {
        "type": "Point",
        "coordinates": [
          77.597138,
          12.964827
        ]
      },
      "properties": {
        "id": "DN-00126",
        "type": "inlet",
        "elevation_m": 911.13,
        "capacity_m3s": 2.755,
        "grid_row": 25,
        "grid_col": 86
      }
    },
    {
      "type": "Feature",
      "geometry": {
        "type": "Point",
        "coordinates": [
          77.596968,
          12.964833
        ]
      },
      "properties": {
        "id": "DN-00127",
        "type": "junction",
        "elevation_m": 910.33,
        "capacity_m3s": 2.755,
        "grid_row": 25,
        "grid_col": 85
      }
    },
    {
      "type": "Feature",
      "geometry": {
        "type": "Point",
        "coordinates": [
          77.596968,
          12.964833
        ]
      },
      "properties": {
        "id": "DN-00128",
        "type": "inlet",
        "elevation_m": 910.33,
        "capacity_m3s": 0.418,
        "grid_row": 25,
        "grid_col": 85
      }
    },
    {
      "type": "Feature",
      "geometry": {
        "type": "Point",
        "coordinates": [
          77.596799,
          12.964835
        ]
      },
      "properties": {
        "id": "DN-00129",
        "type": "junction",
        "elevation_m": 910.33,
        "capacity_m3s": 0.418,
        "grid_row": 25,
        "grid_col": 85
      }
    },
    {
      "type": "Feature",
      "geometry": {
        "type": "Point",
        "coordinates": [
          77.594739,
          12.989914
        ]
      },
      "properties": {
        "id": "DN-00130",
        "type": "inlet",
        "elevation_m": 926.39,
        "capacity_m3s": 1.794,
        "grid_row": 135,
        "grid_col": 76
      }
    },
    {
      "type": "Feature",
      "geometry": {
        "type": "Point",
        "coordinates": [
          77.595888,
          12.993368
        ]
      },
      "properties": {
        "id": "DN-00131",
        "type": "inlet",
        "elevation_m": 918.89,
        "capacity_m3s": 0.724,
        "grid_row": 150,
        "grid_col": 81
      }
    },
    {
      "type": "Feature",
      "geometry": {
        "type": "Point",
        "coordinates": [
          77.59582,
          12.993689
        ]
      },
      "properties": {
        "id": "DN-00132",
        "type": "junction",
        "elevation_m": 918.78,
        "capacity_m3s": 0.724,
        "grid_row": 151,
        "grid_col": 80
      }
    },
    {
      "type": "Feature",
      "geometry": {
        "type": "Point",
        "coordinates": [
          77.595704,
          12.993547
        ]
      },
      "properties": {
        "id": "DN-00133",
        "type": "inlet",
        "elevation_m": 918.78,
        "capacity_m3s": 0.418,
        "grid_row": 151,
        "grid_col": 80
      }
    },
    {
      "type": "Feature",
      "geometry": {
        "type": "Point",
        "coordinates": [
          77.595644,
          12.993596
        ]
      },
      "properties": {
        "id": "DN-00134",
        "type": "junction",
        "elevation_m": 918.78,
        "capacity_m3s": 0.418,
        "grid_row": 151,
        "grid_col": 80
      }
    },
    {
      "type": "Feature",
      "geometry": {
        "type": "Point",
        "coordinates": [
          77.59446,
          12.992112
        ]
      },
      "properties": {
        "id": "DN-00135",
        "type": "inlet",
        "elevation_m": 920.14,
        "capacity_m3s": 1.412,
        "grid_row": 145,
        "grid_col": 75
      }
    },
    {
      "type": "Feature",
      "geometry": {
        "type": "Point",
        "coordinates": [
          77.595605,
          12.993433
        ]
      },
      "properties": {
        "id": "DN-00136",
        "type": "junction",
        "elevation_m": 917.94,
        "capacity_m3s": 1.412,
        "grid_row": 150,
        "grid_col": 79
      }
    },
    {
      "type": "Feature",
      "geometry": {
        "type": "Point",
        "coordinates": [
          77.589005,
          12.993127
        ]
      },
      "properties": {
        "id": "DN-00137",
        "type": "inlet",
        "elevation_m": 937.24,
        "capacity_m3s": 0.418,
        "grid_row": 149,
        "grid_col": 51
      }
    },
    {
      "type": "Feature",
      "geometry": {
        "type": "Point",
        "coordinates": [
          77.588874,
          12.993127
        ]
      },
      "properties": {
        "id": "DN-00138",
        "type": "junction",
        "elevation_m": 937.24,
        "capacity_m3s": 0.418,
        "grid_row": 149,
        "grid_col": 51
      }
    },
    {
      "type": "Feature",
      "geometry": {
        "type": "Point",
        "coordinates": [
          77.598083,
          12.966085
        ]
      },
      "properties": {
        "id": "DN-00139",
        "type": "inlet",
        "elevation_m": 914.87,
        "capacity_m3s": 0.634,
        "grid_row": 30,
        "grid_col": 90
      }
    },
    {
      "type": "Feature",
      "geometry": {
        "type": "Point",
        "coordinates": [
          77.598404,
          12.966377
        ]
      },
      "properties": {
        "id": "DN-00140",
        "type": "junction",
        "elevation_m": 914.76,
        "capacity_m3s": 0.634,
        "grid_row": 31,
        "grid_col": 91
      }
    },
    {
      "type": "Feature",
      "geometry": {
        "type": "Point",
        "coordinates": [
          77.600322,
          12.992192
        ]
      },
      "properties": {
        "id": "DN-00141",
        "type": "inlet",
        "elevation_m": 923.09,
        "capacity_m3s": 2.005,
        "grid_row": 145,
        "grid_col": 100
      }
    },
    {
      "type": "Feature",
      "geometry": {
        "type": "Point",
        "coordinates": [
          77.599925,
          12.991841
        ]
      },
      "properties": {
        "id": "DN-00142",
        "type": "junction",
        "elevation_m": 921.71,
        "capacity_m3s": 2.005,
        "grid_row": 143,
        "grid_col": 98
      }
    },
    {
      "type": "Feature",
      "geometry": {
        "type": "Point",
        "coordinates": [
          77.604115,
          12.992138
        ]
      },
      "properties": {
        "id": "DN-00143",
        "type": "inlet",
        "elevation_m": 923.42,
        "capacity_m3s": 0.418,
        "grid_row": 145,
        "grid_col": 116
      }
    },
    {
      "type": "Feature",
      "geometry": {
        "type": "Point",
        "coordinates": [
          77.604141,
          12.992202
        ]
      },
      "properties": {
        "id": "DN-00144",
        "type": "junction",
        "elevation_m": 923.42,
        "capacity_m3s": 0.418,
        "grid_row": 145,
        "grid_col": 116
      }
    },
    {
      "type": "Feature",
      "geometry": {
        "type": "Point",
        "coordinates": [
          77.603891,
          12.984125
        ]
      },
      "properties": {
        "id": "DN-00145",
        "type": "inlet",
        "elevation_m": 910.77,
        "capacity_m3s": 0.418,
        "grid_row": 109,
        "grid_col": 115
      }
    },
    {
      "type": "Feature",
      "geometry": {
        "type": "Point",
        "coordinates": [
          77.603816,
          12.984089
        ]
      },
      "properties": {
        "id": "DN-00146",
        "type": "junction",
        "elevation_m": 910.77,
        "capacity_m3s": 0.418,
        "grid_row": 109,
        "grid_col": 115
      }
    },
    {
      "type": "Feature",
      "geometry": {
        "type": "Point",
        "coordinates": [
          77.604883,
          12.98413
        ]
      },
      "properties": {
        "id": "DN-00147",
        "type": "inlet",
        "elevation_m": 910.71,
        "capacity_m3s": 1.254,
        "grid_row": 109,
        "grid_col": 119
      }
    },
    {
      "type": "Feature",
      "geometry": {
        "type": "Point",
        "coordinates": [
          77.605156,
          12.984082
        ]
      },
      "properties": {
        "id": "DN-00148",
        "type": "junction",
        "elevation_m": 910.44,
        "capacity_m3s": 1.254,
        "grid_row": 109,
        "grid_col": 120
      }
    },
    {
      "type": "Feature",
      "geometry": {
        "type": "Point",
        "coordinates": [
          77.604883,
          12.98413
        ]
      },
      "properties": {
        "id": "DN-00149",
        "type": "inlet",
        "elevation_m": 910.71,
        "capacity_m3s": 1.254,
        "grid_row": 109,
        "grid_col": 119
      }
    },
    {
      "type": "Feature",
      "geometry": {
        "type": "Point",
        "coordinates": [
          77.605156,
          12.984082
        ]
      },
      "properties": {
        "id": "DN-00150",
        "type": "junction",
        "elevation_m": 910.44,
        "capacity_m3s": 1.254,
        "grid_row": 109,
        "grid_col": 120
      }
    },
    {
      "type": "Feature",
      "geometry": {
        "type": "Point",
        "coordinates": [
          77.599976,
          13.00468
        ]
      },
      "properties": {
        "id": "DN-00151",
        "type": "inlet",
        "elevation_m": 919.78,
        "capacity_m3s": 1.058,
        "grid_row": 200,
        "grid_col": 98
      }
    },
    {
      "type": "Feature",
      "geometry": {
        "type": "Point",
        "coordinates": [
          77.603591,
          13.003132
        ]
      },
      "properties": {
        "id": "DN-00152",
        "type": "junction",
        "elevation_m": 917.02,
        "capacity_m3s": 1.058,
        "grid_row": 193,
        "grid_col": 114
      }
    },
    {
      "type": "Feature",
      "geometry": {
        "type": "Point",
        "coordinates": [
          77.593644,
          12.988764
        ]
      },
      "properties": {
        "id": "DN-00153",
        "type": "inlet",
        "elevation_m": 935.21,
        "capacity_m3s": 2.972,
        "grid_row": 130,
        "grid_col": 71
      }
    },
    {
      "type": "Feature",
      "geometry": {
        "type": "Point",
        "coordinates": [
          77.593644,
          12.988764
        ]
      },
      "properties": {
        "id": "DN-00154",
        "type": "inlet",
        "elevation_m": 935.21,
        "capacity_m3s": 2.972,
        "grid_row": 130,
        "grid_col": 71
      }
    },
    {
      "type": "Feature",
      "geometry": {
        "type": "Point",
        "coordinates": [
          77.594739,
          12.989914
        ]
      },
      "properties": {
        "id": "DN-00155",
        "type": "junction",
        "elevation_m": 926.39,
        "capacity_m3s": 2.972,
        "grid_row": 135,
        "grid_col": 76
      }
    },
    {
      "type": "Feature",
      "geometry": {
        "type": "Point",
        "coordinates": [
          77.582891,
          12.999364
        ]
      },
      "properties": {
        "id": "DN-00156",
        "type": "inlet",
        "elevation_m": 924.22,
        "capacity_m3s": 1.884,
        "grid_row": 176,
        "grid_col": 25
      }
    },
    {
      "type": "Feature",
      "geometry": {
        "type": "Point",
        "coordinates": [
          77.582017,
          12.99858
        ]
      },
      "properties": {
        "id": "DN-00157",
        "type": "junction",
        "elevation_m": 921.61,
        "capacity_m3s": 1.884,
        "grid_row": 173,
        "grid_col": 21
      }
    },
    {
      "type": "Feature",
      "geometry": {
        "type": "Point",
        "coordinates": [
          77.583471,
          12.999382
        ]
      },
      "properties": {
        "id": "DN-00158",
        "type": "inlet",
        "elevation_m": 925.17,
        "capacity_m3s": 1.625,
        "grid_row": 176,
        "grid_col": 28
      }
    },
    {
      "type": "Feature",
      "geometry": {
        "type": "Point",
        "coordinates": [
          77.582891,
          12.999364
        ]
      },
      "properties": {
        "id": "DN-00159",
        "type": "junction",
        "elevation_m": 924.22,
        "capacity_m3s": 1.625,
        "grid_row": 176,
        "grid_col": 25
      }
    },
    {
      "type": "Feature",
      "geometry": {
        "type": "Point",
        "coordinates": [
          77.578617,
          13.006353
        ]
      },
      "properties": {
        "id": "DN-00160",
        "type": "inlet",
        "elevation_m": 933.33,
        "capacity_m3s": 2.26,
        "grid_row": 207,
        "grid_col": 7
      }
    },
    {
      "type": "Feature",
      "geometry": {
        "type": "Point",
        "coordinates": [
          77.578561,
          13.006178
        ]
      },
      "properties": {
        "id": "DN-00161",
        "type": "junction",
        "elevation_m": 932.73,
        "capacity_m3s": 2.26,
        "grid_row": 206,
        "grid_col": 7
      }
    },
    {
      "type": "Feature",
      "geometry": {
        "type": "Point",
        "coordinates": [
          77.58233,
          13.003552
        ]
      },
      "properties": {
        "id": "DN-00162",
        "type": "inlet",
        "elevation_m": 934.77,
        "capacity_m3s": 0.99,
        "grid_row": 195,
        "grid_col": 23
      }
    },
    {
      "type": "Feature",
      "geometry": {
        "type": "Point",
        "coordinates": [
          77.578615,
          13.005778
        ]
      },
      "properties": {
        "id": "DN-00163",
        "type": "junction",
        "elevation_m": 932.13,
        "capacity_m3s": 0.99,
        "grid_row": 205,
        "grid_col": 7
      }
    },
    {
      "type": "Feature",
      "geometry": {
        "type": "Point",
        "coordinates": [
          77.58233,
          13.003552
        ]
      },
      "properties": {
        "id": "DN-00164",
        "type": "inlet",
        "elevation_m": 934.77,
        "capacity_m3s": 0.99,
        "grid_row": 195,
        "grid_col": 23
      }
    },
    {
      "type": "Feature",
      "geometry": {
        "type": "Point",
        "coordinates": [
          77.578615,
          13.005778
        ]
      },
      "properties": {
        "id": "DN-00165",
        "type": "junction",
        "elevation_m": 932.13,
        "capacity_m3s": 0.99,
        "grid_row": 205,
        "grid_col": 7
      }
    },
    {
      "type": "Feature",
      "geometry": {
        "type": "Point",
        "coordinates": [
          77.588734,
          12.986656
        ]
      },
      "properties": {
        "id": "DN-00166",
        "type": "inlet",
        "elevation_m": 939.13,
        "capacity_m3s": 0.418,
        "grid_row": 121,
        "grid_col": 50
      }
    },
    {
      "type": "Feature",
      "geometry": {
        "type": "Point",
        "coordinates": [
          77.588779,
          12.986778
        ]
      },
      "properties": {
        "id": "DN-00167",
        "type": "junction",
        "elevation_m": 939.13,
        "capacity_m3s": 0.418,
        "grid_row": 121,
        "grid_col": 50
      }
    },
    {
      "type": "Feature",
      "geometry": {
        "type": "Point",
        "coordinates": [
          77.598481,
          12.965044
        ]
      },
      "properties": {
        "id": "DN-00168",
        "type": "inlet",
        "elevation_m": 912.46,
        "capacity_m3s": 1.484,
        "grid_row": 25,
        "grid_col": 92
      }
    },
    {
      "type": "Feature",
      "geometry": {
        "type": "Point",
        "coordinates": [
          77.599291,
          12.965163
        ]
      },
      "properties": {
        "id": "DN-00169",
        "type": "junction",
        "elevation_m": 911.34,
        "capacity_m3s": 1.484,
        "grid_row": 26,
        "grid_col": 95
      }
    },
    {
      "type": "Feature",
      "geometry": {
        "type": "Point",
        "coordinates": [
          77.594004,
          12.971751
        ]
      },
      "properties": {
        "id": "DN-00170",
        "type": "inlet",
        "elevation_m": 910.47,
        "capacity_m3s": 1.007,
        "grid_row": 55,
        "grid_col": 73
      }
    },
    {
      "type": "Feature",
      "geometry": {
        "type": "Point",
        "coordinates": [
          77.594944,
          12.967325
        ]
      },
      "properties": {
        "id": "DN-00171",
        "type": "junction",
        "elevation_m": 907.56,
        "capacity_m3s": 1.007,
        "grid_row": 35,
        "grid_col": 77
      }
    },
    {
      "type": "Feature",
      "geometry": {
        "type": "Point",
        "coordinates": [
          77.596313,
          12.964999
        ]
      },
      "properties": {
        "id": "DN-00172",
        "type": "inlet",
        "elevation_m": 908.71,
        "capacity_m3s": 1.122,
        "grid_row": 25,
        "grid_col": 83
      }
    },
    {
      "type": "Feature",
      "geometry": {
        "type": "Point",
        "coordinates": [
          77.595081,
          12.96668
        ]
      },
      "properties": {
        "id": "DN-00173",
        "type": "junction",
        "elevation_m": 907.01,
        "capacity_m3s": 1.122,
        "grid_row": 33,
        "grid_col": 77
      }
    },
    {
      "type": "Feature",
      "geometry": {
        "type": "Point",
        "coordinates": [
          77.596755,
          12.965145
        ]
      },
      "properties": {
        "id": "DN-00174",
        "type": "inlet",
        "elevation_m": 909.79,
        "capacity_m3s": 1.921,
        "grid_row": 26,
        "grid_col": 84
      }
    },
    {
      "type": "Feature",
      "geometry": {
        "type": "Point",
        "coordinates": [
          77.596313,
          12.964999
        ]
      },
      "properties": {
        "id": "DN-00175",
        "type": "junction",
        "elevation_m": 908.71,
        "capacity_m3s": 1.921,
        "grid_row": 25,
        "grid_col": 83
      }
    },
    {
      "type": "Feature",
      "geometry": {
        "type": "Point",
        "coordinates": [
          77.598083,
          12.966085
        ]
      },
      "properties": {
        "id": "DN-00176",
        "type": "inlet",
        "elevation_m": 914.87,
        "capacity_m3s": 1.966,
        "grid_row": 30,
        "grid_col": 90
      }
    },
    {
      "type": "Feature",
      "geometry": {
        "type": "Point",
        "coordinates": [
          77.597024,
          12.965314
        ]
      },
      "properties": {
        "id": "DN-00177",
        "type": "junction",
        "elevation_m": 911.68,
        "capacity_m3s": 1.966,
        "grid_row": 27,
        "grid_col": 86
      }
    },
    {
      "type": "Feature",
      "geometry": {
        "type": "Point",
        "coordinates": [
          77.593543,
          12.971801
        ]
      },
      "properties": {
        "id": "DN-00178",
        "type": "inlet",
        "elevation_m": 911.86,
        "capacity_m3s": 2.116,
        "grid_row": 55,
        "grid_col": 71
      }
    },
    {
      "type": "Feature",
      "geometry": {
        "type": "Point",
        "coordinates": [
          77.594004,
          12.971751
        ]
      },
      "properties": {
        "id": "DN-00179",
        "type": "junction",
        "elevation_m": 910.47,
        "capacity_m3s": 2.116,
        "grid_row": 55,
        "grid_col": 73
      }
    },
    {
      "type": "Feature",
      "geometry": {
        "type": "Point",
        "coordinates": [
          77.588324,
          12.984687
        ]
      },
      "properties": {
        "id": "DN-00180",
        "type": "inlet",
        "elevation_m": 934.84,
        "capacity_m3s": 1.769,
        "grid_row": 112,
        "grid_col": 48
      }
    },
    {
      "type": "Feature",
      "geometry": {
        "type": "Point",
        "coordinates": [
          77.588219,
          12.984514
        ]
      },
      "properties": {
        "id": "DN-00181",
        "type": "junction",
        "elevation_m": 934.44,
        "capacity_m3s": 1.769,
        "grid_row": 111,
        "grid_col": 48
      }
    },
    {
      "type": "Feature",
      "geometry": {
        "type": "Point",
        "coordinates": [
          77.602186,
          12.989189
        ]
      },
      "properties": {
        "id": "DN-00182",
        "type": "inlet",
        "elevation_m": 917.0,
        "capacity_m3s": 1.519,
        "grid_row": 132,
        "grid_col": 108
      }
    },
    {
      "type": "Feature",
      "geometry": {
        "type": "Point",
        "coordinates": [
          77.602186,
          12.989189
        ]
      },
      "properties": {
        "id": "DN-00183",
        "type": "inlet",
        "elevation_m": 917.0,
        "capacity_m3s": 1.856,
        "grid_row": 132,
        "grid_col": 108
      }
    },
    {
      "type": "Feature",
      "geometry": {
        "type": "Point",
        "coordinates": [
          77.603899,
          12.987273
        ]
      },
      "properties": {
        "id": "DN-00184",
        "type": "junction",
        "elevation_m": 911.42,
        "capacity_m3s": 1.856,
        "grid_row": 123,
        "grid_col": 115
      }
    },
    {
      "type": "Feature",
      "geometry": {
        "type": "Point",
        "coordinates": [
          77.57817,
          12.980549
        ]
      },
      "properties": {
        "id": "DN-00185",
        "type": "inlet",
        "elevation_m": 915.63,
        "capacity_m3s": 0.782,
        "grid_row": 94,
        "grid_col": 5
      }
    },
    {
      "type": "Feature",
      "geometry": {
        "type": "Point",
        "coordinates": [
          77.578697,
          12.980498
        ]
      },
      "properties": {
        "id": "DN-00186",
        "type": "junction",
        "elevation_m": 915.43,
        "capacity_m3s": 0.782,
        "grid_row": 93,
        "grid_col": 7
      }
    },
    {
      "type": "Feature",
      "geometry": {
        "type": "Point",
        "coordinates": [
          77.581907,
          12.98422
        ]
      },
      "properties": {
        "id": "DN-00187",
        "type": "inlet",
        "elevation_m": 925.21,
        "capacity_m3s": 1.381,
        "grid_row": 110,
        "grid_col": 21
      }
    },
    {
      "type": "Feature",
      "geometry": {
        "type": "Point",
        "coordinates": [
          77.578453,
          12.983951
        ]
      },
      "properties": {
        "id": "DN-00188",
        "type": "junction",
        "elevation_m": 920.98,
        "capacity_m3s": 1.381,
        "grid_row": 109,
        "grid_col": 6
      }
    },
    {
      "type": "Feature",
      "geometry": {
        "type": "Point",
        "coordinates": [
          77.5824,
          12.984443
        ]
      },
      "properties": {
        "id": "DN-00189",
        "type": "inlet",
        "elevation_m": 927.6,
        "capacity_m3s": 1.309,
        "grid_row": 111,
        "grid_col": 23
      }
    },
    {
      "type": "Feature",
      "geometry": {
        "type": "Point",
        "coordinates": [
          77.582323,
          12.984277
        ]
      },
      "properties": {
        "id": "DN-00190",
        "type": "junction",
        "elevation_m": 927.4,
        "capacity_m3s": 1.309,
        "grid_row": 110,
        "grid_col": 23
      }
    },
    {
      "type": "Feature",
      "geometry": {
        "type": "Point",
        "coordinates": [
          77.578461,
          12.983873
        ]
      },
      "properties": {
        "id": "DN-00191",
        "type": "inlet",
        "elevation_m": 920.63,
        "capacity_m3s": 2.24,
        "grid_row": 108,
        "grid_col": 6
      }
    },
    {
      "type": "Feature",
      "geometry": {
        "type": "Point",
        "coordinates": [
          77.577062,
          12.983226
        ]
      },
      "properties": {
        "id": "DN-00192",
        "type": "junction",
        "elevation_m": 915.71,
        "capacity_m3s": 2.24,
        "grid_row": 105,
        "grid_col": 0
      }
    },
    {
      "type": "Feature",
      "geometry": {
        "type": "Point",
        "coordinates": [
          77.581348,
          12.978898
        ]
      },
      "properties": {
        "id": "DN-00193",
        "type": "inlet",
        "elevation_m": 920.57,
        "capacity_m3s": 0.418,
        "grid_row": 86,
        "grid_col": 19
      }
    },
    {
      "type": "Feature",
      "geometry": {
        "type": "Point",
        "coordinates": [
          77.581628,
          12.979719
        ]
      },
      "properties": {
        "id": "DN-00194",
        "type": "inlet",
        "elevation_m": 921.05,
        "capacity_m3s": 1.412,
        "grid_row": 90,
        "grid_col": 20
      }
    },
    {
      "type": "Feature",
      "geometry": {
        "type": "Point",
        "coordinates": [
          77.576968,
          12.980521
        ]
      },
      "properties": {
        "id": "DN-00195",
        "type": "junction",
        "elevation_m": 915.11,
        "capacity_m3s": 1.412,
        "grid_row": 94,
        "grid_col": 0
      }
    },
    {
      "type": "Feature",
      "geometry": {
        "type": "Point",
        "coordinates": [
          77.578642,
          12.968003
        ]
      },
      "properties": {
        "id": "DN-00196",
        "type": "inlet",
        "elevation_m": 911.42,
        "capacity_m3s": 0.748,
        "grid_row": 38,
        "grid_col": 7
      }
    },
    {
      "type": "Feature",
      "geometry": {
        "type": "Point",
        "coordinates": [
          77.584228,
          12.965267
        ]
      },
      "properties": {
        "id": "DN-00197",
        "type": "junction",
        "elevation_m": 909.23,
        "capacity_m3s": 0.748,
        "grid_row": 26,
        "grid_col": 31
      }
    },
    {
      "type": "Feature",
      "geometry": {
        "type": "Point",
        "coordinates": [
          77.580695,
          12.971902
        ]
      },
      "properties": {
        "id": "DN-00198",
        "type": "inlet",
        "elevation_m": 922.7,
        "capacity_m3s": 2.01,
        "grid_row": 56,
        "grid_col": 16
      }
    },
    {
      "type": "Feature",
      "geometry": {
        "type": "Point",
        "coordinates": [
          77.578642,
          12.968003
        ]
      },
      "properties": {
        "id": "DN-00199",
        "type": "junction",
        "elevation_m": 911.42,
        "capacity_m3s": 2.01,
        "grid_row": 38,
        "grid_col": 7
      }
    },
    {
      "type": "Feature",
      "geometry": {
        "type": "Point",
        "coordinates": [
          77.580695,
          12.971902
        ]
      },
      "properties": {
        "id": "DN-00200",
        "type": "inlet",
        "elevation_m": 922.7,
        "capacity_m3s": 1.13,
        "grid_row": 56,
        "grid_col": 16
      }
    },
    {
      "type": "Feature",
      "geometry": {
        "type": "Point",
        "coordinates": [
          77.587421,
          12.966951
        ]
      },
      "properties": {
        "id": "DN-00201",
        "type": "junction",
        "elevation_m": 915.91,
        "capacity_m3s": 1.13,
        "grid_row": 34,
        "grid_col": 45
      }
    },
    {
      "type": "Feature",
      "geometry": {
        "type": "Point",
        "coordinates": [
          77.580695,
          12.971902
        ]
      },
      "properties": {
        "id": "DN-00202",
        "type": "inlet",
        "elevation_m": 922.7,
        "capacity_m3s": 1.13,
        "grid_row": 56,
        "grid_col": 16
      }
    },
    {
      "type": "Feature",
      "geometry": {
        "type": "Point",
        "coordinates": [
          77.587421,
          12.966951
        ]
      },
      "properties": {
        "id": "DN-00203",
        "type": "junction",
        "elevation_m": 915.91,
        "capacity_m3s": 1.13,
        "grid_row": 34,
        "grid_col": 45
      }
    },
    {
      "type": "Feature",
      "geometry": {
        "type": "Point",
        "coordinates": [
          77.574867,
          12.968344
        ]
      },
      "properties": {
        "id": "DN-00204",
        "type": "inlet",
        "elevation_m": 909.58,
        "capacity_m3s": 0.998,
        "grid_row": 40,
        "grid_col": 0
      }
    },
    {
      "type": "Feature",
      "geometry": {
        "type": "Point",
        "coordinates": [
          77.578003,
          12.966735
        ]
      },
      "properties": {
        "id": "DN-00205",
        "type": "junction",
        "elevation_m": 907.4,
        "capacity_m3s": 0.998,
        "grid_row": 33,
        "grid_col": 4
      }
    },
    {
      "type": "Feature",
      "geometry": {
        "type": "Point",
        "coordinates": [
          77.574867,
          12.968344
        ]
      },
      "properties": {
        "id": "DN-00206",
        "type": "inlet",
        "elevation_m": 909.58,
        "capacity_m3s": 0.998,
        "grid_row": 40,
        "grid_col": 0
      }
    },
    {
      "type": "Feature",
      "geometry": {
        "type": "Point",
        "coordinates": [
          77.578003,
          12.966735
        ]
      },
      "properties": {
        "id": "DN-00207",
        "type": "junction",
        "elevation_m": 907.4,
        "capacity_m3s": 0.998,
        "grid_row": 33,
        "grid_col": 4
      }
    },
    {
      "type": "Feature",
      "geometry": {
        "type": "Point",
        "coordinates": [
          77.585242,
          12.963845
        ]
      },
      "properties": {
        "id": "DN-00208",
        "type": "outfall",
        "elevation_m": 905.32,
        "capacity_m3s": 6.0,
        "grid_row": 20,
        "grid_col": 35
      }
    },
    {
      "type": "Feature",
      "geometry": {
        "type": "Point",
        "coordinates": [
          77.584734,
          12.963738
        ]
      },
      "properties": {
        "id": "DN-00209",
        "type": "outfall",
        "elevation_m": 904.62,
        "capacity_m3s": 6.0,
        "grid_row": 20,
        "grid_col": 33
      }
    },
    {
      "type": "Feature",
      "geometry": {
        "type": "Point",
        "coordinates": [
          77.584734,
          12.963738
        ]
      },
      "properties": {
        "id": "DN-00210",
        "type": "outfall",
        "elevation_m": 904.62,
        "capacity_m3s": 6.0,
        "grid_row": 20,
        "grid_col": 33
      }
    },
    {
      "type": "Feature",
      "geometry": {
        "type": "Point",
        "coordinates": [
          77.584203,
          12.963643
        ]
      },
      "properties": {
        "id": "DN-00211",
        "type": "outfall",
        "elevation_m": 903.04,
        "capacity_m3s": 6.0,
        "grid_row": 19,
        "grid_col": 31
      }
    },
    {
      "type": "Feature",
      "geometry": {
        "type": "Point",
        "coordinates": [
          77.582395,
          12.963981
        ]
      },
      "properties": {
        "id": "DN-00212",
        "type": "outfall",
        "elevation_m": 901.98,
        "capacity_m3s": 6.0,
        "grid_row": 21,
        "grid_col": 23
      }
    },
    {
      "type": "Feature",
      "geometry": {
        "type": "Point",
        "coordinates": [
          77.577535,
          12.964462
        ]
      },
      "properties": {
        "id": "DN-00213",
        "type": "outfall",
        "elevation_m": 901.01,
        "capacity_m3s": 6.0,
        "grid_row": 23,
        "grid_col": 2
      }
    },
    {
      "type": "Feature",
      "geometry": {
        "type": "Point",
        "coordinates": [
          77.576945,
          12.964317
        ]
      },
      "properties": {
        "id": "DN-00214",
        "type": "outfall",
        "elevation_m": 899.97,
        "capacity_m3s": 6.0,
        "grid_row": 22,
        "grid_col": 0
      }
    },
    {
      "type": "Feature",
      "geometry": {
        "type": "Point",
        "coordinates": [
          77.579004,
          12.964302
        ]
      },
      "properties": {
        "id": "DN-00215",
        "type": "outfall",
        "elevation_m": 902.14,
        "capacity_m3s": 6.0,
        "grid_row": 22,
        "grid_col": 9
      }
    },
    {
      "type": "Feature",
      "geometry": {
        "type": "Point",
        "coordinates": [
          77.577535,
          12.964462
        ]
      },
      "properties": {
        "id": "DN-00216",
        "type": "outfall",
        "elevation_m": 901.01,
        "capacity_m3s": 6.0,
        "grid_row": 23,
        "grid_col": 2
      }
    },
    {
      "type": "Feature",
      "geometry": {
        "type": "Point",
        "coordinates": [
          77.577071,
          12.979436
        ]
      },
      "properties": {
        "id": "DN-00217",
        "type": "inlet",
        "elevation_m": 914.36,
        "capacity_m3s": 1.098,
        "grid_row": 89,
        "grid_col": 0
      }
    },
    {
      "type": "Feature",
      "geometry": {
        "type": "Point",
        "coordinates": [
          77.5771,
          12.979165
        ]
      },
      "properties": {
        "id": "DN-00218",
        "type": "junction",
        "elevation_m": 914.15,
        "capacity_m3s": 1.098,
        "grid_row": 88,
        "grid_col": 0
      }
    },
    {
      "type": "Feature",
      "geometry": {
        "type": "Point",
        "coordinates": [
          77.5771,
          12.979165
        ]
      },
      "properties": {
        "id": "DN-00219",
        "type": "inlet",
        "elevation_m": 914.15,
        "capacity_m3s": 0.418,
        "grid_row": 88,
        "grid_col": 0
      }
    },
    {
      "type": "Feature",
      "geometry": {
        "type": "Point",
        "coordinates": [
          77.575071,
          12.979009
        ]
      },
      "properties": {
        "id": "DN-00220",
        "type": "junction",
        "elevation_m": 913.93,
        "capacity_m3s": 0.418,
        "grid_row": 87,
        "grid_col": 0
      }
    },
    {
      "type": "Feature",
      "geometry": {
        "type": "Point",
        "coordinates": [
          77.589912,
          12.962462
        ]
      },
      "properties": {
        "id": "DN-00221",
        "type": "outfall",
        "elevation_m": 904.21,
        "capacity_m3s": 6.0,
        "grid_row": 14,
        "grid_col": 55
      }
    },
    {
      "type": "Feature",
      "geometry": {
        "type": "Point",
        "coordinates": [
          77.587941,
          12.966845
        ]
      },
      "properties": {
        "id": "DN-00222",
        "type": "inlet",
        "elevation_m": 915.8,
        "capacity_m3s": 1.847,
        "grid_row": 33,
        "grid_col": 47
      }
    },
    {
      "type": "Feature",
      "geometry": {
        "type": "Point",
        "coordinates": [
          77.586812,
          12.965494
        ]
      },
      "properties": {
        "id": "DN-00223",
        "type": "junction",
        "elevation_m": 912.02,
        "capacity_m3s": 1.847,
        "grid_row": 27,
        "grid_col": 42
      }
    },
    {
      "type": "Feature",
      "geometry": {
        "type": "Point",
        "coordinates": [
          77.586812,
          12.965494
        ]
      },
      "properties": {
        "id": "DN-00224",
        "type": "inlet",
        "elevation_m": 912.02,
        "capacity_m3s": 2.161,
        "grid_row": 27,
        "grid_col": 42
      }
    },
    {
      "type": "Feature",
      "geometry": {
        "type": "Point",
        "coordinates": [
          77.585242,
          12.963845
        ]
      },
      "properties": {
        "id": "DN-00225",
        "type": "outfall",
        "elevation_m": 905.32,
        "capacity_m3s": 6.0,
        "grid_row": 20,
        "grid_col": 35
      }
    },
    {
      "type": "Feature",
      "geometry": {
        "type": "Point",
        "coordinates": [
          77.586957,
          12.965366
        ]
      },
      "properties": {
        "id": "DN-00226",
        "type": "inlet",
        "elevation_m": 912.39,
        "capacity_m3s": 0.418,
        "grid_row": 27,
        "grid_col": 43
      }
    },
    {
      "type": "Feature",
      "geometry": {
        "type": "Point",
        "coordinates": [
          77.587486,
          12.96492
        ]
      },
      "properties": {
        "id": "DN-00227",
        "type": "junction",
        "elevation_m": 912.36,
        "capacity_m3s": 0.418,
        "grid_row": 25,
        "grid_col": 45
      }
    },
    {
      "type": "Feature",
      "geometry": {
        "type": "Point",
        "coordinates": [
          77.581014,
          12.973066
        ]
      },
      "properties": {
        "id": "DN-00228",
        "type": "inlet",
        "elevation_m": 922.19,
        "capacity_m3s": 1.754,
        "grid_row": 61,
        "grid_col": 17
      }
    },
    {
      "type": "Feature",
      "geometry": {
        "type": "Point",
        "coordinates": [
          77.578247,
          12.974332
        ]
      },
      "properties": {
        "id": "DN-00229",
        "type": "junction",
        "elevation_m": 916.37,
        "capacity_m3s": 1.754,
        "grid_row": 66,
        "grid_col": 5
      }
    },
    {
      "type": "Feature",
      "geometry": {
        "type": "Point",
        "coordinates": [
          77.578247,
          12.974332
        ]
      },
      "properties": {
        "id": "DN-00230",
        "type": "inlet",
        "elevation_m": 916.37,
        "capacity_m3s": 2.209,
        "grid_row": 66,
        "grid_col": 5
      }
    },
    {
      "type": "Feature",
      "geometry": {
        "type": "Point",
        "coordinates": [
          77.577348,
          12.974704
        ]
      },
      "properties": {
        "id": "DN-00231",
        "type": "junction",
        "elevation_m": 913.42,
        "capacity_m3s": 2.209,
        "grid_row": 68,
        "grid_col": 1
      }
    },
    {
      "type": "Feature",
      "geometry": {
        "type": "Point",
        "coordinates": [
          77.577348,
          12.974704
        ]
      },
      "properties": {
        "id": "DN-00232",
        "type": "inlet",
        "elevation_m": 913.42,
        "capacity_m3s": 1.226,
        "grid_row": 68,
        "grid_col": 1
      }
    },
    {
      "type": "Feature",
      "geometry": {
        "type": "Point",
        "coordinates": [
          77.576083,
          12.975168
        ]
      },
      "properties": {
        "id": "DN-00233",
        "type": "junction",
        "elevation_m": 912.15,
        "capacity_m3s": 1.226,
        "grid_row": 70,
        "grid_col": 0
      }
    },
    {
      "type": "Feature",
      "geometry": {
        "type": "Point",
        "coordinates": [
          77.588607,
          12.990466
        ]
      },
      "properties": {
        "id": "DN-00234",
        "type": "inlet",
        "elevation_m": 940.75,
        "capacity_m3s": 1.646,
        "grid_row": 137,
        "grid_col": 50
      }
    },
    {
      "type": "Feature",
      "geometry": {
        "type": "Point",
        "coordinates": [
          77.592823,
          12.989658
        ]
      },
      "properties": {
        "id": "DN-00235",
        "type": "junction",
        "elevation_m": 933.17,
        "capacity_m3s": 1.646,
        "grid_row": 134,
        "grid_col": 68
      }
    },
    {
      "type": "Feature",
      "geometry": {
        "type": "Point",
        "coordinates": [
          77.588607,
          12.990466
        ]
      },
      "properties": {
        "id": "DN-00236",
        "type": "inlet",
        "elevation_m": 940.75,
        "capacity_m3s": 0.418,
        "grid_row": 137,
        "grid_col": 50
      }
    },
    {
      "type": "Feature",
      "geometry": {
        "type": "Point",
        "coordinates": [
          77.588604,
          12.990511
        ]
      },
      "properties": {
        "id": "DN-00237",
        "type": "junction",
        "elevation_m": 940.75,
        "capacity_m3s": 0.418,
        "grid_row": 137,
        "grid_col": 50
      }
    },
    {
      "type": "Feature",
      "geometry": {
        "type": "Point",
        "coordinates": [
          77.592823,
          12.989658
        ]
      },
      "properties": {
        "id": "DN-00238",
        "type": "inlet",
        "elevation_m": 933.17,
        "capacity_m3s": 2.438,
        "grid_row": 134,
        "grid_col": 68
      }
    },
    {
      "type": "Feature",
      "geometry": {
        "type": "Point",
        "coordinates": [
          77.593704,
          12.991062
        ]
      },
      "properties": {
        "id": "DN-00239",
        "type": "junction",
        "elevation_m": 926.93,
        "capacity_m3s": 2.438,
        "grid_row": 140,
        "grid_col": 71
      }
    },
    {
      "type": "Feature",
      "geometry": {
        "type": "Point",
        "coordinates": [
          77.577241,
          12.988217
        ]
      },
      "properties": {
        "id": "DN-00240",
        "type": "inlet",
        "elevation_m": 914.0,
        "capacity_m3s": 2.499,
        "grid_row": 127,
        "grid_col": 1
      }
    },
    {
      "type": "Feature",
      "geometry": {
        "type": "Point",
        "coordinates": [
          77.577074,
          12.98831
        ]
      },
      "properties": {
        "id": "DN-00241",
        "type": "junction",
        "elevation_m": 913.11,
        "capacity_m3s": 2.499,
        "grid_row": 128,
        "grid_col": 0
      }
    },
    {
      "type": "Feature",
      "geometry": {
        "type": "Point",
        "coordinates": [
          77.578459,
          12.987327
        ]
      },
      "properties": {
        "id": "DN-00242",
        "type": "inlet",
        "elevation_m": 918.54,
        "capacity_m3s": 2.087,
        "grid_row": 123,
        "grid_col": 6
      }
    },
    {
      "type": "Feature",
      "geometry": {
        "type": "Point",
        "coordinates": [
          77.577885,
          12.987754
        ]
      },
      "properties": {
        "id": "DN-00243",
        "type": "junction",
        "elevation_m": 916.59,
        "capacity_m3s": 2.087,
        "grid_row": 125,
        "grid_col": 4
      }
    },
    {
      "type": "Feature",
      "geometry": {
        "type": "Point",
        "coordinates": [
          77.59923,
          12.976572
        ]
      },
      "properties": {
        "id": "DN-00244",
        "type": "inlet",
        "elevation_m": 919.72,
        "capacity_m3s": 1.399,
        "grid_row": 76,
        "grid_col": 95
      }
    },
    {
      "type": "Feature",
      "geometry": {
        "type": "Point",
        "coordinates": [
          77.59425,
          12.972356
        ]
      },
      "properties": {
        "id": "DN-00245",
        "type": "junction",
        "elevation_m": 911.64,
        "capacity_m3s": 1.399,
        "grid_row": 58,
        "grid_col": 74
      }
    },
    {
      "type": "Feature",
      "geometry": {
        "type": "Point",
        "coordinates": [
          77.594132,
          12.972211
        ]
      },
      "properties": {
        "id": "DN-00246",
        "type": "inlet",
        "elevation_m": 911.68,
        "capacity_m3s": 0.576,
        "grid_row": 57,
        "grid_col": 73
      }
    },
    {
      "type": "Feature",
      "geometry": {
        "type": "Point",
        "coordinates": [
          77.59425,
          12.972356
        ]
      },
      "properties": {
        "id": "DN-00247",
        "type": "junction",
        "elevation_m": 911.64,
        "capacity_m3s": 0.576,
        "grid_row": 58,
        "grid_col": 74
      }
    },
    {
      "type": "Feature",
      "geometry": {
        "type": "Point",
        "coordinates": [
          77.605355,
          12.985675
        ]
      },
      "properties": {
        "id": "DN-00248",
        "type": "junction",
        "elevation_m": 909.48,
        "capacity_m3s": 1.197,
        "grid_row": 116,
        "grid_col": 121
      }
    },
    {
      "type": "Feature",
      "geometry": {
        "type": "Point",
        "coordinates": [
          77.603806,
          12.990053
        ]
      },
      "properties": {
        "id": "DN-00249",
        "type": "inlet",
        "elevation_m": 916.58,
        "capacity_m3s": 1.704,
        "grid_row": 135,
        "grid_col": 115
      }
    },
    {
      "type": "Feature",
      "geometry": {
        "type": "Point",
        "coordinates": [
          77.603806,
          12.990053
        ]
      },
      "properties": {
        "id": "DN-00250",
        "type": "inlet",
        "elevation_m": 916.58,
        "capacity_m3s": 1.322,
        "grid_row": 135,
        "grid_col": 115
      }
    },
    {
      "type": "Feature",
      "geometry": {
        "type": "Point",
        "coordinates": [
          77.603806,
          12.990053
        ]
      },
      "properties": {
        "id": "DN-00251",
        "type": "junction",
        "elevation_m": 916.58,
        "capacity_m3s": 2.252,
        "grid_row": 135,
        "grid_col": 115
      }
    },
    {
      "type": "Feature",
      "geometry": {
        "type": "Point",
        "coordinates": [
          77.607148,
          12.991665
        ]
      },
      "properties": {
        "id": "DN-00252",
        "type": "inlet",
        "elevation_m": 916.56,
        "capacity_m3s": 0.418,
        "grid_row": 143,
        "grid_col": 129
      }
    },
    {
      "type": "Feature",
      "geometry": {
        "type": "Point",
        "coordinates": [
          77.605216,
          12.990653
        ]
      },
      "properties": {
        "id": "DN-00253",
        "type": "junction",
        "elevation_m": 916.41,
        "capacity_m3s": 0.418,
        "grid_row": 138,
        "grid_col": 121
      }
    },
    {
      "type": "Feature",
      "geometry": {
        "type": "Point",
        "coordinates": [
          77.605216,
          12.990653
        ]
      },
      "properties": {
        "id": "DN-00254",
        "type": "inlet",
        "elevation_m": 916.41,
        "capacity_m3s": 2.201,
        "grid_row": 138,
        "grid_col": 121
      }
    },
    {
      "type": "Feature",
      "geometry": {
        "type": "Point",
        "coordinates": [
          77.6053,
          12.990186
        ]
      },
      "properties": {
        "id": "DN-00255",
        "type": "junction",
        "elevation_m": 914.95,
        "capacity_m3s": 2.201,
        "grid_row": 136,
        "grid_col": 121
      }
    },
    {
      "type": "Feature",
      "geometry": {
        "type": "Point",
        "coordinates": [
          77.609147,
          12.990034
        ]
      },
      "properties": {
        "id": "DN-00256",
        "type": "inlet",
        "elevation_m": 911.77,
        "capacity_m3s": 1.09,
        "grid_row": 135,
        "grid_col": 129
      }
    },
    {
      "type": "Feature",
      "geometry": {
        "type": "Point",
        "coordinates": [
          77.606874,
          12.985375
        ]
      },
      "properties": {
        "id": "DN-00257",
        "type": "junction",
        "elevation_m": 907.53,
        "capacity_m3s": 1.09,
        "grid_row": 115,
        "grid_col": 128
      }
    },
    {
      "type": "Feature",
      "geometry": {
        "type": "Point",
        "coordinates": [
          77.605692,
          12.985631
        ]
      },
      "properties": {
        "id": "DN-00258",
        "type": "inlet",
        "elevation_m": 908.94,
        "capacity_m3s": 1.368,
        "grid_row": 116,
        "grid_col": 123
      }
    },
    {
      "type": "Feature",
      "geometry": {
        "type": "Point",
        "coordinates": [
          77.606874,
          12.985375
        ]
      },
      "properties": {
        "id": "DN-00259",
        "type": "junction",
        "elevation_m": 907.53,
        "capacity_m3s": 1.368,
        "grid_row": 115,
        "grid_col": 128
      }
    },
    {
      "type": "Feature",
      "geometry": {
        "type": "Point",
        "coordinates": [
          77.596728,
          12.964675
        ]
      },
      "properties": {
        "id": "DN-00260",
        "type": "inlet",
        "elevation_m": 909.25,
        "capacity_m3s": 2.044,
        "grid_row": 24,
        "grid_col": 84
      }
    },
    {
      "type": "Feature",
      "geometry": {
        "type": "Point",
        "coordinates": [
          77.594859,
          12.962488
        ]
      },
      "properties": {
        "id": "DN-00261",
        "type": "outfall",
        "elevation_m": 901.52,
        "capacity_m3s": 6.0,
        "grid_row": 14,
        "grid_col": 76
      }
    },
    {
      "type": "Feature",
      "geometry": {
        "type": "Point",
        "coordinates": [
          77.596799,
          12.964835
        ]
      },
      "properties": {
        "id": "DN-00262",
        "type": "inlet",
        "elevation_m": 910.33,
        "capacity_m3s": 3.121,
        "grid_row": 25,
        "grid_col": 85
      }
    },
    {
      "type": "Feature",
      "geometry": {
        "type": "Point",
        "coordinates": [
          77.596728,
          12.964675
        ]
      },
      "properties": {
        "id": "DN-00263",
        "type": "junction",
        "elevation_m": 909.25,
        "capacity_m3s": 3.121,
        "grid_row": 24,
        "grid_col": 84
      }
    },
    {
      "type": "Feature",
      "geometry": {
        "type": "Point",
        "coordinates": [
          77.592057,
          12.962489
        ]
      },
      "properties": {
        "id": "DN-00264",
        "type": "outfall",
        "elevation_m": 899.47,
        "capacity_m3s": 6.0,
        "grid_row": 14,
        "grid_col": 64
      }
    },
    {
      "type": "Feature",
      "geometry": {
        "type": "Point",
        "coordinates": [
          77.59218,
          12.962471
        ]
      },
      "properties": {
        "id": "DN-00265",
        "type": "outfall",
        "elevation_m": 899.39,
        "capacity_m3s": 6.0,
        "grid_row": 14,
        "grid_col": 65
      }
    },
    {
      "type": "Feature",
      "geometry": {
        "type": "Point",
        "coordinates": [
          77.596849,
          12.964954
        ]
      },
      "properties": {
        "id": "DN-00266",
        "type": "junction",
        "elevation_m": 910.33,
        "capacity_m3s": 2.309,
        "grid_row": 25,
        "grid_col": 85
      }
    },
    {
      "type": "Feature",
      "geometry": {
        "type": "Point",
        "coordinates": [
          77.600121,
          12.999228
        ]
      },
      "properties": {
        "id": "DN-00267",
        "type": "inlet",
        "elevation_m": 930.26,
        "capacity_m3s": 1.106,
        "grid_row": 176,
        "grid_col": 99
      }
    },
    {
      "type": "Feature",
      "geometry": {
        "type": "Point",
        "coordinates": [
          77.606288,
          12.99568
        ]
      },
      "properties": {
        "id": "DN-00268",
        "type": "junction",
        "elevation_m": 924.68,
        "capacity_m3s": 1.106,
        "grid_row": 160,
        "grid_col": 125
      }
    },
    {
      "type": "Feature",
      "geometry": {
        "type": "Point",
        "coordinates": [
          77.600121,
          12.999228
        ]
      },
      "properties": {
        "id": "DN-00269",
        "type": "inlet",
        "elevation_m": 930.26,
        "capacity_m3s": 1.106,
        "grid_row": 176,
        "grid_col": 99
      }
    },
    {
      "type": "Feature",
      "geometry": {
        "type": "Point",
        "coordinates": [
          77.606288,
          12.99568
        ]
      },
      "properties": {
        "id": "DN-00270",
        "type": "junction",
        "elevation_m": 924.68,
        "capacity_m3s": 1.106,
        "grid_row": 160,
        "grid_col": 125
      }
    },
    {
      "type": "Feature",
      "geometry": {
        "type": "Point",
        "coordinates": [
          77.60065,
          12.998109
        ]
      },
      "properties": {
        "id": "DN-00271",
        "type": "inlet",
        "elevation_m": 934.27,
        "capacity_m3s": 2.263,
        "grid_row": 171,
        "grid_col": 101
      }
    },
    {
      "type": "Feature",
      "geometry": {
        "type": "Point",
        "coordinates": [
          77.590656,
          13.010025
        ]
      },
      "properties": {
        "id": "DN-00272",
        "type": "inlet",
        "elevation_m": 937.07,
        "capacity_m3s": 0.418,
        "grid_row": 223,
        "grid_col": 58
      }
    },
    {
      "type": "Feature",
      "geometry": {
        "type": "Point",
        "coordinates": [
          77.59059,
          13.009988
        ]
      },
      "properties": {
        "id": "DN-00273",
        "type": "junction",
        "elevation_m": 937.07,
        "capacity_m3s": 0.418,
        "grid_row": 223,
        "grid_col": 58
      }
    },
    {
      "type": "Feature",
      "geometry": {
        "type": "Point",
        "coordinates": [
          77.590656,
          13.010025
        ]
      },
      "properties": {
        "id": "DN-00274",
        "type": "inlet",
        "elevation_m": 937.07,
        "capacity_m3s": 1.43,
        "grid_row": 223,
        "grid_col": 58
      }
    },
    {
      "type": "Feature",
      "geometry": {
        "type": "Point",
        "coordinates": [
          77.593403,
          13.011888
        ]
      },
      "properties": {
        "id": "DN-00275",
        "type": "junction",
        "elevation_m": 932.83,
        "capacity_m3s": 1.43,
        "grid_row": 231,
        "grid_col": 70
      }
    },
    {
      "type": "Feature",
      "geometry": {
        "type": "Point",
        "coordinates": [
          77.591419,
          12.995231
        ]
      },
      "properties": {
        "id": "DN-00276",
        "type": "inlet",
        "elevation_m": 924.82,
        "capacity_m3s": 1.329,
        "grid_row": 158,
        "grid_col": 62
      }
    },
    {
      "type": "Feature",
      "geometry": {
        "type": "Point",
        "coordinates": [
          77.594807,
          12.994068
        ]
      },
      "properties": {
        "id": "DN-00277",
        "type": "junction",
        "elevation_m": 920.82,
        "capacity_m3s": 1.329,
        "grid_row": 153,
        "grid_col": 76
      }
    },
    {
      "type": "Feature",
      "geometry": {
        "type": "Point",
        "coordinates": [
          77.591419,
          12.995231
        ]
      },
      "properties": {
        "id": "DN-00278",
        "type": "inlet",
        "elevation_m": 924.82,
        "capacity_m3s": 1.329,
        "grid_row": 158,
        "grid_col": 62
      }
    },
    {
      "type": "Feature",
      "geometry": {
        "type": "Point",
        "coordinates": [
          77.594807,
          12.994068
        ]
      },
      "properties": {
        "id": "DN-00279",
        "type": "junction",
        "elevation_m": 920.82,
        "capacity_m3s": 1.329,
        "grid_row": 153,
        "grid_col": 76
      }
    },
    {
      "type": "Feature",
      "geometry": {
        "type": "Point",
        "coordinates": [
          77.592327,
          12.983119
        ]
      },
      "properties": {
        "id": "DN-00280",
        "type": "inlet",
        "elevation_m": 937.92,
        "capacity_m3s": 2.153,
        "grid_row": 105,
        "grid_col": 65
      }
    },
    {
      "type": "Feature",
      "geometry": {
        "type": "Point",
        "coordinates": [
          77.592292,
          12.982937
        ]
      },
      "properties": {
        "id": "DN-00281",
        "type": "junction",
        "elevation_m": 937.37,
        "capacity_m3s": 2.153,
        "grid_row": 104,
        "grid_col": 65
      }
    },
    {
      "type": "Feature",
      "geometry": {
        "type": "Point",
        "coordinates": [
          77.577714,
          12.96146
        ]
      },
      "properties": {
        "id": "DN-00282",
        "type": "outfall",
        "elevation_m": 899.92,
        "capacity_m3s": 6.0,
        "grid_row": 10,
        "grid_col": 3
      }
    },
    {
      "type": "Feature",
      "geometry": {
        "type": "Point",
        "coordinates": [
          77.575865,
          12.962281
        ]
      },
      "properties": {
        "id": "DN-00283",
        "type": "outfall",
        "elevation_m": 899.46,
        "capacity_m3s": 6.0,
        "grid_row": 13,
        "grid_col": 0
      }
    },
    {
      "type": "Feature",
      "geometry": {
        "type": "Point",
        "coordinates": [
          77.577649,
          12.958854
        ]
      },
      "properties": {
        "id": "DN-00284",
        "type": "outfall",
        "elevation_m": 901.49,
        "capacity_m3s": 6.0,
        "grid_row": 0,
        "grid_col": 3
      }
    },
    {
      "type": "Feature",
      "geometry": {
        "type": "Point",
        "coordinates": [
          77.577714,
          12.96146
        ]
      },
      "properties": {
        "id": "DN-00285",
        "type": "outfall",
        "elevation_m": 899.92,
        "capacity_m3s": 6.0,
        "grid_row": 10,
        "grid_col": 3
      }
    },
    {
      "type": "Feature",
      "geometry": {
        "type": "Point",
        "coordinates": [
          77.601946,
          12.995427
        ]
      },
      "properties": {
        "id": "DN-00286",
        "type": "inlet",
        "elevation_m": 933.17,
        "capacity_m3s": 1.565,
        "grid_row": 159,
        "grid_col": 107
      }
    },
    {
      "type": "Feature",
      "geometry": {
        "type": "Point",
        "coordinates": [
          77.596958,
          12.99468
        ]
      },
      "properties": {
        "id": "DN-00287",
        "type": "junction",
        "elevation_m": 925.3,
        "capacity_m3s": 1.565,
        "grid_row": 156,
        "grid_col": 85
      }
    },
    {
      "type": "Feature",
      "geometry": {
        "type": "Point",
        "coordinates": [
          77.587424,
          12.966913
        ]
      },
      "properties": {
        "id": "DN-00288",
        "type": "inlet",
        "elevation_m": 915.91,
        "capacity_m3s": 1.803,
        "grid_row": 34,
        "grid_col": 45
      }
    },
    {
      "type": "Feature",
      "geometry": {
        "type": "Point",
        "coordinates": [
          77.586782,
          12.965977
        ]
      },
      "properties": {
        "id": "DN-00289",
        "type": "junction",
        "elevation_m": 913.55,
        "capacity_m3s": 1.803,
        "grid_row": 30,
        "grid_col": 42
      }
    },
    {
      "type": "Feature",
      "geometry": {
        "type": "Point",
        "coordinates": [
          77.593986,
          13.007722
        ]
      },
      "properties": {
        "id": "DN-00290",
        "type": "inlet",
        "elevation_m": 930.99,
        "capacity_m3s": 1.387,
        "grid_row": 213,
        "grid_col": 73
      }
    },
    {
      "type": "Feature",
      "geometry": {
        "type": "Point",
        "coordinates": [
          77.595498,
          13.011758
        ]
      },
      "properties": {
        "id": "DN-00291",
        "type": "junction",
        "elevation_m": 925.74,
        "capacity_m3s": 1.387,
        "grid_row": 231,
        "grid_col": 79
      }
    },
    {
      "type": "Feature",
      "geometry": {
        "type": "Point",
        "coordinates": [
          77.593986,
          13.007722
        ]
      },
      "properties": {
        "id": "DN-00292",
        "type": "inlet",
        "elevation_m": 930.99,
        "capacity_m3s": 1.387,
        "grid_row": 213,
        "grid_col": 73
      }
    },
    {
      "type": "Feature",
      "geometry": {
        "type": "Point",
        "coordinates": [
          77.595498,
          13.011758
        ]
      },
      "properties": {
        "id": "DN-00293",
        "type": "junction",
        "elevation_m": 925.74,
        "capacity_m3s": 1.387,
        "grid_row": 231,
        "grid_col": 79
      }
    },
    {
      "type": "Feature",
      "geometry": {
        "type": "Point",
        "coordinates": [
          77.593986,
          13.007722
        ]
      },
      "properties": {
        "id": "DN-00294",
        "type": "inlet",
        "elevation_m": 930.99,
        "capacity_m3s": 1.636,
        "grid_row": 213,
        "grid_col": 73
      }
    },
    {
      "type": "Feature",
      "geometry": {
        "type": "Point",
        "coordinates": [
          77.599976,
          13.00468
        ]
      },
      "properties": {
        "id": "DN-00295",
        "type": "junction",
        "elevation_m": 919.78,
        "capacity_m3s": 1.636,
        "grid_row": 200,
        "grid_col": 98
      }
    },
    {
      "type": "Feature",
      "geometry": {
        "type": "Point",
        "coordinates": [
          77.593114,
          13.006067
        ]
      },
      "properties": {
        "id": "DN-00296",
        "type": "inlet",
        "elevation_m": 934.92,
        "capacity_m3s": 1.436,
        "grid_row": 206,
        "grid_col": 69
      }
    },
    {
      "type": "Feature",
      "geometry": {
        "type": "Point",
        "coordinates": [
          77.593205,
          13.006235
        ]
      },
      "properties": {
        "id": "DN-00297",
        "type": "junction",
        "elevation_m": 934.67,
        "capacity_m3s": 1.436,
        "grid_row": 207,
        "grid_col": 69
      }
    },
    {
      "type": "Feature",
      "geometry": {
        "type": "Point",
        "coordinates": [
          77.588332,
          12.984594
        ]
      },
      "properties": {
        "id": "DN-00298",
        "type": "inlet",
        "elevation_m": 934.44,
        "capacity_m3s": 0.916,
        "grid_row": 111,
        "grid_col": 48
      }
    },
    {
      "type": "Feature",
      "geometry": {
        "type": "Point",
        "coordinates": [
          77.588363,
          12.984486
        ]
      },
      "properties": {
        "id": "DN-00299",
        "type": "junction",
        "elevation_m": 934.38,
        "capacity_m3s": 0.916,
        "grid_row": 111,
        "grid_col": 49
      }
    },
    {
      "type": "Feature",
      "geometry": {
        "type": "Point",
        "coordinates": [
          77.588363,
          12.984486
        ]
      },
      "properties": {
        "id": "DN-00300",
        "type": "inlet",
        "elevation_m": 934.38,
        "capacity_m3s": 2.267,
        "grid_row": 111,
        "grid_col": 49
      }
    },
    {
      "type": "Feature",
      "geometry": {
        "type": "Point",
        "coordinates": [
          77.588623,
          12.982735
        ]
      },
      "properties": {
        "id": "DN-00301",
        "type": "junction",
        "elevation_m": 928.55,
        "capacity_m3s": 2.267,
        "grid_row": 103,
        "grid_col": 50
      }
    },
    {
      "type": "Feature",
      "geometry": {
        "type": "Point",
        "coordinates": [
          77.588551,
          12.981767
        ]
      },
      "properties": {
        "id": "DN-00302",
        "type": "junction",
        "elevation_m": 925.76,
        "capacity_m3s": 2.124,
        "grid_row": 99,
        "grid_col": 49
      }
    },
    {
      "type": "Feature",
      "geometry": {
        "type": "Point",
        "coordinates": [
          77.588002,
          12.981217
        ]
      },
      "properties": {
        "id": "DN-00303",
        "type": "inlet",
        "elevation_m": 925.66,
        "capacity_m3s": 2.488,
        "grid_row": 97,
        "grid_col": 47
      }
    },
    {
      "type": "Feature",
      "geometry": {
        "type": "Point",
        "coordinates": [
          77.588508,
          12.981012
        ]
      },
      "properties": {
        "id": "DN-00304",
        "type": "junction",
        "elevation_m": 923.55,
        "capacity_m3s": 2.488,
        "grid_row": 96,
        "grid_col": 49
      }
    },
    {
      "type": "Feature",
      "geometry": {
        "type": "Point",
        "coordinates": [
          77.588508,
          12.981012
        ]
      },
      "properties": {
        "id": "DN-00305",
        "type": "inlet",
        "elevation_m": 923.55,
        "capacity_m3s": 1.62,
        "grid_row": 96,
        "grid_col": 49
      }
    },
    {
      "type": "Feature",
      "geometry": {
        "type": "Point",
        "coordinates": [
          77.588707,
          12.980976
        ]
      },
      "properties": {
        "id": "DN-00306",
        "type": "junction",
        "elevation_m": 923.22,
        "capacity_m3s": 1.62,
        "grid_row": 96,
        "grid_col": 50
      }
    },
    {
      "type": "Feature",
      "geometry": {
        "type": "Point",
        "coordinates": [
          77.588002,
          12.981217
        ]
      },
      "properties": {
        "id": "DN-00307",
        "type": "inlet",
        "elevation_m": 925.66,
        "capacity_m3s": 1.387,
        "grid_row": 97,
        "grid_col": 47
      }
    },
    {
      "type": "Feature",
      "geometry": {
        "type": "Point",
        "coordinates": [
          77.588462,
          12.981429
        ]
      },
      "properties": {
        "id": "DN-00308",
        "type": "junction",
        "elevation_m": 925.02,
        "capacity_m3s": 1.387,
        "grid_row": 98,
        "grid_col": 49
      }
    },
    {
      "type": "Feature",
      "geometry": {
        "type": "Point",
        "coordinates": [
          77.592651,
          12.967723
        ]
      },
      "properties": {
        "id": "DN-00309",
        "type": "outfall",
        "elevation_m": 904.88,
        "capacity_m3s": 6.0,
        "grid_row": 37,
        "grid_col": 67
      }
    },
    {
      "type": "Feature",
      "geometry": {
        "type": "Point",
        "coordinates": [
          77.589523,
          12.963016
        ]
      },
      "properties": {
        "id": "DN-00310",
        "type": "inlet",
        "elevation_m": 908.03,
        "capacity_m3s": 2.149,
        "grid_row": 17,
        "grid_col": 53
      }
    },
    {
      "type": "Feature",
      "geometry": {
        "type": "Point",
        "coordinates": [
          77.589453,
          12.962198
        ]
      },
      "properties": {
        "id": "DN-00311",
        "type": "outfall",
        "elevation_m": 905.51,
        "capacity_m3s": 6.0,
        "grid_row": 13,
        "grid_col": 53
      }
    },
    {
      "type": "Feature",
      "geometry": {
        "type": "Point",
        "coordinates": [
          77.589453,
          12.962198
        ]
      },
      "properties": {
        "id": "DN-00312",
        "type": "outfall",
        "elevation_m": 905.51,
        "capacity_m3s": 6.0,
        "grid_row": 13,
        "grid_col": 53
      }
    },
    {
      "type": "Feature",
      "geometry": {
        "type": "Point",
        "coordinates": [
          77.588314,
          12.961045
        ]
      },
      "properties": {
        "id": "DN-00313",
        "type": "outfall",
        "elevation_m": 903.76,
        "capacity_m3s": 6.0,
        "grid_row": 8,
        "grid_col": 48
      }
    },
    {
      "type": "Feature",
      "geometry": {
        "type": "Point",
        "coordinates": [
          77.579342,
          12.995638
        ]
      },
      "properties": {
        "id": "DN-00314",
        "type": "inlet",
        "elevation_m": 911.67,
        "capacity_m3s": 1.145,
        "grid_row": 160,
        "grid_col": 10
      }
    },
    {
      "type": "Feature",
      "geometry": {
        "type": "Point",
        "coordinates": [
          77.577113,
          12.993674
        ]
      },
      "properties": {
        "id": "DN-00315",
        "type": "junction",
        "elevation_m": 909.21,
        "capacity_m3s": 1.145,
        "grid_row": 151,
        "grid_col": 0
      }
    },
    {
      "type": "Feature",
      "geometry": {
        "type": "Point",
        "coordinates": [
          77.576183,
          12.99544
        ]
      },
      "properties": {
        "id": "DN-00316",
        "type": "inlet",
        "elevation_m": 909.65,
        "capacity_m3s": 0.591,
        "grid_row": 159,
        "grid_col": 0
      }
    },
    {
      "type": "Feature",
      "geometry": {
        "type": "Point",
        "coordinates": [
          77.577113,
          12.993674
        ]
      },
      "properties": {
        "id": "DN-00317",
        "type": "junction",
        "elevation_m": 909.21,
        "capacity_m3s": 0.591,
        "grid_row": 151,
        "grid_col": 0
      }
    },
    {
      "type": "Feature",
      "geometry": {
        "type": "Point",
        "coordinates": [
          77.594532,
          13.001456
        ]
      },
      "properties": {
        "id": "DN-00318",
        "type": "inlet",
        "elevation_m": 934.66,
        "capacity_m3s": 1.066,
        "grid_row": 186,
        "grid_col": 75
      }
    },
    {
      "type": "Feature",
      "geometry": {
        "type": "Point",
        "coordinates": [
          77.595222,
          13.001709
        ]
      },
      "properties": {
        "id": "DN-00319",
        "type": "junction",
        "elevation_m": 934.14,
        "capacity_m3s": 1.066,
        "grid_row": 187,
        "grid_col": 78
      }
    },
    {
      "type": "Feature",
      "geometry": {
        "type": "Point",
        "coordinates": [
          77.599048,
          12.999585
        ]
      },
      "properties": {
        "id": "DN-00320",
        "type": "inlet",
        "elevation_m": 929.81,
        "capacity_m3s": 0.512,
        "grid_row": 177,
        "grid_col": 94
      }
    },
    {
      "type": "Feature",
      "geometry": {
        "type": "Point",
        "coordinates": [
          77.596789,
          13.002179
        ]
      },
      "properties": {
        "id": "DN-00321",
        "type": "junction",
        "elevation_m": 929.2,
        "capacity_m3s": 0.512,
        "grid_row": 189,
        "grid_col": 85
      }
    },
    {
      "type": "Feature",
      "geometry": {
        "type": "Point",
        "coordinates": [
          77.605813,
          12.994252
        ]
      },
      "properties": {
        "id": "DN-00322",
        "type": "inlet",
        "elevation_m": 924.21,
        "capacity_m3s": 1.058,
        "grid_row": 154,
        "grid_col": 123
      }
    },
    {
      "type": "Feature",
      "geometry": {
        "type": "Point",
        "coordinates": [
          77.607157,
          12.996347
        ]
      },
      "properties": {
        "id": "DN-00323",
        "type": "junction",
        "elevation_m": 922.46,
        "capacity_m3s": 1.058,
        "grid_row": 163,
        "grid_col": 129
      }
    },
    {
      "type": "Feature",
      "geometry": {
        "type": "Point",
        "coordinates": [
          77.594446,
          13.001314
        ]
      },
      "properties": {
        "id": "DN-00324",
        "type": "inlet",
        "elevation_m": 934.82,
        "capacity_m3s": 1.496,
        "grid_row": 185,
        "grid_col": 75
      }
    },
    {
      "type": "Feature",
      "geometry": {
        "type": "Point",
        "coordinates": [
          77.594875,
          12.999957
        ]
      },
      "properties": {
        "id": "DN-00325",
        "type": "junction",
        "elevation_m": 932.8,
        "capacity_m3s": 1.496,
        "grid_row": 179,
        "grid_col": 76
      }
    },
    {
      "type": "Feature",
      "geometry": {
        "type": "Point",
        "coordinates": [
          77.594875,
          12.999957
        ]
      },
      "properties": {
        "id": "DN-00326",
        "type": "inlet",
        "elevation_m": 932.8,
        "capacity_m3s": 1.282,
        "grid_row": 179,
        "grid_col": 76
      }
    },
    {
      "type": "Feature",
      "geometry": {
        "type": "Point",
        "coordinates": [
          77.5920086,
          12.9985954
        ]
      },
      "properties": {
        "id": "DN-00327",
        "type": "junction",
        "elevation_m": 929.56,
        "capacity_m3s": 1.282,
        "grid_row": 173,
        "grid_col": 64
      }
    },
    {
      "type": "Feature",
      "geometry": {
        "type": "Point",
        "coordinates": [
          77.597967,
          12.971357
        ]
      },
      "properties": {
        "id": "DN-00328",
        "type": "inlet",
        "elevation_m": 912.11,
        "capacity_m3s": 1.907,
        "grid_row": 53,
        "grid_col": 90
      }
    },
    {
      "type": "Feature",
      "geometry": {
        "type": "Point",
        "coordinates": [
          77.597745,
          12.97124
        ]
      },
      "properties": {
        "id": "DN-00329",
        "type": "junction",
        "elevation_m": 911.54,
        "capacity_m3s": 1.907,
        "grid_row": 53,
        "grid_col": 89
      }
    },
    {
      "type": "Feature",
      "geometry": {
        "type": "Point",
        "coordinates": [
          77.59798,
          12.971127
        ]
      },
      "properties": {
        "id": "DN-00330",
        "type": "inlet",
        "elevation_m": 912.4,
        "capacity_m3s": 2.275,
        "grid_row": 52,
        "grid_col": 90
      }
    },
    {
      "type": "Feature",
      "geometry": {
        "type": "Point",
        "coordinates": [
          77.597745,
          12.97124
        ]
      },
      "properties": {
        "id": "DN-00331",
        "type": "junction",
        "elevation_m": 911.54,
        "capacity_m3s": 2.275,
        "grid_row": 53,
        "grid_col": 89
      }
    },
    {
      "type": "Feature",
      "geometry": {
        "type": "Point",
        "coordinates": [
          77.6104,
          12.984797
        ]
      },
      "properties": {
        "id": "DN-00332",
        "type": "junction",
        "elevation_m": 907.09,
        "capacity_m3s": 0.439,
        "grid_row": 112,
        "grid_col": 129
      }
    },
    {
      "type": "Feature",
      "geometry": {
        "type": "Point",
        "coordinates": [
          77.595077,
          12.986905
        ]
      },
      "properties": {
        "id": "DN-00333",
        "type": "inlet",
        "elevation_m": 931.55,
        "capacity_m3s": 0.418,
        "grid_row": 122,
        "grid_col": 77
      }
    },
    {
      "type": "Feature",
      "geometry": {
        "type": "Point",
        "coordinates": [
          77.594986,
          12.987044
        ]
      },
      "properties": {
        "id": "DN-00334",
        "type": "junction",
        "elevation_m": 931.55,
        "capacity_m3s": 0.418,
        "grid_row": 122,
        "grid_col": 77
      }
    },
    {
      "type": "Feature",
      "geometry": {
        "type": "Point",
        "coordinates": [
          77.577621,
          12.988031
        ]
      },
      "properties": {
        "id": "DN-00335",
        "type": "inlet",
        "elevation_m": 915.45,
        "capacity_m3s": 2.343,
        "grid_row": 127,
        "grid_col": 3
      }
    },
    {
      "type": "Feature",
      "geometry": {
        "type": "Point",
        "coordinates": [
          77.584319,
          12.977855
        ]
      },
      "properties": {
        "id": "DN-00336",
        "type": "inlet",
        "elevation_m": 926.04,
        "capacity_m3s": 1.066,
        "grid_row": 82,
        "grid_col": 31
      }
    },
    {
      "type": "Feature",
      "geometry": {
        "type": "Point",
        "coordinates": [
          77.584432,
          12.978063
        ]
      },
      "properties": {
        "id": "DN-00337",
        "type": "junction",
        "elevation_m": 925.87,
        "capacity_m3s": 1.066,
        "grid_row": 83,
        "grid_col": 32
      }
    },
    {
      "type": "Feature",
      "geometry": {
        "type": "Point",
        "coordinates": [
          77.59936,
          12.976447
        ]
      },
      "properties": {
        "id": "DN-00338",
        "type": "inlet",
        "elevation_m": 919.69,
        "capacity_m3s": 1.248,
        "grid_row": 76,
        "grid_col": 96
      }
    },
    {
      "type": "Feature",
      "geometry": {
        "type": "Point",
        "coordinates": [
          77.593074,
          13.006152
        ]
      },
      "properties": {
        "id": "DN-00339",
        "type": "inlet",
        "elevation_m": 934.92,
        "capacity_m3s": 1.609,
        "grid_row": 206,
        "grid_col": 69
      }
    },
    {
      "type": "Feature",
      "geometry": {
        "type": "Point",
        "coordinates": [
          77.593054,
          13.006021
        ]
      },
      "properties": {
        "id": "DN-00340",
        "type": "junction",
        "elevation_m": 934.92,
        "capacity_m3s": 0.418,
        "grid_row": 206,
        "grid_col": 69
      }
    },
    {
      "type": "Feature",
      "geometry": {
        "type": "Point",
        "coordinates": [
          77.593278,
          13.005616
        ]
      },
      "properties": {
        "id": "DN-00341",
        "type": "inlet",
        "elevation_m": 935.15,
        "capacity_m3s": 1.592,
        "grid_row": 204,
        "grid_col": 70
      }
    },
    {
      "type": "Feature",
      "geometry": {
        "type": "Point",
        "coordinates": [
          77.596424,
          13.003269
        ]
      },
      "properties": {
        "id": "DN-00342",
        "type": "junction",
        "elevation_m": 928.93,
        "capacity_m3s": 1.592,
        "grid_row": 194,
        "grid_col": 83
      }
    },
    {
      "type": "Feature",
      "geometry": {
        "type": "Point",
        "coordinates": [
          77.593239,
          13.00552
        ]
      },
      "properties": {
        "id": "DN-00343",
        "type": "inlet",
        "elevation_m": 935.67,
        "capacity_m3s": 2.435,
        "grid_row": 203,
        "grid_col": 69
      }
    },
    {
      "type": "Feature",
      "geometry": {
        "type": "Point",
        "coordinates": [
          77.593307,
          13.005517
        ]
      },
      "properties": {
        "id": "DN-00344",
        "type": "junction",
        "elevation_m": 935.42,
        "capacity_m3s": 2.435,
        "grid_row": 203,
        "grid_col": 70
      }
    },
    {
      "type": "Feature",
      "geometry": {
        "type": "Point",
        "coordinates": [
          77.594517,
          13.001505
        ]
      },
      "properties": {
        "id": "DN-00345",
        "type": "inlet",
        "elevation_m": 934.66,
        "capacity_m3s": 0.418,
        "grid_row": 186,
        "grid_col": 75
      }
    },
    {
      "type": "Feature",
      "geometry": {
        "type": "Point",
        "coordinates": [
          77.594532,
          13.001456
        ]
      },
      "properties": {
        "id": "DN-00346",
        "type": "junction",
        "elevation_m": 934.66,
        "capacity_m3s": 0.418,
        "grid_row": 186,
        "grid_col": 75
      }
    },
    {
      "type": "Feature",
      "geometry": {
        "type": "Point",
        "coordinates": [
          77.587157,
          12.975684
        ]
      },
      "properties": {
        "id": "DN-00347",
        "type": "inlet",
        "elevation_m": 919.14,
        "capacity_m3s": 1.082,
        "grid_row": 72,
        "grid_col": 43
      }
    },
    {
      "type": "Feature",
      "geometry": {
        "type": "Point",
        "coordinates": [
          77.587065,
          12.975764
        ]
      },
      "properties": {
        "id": "DN-00348",
        "type": "junction",
        "elevation_m": 919.05,
        "capacity_m3s": 1.082,
        "grid_row": 73,
        "grid_col": 43
      }
    },
    {
      "type": "Feature",
      "geometry": {
        "type": "Point",
        "coordinates": [
          77.588757,
          12.96751
        ]
      },
      "properties": {
        "id": "DN-00349",
        "type": "junction",
        "elevation_m": 916.33,
        "capacity_m3s": 1.559,
        "grid_row": 36,
        "grid_col": 50
      }
    },
    {
      "type": "Feature",
      "geometry": {
        "type": "Point",
        "coordinates": [
          77.588757,
          12.96751
        ]
      },
      "properties": {
        "id": "DN-00350",
        "type": "inlet",
        "elevation_m": 916.33,
        "capacity_m3s": 1.513,
        "grid_row": 36,
        "grid_col": 50
      }
    },
    {
      "type": "Feature",
      "geometry": {
        "type": "Point",
        "coordinates": [
          77.58922,
          12.963329
        ]
      },
      "properties": {
        "id": "DN-00351",
        "type": "junction",
        "elevation_m": 909.85,
        "capacity_m3s": 1.513,
        "grid_row": 18,
        "grid_col": 52
      }
    },
    {
      "type": "Feature",
      "geometry": {
        "type": "Point",
        "coordinates": [
          77.58922,
          12.963329
        ]
      },
      "properties": {
        "id": "DN-00352",
        "type": "inlet",
        "elevation_m": 909.85,
        "capacity_m3s": 2.578,
        "grid_row": 18,
        "grid_col": 52
      }
    },
    {
      "type": "Feature",
      "geometry": {
        "type": "Point",
        "coordinates": [
          77.589523,
          12.963016
        ]
      },
      "properties": {
        "id": "DN-00353",
        "type": "junction",
        "elevation_m": 908.03,
        "capacity_m3s": 2.578,
        "grid_row": 17,
        "grid_col": 53
      }
    },
    {
      "type": "Feature",
      "geometry": {
        "type": "Point",
        "coordinates": [
          77.597297,
          12.981057
        ]
      },
      "properties": {
        "id": "DN-00354",
        "type": "inlet",
        "elevation_m": 924.29,
        "capacity_m3s": 3.578,
        "grid_row": 96,
        "grid_col": 87
      }
    },
    {
      "type": "Feature",
      "geometry": {
        "type": "Point",
        "coordinates": [
          77.597513,
          12.980965
        ]
      },
      "properties": {
        "id": "DN-00355",
        "type": "junction",
        "elevation_m": 922.42,
        "capacity_m3s": 3.578,
        "grid_row": 95,
        "grid_col": 88
      }
    },
    {
      "type": "Feature",
      "geometry": {
        "type": "Point",
        "coordinates": [
          77.587606,
          12.984331
        ]
      },
      "properties": {
        "id": "DN-00356",
        "type": "inlet",
        "elevation_m": 934.29,
        "capacity_m3s": 1.212,
        "grid_row": 110,
        "grid_col": 45
      }
    },
    {
      "type": "Feature",
      "geometry": {
        "type": "Point",
        "coordinates": [
          77.582765,
          12.984423
        ]
      },
      "properties": {
        "id": "DN-00357",
        "type": "junction",
        "elevation_m": 929.72,
        "capacity_m3s": 1.212,
        "grid_row": 111,
        "grid_col": 25
      }
    },
    {
      "type": "Feature",
      "geometry": {
        "type": "Point",
        "coordinates": [
          77.586255,
          12.965844
        ]
      },
      "properties": {
        "id": "DN-00358",
        "type": "inlet",
        "elevation_m": 912.44,
        "capacity_m3s": 1.138,
        "grid_row": 29,
        "grid_col": 40
      }
    },
    {
      "type": "Feature",
      "geometry": {
        "type": "Point",
        "coordinates": [
          77.58653,
          12.965715
        ]
      },
      "properties": {
        "id": "DN-00359",
        "type": "junction",
        "elevation_m": 912.19,
        "capacity_m3s": 1.138,
        "grid_row": 28,
        "grid_col": 41
      }
    },
    {
      "type": "Feature",
      "geometry": {
        "type": "Point",
        "coordinates": [
          77.58653,
          12.965715
        ]
      },
      "properties": {
        "id": "DN-00360",
        "type": "inlet",
        "elevation_m": 912.19,
        "capacity_m3s": 0.418,
        "grid_row": 28,
        "grid_col": 41
      }
    },
    {
      "type": "Feature",
      "geometry": {
        "type": "Point",
        "coordinates": [
          77.58667,
          12.965619
        ]
      },
      "properties": {
        "id": "DN-00361",
        "type": "junction",
        "elevation_m": 912.19,
        "capacity_m3s": 0.418,
        "grid_row": 28,
        "grid_col": 41
      }
    },
    {
      "type": "Feature",
      "geometry": {
        "type": "Point",
        "coordinates": [
          77.586753,
          12.981666
        ]
      },
      "properties": {
        "id": "DN-00362",
        "type": "inlet",
        "elevation_m": 929.93,
        "capacity_m3s": 2.598,
        "grid_row": 99,
        "grid_col": 42
      }
    },
    {
      "type": "Feature",
      "geometry": {
        "type": "Point",
        "coordinates": [
          77.586981,
          12.981581
        ]
      },
      "properties": {
        "id": "DN-00363",
        "type": "junction",
        "elevation_m": 928.86,
        "capacity_m3s": 2.598,
        "grid_row": 98,
        "grid_col": 43
      }
    },
    {
      "type": "Feature",
      "geometry": {
        "type": "Point",
        "coordinates": [
          77.597151,
          12.982727
        ]
      },
      "properties": {
        "id": "DN-00364",
        "type": "inlet",
        "elevation_m": 927.21,
        "capacity_m3s": 1.016,
        "grid_row": 103,
        "grid_col": 86
      }
    },
    {
      "type": "Feature",
      "geometry": {
        "type": "Point",
        "coordinates": [
          77.597072,
          12.982129
        ]
      },
      "properties": {
        "id": "DN-00365",
        "type": "junction",
        "elevation_m": 926.81,
        "capacity_m3s": 1.016,
        "grid_row": 101,
        "grid_col": 86
      }
    },
    {
      "type": "Feature",
      "geometry": {
        "type": "Point",
        "coordinates": [
          77.584264,
          12.999399
        ]
      },
      "properties": {
        "id": "DN-00366",
        "type": "inlet",
        "elevation_m": 925.45,
        "capacity_m3s": 1.764,
        "grid_row": 177,
        "grid_col": 31
      }
    },
    {
      "type": "Feature",
      "geometry": {
        "type": "Point",
        "coordinates": [
          77.584274,
          12.998746
        ]
      },
      "properties": {
        "id": "DN-00367",
        "type": "junction",
        "elevation_m": 924.16,
        "capacity_m3s": 1.764,
        "grid_row": 174,
        "grid_col": 31
      }
    },
    {
      "type": "Feature",
      "geometry": {
        "type": "Point",
        "coordinates": [
          77.583899,
          13.010765
        ]
      },
      "properties": {
        "id": "DN-00368",
        "type": "inlet",
        "elevation_m": 947.6,
        "capacity_m3s": 1.693,
        "grid_row": 227,
        "grid_col": 29
      }
    },
    {
      "type": "Feature",
      "geometry": {
        "type": "Point",
        "coordinates": [
          77.584152,
          13.002785
        ]
      },
      "properties": {
        "id": "DN-00369",
        "type": "junction",
        "elevation_m": 933.01,
        "capacity_m3s": 1.693,
        "grid_row": 191,
        "grid_col": 31
      }
    },
    {
      "type": "Feature",
      "geometry": {
        "type": "Point",
        "coordinates": [
          77.601917,
          12.959934
        ]
      },
      "properties": {
        "id": "DN-00370",
        "type": "outfall",
        "elevation_m": 904.14,
        "capacity_m3s": 6.0,
        "grid_row": 3,
        "grid_col": 106
      }
    },
    {
      "type": "Feature",
      "geometry": {
        "type": "Point",
        "coordinates": [
          77.601565,
          12.960156
        ]
      },
      "properties": {
        "id": "DN-00371",
        "type": "outfall",
        "elevation_m": 903.71,
        "capacity_m3s": 6.0,
        "grid_row": 4,
        "grid_col": 105
      }
    },
    {
      "type": "Feature",
      "geometry": {
        "type": "Point",
        "coordinates": [
          77.597087,
          12.965116
        ]
      },
      "properties": {
        "id": "DN-00372",
        "type": "inlet",
        "elevation_m": 911.4,
        "capacity_m3s": 1.461,
        "grid_row": 26,
        "grid_col": 86
      }
    },
    {
      "type": "Feature",
      "geometry": {
        "type": "Point",
        "coordinates": [
          77.597174,
          12.964939
        ]
      },
      "properties": {
        "id": "DN-00373",
        "type": "junction",
        "elevation_m": 911.13,
        "capacity_m3s": 1.461,
        "grid_row": 25,
        "grid_col": 86
      }
    },
    {
      "type": "Feature",
      "geometry": {
        "type": "Point",
        "coordinates": [
          77.597087,
          12.965116
        ]
      },
      "properties": {
        "id": "DN-00374",
        "type": "junction",
        "elevation_m": 911.4,
        "capacity_m3s": 1.975,
        "grid_row": 26,
        "grid_col": 86
      }
    },
    {
      "type": "Feature",
      "geometry": {
        "type": "Point",
        "coordinates": [
          77.601293,
          12.960361
        ]
      },
      "properties": {
        "id": "DN-00375",
        "type": "outfall",
        "elevation_m": 903.35,
        "capacity_m3s": 6.0,
        "grid_row": 5,
        "grid_col": 104
      }
    },
    {
      "type": "Feature",
      "geometry": {
        "type": "Point",
        "coordinates": [
          77.601409,
          12.96027
        ]
      },
      "properties": {
        "id": "DN-00376",
        "type": "outfall",
        "elevation_m": 903.16,
        "capacity_m3s": 6.0,
        "grid_row": 4,
        "grid_col": 104
      }
    },
    {
      "type": "Feature",
      "geometry": {
        "type": "Point",
        "coordinates": [
          77.599491,
          12.965192
        ]
      },
      "properties": {
        "id": "DN-00377",
        "type": "junction",
        "elevation_m": 910.86,
        "capacity_m3s": 0.418,
        "grid_row": 26,
        "grid_col": 96
      }
    },
    {
      "type": "Feature",
      "geometry": {
        "type": "Point",
        "coordinates": [
          77.599491,
          12.965192
        ]
      },
      "properties": {
        "id": "DN-00378",
        "type": "junction",
        "elevation_m": 910.86,
        "capacity_m3s": 1.957,
        "grid_row": 26,
        "grid_col": 96
      }
    },
    {
      "type": "Feature",
      "geometry": {
        "type": "Point",
        "coordinates": [
          77.584681,
          12.996289
        ]
      },
      "properties": {
        "id": "DN-00379",
        "type": "inlet",
        "elevation_m": 923.18,
        "capacity_m3s": 1.041,
        "grid_row": 163,
        "grid_col": 33
      }
    },
    {
      "type": "Feature",
      "geometry": {
        "type": "Point",
        "coordinates": [
          77.602906,
          12.980743
        ]
      },
      "properties": {
        "id": "DN-00380",
        "type": "junction",
        "elevation_m": 919.68,
        "capacity_m3s": 0.897,
        "grid_row": 95,
        "grid_col": 111
      }
    },
    {
      "type": "Feature",
      "geometry": {
        "type": "Point",
        "coordinates": [
          77.605905,
          12.978203
        ]
      },
      "properties": {
        "id": "DN-00381",
        "type": "inlet",
        "elevation_m": 918.05,
        "capacity_m3s": 1.884,
        "grid_row": 83,
        "grid_col": 124
      }
    },
    {
      "type": "Feature",
      "geometry": {
        "type": "Point",
        "coordinates": [
          77.606628,
          12.977955
        ]
      },
      "properties": {
        "id": "DN-00382",
        "type": "junction",
        "elevation_m": 916.36,
        "capacity_m3s": 1.884,
        "grid_row": 82,
        "grid_col": 127
      }
    },
    {
      "type": "Feature",
      "geometry": {
        "type": "Point",
        "coordinates": [
          77.599195,
          12.976672
        ]
      },
      "properties": {
        "id": "DN-00383",
        "type": "inlet",
        "elevation_m": 920.07,
        "capacity_m3s": 0.418,
        "grid_row": 77,
        "grid_col": 95
      }
    },
    {
      "type": "Feature",
      "geometry": {
        "type": "Point",
        "coordinates": [
          77.599334,
          12.9767
        ]
      },
      "properties": {
        "id": "DN-00384",
        "type": "junction",
        "elevation_m": 920.07,
        "capacity_m3s": 0.418,
        "grid_row": 77,
        "grid_col": 95
      }
    },
    {
      "type": "Feature",
      "geometry": {
        "type": "Point",
        "coordinates": [
          77.602388,
          12.979205
        ]
      },
      "properties": {
        "id": "DN-00385",
        "type": "inlet",
        "elevation_m": 922.07,
        "capacity_m3s": 0.748,
        "grid_row": 88,
        "grid_col": 108
      }
    },
    {
      "type": "Feature",
      "geometry": {
        "type": "Point",
        "coordinates": [
          77.598041,
          12.98068
        ]
      },
      "properties": {
        "id": "DN-00386",
        "type": "junction",
        "elevation_m": 920.49,
        "capacity_m3s": 0.748,
        "grid_row": 94,
        "grid_col": 90
      }
    },
    {
      "type": "Feature",
      "geometry": {
        "type": "Point",
        "coordinates": [
          77.5974,
          12.980895
        ]
      },
      "properties": {
        "id": "DN-00387",
        "type": "inlet",
        "elevation_m": 924.02,
        "capacity_m3s": 2.897,
        "grid_row": 95,
        "grid_col": 87
      }
    },
    {
      "type": "Feature",
      "geometry": {
        "type": "Point",
        "coordinates": [
          77.598041,
          12.98068
        ]
      },
      "properties": {
        "id": "DN-00388",
        "type": "junction",
        "elevation_m": 920.49,
        "capacity_m3s": 2.897,
        "grid_row": 94,
        "grid_col": 90
      }
    },
    {
      "type": "Feature",
      "geometry": {
        "type": "Point",
        "coordinates": [
          77.58158,
          12.972823
        ]
      },
      "properties": {
        "id": "DN-00389",
        "type": "inlet",
        "elevation_m": 923.2,
        "capacity_m3s": 1.114,
        "grid_row": 60,
        "grid_col": 20
      }
    },
    {
      "type": "Feature",
      "geometry": {
        "type": "Point",
        "coordinates": [
          77.581004,
          12.972481
        ]
      },
      "properties": {
        "id": "DN-00390",
        "type": "junction",
        "elevation_m": 922.68,
        "capacity_m3s": 1.114,
        "grid_row": 58,
        "grid_col": 17
      }
    },
    {
      "type": "Feature",
      "geometry": {
        "type": "Point",
        "coordinates": [
          77.58904,
          12.986469
        ]
      },
      "properties": {
        "id": "DN-00391",
        "type": "inlet",
        "elevation_m": 938.43,
        "capacity_m3s": 1.614,
        "grid_row": 120,
        "grid_col": 51
      }
    },
    {
      "type": "Feature",
      "geometry": {
        "type": "Point",
        "coordinates": [
          77.584314,
          12.997801
        ]
      },
      "properties": {
        "id": "DN-00392",
        "type": "junction",
        "elevation_m": 922.44,
        "capacity_m3s": 1.436,
        "grid_row": 170,
        "grid_col": 31
      }
    },
    {
      "type": "Feature",
      "geometry": {
        "type": "Point",
        "coordinates": [
          77.584069,
          13.002591
        ]
      },
      "properties": {
        "id": "DN-00393",
        "type": "inlet",
        "elevation_m": 934.04,
        "capacity_m3s": 2.049,
        "grid_row": 191,
        "grid_col": 30
      }
    },
    {
      "type": "Feature",
      "geometry": {
        "type": "Point",
        "coordinates": [
          77.584078,
          13.000404
        ]
      },
      "properties": {
        "id": "DN-00394",
        "type": "junction",
        "elevation_m": 928.21,
        "capacity_m3s": 2.049,
        "grid_row": 181,
        "grid_col": 30
      }
    },
    {
      "type": "Feature",
      "geometry": {
        "type": "Point",
        "coordinates": [
          77.584078,
          13.000404
        ]
      },
      "properties": {
        "id": "DN-00395",
        "type": "inlet",
        "elevation_m": 928.21,
        "capacity_m3s": 2.005,
        "grid_row": 181,
        "grid_col": 30
      }
    },
    {
      "type": "Feature",
      "geometry": {
        "type": "Point",
        "coordinates": [
          77.584198,
          12.998654
        ]
      },
      "properties": {
        "id": "DN-00396",
        "type": "junction",
        "elevation_m": 923.73,
        "capacity_m3s": 2.005,
        "grid_row": 173,
        "grid_col": 31
      }
    },
    {
      "type": "Feature",
      "geometry": {
        "type": "Point",
        "coordinates": [
          77.583828,
          13.00904
        ]
      },
      "properties": {
        "id": "DN-00397",
        "type": "inlet",
        "elevation_m": 947.37,
        "capacity_m3s": 1.789,
        "grid_row": 219,
        "grid_col": 29
      }
    },
    {
      "type": "Feature",
      "geometry": {
        "type": "Point",
        "coordinates": [
          77.584081,
          13.003679
        ]
      },
      "properties": {
        "id": "DN-00398",
        "type": "junction",
        "elevation_m": 936.47,
        "capacity_m3s": 1.789,
        "grid_row": 195,
        "grid_col": 30
      }
    },
    {
      "type": "Feature",
      "geometry": {
        "type": "Point",
        "coordinates": [
          77.581326,
          12.999018
        ]
      },
      "properties": {
        "id": "DN-00399",
        "type": "inlet",
        "elevation_m": 921.43,
        "capacity_m3s": 1.467,
        "grid_row": 175,
        "grid_col": 18
      }
    },
    {
      "type": "Feature",
      "geometry": {
        "type": "Point",
        "coordinates": [
          77.578101,
          12.999275
        ]
      },
      "properties": {
        "id": "DN-00400",
        "type": "junction",
        "elevation_m": 917.11,
        "capacity_m3s": 1.467,
        "grid_row": 176,
        "grid_col": 5
      }
    },
    {
      "type": "Feature",
      "geometry": {
        "type": "Point",
        "coordinates": [
          77.580245,
          12.987349
        ]
      },
      "properties": {
        "id": "DN-00401",
        "type": "inlet",
        "elevation_m": 924.54,
        "capacity_m3s": 1.268,
        "grid_row": 124,
        "grid_col": 14
      }
    },
    {
      "type": "Feature",
      "geometry": {
        "type": "Point",
        "coordinates": [
          77.579507,
          12.986202
        ]
      },
      "properties": {
        "id": "DN-00402",
        "type": "junction",
        "elevation_m": 923.14,
        "capacity_m3s": 1.268,
        "grid_row": 119,
        "grid_col": 11
      }
    },
    {
      "type": "Feature",
      "geometry": {
        "type": "Point",
        "coordinates": [
          77.585066,
          12.993833
        ]
      },
      "properties": {
        "id": "DN-00403",
        "type": "inlet",
        "elevation_m": 931.96,
        "capacity_m3s": 0.418,
        "grid_row": 152,
        "grid_col": 34
      }
    },
    {
      "type": "Feature",
      "geometry": {
        "type": "Point",
        "coordinates": [
          77.584113,
          12.993436
        ]
      },
      "properties": {
        "id": "DN-00404",
        "type": "junction",
        "elevation_m": 931.87,
        "capacity_m3s": 0.418,
        "grid_row": 150,
        "grid_col": 30
      }
    },
    {
      "type": "Feature",
      "geometry": {
        "type": "Point",
        "coordinates": [
          77.584715,
          12.996553
        ]
      },
      "properties": {
        "id": "DN-00405",
        "type": "inlet",
        "elevation_m": 922.42,
        "capacity_m3s": 2.103,
        "grid_row": 164,
        "grid_col": 33
      }
    },
    {
      "type": "Feature",
      "geometry": {
        "type": "Point",
        "coordinates": [
          77.584597,
          12.997015
        ]
      },
      "properties": {
        "id": "DN-00406",
        "type": "junction",
        "elevation_m": 921.08,
        "capacity_m3s": 2.103,
        "grid_row": 166,
        "grid_col": 32
      }
    },
    {
      "type": "Feature",
      "geometry": {
        "type": "Point",
        "coordinates": [
          77.584277,
          12.998656
        ]
      },
      "properties": {
        "id": "DN-00407",
        "type": "inlet",
        "elevation_m": 923.73,
        "capacity_m3s": 1.519,
        "grid_row": 173,
        "grid_col": 31
      }
    },
    {
      "type": "Feature",
      "geometry": {
        "type": "Point",
        "coordinates": [
          77.584564,
          12.997112
        ]
      },
      "properties": {
        "id": "DN-00408",
        "type": "junction",
        "elevation_m": 921.42,
        "capacity_m3s": 1.519,
        "grid_row": 167,
        "grid_col": 32
      }
    },
    {
      "type": "Feature",
      "geometry": {
        "type": "Point",
        "coordinates": [
          77.580245,
          12.987349
        ]
      },
      "properties": {
        "id": "DN-00409",
        "type": "inlet",
        "elevation_m": 924.54,
        "capacity_m3s": 1.342,
        "grid_row": 124,
        "grid_col": 14
      }
    },
    {
      "type": "Feature",
      "geometry": {
        "type": "Point",
        "coordinates": [
          77.579725,
          12.986579
        ]
      },
      "properties": {
        "id": "DN-00410",
        "type": "junction",
        "elevation_m": 923.48,
        "capacity_m3s": 1.342,
        "grid_row": 120,
        "grid_col": 12
      }
    },
    {
      "type": "Feature",
      "geometry": {
        "type": "Point",
        "coordinates": [
          77.58504,
          12.993295
        ]
      },
      "properties": {
        "id": "DN-00411",
        "type": "inlet",
        "elevation_m": 933.48,
        "capacity_m3s": 0.418,
        "grid_row": 150,
        "grid_col": 34
      }
    },
    {
      "type": "Feature",
      "geometry": {
        "type": "Point",
        "coordinates": [
          77.585006,
          12.993456
        ]
      },
      "properties": {
        "id": "DN-00412",
        "type": "junction",
        "elevation_m": 933.48,
        "capacity_m3s": 0.418,
        "grid_row": 150,
        "grid_col": 34
      }
    },
    {
      "type": "Feature",
      "geometry": {
        "type": "Point",
        "coordinates": [
          77.588384,
          12.984661
        ]
      },
      "properties": {
        "id": "DN-00413",
        "type": "inlet",
        "elevation_m": 934.83,
        "capacity_m3s": 2.29,
        "grid_row": 112,
        "grid_col": 49
      }
    },
    {
      "type": "Feature",
      "geometry": {
        "type": "Point",
        "coordinates": [
          77.58851,
          12.984605
        ]
      },
      "properties": {
        "id": "DN-00414",
        "type": "junction",
        "elevation_m": 934.38,
        "capacity_m3s": 2.29,
        "grid_row": 111,
        "grid_col": 49
      }
    },
    {
      "type": "Feature",
      "geometry": {
        "type": "Point",
        "coordinates": [
          77.588324,
          12.984687
        ]
      },
      "properties": {
        "id": "DN-00415",
        "type": "inlet",
        "elevation_m": 934.84,
        "capacity_m3s": 0.495,
        "grid_row": 112,
        "grid_col": 48
      }
    },
    {
      "type": "Feature",
      "geometry": {
        "type": "Point",
        "coordinates": [
          77.588384,
          12.984661
        ]
      },
      "properties": {
        "id": "DN-00416",
        "type": "junction",
        "elevation_m": 934.83,
        "capacity_m3s": 0.495,
        "grid_row": 112,
        "grid_col": 49
      }
    },
    {
      "type": "Feature",
      "geometry": {
        "type": "Point",
        "coordinates": [
          77.593587,
          12.959564
        ]
      },
      "properties": {
        "id": "DN-00417",
        "type": "outfall",
        "elevation_m": 896.69,
        "capacity_m3s": 6.0,
        "grid_row": 1,
        "grid_col": 71
      }
    },
    {
      "type": "Feature",
      "geometry": {
        "type": "Point",
        "coordinates": [
          77.593561,
          12.959455
        ]
      },
      "properties": {
        "id": "DN-00418",
        "type": "outfall",
        "elevation_m": 896.69,
        "capacity_m3s": 6.0,
        "grid_row": 1,
        "grid_col": 71
      }
    },
    {
      "type": "Feature",
      "geometry": {
        "type": "Point",
        "coordinates": [
          77.589453,
          12.962198
        ]
      },
      "properties": {
        "id": "DN-00419",
        "type": "outfall",
        "elevation_m": 905.51,
        "capacity_m3s": 6.0,
        "grid_row": 13,
        "grid_col": 53
      }
    },
    {
      "type": "Feature",
      "geometry": {
        "type": "Point",
        "coordinates": [
          77.589912,
          12.962462
        ]
      },
      "properties": {
        "id": "DN-00420",
        "type": "outfall",
        "elevation_m": 904.21,
        "capacity_m3s": 6.0,
        "grid_row": 14,
        "grid_col": 55
      }
    },
    {
      "type": "Feature",
      "geometry": {
        "type": "Point",
        "coordinates": [
          77.597933,
          12.965966
        ]
      },
      "properties": {
        "id": "DN-00421",
        "type": "inlet",
        "elevation_m": 914.91,
        "capacity_m3s": 2.144,
        "grid_row": 30,
        "grid_col": 89
      }
    },
    {
      "type": "Feature",
      "geometry": {
        "type": "Point",
        "coordinates": [
          77.596202,
          12.963617
        ]
      },
      "properties": {
        "id": "DN-00422",
        "type": "outfall",
        "elevation_m": 906.28,
        "capacity_m3s": 6.0,
        "grid_row": 19,
        "grid_col": 82
      }
    },
    {
      "type": "Feature",
      "geometry": {
        "type": "Point",
        "coordinates": [
          77.604289,
          12.992197
        ]
      },
      "properties": {
        "id": "DN-00423",
        "type": "inlet",
        "elevation_m": 923.09,
        "capacity_m3s": 2.442,
        "grid_row": 145,
        "grid_col": 117
      }
    },
    {
      "type": "Feature",
      "geometry": {
        "type": "Point",
        "coordinates": [
          77.604861,
          12.991401
        ]
      },
      "properties": {
        "id": "DN-00424",
        "type": "junction",
        "elevation_m": 919.4,
        "capacity_m3s": 2.442,
        "grid_row": 141,
        "grid_col": 119
      }
    },
    {
      "type": "Feature",
      "geometry": {
        "type": "Point",
        "coordinates": [
          77.607181,
          12.993441
        ]
      },
      "properties": {
        "id": "DN-00425",
        "type": "inlet",
        "elevation_m": 919.64,
        "capacity_m3s": 0.418,
        "grid_row": 150,
        "grid_col": 129
      }
    },
    {
      "type": "Feature",
      "geometry": {
        "type": "Point",
        "coordinates": [
          77.604861,
          12.991401
        ]
      },
      "properties": {
        "id": "DN-00426",
        "type": "junction",
        "elevation_m": 919.4,
        "capacity_m3s": 0.418,
        "grid_row": 141,
        "grid_col": 119
      }
    },
    {
      "type": "Feature",
      "geometry": {
        "type": "Point",
        "coordinates": [
          77.607199,
          12.993555
        ]
      },
      "properties": {
        "id": "DN-00427",
        "type": "inlet",
        "elevation_m": 919.85,
        "capacity_m3s": 1.693,
        "grid_row": 151,
        "grid_col": 129
      }
    },
    {
      "type": "Feature",
      "geometry": {
        "type": "Point",
        "coordinates": [
          77.607181,
          12.993441
        ]
      },
      "properties": {
        "id": "DN-00428",
        "type": "junction",
        "elevation_m": 919.64,
        "capacity_m3s": 1.693,
        "grid_row": 150,
        "grid_col": 129
      }
    },
    {
      "type": "Feature",
      "geometry": {
        "type": "Point",
        "coordinates": [
          77.606657,
          12.993758
        ]
      },
      "properties": {
        "id": "DN-00429",
        "type": "inlet",
        "elevation_m": 921.24,
        "capacity_m3s": 1.813,
        "grid_row": 152,
        "grid_col": 127
      }
    },
    {
      "type": "Feature",
      "geometry": {
        "type": "Point",
        "coordinates": [
          77.607033,
          12.993616
        ]
      },
      "properties": {
        "id": "DN-00430",
        "type": "junction",
        "elevation_m": 920.42,
        "capacity_m3s": 1.813,
        "grid_row": 151,
        "grid_col": 128
      }
    },
    {
      "type": "Feature",
      "geometry": {
        "type": "Point",
        "coordinates": [
          77.604245,
          12.992264
        ]
      },
      "properties": {
        "id": "DN-00431",
        "type": "inlet",
        "elevation_m": 923.42,
        "capacity_m3s": 2.554,
        "grid_row": 145,
        "grid_col": 116
      }
    },
    {
      "type": "Feature",
      "geometry": {
        "type": "Point",
        "coordinates": [
          77.604289,
          12.992197
        ]
      },
      "properties": {
        "id": "DN-00432",
        "type": "junction",
        "elevation_m": 923.09,
        "capacity_m3s": 2.554,
        "grid_row": 145,
        "grid_col": 117
      }
    },
    {
      "type": "Feature",
      "geometry": {
        "type": "Point",
        "coordinates": [
          77.583935,
          13.003104
        ]
      },
      "properties": {
        "id": "DN-00433",
        "type": "inlet",
        "elevation_m": 935.26,
        "capacity_m3s": 1.851,
        "grid_row": 193,
        "grid_col": 30
      }
    },
    {
      "type": "Feature",
      "geometry": {
        "type": "Point",
        "coordinates": [
          77.584049,
          13.002848
        ]
      },
      "properties": {
        "id": "DN-00434",
        "type": "junction",
        "elevation_m": 934.65,
        "capacity_m3s": 1.851,
        "grid_row": 192,
        "grid_col": 30
      }
    },
    {
      "type": "Feature",
      "geometry": {
        "type": "Point",
        "coordinates": [
          77.583935,
          13.003104
        ]
      },
      "properties": {
        "id": "DN-00435",
        "type": "inlet",
        "elevation_m": 935.26,
        "capacity_m3s": 0.648,
        "grid_row": 193,
        "grid_col": 30
      }
    },
    {
      "type": "Feature",
      "geometry": {
        "type": "Point",
        "coordinates": [
          77.58233,
          13.003552
        ]
      },
      "properties": {
        "id": "DN-00436",
        "type": "junction",
        "elevation_m": 934.77,
        "capacity_m3s": 0.648,
        "grid_row": 195,
        "grid_col": 23
      }
    },
    {
      "type": "Feature",
      "geometry": {
        "type": "Point",
        "coordinates": [
          77.577739,
          12.987938
        ]
      },
      "properties": {
        "id": "DN-00437",
        "type": "inlet",
        "elevation_m": 915.64,
        "capacity_m3s": 1.424,
        "grid_row": 126,
        "grid_col": 3
      }
    },
    {
      "type": "Feature",
      "geometry": {
        "type": "Point",
        "coordinates": [
          77.577621,
          12.988031
        ]
      },
      "properties": {
        "id": "DN-00438",
        "type": "junction",
        "elevation_m": 915.45,
        "capacity_m3s": 1.424,
        "grid_row": 127,
        "grid_col": 3
      }
    },
    {
      "type": "Feature",
      "geometry": {
        "type": "Point",
        "coordinates": [
          77.577923,
          12.987804
        ]
      },
      "properties": {
        "id": "DN-00439",
        "type": "inlet",
        "elevation_m": 916.38,
        "capacity_m3s": 2.279,
        "grid_row": 126,
        "grid_col": 4
      }
    },
    {
      "type": "Feature",
      "geometry": {
        "type": "Point",
        "coordinates": [
          77.577739,
          12.987938
        ]
      },
      "properties": {
        "id": "DN-00440",
        "type": "junction",
        "elevation_m": 915.64,
        "capacity_m3s": 2.279,
        "grid_row": 126,
        "grid_col": 3
      }
    },
    {
      "type": "Feature",
      "geometry": {
        "type": "Point",
        "coordinates": [
          77.577088,
          12.988114
        ]
      },
      "properties": {
        "id": "DN-00441",
        "type": "inlet",
        "elevation_m": 913.28,
        "capacity_m3s": 1.05,
        "grid_row": 127,
        "grid_col": 0
      }
    },
    {
      "type": "Feature",
      "geometry": {
        "type": "Point",
        "coordinates": [
          77.577074,
          12.98831
        ]
      },
      "properties": {
        "id": "DN-00442",
        "type": "junction",
        "elevation_m": 913.11,
        "capacity_m3s": 1.05,
        "grid_row": 128,
        "grid_col": 0
      }
    },
    {
      "type": "Feature",
      "geometry": {
        "type": "Point",
        "coordinates": [
          77.605355,
          12.985675
        ]
      },
      "properties": {
        "id": "DN-00443",
        "type": "inlet",
        "elevation_m": 909.48,
        "capacity_m3s": 1.531,
        "grid_row": 116,
        "grid_col": 121
      }
    },
    {
      "type": "Feature",
      "geometry": {
        "type": "Point",
        "coordinates": [
          77.605692,
          12.985631
        ]
      },
      "properties": {
        "id": "DN-00444",
        "type": "junction",
        "elevation_m": 908.94,
        "capacity_m3s": 1.531,
        "grid_row": 116,
        "grid_col": 123
      }
    },
    {
      "type": "Feature",
      "geometry": {
        "type": "Point",
        "coordinates": [
          77.605355,
          12.985675
        ]
      },
      "properties": {
        "id": "DN-00445",
        "type": "inlet",
        "elevation_m": 909.48,
        "capacity_m3s": 0.418,
        "grid_row": 116,
        "grid_col": 121
      }
    },
    {
      "type": "Feature",
      "geometry": {
        "type": "Point",
        "coordinates": [
          77.605352,
          12.985532
        ]
      },
      "properties": {
        "id": "DN-00446",
        "type": "junction",
        "elevation_m": 909.48,
        "capacity_m3s": 0.418,
        "grid_row": 116,
        "grid_col": 121
      }
    },
    {
      "type": "Feature",
      "geometry": {
        "type": "Point",
        "coordinates": [
          77.603271,
          12.982874
        ]
      },
      "properties": {
        "id": "DN-00447",
        "type": "inlet",
        "elevation_m": 913.92,
        "capacity_m3s": 1.889,
        "grid_row": 104,
        "grid_col": 112
      }
    },
    {
      "type": "Feature",
      "geometry": {
        "type": "Point",
        "coordinates": [
          77.603522,
          12.983676
        ]
      },
      "properties": {
        "id": "DN-00448",
        "type": "junction",
        "elevation_m": 912.02,
        "capacity_m3s": 1.889,
        "grid_row": 107,
        "grid_col": 113
      }
    },
    {
      "type": "Feature",
      "geometry": {
        "type": "Point",
        "coordinates": [
          77.603496,
          12.982139
        ]
      },
      "properties": {
        "id": "DN-00449",
        "type": "inlet",
        "elevation_m": 915.68,
        "capacity_m3s": 0.418,
        "grid_row": 101,
        "grid_col": 113
      }
    },
    {
      "type": "Feature",
      "geometry": {
        "type": "Point",
        "coordinates": [
          77.603396,
          12.982168
        ]
      },
      "properties": {
        "id": "DN-00450",
        "type": "junction",
        "elevation_m": 915.68,
        "capacity_m3s": 0.418,
        "grid_row": 101,
        "grid_col": 113
      }
    },
    {
      "type": "Feature",
      "geometry": {
        "type": "Point",
        "coordinates": [
          77.586317,
          12.990986
        ]
      },
      "properties": {
        "id": "DN-00451",
        "type": "inlet",
        "elevation_m": 936.59,
        "capacity_m3s": 2.248,
        "grid_row": 140,
        "grid_col": 40
      }
    },
    {
      "type": "Feature",
      "geometry": {
        "type": "Point",
        "coordinates": [
          77.586179,
          12.991011
        ]
      },
      "properties": {
        "id": "DN-00452",
        "type": "junction",
        "elevation_m": 936.15,
        "capacity_m3s": 2.248,
        "grid_row": 140,
        "grid_col": 39
      }
    },
    {
      "type": "Feature",
      "geometry": {
        "type": "Point",
        "coordinates": [
          77.585322,
          12.993159
        ]
      },
      "properties": {
        "id": "DN-00453",
        "type": "inlet",
        "elevation_m": 935.05,
        "capacity_m3s": 2.631,
        "grid_row": 149,
        "grid_col": 36
      }
    },
    {
      "type": "Feature",
      "geometry": {
        "type": "Point",
        "coordinates": [
          77.58527,
          12.99342
        ]
      },
      "properties": {
        "id": "DN-00454",
        "type": "junction",
        "elevation_m": 933.88,
        "capacity_m3s": 2.631,
        "grid_row": 150,
        "grid_col": 35
      }
    },
    {
      "type": "Feature",
      "geometry": {
        "type": "Point",
        "coordinates": [
          77.58527,
          12.99342
        ]
      },
      "properties": {
        "id": "DN-00455",
        "type": "inlet",
        "elevation_m": 933.88,
        "capacity_m3s": 1.342,
        "grid_row": 150,
        "grid_col": 35
      }
    },
    {
      "type": "Feature",
      "geometry": {
        "type": "Point",
        "coordinates": [
          77.584571,
          12.977738
        ]
      },
      "properties": {
        "id": "DN-00456",
        "type": "inlet",
        "elevation_m": 926.03,
        "capacity_m3s": 1.268,
        "grid_row": 81,
        "grid_col": 32
      }
    },
    {
      "type": "Feature",
      "geometry": {
        "type": "Point",
        "coordinates": [
          77.584695,
          12.977654
        ]
      },
      "properties": {
        "id": "DN-00457",
        "type": "junction",
        "elevation_m": 925.88,
        "capacity_m3s": 1.268,
        "grid_row": 81,
        "grid_col": 33
      }
    },
    {
      "type": "Feature",
      "geometry": {
        "type": "Point",
        "coordinates": [
          77.584793,
          12.995295
        ]
      },
      "properties": {
        "id": "DN-00458",
        "type": "inlet",
        "elevation_m": 926.22,
        "capacity_m3s": 0.418,
        "grid_row": 159,
        "grid_col": 33
      }
    },
    {
      "type": "Feature",
      "geometry": {
        "type": "Point",
        "coordinates": [
          77.584841,
          12.995306
        ]
      },
      "properties": {
        "id": "DN-00459",
        "type": "junction",
        "elevation_m": 926.22,
        "capacity_m3s": 0.418,
        "grid_row": 159,
        "grid_col": 33
      }
    },
    {
      "type": "Feature",
      "geometry": {
        "type": "Point",
        "coordinates": [
          77.58503,
          12.993963
        ]
      },
      "properties": {
        "id": "DN-00460",
        "type": "inlet",
        "elevation_m": 931.19,
        "capacity_m3s": 2.406,
        "grid_row": 153,
        "grid_col": 34
      }
    },
    {
      "type": "Feature",
      "geometry": {
        "type": "Point",
        "coordinates": [
          77.584793,
          12.995295
        ]
      },
      "properties": {
        "id": "DN-00461",
        "type": "junction",
        "elevation_m": 926.22,
        "capacity_m3s": 2.406,
        "grid_row": 159,
        "grid_col": 33
      }
    },
    {
      "type": "Feature",
      "geometry": {
        "type": "Point",
        "coordinates": [
          77.585322,
          12.993159
        ]
      },
      "properties": {
        "id": "DN-00462",
        "type": "inlet",
        "elevation_m": 935.05,
        "capacity_m3s": 3.358,
        "grid_row": 149,
        "grid_col": 36
      }
    },
    {
      "type": "Feature",
      "geometry": {
        "type": "Point",
        "coordinates": [
          77.585361,
          12.993258
        ]
      },
      "properties": {
        "id": "DN-00463",
        "type": "junction",
        "elevation_m": 934.29,
        "capacity_m3s": 3.358,
        "grid_row": 150,
        "grid_col": 36
      }
    },
    {
      "type": "Feature",
      "geometry": {
        "type": "Point",
        "coordinates": [
          77.5805,
          13.009182
        ]
      },
      "properties": {
        "id": "DN-00464",
        "type": "inlet",
        "elevation_m": 945.26,
        "capacity_m3s": 0.418,
        "grid_row": 220,
        "grid_col": 15
      }
    },
    {
      "type": "Feature",
      "geometry": {
        "type": "Point",
        "coordinates": [
          77.580561,
          13.009178
        ]
      },
      "properties": {
        "id": "DN-00465",
        "type": "junction",
        "elevation_m": 945.26,
        "capacity_m3s": 0.418,
        "grid_row": 220,
        "grid_col": 15
      }
    },
    {
      "type": "Feature",
      "geometry": {
        "type": "Point",
        "coordinates": [
          77.580561,
          13.009178
        ]
      },
      "properties": {
        "id": "DN-00466",
        "type": "inlet",
        "elevation_m": 945.26,
        "capacity_m3s": 2.313,
        "grid_row": 220,
        "grid_col": 15
      }
    },
    {
      "type": "Feature",
      "geometry": {
        "type": "Point",
        "coordinates": [
          77.578924,
          13.006593
        ]
      },
      "properties": {
        "id": "DN-00467",
        "type": "junction",
        "elevation_m": 934.92,
        "capacity_m3s": 2.313,
        "grid_row": 208,
        "grid_col": 8
      }
    },
    {
      "type": "Feature",
      "geometry": {
        "type": "Point",
        "coordinates": [
          77.577488,
          12.962922
        ]
      },
      "properties": {
        "id": "DN-00468",
        "type": "outfall",
        "elevation_m": 898.87,
        "capacity_m3s": 6.0,
        "grid_row": 16,
        "grid_col": 2
      }
    },
    {
      "type": "Feature",
      "geometry": {
        "type": "Point",
        "coordinates": [
          77.577331,
          12.963605
        ]
      },
      "properties": {
        "id": "DN-00469",
        "type": "outfall",
        "elevation_m": 898.54,
        "capacity_m3s": 6.0,
        "grid_row": 19,
        "grid_col": 1
      }
    },
    {
      "type": "Feature",
      "geometry": {
        "type": "Point",
        "coordinates": [
          77.577716,
          12.961558
        ]
      },
      "properties": {
        "id": "DN-00470",
        "type": "outfall",
        "elevation_m": 899.92,
        "capacity_m3s": 6.0,
        "grid_row": 10,
        "grid_col": 3
      }
    },
    {
      "type": "Feature",
      "geometry": {
        "type": "Point",
        "coordinates": [
          77.577714,
          12.96146
        ]
      },
      "properties": {
        "id": "DN-00471",
        "type": "outfall",
        "elevation_m": 899.92,
        "capacity_m3s": 6.0,
        "grid_row": 10,
        "grid_col": 3
      }
    },
    {
      "type": "Feature",
      "geometry": {
        "type": "Point",
        "coordinates": [
          77.584599,
          12.977834
        ]
      },
      "properties": {
        "id": "DN-00472",
        "type": "inlet",
        "elevation_m": 925.95,
        "capacity_m3s": 1.508,
        "grid_row": 82,
        "grid_col": 32
      }
    },
    {
      "type": "Feature",
      "geometry": {
        "type": "Point",
        "coordinates": [
          77.581945,
          12.979634
        ]
      },
      "properties": {
        "id": "DN-00473",
        "type": "junction",
        "elevation_m": 921.4,
        "capacity_m3s": 1.508,
        "grid_row": 90,
        "grid_col": 21
      }
    },
    {
      "type": "Feature",
      "geometry": {
        "type": "Point",
        "coordinates": [
          77.584599,
          12.977834
        ]
      },
      "properties": {
        "id": "DN-00474",
        "type": "inlet",
        "elevation_m": 925.95,
        "capacity_m3s": 1.09,
        "grid_row": 82,
        "grid_col": 32
      }
    },
    {
      "type": "Feature",
      "geometry": {
        "type": "Point",
        "coordinates": [
          77.585548,
          12.977182
        ]
      },
      "properties": {
        "id": "DN-00475",
        "type": "junction",
        "elevation_m": 925.1,
        "capacity_m3s": 1.09,
        "grid_row": 79,
        "grid_col": 36
      }
    },
    {
      "type": "Feature",
      "geometry": {
        "type": "Point",
        "coordinates": [
          77.577425,
          12.976245
        ]
      },
      "properties": {
        "id": "DN-00476",
        "type": "inlet",
        "elevation_m": 912.62,
        "capacity_m3s": 0.495,
        "grid_row": 75,
        "grid_col": 2
      }
    },
    {
      "type": "Feature",
      "geometry": {
        "type": "Point",
        "coordinates": [
          77.577324,
          12.976995
        ]
      },
      "properties": {
        "id": "DN-00477",
        "type": "junction",
        "elevation_m": 912.5,
        "capacity_m3s": 0.495,
        "grid_row": 78,
        "grid_col": 1
      }
    },
    {
      "type": "Feature",
      "geometry": {
        "type": "Point",
        "coordinates": [
          77.577425,
          12.976245
        ]
      },
      "properties": {
        "id": "DN-00478",
        "type": "inlet",
        "elevation_m": 912.62,
        "capacity_m3s": 0.418,
        "grid_row": 75,
        "grid_col": 2
      }
    },
    {
      "type": "Feature",
      "geometry": {
        "type": "Point",
        "coordinates": [
          77.577042,
          12.974864
        ]
      },
      "properties": {
        "id": "DN-00479",
        "type": "junction",
        "elevation_m": 912.48,
        "capacity_m3s": 0.418,
        "grid_row": 69,
        "grid_col": 0
      }
    },
    {
      "type": "Feature",
      "geometry": {
        "type": "Point",
        "coordinates": [
          77.594642,
          12.981902
        ]
      },
      "properties": {
        "id": "DN-00480",
        "type": "inlet",
        "elevation_m": 937.13,
        "capacity_m3s": 1.813,
        "grid_row": 100,
        "grid_col": 75
      }
    },
    {
      "type": "Feature",
      "geometry": {
        "type": "Point",
        "coordinates": [
          77.594808,
          12.982096
        ]
      },
      "properties": {
        "id": "DN-00481",
        "type": "junction",
        "elevation_m": 936.6,
        "capacity_m3s": 1.813,
        "grid_row": 100,
        "grid_col": 76
      }
    },
    {
      "type": "Feature",
      "geometry": {
        "type": "Point",
        "coordinates": [
          77.588263,
          12.960991
        ]
      },
      "properties": {
        "id": "DN-00482",
        "type": "outfall",
        "elevation_m": 903.76,
        "capacity_m3s": 6.0,
        "grid_row": 8,
        "grid_col": 48
      }
    },
    {
      "type": "Feature",
      "geometry": {
        "type": "Point",
        "coordinates": [
          77.586895,
          12.9592
        ]
      },
      "properties": {
        "id": "DN-00483",
        "type": "outfall",
        "elevation_m": 895.7,
        "capacity_m3s": 6.0,
        "grid_row": 0,
        "grid_col": 42
      }
    },
    {
      "type": "Feature",
      "geometry": {
        "type": "Point",
        "coordinates": [
          77.595984,
          12.99455
        ]
      },
      "properties": {
        "id": "DN-00484",
        "type": "inlet",
        "elevation_m": 921.88,
        "capacity_m3s": 1.609,
        "grid_row": 155,
        "grid_col": 81
      }
    },
    {
      "type": "Feature",
      "geometry": {
        "type": "Point",
        "coordinates": [
          77.595881,
          12.99421
        ]
      },
      "properties": {
        "id": "DN-00485",
        "type": "junction",
        "elevation_m": 921.28,
        "capacity_m3s": 1.609,
        "grid_row": 154,
        "grid_col": 81
      }
    },
    {
      "type": "Feature",
      "geometry": {
        "type": "Point",
        "coordinates": [
          77.596224,
          12.994152
        ]
      },
      "properties": {
        "id": "DN-00486",
        "type": "inlet",
        "elevation_m": 921.39,
        "capacity_m3s": 0.712,
        "grid_row": 153,
        "grid_col": 82
      }
    },
    {
      "type": "Feature",
      "geometry": {
        "type": "Point",
        "coordinates": [
          77.595881,
          12.99421
        ]
      },
      "properties": {
        "id": "DN-00487",
        "type": "junction",
        "elevation_m": 921.28,
        "capacity_m3s": 0.712,
        "grid_row": 154,
        "grid_col": 81
      }
    },
    {
      "type": "Feature",
      "geometry": {
        "type": "Point",
        "coordinates": [
          77.59697,
          12.994752
        ]
      },
      "properties": {
        "id": "DN-00488",
        "type": "inlet",
        "elevation_m": 925.3,
        "capacity_m3s": 2.01,
        "grid_row": 156,
        "grid_col": 85
      }
    },
    {
      "type": "Feature",
      "geometry": {
        "type": "Point",
        "coordinates": [
          77.596232,
          12.994731
        ]
      },
      "properties": {
        "id": "DN-00489",
        "type": "junction",
        "elevation_m": 923.18,
        "capacity_m3s": 2.01,
        "grid_row": 156,
        "grid_col": 82
      }
    },
    {
      "type": "Feature",
      "geometry": {
        "type": "Point",
        "coordinates": [
          77.596656,
          12.994035
        ]
      },
      "properties": {
        "id": "DN-00490",
        "type": "junction",
        "elevation_m": 922.8,
        "capacity_m3s": 0.887,
        "grid_row": 153,
        "grid_col": 84
      }
    },
    {
      "type": "Feature",
      "geometry": {
        "type": "Point",
        "coordinates": [
          77.596275,
          12.99471
        ]
      },
      "properties": {
        "id": "DN-00491",
        "type": "inlet",
        "elevation_m": 923.18,
        "capacity_m3s": 1.808,
        "grid_row": 156,
        "grid_col": 82
      }
    },
    {
      "type": "Feature",
      "geometry": {
        "type": "Point",
        "coordinates": [
          77.596141,
          12.994458
        ]
      },
      "properties": {
        "id": "DN-00492",
        "type": "junction",
        "elevation_m": 922.59,
        "capacity_m3s": 1.808,
        "grid_row": 155,
        "grid_col": 82
      }
    },
    {
      "type": "Feature",
      "geometry": {
        "type": "Point",
        "coordinates": [
          77.599462,
          12.995445
        ]
      },
      "properties": {
        "id": "DN-00493",
        "type": "junction",
        "elevation_m": 933.0,
        "capacity_m3s": 0.418,
        "grid_row": 159,
        "grid_col": 96
      }
    },
    {
      "type": "Feature",
      "geometry": {
        "type": "Point",
        "coordinates": [
          77.587559,
          12.983477
        ]
      },
      "properties": {
        "id": "DN-00494",
        "type": "inlet",
        "elevation_m": 932.62,
        "capacity_m3s": 1.275,
        "grid_row": 107,
        "grid_col": 45
      }
    },
    {
      "type": "Feature",
      "geometry": {
        "type": "Point",
        "coordinates": [
          77.586635,
          12.98168
        ]
      },
      "properties": {
        "id": "DN-00495",
        "type": "junction",
        "elevation_m": 930.53,
        "capacity_m3s": 1.275,
        "grid_row": 99,
        "grid_col": 41
      }
    },
    {
      "type": "Feature",
      "geometry": {
        "type": "Point",
        "coordinates": [
          77.587917,
          12.984307
        ]
      },
      "properties": {
        "id": "DN-00496",
        "type": "inlet",
        "elevation_m": 934.06,
        "capacity_m3s": 1.581,
        "grid_row": 110,
        "grid_col": 47
      }
    },
    {
      "type": "Feature",
      "geometry": {
        "type": "Point",
        "coordinates": [
          77.587559,
          12.983477
        ]
      },
      "properties": {
        "id": "DN-00497",
        "type": "junction",
        "elevation_m": 932.62,
        "capacity_m3s": 1.581,
        "grid_row": 107,
        "grid_col": 45
      }
    },
    {
      "type": "Feature",
      "geometry": {
        "type": "Point",
        "coordinates": [
          77.58879,
          12.986365
        ]
      },
      "properties": {
        "id": "DN-00498",
        "type": "inlet",
        "elevation_m": 938.19,
        "capacity_m3s": 1.714,
        "grid_row": 119,
        "grid_col": 50
      }
    },
    {
      "type": "Feature",
      "geometry": {
        "type": "Point",
        "coordinates": [
          77.588229,
          12.984883
        ]
      },
      "properties": {
        "id": "DN-00499",
        "type": "junction",
        "elevation_m": 935.24,
        "capacity_m3s": 1.714,
        "grid_row": 113,
        "grid_col": 48
      }
    },
    {
      "type": "Feature",
      "geometry": {
        "type": "Point",
        "coordinates": [
          77.592721,
          12.984259
        ]
      },
      "properties": {
        "id": "DN-00500",
        "type": "inlet",
        "elevation_m": 942.12,
        "capacity_m3s": 2.107,
        "grid_row": 110,
        "grid_col": 67
      }
    },
    {
      "type": "Feature",
      "geometry": {
        "type": "Point",
        "coordinates": [
          77.592721,
          12.984259
        ]
      },
      "properties": {
        "id": "DN-00501",
        "type": "inlet",
        "elevation_m": 942.12,
        "capacity_m3s": 2.185,
        "grid_row": 110,
        "grid_col": 67
      }
    },
    {
      "type": "Feature",
      "geometry": {
        "type": "Point",
        "coordinates": [
          77.595747,
          12.983248
        ]
      },
      "properties": {
        "id": "DN-00502",
        "type": "junction",
        "elevation_m": 932.67,
        "capacity_m3s": 2.185,
        "grid_row": 106,
        "grid_col": 80
      }
    },
    {
      "type": "Feature",
      "geometry": {
        "type": "Point",
        "coordinates": [
          77.601799,
          12.976518
        ]
      },
      "properties": {
        "id": "DN-00503",
        "type": "inlet",
        "elevation_m": 919.47,
        "capacity_m3s": 0.418,
        "grid_row": 76,
        "grid_col": 106
      }
    },
    {
      "type": "Feature",
      "geometry": {
        "type": "Point",
        "coordinates": [
          77.601792,
          12.976639
        ]
      },
      "properties": {
        "id": "DN-00504",
        "type": "junction",
        "elevation_m": 919.47,
        "capacity_m3s": 0.418,
        "grid_row": 76,
        "grid_col": 106
      }
    },
    {
      "type": "Feature",
      "geometry": {
        "type": "Point",
        "coordinates": [
          77.583815,
          13.003492
        ]
      },
      "properties": {
        "id": "DN-00505",
        "type": "inlet",
        "elevation_m": 936.46,
        "capacity_m3s": 2.438,
        "grid_row": 195,
        "grid_col": 29
      }
    },
    {
      "type": "Feature",
      "geometry": {
        "type": "Point",
        "coordinates": [
          77.583998,
          13.003231
        ]
      },
      "properties": {
        "id": "DN-00506",
        "type": "junction",
        "elevation_m": 935.26,
        "capacity_m3s": 2.438,
        "grid_row": 193,
        "grid_col": 30
      }
    },
    {
      "type": "Feature",
      "geometry": {
        "type": "Point",
        "coordinates": [
          77.583998,
          13.003231
        ]
      },
      "properties": {
        "id": "DN-00507",
        "type": "inlet",
        "elevation_m": 935.26,
        "capacity_m3s": 2.018,
        "grid_row": 193,
        "grid_col": 30
      }
    },
    {
      "type": "Feature",
      "geometry": {
        "type": "Point",
        "coordinates": [
          77.584075,
          13.003008
        ]
      },
      "properties": {
        "id": "DN-00508",
        "type": "junction",
        "elevation_m": 934.65,
        "capacity_m3s": 2.018,
        "grid_row": 192,
        "grid_col": 30
      }
    },
    {
      "type": "Feature",
      "geometry": {
        "type": "Point",
        "coordinates": [
          77.582683,
          13.004184
        ]
      },
      "properties": {
        "id": "DN-00509",
        "type": "inlet",
        "elevation_m": 937.04,
        "capacity_m3s": 0.836,
        "grid_row": 198,
        "grid_col": 24
      }
    },
    {
      "type": "Feature",
      "geometry": {
        "type": "Point",
        "coordinates": [
          77.583815,
          13.003492
        ]
      },
      "properties": {
        "id": "DN-00510",
        "type": "junction",
        "elevation_m": 936.46,
        "capacity_m3s": 0.836,
        "grid_row": 195,
        "grid_col": 29
      }
    },
    {
      "type": "Feature",
      "geometry": {
        "type": "Point",
        "coordinates": [
          77.606006,
          12.958016
        ]
      },
      "properties": {
        "id": "DN-00511",
        "type": "inlet",
        "elevation_m": 912.02,
        "capacity_m3s": 1.662,
        "grid_row": 0,
        "grid_col": 124
      }
    },
    {
      "type": "Feature",
      "geometry": {
        "type": "Point",
        "coordinates": [
          77.578555,
          13.006615
        ]
      },
      "properties": {
        "id": "DN-00512",
        "type": "inlet",
        "elevation_m": 933.94,
        "capacity_m3s": 0.661,
        "grid_row": 208,
        "grid_col": 7
      }
    },
    {
      "type": "Feature",
      "geometry": {
        "type": "Point",
        "coordinates": [
          77.572734,
          13.007851
        ]
      },
      "properties": {
        "id": "DN-00513",
        "type": "junction",
        "elevation_m": 932.24,
        "capacity_m3s": 0.661,
        "grid_row": 214,
        "grid_col": 0
      }
    },
    {
      "type": "Feature",
      "geometry": {
        "type": "Point",
        "coordinates": [
          77.579659,
          13.009234
        ]
      },
      "properties": {
        "id": "DN-00514",
        "type": "inlet",
        "elevation_m": 943.24,
        "capacity_m3s": 1.455,
        "grid_row": 220,
        "grid_col": 11
      }
    },
    {
      "type": "Feature",
      "geometry": {
        "type": "Point",
        "coordinates": [
          77.575721,
          13.009406
        ]
      },
      "properties": {
        "id": "DN-00515",
        "type": "junction",
        "elevation_m": 938.08,
        "capacity_m3s": 1.455,
        "grid_row": 221,
        "grid_col": 0
      }
    },
    {
      "type": "Feature",
      "geometry": {
        "type": "Point",
        "coordinates": [
          77.579659,
          13.009234
        ]
      },
      "properties": {
        "id": "DN-00516",
        "type": "inlet",
        "elevation_m": 943.24,
        "capacity_m3s": 1.455,
        "grid_row": 220,
        "grid_col": 11
      }
    },
    {
      "type": "Feature",
      "geometry": {
        "type": "Point",
        "coordinates": [
          77.575721,
          13.009406
        ]
      },
      "properties": {
        "id": "DN-00517",
        "type": "junction",
        "elevation_m": 938.08,
        "capacity_m3s": 1.455,
        "grid_row": 221,
        "grid_col": 0
      }
    },
    {
      "type": "Feature",
      "geometry": {
        "type": "Point",
        "coordinates": [
          77.601487,
          12.965451
        ]
      },
      "properties": {
        "id": "DN-00518",
        "type": "inlet",
        "elevation_m": 910.02,
        "capacity_m3s": 1.05,
        "grid_row": 27,
        "grid_col": 105
      }
    },
    {
      "type": "Feature",
      "geometry": {
        "type": "Point",
        "coordinates": [
          77.601414,
          12.965442
        ]
      },
      "properties": {
        "id": "DN-00519",
        "type": "junction",
        "elevation_m": 909.97,
        "capacity_m3s": 1.05,
        "grid_row": 27,
        "grid_col": 104
      }
    },
    {
      "type": "Feature",
      "geometry": {
        "type": "Point",
        "coordinates": [
          77.601414,
          12.965442
        ]
      },
      "properties": {
        "id": "DN-00520",
        "type": "inlet",
        "elevation_m": 909.97,
        "capacity_m3s": 0.418,
        "grid_row": 27,
        "grid_col": 104
      }
    },
    {
      "type": "Feature",
      "geometry": {
        "type": "Point",
        "coordinates": [
          77.589529,
          12.995526
        ]
      },
      "properties": {
        "id": "DN-00521",
        "type": "inlet",
        "elevation_m": 935.4,
        "capacity_m3s": 1.934,
        "grid_row": 160,
        "grid_col": 54
      }
    },
    {
      "type": "Feature",
      "geometry": {
        "type": "Point",
        "coordinates": [
          77.58448,
          12.997749
        ]
      },
      "properties": {
        "id": "DN-00522",
        "type": "junction",
        "elevation_m": 922.09,
        "capacity_m3s": 1.934,
        "grid_row": 169,
        "grid_col": 32
      }
    },
    {
      "type": "Feature",
      "geometry": {
        "type": "Point",
        "coordinates": [
          77.584206,
          12.998586
        ]
      },
      "properties": {
        "id": "DN-00523",
        "type": "inlet",
        "elevation_m": 923.73,
        "capacity_m3s": 0.418,
        "grid_row": 173,
        "grid_col": 31
      }
    },
    {
      "type": "Feature",
      "geometry": {
        "type": "Point",
        "coordinates": [
          77.584198,
          12.998654
        ]
      },
      "properties": {
        "id": "DN-00524",
        "type": "junction",
        "elevation_m": 923.73,
        "capacity_m3s": 0.418,
        "grid_row": 173,
        "grid_col": 31
      }
    },
    {
      "type": "Feature",
      "geometry": {
        "type": "Point",
        "coordinates": [
          77.581873,
          12.963392
        ]
      },
      "properties": {
        "id": "DN-00525",
        "type": "outfall",
        "elevation_m": 898.4,
        "capacity_m3s": 6.0,
        "grid_row": 18,
        "grid_col": 21
      }
    },
    {
      "type": "Feature",
      "geometry": {
        "type": "Point",
        "coordinates": [
          77.579004,
          12.964302
        ]
      },
      "properties": {
        "id": "DN-00526",
        "type": "outfall",
        "elevation_m": 902.14,
        "capacity_m3s": 6.0,
        "grid_row": 22,
        "grid_col": 9
      }
    },
    {
      "type": "Feature",
      "geometry": {
        "type": "Point",
        "coordinates": [
          77.581126,
          12.964095
        ]
      },
      "properties": {
        "id": "DN-00527",
        "type": "outfall",
        "elevation_m": 901.01,
        "capacity_m3s": 6.0,
        "grid_row": 21,
        "grid_col": 18
      }
    },
    {
      "type": "Feature",
      "geometry": {
        "type": "Point",
        "coordinates": [
          77.593304,
          12.985715
        ]
      },
      "properties": {
        "id": "DN-00528",
        "type": "junction",
        "elevation_m": 941.51,
        "capacity_m3s": 0.782,
        "grid_row": 116,
        "grid_col": 70
      }
    },
    {
      "type": "Feature",
      "geometry": {
        "type": "Point",
        "coordinates": [
          77.593304,
          12.985715
        ]
      },
      "properties": {
        "id": "DN-00529",
        "type": "inlet",
        "elevation_m": 941.51,
        "capacity_m3s": 2.467,
        "grid_row": 116,
        "grid_col": 70
      }
    },
    {
      "type": "Feature",
      "geometry": {
        "type": "Point",
        "coordinates": [
          77.594392,
          12.985298
        ]
      },
      "properties": {
        "id": "DN-00530",
        "type": "junction",
        "elevation_m": 937.1,
        "capacity_m3s": 2.467,
        "grid_row": 115,
        "grid_col": 74
      }
    },
    {
      "type": "Feature",
      "geometry": {
        "type": "Point",
        "coordinates": [
          77.605853,
          13.003664
        ]
      },
      "properties": {
        "id": "DN-00531",
        "type": "inlet",
        "elevation_m": 915.68,
        "capacity_m3s": 0.99,
        "grid_row": 195,
        "grid_col": 123
      }
    },
    {
      "type": "Feature",
      "geometry": {
        "type": "Point",
        "coordinates": [
          77.608911,
          13.002664
        ]
      },
      "properties": {
        "id": "DN-00532",
        "type": "junction",
        "elevation_m": 913.72,
        "capacity_m3s": 0.99,
        "grid_row": 191,
        "grid_col": 129
      }
    },
    {
      "type": "Feature",
      "geometry": {
        "type": "Point",
        "coordinates": [
          77.605853,
          13.003664
        ]
      },
      "properties": {
        "id": "DN-00533",
        "type": "inlet",
        "elevation_m": 915.68,
        "capacity_m3s": 0.99,
        "grid_row": 195,
        "grid_col": 123
      }
    },
    {
      "type": "Feature",
      "geometry": {
        "type": "Point",
        "coordinates": [
          77.608911,
          13.002664
        ]
      },
      "properties": {
        "id": "DN-00534",
        "type": "junction",
        "elevation_m": 913.72,
        "capacity_m3s": 0.99,
        "grid_row": 191,
        "grid_col": 129
      }
    },
    {
      "type": "Feature",
      "geometry": {
        "type": "Point",
        "coordinates": [
          77.609239,
          12.970709
        ]
      },
      "properties": {
        "id": "DN-00535",
        "type": "inlet",
        "elevation_m": 911.28,
        "capacity_m3s": 0.418,
        "grid_row": 50,
        "grid_col": 129
      }
    },
    {
      "type": "Feature",
      "geometry": {
        "type": "Point",
        "coordinates": [
          77.607141,
          12.971418
        ]
      },
      "properties": {
        "id": "DN-00536",
        "type": "junction",
        "elevation_m": 911.06,
        "capacity_m3s": 0.418,
        "grid_row": 54,
        "grid_col": 129
      }
    },
    {
      "type": "Feature",
      "geometry": {
        "type": "Point",
        "coordinates": [
          77.607039,
          12.971451
        ]
      },
      "properties": {
        "id": "DN-00537",
        "type": "inlet",
        "elevation_m": 911.42,
        "capacity_m3s": 2.324,
        "grid_row": 54,
        "grid_col": 128
      }
    },
    {
      "type": "Feature",
      "geometry": {
        "type": "Point",
        "coordinates": [
          77.607141,
          12.971418
        ]
      },
      "properties": {
        "id": "DN-00538",
        "type": "junction",
        "elevation_m": 911.06,
        "capacity_m3s": 2.324,
        "grid_row": 54,
        "grid_col": 129
      }
    },
    {
      "type": "Feature",
      "geometry": {
        "type": "Point",
        "coordinates": [
          77.585822,
          12.961278
        ]
      },
      "properties": {
        "id": "DN-00539",
        "type": "outfall",
        "elevation_m": 900.23,
        "capacity_m3s": 6.0,
        "grid_row": 9,
        "grid_col": 38
      }
    },
    {
      "type": "Feature",
      "geometry": {
        "type": "Point",
        "coordinates": [
          77.58583,
          12.961328
        ]
      },
      "properties": {
        "id": "DN-00540",
        "type": "outfall",
        "elevation_m": 900.23,
        "capacity_m3s": 6.0,
        "grid_row": 9,
        "grid_col": 38
      }
    },
    {
      "type": "Feature",
      "geometry": {
        "type": "Point",
        "coordinates": [
          77.585092,
          12.995356
        ]
      },
      "properties": {
        "id": "DN-00541",
        "type": "inlet",
        "elevation_m": 927.03,
        "capacity_m3s": 3.74,
        "grid_row": 159,
        "grid_col": 35
      }
    },
    {
      "type": "Feature",
      "geometry": {
        "type": "Point",
        "coordinates": [
          77.585223,
          12.99372
        ]
      },
      "properties": {
        "id": "DN-00542",
        "type": "junction",
        "elevation_m": 932.36,
        "capacity_m3s": 2.802,
        "grid_row": 152,
        "grid_col": 35
      }
    },
    {
      "type": "Feature",
      "geometry": {
        "type": "Point",
        "coordinates": [
          77.585223,
          12.99372
        ]
      },
      "properties": {
        "id": "DN-00543",
        "type": "inlet",
        "elevation_m": 932.36,
        "capacity_m3s": 1.803,
        "grid_row": 152,
        "grid_col": 35
      }
    },
    {
      "type": "Feature",
      "geometry": {
        "type": "Point",
        "coordinates": [
          77.582515,
          12.984455
        ]
      },
      "properties": {
        "id": "DN-00544",
        "type": "inlet",
        "elevation_m": 928.66,
        "capacity_m3s": 3.846,
        "grid_row": 111,
        "grid_col": 24
      }
    },
    {
      "type": "Feature",
      "geometry": {
        "type": "Point",
        "coordinates": [
          77.581795,
          12.985096
        ]
      },
      "properties": {
        "id": "DN-00545",
        "type": "inlet",
        "elevation_m": 924.34,
        "capacity_m3s": 1.275,
        "grid_row": 114,
        "grid_col": 20
      }
    },
    {
      "type": "Feature",
      "geometry": {
        "type": "Point",
        "coordinates": [
          77.579166,
          12.986883
        ]
      },
      "properties": {
        "id": "DN-00546",
        "type": "junction",
        "elevation_m": 921.1,
        "capacity_m3s": 1.275,
        "grid_row": 122,
        "grid_col": 9
      }
    },
    {
      "type": "Feature",
      "geometry": {
        "type": "Point",
        "coordinates": [
          77.582467,
          12.984605
        ]
      },
      "properties": {
        "id": "DN-00547",
        "type": "junction",
        "elevation_m": 927.6,
        "capacity_m3s": 3.112,
        "grid_row": 111,
        "grid_col": 23
      }
    },
    {
      "type": "Feature",
      "geometry": {
        "type": "Point",
        "coordinates": [
          77.577124,
          12.978873
        ]
      },
      "properties": {
        "id": "DN-00548",
        "type": "junction",
        "elevation_m": 913.71,
        "capacity_m3s": 1.536,
        "grid_row": 86,
        "grid_col": 0
      }
    },
    {
      "type": "Feature",
      "geometry": {
        "type": "Point",
        "coordinates": [
          77.590504,
          12.967826
        ]
      },
      "properties": {
        "id": "DN-00549",
        "type": "inlet",
        "elevation_m": 906.97,
        "capacity_m3s": 0.418,
        "grid_row": 38,
        "grid_col": 58
      }
    },
    {
      "type": "Feature",
      "geometry": {
        "type": "Point",
        "coordinates": [
          77.594643,
          12.967041
        ]
      },
      "properties": {
        "id": "DN-00550",
        "type": "outfall",
        "elevation_m": 906.48,
        "capacity_m3s": 6.0,
        "grid_row": 34,
        "grid_col": 75
      }
    },
    {
      "type": "Feature",
      "geometry": {
        "type": "Point",
        "coordinates": [
          77.607109,
          12.986826
        ]
      },
      "properties": {
        "id": "DN-00551",
        "type": "junction",
        "elevation_m": 907.58,
        "capacity_m3s": 0.804,
        "grid_row": 121,
        "grid_col": 129
      }
    },
    {
      "type": "Feature",
      "geometry": {
        "type": "Point",
        "coordinates": [
          77.607109,
          12.986826
        ]
      },
      "properties": {
        "id": "DN-00552",
        "type": "junction",
        "elevation_m": 907.58,
        "capacity_m3s": 0.804,
        "grid_row": 121,
        "grid_col": 129
      }
    },
    {
      "type": "Feature",
      "geometry": {
        "type": "Point",
        "coordinates": [
          77.607774,
          12.988098
        ]
      },
      "properties": {
        "id": "DN-00553",
        "type": "junction",
        "elevation_m": 907.91,
        "capacity_m3s": 0.748,
        "grid_row": 127,
        "grid_col": 129
      }
    },
    {
      "type": "Feature",
      "geometry": {
        "type": "Point",
        "coordinates": [
          77.583183,
          13.003765
        ]
      },
      "properties": {
        "id": "DN-00554",
        "type": "inlet",
        "elevation_m": 936.25,
        "capacity_m3s": 0.771,
        "grid_row": 196,
        "grid_col": 26
      }
    },
    {
      "type": "Feature",
      "geometry": {
        "type": "Point",
        "coordinates": [
          77.578782,
          13.006377
        ]
      },
      "properties": {
        "id": "DN-00555",
        "type": "junction",
        "elevation_m": 934.36,
        "capacity_m3s": 0.771,
        "grid_row": 207,
        "grid_col": 8
      }
    },
    {
      "type": "Feature",
      "geometry": {
        "type": "Point",
        "coordinates": [
          77.578782,
          13.006377
        ]
      },
      "properties": {
        "id": "DN-00556",
        "type": "inlet",
        "elevation_m": 934.36,
        "capacity_m3s": 3.282,
        "grid_row": 207,
        "grid_col": 8
      }
    },
    {
      "type": "Feature",
      "geometry": {
        "type": "Point",
        "coordinates": [
          77.578682,
          13.00616
        ]
      },
      "properties": {
        "id": "DN-00557",
        "type": "junction",
        "elevation_m": 932.73,
        "capacity_m3s": 3.282,
        "grid_row": 206,
        "grid_col": 7
      }
    },
    {
      "type": "Feature",
      "geometry": {
        "type": "Point",
        "coordinates": [
          77.578678,
          13.006444
        ]
      },
      "properties": {
        "id": "DN-00558",
        "type": "inlet",
        "elevation_m": 933.94,
        "capacity_m3s": 0.418,
        "grid_row": 208,
        "grid_col": 7
      }
    },
    {
      "type": "Feature",
      "geometry": {
        "type": "Point",
        "coordinates": [
          77.578729,
          13.006516
        ]
      },
      "properties": {
        "id": "DN-00559",
        "type": "junction",
        "elevation_m": 933.94,
        "capacity_m3s": 0.418,
        "grid_row": 208,
        "grid_col": 7
      }
    },
    {
      "type": "Feature",
      "geometry": {
        "type": "Point",
        "coordinates": [
          77.597438,
          12.984236
        ]
      },
      "properties": {
        "id": "DN-00560",
        "type": "inlet",
        "elevation_m": 928.08,
        "capacity_m3s": 1.418,
        "grid_row": 110,
        "grid_col": 87
      }
    },
    {
      "type": "Feature",
      "geometry": {
        "type": "Point",
        "coordinates": [
          77.597284,
          12.984424
        ]
      },
      "properties": {
        "id": "DN-00561",
        "type": "junction",
        "elevation_m": 927.77,
        "capacity_m3s": 1.418,
        "grid_row": 111,
        "grid_col": 87
      }
    },
    {
      "type": "Feature",
      "geometry": {
        "type": "Point",
        "coordinates": [
          77.597438,
          12.984236
        ]
      },
      "properties": {
        "id": "DN-00562",
        "type": "inlet",
        "elevation_m": 928.08,
        "capacity_m3s": 2.47,
        "grid_row": 110,
        "grid_col": 87
      }
    },
    {
      "type": "Feature",
      "geometry": {
        "type": "Point",
        "coordinates": [
          77.598564,
          12.984112
        ]
      },
      "properties": {
        "id": "DN-00563",
        "type": "junction",
        "elevation_m": 923.62,
        "capacity_m3s": 2.47,
        "grid_row": 109,
        "grid_col": 92
      }
    },
    {
      "type": "Feature",
      "geometry": {
        "type": "Point",
        "coordinates": [
          77.603217,
          12.984187
        ]
      },
      "properties": {
        "id": "DN-00564",
        "type": "inlet",
        "elevation_m": 910.19,
        "capacity_m3s": 0.418,
        "grid_row": 110,
        "grid_col": 112
      }
    },
    {
      "type": "Feature",
      "geometry": {
        "type": "Point",
        "coordinates": [
          77.603113,
          12.98422
        ]
      },
      "properties": {
        "id": "DN-00565",
        "type": "junction",
        "elevation_m": 910.19,
        "capacity_m3s": 0.418,
        "grid_row": 110,
        "grid_col": 112
      }
    },
    {
      "type": "Feature",
      "geometry": {
        "type": "Point",
        "coordinates": [
          77.601622,
          12.984614
        ]
      },
      "properties": {
        "id": "DN-00566",
        "type": "inlet",
        "elevation_m": 912.32,
        "capacity_m3s": 2.132,
        "grid_row": 112,
        "grid_col": 105
      }
    },
    {
      "type": "Feature",
      "geometry": {
        "type": "Point",
        "coordinates": [
          77.60163,
          12.984573
        ]
      },
      "properties": {
        "id": "DN-00567",
        "type": "junction",
        "elevation_m": 912.19,
        "capacity_m3s": 2.132,
        "grid_row": 111,
        "grid_col": 105
      }
    },
    {
      "type": "Feature",
      "geometry": {
        "type": "Point",
        "coordinates": [
          77.606723,
          12.966217
        ]
      },
      "properties": {
        "id": "DN-00568",
        "type": "inlet",
        "elevation_m": 911.71,
        "capacity_m3s": 0.724,
        "grid_row": 31,
        "grid_col": 127
      }
    },
    {
      "type": "Feature",
      "geometry": {
        "type": "Point",
        "coordinates": [
          77.606012,
          12.968434
        ]
      },
      "properties": {
        "id": "DN-00569",
        "type": "junction",
        "elevation_m": 910.93,
        "capacity_m3s": 0.724,
        "grid_row": 40,
        "grid_col": 124
      }
    },
    {
      "type": "Feature",
      "geometry": {
        "type": "Point",
        "coordinates": [
          77.604807,
          12.970902
        ]
      },
      "properties": {
        "id": "DN-00570",
        "type": "inlet",
        "elevation_m": 913.68,
        "capacity_m3s": 1.254,
        "grid_row": 51,
        "grid_col": 119
      }
    },
    {
      "type": "Feature",
      "geometry": {
        "type": "Point",
        "coordinates": [
          77.606012,
          12.968434
        ]
      },
      "properties": {
        "id": "DN-00571",
        "type": "junction",
        "elevation_m": 910.93,
        "capacity_m3s": 1.254,
        "grid_row": 40,
        "grid_col": 124
      }
    },
    {
      "type": "Feature",
      "geometry": {
        "type": "Point",
        "coordinates": [
          77.578886,
          13.006677
        ]
      },
      "properties": {
        "id": "DN-00572",
        "type": "junction",
        "elevation_m": 935.49,
        "capacity_m3s": 0.981,
        "grid_row": 209,
        "grid_col": 8
      }
    },
    {
      "type": "Feature",
      "geometry": {
        "type": "Point",
        "coordinates": [
          77.588343,
          12.977241
        ]
      },
      "properties": {
        "id": "DN-00573",
        "type": "inlet",
        "elevation_m": 916.54,
        "capacity_m3s": 2.116,
        "grid_row": 79,
        "grid_col": 48
      }
    },
    {
      "type": "Feature",
      "geometry": {
        "type": "Point",
        "coordinates": [
          77.588656,
          12.97665
        ]
      },
      "properties": {
        "id": "DN-00574",
        "type": "junction",
        "elevation_m": 914.65,
        "capacity_m3s": 2.116,
        "grid_row": 77,
        "grid_col": 50
      }
    },
    {
      "type": "Feature",
      "geometry": {
        "type": "Point",
        "coordinates": [
          77.588343,
          12.977241
        ]
      },
      "properties": {
        "id": "DN-00575",
        "type": "inlet",
        "elevation_m": 916.54,
        "capacity_m3s": 2.116,
        "grid_row": 79,
        "grid_col": 48
      }
    },
    {
      "type": "Feature",
      "geometry": {
        "type": "Point",
        "coordinates": [
          77.588656,
          12.97665
        ]
      },
      "properties": {
        "id": "DN-00576",
        "type": "junction",
        "elevation_m": 914.65,
        "capacity_m3s": 2.116,
        "grid_row": 77,
        "grid_col": 50
      }
    },
    {
      "type": "Feature",
      "geometry": {
        "type": "Point",
        "coordinates": [
          77.581844,
          12.979699
        ]
      },
      "properties": {
        "id": "DN-00577",
        "type": "inlet",
        "elevation_m": 921.4,
        "capacity_m3s": 1.875,
        "grid_row": 90,
        "grid_col": 21
      }
    },
    {
      "type": "Feature",
      "geometry": {
        "type": "Point",
        "coordinates": [
          77.579617,
          12.980414
        ]
      },
      "properties": {
        "id": "DN-00578",
        "type": "junction",
        "elevation_m": 916.19,
        "capacity_m3s": 1.875,
        "grid_row": 93,
        "grid_col": 11
      }
    },
    {
      "type": "Feature",
      "geometry": {
        "type": "Point",
        "coordinates": [
          77.589647,
          12.995501
        ]
      },
      "properties": {
        "id": "DN-00579",
        "type": "inlet",
        "elevation_m": 935.09,
        "capacity_m3s": 3.081,
        "grid_row": 159,
        "grid_col": 54
      }
    },
    {
      "type": "Feature",
      "geometry": {
        "type": "Point",
        "coordinates": [
          77.589809,
          12.995197
        ]
      },
      "properties": {
        "id": "DN-00580",
        "type": "junction",
        "elevation_m": 933.02,
        "capacity_m3s": 3.081,
        "grid_row": 158,
        "grid_col": 55
      }
    },
    {
      "type": "Feature",
      "geometry": {
        "type": "Point",
        "coordinates": [
          77.58886,
          12.993195
        ]
      },
      "properties": {
        "id": "DN-00581",
        "type": "inlet",
        "elevation_m": 937.24,
        "capacity_m3s": 1.349,
        "grid_row": 149,
        "grid_col": 51
      }
    },
    {
      "type": "Feature",
      "geometry": {
        "type": "Point",
        "coordinates": [
          77.589706,
          12.995141
        ]
      },
      "properties": {
        "id": "DN-00582",
        "type": "junction",
        "elevation_m": 934.79,
        "capacity_m3s": 1.349,
        "grid_row": 158,
        "grid_col": 54
      }
    },
    {
      "type": "Feature",
      "geometry": {
        "type": "Point",
        "coordinates": [
          77.589709,
          12.995193
        ]
      },
      "properties": {
        "id": "DN-00583",
        "type": "junction",
        "elevation_m": 934.79,
        "capacity_m3s": 1.598,
        "grid_row": 158,
        "grid_col": 54
      }
    },
    {
      "type": "Feature",
      "geometry": {
        "type": "Point",
        "coordinates": [
          77.589469,
          12.994479
        ]
      },
      "properties": {
        "id": "DN-00584",
        "type": "junction",
        "elevation_m": 935.64,
        "capacity_m3s": 1.342,
        "grid_row": 155,
        "grid_col": 53
      }
    },
    {
      "type": "Feature",
      "geometry": {
        "type": "Point",
        "coordinates": [
          77.58194,
          12.99857
        ]
      },
      "properties": {
        "id": "DN-00585",
        "type": "inlet",
        "elevation_m": 921.61,
        "capacity_m3s": 0.62,
        "grid_row": 173,
        "grid_col": 21
      }
    },
    {
      "type": "Feature",
      "geometry": {
        "type": "Point",
        "coordinates": [
          77.593963,
          13.011905
        ]
      },
      "properties": {
        "id": "DN-00586",
        "type": "junction",
        "elevation_m": 931.41,
        "capacity_m3s": 2.225,
        "grid_row": 232,
        "grid_col": 72
      }
    },
    {
      "type": "Feature",
      "geometry": {
        "type": "Point",
        "coordinates": [
          77.593963,
          13.011905
        ]
      },
      "properties": {
        "id": "DN-00587",
        "type": "junction",
        "elevation_m": 931.41,
        "capacity_m3s": 2.225,
        "grid_row": 232,
        "grid_col": 72
      }
    },
    {
      "type": "Feature",
      "geometry": {
        "type": "Point",
        "coordinates": [
          77.593463,
          13.011973
        ]
      },
      "properties": {
        "id": "DN-00588",
        "type": "inlet",
        "elevation_m": 933.04,
        "capacity_m3s": 1.893,
        "grid_row": 232,
        "grid_col": 70
      }
    },
    {
      "type": "Feature",
      "geometry": {
        "type": "Point",
        "coordinates": [
          77.593767,
          13.012407
        ]
      },
      "properties": {
        "id": "DN-00589",
        "type": "junction",
        "elevation_m": 931.7,
        "capacity_m3s": 1.893,
        "grid_row": 234,
        "grid_col": 72
      }
    },
    {
      "type": "Feature",
      "geometry": {
        "type": "Point",
        "coordinates": [
          77.593767,
          13.012407
        ]
      },
      "properties": {
        "id": "DN-00590",
        "type": "inlet",
        "elevation_m": 931.7,
        "capacity_m3s": 1.699,
        "grid_row": 234,
        "grid_col": 72
      }
    },
    {
      "type": "Feature",
      "geometry": {
        "type": "Point",
        "coordinates": [
          77.59411,
          13.011902
        ]
      },
      "properties": {
        "id": "DN-00591",
        "type": "junction",
        "elevation_m": 930.59,
        "capacity_m3s": 1.699,
        "grid_row": 232,
        "grid_col": 73
      }
    },
    {
      "type": "Feature",
      "geometry": {
        "type": "Point",
        "coordinates": [
          77.578924,
          13.006593
        ]
      },
      "properties": {
        "id": "DN-00592",
        "type": "inlet",
        "elevation_m": 934.92,
        "capacity_m3s": 0.418,
        "grid_row": 208,
        "grid_col": 8
      }
    },
    {
      "type": "Feature",
      "geometry": {
        "type": "Point",
        "coordinates": [
          77.578886,
          13.006677
        ]
      },
      "properties": {
        "id": "DN-00593",
        "type": "inlet",
        "elevation_m": 935.49,
        "capacity_m3s": 3.311,
        "grid_row": 209,
        "grid_col": 8
      }
    },
    {
      "type": "Feature",
      "geometry": {
        "type": "Point",
        "coordinates": [
          77.578729,
          13.006516
        ]
      },
      "properties": {
        "id": "DN-00594",
        "type": "junction",
        "elevation_m": 933.94,
        "capacity_m3s": 3.311,
        "grid_row": 208,
        "grid_col": 7
      }
    },
    {
      "type": "Feature",
      "geometry": {
        "type": "Point",
        "coordinates": [
          77.579743,
          13.005926
        ]
      },
      "properties": {
        "id": "DN-00595",
        "type": "inlet",
        "elevation_m": 936.4,
        "capacity_m3s": 1.502,
        "grid_row": 205,
        "grid_col": 12
      }
    },
    {
      "type": "Feature",
      "geometry": {
        "type": "Point",
        "coordinates": [
          77.582384,
          13.004371
        ]
      },
      "properties": {
        "id": "DN-00596",
        "type": "inlet",
        "elevation_m": 936.79,
        "capacity_m3s": 0.661,
        "grid_row": 198,
        "grid_col": 23
      }
    },
    {
      "type": "Feature",
      "geometry": {
        "type": "Point",
        "coordinates": [
          77.58326,
          13.003924
        ]
      },
      "properties": {
        "id": "DN-00597",
        "type": "junction",
        "elevation_m": 936.52,
        "capacity_m3s": 0.661,
        "grid_row": 196,
        "grid_col": 27
      }
    },
    {
      "type": "Feature",
      "geometry": {
        "type": "Point",
        "coordinates": [
          77.579382,
          12.995671
        ]
      },
      "properties": {
        "id": "DN-00598",
        "type": "inlet",
        "elevation_m": 911.67,
        "capacity_m3s": 0.418,
        "grid_row": 160,
        "grid_col": 10
      }
    },
    {
      "type": "Feature",
      "geometry": {
        "type": "Point",
        "coordinates": [
          77.579342,
          12.995638
        ]
      },
      "properties": {
        "id": "DN-00599",
        "type": "junction",
        "elevation_m": 911.67,
        "capacity_m3s": 0.418,
        "grid_row": 160,
        "grid_col": 10
      }
    },
    {
      "type": "Feature",
      "geometry": {
        "type": "Point",
        "coordinates": [
          77.579342,
          12.995638
        ]
      },
      "properties": {
        "id": "DN-00600",
        "type": "inlet",
        "elevation_m": 911.67,
        "capacity_m3s": 0.418,
        "grid_row": 160,
        "grid_col": 10
      }
    },
    {
      "type": "Feature",
      "geometry": {
        "type": "Point",
        "coordinates": [
          77.579382,
          12.995671
        ]
      },
      "properties": {
        "id": "DN-00601",
        "type": "junction",
        "elevation_m": 911.67,
        "capacity_m3s": 0.418,
        "grid_row": 160,
        "grid_col": 10
      }
    },
    {
      "type": "Feature",
      "geometry": {
        "type": "Point",
        "coordinates": [
          77.574692,
          12.998937
        ]
      },
      "properties": {
        "id": "DN-00602",
        "type": "junction",
        "elevation_m": 914.67,
        "capacity_m3s": 1.066,
        "grid_row": 175,
        "grid_col": 0
      }
    },
    {
      "type": "Feature",
      "geometry": {
        "type": "Point",
        "coordinates": [
          77.578499,
          13.001849
        ]
      },
      "properties": {
        "id": "DN-00603",
        "type": "inlet",
        "elevation_m": 923.76,
        "capacity_m3s": 2.001,
        "grid_row": 187,
        "grid_col": 6
      }
    },
    {
      "type": "Feature",
      "geometry": {
        "type": "Point",
        "coordinates": [
          77.584091,
          12.961474
        ]
      },
      "properties": {
        "id": "DN-00604",
        "type": "outfall",
        "elevation_m": 899.75,
        "capacity_m3s": 6.0,
        "grid_row": 10,
        "grid_col": 30
      }
    },
    {
      "type": "Feature",
      "geometry": {
        "type": "Point",
        "coordinates": [
          77.583603,
          12.960486
        ]
      },
      "properties": {
        "id": "DN-00605",
        "type": "outfall",
        "elevation_m": 897.91,
        "capacity_m3s": 6.0,
        "grid_row": 5,
        "grid_col": 28
      }
    },
    {
      "type": "Feature",
      "geometry": {
        "type": "Point",
        "coordinates": [
          77.607291,
          12.993526
        ]
      },
      "properties": {
        "id": "DN-00606",
        "type": "inlet",
        "elevation_m": 919.85,
        "capacity_m3s": 0.418,
        "grid_row": 151,
        "grid_col": 129
      }
    },
    {
      "type": "Feature",
      "geometry": {
        "type": "Point",
        "coordinates": [
          77.588568,
          12.990767
        ]
      },
      "properties": {
        "id": "DN-00607",
        "type": "junction",
        "elevation_m": 940.48,
        "capacity_m3s": 1.24,
        "grid_row": 139,
        "grid_col": 49
      }
    },
    {
      "type": "Feature",
      "geometry": {
        "type": "Point",
        "coordinates": [
          77.584059,
          13.002715
        ]
      },
      "properties": {
        "id": "DN-00608",
        "type": "junction",
        "elevation_m": 934.04,
        "capacity_m3s": 0.418,
        "grid_row": 191,
        "grid_col": 30
      }
    },
    {
      "type": "Feature",
      "geometry": {
        "type": "Point",
        "coordinates": [
          77.578499,
          13.001849
        ]
      },
      "properties": {
        "id": "DN-00609",
        "type": "inlet",
        "elevation_m": 923.76,
        "capacity_m3s": 1.098,
        "grid_row": 187,
        "grid_col": 6
      }
    },
    {
      "type": "Feature",
      "geometry": {
        "type": "Point",
        "coordinates": [
          77.572799,
          13.001882
        ]
      },
      "properties": {
        "id": "DN-00610",
        "type": "junction",
        "elevation_m": 919.51,
        "capacity_m3s": 1.098,
        "grid_row": 187,
        "grid_col": 0
      }
    },
    {
      "type": "Feature",
      "geometry": {
        "type": "Point",
        "coordinates": [
          77.578513,
          13.002629
        ]
      },
      "properties": {
        "id": "DN-00611",
        "type": "inlet",
        "elevation_m": 925.21,
        "capacity_m3s": 1.709,
        "grid_row": 191,
        "grid_col": 6
      }
    },
    {
      "type": "Feature",
      "geometry": {
        "type": "Point",
        "coordinates": [
          77.578499,
          13.001849
        ]
      },
      "properties": {
        "id": "DN-00612",
        "type": "junction",
        "elevation_m": 923.76,
        "capacity_m3s": 1.709,
        "grid_row": 187,
        "grid_col": 6
      }
    },
    {
      "type": "Feature",
      "geometry": {
        "type": "Point",
        "coordinates": [
          77.584133,
          12.997756
        ]
      },
      "properties": {
        "id": "DN-00613",
        "type": "junction",
        "elevation_m": 921.94,
        "capacity_m3s": 0.836,
        "grid_row": 169,
        "grid_col": 30
      }
    },
    {
      "type": "Feature",
      "geometry": {
        "type": "Point",
        "coordinates": [
          77.582848,
          12.997773
        ]
      },
      "properties": {
        "id": "DN-00614",
        "type": "junction",
        "elevation_m": 920.78,
        "capacity_m3s": 1.098,
        "grid_row": 169,
        "grid_col": 25
      }
    },
    {
      "type": "Feature",
      "geometry": {
        "type": "Point",
        "coordinates": [
          77.587501,
          12.97908
        ]
      },
      "properties": {
        "id": "DN-00615",
        "type": "inlet",
        "elevation_m": 922.31,
        "capacity_m3s": 2.116,
        "grid_row": 87,
        "grid_col": 45
      }
    },
    {
      "type": "Feature",
      "geometry": {
        "type": "Point",
        "coordinates": [
          77.588469,
          12.981537
        ]
      },
      "properties": {
        "id": "DN-00616",
        "type": "junction",
        "elevation_m": 925.02,
        "capacity_m3s": 2.161,
        "grid_row": 98,
        "grid_col": 49
      }
    },
    {
      "type": "Feature",
      "geometry": {
        "type": "Point",
        "coordinates": [
          77.588637,
          12.981549
        ]
      },
      "properties": {
        "id": "DN-00617",
        "type": "junction",
        "elevation_m": 924.74,
        "capacity_m3s": 2.621,
        "grid_row": 98,
        "grid_col": 50
      }
    },
    {
      "type": "Feature",
      "geometry": {
        "type": "Point",
        "coordinates": [
          77.599352,
          12.976616
        ]
      },
      "properties": {
        "id": "DN-00618",
        "type": "junction",
        "elevation_m": 919.72,
        "capacity_m3s": 2.533,
        "grid_row": 76,
        "grid_col": 95
      }
    },
    {
      "type": "Feature",
      "geometry": {
        "type": "Point",
        "coordinates": [
          77.599352,
          12.976616
        ]
      },
      "properties": {
        "id": "DN-00619",
        "type": "inlet",
        "elevation_m": 919.72,
        "capacity_m3s": 0.418,
        "grid_row": 76,
        "grid_col": 95
      }
    },
    {
      "type": "Feature",
      "geometry": {
        "type": "Point",
        "coordinates": [
          77.586307,
          12.976517
        ]
      },
      "properties": {
        "id": "DN-00620",
        "type": "inlet",
        "elevation_m": 922.66,
        "capacity_m3s": 2.463,
        "grid_row": 76,
        "grid_col": 40
      }
    },
    {
      "type": "Feature",
      "geometry": {
        "type": "Point",
        "coordinates": [
          77.587049,
          12.975926
        ]
      },
      "properties": {
        "id": "DN-00621",
        "type": "junction",
        "elevation_m": 919.05,
        "capacity_m3s": 2.463,
        "grid_row": 73,
        "grid_col": 43
      }
    },
    {
      "type": "Feature",
      "geometry": {
        "type": "Point",
        "coordinates": [
          77.586307,
          12.976517
        ]
      },
      "properties": {
        "id": "DN-00622",
        "type": "junction",
        "elevation_m": 922.66,
        "capacity_m3s": 1.614,
        "grid_row": 76,
        "grid_col": 40
      }
    },
    {
      "type": "Feature",
      "geometry": {
        "type": "Point",
        "coordinates": [
          77.587501,
          12.97908
        ]
      },
      "properties": {
        "id": "DN-00623",
        "type": "junction",
        "elevation_m": 922.31,
        "capacity_m3s": 0.793,
        "grid_row": 87,
        "grid_col": 45
      }
    },
    {
      "type": "Feature",
      "geometry": {
        "type": "Point",
        "coordinates": [
          77.595902,
          12.981473
        ]
      },
      "properties": {
        "id": "DN-00624",
        "type": "inlet",
        "elevation_m": 933.12,
        "capacity_m3s": 2.263,
        "grid_row": 98,
        "grid_col": 81
      }
    },
    {
      "type": "Feature",
      "geometry": {
        "type": "Point",
        "coordinates": [
          77.596293,
          12.981354
        ]
      },
      "properties": {
        "id": "DN-00625",
        "type": "junction",
        "elevation_m": 931.82,
        "capacity_m3s": 2.263,
        "grid_row": 97,
        "grid_col": 82
      }
    },
    {
      "type": "Feature",
      "geometry": {
        "type": "Point",
        "coordinates": [
          77.602501,
          12.97917
        ]
      },
      "properties": {
        "id": "DN-00626",
        "type": "inlet",
        "elevation_m": 921.45,
        "capacity_m3s": 0.926,
        "grid_row": 88,
        "grid_col": 109
      }
    },
    {
      "type": "Feature",
      "geometry": {
        "type": "Point",
        "coordinates": [
          77.602201,
          12.977906
        ]
      },
      "properties": {
        "id": "DN-00627",
        "type": "junction",
        "elevation_m": 920.75,
        "capacity_m3s": 0.926,
        "grid_row": 82,
        "grid_col": 108
      }
    },
    {
      "type": "Feature",
      "geometry": {
        "type": "Point",
        "coordinates": [
          77.602201,
          12.977906
        ]
      },
      "properties": {
        "id": "DN-00628",
        "type": "inlet",
        "elevation_m": 920.75,
        "capacity_m3s": 1.24,
        "grid_row": 82,
        "grid_col": 108
      }
    },
    {
      "type": "Feature",
      "geometry": {
        "type": "Point",
        "coordinates": [
          77.594783,
          12.981859
        ]
      },
      "properties": {
        "id": "DN-00629",
        "type": "inlet",
        "elevation_m": 936.65,
        "capacity_m3s": 2.099,
        "grid_row": 99,
        "grid_col": 76
      }
    },
    {
      "type": "Feature",
      "geometry": {
        "type": "Point",
        "coordinates": [
          77.588743,
          12.976566
        ]
      },
      "properties": {
        "id": "DN-00630",
        "type": "junction",
        "elevation_m": 914.29,
        "capacity_m3s": 2.099,
        "grid_row": 76,
        "grid_col": 50
      }
    },
    {
      "type": "Feature",
      "geometry": {
        "type": "Point",
        "coordinates": [
          77.58844,
          12.976425
        ]
      },
      "properties": {
        "id": "DN-00631",
        "type": "inlet",
        "elevation_m": 914.5,
        "capacity_m3s": 1.007,
        "grid_row": 76,
        "grid_col": 49
      }
    },
    {
      "type": "Feature",
      "geometry": {
        "type": "Point",
        "coordinates": [
          77.597611,
          12.980517
        ]
      },
      "properties": {
        "id": "DN-00632",
        "type": "junction",
        "elevation_m": 922.08,
        "capacity_m3s": 2.661,
        "grid_row": 94,
        "grid_col": 88
      }
    },
    {
      "type": "Feature",
      "geometry": {
        "type": "Point",
        "coordinates": [
          77.600917,
          12.979822
        ]
      },
      "properties": {
        "id": "DN-00633",
        "type": "inlet",
        "elevation_m": 926.77,
        "capacity_m3s": 2.321,
        "grid_row": 90,
        "grid_col": 102
      }
    },
    {
      "type": "Feature",
      "geometry": {
        "type": "Point",
        "coordinates": [
          77.602424,
          12.979315
        ]
      },
      "properties": {
        "id": "DN-00634",
        "type": "junction",
        "elevation_m": 921.45,
        "capacity_m3s": 2.321,
        "grid_row": 88,
        "grid_col": 109
      }
    },
    {
      "type": "Feature",
      "geometry": {
        "type": "Point",
        "coordinates": [
          77.604043,
          12.994869
        ]
      },
      "properties": {
        "id": "DN-00635",
        "type": "inlet",
        "elevation_m": 929.04,
        "capacity_m3s": 1.818,
        "grid_row": 157,
        "grid_col": 116
      }
    },
    {
      "type": "Feature",
      "geometry": {
        "type": "Point",
        "coordinates": [
          77.604595,
          12.994664
        ]
      },
      "properties": {
        "id": "DN-00636",
        "type": "junction",
        "elevation_m": 927.83,
        "capacity_m3s": 1.818,
        "grid_row": 156,
        "grid_col": 118
      }
    },
    {
      "type": "Feature",
      "geometry": {
        "type": "Point",
        "coordinates": [
          77.595692,
          12.983188
        ]
      },
      "properties": {
        "id": "DN-00637",
        "type": "junction",
        "elevation_m": 932.9,
        "capacity_m3s": 2.044,
        "grid_row": 105,
        "grid_col": 80
      }
    },
    {
      "type": "Feature",
      "geometry": {
        "type": "Point",
        "coordinates": [
          77.58678,
          12.975656
        ]
      },
      "properties": {
        "id": "DN-00638",
        "type": "inlet",
        "elevation_m": 919.95,
        "capacity_m3s": 2.177,
        "grid_row": 72,
        "grid_col": 42
      }
    },
    {
      "type": "Feature",
      "geometry": {
        "type": "Point",
        "coordinates": [
          77.58678,
          12.975656
        ]
      },
      "properties": {
        "id": "DN-00639",
        "type": "junction",
        "elevation_m": 919.95,
        "capacity_m3s": 0.935,
        "grid_row": 72,
        "grid_col": 42
      }
    },
    {
      "type": "Feature",
      "geometry": {
        "type": "Point",
        "coordinates": [
          77.58187,
          12.979539
        ]
      },
      "properties": {
        "id": "DN-00640",
        "type": "inlet",
        "elevation_m": 921.42,
        "capacity_m3s": 1.289,
        "grid_row": 89,
        "grid_col": 21
      }
    },
    {
      "type": "Feature",
      "geometry": {
        "type": "Point",
        "coordinates": [
          77.581424,
          12.978863
        ]
      },
      "properties": {
        "id": "DN-00641",
        "type": "junction",
        "elevation_m": 920.57,
        "capacity_m3s": 1.289,
        "grid_row": 86,
        "grid_col": 19
      }
    },
    {
      "type": "Feature",
      "geometry": {
        "type": "Point",
        "coordinates": [
          77.597242,
          12.98453
        ]
      },
      "properties": {
        "id": "DN-00642",
        "type": "inlet",
        "elevation_m": 928.3,
        "capacity_m3s": 0.418,
        "grid_row": 111,
        "grid_col": 86
      }
    },
    {
      "type": "Feature",
      "geometry": {
        "type": "Point",
        "coordinates": [
          77.597227,
          12.9845
        ]
      },
      "properties": {
        "id": "DN-00643",
        "type": "junction",
        "elevation_m": 928.3,
        "capacity_m3s": 0.418,
        "grid_row": 111,
        "grid_col": 86
      }
    },
    {
      "type": "Feature",
      "geometry": {
        "type": "Point",
        "coordinates": [
          77.601761,
          12.984592
        ]
      },
      "properties": {
        "id": "DN-00644",
        "type": "junction",
        "elevation_m": 911.71,
        "capacity_m3s": 1.57,
        "grid_row": 111,
        "grid_col": 106
      }
    },
    {
      "type": "Feature",
      "geometry": {
        "type": "Point",
        "coordinates": [
          77.601761,
          12.984592
        ]
      },
      "properties": {
        "id": "DN-00645",
        "type": "junction",
        "elevation_m": 911.71,
        "capacity_m3s": 2.236,
        "grid_row": 111,
        "grid_col": 106
      }
    },
    {
      "type": "Feature",
      "geometry": {
        "type": "Point",
        "coordinates": [
          77.578445,
          12.987449
        ]
      },
      "properties": {
        "id": "DN-00646",
        "type": "inlet",
        "elevation_m": 918.31,
        "capacity_m3s": 2.213,
        "grid_row": 124,
        "grid_col": 6
      }
    },
    {
      "type": "Feature",
      "geometry": {
        "type": "Point",
        "coordinates": [
          77.577729,
          12.987858
        ]
      },
      "properties": {
        "id": "DN-00647",
        "type": "inlet",
        "elevation_m": 915.64,
        "capacity_m3s": 2.099,
        "grid_row": 126,
        "grid_col": 3
      }
    },
    {
      "type": "Feature",
      "geometry": {
        "type": "Point",
        "coordinates": [
          77.577207,
          12.988138
        ]
      },
      "properties": {
        "id": "DN-00648",
        "type": "junction",
        "elevation_m": 914.0,
        "capacity_m3s": 2.099,
        "grid_row": 127,
        "grid_col": 1
      }
    },
    {
      "type": "Feature",
      "geometry": {
        "type": "Point",
        "coordinates": [
          77.577207,
          12.988138
        ]
      },
      "properties": {
        "id": "DN-00649",
        "type": "inlet",
        "elevation_m": 914.0,
        "capacity_m3s": 0.418,
        "grid_row": 127,
        "grid_col": 1
      }
    },
    {
      "type": "Feature",
      "geometry": {
        "type": "Point",
        "coordinates": [
          77.593651,
          12.959988
        ]
      },
      "properties": {
        "id": "DN-00650",
        "type": "outfall",
        "elevation_m": 897.14,
        "capacity_m3s": 6.0,
        "grid_row": 3,
        "grid_col": 71
      }
    },
    {
      "type": "Feature",
      "geometry": {
        "type": "Point",
        "coordinates": [
          77.596571,
          12.964862
        ]
      },
      "properties": {
        "id": "DN-00651",
        "type": "inlet",
        "elevation_m": 909.52,
        "capacity_m3s": 1.261,
        "grid_row": 25,
        "grid_col": 84
      }
    },
    {
      "type": "Feature",
      "geometry": {
        "type": "Point",
        "coordinates": [
          77.581504,
          12.972868
        ]
      },
      "properties": {
        "id": "DN-00652",
        "type": "inlet",
        "elevation_m": 922.95,
        "capacity_m3s": 1.519,
        "grid_row": 60,
        "grid_col": 19
      }
    },
    {
      "type": "Feature",
      "geometry": {
        "type": "Point",
        "coordinates": [
          77.584004,
          13.014252
        ]
      },
      "properties": {
        "id": "DN-00653",
        "type": "junction",
        "elevation_m": 945.91,
        "capacity_m3s": 0.877,
        "grid_row": 239,
        "grid_col": 30
      }
    },
    {
      "type": "Feature",
      "geometry": {
        "type": "Point",
        "coordinates": [
          77.595201,
          12.993866
        ]
      },
      "properties": {
        "id": "DN-00654",
        "type": "inlet",
        "elevation_m": 919.52,
        "capacity_m3s": 1.502,
        "grid_row": 152,
        "grid_col": 78
      }
    },
    {
      "type": "Feature",
      "geometry": {
        "type": "Point",
        "coordinates": [
          77.595201,
          12.993866
        ]
      },
      "properties": {
        "id": "DN-00655",
        "type": "inlet",
        "elevation_m": 919.52,
        "capacity_m3s": 1.851,
        "grid_row": 152,
        "grid_col": 78
      }
    },
    {
      "type": "Feature",
      "geometry": {
        "type": "Point",
        "coordinates": [
          77.595383,
          12.993828
        ]
      },
      "properties": {
        "id": "DN-00656",
        "type": "junction",
        "elevation_m": 919.11,
        "capacity_m3s": 1.851,
        "grid_row": 152,
        "grid_col": 79
      }
    },
    {
      "type": "Feature",
      "geometry": {
        "type": "Point",
        "coordinates": [
          77.595662,
          12.993741
        ]
      },
      "properties": {
        "id": "DN-00657",
        "type": "inlet",
        "elevation_m": 919.38,
        "capacity_m3s": 1.219,
        "grid_row": 152,
        "grid_col": 80
      }
    },
    {
      "type": "Feature",
      "geometry": {
        "type": "Point",
        "coordinates": [
          77.595383,
          12.993828
        ]
      },
      "properties": {
        "id": "DN-00658",
        "type": "junction",
        "elevation_m": 919.11,
        "capacity_m3s": 1.219,
        "grid_row": 152,
        "grid_col": 79
      }
    },
    {
      "type": "Feature",
      "geometry": {
        "type": "Point",
        "coordinates": [
          77.595742,
          12.99396
        ]
      },
      "properties": {
        "id": "DN-00659",
        "type": "inlet",
        "elevation_m": 919.98,
        "capacity_m3s": 2.014,
        "grid_row": 153,
        "grid_col": 80
      }
    },
    {
      "type": "Feature",
      "geometry": {
        "type": "Point",
        "coordinates": [
          77.595662,
          12.993741
        ]
      },
      "properties": {
        "id": "DN-00660",
        "type": "junction",
        "elevation_m": 919.38,
        "capacity_m3s": 2.014,
        "grid_row": 152,
        "grid_col": 80
      }
    },
    {
      "type": "Feature",
      "geometry": {
        "type": "Point",
        "coordinates": [
          77.595742,
          12.99396
        ]
      },
      "properties": {
        "id": "DN-00661",
        "type": "inlet",
        "elevation_m": 919.98,
        "capacity_m3s": 2.124,
        "grid_row": 153,
        "grid_col": 80
      }
    },
    {
      "type": "Feature",
      "geometry": {
        "type": "Point",
        "coordinates": [
          77.5958,
          12.993759
        ]
      },
      "properties": {
        "id": "DN-00662",
        "type": "junction",
        "elevation_m": 919.38,
        "capacity_m3s": 2.124,
        "grid_row": 152,
        "grid_col": 80
      }
    },
    {
      "type": "Feature",
      "geometry": {
        "type": "Point",
        "coordinates": [
          77.595521,
          13.011896
        ]
      },
      "properties": {
        "id": "DN-00663",
        "type": "inlet",
        "elevation_m": 925.69,
        "capacity_m3s": 0.418,
        "grid_row": 232,
        "grid_col": 79
      }
    },
    {
      "type": "Feature",
      "geometry": {
        "type": "Point",
        "coordinates": [
          77.595575,
          13.011895
        ]
      },
      "properties": {
        "id": "DN-00664",
        "type": "junction",
        "elevation_m": 925.69,
        "capacity_m3s": 0.418,
        "grid_row": 232,
        "grid_col": 79
      }
    },
    {
      "type": "Feature",
      "geometry": {
        "type": "Point",
        "coordinates": [
          77.595575,
          13.011895
        ]
      },
      "properties": {
        "id": "DN-00665",
        "type": "inlet",
        "elevation_m": 925.69,
        "capacity_m3s": 0.418,
        "grid_row": 232,
        "grid_col": 79
      }
    },
    {
      "type": "Feature",
      "geometry": {
        "type": "Point",
        "coordinates": [
          77.595521,
          13.011896
        ]
      },
      "properties": {
        "id": "DN-00666",
        "type": "junction",
        "elevation_m": 925.69,
        "capacity_m3s": 0.418,
        "grid_row": 232,
        "grid_col": 79
      }
    },
    {
      "type": "Feature",
      "geometry": {
        "type": "Point",
        "coordinates": [
          77.5838,
          13.009938
        ]
      },
      "properties": {
        "id": "DN-00667",
        "type": "inlet",
        "elevation_m": 947.85,
        "capacity_m3s": 0.916,
        "grid_row": 223,
        "grid_col": 29
      }
    },
    {
      "type": "Feature",
      "geometry": {
        "type": "Point",
        "coordinates": [
          77.595826,
          12.994346
        ]
      },
      "properties": {
        "id": "DN-00668",
        "type": "inlet",
        "elevation_m": 920.58,
        "capacity_m3s": 1.536,
        "grid_row": 154,
        "grid_col": 80
      }
    },
    {
      "type": "Feature",
      "geometry": {
        "type": "Point",
        "coordinates": [
          77.595742,
          12.99396
        ]
      },
      "properties": {
        "id": "DN-00669",
        "type": "junction",
        "elevation_m": 919.98,
        "capacity_m3s": 1.536,
        "grid_row": 153,
        "grid_col": 80
      }
    },
    {
      "type": "Feature",
      "geometry": {
        "type": "Point",
        "coordinates": [
          77.605914,
          12.994063
        ]
      },
      "properties": {
        "id": "DN-00670",
        "type": "inlet",
        "elevation_m": 923.3,
        "capacity_m3s": 2.031,
        "grid_row": 153,
        "grid_col": 124
      }
    },
    {
      "type": "Feature",
      "geometry": {
        "type": "Point",
        "coordinates": [
          77.606657,
          12.993758
        ]
      },
      "properties": {
        "id": "DN-00671",
        "type": "junction",
        "elevation_m": 921.24,
        "capacity_m3s": 2.031,
        "grid_row": 152,
        "grid_col": 127
      }
    },
    {
      "type": "Feature",
      "geometry": {
        "type": "Point",
        "coordinates": [
          77.605441,
          12.994334
        ]
      },
      "properties": {
        "id": "DN-00672",
        "type": "inlet",
        "elevation_m": 924.83,
        "capacity_m3s": 2.153,
        "grid_row": 154,
        "grid_col": 122
      }
    },
    {
      "type": "Feature",
      "geometry": {
        "type": "Point",
        "coordinates": [
          77.605935,
          12.994139
        ]
      },
      "properties": {
        "id": "DN-00673",
        "type": "junction",
        "elevation_m": 923.3,
        "capacity_m3s": 2.153,
        "grid_row": 153,
        "grid_col": 124
      }
    },
    {
      "type": "Feature",
      "geometry": {
        "type": "Point",
        "coordinates": [
          77.604568,
          12.994602
        ]
      },
      "properties": {
        "id": "DN-00674",
        "type": "inlet",
        "elevation_m": 927.44,
        "capacity_m3s": 1.884,
        "grid_row": 155,
        "grid_col": 118
      }
    },
    {
      "type": "Feature",
      "geometry": {
        "type": "Point",
        "coordinates": [
          77.605405,
          12.994262
        ]
      },
      "properties": {
        "id": "DN-00675",
        "type": "junction",
        "elevation_m": 925.45,
        "capacity_m3s": 1.884,
        "grid_row": 154,
        "grid_col": 121
      }
    },
    {
      "type": "Feature",
      "geometry": {
        "type": "Point",
        "coordinates": [
          77.606837,
          12.993783
        ]
      },
      "properties": {
        "id": "DN-00676",
        "type": "inlet",
        "elevation_m": 921.24,
        "capacity_m3s": 2.185,
        "grid_row": 152,
        "grid_col": 127
      }
    },
    {
      "type": "Feature",
      "geometry": {
        "type": "Point",
        "coordinates": [
          77.607277,
          12.993624
        ]
      },
      "properties": {
        "id": "DN-00677",
        "type": "junction",
        "elevation_m": 919.85,
        "capacity_m3s": 2.185,
        "grid_row": 151,
        "grid_col": 129
      }
    },
    {
      "type": "Feature",
      "geometry": {
        "type": "Point",
        "coordinates": [
          77.607277,
          12.993624
        ]
      },
      "properties": {
        "id": "DN-00678",
        "type": "inlet",
        "elevation_m": 919.85,
        "capacity_m3s": 0.418,
        "grid_row": 151,
        "grid_col": 129
      }
    },
    {
      "type": "Feature",
      "geometry": {
        "type": "Point",
        "coordinates": [
          77.607239,
          12.99354
        ]
      },
      "properties": {
        "id": "DN-00679",
        "type": "junction",
        "elevation_m": 919.85,
        "capacity_m3s": 0.418,
        "grid_row": 151,
        "grid_col": 129
      }
    },
    {
      "type": "Feature",
      "geometry": {
        "type": "Point",
        "coordinates": [
          77.60419,
          12.994746
        ]
      },
      "properties": {
        "id": "DN-00680",
        "type": "inlet",
        "elevation_m": 928.63,
        "capacity_m3s": 2.177,
        "grid_row": 156,
        "grid_col": 116
      }
    },
    {
      "type": "Feature",
      "geometry": {
        "type": "Point",
        "coordinates": [
          77.604568,
          12.994602
        ]
      },
      "properties": {
        "id": "DN-00681",
        "type": "junction",
        "elevation_m": 927.44,
        "capacity_m3s": 2.177,
        "grid_row": 155,
        "grid_col": 118
      }
    },
    {
      "type": "Feature",
      "geometry": {
        "type": "Point",
        "coordinates": [
          77.605073,
          12.990987
        ]
      },
      "properties": {
        "id": "DN-00682",
        "type": "inlet",
        "elevation_m": 918.25,
        "capacity_m3s": 2.827,
        "grid_row": 140,
        "grid_col": 120
      }
    },
    {
      "type": "Feature",
      "geometry": {
        "type": "Point",
        "coordinates": [
          77.605216,
          12.990653
        ]
      },
      "properties": {
        "id": "DN-00683",
        "type": "junction",
        "elevation_m": 916.41,
        "capacity_m3s": 2.827,
        "grid_row": 138,
        "grid_col": 121
      }
    },
    {
      "type": "Feature",
      "geometry": {
        "type": "Point",
        "coordinates": [
          77.599841,
          12.999777
        ]
      },
      "properties": {
        "id": "DN-00684",
        "type": "inlet",
        "elevation_m": 928.59,
        "capacity_m3s": 2.402,
        "grid_row": 178,
        "grid_col": 98
      }
    },
    {
      "type": "Feature",
      "geometry": {
        "type": "Point",
        "coordinates": [
          77.599455,
          13.001143
        ]
      },
      "properties": {
        "id": "DN-00685",
        "type": "junction",
        "elevation_m": 923.39,
        "capacity_m3s": 2.402,
        "grid_row": 184,
        "grid_col": 96
      }
    },
    {
      "type": "Feature",
      "geometry": {
        "type": "Point",
        "coordinates": [
          77.599048,
          12.999585
        ]
      },
      "properties": {
        "id": "DN-00686",
        "type": "inlet",
        "elevation_m": 929.81,
        "capacity_m3s": 1.553,
        "grid_row": 177,
        "grid_col": 94
      }
    },
    {
      "type": "Feature",
      "geometry": {
        "type": "Point",
        "coordinates": [
          77.599841,
          12.999777
        ]
      },
      "properties": {
        "id": "DN-00687",
        "type": "junction",
        "elevation_m": 928.59,
        "capacity_m3s": 1.553,
        "grid_row": 178,
        "grid_col": 98
      }
    },
    {
      "type": "Feature",
      "geometry": {
        "type": "Point",
        "coordinates": [
          77.599048,
          12.999585
        ]
      },
      "properties": {
        "id": "DN-00688",
        "type": "inlet",
        "elevation_m": 929.81,
        "capacity_m3s": 0.512,
        "grid_row": 177,
        "grid_col": 94
      }
    },
    {
      "type": "Feature",
      "geometry": {
        "type": "Point",
        "coordinates": [
          77.596789,
          13.002179
        ]
      },
      "properties": {
        "id": "DN-00689",
        "type": "junction",
        "elevation_m": 929.2,
        "capacity_m3s": 0.512,
        "grid_row": 189,
        "grid_col": 85
      }
    },
    {
      "type": "Feature",
      "geometry": {
        "type": "Point",
        "coordinates": [
          77.594875,
          12.999957
        ]
      },
      "properties": {
        "id": "DN-00690",
        "type": "junction",
        "elevation_m": 932.8,
        "capacity_m3s": 0.62,
        "grid_row": 179,
        "grid_col": 76
      }
    },
    {
      "type": "Feature",
      "geometry": {
        "type": "Point",
        "coordinates": [
          77.604303,
          12.975966
        ]
      },
      "properties": {
        "id": "DN-00691",
        "type": "inlet",
        "elevation_m": 920.58,
        "capacity_m3s": 2.001,
        "grid_row": 74,
        "grid_col": 117
      }
    },
    {
      "type": "Feature",
      "geometry": {
        "type": "Point",
        "coordinates": [
          77.607412,
          12.975208
        ]
      },
      "properties": {
        "id": "DN-00692",
        "type": "junction",
        "elevation_m": 912.62,
        "capacity_m3s": 2.001,
        "grid_row": 70,
        "grid_col": 129
      }
    },
    {
      "type": "Feature",
      "geometry": {
        "type": "Point",
        "coordinates": [
          77.606824,
          12.966239
        ]
      },
      "properties": {
        "id": "DN-00693",
        "type": "inlet",
        "elevation_m": 911.71,
        "capacity_m3s": 0.418,
        "grid_row": 31,
        "grid_col": 127
      }
    },
    {
      "type": "Feature",
      "geometry": {
        "type": "Point",
        "coordinates": [
          77.587968,
          12.984446
        ]
      },
      "properties": {
        "id": "DN-00694",
        "type": "inlet",
        "elevation_m": 934.5,
        "capacity_m3s": 2.165,
        "grid_row": 111,
        "grid_col": 47
      }
    },
    {
      "type": "Feature",
      "geometry": {
        "type": "Point",
        "coordinates": [
          77.585945,
          12.989351
        ]
      },
      "properties": {
        "id": "DN-00695",
        "type": "junction",
        "elevation_m": 933.9,
        "capacity_m3s": 1.473,
        "grid_row": 132,
        "grid_col": 38
      }
    },
    {
      "type": "Feature",
      "geometry": {
        "type": "Point",
        "coordinates": [
          77.58217,
          12.984782
        ]
      },
      "properties": {
        "id": "DN-00696",
        "type": "junction",
        "elevation_m": 926.77,
        "capacity_m3s": 1.961,
        "grid_row": 112,
        "grid_col": 22
      }
    },
    {
      "type": "Feature",
      "geometry": {
        "type": "Point",
        "coordinates": [
          77.588793,
          12.9865
        ]
      },
      "properties": {
        "id": "DN-00697",
        "type": "junction",
        "elevation_m": 938.66,
        "capacity_m3s": 2.091,
        "grid_row": 120,
        "grid_col": 50
      }
    },
    {
      "type": "Feature",
      "geometry": {
        "type": "Point",
        "coordinates": [
          77.600041,
          12.992289
        ]
      },
      "properties": {
        "id": "DN-00698",
        "type": "inlet",
        "elevation_m": 922.77,
        "capacity_m3s": 1.898,
        "grid_row": 145,
        "grid_col": 98
      }
    },
    {
      "type": "Feature",
      "geometry": {
        "type": "Point",
        "coordinates": [
          77.597551,
          12.985202
        ]
      },
      "properties": {
        "id": "DN-00699",
        "type": "junction",
        "elevation_m": 925.43,
        "capacity_m3s": 2.477,
        "grid_row": 114,
        "grid_col": 88
      }
    },
    {
      "type": "Feature",
      "geometry": {
        "type": "Point",
        "coordinates": [
          77.599699,
          12.967524
        ]
      },
      "properties": {
        "id": "DN-00700",
        "type": "inlet",
        "elevation_m": 914.37,
        "capacity_m3s": 0.418,
        "grid_row": 36,
        "grid_col": 97
      }
    },
    {
      "type": "Feature",
      "geometry": {
        "type": "Point",
        "coordinates": [
          77.604442,
          12.971803
        ]
      },
      "properties": {
        "id": "DN-00701",
        "type": "inlet",
        "elevation_m": 916.0,
        "capacity_m3s": 1.939,
        "grid_row": 55,
        "grid_col": 117
      }
    },
    {
      "type": "Feature",
      "geometry": {
        "type": "Point",
        "coordinates": [
          77.582407,
          12.959294
        ]
      },
      "properties": {
        "id": "DN-00702",
        "type": "outfall",
        "elevation_m": 895.64,
        "capacity_m3s": 6.0,
        "grid_row": 0,
        "grid_col": 23
      }
    },
    {
      "type": "Feature",
      "geometry": {
        "type": "Point",
        "coordinates": [
          77.582333,
          12.95915
        ]
      },
      "properties": {
        "id": "DN-00703",
        "type": "outfall",
        "elevation_m": 895.64,
        "capacity_m3s": 6.0,
        "grid_row": 0,
        "grid_col": 23
      }
    },
    {
      "type": "Feature",
      "geometry": {
        "type": "Point",
        "coordinates": [
          77.58355,
          12.960378
        ]
      },
      "properties": {
        "id": "DN-00704",
        "type": "outfall",
        "elevation_m": 897.91,
        "capacity_m3s": 6.0,
        "grid_row": 5,
        "grid_col": 28
      }
    },
    {
      "type": "Feature",
      "geometry": {
        "type": "Point",
        "coordinates": [
          77.582133,
          12.957746
        ]
      },
      "properties": {
        "id": "DN-00705",
        "type": "outfall",
        "elevation_m": 895.43,
        "capacity_m3s": 6.0,
        "grid_row": 0,
        "grid_col": 22
      }
    },
    {
      "type": "Feature",
      "geometry": {
        "type": "Point",
        "coordinates": [
          77.602513,
          12.979284
        ]
      },
      "properties": {
        "id": "DN-00706",
        "type": "junction",
        "elevation_m": 921.45,
        "capacity_m3s": 0.418,
        "grid_row": 88,
        "grid_col": 109
      }
    },
    {
      "type": "Feature",
      "geometry": {
        "type": "Point",
        "coordinates": [
          77.606694,
          12.977934
        ]
      },
      "properties": {
        "id": "DN-00707",
        "type": "junction",
        "elevation_m": 916.36,
        "capacity_m3s": 0.418,
        "grid_row": 82,
        "grid_col": 127
      }
    },
    {
      "type": "Feature",
      "geometry": {
        "type": "Point",
        "coordinates": [
          77.605859,
          12.97808
        ]
      },
      "properties": {
        "id": "DN-00708",
        "type": "inlet",
        "elevation_m": 918.54,
        "capacity_m3s": 1.912,
        "grid_row": 83,
        "grid_col": 123
      }
    },
    {
      "type": "Feature",
      "geometry": {
        "type": "Point",
        "coordinates": [
          77.606545,
          12.977845
        ]
      },
      "properties": {
        "id": "DN-00709",
        "type": "junction",
        "elevation_m": 916.89,
        "capacity_m3s": 1.912,
        "grid_row": 82,
        "grid_col": 126
      }
    },
    {
      "type": "Feature",
      "geometry": {
        "type": "Point",
        "coordinates": [
          77.606635,
          12.977814
        ]
      },
      "properties": {
        "id": "DN-00710",
        "type": "inlet",
        "elevation_m": 916.36,
        "capacity_m3s": 1.704,
        "grid_row": 82,
        "grid_col": 127
      }
    },
    {
      "type": "Feature",
      "geometry": {
        "type": "Point",
        "coordinates": [
          77.607479,
          12.977542
        ]
      },
      "properties": {
        "id": "DN-00711",
        "type": "junction",
        "elevation_m": 914.76,
        "capacity_m3s": 1.704,
        "grid_row": 80,
        "grid_col": 129
      }
    },
    {
      "type": "Feature",
      "geometry": {
        "type": "Point",
        "coordinates": [
          77.606849,
          12.977881
        ]
      },
      "properties": {
        "id": "DN-00712",
        "type": "inlet",
        "elevation_m": 915.83,
        "capacity_m3s": 1.361,
        "grid_row": 82,
        "grid_col": 128
      }
    },
    {
      "type": "Feature",
      "geometry": {
        "type": "Point",
        "coordinates": [
          77.607509,
          12.977658
        ]
      },
      "properties": {
        "id": "DN-00713",
        "type": "junction",
        "elevation_m": 915.03,
        "capacity_m3s": 1.361,
        "grid_row": 81,
        "grid_col": 129
      }
    },
    {
      "type": "Feature",
      "geometry": {
        "type": "Point",
        "coordinates": [
          77.581424,
          12.978863
        ]
      },
      "properties": {
        "id": "DN-00714",
        "type": "inlet",
        "elevation_m": 920.57,
        "capacity_m3s": 0.418,
        "grid_row": 86,
        "grid_col": 19
      }
    },
    {
      "type": "Feature",
      "geometry": {
        "type": "Point",
        "coordinates": [
          77.588092,
          12.976264
        ]
      },
      "properties": {
        "id": "DN-00715",
        "type": "inlet",
        "elevation_m": 915.93,
        "capacity_m3s": 2.275,
        "grid_row": 75,
        "grid_col": 47
      }
    },
    {
      "type": "Feature",
      "geometry": {
        "type": "Point",
        "coordinates": [
          77.58744,
          12.975816
        ]
      },
      "properties": {
        "id": "DN-00716",
        "type": "inlet",
        "elevation_m": 917.3,
        "capacity_m3s": 0.418,
        "grid_row": 73,
        "grid_col": 45
      }
    },
    {
      "type": "Feature",
      "geometry": {
        "type": "Point",
        "coordinates": [
          77.587421,
          12.975773
        ]
      },
      "properties": {
        "id": "DN-00717",
        "type": "junction",
        "elevation_m": 917.3,
        "capacity_m3s": 0.418,
        "grid_row": 73,
        "grid_col": 45
      }
    },
    {
      "type": "Feature",
      "geometry": {
        "type": "Point",
        "coordinates": [
          77.597245,
          12.971167
        ]
      },
      "properties": {
        "id": "DN-00718",
        "type": "inlet",
        "elevation_m": 910.19,
        "capacity_m3s": 0.561,
        "grid_row": 52,
        "grid_col": 86
      }
    },
    {
      "type": "Feature",
      "geometry": {
        "type": "Point",
        "coordinates": [
          77.59466,
          12.971922
        ]
      },
      "properties": {
        "id": "DN-00719",
        "type": "junction",
        "elevation_m": 909.65,
        "capacity_m3s": 0.561,
        "grid_row": 56,
        "grid_col": 75
      }
    },
    {
      "type": "Feature",
      "geometry": {
        "type": "Point",
        "coordinates": [
          77.594082,
          12.972152
        ]
      },
      "properties": {
        "id": "DN-00720",
        "type": "inlet",
        "elevation_m": 911.68,
        "capacity_m3s": 0.418,
        "grid_row": 57,
        "grid_col": 73
      }
    },
    {
      "type": "Feature",
      "geometry": {
        "type": "Point",
        "coordinates": [
          77.594044,
          12.972113
        ]
      },
      "properties": {
        "id": "DN-00721",
        "type": "junction",
        "elevation_m": 911.68,
        "capacity_m3s": 0.418,
        "grid_row": 57,
        "grid_col": 73
      }
    },
    {
      "type": "Feature",
      "geometry": {
        "type": "Point",
        "coordinates": [
          77.598409,
          12.980649
        ]
      },
      "properties": {
        "id": "DN-00722",
        "type": "junction",
        "elevation_m": 921.34,
        "capacity_m3s": 1.355,
        "grid_row": 94,
        "grid_col": 91
      }
    },
    {
      "type": "Feature",
      "geometry": {
        "type": "Point",
        "coordinates": [
          77.595228,
          12.962567
        ]
      },
      "properties": {
        "id": "DN-00723",
        "type": "outfall",
        "elevation_m": 902.55,
        "capacity_m3s": 6.0,
        "grid_row": 15,
        "grid_col": 78
      }
    },
    {
      "type": "Feature",
      "geometry": {
        "type": "Point",
        "coordinates": [
          77.586633,
          12.973346
        ]
      },
      "properties": {
        "id": "DN-00724",
        "type": "inlet",
        "elevation_m": 920.47,
        "capacity_m3s": 0.907,
        "grid_row": 62,
        "grid_col": 41
      }
    },
    {
      "type": "Feature",
      "geometry": {
        "type": "Point",
        "coordinates": [
          77.587305,
          12.968463
        ]
      },
      "properties": {
        "id": "DN-00725",
        "type": "junction",
        "elevation_m": 917.89,
        "capacity_m3s": 0.907,
        "grid_row": 41,
        "grid_col": 44
      }
    },
    {
      "type": "Feature",
      "geometry": {
        "type": "Point",
        "coordinates": [
          77.587212,
          13.01416
        ]
      },
      "properties": {
        "id": "DN-00726",
        "type": "inlet",
        "elevation_m": 940.7,
        "capacity_m3s": 1.09,
        "grid_row": 239,
        "grid_col": 44
      }
    },
    {
      "type": "Feature",
      "geometry": {
        "type": "Point",
        "coordinates": [
          77.590276,
          13.01057
        ]
      },
      "properties": {
        "id": "DN-00727",
        "type": "junction",
        "elevation_m": 937.11,
        "capacity_m3s": 1.09,
        "grid_row": 226,
        "grid_col": 57
      }
    },
    {
      "type": "Feature",
      "geometry": {
        "type": "Point",
        "coordinates": [
          77.594395,
          13.00147
        ]
      },
      "properties": {
        "id": "DN-00728",
        "type": "inlet",
        "elevation_m": 934.74,
        "capacity_m3s": 1.007,
        "grid_row": 186,
        "grid_col": 74
      }
    },
    {
      "type": "Feature",
      "geometry": {
        "type": "Point",
        "coordinates": [
          77.585002,
          12.963249
        ]
      },
      "properties": {
        "id": "DN-00729",
        "type": "outfall",
        "elevation_m": 903.55,
        "capacity_m3s": 6.0,
        "grid_row": 18,
        "grid_col": 34
      }
    },
    {
      "type": "Feature",
      "geometry": {
        "type": "Point",
        "coordinates": [
          77.577465,
          12.963912
        ]
      },
      "properties": {
        "id": "DN-00730",
        "type": "outfall",
        "elevation_m": 899.32,
        "capacity_m3s": 6.0,
        "grid_row": 20,
        "grid_col": 2
      }
    },
    {
      "type": "Feature",
      "geometry": {
        "type": "Point",
        "coordinates": [
          77.576992,
          12.98337
        ]
      },
      "properties": {
        "id": "DN-00731",
        "type": "junction",
        "elevation_m": 915.77,
        "capacity_m3s": 2.173,
        "grid_row": 106,
        "grid_col": 0
      }
    },
    {
      "type": "Feature",
      "geometry": {
        "type": "Point",
        "coordinates": [
          77.576845,
          12.982776
        ]
      },
      "properties": {
        "id": "DN-00732",
        "type": "junction",
        "elevation_m": 915.6,
        "capacity_m3s": 0.591,
        "grid_row": 103,
        "grid_col": 0
      }
    },
    {
      "type": "Feature",
      "geometry": {
        "type": "Point",
        "coordinates": [
          77.594115,
          12.960815
        ]
      },
      "properties": {
        "id": "DN-00733",
        "type": "outfall",
        "elevation_m": 898.73,
        "capacity_m3s": 6.0,
        "grid_row": 7,
        "grid_col": 73
      }
    },
    {
      "type": "Feature",
      "geometry": {
        "type": "Point",
        "coordinates": [
          77.594572,
          12.962356
        ]
      },
      "properties": {
        "id": "DN-00734",
        "type": "outfall",
        "elevation_m": 901.15,
        "capacity_m3s": 6.0,
        "grid_row": 14,
        "grid_col": 75
      }
    },
    {
      "type": "Feature",
      "geometry": {
        "type": "Point",
        "coordinates": [
          77.579141,
          12.980454
        ]
      },
      "properties": {
        "id": "DN-00735",
        "type": "junction",
        "elevation_m": 915.54,
        "capacity_m3s": 1.484,
        "grid_row": 93,
        "grid_col": 9
      }
    },
    {
      "type": "Feature",
      "geometry": {
        "type": "Point",
        "coordinates": [
          77.597063,
          12.984585
        ]
      },
      "properties": {
        "id": "DN-00736",
        "type": "junction",
        "elevation_m": 928.3,
        "capacity_m3s": 0.418,
        "grid_row": 111,
        "grid_col": 86
      }
    },
    {
      "type": "Feature",
      "geometry": {
        "type": "Point",
        "coordinates": [
          77.596999,
          12.98425
        ]
      },
      "properties": {
        "id": "DN-00737",
        "type": "inlet",
        "elevation_m": 929.13,
        "capacity_m3s": 2.499,
        "grid_row": 110,
        "grid_col": 85
      }
    },
    {
      "type": "Feature",
      "geometry": {
        "type": "Point",
        "coordinates": [
          77.608433,
          12.995564
        ]
      },
      "properties": {
        "id": "DN-00738",
        "type": "junction",
        "elevation_m": 921.81,
        "capacity_m3s": 0.836,
        "grid_row": 160,
        "grid_col": 129
      }
    },
    {
      "type": "Feature",
      "geometry": {
        "type": "Point",
        "coordinates": [
          77.585002,
          12.963249
        ]
      },
      "properties": {
        "id": "DN-00739",
        "type": "outfall",
        "elevation_m": 903.55,
        "capacity_m3s": 6.0,
        "grid_row": 18,
        "grid_col": 34
      }
    },
    {
      "type": "Feature",
      "geometry": {
        "type": "Point",
        "coordinates": [
          77.584117,
          12.961521
        ]
      },
      "properties": {
        "id": "DN-00740",
        "type": "outfall",
        "elevation_m": 899.75,
        "capacity_m3s": 6.0,
        "grid_row": 10,
        "grid_col": 30
      }
    },
    {
      "type": "Feature",
      "geometry": {
        "type": "Point",
        "coordinates": [
          77.597019,
          12.964946
        ]
      },
      "properties": {
        "id": "DN-00741",
        "type": "inlet",
        "elevation_m": 911.13,
        "capacity_m3s": 3.193,
        "grid_row": 25,
        "grid_col": 86
      }
    },
    {
      "type": "Feature",
      "geometry": {
        "type": "Point",
        "coordinates": [
          77.594509,
          12.962339
        ]
      },
      "properties": {
        "id": "DN-00742",
        "type": "outfall",
        "elevation_m": 901.15,
        "capacity_m3s": 6.0,
        "grid_row": 14,
        "grid_col": 75
      }
    },
    {
      "type": "Feature",
      "geometry": {
        "type": "Point",
        "coordinates": [
          77.594572,
          12.962356
        ]
      },
      "properties": {
        "id": "DN-00743",
        "type": "outfall",
        "elevation_m": 901.15,
        "capacity_m3s": 6.0,
        "grid_row": 14,
        "grid_col": 75
      }
    },
    {
      "type": "Feature",
      "geometry": {
        "type": "Point",
        "coordinates": [
          77.586539,
          12.965277
        ]
      },
      "properties": {
        "id": "DN-00744",
        "type": "junction",
        "elevation_m": 911.1,
        "capacity_m3s": 2.132,
        "grid_row": 26,
        "grid_col": 41
      }
    },
    {
      "type": "Feature",
      "geometry": {
        "type": "Point",
        "coordinates": [
          77.606108,
          12.971477
        ]
      },
      "properties": {
        "id": "DN-00745",
        "type": "inlet",
        "elevation_m": 912.86,
        "capacity_m3s": 1.443,
        "grid_row": 54,
        "grid_col": 124
      }
    },
    {
      "type": "Feature",
      "geometry": {
        "type": "Point",
        "coordinates": [
          77.607044,
          12.971927
        ]
      },
      "properties": {
        "id": "DN-00746",
        "type": "junction",
        "elevation_m": 911.51,
        "capacity_m3s": 1.443,
        "grid_row": 56,
        "grid_col": 128
      }
    },
    {
      "type": "Feature",
      "geometry": {
        "type": "Point",
        "coordinates": [
          77.607044,
          12.971927
        ]
      },
      "properties": {
        "id": "DN-00747",
        "type": "inlet",
        "elevation_m": 911.51,
        "capacity_m3s": 1.393,
        "grid_row": 56,
        "grid_col": 128
      }
    },
    {
      "type": "Feature",
      "geometry": {
        "type": "Point",
        "coordinates": [
          77.607359,
          12.972072
        ]
      },
      "properties": {
        "id": "DN-00748",
        "type": "junction",
        "elevation_m": 911.09,
        "capacity_m3s": 1.393,
        "grid_row": 56,
        "grid_col": 129
      }
    },
    {
      "type": "Feature",
      "geometry": {
        "type": "Point",
        "coordinates": [
          77.595826,
          12.994346
        ]
      },
      "properties": {
        "id": "DN-00749",
        "type": "junction",
        "elevation_m": 920.58,
        "capacity_m3s": 2.811,
        "grid_row": 154,
        "grid_col": 80
      }
    },
    {
      "type": "Feature",
      "geometry": {
        "type": "Point",
        "coordinates": [
          77.606712,
          12.964402
        ]
      },
      "properties": {
        "id": "DN-00750",
        "type": "inlet",
        "elevation_m": 912.14,
        "capacity_m3s": 0.512,
        "grid_row": 23,
        "grid_col": 127
      }
    },
    {
      "type": "Feature",
      "geometry": {
        "type": "Point",
        "coordinates": [
          77.606617,
          12.961576
        ]
      },
      "properties": {
        "id": "DN-00751",
        "type": "junction",
        "elevation_m": 911.67,
        "capacity_m3s": 0.512,
        "grid_row": 10,
        "grid_col": 127
      }
    },
    {
      "type": "Feature",
      "geometry": {
        "type": "Point",
        "coordinates": [
          77.588138,
          12.964378
        ]
      },
      "properties": {
        "id": "DN-00752",
        "type": "inlet",
        "elevation_m": 913.15,
        "capacity_m3s": 1.865,
        "grid_row": 23,
        "grid_col": 48
      }
    },
    {
      "type": "Feature",
      "geometry": {
        "type": "Point",
        "coordinates": [
          77.58705,
          12.976137
        ]
      },
      "properties": {
        "id": "DN-00753",
        "type": "inlet",
        "elevation_m": 919.18,
        "capacity_m3s": 0.418,
        "grid_row": 74,
        "grid_col": 43
      }
    },
    {
      "type": "Feature",
      "geometry": {
        "type": "Point",
        "coordinates": [
          77.587143,
          12.976041
        ]
      },
      "properties": {
        "id": "DN-00754",
        "type": "junction",
        "elevation_m": 919.18,
        "capacity_m3s": 0.418,
        "grid_row": 74,
        "grid_col": 43
      }
    },
    {
      "type": "Feature",
      "geometry": {
        "type": "Point",
        "coordinates": [
          77.604258,
          13.004354
        ]
      },
      "properties": {
        "id": "DN-00755",
        "type": "junction",
        "elevation_m": 915.29,
        "capacity_m3s": 0.606,
        "grid_row": 198,
        "grid_col": 116
      }
    },
    {
      "type": "Feature",
      "geometry": {
        "type": "Point",
        "coordinates": [
          77.600755,
          12.997902
        ]
      },
      "properties": {
        "id": "DN-00756",
        "type": "inlet",
        "elevation_m": 935.18,
        "capacity_m3s": 2.488,
        "grid_row": 170,
        "grid_col": 101
      }
    },
    {
      "type": "Feature",
      "geometry": {
        "type": "Point",
        "coordinates": [
          77.601668,
          12.975799
        ]
      },
      "properties": {
        "id": "DN-00757",
        "type": "junction",
        "elevation_m": 918.6,
        "capacity_m3s": 1.368,
        "grid_row": 73,
        "grid_col": 105
      }
    },
    {
      "type": "Feature",
      "geometry": {
        "type": "Point",
        "coordinates": [
          77.59909,
          12.966999
        ]
      },
      "properties": {
        "id": "DN-00758",
        "type": "junction",
        "elevation_m": 914.61,
        "capacity_m3s": 0.512,
        "grid_row": 34,
        "grid_col": 94
      }
    },
    {
      "type": "Feature",
      "geometry": {
        "type": "Point",
        "coordinates": [
          77.593195,
          12.958432
        ]
      },
      "properties": {
        "id": "DN-00759",
        "type": "outfall",
        "elevation_m": 896.0,
        "capacity_m3s": 6.0,
        "grid_row": 0,
        "grid_col": 69
      }
    },
    {
      "type": "Feature",
      "geometry": {
        "type": "Point",
        "coordinates": [
          77.585958,
          12.976898
        ]
      },
      "properties": {
        "id": "DN-00760",
        "type": "junction",
        "elevation_m": 924.27,
        "capacity_m3s": 1.63,
        "grid_row": 78,
        "grid_col": 38
      }
    },
    {
      "type": "Feature",
      "geometry": {
        "type": "Point",
        "coordinates": [
          77.582072,
          12.984712
        ]
      },
      "properties": {
        "id": "DN-00761",
        "type": "inlet",
        "elevation_m": 926.77,
        "capacity_m3s": 2.173,
        "grid_row": 112,
        "grid_col": 22
      }
    },
    {
      "type": "Feature",
      "geometry": {
        "type": "Point",
        "coordinates": [
          77.601864,
          12.976637
        ]
      },
      "properties": {
        "id": "DN-00762",
        "type": "inlet",
        "elevation_m": 919.47,
        "capacity_m3s": 0.418,
        "grid_row": 76,
        "grid_col": 106
      }
    },
    {
      "type": "Feature",
      "geometry": {
        "type": "Point",
        "coordinates": [
          77.579627,
          12.986431
        ]
      },
      "properties": {
        "id": "DN-00763",
        "type": "junction",
        "elevation_m": 922.94,
        "capacity_m3s": 2.197,
        "grid_row": 120,
        "grid_col": 11
      }
    },
    {
      "type": "Feature",
      "geometry": {
        "type": "Point",
        "coordinates": [
          77.578508,
          12.987286
        ]
      },
      "properties": {
        "id": "DN-00764",
        "type": "junction",
        "elevation_m": 918.54,
        "capacity_m3s": 2.438,
        "grid_row": 123,
        "grid_col": 6
      }
    },
    {
      "type": "Feature",
      "geometry": {
        "type": "Point",
        "coordinates": [
          77.578443,
          13.005355
        ]
      },
      "properties": {
        "id": "DN-00765",
        "type": "inlet",
        "elevation_m": 929.75,
        "capacity_m3s": 1.879,
        "grid_row": 203,
        "grid_col": 6
      }
    },
    {
      "type": "Feature",
      "geometry": {
        "type": "Point",
        "coordinates": [
          77.575204,
          13.005425
        ]
      },
      "properties": {
        "id": "DN-00766",
        "type": "junction",
        "elevation_m": 922.67,
        "capacity_m3s": 1.879,
        "grid_row": 203,
        "grid_col": 0
      }
    },
    {
      "type": "Feature",
      "geometry": {
        "type": "Point",
        "coordinates": [
          77.601656,
          12.989772
        ]
      },
      "properties": {
        "id": "DN-00767",
        "type": "inlet",
        "elevation_m": 917.8,
        "capacity_m3s": 1.268,
        "grid_row": 134,
        "grid_col": 105
      }
    },
    {
      "type": "Feature",
      "geometry": {
        "type": "Point",
        "coordinates": [
          77.601004,
          12.990106
        ]
      },
      "properties": {
        "id": "DN-00768",
        "type": "inlet",
        "elevation_m": 918.66,
        "capacity_m3s": 0.418,
        "grid_row": 136,
        "grid_col": 103
      }
    },
    {
      "type": "Feature",
      "geometry": {
        "type": "Point",
        "coordinates": [
          77.599537,
          12.990435
        ]
      },
      "properties": {
        "id": "DN-00769",
        "type": "junction",
        "elevation_m": 918.55,
        "capacity_m3s": 0.418,
        "grid_row": 137,
        "grid_col": 96
      }
    },
    {
      "type": "Feature",
      "geometry": {
        "type": "Point",
        "coordinates": [
          77.57722,
          12.972842
        ]
      },
      "properties": {
        "id": "DN-00770",
        "type": "inlet",
        "elevation_m": 915.9,
        "capacity_m3s": 1.058,
        "grid_row": 60,
        "grid_col": 1
      }
    },
    {
      "type": "Feature",
      "geometry": {
        "type": "Point",
        "coordinates": [
          77.575259,
          12.973595
        ]
      },
      "properties": {
        "id": "DN-00771",
        "type": "junction",
        "elevation_m": 914.44,
        "capacity_m3s": 1.058,
        "grid_row": 63,
        "grid_col": 0
      }
    },
    {
      "type": "Feature",
      "geometry": {
        "type": "Point",
        "coordinates": [
          77.585705,
          12.99113
        ]
      },
      "properties": {
        "id": "DN-00772",
        "type": "inlet",
        "elevation_m": 935.27,
        "capacity_m3s": 0.972,
        "grid_row": 140,
        "grid_col": 37
      }
    },
    {
      "type": "Feature",
      "geometry": {
        "type": "Point",
        "coordinates": [
          77.585468,
          12.991358
        ]
      },
      "properties": {
        "id": "DN-00773",
        "type": "junction",
        "elevation_m": 935.07,
        "capacity_m3s": 0.972,
        "grid_row": 141,
        "grid_col": 36
      }
    },
    {
      "type": "Feature",
      "geometry": {
        "type": "Point",
        "coordinates": [
          77.600826,
          12.967337
        ]
      },
      "properties": {
        "id": "DN-00774",
        "type": "inlet",
        "elevation_m": 913.93,
        "capacity_m3s": 1.688,
        "grid_row": 36,
        "grid_col": 102
      }
    },
    {
      "type": "Feature",
      "geometry": {
        "type": "Point",
        "coordinates": [
          77.601453,
          12.965642
        ]
      },
      "properties": {
        "id": "DN-00775",
        "type": "junction",
        "elevation_m": 910.44,
        "capacity_m3s": 1.688,
        "grid_row": 28,
        "grid_col": 104
      }
    },
    {
      "type": "Feature",
      "geometry": {
        "type": "Point",
        "coordinates": [
          77.591856,
          13.008061
        ]
      },
      "properties": {
        "id": "DN-00776",
        "type": "junction",
        "elevation_m": 934.64,
        "capacity_m3s": 1.296,
        "grid_row": 215,
        "grid_col": 63
      }
    },
    {
      "type": "Feature",
      "geometry": {
        "type": "Point",
        "coordinates": [
          77.57852,
          12.987377
        ]
      },
      "properties": {
        "id": "DN-00777",
        "type": "junction",
        "elevation_m": 918.31,
        "capacity_m3s": 2.343,
        "grid_row": 124,
        "grid_col": 6
      }
    },
    {
      "type": "Feature",
      "geometry": {
        "type": "Point",
        "coordinates": [
          77.603687,
          12.984
        ]
      },
      "properties": {
        "id": "DN-00778",
        "type": "inlet",
        "elevation_m": 910.78,
        "capacity_m3s": 0.418,
        "grid_row": 109,
        "grid_col": 114
      }
    },
    {
      "type": "Feature",
      "geometry": {
        "type": "Point",
        "coordinates": [
          77.594011,
          12.972206
        ]
      },
      "properties": {
        "id": "DN-00779",
        "type": "inlet",
        "elevation_m": 911.68,
        "capacity_m3s": 0.418,
        "grid_row": 57,
        "grid_col": 73
      }
    },
    {
      "type": "Feature",
      "geometry": {
        "type": "Point",
        "coordinates": [
          77.593988,
          12.97193
        ]
      },
      "properties": {
        "id": "DN-00780",
        "type": "junction",
        "elevation_m": 911.04,
        "capacity_m3s": 2.244,
        "grid_row": 56,
        "grid_col": 73
      }
    },
    {
      "type": "Feature",
      "geometry": {
        "type": "Point",
        "coordinates": [
          77.59397,
          12.972174
        ]
      },
      "properties": {
        "id": "DN-00781",
        "type": "inlet",
        "elevation_m": 912.37,
        "capacity_m3s": 4.606,
        "grid_row": 57,
        "grid_col": 72
      }
    },
    {
      "type": "Feature",
      "geometry": {
        "type": "Point",
        "coordinates": [
          77.607002,
          12.985851
        ]
      },
      "properties": {
        "id": "DN-00782",
        "type": "inlet",
        "elevation_m": 907.63,
        "capacity_m3s": 0.418,
        "grid_row": 117,
        "grid_col": 128
      }
    },
    {
      "type": "Feature",
      "geometry": {
        "type": "Point",
        "coordinates": [
          77.60711,
          12.986711
        ]
      },
      "properties": {
        "id": "DN-00783",
        "type": "junction",
        "elevation_m": 907.58,
        "capacity_m3s": 0.418,
        "grid_row": 121,
        "grid_col": 129
      }
    },
    {
      "type": "Feature",
      "geometry": {
        "type": "Point",
        "coordinates": [
          77.607002,
          12.985851
        ]
      },
      "properties": {
        "id": "DN-00784",
        "type": "inlet",
        "elevation_m": 907.63,
        "capacity_m3s": 0.418,
        "grid_row": 117,
        "grid_col": 128
      }
    },
    {
      "type": "Feature",
      "geometry": {
        "type": "Point",
        "coordinates": [
          77.60711,
          12.986711
        ]
      },
      "properties": {
        "id": "DN-00785",
        "type": "junction",
        "elevation_m": 907.58,
        "capacity_m3s": 0.418,
        "grid_row": 121,
        "grid_col": 129
      }
    },
    {
      "type": "Feature",
      "geometry": {
        "type": "Point",
        "coordinates": [
          77.601404,
          12.990016
        ]
      },
      "properties": {
        "id": "DN-00786",
        "type": "junction",
        "elevation_m": 918.24,
        "capacity_m3s": 1.282,
        "grid_row": 135,
        "grid_col": 104
      }
    },
    {
      "type": "Feature",
      "geometry": {
        "type": "Point",
        "coordinates": [
          77.602864,
          12.98999
        ]
      },
      "properties": {
        "id": "DN-00787",
        "type": "inlet",
        "elevation_m": 918.31,
        "capacity_m3s": 0.418,
        "grid_row": 135,
        "grid_col": 111
      }
    },
    {
      "type": "Feature",
      "geometry": {
        "type": "Point",
        "coordinates": [
          77.601404,
          12.990016
        ]
      },
      "properties": {
        "id": "DN-00788",
        "type": "junction",
        "elevation_m": 918.24,
        "capacity_m3s": 0.418,
        "grid_row": 135,
        "grid_col": 104
      }
    },
    {
      "type": "Feature",
      "geometry": {
        "type": "Point",
        "coordinates": [
          77.602864,
          12.98999
        ]
      },
      "properties": {
        "id": "DN-00789",
        "type": "inlet",
        "elevation_m": 918.31,
        "capacity_m3s": 0.418,
        "grid_row": 135,
        "grid_col": 111
      }
    },
    {
      "type": "Feature",
      "geometry": {
        "type": "Point",
        "coordinates": [
          77.601404,
          12.990016
        ]
      },
      "properties": {
        "id": "DN-00790",
        "type": "junction",
        "elevation_m": 918.24,
        "capacity_m3s": 0.418,
        "grid_row": 135,
        "grid_col": 104
      }
    },
    {
      "type": "Feature",
      "geometry": {
        "type": "Point",
        "coordinates": [
          77.587393,
          12.976003
        ]
      },
      "properties": {
        "id": "DN-00791",
        "type": "inlet",
        "elevation_m": 918.27,
        "capacity_m3s": 2.116,
        "grid_row": 74,
        "grid_col": 44
      }
    },
    {
      "type": "Feature",
      "geometry": {
        "type": "Point",
        "coordinates": [
          77.588311,
          12.976469
        ]
      },
      "properties": {
        "id": "DN-00792",
        "type": "junction",
        "elevation_m": 915.4,
        "capacity_m3s": 2.116,
        "grid_row": 76,
        "grid_col": 48
      }
    },
    {
      "type": "Feature",
      "geometry": {
        "type": "Point",
        "coordinates": [
          77.588311,
          12.976469
        ]
      },
      "properties": {
        "id": "DN-00793",
        "type": "inlet",
        "elevation_m": 915.4,
        "capacity_m3s": 1.759,
        "grid_row": 76,
        "grid_col": 48
      }
    },
    {
      "type": "Feature",
      "geometry": {
        "type": "Point",
        "coordinates": [
          77.588348,
          12.976383
        ]
      },
      "properties": {
        "id": "DN-00794",
        "type": "inlet",
        "elevation_m": 915.02,
        "capacity_m3s": 2.873,
        "grid_row": 75,
        "grid_col": 48
      }
    },
    {
      "type": "Feature",
      "geometry": {
        "type": "Point",
        "coordinates": [
          77.595009,
          12.982107
        ]
      },
      "properties": {
        "id": "DN-00795",
        "type": "junction",
        "elevation_m": 935.96,
        "capacity_m3s": 1.808,
        "grid_row": 101,
        "grid_col": 77
      }
    },
    {
      "type": "Feature",
      "geometry": {
        "type": "Point",
        "coordinates": [
          77.601542,
          12.974847
        ]
      },
      "properties": {
        "id": "DN-00796",
        "type": "inlet",
        "elevation_m": 918.72,
        "capacity_m3s": 0.439,
        "grid_row": 69,
        "grid_col": 105
      }
    },
    {
      "type": "Feature",
      "geometry": {
        "type": "Point",
        "coordinates": [
          77.607925,
          12.974956
        ]
      },
      "properties": {
        "id": "DN-00797",
        "type": "inlet",
        "elevation_m": 912.51,
        "capacity_m3s": 0.826,
        "grid_row": 69,
        "grid_col": 129
      }
    },
    {
      "type": "Feature",
      "geometry": {
        "type": "Point",
        "coordinates": [
          77.607083,
          12.972331
        ]
      },
      "properties": {
        "id": "DN-00798",
        "type": "junction",
        "elevation_m": 911.31,
        "capacity_m3s": 0.826,
        "grid_row": 58,
        "grid_col": 129
      }
    },
    {
      "type": "Feature",
      "geometry": {
        "type": "Point",
        "coordinates": [
          77.594247,
          12.972022
        ]
      },
      "properties": {
        "id": "DN-00799",
        "type": "junction",
        "elevation_m": 910.35,
        "capacity_m3s": 3.098,
        "grid_row": 56,
        "grid_col": 74
      }
    },
    {
      "type": "Feature",
      "geometry": {
        "type": "Point",
        "coordinates": [
          77.602489,
          12.979386
        ]
      },
      "properties": {
        "id": "DN-00800",
        "type": "inlet",
        "elevation_m": 921.62,
        "capacity_m3s": 1.598,
        "grid_row": 89,
        "grid_col": 109
      }
    },
    {
      "type": "Feature",
      "geometry": {
        "type": "Point",
        "coordinates": [
          77.58808,
          12.984361
        ]
      },
      "properties": {
        "id": "DN-00801",
        "type": "inlet",
        "elevation_m": 934.06,
        "capacity_m3s": 1.467,
        "grid_row": 110,
        "grid_col": 47
      }
    },
    {
      "type": "Feature",
      "geometry": {
        "type": "Point",
        "coordinates": [
          77.584929,
          12.978846
        ]
      },
      "properties": {
        "id": "DN-00802",
        "type": "junction",
        "elevation_m": 925.91,
        "capacity_m3s": 1.381,
        "grid_row": 86,
        "grid_col": 34
      }
    },
    {
      "type": "Feature",
      "geometry": {
        "type": "Point",
        "coordinates": [
          77.594928,
          12.987132
        ]
      },
      "properties": {
        "id": "DN-00803",
        "type": "junction",
        "elevation_m": 931.27,
        "capacity_m3s": 1.734,
        "grid_row": 123,
        "grid_col": 77
      }
    },
    {
      "type": "Feature",
      "geometry": {
        "type": "Point",
        "coordinates": [
          77.582022,
          12.998507
        ]
      },
      "properties": {
        "id": "DN-00804",
        "type": "inlet",
        "elevation_m": 921.61,
        "capacity_m3s": 0.418,
        "grid_row": 173,
        "grid_col": 21
      }
    },
    {
      "type": "Feature",
      "geometry": {
        "type": "Point",
        "coordinates": [
          77.59772,
          13.016209
        ]
      },
      "properties": {
        "id": "DN-00805",
        "type": "inlet",
        "elevation_m": 927.91,
        "capacity_m3s": 0.847,
        "grid_row": 239,
        "grid_col": 89
      }
    },
    {
      "type": "Feature",
      "geometry": {
        "type": "Point",
        "coordinates": [
          77.60106,
          12.997306
        ]
      },
      "properties": {
        "id": "DN-00806",
        "type": "inlet",
        "elevation_m": 937.12,
        "capacity_m3s": 2.638,
        "grid_row": 167,
        "grid_col": 103
      }
    },
    {
      "type": "Feature",
      "geometry": {
        "type": "Point",
        "coordinates": [
          77.600914,
          12.997589
        ]
      },
      "properties": {
        "id": "DN-00807",
        "type": "junction",
        "elevation_m": 935.72,
        "capacity_m3s": 2.638,
        "grid_row": 169,
        "grid_col": 102
      }
    },
    {
      "type": "Feature",
      "geometry": {
        "type": "Point",
        "coordinates": [
          77.592038,
          12.988727
        ]
      },
      "properties": {
        "id": "DN-00808",
        "type": "junction",
        "elevation_m": 935.84,
        "capacity_m3s": 1.636,
        "grid_row": 130,
        "grid_col": 64
      }
    },
    {
      "type": "Feature",
      "geometry": {
        "type": "Point",
        "coordinates": [
          77.577612,
          12.973296
        ]
      },
      "properties": {
        "id": "DN-00809",
        "type": "inlet",
        "elevation_m": 916.31,
        "capacity_m3s": 1.368,
        "grid_row": 62,
        "grid_col": 3
      }
    },
    {
      "type": "Feature",
      "geometry": {
        "type": "Point",
        "coordinates": [
          77.592097,
          13.00782
        ]
      },
      "properties": {
        "id": "DN-00810",
        "type": "junction",
        "elevation_m": 934.32,
        "capacity_m3s": 0.418,
        "grid_row": 214,
        "grid_col": 64
      }
    },
    {
      "type": "Feature",
      "geometry": {
        "type": "Point",
        "coordinates": [
          77.59145,
          13.016196
        ]
      },
      "properties": {
        "id": "DN-00811",
        "type": "inlet",
        "elevation_m": 935.75,
        "capacity_m3s": 1.122,
        "grid_row": 239,
        "grid_col": 62
      }
    },
    {
      "type": "Feature",
      "geometry": {
        "type": "Point",
        "coordinates": [
          77.593013,
          13.006111
        ]
      },
      "properties": {
        "id": "DN-00812",
        "type": "junction",
        "elevation_m": 934.8,
        "capacity_m3s": 1.614,
        "grid_row": 206,
        "grid_col": 68
      }
    },
    {
      "type": "Feature",
      "geometry": {
        "type": "Point",
        "coordinates": [
          77.586556,
          12.974071
        ]
      },
      "properties": {
        "id": "DN-00813",
        "type": "inlet",
        "elevation_m": 920.56,
        "capacity_m3s": 0.439,
        "grid_row": 65,
        "grid_col": 41
      }
    },
    {
      "type": "Feature",
      "geometry": {
        "type": "Point",
        "coordinates": [
          77.600983,
          12.960571
        ]
      },
      "properties": {
        "id": "DN-00814",
        "type": "outfall",
        "elevation_m": 902.6,
        "capacity_m3s": 6.0,
        "grid_row": 6,
        "grid_col": 102
      }
    },
    {
      "type": "Feature",
      "geometry": {
        "type": "Point",
        "coordinates": [
          77.585208,
          12.994012
        ]
      },
      "properties": {
        "id": "DN-00815",
        "type": "junction",
        "elevation_m": 931.6,
        "capacity_m3s": 2.018,
        "grid_row": 153,
        "grid_col": 35
      }
    },
    {
      "type": "Feature",
      "geometry": {
        "type": "Point",
        "coordinates": [
          77.58489,
          12.99524
        ]
      },
      "properties": {
        "id": "DN-00816",
        "type": "inlet",
        "elevation_m": 927.39,
        "capacity_m3s": 2.742,
        "grid_row": 158,
        "grid_col": 34
      }
    },
    {
      "type": "Feature",
      "geometry": {
        "type": "Point",
        "coordinates": [
          77.584858,
          12.995396
        ]
      },
      "properties": {
        "id": "DN-00817",
        "type": "junction",
        "elevation_m": 926.63,
        "capacity_m3s": 2.742,
        "grid_row": 159,
        "grid_col": 34
      }
    },
    {
      "type": "Feature",
      "geometry": {
        "type": "Point",
        "coordinates": [
          77.584994,
          12.995258
        ]
      },
      "properties": {
        "id": "DN-00818",
        "type": "inlet",
        "elevation_m": 927.39,
        "capacity_m3s": 2.748,
        "grid_row": 158,
        "grid_col": 34
      }
    },
    {
      "type": "Feature",
      "geometry": {
        "type": "Point",
        "coordinates": [
          77.584961,
          12.995413
        ]
      },
      "properties": {
        "id": "DN-00819",
        "type": "junction",
        "elevation_m": 926.63,
        "capacity_m3s": 2.748,
        "grid_row": 159,
        "grid_col": 34
      }
    },
    {
      "type": "Feature",
      "geometry": {
        "type": "Point",
        "coordinates": [
          77.606202,
          12.988474
        ]
      },
      "properties": {
        "id": "DN-00820",
        "type": "inlet",
        "elevation_m": 909.01,
        "capacity_m3s": 1.248,
        "grid_row": 129,
        "grid_col": 125
      }
    },
    {
      "type": "Feature",
      "geometry": {
        "type": "Point",
        "coordinates": [
          77.606137,
          12.988492
        ]
      },
      "properties": {
        "id": "DN-00821",
        "type": "inlet",
        "elevation_m": 909.22,
        "capacity_m3s": 2.814,
        "grid_row": 129,
        "grid_col": 124
      }
    },
    {
      "type": "Feature",
      "geometry": {
        "type": "Point",
        "coordinates": [
          77.606169,
          12.988432
        ]
      },
      "properties": {
        "id": "DN-00822",
        "type": "junction",
        "elevation_m": 908.78,
        "capacity_m3s": 2.814,
        "grid_row": 128,
        "grid_col": 125
      }
    },
    {
      "type": "Feature",
      "geometry": {
        "type": "Point",
        "coordinates": [
          77.606137,
          12.988492
        ]
      },
      "properties": {
        "id": "DN-00823",
        "type": "junction",
        "elevation_m": 909.22,
        "capacity_m3s": 2.177,
        "grid_row": 129,
        "grid_col": 124
      }
    },
    {
      "type": "Feature",
      "geometry": {
        "type": "Point",
        "coordinates": [
          77.584698,
          12.996191
        ]
      },
      "properties": {
        "id": "DN-00824",
        "type": "inlet",
        "elevation_m": 923.94,
        "capacity_m3s": 3.468,
        "grid_row": 162,
        "grid_col": 33
      }
    },
    {
      "type": "Feature",
      "geometry": {
        "type": "Point",
        "coordinates": [
          77.602543,
          12.976381
        ]
      },
      "properties": {
        "id": "DN-00825",
        "type": "junction",
        "elevation_m": 919.23,
        "capacity_m3s": 0.712,
        "grid_row": 75,
        "grid_col": 109
      }
    },
    {
      "type": "Feature",
      "geometry": {
        "type": "Point",
        "coordinates": [
          77.58729,
          12.975671
        ]
      },
      "properties": {
        "id": "DN-00826",
        "type": "inlet",
        "elevation_m": 918.33,
        "capacity_m3s": 3.098,
        "grid_row": 72,
        "grid_col": 44
      }
    },
    {
      "type": "Feature",
      "geometry": {
        "type": "Point",
        "coordinates": [
          77.573667,
          12.964607
        ]
      },
      "properties": {
        "id": "DN-00827",
        "type": "outfall",
        "elevation_m": 901.05,
        "capacity_m3s": 6.0,
        "grid_row": 24,
        "grid_col": 0
      }
    },
    {
      "type": "Feature",
      "geometry": {
        "type": "Point",
        "coordinates": [
          77.577547,
          12.973323
        ]
      },
      "properties": {
        "id": "DN-00828",
        "type": "inlet",
        "elevation_m": 915.8,
        "capacity_m3s": 1.197,
        "grid_row": 62,
        "grid_col": 2
      }
    },
    {
      "type": "Feature",
      "geometry": {
        "type": "Point",
        "coordinates": [
          77.5754,
          12.973993
        ]
      },
      "properties": {
        "id": "DN-00829",
        "type": "junction",
        "elevation_m": 913.79,
        "capacity_m3s": 1.197,
        "grid_row": 65,
        "grid_col": 0
      }
    },
    {
      "type": "Feature",
      "geometry": {
        "type": "Point",
        "coordinates": [
          77.591902,
          13.007971
        ]
      },
      "properties": {
        "id": "DN-00830",
        "type": "junction",
        "elevation_m": 934.32,
        "capacity_m3s": 2.236,
        "grid_row": 214,
        "grid_col": 64
      }
    },
    {
      "type": "Feature",
      "geometry": {
        "type": "Point",
        "coordinates": [
          77.579991,
          13.009218
        ]
      },
      "properties": {
        "id": "DN-00831",
        "type": "junction",
        "elevation_m": 944.25,
        "capacity_m3s": 1.889,
        "grid_row": 220,
        "grid_col": 13
      }
    },
    {
      "type": "Feature",
      "geometry": {
        "type": "Point",
        "coordinates": [
          77.600834,
          12.997746
        ]
      },
      "properties": {
        "id": "DN-00832",
        "type": "inlet",
        "elevation_m": 935.72,
        "capacity_m3s": 2.209,
        "grid_row": 169,
        "grid_col": 102
      }
    },
    {
      "type": "Feature",
      "geometry": {
        "type": "Point",
        "coordinates": [
          77.60646,
          12.96074
        ]
      },
      "properties": {
        "id": "DN-00833",
        "type": "junction",
        "elevation_m": 911.55,
        "capacity_m3s": 0.477,
        "grid_row": 7,
        "grid_col": 126
      }
    },
    {
      "type": "Feature",
      "geometry": {
        "type": "Point",
        "coordinates": [
          77.606199,
          12.959174
        ]
      },
      "properties": {
        "id": "DN-00834",
        "type": "inlet",
        "elevation_m": 911.61,
        "capacity_m3s": 0.418,
        "grid_row": 0,
        "grid_col": 125
      }
    },
    {
      "type": "Feature",
      "geometry": {
        "type": "Point",
        "coordinates": [
          77.60646,
          12.96074
        ]
      },
      "properties": {
        "id": "DN-00835",
        "type": "junction",
        "elevation_m": 911.55,
        "capacity_m3s": 0.418,
        "grid_row": 7,
        "grid_col": 126
      }
    }
  ]
}