{
  "type": "FeatureCollection",
  "features": [
    {
      "type": "Feature",
      "geometry": {
        "type": "LineString",
        "coordinates": [
          [
            77.578444,
            12.984467
          ],
          [
            77.577998,
            12.983834
          ]
        ]
      },
      "properties": {
        "id": "DE-00001",
        "from_node": "DN-00001",
        "to_node": "DN-00002",
        "length_m": 86.08,
        "diameter_m": 0.8,
        "slope": 0.0259,
        "roughness_n": 0.013,
        "capacity_m3s": 2.128,
        "blockage_pct": 0.0,
        "channel_type": "roadside_storm_drain"
      }
    },
    {
      "type": "Feature",
      "geometry": {
        "type": "LineString",
        "coordinates": [
          [
            77.579507,
            12.986202
          ],
          [
            77.578444,
            12.984467
          ]
        ]
      },
      "properties": {
        "id": "DE-00002",
        "from_node": "DN-00003",
        "to_node": "DN-00004",
        "length_m": 225.41,
        "diameter_m": 0.8,
        "slope": 0.0083,
        "roughness_n": 0.013,
        "capacity_m3s": 1.205,
        "blockage_pct": 0.0,
        "channel_type": "roadside_storm_drain"
      }
    },
    {
      "type": "Feature",
      "geometry": {
        "type": "LineString",
        "coordinates": [
          [
            77.587606,
            12.967823
          ],
          [
            77.588255,
            12.967776
          ]
        ]
      },
      "properties": {
        "id": "DE-00003",
        "from_node": "DN-00005",
        "to_node": "DN-00006",
        "length_m": 70.58,
        "diameter_m": 0.8,
        "slope": 0.003,
        "roughness_n": 0.013,
        "capacity_m3s": 0.724,
        "blockage_pct": 0.0,
        "channel_type": "roadside_storm_drain"
      }
    },
    {
      "type": "Feature",
      "geometry": {
        "type": "LineString",
        "coordinates": [
          [
            77.588255,
            12.967776
          ],
          [
            77.588384,
            12.967778
          ]
        ]
      },
      "properties": {
        "id": "DE-00004",
        "from_node": "DN-00007",
        "to_node": "DN-00008",
        "length_m": 13.98,
        "diameter_m": 0.8,
        "slope": 0.001,
        "roughness_n": 0.013,
        "capacity_m3s": 0.418,
        "blockage_pct": 0.0,
        "channel_type": "roadside_storm_drain"
      }
    },
    {
      "type": "Feature",
      "geometry": {
        "type": "LineString",
        "coordinates": [
          [
            77.595048,
            12.962418
          ],
          [
            77.594638,
            12.962185
          ]
        ]
      },
      "properties": {
        "id": "DE-00005",
        "from_node": "DN-00009",
        "to_node": "DN-00010",
        "length_m": 51.43,
        "diameter_m": 0.8,
        "slope": 0.0194,
        "roughness_n": 0.013,
        "capacity_m3s": 1.842,
        "blockage_pct": 0.0,
        "channel_type": "roadside_storm_drain"
      }
    },
    {
      "type": "Feature",
      "geometry": {
        "type": "LineString",
        "coordinates": [
          [
            77.595334,
            12.962367
          ],
          [
            77.595048,
            12.962418
          ]
        ]
      },
      "properties": {
        "id": "DE-00006",
        "from_node": "DN-00011",
        "to_node": "DN-00012",
        "length_m": 31.54,
        "diameter_m": 0.8,
        "slope": 0.012,
        "roughness_n": 0.013,
        "capacity_m3s": 1.449,
        "blockage_pct": 0.0,
        "channel_type": "roadside_storm_drain"
      }
    },
    {
      "type": "Feature",
      "geometry": {
        "type": "LineString",
        "coordinates": [
          [
            77.601038,
            12.965393
          ],
          [
            77.601063,
            12.963694
          ]
        ]
      },
      "properties": {
        "id": "DE-00007",
        "from_node": "DN-00013",
        "to_node": "DN-00014",
        "length_m": 189.95,
        "diameter_m": 0.8,
        "slope": 0.0168,
        "roughness_n": 0.013,
        "capacity_m3s": 1.714,
        "blockage_pct": 0.0,
        "channel_type": "roadside_storm_drain"
      }
    },
    {
      "type": "Feature",
      "geometry": {
        "type": "LineString",
        "coordinates": [
          [
            77.601038,
            12.965393
          ],
          [
            77.601063,
            12.963694
          ]
        ]
      },
      "properties": {
        "id": "DE-00008",
        "from_node": "DN-00015",
        "to_node": "DN-00016",
        "length_m": 189.95,
        "diameter_m": 0.8,
        "slope": 0.0168,
        "roughness_n": 0.013,
        "capacity_m3s": 1.714,
        "blockage_pct": 0.0,
        "channel_type": "roadside_storm_drain"
      }
    },
    {
      "type": "Feature",
      "geometry": {
        "type": "LineString",
        "coordinates": [
          [
            77.602402,
            12.969419
          ],
          [
            77.603879,
            12.965764
          ]
        ]
      },
      "properties": {
        "id": "DE-00009",
        "from_node": "DN-00017",
        "to_node": "DN-00018",
        "length_m": 438.62,
        "diameter_m": 0.8,
        "slope": 0.0161,
        "roughness_n": 0.013,
        "capacity_m3s": 1.678,
        "blockage_pct": 0.0,
        "channel_type": "roadside_storm_drain"
      }
    },
    {
      "type": "Feature",
      "geometry": {
        "type": "LineString",
        "coordinates": [
          [
            77.603879,
            12.965764
          ],
          [
            77.601487,
            12.965451
          ]
        ]
      },
      "properties": {
        "id": "DE-00010",
        "from_node": "DN-00019",
        "to_node": "DN-00020",
        "length_m": 261.54,
        "diameter_m": 0.8,
        "slope": 0.001,
        "roughness_n": 0.013,
        "capacity_m3s": 0.418,
        "blockage_pct": 0.0,
        "channel_type": "roadside_storm_drain"
      }
    },
    {
      "type": "Feature",
      "geometry": {
        "type": "LineString",
        "coordinates": [
          [
            77.606804,
            12.966325
          ],
          [
            77.606242,
            12.968474
          ]
        ]
      },
      "properties": {
        "id": "DE-00011",
        "from_node": "DN-00021",
        "to_node": "DN-00022",
        "length_m": 248.2,
        "diameter_m": 0.8,
        "slope": 0.002,
        "roughness_n": 0.013,
        "capacity_m3s": 0.591,
        "blockage_pct": 0.0,
        "channel_type": "roadside_storm_drain"
      }
    },
    {
      "type": "Feature",
      "geometry": {
        "type": "LineString",
        "coordinates": [
          [
            77.601535,
            12.972973
          ],
          [
            77.603259,
            12.972852
          ]
        ]
      },
      "properties": {
        "id": "DE-00012",
        "from_node": "DN-00023",
        "to_node": "DN-00024",
        "length_m": 187.35,
        "diameter_m": 0.8,
        "slope": 0.001,
        "roughness_n": 0.013,
        "capacity_m3s": 0.418,
        "blockage_pct": 0.0,
        "channel_type": "roadside_storm_drain"
      }
    },
    {
      "type": "Feature",
      "geometry": {
        "type": "LineString",
        "coordinates": [
          [
            77.600745,
            12.970337
          ],
          [
            77.600335,
            12.968
          ]
        ]
      },
      "properties": {
        "id": "DE-00013",
        "from_node": "DN-00025",
        "to_node": "DN-00026",
        "length_m": 268.91,
        "diameter_m": 0.8,
        "slope": 0.0097,
        "roughness_n": 0.013,
        "capacity_m3s": 1.302,
        "blockage_pct": 0.0,
        "channel_type": "roadside_storm_drain"
      }
    },
    {
      "type": "Feature",
      "geometry": {
        "type": "LineString",
        "coordinates": [
          [
            77.602402,
            12.969419
          ],
          [
            77.600335,
            12.968
          ]
        ]
      },
      "properties": {
        "id": "DE-00014",
        "from_node": "DN-00027",
        "to_node": "DN-00028",
        "length_m": 274.67,
        "diameter_m": 0.8,
        "slope": 0.0104,
        "roughness_n": 0.013,
        "capacity_m3s": 1.349,
        "blockage_pct": 0.0,
        "channel_type": "roadside_storm_drain"
      }
    },
    {
      "type": "Feature",
      "geometry": {
        "type": "LineString",
        "coordinates": [
          [
            77.59935,
            12.973376
          ],
          [
            77.597967,
            12.971357
          ]
        ]
      },
      "properties": {
        "id": "DE-00015",
        "from_node": "DN-00029",
        "to_node": "DN-00030",
        "length_m": 274.18,
        "diameter_m": 0.8,
        "slope": 0.0158,
        "roughness_n": 0.013,
        "capacity_m3s": 1.662,
        "blockage_pct": 0.0,
        "channel_type": "roadside_storm_drain"
      }
    },
    {
      "type": "Feature",
      "geometry": {
        "type": "LineString",
        "coordinates": [
          [
            77.601325,
            12.973267
          ],
          [
            77.601066,
            12.973094
          ]
        ]
      },
      "properties": {
        "id": "DE-00016",
        "from_node": "DN-00031",
        "to_node": "DN-00032",
        "length_m": 34.1,
        "diameter_m": 0.8,
        "slope": 0.0041,
        "roughness_n": 0.013,
        "capacity_m3s": 0.847,
        "blockage_pct": 0.0,
        "channel_type": "roadside_storm_drain"
      }
    },
    {
      "type": "Feature",
      "geometry": {
        "type": "LineString",
        "coordinates": [
          [
            77.597754,
            12.971204
          ],
          [
            77.594697,
            12.971848
          ]
        ]
      },
      "properties": {
        "id": "DE-00017",
        "from_node": "DN-00033",
        "to_node": "DN-00034",
        "length_m": 346.91,
        "diameter_m": 0.8,
        "slope": 0.0091,
        "roughness_n": 0.013,
        "capacity_m3s": 1.261,
        "blockage_pct": 0.0,
        "channel_type": "roadside_storm_drain"
      }
    },
    {
      "type": "Feature",
      "geometry": {
        "type": "LineString",
        "coordinates": [
          [
            77.597754,
            12.971204
          ],
          [
            77.597745,
            12.97124
          ]
        ]
      },
      "properties": {
        "id": "DE-00018",
        "from_node": "DN-00035",
        "to_node": "DN-00036",
        "length_m": 5.0,
        "diameter_m": 0.8,
        "slope": 0.001,
        "roughness_n": 0.013,
        "capacity_m3s": 0.418,
        "blockage_pct": 0.0,
        "channel_type": "roadside_storm_drain"
      }
    },
    {
      "type": "Feature",
      "geometry": {
        "type": "LineString",
        "coordinates": [
          [
            77.599925,
            12.991841
          ],
          [
            77.599566,
            12.990519
          ]
        ]
      },
      "properties": {
        "id": "DE-00019",
        "from_node": "DN-00037",
        "to_node": "DN-00038",
        "length_m": 152.07,
        "diameter_m": 0.8,
        "slope": 0.0174,
        "roughness_n": 0.013,
        "capacity_m3s": 1.744,
        "blockage_pct": 0.0,
        "channel_type": "roadside_storm_drain"
      }
    },
    {
      "type": "Feature",
      "geometry": {
        "type": "LineString",
        "coordinates": [
          [
            77.597419,
            12.991411
          ],
          [
            77.599566,
            12.990519
          ]
        ]
      },
      "properties": {
        "id": "DE-00020",
        "from_node": "DN-00039",
        "to_node": "DN-00040",
        "length_m": 253.2,
        "diameter_m": 0.8,
        "slope": 0.0045,
        "roughness_n": 0.013,
        "capacity_m3s": 0.887,
        "blockage_pct": 0.0,
        "channel_type": "roadside_storm_drain"
      }
    },
    {
      "type": "Feature",
      "geometry": {
        "type": "LineString",
        "coordinates": [
          [
            77.590507,
            12.986971
          ],
          [
            77.591679,
            12.988287
          ]
        ]
      },
      "properties": {
        "id": "DE-00021",
        "from_node": "DN-00041",
        "to_node": "DN-00042",
        "length_m": 193.78,
        "diameter_m": 0.8,
        "slope": 0.001,
        "roughness_n": 0.013,
        "capacity_m3s": 0.418,
        "blockage_pct": 0.0,
        "channel_type": "roadside_storm_drain"
      }
    },
    {
      "type": "Feature",
      "geometry": {
        "type": "LineString",
        "coordinates": [
          [
            77.589581,
            12.98598
          ],
          [
            77.590507,
            12.986971
          ]
        ]
      },
      "properties": {
        "id": "DE-00022",
        "from_node": "DN-00043",
        "to_node": "DN-00044",
        "length_m": 149.11,
        "diameter_m": 0.8,
        "slope": 0.0024,
        "roughness_n": 0.013,
        "capacity_m3s": 0.648,
        "blockage_pct": 0.0,
        "channel_type": "roadside_storm_drain"
      }
    },
    {
      "type": "Feature",
      "geometry": {
        "type": "LineString",
        "coordinates": [
          [
            77.597199,
            12.984327
          ],
          [
            77.59709,
            12.984156
          ]
        ]
      },
      "properties": {
        "id": "DE-00023",
        "from_node": "DN-00045",
        "to_node": "DN-00046",
        "length_m": 22.47,
        "diameter_m": 0.8,
        "slope": 0.001,
        "roughness_n": 0.013,
        "capacity_m3s": 0.418,
        "blockage_pct": 0.0,
        "channel_type": "roadside_storm_drain"
      }
    },
    {
      "type": "Feature",
      "geometry": {
        "type": "LineString",
        "coordinates": [
          [
            77.599925,
            12.991841
          ],
          [
            77.601064,
            12.990321
          ]
        ]
      },
      "properties": {
        "id": "DE-00024",
        "from_node": "DN-00047",
        "to_node": "DN-00048",
        "length_m": 209.69,
        "diameter_m": 0.8,
        "slope": 0.0118,
        "roughness_n": 0.013,
        "capacity_m3s": 1.436,
        "blockage_pct": 0.0,
        "channel_type": "roadside_storm_drain"
      }
    },
    {
      "type": "Feature",
      "geometry": {
        "type": "LineString",
        "coordinates": [
          [
            77.596424,
            13.003269
          ],
          [
            77.599455,
            13.001143
          ]
        ]
      },
      "properties": {
        "id": "DE-00025",
        "from_node": "DN-00049",
        "to_node": "DN-00050",
        "length_m": 418.55,
        "diameter_m": 0.8,
        "slope": 0.0132,
        "roughness_n": 0.013,
        "capacity_m3s": 1.519,
        "blockage_pct": 0.0,
        "channel_type": "roadside_storm_drain"
      }
    },
    {
      "type": "Feature",
      "geometry": {
        "type": "LineString",
        "coordinates": [
          [
            77.596424,
            13.003269
          ],
          [
            77.599455,
            13.001143
          ]
        ]
      },
      "properties": {
        "id": "DE-00026",
        "from_node": "DN-00051",
        "to_node": "DN-00052",
        "length_m": 418.55,
        "diameter_m": 0.8,
        "slope": 0.0132,
        "roughness_n": 0.013,
        "capacity_m3s": 1.519,
        "blockage_pct": 0.0,
        "channel_type": "roadside_storm_drain"
      }
    },
    {
      "type": "Feature",
      "geometry": {
        "type": "LineString",
        "coordinates": [
          [
            77.599841,
            12.999777
          ],
          [
            77.599455,
            13.001143
          ]
        ]
      },
      "properties": {
        "id": "DE-00027",
        "from_node": "DN-00053",
        "to_node": "DN-00054",
        "length_m": 157.58,
        "diameter_m": 0.8,
        "slope": 0.033,
        "roughness_n": 0.013,
        "capacity_m3s": 2.402,
        "blockage_pct": 0.0,
        "channel_type": "roadside_storm_drain"
      }
    },
    {
      "type": "Feature",
      "geometry": {
        "type": "LineString",
        "coordinates": [
          [
            77.578581,
            12.962694
          ],
          [
            77.579281,
            12.960045
          ]
        ]
      },
      "properties": {
        "id": "DE-00028",
        "from_node": "DN-00055",
        "to_node": "DN-00056",
        "length_m": 317.59,
        "diameter_m": 0.8,
        "slope": 0.0035,
        "roughness_n": 0.013,
        "capacity_m3s": 0.782,
        "blockage_pct": 0.0,
        "channel_type": "roadside_storm_drain"
      }
    },
    {
      "type": "Feature",
      "geometry": {
        "type": "LineString",
        "coordinates": [
          [
            77.578581,
            12.962694
          ],
          [
            77.577488,
            12.962922
          ]
        ]
      },
      "properties": {
        "id": "DE-00029",
        "from_node": "DN-00057",
        "to_node": "DN-00058",
        "length_m": 121.12,
        "diameter_m": 0.8,
        "slope": 0.0045,
        "roughness_n": 0.013,
        "capacity_m3s": 0.887,
        "blockage_pct": 0.0,
        "channel_type": "roadside_storm_drain"
      }
    },
    {
      "type": "Feature",
      "geometry": {
        "type": "LineString",
        "coordinates": [
          [
            77.577715,
            12.961642
          ],
          [
            77.580135,
            12.958883
          ]
        ]
      },
      "properties": {
        "id": "DE-00030",
        "from_node": "DN-00059",
        "to_node": "DN-00060",
        "length_m": 410.21,
        "diameter_m": 0.8,
        "slope": 0.0066,
        "roughness_n": 0.013,
        "capacity_m3s": 1.074,
        "blockage_pct": 0.0,
        "channel_type": "roadside_storm_drain"
      }
    },
    {
      "type": "Feature",
      "geometry": {
        "type": "LineString",
        "coordinates": [
          [
            77.584067,
            12.96476
          ],
          [
            77.583987,
            12.963857
          ]
        ]
      },
      "properties": {
        "id": "DE-00031",
        "from_node": "DN-00061",
        "to_node": "DN-00062",
        "length_m": 100.79,
        "diameter_m": 0.8,
        "slope": 0.0364,
        "roughness_n": 0.013,
        "capacity_m3s": 2.523,
        "blockage_pct": 0.0,
        "channel_type": "roadside_storm_drain"
      }
    },
    {
      "type": "Feature",
      "geometry": {
        "type": "LineString",
        "coordinates": [
          [
            77.584228,
            12.965267
          ],
          [
            77.584067,
            12.96476
          ]
        ]
      },
      "properties": {
        "id": "DE-00032",
        "from_node": "DN-00063",
        "to_node": "DN-00064",
        "length_m": 60.07,
        "diameter_m": 0.8,
        "slope": 0.0331,
        "roughness_n": 0.013,
        "capacity_m3s": 2.406,
        "blockage_pct": 0.0,
        "channel_type": "roadside_storm_drain"
      }
    },
    {
      "type": "Feature",
      "geometry": {
        "type": "LineString",
        "coordinates": [
          [
            77.587606,
            12.967823
          ],
          [
            77.587367,
            12.967475
          ]
        ]
      },
      "properties": {
        "id": "DE-00033",
        "from_node": "DN-00065",
        "to_node": "DN-00066",
        "length_m": 52.64,
        "diameter_m": 0.8,
        "slope": 0.0114,
        "roughness_n": 0.013,
        "capacity_m3s": 1.412,
        "blockage_pct": 0.0,
        "channel_type": "roadside_storm_drain"
      }
    },
    {
      "type": "Feature",
      "geometry": {
        "type": "LineString",
        "coordinates": [
          [
            77.583932,
            12.963586
          ],
          [
            77.583184,
            12.960738
          ]
        ]
      },
      "properties": {
        "id": "DE-00034",
        "from_node": "DN-00067",
        "to_node": "DN-00068",
        "length_m": 339.64,
        "diameter_m": 0.8,
        "slope": 0.0142,
        "roughness_n": 0.013,
        "capacity_m3s": 1.576,
        "blockage_pct": 0.0,
        "channel_type": "roadside_storm_drain"
      }
    },
    {
      "type": "Feature",
      "geometry": {
        "type": "LineString",
        "coordinates": [
          [
            77.583184,
            12.960738
          ],
          [
            77.583147,
            12.960672
          ]
        ]
      },
      "properties": {
        "id": "DE-00035",
        "from_node": "DN-00069",
        "to_node": "DN-00070",
        "length_m": 8.36,
        "diameter_m": 0.8,
        "slope": 0.0275,
        "roughness_n": 0.013,
        "capacity_m3s": 2.193,
        "blockage_pct": 0.0,
        "channel_type": "roadside_storm_drain"
      }
    },
    {
      "type": "Feature",
      "geometry": {
        "type": "LineString",
        "coordinates": [
          [
            77.580565,
            12.96251
          ],
          [
            77.580641,
            12.962506
          ]
        ]
      },
      "properties": {
        "id": "DE-00036",
        "from_node": "DN-00071",
        "to_node": "DN-00072",
        "length_m": 8.25,
        "diameter_m": 0.8,
        "slope": 0.0279,
        "roughness_n": 0.013,
        "capacity_m3s": 2.209,
        "blockage_pct": 0.0,
        "channel_type": "roadside_storm_drain"
      }
    },
    {
      "type": "Feature",
      "geometry": {
        "type": "LineString",
        "coordinates": [
          [
            77.580755,
            12.963513
          ],
          [
            77.581873,
            12.963392
          ]
        ]
      },
      "properties": {
        "id": "DE-00037",
        "from_node": "DN-00073",
        "to_node": "DN-00074",
        "length_m": 121.9,
        "diameter_m": 0.8,
        "slope": 0.0077,
        "roughness_n": 0.013,
        "capacity_m3s": 1.16,
        "blockage_pct": 0.0,
        "channel_type": "roadside_storm_drain"
      }
    },
    {
      "type": "Feature",
      "geometry": {
        "type": "LineString",
        "coordinates": [
          [
            77.57884,
            12.963544
          ],
          [
            77.578581,
            12.962694
          ]
        ]
      },
      "properties": {
        "id": "DE-00038",
        "from_node": "DN-00075",
        "to_node": "DN-00076",
        "length_m": 98.59,
        "diameter_m": 0.8,
        "slope": 0.0059,
        "roughness_n": 0.013,
        "capacity_m3s": 1.016,
        "blockage_pct": 0.0,
        "channel_type": "roadside_storm_drain"
      }
    },
    {
      "type": "Feature",
      "geometry": {
        "type": "LineString",
        "coordinates": [
          [
            77.577634,
            12.976965
          ],
          [
            77.577324,
            12.976995
          ]
        ]
      },
      "properties": {
        "id": "DE-00039",
        "from_node": "DN-00077",
        "to_node": "DN-00078",
        "length_m": 33.76,
        "diameter_m": 0.8,
        "slope": 0.0317,
        "roughness_n": 0.013,
        "capacity_m3s": 2.354,
        "blockage_pct": 0.0,
        "channel_type": "roadside_storm_drain"
      }
    },
    {
      "type": "Feature",
      "geometry": {
        "type": "LineString",
        "coordinates": [
          [
            77.579954,
            12.976757
          ],
          [
            77.577634,
            12.976965
          ]
        ]
      },
      "properties": {
        "id": "DE-00040",
        "from_node": "DN-00079",
        "to_node": "DN-00080",
        "length_m": 252.45,
        "diameter_m": 0.8,
        "slope": 0.0197,
        "roughness_n": 0.013,
        "capacity_m3s": 1.856,
        "blockage_pct": 0.0,
        "channel_type": "roadside_storm_drain"
      }
    },
    {
      "type": "Feature",
      "geometry": {
        "type": "LineString",
        "coordinates": [
          [
            77.581348,
            12.978898
          ],
          [
            77.579954,
            12.976757
          ]
        ]
      },
      "properties": {
        "id": "DE-00041",
        "from_node": "DN-00081",
        "to_node": "DN-00082",
        "length_m": 282.99,
        "diameter_m": 0.8,
        "slope": 0.0072,
        "roughness_n": 0.013,
        "capacity_m3s": 1.122,
        "blockage_pct": 0.0,
        "channel_type": "roadside_storm_drain"
      }
    },
    {
      "type": "Feature",
      "geometry": {
        "type": "LineString",
        "coordinates": [
          [
            77.582417,
            12.975137
          ],
          [
            77.579954,
            12.976757
          ]
        ]
      },
      "properties": {
        "id": "DE-00042",
        "from_node": "DN-00083",
        "to_node": "DN-00084",
        "length_m": 322.0,
        "diameter_m": 0.8,
        "slope": 0.0144,
        "roughness_n": 0.013,
        "capacity_m3s": 1.587,
        "blockage_pct": 0.0,
        "channel_type": "roadside_storm_drain"
      }
    },
    {
      "type": "Feature",
      "geometry": {
        "type": "LineString",
        "coordinates": [
          [
            77.583919,
            12.977134
          ],
          [
            77.582417,
            12.975137
          ]
        ]
      },
      "properties": {
        "id": "DE-00043",
        "from_node": "DN-00085",
        "to_node": "DN-00086",
        "length_m": 275.38,
        "diameter_m": 0.8,
        "slope": 0.0129,
        "roughness_n": 0.013,
        "capacity_m3s": 1.502,
        "blockage_pct": 0.0,
        "channel_type": "roadside_storm_drain"
      }
    },
    {
      "type": "Feature",
      "geometry": {
        "type": "LineString",
        "coordinates": [
          [
            77.582506,
            12.97508
          ],
          [
            77.581144,
            12.973187
          ]
        ]
      },
      "properties": {
        "id": "DE-00044",
        "from_node": "DN-00087",
        "to_node": "DN-00088",
        "length_m": 258.31,
        "diameter_m": 0.8,
        "slope": 0.0027,
        "roughness_n": 0.013,
        "capacity_m3s": 0.687,
        "blockage_pct": 0.0,
        "channel_type": "roadside_storm_drain"
      }
    },
    {
      "type": "Feature",
      "geometry": {
        "type": "LineString",
        "coordinates": [
          [
            77.604368,
            12.981867
          ],
          [
            77.603496,
            12.982139
          ]
        ]
      },
      "properties": {
        "id": "DE-00045",
        "from_node": "DN-00089",
        "to_node": "DN-00090",
        "length_m": 99.21,
        "diameter_m": 0.8,
        "slope": 0.0074,
        "roughness_n": 0.013,
        "capacity_m3s": 1.138,
        "blockage_pct": 0.0,
        "channel_type": "roadside_storm_drain"
      }
    },
    {
      "type": "Feature",
      "geometry": {
        "type": "LineString",
        "coordinates": [
          [
            77.603862,
            12.980407
          ],
          [
            77.607095,
            12.979268
          ]
        ]
      },
      "properties": {
        "id": "DE-00046",
        "from_node": "DN-00091",
        "to_node": "DN-00092",
        "length_m": 372.5,
        "diameter_m": 0.8,
        "slope": 0.0088,
        "roughness_n": 0.013,
        "capacity_m3s": 1.24,
        "blockage_pct": 0.0,
        "channel_type": "roadside_storm_drain"
      }
    },
    {
      "type": "Feature",
      "geometry": {
        "type": "LineString",
        "coordinates": [
          [
            77.588417,
            12.967334
          ],
          [
            77.587941,
            12.966845
          ]
        ]
      },
      "properties": {
        "id": "DE-00047",
        "from_node": "DN-00093",
        "to_node": "DN-00094",
        "length_m": 75.0,
        "diameter_m": 0.8,
        "slope": 0.0135,
        "roughness_n": 0.013,
        "capacity_m3s": 1.536,
        "blockage_pct": 0.0,
        "channel_type": "roadside_storm_drain"
      }
    },
    {
      "type": "Feature",
      "geometry": {
        "type": "LineString",
        "coordinates": [
          [
            77.598726,
            12.976297
          ],
          [
            77.594226,
            12.97246
          ]
        ]
      },
      "properties": {
        "id": "DE-00048",
        "from_node": "DN-00095",
        "to_node": "DN-00096",
        "length_m": 650.92,
        "diameter_m": 0.8,
        "slope": 0.0122,
        "roughness_n": 0.013,
        "capacity_m3s": 1.461,
        "blockage_pct": 0.0,
        "channel_type": "roadside_storm_drain"
      }
    },
    {
      "type": "Feature",
      "geometry": {
        "type": "LineString",
        "coordinates": [
          [
            77.601535,
            12.972973
          ],
          [
            77.601325,
            12.973267
          ]
        ]
      },
      "properties": {
        "id": "DE-00049",
        "from_node": "DN-00023",
        "to_node": "DN-00031",
        "length_m": 43.33,
        "diameter_m": 0.8,
        "slope": 0.0053,
        "roughness_n": 0.013,
        "capacity_m3s": 0.963,
        "blockage_pct": 0.0,
        "channel_type": "roadside_storm_drain"
      }
    },
    {
      "type": "Feature",
      "geometry": {
        "type": "LineString",
        "coordinates": [
          [
            77.601487,
            12.974461
          ],
          [
            77.601325,
            12.973267
          ]
        ]
      },
      "properties": {
        "id": "DE-00050",
        "from_node": "DN-00097",
        "to_node": "DN-00031",
        "length_m": 134.04,
        "diameter_m": 0.8,
        "slope": 0.001,
        "roughness_n": 0.013,
        "capacity_m3s": 0.418,
        "blockage_pct": 0.0,
        "channel_type": "roadside_storm_drain"
      }
    },
    {
      "type": "Feature",
      "geometry": {
        "type": "LineString",
        "coordinates": [
          [
            77.607693,
            12.980842
          ],
          [
            77.608046,
            12.98172
          ]
        ]
      },
      "properties": {
        "id": "DE-00051",
        "from_node": "DN-00098",
        "to_node": "DN-00099",
        "length_m": 104.88,
        "diameter_m": 0.8,
        "slope": 0.0228,
        "roughness_n": 0.013,
        "capacity_m3s": 1.997,
        "blockage_pct": 0.0,
        "channel_type": "roadside_storm_drain"
      }
    },
    {
      "type": "Feature",
      "geometry": {
        "type": "LineString",
        "coordinates": [
          [
            77.603396,
            12.982168
          ],
          [
            77.603496,
            12.982139
          ]
        ]
      },
      "properties": {
        "id": "DE-00052",
        "from_node": "DN-00100",
        "to_node": "DN-00090",
        "length_m": 11.31,
        "diameter_m": 0.8,
        "slope": 0.001,
        "roughness_n": 0.013,
        "capacity_m3s": 0.418,
        "blockage_pct": 0.0,
        "channel_type": "roadside_storm_drain"
      }
    },
    {
      "type": "Feature",
      "geometry": {
        "type": "LineString",
        "coordinates": [
          [
            77.603601,
            12.984062
          ],
          [
            77.603217,
            12.984187
          ]
        ]
      },
      "properties": {
        "id": "DE-00053",
        "from_node": "DN-00101",
        "to_node": "DN-00102",
        "length_m": 43.89,
        "diameter_m": 0.8,
        "slope": 0.0134,
        "roughness_n": 0.013,
        "capacity_m3s": 1.531,
        "blockage_pct": 0.0,
        "channel_type": "roadside_storm_drain"
      }
    },
    {
      "type": "Feature",
      "geometry": {
        "type": "LineString",
        "coordinates": [
          [
            77.598432,
            12.992901
          ],
          [
            77.599566,
            12.990519
          ]
        ]
      },
      "properties": {
        "id": "DE-00054",
        "from_node": "DN-00103",
        "to_node": "DN-00104",
        "length_m": 292.02,
        "diameter_m": 0.8,
        "slope": 0.0165,
        "roughness_n": 0.013,
        "capacity_m3s": 1.699,
        "blockage_pct": 0.0,
        "channel_type": "roadside_storm_drain"
      }
    },
    {
      "type": "Feature",
      "geometry": {
        "type": "LineString",
        "coordinates": [
          [
            77.609147,
            12.990034
          ],
          [
            77.613213,
            12.989215
          ]
        ]
      },
      "properties": {
        "id": "DE-00055",
        "from_node": "DN-00105",
        "to_node": "DN-00106",
        "length_m": 449.94,
        "diameter_m": 0.8,
        "slope": 0.004,
        "roughness_n": 0.013,
        "capacity_m3s": 0.836,
        "blockage_pct": 0.0,
        "channel_type": "roadside_storm_drain"
      }
    },
    {
      "type": "Feature",
      "geometry": {
        "type": "LineString",
        "coordinates": [
          [
            77.607128,
            12.990378
          ],
          [
            77.609147,
            12.990034
          ]
        ]
      },
      "properties": {
        "id": "DE-00056",
        "from_node": "DN-00107",
        "to_node": "DN-00108",
        "length_m": 222.33,
        "diameter_m": 0.8,
        "slope": 0.0054,
        "roughness_n": 0.013,
        "capacity_m3s": 0.972,
        "blockage_pct": 0.0,
        "channel_type": "roadside_storm_drain"
      }
    },
    {
      "type": "Feature",
      "geometry": {
        "type": "LineString",
        "coordinates": [
          [
            77.609718,
            12.99268
          ],
          [
            77.609147,
            12.990034
          ]
        ]
      },
      "properties": {
        "id": "DE-00057",
        "from_node": "DN-00109",
        "to_node": "DN-00110",
        "length_m": 300.75,
        "diameter_m": 0.8,
        "slope": 0.0239,
        "roughness_n": 0.013,
        "capacity_m3s": 2.044,
        "blockage_pct": 0.0,
        "channel_type": "roadside_storm_drain"
      }
    },
    {
      "type": "Feature",
      "geometry": {
        "type": "LineString",
        "coordinates": [
          [
            77.607128,
            12.990378
          ],
          [
            77.60704,
            12.988244
          ]
        ]
      },
      "properties": {
        "id": "DE-00058",
        "from_node": "DN-00111",
        "to_node": "DN-00112",
        "length_m": 237.64,
        "diameter_m": 0.8,
        "slope": 0.0202,
        "roughness_n": 0.013,
        "capacity_m3s": 1.879,
        "blockage_pct": 0.0,
        "channel_type": "roadside_storm_drain"
      }
    },
    {
      "type": "Feature",
      "geometry": {
        "type": "LineString",
        "coordinates": [
          [
            77.6053,
            12.990186
          ],
          [
            77.607128,
            12.990378
          ]
        ]
      },
      "properties": {
        "id": "DE-00059",
        "from_node": "DN-00113",
        "to_node": "DN-00114",
        "length_m": 200.93,
        "diameter_m": 0.8,
        "slope": 0.0099,
        "roughness_n": 0.013,
        "capacity_m3s": 1.316,
        "blockage_pct": 0.0,
        "channel_type": "roadside_storm_drain"
      }
    },
    {
      "type": "Feature",
      "geometry": {
        "type": "LineString",
        "coordinates": [
          [
            77.601635,
            12.984668
          ],
          [
            77.601728,
            12.98468
          ]
        ]
      },
      "properties": {
        "id": "DE-00060",
        "from_node": "DN-00115",
        "to_node": "DN-00116",
        "length_m": 10.69,
        "diameter_m": 0.8,
        "slope": 0.0421,
        "roughness_n": 0.013,
        "capacity_m3s": 2.713,
        "blockage_pct": 0.0,
        "channel_type": "roadside_storm_drain"
      }
    },
    {
      "type": "Feature",
      "geometry": {
        "type": "LineString",
        "coordinates": [
          [
            77.605352,
            12.985532
          ],
          [
            77.605641,
            12.98549
          ]
        ]
      },
      "properties": {
        "id": "DE-00061",
        "from_node": "DN-00117",
        "to_node": "DN-00118",
        "length_m": 31.66,
        "diameter_m": 0.8,
        "slope": 0.0092,
        "roughness_n": 0.013,
        "capacity_m3s": 1.268,
        "blockage_pct": 0.0,
        "channel_type": "roadside_storm_drain"
      }
    },
    {
      "type": "Feature",
      "geometry": {
        "type": "LineString",
        "coordinates": [
          [
            77.601893,
            12.986581
          ],
          [
            77.601761,
            12.984754
          ]
        ]
      },
      "properties": {
        "id": "DE-00062",
        "from_node": "DN-00119",
        "to_node": "DN-00120",
        "length_m": 203.82,
        "diameter_m": 0.8,
        "slope": 0.0066,
        "roughness_n": 0.013,
        "capacity_m3s": 1.074,
        "blockage_pct": 0.0,
        "channel_type": "roadside_storm_drain"
      }
    },
    {
      "type": "Feature",
      "geometry": {
        "type": "LineString",
        "coordinates": [
          [
            77.605352,
            12.985532
          ],
          [
            77.605641,
            12.98549
          ]
        ]
      },
      "properties": {
        "id": "DE-00063",
        "from_node": "DN-00121",
        "to_node": "DN-00118",
        "length_m": 31.66,
        "diameter_m": 0.8,
        "slope": 0.0092,
        "roughness_n": 0.013,
        "capacity_m3s": 1.268,
        "blockage_pct": 0.0,
        "channel_type": "roadside_storm_drain"
      }
    },
    {
      "type": "Feature",
      "geometry": {
        "type": "LineString",
        "coordinates": [
          [
            77.592327,
            12.983119
          ],
          [
            77.589581,
            12.98598
          ]
        ]
      },
      "properties": {
        "id": "DE-00064",
        "from_node": "DN-00122",
        "to_node": "DN-00043",
        "length_m": 438.96,
        "diameter_m": 0.8,
        "slope": 0.0015,
        "roughness_n": 0.013,
        "capacity_m3s": 0.512,
        "blockage_pct": 0.0,
        "channel_type": "roadside_storm_drain"
      }
    },
    {
      "type": "Feature",
      "geometry": {
        "type": "LineString",
        "coordinates": [
          [
            77.592341,
            12.983155
          ],
          [
            77.592327,
            12.983119
          ]
        ]
      },
      "properties": {
        "id": "DE-00065",
        "from_node": "DN-00123",
        "to_node": "DN-00124",
        "length_m": 5.0,
        "diameter_m": 0.8,
        "slope": 0.182,
        "roughness_n": 0.013,
        "capacity_m3s": 5.641,
        "blockage_pct": 0.0,
        "channel_type": "roadside_storm_drain"
      }
    },
    {
      "type": "Feature",
      "geometry": {
        "type": "LineString",
        "coordinates": [
          [
            77.595861,
            12.983192
          ],
          [
            77.59709,
            12.984156
          ]
        ]
      },
      "properties": {
        "id": "DE-00066",
        "from_node": "DN-00125",
        "to_node": "DN-00046",
        "length_m": 170.98,
        "diameter_m": 0.8,
        "slope": 0.0199,
        "roughness_n": 0.013,
        "capacity_m3s": 1.865,
        "blockage_pct": 0.0,
        "channel_type": "roadside_storm_drain"
      }
    },
    {
      "type": "Feature",
      "geometry": {
        "type": "LineString",
        "coordinates": [
          [
            77.597138,
            12.964827
          ],
          [
            77.596968,
            12.964833
          ]
        ]
      },
      "properties": {
        "id": "DE-00067",
        "from_node": "DN-00126",
        "to_node": "DN-00127",
        "length_m": 18.43,
        "diameter_m": 0.8,
        "slope": 0.0434,
        "roughness_n": 0.013,
        "capacity_m3s": 2.755,
        "blockage_pct": 0.0,
        "channel_type": "roadside_storm_drain"
      }
    },
    {
      "type": "Feature",
      "geometry": {
        "type": "LineString",
        "coordinates": [
          [
            77.596968,
            12.964833
          ],
          [
            77.596799,
            12.964835
          ]
        ]
      },
      "properties": {
        "id": "DE-00068",
        "from_node": "DN-00128",
        "to_node": "DN-00129",
        "length_m": 18.31,
        "diameter_m": 0.8,
        "slope": 0.001,
        "roughness_n": 0.013,
        "capacity_m3s": 0.418,
        "blockage_pct": 0.0,
        "channel_type": "roadside_storm_drain"
      }
    },
    {
      "type": "Feature",
      "geometry": {
        "type": "LineString",
        "coordinates": [
          [
            77.594739,
            12.989914
          ],
          [
            77.597419,
            12.991411
          ]
        ]
      },
      "properties": {
        "id": "DE-00069",
        "from_node": "DN-00130",
        "to_node": "DN-00039",
        "length_m": 336.79,
        "diameter_m": 0.8,
        "slope": 0.0184,
        "roughness_n": 0.013,
        "capacity_m3s": 1.794,
        "blockage_pct": 0.0,
        "channel_type": "roadside_storm_drain"
      }
    },
    {
      "type": "Feature",
      "geometry": {
        "type": "LineString",
        "coordinates": [
          [
            77.595888,
            12.993368
          ],
          [
            77.59582,
            12.993689
          ]
        ]
      },
      "properties": {
        "id": "DE-00070",
        "from_node": "DN-00131",
        "to_node": "DN-00132",
        "length_m": 36.69,
        "diameter_m": 0.8,
        "slope": 0.003,
        "roughness_n": 0.013,
        "capacity_m3s": 0.724,
        "blockage_pct": 0.0,
        "channel_type": "roadside_storm_drain"
      }
    },
    {
      "type": "Feature",
      "geometry": {
        "type": "LineString",
        "coordinates": [
          [
            77.595704,
            12.993547
          ],
          [
            77.595644,
            12.993596
          ]
        ]
      },
      "properties": {
        "id": "DE-00071",
        "from_node": "DN-00133",
        "to_node": "DN-00134",
        "length_m": 8.48,
        "diameter_m": 0.8,
        "slope": 0.001,
        "roughness_n": 0.013,
        "capacity_m3s": 0.418,
        "blockage_pct": 0.0,
        "channel_type": "roadside_storm_drain"
      }
    },
    {
      "type": "Feature",
      "geometry": {
        "type": "LineString",
        "coordinates": [
          [
            77.59446,
            12.992112
          ],
          [
            77.595605,
            12.993433
          ]
        ]
      },
      "properties": {
        "id": "DE-00072",
        "from_node": "DN-00135",
        "to_node": "DN-00136",
        "length_m": 192.36,
        "diameter_m": 0.8,
        "slope": 0.0114,
        "roughness_n": 0.013,
        "capacity_m3s": 1.412,
        "blockage_pct": 0.0,
        "channel_type": "roadside_storm_drain"
      }
    },
    {
      "type": "Feature",
      "geometry": {
        "type": "LineString",
        "coordinates": [
          [
            77.589005,
            12.993127
          ],
          [
            77.588874,
            12.993127
          ]
        ]
      },
      "properties": {
        "id": "DE-00073",
        "from_node": "DN-00137",
        "to_node": "DN-00138",
        "length_m": 14.19,
        "diameter_m": 0.8,
        "slope": 0.001,
        "roughness_n": 0.013,
        "capacity_m3s": 0.418,
        "blockage_pct": 0.0,
        "channel_type": "roadside_storm_drain"
      }
    },
    {
      "type": "Feature",
      "geometry": {
        "type": "LineString",
        "coordinates": [
          [
            77.598083,
            12.966085
          ],
          [
            77.598404,
            12.966377
          ]
        ]
      },
      "properties": {
        "id": "DE-00074",
        "from_node": "DN-00139",
        "to_node": "DN-00140",
        "length_m": 47.6,
        "diameter_m": 0.8,
        "slope": 0.0023,
        "roughness_n": 0.013,
        "capacity_m3s": 0.634,
        "blockage_pct": 0.0,
        "channel_type": "roadside_storm_drain"
      }
    },
    {
      "type": "Feature",
      "geometry": {
        "type": "LineString",
        "coordinates": [
          [
            77.600322,
            12.992192
          ],
          [
            77.599925,
            12.991841
          ]
        ]
      },
      "properties": {
        "id": "DE-00075",
        "from_node": "DN-00141",
        "to_node": "DN-00142",
        "length_m": 60.09,
        "diameter_m": 0.8,
        "slope": 0.023,
        "roughness_n": 0.013,
        "capacity_m3s": 2.005,
        "blockage_pct": 0.0,
        "channel_type": "roadside_storm_drain"
      }
    },
    {
      "type": "Feature",
      "geometry": {
        "type": "LineString",
        "coordinates": [
          [
            77.604115,
            12.992138
          ],
          [
            77.604141,
            12.992202
          ]
        ]
      },
      "properties": {
        "id": "DE-00076",
        "from_node": "DN-00143",
        "to_node": "DN-00144",
        "length_m": 7.65,
        "diameter_m": 0.8,
        "slope": 0.001,
        "roughness_n": 0.013,
        "capacity_m3s": 0.418,
        "blockage_pct": 0.0,
        "channel_type": "roadside_storm_drain"
      }
    },
    {
      "type": "Feature",
      "geometry": {
        "type": "LineString",
        "coordinates": [
          [
            77.603891,
            12.984125
          ],
          [
            77.603816,
            12.984089
          ]
        ]
      },
      "properties": {
        "id": "DE-00077",
        "from_node": "DN-00145",
        "to_node": "DN-00146",
        "length_m": 9.06,
        "diameter_m": 0.8,
        "slope": 0.001,
        "roughness_n": 0.013,
        "capacity_m3s": 0.418,
        "blockage_pct": 0.0,
        "channel_type": "roadside_storm_drain"
      }
    },
    {
      "type": "Feature",
      "geometry": {
        "type": "LineString",
        "coordinates": [
          [
            77.604883,
            12.98413
          ],
          [
            77.605156,
            12.984082
          ]
        ]
      },
      "properties": {
        "id": "DE-00078",
        "from_node": "DN-00147",
        "to_node": "DN-00148",
        "length_m": 30.06,
        "diameter_m": 0.8,
        "slope": 0.009,
        "roughness_n": 0.013,
        "capacity_m3s": 1.254,
        "blockage_pct": 0.0,
        "channel_type": "roadside_storm_drain"
      }
    },
    {
      "type": "Feature",
      "geometry": {
        "type": "LineString",
        "coordinates": [
          [
            77.604883,
            12.98413
          ],
          [
            77.605156,
            12.984082
          ]
        ]
      },
      "properties": {
        "id": "DE-00079",
        "from_node": "DN-00149",
        "to_node": "DN-00150",
        "length_m": 30.06,
        "diameter_m": 0.8,
        "slope": 0.009,
        "roughness_n": 0.013,
        "capacity_m3s": 1.254,
        "blockage_pct": 0.0,
        "channel_type": "roadside_storm_drain"
      }
    },
    {
      "type": "Feature",
      "geometry": {
        "type": "LineString",
        "coordinates": [
          [
            77.599976,
            13.00468
          ],
          [
            77.603591,
            13.003132
          ]
        ]
      },
      "properties": {
        "id": "DE-00080",
        "from_node": "DN-00151",
        "to_node": "DN-00152",
        "length_m": 430.65,
        "diameter_m": 0.8,
        "slope": 0.0064,
        "roughness_n": 0.013,
        "capacity_m3s": 1.058,
        "blockage_pct": 0.0,
        "channel_type": "roadside_storm_drain"
      }
    },
    {
      "type": "Feature",
      "geometry": {
        "type": "LineString",
        "coordinates": [
          [
            77.593644,
            12.988764
          ],
          [
            77.594739,
            12.989914
          ]
        ]
      },
      "properties": {
        "id": "DE-00081",
        "from_node": "DN-00153",
        "to_node": "DN-00130",
        "length_m": 174.71,
        "diameter_m": 0.8,
        "slope": 0.0505,
        "roughness_n": 0.013,
        "capacity_m3s": 2.972,
        "blockage_pct": 0.0,
        "channel_type": "roadside_storm_drain"
      }
    },
    {
      "type": "Feature",
      "geometry": {
        "type": "LineString",
        "coordinates": [
          [
            77.593644,
            12.988764
          ],
          [
            77.594739,
            12.989914
          ]
        ]
      },
      "properties": {
        "id": "DE-00082",
        "from_node": "DN-00154",
        "to_node": "DN-00155",
        "length_m": 174.71,
        "diameter_m": 0.8,
        "slope": 0.0505,
        "roughness_n": 0.013,
        "capacity_m3s": 2.972,
        "blockage_pct": 0.0,
        "channel_type": "roadside_storm_drain"
      }
    },
    {
      "type": "Feature",
      "geometry": {
        "type": "LineString",
        "coordinates": [
          [
            77.582891,
            12.999364
          ],
          [
            77.582017,
            12.99858
          ]
        ]
      },
      "properties": {
        "id": "DE-00083",
        "from_node": "DN-00156",
        "to_node": "DN-00157",
        "length_m": 128.71,
        "diameter_m": 0.8,
        "slope": 0.0203,
        "roughness_n": 0.013,
        "capacity_m3s": 1.884,
        "blockage_pct": 0.0,
        "channel_type": "roadside_storm_drain"
      }
    },
    {
      "type": "Feature",
      "geometry": {
        "type": "LineString",
        "coordinates": [
          [
            77.583471,
            12.999382
          ],
          [
            77.582891,
            12.999364
          ]
        ]
      },
      "properties": {
        "id": "DE-00084",
        "from_node": "DN-00158",
        "to_node": "DN-00159",
        "length_m": 62.88,
        "diameter_m": 0.8,
        "slope": 0.0151,
        "roughness_n": 0.013,
        "capacity_m3s": 1.625,
        "blockage_pct": 0.0,
        "channel_type": "roadside_storm_drain"
      }
    },
    {
      "type": "Feature",
      "geometry": {
        "type": "LineString",
        "coordinates": [
          [
            77.578617,
            13.006353
          ],
          [
            77.578561,
            13.006178
          ]
        ]
      },
      "properties": {
        "id": "DE-00085",
        "from_node": "DN-00160",
        "to_node": "DN-00161",
        "length_m": 20.53,
        "diameter_m": 0.8,
        "slope": 0.0292,
        "roughness_n": 0.013,
        "capacity_m3s": 2.26,
        "blockage_pct": 0.0,
        "channel_type": "roadside_storm_drain"
      }
    },
    {
      "type": "Feature",
      "geometry": {
        "type": "LineString",
        "coordinates": [
          [
            77.58233,
            13.003552
          ],
          [
            77.578615,
            13.005778
          ]
        ]
      },
      "properties": {
        "id": "DE-00086",
        "from_node": "DN-00162",
        "to_node": "DN-00163",
        "length_m": 472.51,
        "diameter_m": 0.8,
        "slope": 0.0056,
        "roughness_n": 0.013,
        "capacity_m3s": 0.99,
        "blockage_pct": 0.0,
        "channel_type": "roadside_storm_drain"
      }
    },
    {
      "type": "Feature",
      "geometry": {
        "type": "LineString",
        "coordinates": [
          [
            77.58233,
            13.003552
          ],
          [
            77.578615,
            13.005778
          ]
        ]
      },
      "properties": {
        "id": "DE-00087",
        "from_node": "DN-00164",
        "to_node": "DN-00165",
        "length_m": 472.51,
        "diameter_m": 0.8,
        "slope": 0.0056,
        "roughness_n": 0.013,
        "capacity_m3s": 0.99,
        "blockage_pct": 0.0,
        "channel_type": "roadside_storm_drain"
      }
    },
    {
      "type": "Feature",
      "geometry": {
        "type": "LineString",
        "coordinates": [
          [
            77.588734,
            12.986656
          ],
          [
            77.588779,
            12.986778
          ]
        ]
      },
      "properties": {
        "id": "DE-00088",
        "from_node": "DN-00166",
        "to_node": "DN-00167",
        "length_m": 14.42,
        "diameter_m": 0.8,
        "slope": 0.001,
        "roughness_n": 0.013,
        "capacity_m3s": 0.418,
        "blockage_pct": 0.0,
        "channel_type": "roadside_storm_drain"
      }
    },
    {
      "type": "Feature",
      "geometry": {
        "type": "LineString",
        "coordinates": [
          [
            77.598481,
            12.965044
          ],
          [
            77.599291,
            12.965163
          ]
        ]
      },
      "properties": {
        "id": "DE-00089",
        "from_node": "DN-00168",
        "to_node": "DN-00169",
        "length_m": 88.76,
        "diameter_m": 0.8,
        "slope": 0.0126,
        "roughness_n": 0.013,
        "capacity_m3s": 1.484,
        "blockage_pct": 0.0,
        "channel_type": "roadside_storm_drain"
      }
    },
    {
      "type": "Feature",
      "geometry": {
        "type": "LineString",
        "coordinates": [
          [
            77.594004,
            12.971751
          ],
          [
            77.594944,
            12.967325
          ]
        ]
      },
      "properties": {
        "id": "DE-00090",
        "from_node": "DN-00170",
        "to_node": "DN-00171",
        "length_m": 502.64,
        "diameter_m": 0.8,
        "slope": 0.0058,
        "roughness_n": 0.013,
        "capacity_m3s": 1.007,
        "blockage_pct": 0.0,
        "channel_type": "roadside_storm_drain"
      }
    },
    {
      "type": "Feature",
      "geometry": {
        "type": "LineString",
        "coordinates": [
          [
            77.596313,
            12.964999
          ],
          [
            77.595081,
            12.96668
          ]
        ]
      },
      "properties": {
        "id": "DE-00091",
        "from_node": "DN-00172",
        "to_node": "DN-00173",
        "length_m": 237.38,
        "diameter_m": 0.8,
        "slope": 0.0072,
        "roughness_n": 0.013,
        "capacity_m3s": 1.122,
        "blockage_pct": 0.0,
        "channel_type": "roadside_storm_drain"
      }
    },
    {
      "type": "Feature",
      "geometry": {
        "type": "LineString",
        "coordinates": [
          [
            77.596755,
            12.965145
          ],
          [
            77.596313,
            12.964999
          ]
        ]
      },
      "properties": {
        "id": "DE-00092",
        "from_node": "DN-00174",
        "to_node": "DN-00175",
        "length_m": 51.16,
        "diameter_m": 0.8,
        "slope": 0.0211,
        "roughness_n": 0.013,
        "capacity_m3s": 1.921,
        "blockage_pct": 0.0,
        "channel_type": "roadside_storm_drain"
      }
    },
    {
      "type": "Feature",
      "geometry": {
        "type": "LineString",
        "coordinates": [
          [
            77.598083,
            12.966085
          ],
          [
            77.597024,
            12.965314
          ]
        ]
      },
      "properties": {
        "id": "DE-00093",
        "from_node": "DN-00176",
        "to_node": "DN-00177",
        "length_m": 144.62,
        "diameter_m": 0.8,
        "slope": 0.0221,
        "roughness_n": 0.013,
        "capacity_m3s": 1.966,
        "blockage_pct": 0.0,
        "channel_type": "roadside_storm_drain"
      }
    },
    {
      "type": "Feature",
      "geometry": {
        "type": "LineString",
        "coordinates": [
          [
            77.593543,
            12.971801
          ],
          [
            77.594004,
            12.971751
          ]
        ]
      },
      "properties": {
        "id": "DE-00094",
        "from_node": "DN-00178",
        "to_node": "DN-00179",
        "length_m": 54.27,
        "diameter_m": 0.8,
        "slope": 0.0256,
        "roughness_n": 0.013,
        "capacity_m3s": 2.116,
        "blockage_pct": 0.0,
        "channel_type": "roadside_storm_drain"
      }
    },
    {
      "type": "Feature",
      "geometry": {
        "type": "LineString",
        "coordinates": [
          [
            77.588324,
            12.984687
          ],
          [
            77.588219,
            12.984514
          ]
        ]
      },
      "properties": {
        "id": "DE-00095",
        "from_node": "DN-00180",
        "to_node": "DN-00181",
        "length_m": 22.35,
        "diameter_m": 0.8,
        "slope": 0.0179,
        "roughness_n": 0.013,
        "capacity_m3s": 1.769,
        "blockage_pct": 0.0,
        "channel_type": "roadside_storm_drain"
      }
    },
    {
      "type": "Feature",
      "geometry": {
        "type": "LineString",
        "coordinates": [
          [
            77.602186,
            12.989189
          ],
          [
            77.601898,
            12.986639
          ]
        ]
      },
      "properties": {
        "id": "DE-00096",
        "from_node": "DN-00182",
        "to_node": "DN-00119",
        "length_m": 285.41,
        "diameter_m": 0.8,
        "slope": 0.0132,
        "roughness_n": 0.013,
        "capacity_m3s": 1.519,
        "blockage_pct": 0.0,
        "channel_type": "roadside_storm_drain"
      }
    },
    {
      "type": "Feature",
      "geometry": {
        "type": "LineString",
        "coordinates": [
          [
            77.602186,
            12.989189
          ],
          [
            77.603899,
            12.987273
          ]
        ]
      },
      "properties": {
        "id": "DE-00097",
        "from_node": "DN-00183",
        "to_node": "DN-00184",
        "length_m": 282.64,
        "diameter_m": 0.8,
        "slope": 0.0197,
        "roughness_n": 0.013,
        "capacity_m3s": 1.856,
        "blockage_pct": 0.0,
        "channel_type": "roadside_storm_drain"
      }
    },
    {
      "type": "Feature",
      "geometry": {
        "type": "LineString",
        "coordinates": [
          [
            77.601898,
            12.986639
          ],
          [
            77.601893,
            12.986581
          ]
        ]
      },
      "properties": {
        "id": "DE-00098",
        "from_node": "DN-00119",
        "to_node": "DN-00119",
        "length_m": 6.47,
        "diameter_m": 0.8,
        "slope": 0.001,
        "roughness_n": 0.013,
        "capacity_m3s": 0.418,
        "blockage_pct": 0.0,
        "channel_type": "roadside_storm_drain"
      }
    },
    {
      "type": "Feature",
      "geometry": {
        "type": "LineString",
        "coordinates": [
          [
            77.57817,
            12.980549
          ],
          [
            77.578697,
            12.980498
          ]
        ]
      },
      "properties": {
        "id": "DE-00099",
        "from_node": "DN-00185",
        "to_node": "DN-00186",
        "length_m": 57.38,
        "diameter_m": 0.8,
        "slope": 0.0035,
        "roughness_n": 0.013,
        "capacity_m3s": 0.782,
        "blockage_pct": 0.0,
        "channel_type": "roadside_storm_drain"
      }
    },
    {
      "type": "Feature",
      "geometry": {
        "type": "LineString",
        "coordinates": [
          [
            77.581907,
            12.98422
          ],
          [
            77.578453,
            12.983951
          ]
        ]
      },
      "properties": {
        "id": "DE-00100",
        "from_node": "DN-00187",
        "to_node": "DN-00188",
        "length_m": 388.0,
        "diameter_m": 0.8,
        "slope": 0.0109,
        "roughness_n": 0.013,
        "capacity_m3s": 1.381,
        "blockage_pct": 0.0,
        "channel_type": "roadside_storm_drain"
      }
    },
    {
      "type": "Feature",
      "geometry": {
        "type": "LineString",
        "coordinates": [
          [
            77.5824,
            12.984443
          ],
          [
            77.582323,
            12.984277
          ]
        ]
      },
      "properties": {
        "id": "DE-00101",
        "from_node": "DN-00189",
        "to_node": "DN-00190",
        "length_m": 20.36,
        "diameter_m": 0.8,
        "slope": 0.0098,
        "roughness_n": 0.013,
        "capacity_m3s": 1.309,
        "blockage_pct": 0.0,
        "channel_type": "roadside_storm_drain"
      }
    },
    {
      "type": "Feature",
      "geometry": {
        "type": "LineString",
        "coordinates": [
          [
            77.578461,
            12.983873
          ],
          [
            77.577062,
            12.983226
          ]
        ]
      },
      "properties": {
        "id": "DE-00102",
        "from_node": "DN-00191",
        "to_node": "DN-00192",
        "length_m": 171.26,
        "diameter_m": 0.8,
        "slope": 0.0287,
        "roughness_n": 0.013,
        "capacity_m3s": 2.24,
        "blockage_pct": 0.0,
        "channel_type": "roadside_storm_drain"
      }
    },
    {
      "type": "Feature",
      "geometry": {
        "type": "LineString",
        "coordinates": [
          [
            77.581348,
            12.978898
          ],
          [
            77.581424,
            12.978863
          ]
        ]
      },
      "properties": {
        "id": "DE-00103",
        "from_node": "DN-00193",
        "to_node": "DN-00081",
        "length_m": 9.11,
        "diameter_m": 0.8,
        "slope": 0.001,
        "roughness_n": 0.013,
        "capacity_m3s": 0.418,
        "blockage_pct": 0.0,
        "channel_type": "roadside_storm_drain"
      }
    },
    {
      "type": "Feature",
      "geometry": {
        "type": "LineString",
        "coordinates": [
          [
            77.581628,
            12.979719
          ],
          [
            77.576968,
            12.980521
          ]
        ]
      },
      "properties": {
        "id": "DE-00104",
        "from_node": "DN-00194",
        "to_node": "DN-00195",
        "length_m": 520.09,
        "diameter_m": 0.8,
        "slope": 0.0114,
        "roughness_n": 0.013,
        "capacity_m3s": 1.412,
        "blockage_pct": 0.0,
        "channel_type": "roadside_storm_drain"
      }
    },
    {
      "type": "Feature",
      "geometry": {
        "type": "LineString",
        "coordinates": [
          [
            77.578642,
            12.968003
          ],
          [
            77.584228,
            12.965267
          ]
        ]
      },
      "properties": {
        "id": "DE-00105",
        "from_node": "DN-00196",
        "to_node": "DN-00197",
        "length_m": 679.04,
        "diameter_m": 0.8,
        "slope": 0.0032,
        "roughness_n": 0.013,
        "capacity_m3s": 0.748,
        "blockage_pct": 0.0,
        "channel_type": "roadside_storm_drain"
      }
    },
    {
      "type": "Feature",
      "geometry": {
        "type": "LineString",
        "coordinates": [
          [
            77.580695,
            12.971902
          ],
          [
            77.578642,
            12.968003
          ]
        ]
      },
      "properties": {
        "id": "DE-00106",
        "from_node": "DN-00198",
        "to_node": "DN-00199",
        "length_m": 487.88,
        "diameter_m": 0.8,
        "slope": 0.0231,
        "roughness_n": 0.013,
        "capacity_m3s": 2.01,
        "blockage_pct": 0.0,
        "channel_type": "roadside_storm_drain"
      }
    },
    {
      "type": "Feature",
      "geometry": {
        "type": "LineString",
        "coordinates": [
          [
            77.580695,
            12.971902
          ],
          [
            77.587421,
            12.966951
          ]
        ]
      },
      "properties": {
        "id": "DE-00107",
        "from_node": "DN-00200",
        "to_node": "DN-00201",
        "length_m": 935.14,
        "diameter_m": 0.8,
        "slope": 0.0073,
        "roughness_n": 0.013,
        "capacity_m3s": 1.13,
        "blockage_pct": 0.0,
        "channel_type": "roadside_storm_drain"
      }
    },
    {
      "type": "Feature",
      "geometry": {
        "type": "LineString",
        "coordinates": [
          [
            77.580695,
            12.971902
          ],
          [
            77.587421,
            12.966951
          ]
        ]
      },
      "properties": {
        "id": "DE-00108",
        "from_node": "DN-00202",
        "to_node": "DN-00203",
        "length_m": 935.14,
        "diameter_m": 0.8,
        "slope": 0.0073,
        "roughness_n": 0.013,
        "capacity_m3s": 1.13,
        "blockage_pct": 0.0,
        "channel_type": "roadside_storm_drain"
      }
    },
    {
      "type": "Feature",
      "geometry": {
        "type": "LineString",
        "coordinates": [
          [
            77.574867,
            12.968344
          ],
          [
            77.578003,
            12.966735
          ]
        ]
      },
      "properties": {
        "id": "DE-00109",
        "from_node": "DN-00204",
        "to_node": "DN-00205",
        "length_m": 384.13,
        "diameter_m": 0.8,
        "slope": 0.0057,
        "roughness_n": 0.013,
        "capacity_m3s": 0.998,
        "blockage_pct": 0.0,
        "channel_type": "roadside_storm_drain"
      }
    },
    {
      "type": "Feature",
      "geometry": {
        "type": "LineString",
        "coordinates": [
          [
            77.574867,
            12.968344
          ],
          [
            77.578003,
            12.966735
          ]
        ]
      },
      "properties": {
        "id": "DE-00110",
        "from_node": "DN-00206",
        "to_node": "DN-00207",
        "length_m": 384.13,
        "diameter_m": 0.8,
        "slope": 0.0057,
        "roughness_n": 0.013,
        "capacity_m3s": 0.998,
        "blockage_pct": 0.0,
        "channel_type": "roadside_storm_drain"
      }
    },
    {
      "type": "Feature",
      "geometry": {
        "type": "LineString",
        "coordinates": [
          [
            77.585242,
            12.963845
          ],
          [
            77.584734,
            12.963738
          ]
        ]
      },
      "properties": {
        "id": "DE-00111",
        "from_node": "DN-00208",
        "to_node": "DN-00209",
        "length_m": 56.55,
        "diameter_m": 0.8,
        "slope": 0.0124,
        "roughness_n": 0.013,
        "capacity_m3s": 1.473,
        "blockage_pct": 0.0,
        "channel_type": "roadside_storm_drain"
      }
    },
    {
      "type": "Feature",
      "geometry": {
        "type": "LineString",
        "coordinates": [
          [
            77.584734,
            12.963738
          ],
          [
            77.584203,
            12.963643
          ]
        ]
      },
      "properties": {
        "id": "DE-00112",
        "from_node": "DN-00210",
        "to_node": "DN-00211",
        "length_m": 58.5,
        "diameter_m": 0.8,
        "slope": 0.027,
        "roughness_n": 0.013,
        "capacity_m3s": 2.173,
        "blockage_pct": 0.0,
        "channel_type": "roadside_storm_drain"
      }
    },
    {
      "type": "Feature",
      "geometry": {
        "type": "LineString",
        "coordinates": [
          [
            77.583987,
            12.963857
          ],
          [
            77.582395,
            12.963981
          ]
        ]
      },
      "properties": {
        "id": "DE-00113",
        "from_node": "DN-00062",
        "to_node": "DN-00212",
        "length_m": 173.22,
        "diameter_m": 0.8,
        "slope": 0.0092,
        "roughness_n": 0.013,
        "capacity_m3s": 1.268,
        "blockage_pct": 0.0,
        "channel_type": "roadside_storm_drain"
      }
    },
    {
      "type": "Feature",
      "geometry": {
        "type": "LineString",
        "coordinates": [
          [
            77.577535,
            12.964462
          ],
          [
            77.576945,
            12.964317
          ]
        ]
      },
      "properties": {
        "id": "DE-00114",
        "from_node": "DN-00213",
        "to_node": "DN-00214",
        "length_m": 66.88,
        "diameter_m": 0.8,
        "slope": 0.0156,
        "roughness_n": 0.013,
        "capacity_m3s": 1.652,
        "blockage_pct": 0.0,
        "channel_type": "roadside_storm_drain"
      }
    },
    {
      "type": "Feature",
      "geometry": {
        "type": "LineString",
        "coordinates": [
          [
            77.579004,
            12.964302
          ],
          [
            77.577535,
            12.964462
          ]
        ]
      },
      "properties": {
        "id": "DE-00115",
        "from_node": "DN-00215",
        "to_node": "DN-00216",
        "length_m": 160.45,
        "diameter_m": 0.8,
        "slope": 0.007,
        "roughness_n": 0.013,
        "capacity_m3s": 1.106,
        "blockage_pct": 0.0,
        "channel_type": "roadside_storm_drain"
      }
    },
    {
      "type": "Feature",
      "geometry": {
        "type": "LineString",
        "coordinates": [
          [
            77.577071,
            12.979436
          ],
          [
            77.5771,
            12.979165
          ]
        ]
      },
      "properties": {
        "id": "DE-00116",
        "from_node": "DN-00217",
        "to_node": "DN-00218",
        "length_m": 30.3,
        "diameter_m": 0.8,
        "slope": 0.0069,
        "roughness_n": 0.013,
        "capacity_m3s": 1.098,
        "blockage_pct": 0.0,
        "channel_type": "roadside_storm_drain"
      }
    },
    {
      "type": "Feature",
      "geometry": {
        "type": "LineString",
        "coordinates": [
          [
            77.5771,
            12.979165
          ],
          [
            77.575071,
            12.979009
          ]
        ]
      },
      "properties": {
        "id": "DE-00117",
        "from_node": "DN-00219",
        "to_node": "DN-00220",
        "length_m": 221.25,
        "diameter_m": 0.8,
        "slope": 0.001,
        "roughness_n": 0.013,
        "capacity_m3s": 0.418,
        "blockage_pct": 0.0,
        "channel_type": "roadside_storm_drain"
      }
    },
    {
      "type": "Feature",
      "geometry": {
        "type": "LineString",
        "coordinates": [
          [
            77.589912,
            12.962462
          ],
          [
            77.594468,
            12.962157
          ]
        ]
      },
      "properties": {
        "id": "DE-00118",
        "from_node": "DN-00221",
        "to_node": "DN-00010",
        "length_m": 499.31,
        "diameter_m": 0.8,
        "slope": 0.0066,
        "roughness_n": 0.013,
        "capacity_m3s": 1.074,
        "blockage_pct": 0.0,
        "channel_type": "roadside_storm_drain"
      }
    },
    {
      "type": "Feature",
      "geometry": {
        "type": "LineString",
        "coordinates": [
          [
            77.587941,
            12.966845
          ],
          [
            77.586812,
            12.965494
          ]
        ]
      },
      "properties": {
        "id": "DE-00119",
        "from_node": "DN-00222",
        "to_node": "DN-00223",
        "length_m": 193.87,
        "diameter_m": 0.8,
        "slope": 0.0195,
        "roughness_n": 0.013,
        "capacity_m3s": 1.847,
        "blockage_pct": 0.0,
        "channel_type": "roadside_storm_drain"
      }
    },
    {
      "type": "Feature",
      "geometry": {
        "type": "LineString",
        "coordinates": [
          [
            77.586812,
            12.965494
          ],
          [
            77.585242,
            12.963845
          ]
        ]
      },
      "properties": {
        "id": "DE-00120",
        "from_node": "DN-00224",
        "to_node": "DN-00225",
        "length_m": 251.19,
        "diameter_m": 0.8,
        "slope": 0.0267,
        "roughness_n": 0.013,
        "capacity_m3s": 2.161,
        "blockage_pct": 0.0,
        "channel_type": "roadside_storm_drain"
      }
    },
    {
      "type": "Feature",
      "geometry": {
        "type": "LineString",
        "coordinates": [
          [
            77.586957,
            12.965366
          ],
          [
            77.587486,
            12.96492
          ]
        ]
      },
      "properties": {
        "id": "DE-00121",
        "from_node": "DN-00226",
        "to_node": "DN-00227",
        "length_m": 75.8,
        "diameter_m": 0.8,
        "slope": 0.001,
        "roughness_n": 0.013,
        "capacity_m3s": 0.418,
        "blockage_pct": 0.0,
        "channel_type": "roadside_storm_drain"
      }
    },
    {
      "type": "Feature",
      "geometry": {
        "type": "LineString",
        "coordinates": [
          [
            77.581014,
            12.973066
          ],
          [
            77.578247,
            12.974332
          ]
        ]
      },
      "properties": {
        "id": "DE-00122",
        "from_node": "DN-00228",
        "to_node": "DN-00229",
        "length_m": 331.23,
        "diameter_m": 0.8,
        "slope": 0.0176,
        "roughness_n": 0.013,
        "capacity_m3s": 1.754,
        "blockage_pct": 0.0,
        "channel_type": "roadside_storm_drain"
      }
    },
    {
      "type": "Feature",
      "geometry": {
        "type": "LineString",
        "coordinates": [
          [
            77.578247,
            12.974332
          ],
          [
            77.577348,
            12.974704
          ]
        ]
      },
      "properties": {
        "id": "DE-00123",
        "from_node": "DN-00230",
        "to_node": "DN-00231",
        "length_m": 105.83,
        "diameter_m": 0.8,
        "slope": 0.0279,
        "roughness_n": 0.013,
        "capacity_m3s": 2.209,
        "blockage_pct": 0.0,
        "channel_type": "roadside_storm_drain"
      }
    },
    {
      "type": "Feature",
      "geometry": {
        "type": "LineString",
        "coordinates": [
          [
            77.577348,
            12.974704
          ],
          [
            77.576083,
            12.975168
          ]
        ]
      },
      "properties": {
        "id": "DE-00124",
        "from_node": "DN-00232",
        "to_node": "DN-00233",
        "length_m": 147.84,
        "diameter_m": 0.8,
        "slope": 0.0086,
        "roughness_n": 0.013,
        "capacity_m3s": 1.226,
        "blockage_pct": 0.0,
        "channel_type": "roadside_storm_drain"
      }
    },
    {
      "type": "Feature",
      "geometry": {
        "type": "LineString",
        "coordinates": [
          [
            77.588607,
            12.990466
          ],
          [
            77.592823,
            12.989658
          ]
        ]
      },
      "properties": {
        "id": "DE-00125",
        "from_node": "DN-00234",
        "to_node": "DN-00235",
        "length_m": 487.5,
        "diameter_m": 0.8,
        "slope": 0.0155,
        "roughness_n": 0.013,
        "capacity_m3s": 1.646,
        "blockage_pct": 0.0,
        "channel_type": "roadside_storm_drain"
      }
    },
    {
      "type": "Feature",
      "geometry": {
        "type": "LineString",
        "coordinates": [
          [
            77.588607,
            12.990466
          ],
          [
            77.588604,
            12.990511
          ]
        ]
      },
      "properties": {
        "id": "DE-00126",
        "from_node": "DN-00236",
        "to_node": "DN-00237",
        "length_m": 5.01,
        "diameter_m": 0.8,
        "slope": 0.001,
        "roughness_n": 0.013,
        "capacity_m3s": 0.418,
        "blockage_pct": 0.0,
        "channel_type": "roadside_storm_drain"
      }
    },
    {
      "type": "Feature",
      "geometry": {
        "type": "LineString",
        "coordinates": [
          [
            77.592823,
            12.989658
          ],
          [
            77.593704,
            12.991062
          ]
        ]
      },
      "properties": {
        "id": "DE-00127",
        "from_node": "DN-00238",
        "to_node": "DN-00239",
        "length_m": 183.72,
        "diameter_m": 0.8,
        "slope": 0.034,
        "roughness_n": 0.013,
        "capacity_m3s": 2.438,
        "blockage_pct": 0.0,
        "channel_type": "roadside_storm_drain"
      }
    },
    {
      "type": "Feature",
      "geometry": {
        "type": "LineString",
        "coordinates": [
          [
            77.577241,
            12.988217
          ],
          [
            77.577074,
            12.98831
          ]
        ]
      },
      "properties": {
        "id": "DE-00128",
        "from_node": "DN-00240",
        "to_node": "DN-00241",
        "length_m": 24.9,
        "diameter_m": 0.8,
        "slope": 0.0357,
        "roughness_n": 0.013,
        "capacity_m3s": 2.499,
        "blockage_pct": 0.0,
        "channel_type": "roadside_storm_drain"
      }
    },
    {
      "type": "Feature",
      "geometry": {
        "type": "LineString",
        "coordinates": [
          [
            77.578459,
            12.987327
          ],
          [
            77.577885,
            12.987754
          ]
        ]
      },
      "properties": {
        "id": "DE-00129",
        "from_node": "DN-00242",
        "to_node": "DN-00243",
        "length_m": 78.38,
        "diameter_m": 0.8,
        "slope": 0.0249,
        "roughness_n": 0.013,
        "capacity_m3s": 2.087,
        "blockage_pct": 0.0,
        "channel_type": "roadside_storm_drain"
      }
    },
    {
      "type": "Feature",
      "geometry": {
        "type": "LineString",
        "coordinates": [
          [
            77.59923,
            12.976572
          ],
          [
            77.59425,
            12.972356
          ]
        ]
      },
      "properties": {
        "id": "DE-00130",
        "from_node": "DN-00244",
        "to_node": "DN-00245",
        "length_m": 718.23,
        "diameter_m": 0.8,
        "slope": 0.0112,
        "roughness_n": 0.013,
        "capacity_m3s": 1.399,
        "blockage_pct": 0.0,
        "channel_type": "roadside_storm_drain"
      }
    },
    {
      "type": "Feature",
      "geometry": {
        "type": "LineString",
        "coordinates": [
          [
            77.594132,
            12.972211
          ],
          [
            77.59425,
            12.972356
          ]
        ]
      },
      "properties": {
        "id": "DE-00131",
        "from_node": "DN-00246",
        "to_node": "DN-00247",
        "length_m": 20.58,
        "diameter_m": 0.8,
        "slope": 0.0019,
        "roughness_n": 0.013,
        "capacity_m3s": 0.576,
        "blockage_pct": 0.0,
        "channel_type": "roadside_storm_drain"
      }
    },
    {
      "type": "Feature",
      "geometry": {
        "type": "LineString",
        "coordinates": [
          [
            77.603899,
            12.987273
          ],
          [
            77.605355,
            12.985675
          ]
        ]
      },
      "properties": {
        "id": "DE-00132",
        "from_node": "DN-00184",
        "to_node": "DN-00248",
        "length_m": 237.73,
        "diameter_m": 0.8,
        "slope": 0.0082,
        "roughness_n": 0.013,
        "capacity_m3s": 1.197,
        "blockage_pct": 0.0,
        "channel_type": "roadside_storm_drain"
      }
    },
    {
      "type": "Feature",
      "geometry": {
        "type": "LineString",
        "coordinates": [
          [
            77.603806,
            12.990053
          ],
          [
            77.603899,
            12.987273
          ]
        ]
      },
      "properties": {
        "id": "DE-00133",
        "from_node": "DN-00249",
        "to_node": "DN-00184",
        "length_m": 310.19,
        "diameter_m": 0.8,
        "slope": 0.0166,
        "roughness_n": 0.013,
        "capacity_m3s": 1.704,
        "blockage_pct": 0.0,
        "channel_type": "roadside_storm_drain"
      }
    },
    {
      "type": "Feature",
      "geometry": {
        "type": "LineString",
        "coordinates": [
          [
            77.603806,
            12.990053
          ],
          [
            77.6053,
            12.990186
          ]
        ]
      },
      "properties": {
        "id": "DE-00134",
        "from_node": "DN-00250",
        "to_node": "DN-00113",
        "length_m": 162.81,
        "diameter_m": 0.8,
        "slope": 0.01,
        "roughness_n": 0.013,
        "capacity_m3s": 1.322,
        "blockage_pct": 0.0,
        "channel_type": "roadside_storm_drain"
      }
    },
    {
      "type": "Feature",
      "geometry": {
        "type": "LineString",
        "coordinates": [
          [
            77.604161,
            12.992111
          ],
          [
            77.603806,
            12.990053
          ]
        ]
      },
      "properties": {
        "id": "DE-00135",
        "from_node": "DN-00143",
        "to_node": "DN-00251",
        "length_m": 235.84,
        "diameter_m": 0.8,
        "slope": 0.029,
        "roughness_n": 0.013,
        "capacity_m3s": 2.252,
        "blockage_pct": 0.0,
        "channel_type": "roadside_storm_drain"
      }
    },
    {
      "type": "Feature",
      "geometry": {
        "type": "LineString",
        "coordinates": [
          [
            77.607148,
            12.991665
          ],
          [
            77.605216,
            12.990653
          ]
        ]
      },
      "properties": {
        "id": "DE-00136",
        "from_node": "DN-00252",
        "to_node": "DN-00253",
        "length_m": 265.47,
        "diameter_m": 0.8,
        "slope": 0.001,
        "roughness_n": 0.013,
        "capacity_m3s": 0.418,
        "blockage_pct": 0.0,
        "channel_type": "roadside_storm_drain"
      }
    },
    {
      "type": "Feature",
      "geometry": {
        "type": "LineString",
        "coordinates": [
          [
            77.605216,
            12.990653
          ],
          [
            77.6053,
            12.990186
          ]
        ]
      },
      "properties": {
        "id": "DE-00137",
        "from_node": "DN-00254",
        "to_node": "DN-00255",
        "length_m": 52.72,
        "diameter_m": 0.8,
        "slope": 0.0277,
        "roughness_n": 0.013,
        "capacity_m3s": 2.201,
        "blockage_pct": 0.0,
        "channel_type": "roadside_storm_drain"
      }
    },
    {
      "type": "Feature",
      "geometry": {
        "type": "LineString",
        "coordinates": [
          [
            77.609147,
            12.990034
          ],
          [
            77.606874,
            12.985375
          ]
        ]
      },
      "properties": {
        "id": "DE-00138",
        "from_node": "DN-00256",
        "to_node": "DN-00257",
        "length_m": 622.31,
        "diameter_m": 0.8,
        "slope": 0.0068,
        "roughness_n": 0.013,
        "capacity_m3s": 1.09,
        "blockage_pct": 0.0,
        "channel_type": "roadside_storm_drain"
      }
    },
    {
      "type": "Feature",
      "geometry": {
        "type": "LineString",
        "coordinates": [
          [
            77.605692,
            12.985631
          ],
          [
            77.606874,
            12.985375
          ]
        ]
      },
      "properties": {
        "id": "DE-00139",
        "from_node": "DN-00258",
        "to_node": "DN-00259",
        "length_m": 131.24,
        "diameter_m": 0.8,
        "slope": 0.0107,
        "roughness_n": 0.013,
        "capacity_m3s": 1.368,
        "blockage_pct": 0.0,
        "channel_type": "roadside_storm_drain"
      }
    },
    {
      "type": "Feature",
      "geometry": {
        "type": "LineString",
        "coordinates": [
          [
            77.596728,
            12.964675
          ],
          [
            77.594859,
            12.962488
          ]
        ]
      },
      "properties": {
        "id": "DE-00140",
        "from_node": "DN-00260",
        "to_node": "DN-00261",
        "length_m": 323.34,
        "diameter_m": 0.8,
        "slope": 0.0239,
        "roughness_n": 0.013,
        "capacity_m3s": 2.044,
        "blockage_pct": 0.0,
        "channel_type": "roadside_storm_drain"
      }
    },
    {
      "type": "Feature",
      "geometry": {
        "type": "LineString",
        "coordinates": [
          [
            77.596799,
            12.964835
          ],
          [
            77.596728,
            12.964675
          ]
        ]
      },
      "properties": {
        "id": "DE-00141",
        "from_node": "DN-00262",
        "to_node": "DN-00263",
        "length_m": 19.38,
        "diameter_m": 0.8,
        "slope": 0.0557,
        "roughness_n": 0.013,
        "capacity_m3s": 3.121,
        "blockage_pct": 0.0,
        "channel_type": "roadside_storm_drain"
      }
    },
    {
      "type": "Feature",
      "geometry": {
        "type": "LineString",
        "coordinates": [
          [
            77.592057,
            12.962489
          ],
          [
            77.59218,
            12.962471
          ]
        ]
      },
      "properties": {
        "id": "DE-00142",
        "from_node": "DN-00264",
        "to_node": "DN-00265",
        "length_m": 13.48,
        "diameter_m": 0.8,
        "slope": 0.0059,
        "roughness_n": 0.013,
        "capacity_m3s": 1.016,
        "blockage_pct": 0.0,
        "channel_type": "roadside_storm_drain"
      }
    },
    {
      "type": "Feature",
      "geometry": {
        "type": "LineString",
        "coordinates": [
          [
            77.597024,
            12.965314
          ],
          [
            77.596849,
            12.964954
          ]
        ]
      },
      "properties": {
        "id": "DE-00143",
        "from_node": "DN-00177",
        "to_node": "DN-00266",
        "length_m": 44.3,
        "diameter_m": 0.8,
        "slope": 0.0305,
        "roughness_n": 0.013,
        "capacity_m3s": 2.309,
        "blockage_pct": 0.0,
        "channel_type": "roadside_storm_drain"
      }
    },
    {
      "type": "Feature",
      "geometry": {
        "type": "LineString",
        "coordinates": [
          [
            77.600121,
            12.999228
          ],
          [
            77.606288,
            12.99568
          ]
        ]
      },
      "properties": {
        "id": "DE-00144",
        "from_node": "DN-00267",
        "to_node": "DN-00268",
        "length_m": 794.76,
        "diameter_m": 0.8,
        "slope": 0.007,
        "roughness_n": 0.013,
        "capacity_m3s": 1.106,
        "blockage_pct": 0.0,
        "channel_type": "roadside_storm_drain"
      }
    },
    {
      "type": "Feature",
      "geometry": {
        "type": "LineString",
        "coordinates": [
          [
            77.600121,
            12.999228
          ],
          [
            77.606288,
            12.99568
          ]
        ]
      },
      "properties": {
        "id": "DE-00145",
        "from_node": "DN-00269",
        "to_node": "DN-00270",
        "length_m": 794.76,
        "diameter_m": 0.8,
        "slope": 0.007,
        "roughness_n": 0.013,
        "capacity_m3s": 1.106,
        "blockage_pct": 0.0,
        "channel_type": "roadside_storm_drain"
      }
    },
    {
      "type": "Feature",
      "geometry": {
        "type": "LineString",
        "coordinates": [
          [
            77.60065,
            12.998109
          ],
          [
            77.600121,
            12.999228
          ]
        ]
      },
      "properties": {
        "id": "DE-00146",
        "from_node": "DN-00271",
        "to_node": "DN-00267",
        "length_m": 137.03,
        "diameter_m": 0.8,
        "slope": 0.0293,
        "roughness_n": 0.013,
        "capacity_m3s": 2.263,
        "blockage_pct": 0.0,
        "channel_type": "roadside_storm_drain"
      }
    },
    {
      "type": "Feature",
      "geometry": {
        "type": "LineString",
        "coordinates": [
          [
            77.590656,
            13.010025
          ],
          [
            77.59059,
            13.009988
          ]
        ]
      },
      "properties": {
        "id": "DE-00147",
        "from_node": "DN-00272",
        "to_node": "DN-00273",
        "length_m": 8.25,
        "diameter_m": 0.8,
        "slope": 0.001,
        "roughness_n": 0.013,
        "capacity_m3s": 0.418,
        "blockage_pct": 0.0,
        "channel_type": "roadside_storm_drain"
      }
    },
    {
      "type": "Feature",
      "geometry": {
        "type": "LineString",
        "coordinates": [
          [
            77.590656,
            13.010025
          ],
          [
            77.593403,
            13.011888
          ]
        ]
      },
      "properties": {
        "id": "DE-00148",
        "from_node": "DN-00274",
        "to_node": "DN-00275",
        "length_m": 362.62,
        "diameter_m": 0.8,
        "slope": 0.0117,
        "roughness_n": 0.013,
        "capacity_m3s": 1.43,
        "blockage_pct": 0.0,
        "channel_type": "roadside_storm_drain"
      }
    },
    {
      "type": "Feature",
      "geometry": {
        "type": "LineString",
        "coordinates": [
          [
            77.591419,
            12.995231
          ],
          [
            77.594807,
            12.994068
          ]
        ]
      },
      "properties": {
        "id": "DE-00149",
        "from_node": "DN-00276",
        "to_node": "DN-00277",
        "length_m": 395.78,
        "diameter_m": 0.8,
        "slope": 0.0101,
        "roughness_n": 0.013,
        "capacity_m3s": 1.329,
        "blockage_pct": 0.0,
        "channel_type": "roadside_storm_drain"
      }
    },
    {
      "type": "Feature",
      "geometry": {
        "type": "LineString",
        "coordinates": [
          [
            77.591419,
            12.995231
          ],
          [
            77.594807,
            12.994068
          ]
        ]
      },
      "properties": {
        "id": "DE-00150",
        "from_node": "DN-00278",
        "to_node": "DN-00279",
        "length_m": 395.78,
        "diameter_m": 0.8,
        "slope": 0.0101,
        "roughness_n": 0.013,
        "capacity_m3s": 1.329,
        "blockage_pct": 0.0,
        "channel_type": "roadside_storm_drain"
      }
    },
    {
      "type": "Feature",
      "geometry": {
        "type": "LineString",
        "coordinates": [
          [
            77.592327,
            12.983119
          ],
          [
            77.592292,
            12.982937
          ]
        ]
      },
      "properties": {
        "id": "DE-00151",
        "from_node": "DN-00280",
        "to_node": "DN-00281",
        "length_m": 20.77,
        "diameter_m": 0.8,
        "slope": 0.0265,
        "roughness_n": 0.013,
        "capacity_m3s": 2.153,
        "blockage_pct": 0.0,
        "channel_type": "roadside_storm_drain"
      }
    },
    {
      "type": "Feature",
      "geometry": {
        "type": "LineString",
        "coordinates": [
          [
            77.577714,
            12.96146
          ],
          [
            77.575865,
            12.962281
          ]
        ]
      },
      "properties": {
        "id": "DE-00152",
        "from_node": "DN-00282",
        "to_node": "DN-00283",
        "length_m": 220.29,
        "diameter_m": 0.8,
        "slope": 0.0021,
        "roughness_n": 0.013,
        "capacity_m3s": 0.606,
        "blockage_pct": 0.0,
        "channel_type": "roadside_storm_drain"
      }
    },
    {
      "type": "Feature",
      "geometry": {
        "type": "LineString",
        "coordinates": [
          [
            77.577649,
            12.958854
          ],
          [
            77.577714,
            12.96146
          ]
        ]
      },
      "properties": {
        "id": "DE-00153",
        "from_node": "DN-00284",
        "to_node": "DN-00285",
        "length_m": 289.92,
        "diameter_m": 0.8,
        "slope": 0.0054,
        "roughness_n": 0.013,
        "capacity_m3s": 0.972,
        "blockage_pct": 0.0,
        "channel_type": "roadside_storm_drain"
      }
    },
    {
      "type": "Feature",
      "geometry": {
        "type": "LineString",
        "coordinates": [
          [
            77.601946,
            12.995427
          ],
          [
            77.596958,
            12.99468
          ]
        ]
      },
      "properties": {
        "id": "DE-00154",
        "from_node": "DN-00286",
        "to_node": "DN-00287",
        "length_m": 560.31,
        "diameter_m": 0.8,
        "slope": 0.014,
        "roughness_n": 0.013,
        "capacity_m3s": 1.565,
        "blockage_pct": 0.0,
        "channel_type": "roadside_storm_drain"
      }
    },
    {
      "type": "Feature",
      "geometry": {
        "type": "LineString",
        "coordinates": [
          [
            77.587424,
            12.966913
          ],
          [
            77.586782,
            12.965977
          ]
        ]
      },
      "properties": {
        "id": "DE-00155",
        "from_node": "DN-00288",
        "to_node": "DN-00289",
        "length_m": 126.68,
        "diameter_m": 0.8,
        "slope": 0.0186,
        "roughness_n": 0.013,
        "capacity_m3s": 1.803,
        "blockage_pct": 0.0,
        "channel_type": "roadside_storm_drain"
      }
    },
    {
      "type": "Feature",
      "geometry": {
        "type": "LineString",
        "coordinates": [
          [
            77.593986,
            13.007722
          ],
          [
            77.595498,
            13.011758
          ]
        ]
      },
      "properties": {
        "id": "DE-00156",
        "from_node": "DN-00290",
        "to_node": "DN-00291",
        "length_m": 477.9,
        "diameter_m": 0.8,
        "slope": 0.011,
        "roughness_n": 0.013,
        "capacity_m3s": 1.387,
        "blockage_pct": 0.0,
        "channel_type": "roadside_storm_drain"
      }
    },
    {
      "type": "Feature",
      "geometry": {
        "type": "LineString",
        "coordinates": [
          [
            77.593986,
            13.007722
          ],
          [
            77.595498,
            13.011758
          ]
        ]
      },
      "properties": {
        "id": "DE-00157",
        "from_node": "DN-00292",
        "to_node": "DN-00293",
        "length_m": 477.9,
        "diameter_m": 0.8,
        "slope": 0.011,
        "roughness_n": 0.013,
        "capacity_m3s": 1.387,
        "blockage_pct": 0.0,
        "channel_type": "roadside_storm_drain"
      }
    },
    {
      "type": "Feature",
      "geometry": {
        "type": "LineString",
        "coordinates": [
          [
            77.593986,
            13.007722
          ],
          [
            77.599976,
            13.00468
          ]
        ]
      },
      "properties": {
        "id": "DE-00158",
        "from_node": "DN-00294",
        "to_node": "DN-00295",
        "length_m": 733.32,
        "diameter_m": 0.8,
        "slope": 0.0153,
        "roughness_n": 0.013,
        "capacity_m3s": 1.636,
        "blockage_pct": 0.0,
        "channel_type": "roadside_storm_drain"
      }
    },
    {
      "type": "Feature",
      "geometry": {
        "type": "LineString",
        "coordinates": [
          [
            77.593114,
            13.006067
          ],
          [
            77.593205,
            13.006235
          ]
        ]
      },
      "properties": {
        "id": "DE-00159",
        "from_node": "DN-00296",
        "to_node": "DN-00297",
        "length_m": 21.12,
        "diameter_m": 0.8,
        "slope": 0.0118,
        "roughness_n": 0.013,
        "capacity_m3s": 1.436,
        "blockage_pct": 0.0,
        "channel_type": "roadside_storm_drain"
      }
    },
    {
      "type": "Feature",
      "geometry": {
        "type": "LineString",
        "coordinates": [
          [
            77.588332,
            12.984594
          ],
          [
            77.588363,
            12.984486
          ]
        ]
      },
      "properties": {
        "id": "DE-00160",
        "from_node": "DN-00298",
        "to_node": "DN-00299",
        "length_m": 12.47,
        "diameter_m": 0.8,
        "slope": 0.0048,
        "roughness_n": 0.013,
        "capacity_m3s": 0.916,
        "blockage_pct": 0.0,
        "channel_type": "roadside_storm_drain"
      }
    },
    {
      "type": "Feature",
      "geometry": {
        "type": "LineString",
        "coordinates": [
          [
            77.588363,
            12.984486
          ],
          [
            77.588623,
            12.982735
          ]
        ]
      },
      "properties": {
        "id": "DE-00161",
        "from_node": "DN-00300",
        "to_node": "DN-00301",
        "length_m": 198.39,
        "diameter_m": 0.8,
        "slope": 0.0294,
        "roughness_n": 0.013,
        "capacity_m3s": 2.267,
        "blockage_pct": 0.0,
        "channel_type": "roadside_storm_drain"
      }
    },
    {
      "type": "Feature",
      "geometry": {
        "type": "LineString",
        "coordinates": [
          [
            77.588623,
            12.982735
          ],
          [
            77.588551,
            12.981767
          ]
        ]
      },
      "properties": {
        "id": "DE-00162",
        "from_node": "DN-00301",
        "to_node": "DN-00302",
        "length_m": 107.96,
        "diameter_m": 0.8,
        "slope": 0.0258,
        "roughness_n": 0.013,
        "capacity_m3s": 2.124,
        "blockage_pct": 0.0,
        "channel_type": "roadside_storm_drain"
      }
    },
    {
      "type": "Feature",
      "geometry": {
        "type": "LineString",
        "coordinates": [
          [
            77.588002,
            12.981217
          ],
          [
            77.588508,
            12.981012
          ]
        ]
      },
      "properties": {
        "id": "DE-00163",
        "from_node": "DN-00303",
        "to_node": "DN-00304",
        "length_m": 59.53,
        "diameter_m": 0.8,
        "slope": 0.0354,
        "roughness_n": 0.013,
        "capacity_m3s": 2.488,
        "blockage_pct": 0.0,
        "channel_type": "roadside_storm_drain"
      }
    },
    {
      "type": "Feature",
      "geometry": {
        "type": "LineString",
        "coordinates": [
          [
            77.588508,
            12.981012
          ],
          [
            77.588707,
            12.980976
          ]
        ]
      },
      "properties": {
        "id": "DE-00164",
        "from_node": "DN-00305",
        "to_node": "DN-00306",
        "length_m": 21.93,
        "diameter_m": 0.8,
        "slope": 0.015,
        "roughness_n": 0.013,
        "capacity_m3s": 1.62,
        "blockage_pct": 0.0,
        "channel_type": "roadside_storm_drain"
      }
    },
    {
      "type": "Feature",
      "geometry": {
        "type": "LineString",
        "coordinates": [
          [
            77.588002,
            12.981217
          ],
          [
            77.588462,
            12.981429
          ]
        ]
      },
      "properties": {
        "id": "DE-00165",
        "from_node": "DN-00307",
        "to_node": "DN-00308",
        "length_m": 58.17,
        "diameter_m": 0.8,
        "slope": 0.011,
        "roughness_n": 0.013,
        "capacity_m3s": 1.387,
        "blockage_pct": 0.0,
        "channel_type": "roadside_storm_drain"
      }
    },
    {
      "type": "Feature",
      "geometry": {
        "type": "LineString",
        "coordinates": [
          [
            77.581144,
            12.973187
          ],
          [
            77.581014,
            12.973066
          ]
        ]
      },
      "properties": {
        "id": "DE-00166",
        "from_node": "DN-00088",
        "to_node": "DN-00228",
        "length_m": 19.48,
        "diameter_m": 0.8,
        "slope": 0.0154,
        "roughness_n": 0.013,
        "capacity_m3s": 1.641,
        "blockage_pct": 0.0,
        "channel_type": "roadside_storm_drain"
      }
    },
    {
      "type": "Feature",
      "geometry": {
        "type": "LineString",
        "coordinates": [
          [
            77.593704,
            12.991062
          ],
          [
            77.59446,
            12.992112
          ]
        ]
      },
      "properties": {
        "id": "DE-00167",
        "from_node": "DN-00239",
        "to_node": "DN-00135",
        "length_m": 142.68,
        "diameter_m": 0.8,
        "slope": 0.0476,
        "roughness_n": 0.013,
        "capacity_m3s": 2.885,
        "blockage_pct": 0.0,
        "channel_type": "roadside_storm_drain"
      }
    },
    {
      "type": "Feature",
      "geometry": {
        "type": "LineString",
        "coordinates": [
          [
            77.595704,
            12.993547
          ],
          [
            77.595605,
            12.993433
          ]
        ]
      },
      "properties": {
        "id": "DE-00168",
        "from_node": "DN-00133",
        "to_node": "DN-00136",
        "length_m": 16.61,
        "diameter_m": 0.8,
        "slope": 0.0506,
        "roughness_n": 0.013,
        "capacity_m3s": 2.975,
        "blockage_pct": 0.0,
        "channel_type": "roadside_storm_drain"
      }
    },
    {
      "type": "Feature",
      "geometry": {
        "type": "LineString",
        "coordinates": [
          [
            77.592651,
            12.967723
          ],
          [
            77.59218,
            12.962471
          ]
        ]
      },
      "properties": {
        "id": "DE-00169",
        "from_node": "DN-00309",
        "to_node": "DN-00265",
        "length_m": 586.6,
        "diameter_m": 0.8,
        "slope": 0.0094,
        "roughness_n": 0.013,
        "capacity_m3s": 1.282,
        "blockage_pct": 0.0,
        "channel_type": "roadside_storm_drain"
      }
    },
    {
      "type": "Feature",
      "geometry": {
        "type": "LineString",
        "coordinates": [
          [
            77.589523,
            12.963016
          ],
          [
            77.589453,
            12.962198
          ]
        ]
      },
      "properties": {
        "id": "DE-00170",
        "from_node": "DN-00310",
        "to_node": "DN-00311",
        "length_m": 95.58,
        "diameter_m": 0.8,
        "slope": 0.0264,
        "roughness_n": 0.013,
        "capacity_m3s": 2.149,
        "blockage_pct": 0.0,
        "channel_type": "roadside_storm_drain"
      }
    },
    {
      "type": "Feature",
      "geometry": {
        "type": "LineString",
        "coordinates": [
          [
            77.589453,
            12.962198
          ],
          [
            77.588314,
            12.961045
          ]
        ]
      },
      "properties": {
        "id": "DE-00171",
        "from_node": "DN-00312",
        "to_node": "DN-00313",
        "length_m": 178.01,
        "diameter_m": 0.8,
        "slope": 0.0098,
        "roughness_n": 0.013,
        "capacity_m3s": 1.309,
        "blockage_pct": 0.0,
        "channel_type": "roadside_storm_drain"
      }
    },
    {
      "type": "Feature",
      "geometry": {
        "type": "LineString",
        "coordinates": [
          [
            77.579342,
            12.995638
          ],
          [
            77.577113,
            12.993674
          ]
        ]
      },
      "properties": {
        "id": "DE-00172",
        "from_node": "DN-00314",
        "to_node": "DN-00315",
        "length_m": 325.9,
        "diameter_m": 0.8,
        "slope": 0.0075,
        "roughness_n": 0.013,
        "capacity_m3s": 1.145,
        "blockage_pct": 0.0,
        "channel_type": "roadside_storm_drain"
      }
    },
    {
      "type": "Feature",
      "geometry": {
        "type": "LineString",
        "coordinates": [
          [
            77.576183,
            12.99544
          ],
          [
            77.577113,
            12.993674
          ]
        ]
      },
      "properties": {
        "id": "DE-00173",
        "from_node": "DN-00316",
        "to_node": "DN-00317",
        "length_m": 220.81,
        "diameter_m": 0.8,
        "slope": 0.002,
        "roughness_n": 0.013,
        "capacity_m3s": 0.591,
        "blockage_pct": 0.0,
        "channel_type": "roadside_storm_drain"
      }
    },
    {
      "type": "Feature",
      "geometry": {
        "type": "LineString",
        "coordinates": [
          [
            77.594532,
            13.001456
          ],
          [
            77.595222,
            13.001709
          ]
        ]
      },
      "properties": {
        "id": "DE-00174",
        "from_node": "DN-00318",
        "to_node": "DN-00319",
        "length_m": 80.35,
        "diameter_m": 0.8,
        "slope": 0.0065,
        "roughness_n": 0.013,
        "capacity_m3s": 1.066,
        "blockage_pct": 0.0,
        "channel_type": "roadside_storm_drain"
      }
    },
    {
      "type": "Feature",
      "geometry": {
        "type": "LineString",
        "coordinates": [
          [
            77.599048,
            12.999585
          ],
          [
            77.596789,
            13.002179
          ]
        ]
      },
      "properties": {
        "id": "DE-00175",
        "from_node": "DN-00320",
        "to_node": "DN-00321",
        "length_m": 410.33,
        "diameter_m": 0.8,
        "slope": 0.0015,
        "roughness_n": 0.013,
        "capacity_m3s": 0.512,
        "blockage_pct": 0.0,
        "channel_type": "roadside_storm_drain"
      }
    },
    {
      "type": "Feature",
      "geometry": {
        "type": "LineString",
        "coordinates": [
          [
            77.605813,
            12.994252
          ],
          [
            77.607157,
            12.996347
          ]
        ]
      },
      "properties": {
        "id": "DE-00176",
        "from_node": "DN-00322",
        "to_node": "DN-00323",
        "length_m": 274.85,
        "diameter_m": 0.8,
        "slope": 0.0064,
        "roughness_n": 0.013,
        "capacity_m3s": 1.058,
        "blockage_pct": 0.0,
        "channel_type": "roadside_storm_drain"
      }
    },
    {
      "type": "Feature",
      "geometry": {
        "type": "LineString",
        "coordinates": [
          [
            77.594446,
            13.001314
          ],
          [
            77.594875,
            12.999957
          ]
        ]
      },
      "properties": {
        "id": "DE-00177",
        "from_node": "DN-00324",
        "to_node": "DN-00325",
        "length_m": 157.89,
        "diameter_m": 0.8,
        "slope": 0.0128,
        "roughness_n": 0.013,
        "capacity_m3s": 1.496,
        "blockage_pct": 0.0,
        "channel_type": "roadside_storm_drain"
      }
    },
    {
      "type": "Feature",
      "geometry": {
        "type": "LineString",
        "coordinates": [
          [
            77.594875,
            12.999957
          ],
          [
            77.5920086,
            12.9985954
          ]
        ]
      },
      "properties": {
        "id": "DE-00178",
        "from_node": "DN-00326",
        "to_node": "DN-00327",
        "length_m": 345.5,
        "diameter_m": 0.8,
        "slope": 0.0094,
        "roughness_n": 0.013,
        "capacity_m3s": 1.282,
        "blockage_pct": 0.0,
        "channel_type": "roadside_storm_drain"
      }
    },
    {
      "type": "Feature",
      "geometry": {
        "type": "LineString",
        "coordinates": [
          [
            77.597967,
            12.971357
          ],
          [
            77.597745,
            12.97124
          ]
        ]
      },
      "properties": {
        "id": "DE-00179",
        "from_node": "DN-00328",
        "to_node": "DN-00329",
        "length_m": 27.35,
        "diameter_m": 0.8,
        "slope": 0.0208,
        "roughness_n": 0.013,
        "capacity_m3s": 1.907,
        "blockage_pct": 0.0,
        "channel_type": "roadside_storm_drain"
      }
    },
    {
      "type": "Feature",
      "geometry": {
        "type": "LineString",
        "coordinates": [
          [
            77.59798,
            12.971127
          ],
          [
            77.597745,
            12.97124
          ]
        ]
      },
      "properties": {
        "id": "DE-00180",
        "from_node": "DN-00330",
        "to_node": "DN-00331",
        "length_m": 29.02,
        "diameter_m": 0.8,
        "slope": 0.0296,
        "roughness_n": 0.013,
        "capacity_m3s": 2.275,
        "blockage_pct": 0.0,
        "channel_type": "roadside_storm_drain"
      }
    },
    {
      "type": "Feature",
      "geometry": {
        "type": "LineString",
        "coordinates": [
          [
            77.59935,
            12.973376
          ],
          [
            77.597967,
            12.971357
          ]
        ]
      },
      "properties": {
        "id": "DE-00181",
        "from_node": "DN-00029",
        "to_node": "DN-00328",
        "length_m": 274.18,
        "diameter_m": 0.8,
        "slope": 0.0158,
        "roughness_n": 0.013,
        "capacity_m3s": 1.662,
        "blockage_pct": 0.0,
        "channel_type": "roadside_storm_drain"
      }
    },
    {
      "type": "Feature",
      "geometry": {
        "type": "LineString",
        "coordinates": [
          [
            77.606874,
            12.985375
          ],
          [
            77.6104,
            12.984797
          ]
        ]
      },
      "properties": {
        "id": "DE-00182",
        "from_node": "DN-00259",
        "to_node": "DN-00332",
        "length_m": 395.3,
        "diameter_m": 0.8,
        "slope": 0.0011,
        "roughness_n": 0.013,
        "capacity_m3s": 0.439,
        "blockage_pct": 0.0,
        "channel_type": "roadside_storm_drain"
      }
    },
    {
      "type": "Feature",
      "geometry": {
        "type": "LineString",
        "coordinates": [
          [
            77.595077,
            12.986905
          ],
          [
            77.594986,
            12.987044
          ]
        ]
      },
      "properties": {
        "id": "DE-00183",
        "from_node": "DN-00333",
        "to_node": "DN-00334",
        "length_m": 18.33,
        "diameter_m": 0.8,
        "slope": 0.001,
        "roughness_n": 0.013,
        "capacity_m3s": 0.418,
        "blockage_pct": 0.0,
        "channel_type": "roadside_storm_drain"
      }
    },
    {
      "type": "Feature",
      "geometry": {
        "type": "LineString",
        "coordinates": [
          [
            77.577621,
            12.988031
          ],
          [
            77.577241,
            12.988217
          ]
        ]
      },
      "properties": {
        "id": "DE-00184",
        "from_node": "DN-00335",
        "to_node": "DN-00240",
        "length_m": 46.14,
        "diameter_m": 0.8,
        "slope": 0.0314,
        "roughness_n": 0.013,
        "capacity_m3s": 2.343,
        "blockage_pct": 0.0,
        "channel_type": "roadside_storm_drain"
      }
    },
    {
      "type": "Feature",
      "geometry": {
        "type": "LineString",
        "coordinates": [
          [
            77.605641,
            12.98549
          ],
          [
            77.605692,
            12.985631
          ]
        ]
      },
      "properties": {
        "id": "DE-00185",
        "from_node": "DN-00118",
        "to_node": "DN-00258",
        "length_m": 16.62,
        "diameter_m": 0.8,
        "slope": 0.015,
        "roughness_n": 0.013,
        "capacity_m3s": 1.62,
        "blockage_pct": 0.0,
        "channel_type": "roadside_storm_drain"
      }
    },
    {
      "type": "Feature",
      "geometry": {
        "type": "LineString",
        "coordinates": [
          [
            77.584319,
            12.977855
          ],
          [
            77.584432,
            12.978063
          ]
        ]
      },
      "properties": {
        "id": "DE-00186",
        "from_node": "DN-00336",
        "to_node": "DN-00337",
        "length_m": 26.17,
        "diameter_m": 0.8,
        "slope": 0.0065,
        "roughness_n": 0.013,
        "capacity_m3s": 1.066,
        "blockage_pct": 0.0,
        "channel_type": "roadside_storm_drain"
      }
    },
    {
      "type": "Feature",
      "geometry": {
        "type": "LineString",
        "coordinates": [
          [
            77.59936,
            12.976447
          ],
          [
            77.59935,
            12.973376
          ]
        ]
      },
      "properties": {
        "id": "DE-00187",
        "from_node": "DN-00338",
        "to_node": "DN-00029",
        "length_m": 363.94,
        "diameter_m": 0.8,
        "slope": 0.0089,
        "roughness_n": 0.013,
        "capacity_m3s": 1.248,
        "blockage_pct": 0.0,
        "channel_type": "roadside_storm_drain"
      }
    },
    {
      "type": "Feature",
      "geometry": {
        "type": "LineString",
        "coordinates": [
          [
            77.593074,
            13.006152
          ],
          [
            77.593205,
            13.006235
          ]
        ]
      },
      "properties": {
        "id": "DE-00188",
        "from_node": "DN-00339",
        "to_node": "DN-00297",
        "length_m": 16.93,
        "diameter_m": 0.8,
        "slope": 0.0148,
        "roughness_n": 0.013,
        "capacity_m3s": 1.609,
        "blockage_pct": 0.0,
        "channel_type": "roadside_storm_drain"
      }
    },
    {
      "type": "Feature",
      "geometry": {
        "type": "LineString",
        "coordinates": [
          [
            77.593114,
            13.006067
          ],
          [
            77.593054,
            13.006021
          ]
        ]
      },
      "properties": {
        "id": "DE-00189",
        "from_node": "DN-00296",
        "to_node": "DN-00340",
        "length_m": 8.27,
        "diameter_m": 0.8,
        "slope": 0.001,
        "roughness_n": 0.013,
        "capacity_m3s": 0.418,
        "blockage_pct": 0.0,
        "channel_type": "roadside_storm_drain"
      }
    },
    {
      "type": "Feature",
      "geometry": {
        "type": "LineString",
        "coordinates": [
          [
            77.593278,
            13.005616
          ],
          [
            77.596424,
            13.003269
          ]
        ]
      },
      "properties": {
        "id": "DE-00190",
        "from_node": "DN-00341",
        "to_node": "DN-00342",
        "length_m": 429.58,
        "diameter_m": 0.8,
        "slope": 0.0145,
        "roughness_n": 0.013,
        "capacity_m3s": 1.592,
        "blockage_pct": 0.0,
        "channel_type": "roadside_storm_drain"
      }
    },
    {
      "type": "Feature",
      "geometry": {
        "type": "LineString",
        "coordinates": [
          [
            77.593239,
            13.00552
          ],
          [
            77.593307,
            13.005517
          ]
        ]
      },
      "properties": {
        "id": "DE-00191",
        "from_node": "DN-00343",
        "to_node": "DN-00344",
        "length_m": 7.37,
        "diameter_m": 0.8,
        "slope": 0.0339,
        "roughness_n": 0.013,
        "capacity_m3s": 2.435,
        "blockage_pct": 0.0,
        "channel_type": "roadside_storm_drain"
      }
    },
    {
      "type": "Feature",
      "geometry": {
        "type": "LineString",
        "coordinates": [
          [
            77.594517,
            13.001505
          ],
          [
            77.594532,
            13.001456
          ]
        ]
      },
      "properties": {
        "id": "DE-00192",
        "from_node": "DN-00345",
        "to_node": "DN-00346",
        "length_m": 5.69,
        "diameter_m": 0.8,
        "slope": 0.001,
        "roughness_n": 0.013,
        "capacity_m3s": 0.418,
        "blockage_pct": 0.0,
        "channel_type": "roadside_storm_drain"
      }
    },
    {
      "type": "Feature",
      "geometry": {
        "type": "LineString",
        "coordinates": [
          [
            77.587157,
            12.975684
          ],
          [
            77.587065,
            12.975764
          ]
        ]
      },
      "properties": {
        "id": "DE-00193",
        "from_node": "DN-00347",
        "to_node": "DN-00348",
        "length_m": 13.51,
        "diameter_m": 0.8,
        "slope": 0.0067,
        "roughness_n": 0.013,
        "capacity_m3s": 1.082,
        "blockage_pct": 0.0,
        "channel_type": "roadside_storm_drain"
      }
    },
    {
      "type": "Feature",
      "geometry": {
        "type": "LineString",
        "coordinates": [
          [
            77.588384,
            12.967778
          ],
          [
            77.588757,
            12.96751
          ]
        ]
      },
      "properties": {
        "id": "DE-00194",
        "from_node": "DN-00007",
        "to_node": "DN-00349",
        "length_m": 52.63,
        "diameter_m": 0.8,
        "slope": 0.0139,
        "roughness_n": 0.013,
        "capacity_m3s": 1.559,
        "blockage_pct": 0.0,
        "channel_type": "roadside_storm_drain"
      }
    },
    {
      "type": "Feature",
      "geometry": {
        "type": "LineString",
        "coordinates": [
          [
            77.588757,
            12.96751
          ],
          [
            77.58922,
            12.963329
          ]
        ]
      },
      "properties": {
        "id": "DE-00195",
        "from_node": "DN-00350",
        "to_node": "DN-00351",
        "length_m": 494.93,
        "diameter_m": 0.8,
        "slope": 0.0131,
        "roughness_n": 0.013,
        "capacity_m3s": 1.513,
        "blockage_pct": 0.0,
        "channel_type": "roadside_storm_drain"
      }
    },
    {
      "type": "Feature",
      "geometry": {
        "type": "LineString",
        "coordinates": [
          [
            77.58922,
            12.963329
          ],
          [
            77.589523,
            12.963016
          ]
        ]
      },
      "properties": {
        "id": "DE-00196",
        "from_node": "DN-00352",
        "to_node": "DN-00353",
        "length_m": 47.85,
        "diameter_m": 0.8,
        "slope": 0.038,
        "roughness_n": 0.013,
        "capacity_m3s": 2.578,
        "blockage_pct": 0.0,
        "channel_type": "roadside_storm_drain"
      }
    },
    {
      "type": "Feature",
      "geometry": {
        "type": "LineString",
        "coordinates": [
          [
            77.597297,
            12.981057
          ],
          [
            77.597513,
            12.980965
          ]
        ]
      },
      "properties": {
        "id": "DE-00197",
        "from_node": "DN-00354",
        "to_node": "DN-00355",
        "length_m": 25.54,
        "diameter_m": 0.8,
        "slope": 0.0732,
        "roughness_n": 0.013,
        "capacity_m3s": 3.578,
        "blockage_pct": 0.0,
        "channel_type": "roadside_storm_drain"
      }
    },
    {
      "type": "Feature",
      "geometry": {
        "type": "LineString",
        "coordinates": [
          [
            77.587606,
            12.984331
          ],
          [
            77.582765,
            12.984423
          ]
        ]
      },
      "properties": {
        "id": "DE-00198",
        "from_node": "DN-00356",
        "to_node": "DN-00357",
        "length_m": 541.93,
        "diameter_m": 0.8,
        "slope": 0.0084,
        "roughness_n": 0.013,
        "capacity_m3s": 1.212,
        "blockage_pct": 0.0,
        "channel_type": "roadside_storm_drain"
      }
    },
    {
      "type": "Feature",
      "geometry": {
        "type": "LineString",
        "coordinates": [
          [
            77.586255,
            12.965844
          ],
          [
            77.58653,
            12.965715
          ]
        ]
      },
      "properties": {
        "id": "DE-00199",
        "from_node": "DN-00358",
        "to_node": "DN-00359",
        "length_m": 33.66,
        "diameter_m": 0.8,
        "slope": 0.0074,
        "roughness_n": 0.013,
        "capacity_m3s": 1.138,
        "blockage_pct": 0.0,
        "channel_type": "roadside_storm_drain"
      }
    },
    {
      "type": "Feature",
      "geometry": {
        "type": "LineString",
        "coordinates": [
          [
            77.58653,
            12.965715
          ],
          [
            77.58667,
            12.965619
          ]
        ]
      },
      "properties": {
        "id": "DE-00200",
        "from_node": "DN-00360",
        "to_node": "DN-00361",
        "length_m": 18.55,
        "diameter_m": 0.8,
        "slope": 0.001,
        "roughness_n": 0.013,
        "capacity_m3s": 0.418,
        "blockage_pct": 0.0,
        "channel_type": "roadside_storm_drain"
      }
    },
    {
      "type": "Feature",
      "geometry": {
        "type": "LineString",
        "coordinates": [
          [
            77.586753,
            12.981666
          ],
          [
            77.586981,
            12.981581
          ]
        ]
      },
      "properties": {
        "id": "DE-00201",
        "from_node": "DN-00362",
        "to_node": "DN-00363",
        "length_m": 27.73,
        "diameter_m": 0.8,
        "slope": 0.0386,
        "roughness_n": 0.013,
        "capacity_m3s": 2.598,
        "blockage_pct": 0.0,
        "channel_type": "roadside_storm_drain"
      }
    },
    {
      "type": "Feature",
      "geometry": {
        "type": "LineString",
        "coordinates": [
          [
            77.597151,
            12.982727
          ],
          [
            77.597072,
            12.982129
          ]
        ]
      },
      "properties": {
        "id": "DE-00202",
        "from_node": "DN-00364",
        "to_node": "DN-00365",
        "length_m": 67.35,
        "diameter_m": 0.8,
        "slope": 0.0059,
        "roughness_n": 0.013,
        "capacity_m3s": 1.016,
        "blockage_pct": 0.0,
        "channel_type": "roadside_storm_drain"
      }
    },
    {
      "type": "Feature",
      "geometry": {
        "type": "LineString",
        "coordinates": [
          [
            77.584264,
            12.999399
          ],
          [
            77.584274,
            12.998746
          ]
        ]
      },
      "properties": {
        "id": "DE-00203",
        "from_node": "DN-00366",
        "to_node": "DN-00367",
        "length_m": 72.62,
        "diameter_m": 0.8,
        "slope": 0.0178,
        "roughness_n": 0.013,
        "capacity_m3s": 1.764,
        "blockage_pct": 0.0,
        "channel_type": "roadside_storm_drain"
      }
    },
    {
      "type": "Feature",
      "geometry": {
        "type": "LineString",
        "coordinates": [
          [
            77.583899,
            13.010765
          ],
          [
            77.584152,
            13.002785
          ]
        ]
      },
      "properties": {
        "id": "DE-00204",
        "from_node": "DN-00368",
        "to_node": "DN-00369",
        "length_m": 888.17,
        "diameter_m": 0.8,
        "slope": 0.0164,
        "roughness_n": 0.013,
        "capacity_m3s": 1.693,
        "blockage_pct": 0.0,
        "channel_type": "roadside_storm_drain"
      }
    },
    {
      "type": "Feature",
      "geometry": {
        "type": "LineString",
        "coordinates": [
          [
            77.601917,
            12.959934
          ],
          [
            77.601565,
            12.960156
          ]
        ]
      },
      "properties": {
        "id": "DE-00205",
        "from_node": "DN-00370",
        "to_node": "DN-00371",
        "length_m": 45.53,
        "diameter_m": 0.8,
        "slope": 0.0094,
        "roughness_n": 0.013,
        "capacity_m3s": 1.282,
        "blockage_pct": 0.0,
        "channel_type": "roadside_storm_drain"
      }
    },
    {
      "type": "Feature",
      "geometry": {
        "type": "LineString",
        "coordinates": [
          [
            77.597087,
            12.965116
          ],
          [
            77.597174,
            12.964939
          ]
        ]
      },
      "properties": {
        "id": "DE-00206",
        "from_node": "DN-00372",
        "to_node": "DN-00373",
        "length_m": 22.2,
        "diameter_m": 0.8,
        "slope": 0.0122,
        "roughness_n": 0.013,
        "capacity_m3s": 1.461,
        "blockage_pct": 0.0,
        "channel_type": "roadside_storm_drain"
      }
    },
    {
      "type": "Feature",
      "geometry": {
        "type": "LineString",
        "coordinates": [
          [
            77.598083,
            12.966085
          ],
          [
            77.597087,
            12.965116
          ]
        ]
      },
      "properties": {
        "id": "DE-00207",
        "from_node": "DN-00176",
        "to_node": "DN-00374",
        "length_m": 155.62,
        "diameter_m": 0.8,
        "slope": 0.0223,
        "roughness_n": 0.013,
        "capacity_m3s": 1.975,
        "blockage_pct": 0.0,
        "channel_type": "roadside_storm_drain"
      }
    },
    {
      "type": "Feature",
      "geometry": {
        "type": "LineString",
        "coordinates": [
          [
            77.601293,
            12.960361
          ],
          [
            77.601409,
            12.96027
          ]
        ]
      },
      "properties": {
        "id": "DE-00208",
        "from_node": "DN-00375",
        "to_node": "DN-00376",
        "length_m": 16.14,
        "diameter_m": 0.8,
        "slope": 0.0118,
        "roughness_n": 0.013,
        "capacity_m3s": 1.436,
        "blockage_pct": 0.0,
        "channel_type": "roadside_storm_drain"
      }
    },
    {
      "type": "Feature",
      "geometry": {
        "type": "LineString",
        "coordinates": [
          [
            77.597138,
            12.964827
          ],
          [
            77.599491,
            12.965192
          ]
        ]
      },
      "properties": {
        "id": "DE-00209",
        "from_node": "DN-00126",
        "to_node": "DN-00377",
        "length_m": 259.58,
        "diameter_m": 0.8,
        "slope": 0.001,
        "roughness_n": 0.013,
        "capacity_m3s": 0.418,
        "blockage_pct": 0.0,
        "channel_type": "roadside_storm_drain"
      }
    },
    {
      "type": "Feature",
      "geometry": {
        "type": "LineString",
        "coordinates": [
          [
            77.599291,
            12.965163
          ],
          [
            77.599491,
            12.965192
          ]
        ]
      },
      "properties": {
        "id": "DE-00210",
        "from_node": "DN-00169",
        "to_node": "DN-00378",
        "length_m": 21.91,
        "diameter_m": 0.8,
        "slope": 0.0219,
        "roughness_n": 0.013,
        "capacity_m3s": 1.957,
        "blockage_pct": 0.0,
        "channel_type": "roadside_storm_drain"
      }
    },
    {
      "type": "Feature",
      "geometry": {
        "type": "LineString",
        "coordinates": [
          [
            77.584681,
            12.996289
          ],
          [
            77.577621,
            12.988031
          ]
        ]
      },
      "properties": {
        "id": "DE-00211",
        "from_node": "DN-00379",
        "to_node": "DN-00335",
        "length_m": 1237.61,
        "diameter_m": 0.8,
        "slope": 0.0062,
        "roughness_n": 0.013,
        "capacity_m3s": 1.041,
        "blockage_pct": 0.0,
        "channel_type": "roadside_storm_drain"
      }
    },
    {
      "type": "Feature",
      "geometry": {
        "type": "LineString",
        "coordinates": [
          [
            77.603862,
            12.980407
          ],
          [
            77.602906,
            12.980743
          ]
        ]
      },
      "properties": {
        "id": "DE-00212",
        "from_node": "DN-00091",
        "to_node": "DN-00380",
        "length_m": 110.12,
        "diameter_m": 0.8,
        "slope": 0.0046,
        "roughness_n": 0.013,
        "capacity_m3s": 0.897,
        "blockage_pct": 0.0,
        "channel_type": "roadside_storm_drain"
      }
    },
    {
      "type": "Feature",
      "geometry": {
        "type": "LineString",
        "coordinates": [
          [
            77.607095,
            12.979268
          ],
          [
            77.607693,
            12.980842
          ]
        ]
      },
      "properties": {
        "id": "DE-00213",
        "from_node": "DN-00092",
        "to_node": "DN-00098",
        "length_m": 186.63,
        "diameter_m": 0.8,
        "slope": 0.0041,
        "roughness_n": 0.013,
        "capacity_m3s": 0.847,
        "blockage_pct": 0.0,
        "channel_type": "roadside_storm_drain"
      }
    },
    {
      "type": "Feature",
      "geometry": {
        "type": "LineString",
        "coordinates": [
          [
            77.605905,
            12.978203
          ],
          [
            77.606628,
            12.977955
          ]
        ]
      },
      "properties": {
        "id": "DE-00214",
        "from_node": "DN-00381",
        "to_node": "DN-00382",
        "length_m": 83.06,
        "diameter_m": 0.8,
        "slope": 0.0203,
        "roughness_n": 0.013,
        "capacity_m3s": 1.884,
        "blockage_pct": 0.0,
        "channel_type": "roadside_storm_drain"
      }
    },
    {
      "type": "Feature",
      "geometry": {
        "type": "LineString",
        "coordinates": [
          [
            77.599195,
            12.976672
          ],
          [
            77.599334,
            12.9767
          ]
        ]
      },
      "properties": {
        "id": "DE-00215",
        "from_node": "DN-00383",
        "to_node": "DN-00384",
        "length_m": 15.38,
        "diameter_m": 0.8,
        "slope": 0.001,
        "roughness_n": 0.013,
        "capacity_m3s": 0.418,
        "blockage_pct": 0.0,
        "channel_type": "roadside_storm_drain"
      }
    },
    {
      "type": "Feature",
      "geometry": {
        "type": "LineString",
        "coordinates": [
          [
            77.602388,
            12.979205
          ],
          [
            77.598041,
            12.98068
          ]
        ]
      },
      "properties": {
        "id": "DE-00216",
        "from_node": "DN-00385",
        "to_node": "DN-00386",
        "length_m": 498.98,
        "diameter_m": 0.8,
        "slope": 0.0032,
        "roughness_n": 0.013,
        "capacity_m3s": 0.748,
        "blockage_pct": 0.0,
        "channel_type": "roadside_storm_drain"
      }
    },
    {
      "type": "Feature",
      "geometry": {
        "type": "LineString",
        "coordinates": [
          [
            77.5974,
            12.980895
          ],
          [
            77.598041,
            12.98068
          ]
        ]
      },
      "properties": {
        "id": "DE-00217",
        "from_node": "DN-00387",
        "to_node": "DN-00388",
        "length_m": 73.47,
        "diameter_m": 0.8,
        "slope": 0.048,
        "roughness_n": 0.013,
        "capacity_m3s": 2.897,
        "blockage_pct": 0.0,
        "channel_type": "roadside_storm_drain"
      }
    },
    {
      "type": "Feature",
      "geometry": {
        "type": "LineString",
        "coordinates": [
          [
            77.597024,
            12.965314
          ],
          [
            77.596755,
            12.965145
          ]
        ]
      },
      "properties": {
        "id": "DE-00218",
        "from_node": "DN-00177",
        "to_node": "DN-00174",
        "length_m": 34.68,
        "diameter_m": 0.8,
        "slope": 0.0545,
        "roughness_n": 0.013,
        "capacity_m3s": 3.087,
        "blockage_pct": 0.0,
        "channel_type": "roadside_storm_drain"
      }
    },
    {
      "type": "Feature",
      "geometry": {
        "type": "LineString",
        "coordinates": [
          [
            77.59798,
            12.971127
          ],
          [
            77.597967,
            12.971357
          ]
        ]
      },
      "properties": {
        "id": "DE-00219",
        "from_node": "DN-00330",
        "to_node": "DN-00030",
        "length_m": 25.61,
        "diameter_m": 0.8,
        "slope": 0.0113,
        "roughness_n": 0.013,
        "capacity_m3s": 1.406,
        "blockage_pct": 0.0,
        "channel_type": "roadside_storm_drain"
      }
    },
    {
      "type": "Feature",
      "geometry": {
        "type": "LineString",
        "coordinates": [
          [
            77.58158,
            12.972823
          ],
          [
            77.581004,
            12.972481
          ]
        ]
      },
      "properties": {
        "id": "DE-00220",
        "from_node": "DN-00389",
        "to_node": "DN-00390",
        "length_m": 73.54,
        "diameter_m": 0.8,
        "slope": 0.0071,
        "roughness_n": 0.013,
        "capacity_m3s": 1.114,
        "blockage_pct": 0.0,
        "channel_type": "roadside_storm_drain"
      }
    },
    {
      "type": "Feature",
      "geometry": {
        "type": "LineString",
        "coordinates": [
          [
            77.58904,
            12.986469
          ],
          [
            77.589581,
            12.98598
          ]
        ]
      },
      "properties": {
        "id": "DE-00221",
        "from_node": "DN-00391",
        "to_node": "DN-00043",
        "length_m": 79.96,
        "diameter_m": 0.8,
        "slope": 0.0149,
        "roughness_n": 0.013,
        "capacity_m3s": 1.614,
        "blockage_pct": 0.0,
        "channel_type": "roadside_storm_drain"
      }
    },
    {
      "type": "Feature",
      "geometry": {
        "type": "LineString",
        "coordinates": [
          [
            77.583471,
            12.999382
          ],
          [
            77.584314,
            12.997801
          ]
        ]
      },
      "properties": {
        "id": "DE-00222",
        "from_node": "DN-00158",
        "to_node": "DN-00392",
        "length_m": 231.08,
        "diameter_m": 0.8,
        "slope": 0.0118,
        "roughness_n": 0.013,
        "capacity_m3s": 1.436,
        "blockage_pct": 0.0,
        "channel_type": "roadside_storm_drain"
      }
    },
    {
      "type": "Feature",
      "geometry": {
        "type": "LineString",
        "coordinates": [
          [
            77.584069,
            13.002591
          ],
          [
            77.584078,
            13.000404
          ]
        ]
      },
      "properties": {
        "id": "DE-00223",
        "from_node": "DN-00393",
        "to_node": "DN-00394",
        "length_m": 243.23,
        "diameter_m": 0.8,
        "slope": 0.024,
        "roughness_n": 0.013,
        "capacity_m3s": 2.049,
        "blockage_pct": 0.0,
        "channel_type": "roadside_storm_drain"
      }
    },
    {
      "type": "Feature",
      "geometry": {
        "type": "LineString",
        "coordinates": [
          [
            77.584078,
            13.000404
          ],
          [
            77.584198,
            12.998654
          ]
        ]
      },
      "properties": {
        "id": "DE-00224",
        "from_node": "DN-00395",
        "to_node": "DN-00396",
        "length_m": 195.06,
        "diameter_m": 0.8,
        "slope": 0.023,
        "roughness_n": 0.013,
        "capacity_m3s": 2.005,
        "blockage_pct": 0.0,
        "channel_type": "roadside_storm_drain"
      }
    },
    {
      "type": "Feature",
      "geometry": {
        "type": "LineString",
        "coordinates": [
          [
            77.583828,
            13.00904
          ],
          [
            77.584081,
            13.003679
          ]
        ]
      },
      "properties": {
        "id": "DE-00225",
        "from_node": "DN-00397",
        "to_node": "DN-00398",
        "length_m": 596.96,
        "diameter_m": 0.8,
        "slope": 0.0183,
        "roughness_n": 0.013,
        "capacity_m3s": 1.789,
        "blockage_pct": 0.0,
        "channel_type": "roadside_storm_drain"
      }
    },
    {
      "type": "Feature",
      "geometry": {
        "type": "LineString",
        "coordinates": [
          [
            77.581326,
            12.999018
          ],
          [
            77.578101,
            12.999275
          ]
        ]
      },
      "properties": {
        "id": "DE-00226",
        "from_node": "DN-00399",
        "to_node": "DN-00400",
        "length_m": 351.3,
        "diameter_m": 0.8,
        "slope": 0.0123,
        "roughness_n": 0.013,
        "capacity_m3s": 1.467,
        "blockage_pct": 0.0,
        "channel_type": "roadside_storm_drain"
      }
    },
    {
      "type": "Feature",
      "geometry": {
        "type": "LineString",
        "coordinates": [
          [
            77.580245,
            12.987349
          ],
          [
            77.579507,
            12.986202
          ]
        ]
      },
      "properties": {
        "id": "DE-00227",
        "from_node": "DN-00401",
        "to_node": "DN-00402",
        "length_m": 151.57,
        "diameter_m": 0.8,
        "slope": 0.0092,
        "roughness_n": 0.013,
        "capacity_m3s": 1.268,
        "blockage_pct": 0.0,
        "channel_type": "roadside_storm_drain"
      }
    },
    {
      "type": "Feature",
      "geometry": {
        "type": "LineString",
        "coordinates": [
          [
            77.585066,
            12.993833
          ],
          [
            77.584113,
            12.993436
          ]
        ]
      },
      "properties": {
        "id": "DE-00228",
        "from_node": "DN-00403",
        "to_node": "DN-00404",
        "length_m": 116.95,
        "diameter_m": 0.8,
        "slope": 0.001,
        "roughness_n": 0.013,
        "capacity_m3s": 0.418,
        "blockage_pct": 0.0,
        "channel_type": "roadside_storm_drain"
      }
    },
    {
      "type": "Feature",
      "geometry": {
        "type": "LineString",
        "coordinates": [
          [
            77.584715,
            12.996553
          ],
          [
            77.584597,
            12.997015
          ]
        ]
      },
      "properties": {
        "id": "DE-00229",
        "from_node": "DN-00405",
        "to_node": "DN-00406",
        "length_m": 52.94,
        "diameter_m": 0.8,
        "slope": 0.0253,
        "roughness_n": 0.013,
        "capacity_m3s": 2.103,
        "blockage_pct": 0.0,
        "channel_type": "roadside_storm_drain"
      }
    },
    {
      "type": "Feature",
      "geometry": {
        "type": "LineString",
        "coordinates": [
          [
            77.584277,
            12.998656
          ],
          [
            77.584564,
            12.997112
          ]
        ]
      },
      "properties": {
        "id": "DE-00230",
        "from_node": "DN-00407",
        "to_node": "DN-00408",
        "length_m": 174.59,
        "diameter_m": 0.8,
        "slope": 0.0132,
        "roughness_n": 0.013,
        "capacity_m3s": 1.519,
        "blockage_pct": 0.0,
        "channel_type": "roadside_storm_drain"
      }
    },
    {
      "type": "Feature",
      "geometry": {
        "type": "LineString",
        "coordinates": [
          [
            77.580245,
            12.987349
          ],
          [
            77.579725,
            12.986579
          ]
        ]
      },
      "properties": {
        "id": "DE-00231",
        "from_node": "DN-00409",
        "to_node": "DN-00410",
        "length_m": 102.96,
        "diameter_m": 0.8,
        "slope": 0.0103,
        "roughness_n": 0.013,
        "capacity_m3s": 1.342,
        "blockage_pct": 0.0,
        "channel_type": "roadside_storm_drain"
      }
    },
    {
      "type": "Feature",
      "geometry": {
        "type": "LineString",
        "coordinates": [
          [
            77.58504,
            12.993295
          ],
          [
            77.585006,
            12.993456
          ]
        ]
      },
      "properties": {
        "id": "DE-00232",
        "from_node": "DN-00411",
        "to_node": "DN-00412",
        "length_m": 18.29,
        "diameter_m": 0.8,
        "slope": 0.001,
        "roughness_n": 0.013,
        "capacity_m3s": 0.418,
        "blockage_pct": 0.0,
        "channel_type": "roadside_storm_drain"
      }
    },
    {
      "type": "Feature",
      "geometry": {
        "type": "LineString",
        "coordinates": [
          [
            77.588384,
            12.984661
          ],
          [
            77.58851,
            12.984605
          ]
        ]
      },
      "properties": {
        "id": "DE-00233",
        "from_node": "DN-00413",
        "to_node": "DN-00414",
        "length_m": 15.01,
        "diameter_m": 0.8,
        "slope": 0.03,
        "roughness_n": 0.013,
        "capacity_m3s": 2.29,
        "blockage_pct": 0.0,
        "channel_type": "roadside_storm_drain"
      }
    },
    {
      "type": "Feature",
      "geometry": {
        "type": "LineString",
        "coordinates": [
          [
            77.588324,
            12.984687
          ],
          [
            77.588384,
            12.984661
          ]
        ]
      },
      "properties": {
        "id": "DE-00234",
        "from_node": "DN-00415",
        "to_node": "DN-00416",
        "length_m": 7.11,
        "diameter_m": 0.8,
        "slope": 0.0014,
        "roughness_n": 0.013,
        "capacity_m3s": 0.495,
        "blockage_pct": 0.0,
        "channel_type": "roadside_storm_drain"
      }
    },
    {
      "type": "Feature",
      "geometry": {
        "type": "LineString",
        "coordinates": [
          [
            77.593587,
            12.959564
          ],
          [
            77.593561,
            12.959455
          ]
        ]
      },
      "properties": {
        "id": "DE-00235",
        "from_node": "DN-00417",
        "to_node": "DN-00418",
        "length_m": 12.44,
        "diameter_m": 0.8,
        "slope": 0.001,
        "roughness_n": 0.013,
        "capacity_m3s": 0.418,
        "blockage_pct": 0.0,
        "channel_type": "roadside_storm_drain"
      }
    },
    {
      "type": "Feature",
      "geometry": {
        "type": "LineString",
        "coordinates": [
          [
            77.589453,
            12.962198
          ],
          [
            77.589912,
            12.962462
          ]
        ]
      },
      "properties": {
        "id": "DE-00236",
        "from_node": "DN-00419",
        "to_node": "DN-00420",
        "length_m": 58.18,
        "diameter_m": 0.8,
        "slope": 0.0223,
        "roughness_n": 0.013,
        "capacity_m3s": 1.975,
        "blockage_pct": 0.0,
        "channel_type": "roadside_storm_drain"
      }
    },
    {
      "type": "Feature",
      "geometry": {
        "type": "LineString",
        "coordinates": [
          [
            77.597933,
            12.965966
          ],
          [
            77.596202,
            12.963617
          ]
        ]
      },
      "properties": {
        "id": "DE-00237",
        "from_node": "DN-00421",
        "to_node": "DN-00422",
        "length_m": 328.2,
        "diameter_m": 0.8,
        "slope": 0.0263,
        "roughness_n": 0.013,
        "capacity_m3s": 2.144,
        "blockage_pct": 0.0,
        "channel_type": "roadside_storm_drain"
      }
    },
    {
      "type": "Feature",
      "geometry": {
        "type": "LineString",
        "coordinates": [
          [
            77.604289,
            12.992197
          ],
          [
            77.604861,
            12.991401
          ]
        ]
      },
      "properties": {
        "id": "DE-00238",
        "from_node": "DN-00423",
        "to_node": "DN-00424",
        "length_m": 108.06,
        "diameter_m": 0.8,
        "slope": 0.0341,
        "roughness_n": 0.013,
        "capacity_m3s": 2.442,
        "blockage_pct": 0.0,
        "channel_type": "roadside_storm_drain"
      }
    },
    {
      "type": "Feature",
      "geometry": {
        "type": "LineString",
        "coordinates": [
          [
            77.607181,
            12.993441
          ],
          [
            77.604861,
            12.991401
          ]
        ]
      },
      "properties": {
        "id": "DE-00239",
        "from_node": "DN-00425",
        "to_node": "DN-00426",
        "length_m": 359.61,
        "diameter_m": 0.8,
        "slope": 0.001,
        "roughness_n": 0.013,
        "capacity_m3s": 0.418,
        "blockage_pct": 0.0,
        "channel_type": "roadside_storm_drain"
      }
    },
    {
      "type": "Feature",
      "geometry": {
        "type": "LineString",
        "coordinates": [
          [
            77.607199,
            12.993555
          ],
          [
            77.607181,
            12.993441
          ]
        ]
      },
      "properties": {
        "id": "DE-00240",
        "from_node": "DN-00427",
        "to_node": "DN-00428",
        "length_m": 12.83,
        "diameter_m": 0.8,
        "slope": 0.0164,
        "roughness_n": 0.013,
        "capacity_m3s": 1.693,
        "blockage_pct": 0.0,
        "channel_type": "roadside_storm_drain"
      }
    },
    {
      "type": "Feature",
      "geometry": {
        "type": "LineString",
        "coordinates": [
          [
            77.606657,
            12.993758
          ],
          [
            77.607033,
            12.993616
          ]
        ]
      },
      "properties": {
        "id": "DE-00241",
        "from_node": "DN-00429",
        "to_node": "DN-00430",
        "length_m": 43.69,
        "diameter_m": 0.8,
        "slope": 0.0188,
        "roughness_n": 0.013,
        "capacity_m3s": 1.813,
        "blockage_pct": 0.0,
        "channel_type": "roadside_storm_drain"
      }
    },
    {
      "type": "Feature",
      "geometry": {
        "type": "LineString",
        "coordinates": [
          [
            77.604245,
            12.992264
          ],
          [
            77.604289,
            12.992197
          ]
        ]
      },
      "properties": {
        "id": "DE-00242",
        "from_node": "DN-00431",
        "to_node": "DN-00432",
        "length_m": 8.84,
        "diameter_m": 0.8,
        "slope": 0.0373,
        "roughness_n": 0.013,
        "capacity_m3s": 2.554,
        "blockage_pct": 0.0,
        "channel_type": "roadside_storm_drain"
      }
    },
    {
      "type": "Feature",
      "geometry": {
        "type": "LineString",
        "coordinates": [
          [
            77.583935,
            13.003104
          ],
          [
            77.584049,
            13.002848
          ]
        ]
      },
      "properties": {
        "id": "DE-00243",
        "from_node": "DN-00433",
        "to_node": "DN-00434",
        "length_m": 31.15,
        "diameter_m": 0.8,
        "slope": 0.0196,
        "roughness_n": 0.013,
        "capacity_m3s": 1.851,
        "blockage_pct": 0.0,
        "channel_type": "roadside_storm_drain"
      }
    },
    {
      "type": "Feature",
      "geometry": {
        "type": "LineString",
        "coordinates": [
          [
            77.583935,
            13.003104
          ],
          [
            77.58233,
            13.003552
          ]
        ]
      },
      "properties": {
        "id": "DE-00244",
        "from_node": "DN-00435",
        "to_node": "DN-00436",
        "length_m": 200.1,
        "diameter_m": 0.8,
        "slope": 0.0024,
        "roughness_n": 0.013,
        "capacity_m3s": 0.648,
        "blockage_pct": 0.0,
        "channel_type": "roadside_storm_drain"
      }
    },
    {
      "type": "Feature",
      "geometry": {
        "type": "LineString",
        "coordinates": [
          [
            77.577739,
            12.987938
          ],
          [
            77.577621,
            12.988031
          ]
        ]
      },
      "properties": {
        "id": "DE-00245",
        "from_node": "DN-00437",
        "to_node": "DN-00438",
        "length_m": 16.44,
        "diameter_m": 0.8,
        "slope": 0.0116,
        "roughness_n": 0.013,
        "capacity_m3s": 1.424,
        "blockage_pct": 0.0,
        "channel_type": "roadside_storm_drain"
      }
    },
    {
      "type": "Feature",
      "geometry": {
        "type": "LineString",
        "coordinates": [
          [
            77.577923,
            12.987804
          ],
          [
            77.577739,
            12.987938
          ]
        ]
      },
      "properties": {
        "id": "DE-00246",
        "from_node": "DN-00439",
        "to_node": "DN-00440",
        "length_m": 24.89,
        "diameter_m": 0.8,
        "slope": 0.0297,
        "roughness_n": 0.013,
        "capacity_m3s": 2.279,
        "blockage_pct": 0.0,
        "channel_type": "roadside_storm_drain"
      }
    },
    {
      "type": "Feature",
      "geometry": {
        "type": "LineString",
        "coordinates": [
          [
            77.577088,
            12.988114
          ],
          [
            77.577074,
            12.98831
          ]
        ]
      },
      "properties": {
        "id": "DE-00247",
        "from_node": "DN-00441",
        "to_node": "DN-00442",
        "length_m": 27.09,
        "diameter_m": 0.8,
        "slope": 0.0063,
        "roughness_n": 0.013,
        "capacity_m3s": 1.05,
        "blockage_pct": 0.0,
        "channel_type": "roadside_storm_drain"
      }
    },
    {
      "type": "Feature",
      "geometry": {
        "type": "LineString",
        "coordinates": [
          [
            77.605355,
            12.985675
          ],
          [
            77.605692,
            12.985631
          ]
        ]
      },
      "properties": {
        "id": "DE-00248",
        "from_node": "DN-00443",
        "to_node": "DN-00444",
        "length_m": 40.15,
        "diameter_m": 0.8,
        "slope": 0.0134,
        "roughness_n": 0.013,
        "capacity_m3s": 1.531,
        "blockage_pct": 0.0,
        "channel_type": "roadside_storm_drain"
      }
    },
    {
      "type": "Feature",
      "geometry": {
        "type": "LineString",
        "coordinates": [
          [
            77.605355,
            12.985675
          ],
          [
            77.605352,
            12.985532
          ]
        ]
      },
      "properties": {
        "id": "DE-00249",
        "from_node": "DN-00445",
        "to_node": "DN-00446",
        "length_m": 15.9,
        "diameter_m": 0.8,
        "slope": 0.001,
        "roughness_n": 0.013,
        "capacity_m3s": 0.418,
        "blockage_pct": 0.0,
        "channel_type": "roadside_storm_drain"
      }
    },
    {
      "type": "Feature",
      "geometry": {
        "type": "LineString",
        "coordinates": [
          [
            77.603271,
            12.982874
          ],
          [
            77.603522,
            12.983676
          ]
        ]
      },
      "properties": {
        "id": "DE-00250",
        "from_node": "DN-00447",
        "to_node": "DN-00448",
        "length_m": 93.23,
        "diameter_m": 0.8,
        "slope": 0.0204,
        "roughness_n": 0.013,
        "capacity_m3s": 1.889,
        "blockage_pct": 0.0,
        "channel_type": "roadside_storm_drain"
      }
    },
    {
      "type": "Feature",
      "geometry": {
        "type": "LineString",
        "coordinates": [
          [
            77.603496,
            12.982139
          ],
          [
            77.603396,
            12.982168
          ]
        ]
      },
      "properties": {
        "id": "DE-00251",
        "from_node": "DN-00449",
        "to_node": "DN-00450",
        "length_m": 11.31,
        "diameter_m": 0.8,
        "slope": 0.001,
        "roughness_n": 0.013,
        "capacity_m3s": 0.418,
        "blockage_pct": 0.0,
        "channel_type": "roadside_storm_drain"
      }
    },
    {
      "type": "Feature",
      "geometry": {
        "type": "LineString",
        "coordinates": [
          [
            77.586317,
            12.990986
          ],
          [
            77.586179,
            12.991011
          ]
        ]
      },
      "properties": {
        "id": "DE-00252",
        "from_node": "DN-00451",
        "to_node": "DN-00452",
        "length_m": 15.21,
        "diameter_m": 0.8,
        "slope": 0.0289,
        "roughness_n": 0.013,
        "capacity_m3s": 2.248,
        "blockage_pct": 0.0,
        "channel_type": "roadside_storm_drain"
      }
    },
    {
      "type": "Feature",
      "geometry": {
        "type": "LineString",
        "coordinates": [
          [
            77.585322,
            12.993159
          ],
          [
            77.58527,
            12.99342
          ]
        ]
      },
      "properties": {
        "id": "DE-00253",
        "from_node": "DN-00453",
        "to_node": "DN-00454",
        "length_m": 29.56,
        "diameter_m": 0.8,
        "slope": 0.0396,
        "roughness_n": 0.013,
        "capacity_m3s": 2.631,
        "blockage_pct": 0.0,
        "channel_type": "roadside_storm_drain"
      }
    },
    {
      "type": "Feature",
      "geometry": {
        "type": "LineString",
        "coordinates": [
          [
            77.58527,
            12.99342
          ],
          [
            77.58504,
            12.993295
          ]
        ]
      },
      "properties": {
        "id": "DE-00254",
        "from_node": "DN-00455",
        "to_node": "DN-00411",
        "length_m": 38.88,
        "diameter_m": 0.8,
        "slope": 0.0103,
        "roughness_n": 0.013,
        "capacity_m3s": 1.342,
        "blockage_pct": 0.0,
        "channel_type": "roadside_storm_drain"
      }
    },
    {
      "type": "Feature",
      "geometry": {
        "type": "LineString",
        "coordinates": [
          [
            77.584571,
            12.977738
          ],
          [
            77.584695,
            12.977654
          ]
        ]
      },
      "properties": {
        "id": "DE-00255",
        "from_node": "DN-00456",
        "to_node": "DN-00457",
        "length_m": 16.36,
        "diameter_m": 0.8,
        "slope": 0.0092,
        "roughness_n": 0.013,
        "capacity_m3s": 1.268,
        "blockage_pct": 0.0,
        "channel_type": "roadside_storm_drain"
      }
    },
    {
      "type": "Feature",
      "geometry": {
        "type": "LineString",
        "coordinates": [
          [
            77.579507,
            12.986202
          ],
          [
            77.578444,
            12.984467
          ]
        ]
      },
      "properties": {
        "id": "DE-00256",
        "from_node": "DN-00003",
        "to_node": "DN-00001",
        "length_m": 225.41,
        "diameter_m": 0.8,
        "slope": 0.0083,
        "roughness_n": 0.013,
        "capacity_m3s": 1.205,
        "blockage_pct": 0.0,
        "channel_type": "roadside_storm_drain"
      }
    },
    {
      "type": "Feature",
      "geometry": {
        "type": "LineString",
        "coordinates": [
          [
            77.584793,
            12.995295
          ],
          [
            77.584841,
            12.995306
          ]
        ]
      },
      "properties": {
        "id": "DE-00257",
        "from_node": "DN-00458",
        "to_node": "DN-00459",
        "length_m": 5.34,
        "diameter_m": 0.8,
        "slope": 0.001,
        "roughness_n": 0.013,
        "capacity_m3s": 0.418,
        "blockage_pct": 0.0,
        "channel_type": "roadside_storm_drain"
      }
    },
    {
      "type": "Feature",
      "geometry": {
        "type": "LineString",
        "coordinates": [
          [
            77.58503,
            12.993963
          ],
          [
            77.584793,
            12.995295
          ]
        ]
      },
      "properties": {
        "id": "DE-00258",
        "from_node": "DN-00460",
        "to_node": "DN-00461",
        "length_m": 150.34,
        "diameter_m": 0.8,
        "slope": 0.0331,
        "roughness_n": 0.013,
        "capacity_m3s": 2.406,
        "blockage_pct": 0.0,
        "channel_type": "roadside_storm_drain"
      }
    },
    {
      "type": "Feature",
      "geometry": {
        "type": "LineString",
        "coordinates": [
          [
            77.585322,
            12.993159
          ],
          [
            77.585361,
            12.993258
          ]
        ]
      },
      "properties": {
        "id": "DE-00259",
        "from_node": "DN-00462",
        "to_node": "DN-00463",
        "length_m": 11.79,
        "diameter_m": 0.8,
        "slope": 0.0645,
        "roughness_n": 0.013,
        "capacity_m3s": 3.358,
        "blockage_pct": 0.0,
        "channel_type": "roadside_storm_drain"
      }
    },
    {
      "type": "Feature",
      "geometry": {
        "type": "LineString",
        "coordinates": [
          [
            77.5805,
            13.009182
          ],
          [
            77.580561,
            13.009178
          ]
        ]
      },
      "properties": {
        "id": "DE-00260",
        "from_node": "DN-00464",
        "to_node": "DN-00465",
        "length_m": 6.62,
        "diameter_m": 0.8,
        "slope": 0.001,
        "roughness_n": 0.013,
        "capacity_m3s": 0.418,
        "blockage_pct": 0.0,
        "channel_type": "roadside_storm_drain"
      }
    },
    {
      "type": "Feature",
      "geometry": {
        "type": "LineString",
        "coordinates": [
          [
            77.580561,
            13.009178
          ],
          [
            77.578924,
            13.006593
          ]
        ]
      },
      "properties": {
        "id": "DE-00261",
        "from_node": "DN-00466",
        "to_node": "DN-00467",
        "length_m": 338.14,
        "diameter_m": 0.8,
        "slope": 0.0306,
        "roughness_n": 0.013,
        "capacity_m3s": 2.313,
        "blockage_pct": 0.0,
        "channel_type": "roadside_storm_drain"
      }
    },
    {
      "type": "Feature",
      "geometry": {
        "type": "LineString",
        "coordinates": [
          [
            77.577488,
            12.962922
          ],
          [
            77.577331,
            12.963605
          ]
        ]
      },
      "properties": {
        "id": "DE-00262",
        "from_node": "DN-00468",
        "to_node": "DN-00469",
        "length_m": 78.96,
        "diameter_m": 0.8,
        "slope": 0.0042,
        "roughness_n": 0.013,
        "capacity_m3s": 0.857,
        "blockage_pct": 0.0,
        "channel_type": "roadside_storm_drain"
      }
    },
    {
      "type": "Feature",
      "geometry": {
        "type": "LineString",
        "coordinates": [
          [
            77.577716,
            12.961558
          ],
          [
            77.577714,
            12.96146
          ]
        ]
      },
      "properties": {
        "id": "DE-00263",
        "from_node": "DN-00470",
        "to_node": "DN-00471",
        "length_m": 10.9,
        "diameter_m": 0.8,
        "slope": 0.001,
        "roughness_n": 0.013,
        "capacity_m3s": 0.418,
        "blockage_pct": 0.0,
        "channel_type": "roadside_storm_drain"
      }
    },
    {
      "type": "Feature",
      "geometry": {
        "type": "LineString",
        "coordinates": [
          [
            77.584599,
            12.977834
          ],
          [
            77.581945,
            12.979634
          ]
        ]
      },
      "properties": {
        "id": "DE-00264",
        "from_node": "DN-00472",
        "to_node": "DN-00473",
        "length_m": 350.56,
        "diameter_m": 0.8,
        "slope": 0.013,
        "roughness_n": 0.013,
        "capacity_m3s": 1.508,
        "blockage_pct": 0.0,
        "channel_type": "roadside_storm_drain"
      }
    },
    {
      "type": "Feature",
      "geometry": {
        "type": "LineString",
        "coordinates": [
          [
            77.584599,
            12.977834
          ],
          [
            77.585548,
            12.977182
          ]
        ]
      },
      "properties": {
        "id": "DE-00265",
        "from_node": "DN-00474",
        "to_node": "DN-00475",
        "length_m": 125.82,
        "diameter_m": 0.8,
        "slope": 0.0068,
        "roughness_n": 0.013,
        "capacity_m3s": 1.09,
        "blockage_pct": 0.0,
        "channel_type": "roadside_storm_drain"
      }
    },
    {
      "type": "Feature",
      "geometry": {
        "type": "LineString",
        "coordinates": [
          [
            77.577425,
            12.976245
          ],
          [
            77.577324,
            12.976995
          ]
        ]
      },
      "properties": {
        "id": "DE-00266",
        "from_node": "DN-00476",
        "to_node": "DN-00477",
        "length_m": 84.11,
        "diameter_m": 0.8,
        "slope": 0.0014,
        "roughness_n": 0.013,
        "capacity_m3s": 0.495,
        "blockage_pct": 0.0,
        "channel_type": "roadside_storm_drain"
      }
    },
    {
      "type": "Feature",
      "geometry": {
        "type": "LineString",
        "coordinates": [
          [
            77.577425,
            12.976245
          ],
          [
            77.577042,
            12.974864
          ]
        ]
      },
      "properties": {
        "id": "DE-00267",
        "from_node": "DN-00478",
        "to_node": "DN-00479",
        "length_m": 159.11,
        "diameter_m": 0.8,
        "slope": 0.001,
        "roughness_n": 0.013,
        "capacity_m3s": 0.418,
        "blockage_pct": 0.0,
        "channel_type": "roadside_storm_drain"
      }
    },
    {
      "type": "Feature",
      "geometry": {
        "type": "LineString",
        "coordinates": [
          [
            77.594642,
            12.981902
          ],
          [
            77.594808,
            12.982096
          ]
        ]
      },
      "properties": {
        "id": "DE-00268",
        "from_node": "DN-00480",
        "to_node": "DN-00481",
        "length_m": 28.12,
        "diameter_m": 0.8,
        "slope": 0.0188,
        "roughness_n": 0.013,
        "capacity_m3s": 1.813,
        "blockage_pct": 0.0,
        "channel_type": "roadside_storm_drain"
      }
    },
    {
      "type": "Feature",
      "geometry": {
        "type": "LineString",
        "coordinates": [
          [
            77.588263,
            12.960991
          ],
          [
            77.586895,
            12.9592
          ]
        ]
      },
      "properties": {
        "id": "DE-00269",
        "from_node": "DN-00482",
        "to_node": "DN-00483",
        "length_m": 248.63,
        "diameter_m": 0.8,
        "slope": 0.0324,
        "roughness_n": 0.013,
        "capacity_m3s": 2.38,
        "blockage_pct": 0.0,
        "channel_type": "roadside_storm_drain"
      }
    },
    {
      "type": "Feature",
      "geometry": {
        "type": "LineString",
        "coordinates": [
          [
            77.595984,
            12.99455
          ],
          [
            77.595881,
            12.99421
          ]
        ]
      },
      "properties": {
        "id": "DE-00270",
        "from_node": "DN-00484",
        "to_node": "DN-00485",
        "length_m": 40.63,
        "diameter_m": 0.8,
        "slope": 0.0148,
        "roughness_n": 0.013,
        "capacity_m3s": 1.609,
        "blockage_pct": 0.0,
        "channel_type": "roadside_storm_drain"
      }
    },
    {
      "type": "Feature",
      "geometry": {
        "type": "LineString",
        "coordinates": [
          [
            77.596224,
            12.994152
          ],
          [
            77.595881,
            12.99421
          ]
        ]
      },
      "properties": {
        "id": "DE-00271",
        "from_node": "DN-00486",
        "to_node": "DN-00487",
        "length_m": 37.72,
        "diameter_m": 0.8,
        "slope": 0.0029,
        "roughness_n": 0.013,
        "capacity_m3s": 0.712,
        "blockage_pct": 0.0,
        "channel_type": "roadside_storm_drain"
      }
    },
    {
      "type": "Feature",
      "geometry": {
        "type": "LineString",
        "coordinates": [
          [
            77.59697,
            12.994752
          ],
          [
            77.596232,
            12.994731
          ]
        ]
      },
      "properties": {
        "id": "DE-00272",
        "from_node": "DN-00488",
        "to_node": "DN-00489",
        "length_m": 91.66,
        "diameter_m": 0.8,
        "slope": 0.0231,
        "roughness_n": 0.013,
        "capacity_m3s": 2.01,
        "blockage_pct": 0.0,
        "channel_type": "roadside_storm_drain"
      }
    },
    {
      "type": "Feature",
      "geometry": {
        "type": "LineString",
        "coordinates": [
          [
            77.598432,
            12.992901
          ],
          [
            77.596656,
            12.994035
          ]
        ]
      },
      "properties": {
        "id": "DE-00273",
        "from_node": "DN-00103",
        "to_node": "DN-00490",
        "length_m": 242.64,
        "diameter_m": 0.8,
        "slope": 0.0045,
        "roughness_n": 0.013,
        "capacity_m3s": 0.887,
        "blockage_pct": 0.0,
        "channel_type": "roadside_storm_drain"
      }
    },
    {
      "type": "Feature",
      "geometry": {
        "type": "LineString",
        "coordinates": [
          [
            77.596275,
            12.99471
          ],
          [
            77.596141,
            12.994458
          ]
        ]
      },
      "properties": {
        "id": "DE-00274",
        "from_node": "DN-00491",
        "to_node": "DN-00492",
        "length_m": 31.56,
        "diameter_m": 0.8,
        "slope": 0.0187,
        "roughness_n": 0.013,
        "capacity_m3s": 1.808,
        "blockage_pct": 0.0,
        "channel_type": "roadside_storm_drain"
      }
    },
    {
      "type": "Feature",
      "geometry": {
        "type": "LineString",
        "coordinates": [
          [
            77.601945,
            12.995483
          ],
          [
            77.599462,
            12.995445
          ]
        ]
      },
      "properties": {
        "id": "DE-00275",
        "from_node": "DN-00286",
        "to_node": "DN-00493",
        "length_m": 277.3,
        "diameter_m": 0.8,
        "slope": 0.001,
        "roughness_n": 0.013,
        "capacity_m3s": 0.418,
        "blockage_pct": 0.0,
        "channel_type": "roadside_storm_drain"
      }
    },
    {
      "type": "Feature",
      "geometry": {
        "type": "LineString",
        "coordinates": [
          [
            77.587559,
            12.983477
          ],
          [
            77.586635,
            12.98168
          ]
        ]
      },
      "properties": {
        "id": "DE-00276",
        "from_node": "DN-00494",
        "to_node": "DN-00495",
        "length_m": 223.95,
        "diameter_m": 0.8,
        "slope": 0.0093,
        "roughness_n": 0.013,
        "capacity_m3s": 1.275,
        "blockage_pct": 0.0,
        "channel_type": "roadside_storm_drain"
      }
    },
    {
      "type": "Feature",
      "geometry": {
        "type": "LineString",
        "coordinates": [
          [
            77.587917,
            12.984307
          ],
          [
            77.587559,
            12.983477
          ]
        ]
      },
      "properties": {
        "id": "DE-00277",
        "from_node": "DN-00496",
        "to_node": "DN-00497",
        "length_m": 100.51,
        "diameter_m": 0.8,
        "slope": 0.0143,
        "roughness_n": 0.013,
        "capacity_m3s": 1.581,
        "blockage_pct": 0.0,
        "channel_type": "roadside_storm_drain"
      }
    },
    {
      "type": "Feature",
      "geometry": {
        "type": "LineString",
        "coordinates": [
          [
            77.58879,
            12.986365
          ],
          [
            77.588229,
            12.984883
          ]
        ]
      },
      "properties": {
        "id": "DE-00278",
        "from_node": "DN-00498",
        "to_node": "DN-00499",
        "length_m": 175.74,
        "diameter_m": 0.8,
        "slope": 0.0168,
        "roughness_n": 0.013,
        "capacity_m3s": 1.714,
        "blockage_pct": 0.0,
        "channel_type": "roadside_storm_drain"
      }
    },
    {
      "type": "Feature",
      "geometry": {
        "type": "LineString",
        "coordinates": [
          [
            77.592721,
            12.984259
          ],
          [
            77.592341,
            12.983155
          ]
        ]
      },
      "properties": {
        "id": "DE-00279",
        "from_node": "DN-00500",
        "to_node": "DN-00124",
        "length_m": 129.49,
        "diameter_m": 0.8,
        "slope": 0.0254,
        "roughness_n": 0.013,
        "capacity_m3s": 2.107,
        "blockage_pct": 0.0,
        "channel_type": "roadside_storm_drain"
      }
    },
    {
      "type": "Feature",
      "geometry": {
        "type": "LineString",
        "coordinates": [
          [
            77.592721,
            12.984259
          ],
          [
            77.595747,
            12.983248
          ]
        ]
      },
      "properties": {
        "id": "DE-00280",
        "from_node": "DN-00501",
        "to_node": "DN-00502",
        "length_m": 346.61,
        "diameter_m": 0.8,
        "slope": 0.0273,
        "roughness_n": 0.013,
        "capacity_m3s": 2.185,
        "blockage_pct": 0.0,
        "channel_type": "roadside_storm_drain"
      }
    },
    {
      "type": "Feature",
      "geometry": {
        "type": "LineString",
        "coordinates": [
          [
            77.601799,
            12.976518
          ],
          [
            77.601792,
            12.976639
          ]
        ]
      },
      "properties": {
        "id": "DE-00281",
        "from_node": "DN-00503",
        "to_node": "DN-00504",
        "length_m": 13.48,
        "diameter_m": 0.8,
        "slope": 0.001,
        "roughness_n": 0.013,
        "capacity_m3s": 0.418,
        "blockage_pct": 0.0,
        "channel_type": "roadside_storm_drain"
      }
    },
    {
      "type": "Feature",
      "geometry": {
        "type": "LineString",
        "coordinates": [
          [
            77.583987,
            12.963857
          ],
          [
            77.584203,
            12.963643
          ]
        ]
      },
      "properties": {
        "id": "DE-00282",
        "from_node": "DN-00062",
        "to_node": "DN-00211",
        "length_m": 33.38,
        "diameter_m": 0.8,
        "slope": 0.0159,
        "roughness_n": 0.013,
        "capacity_m3s": 1.667,
        "blockage_pct": 0.0,
        "channel_type": "roadside_storm_drain"
      }
    },
    {
      "type": "Feature",
      "geometry": {
        "type": "LineString",
        "coordinates": [
          [
            77.583815,
            13.003492
          ],
          [
            77.583998,
            13.003231
          ]
        ]
      },
      "properties": {
        "id": "DE-00283",
        "from_node": "DN-00505",
        "to_node": "DN-00506",
        "length_m": 35.32,
        "diameter_m": 0.8,
        "slope": 0.034,
        "roughness_n": 0.013,
        "capacity_m3s": 2.438,
        "blockage_pct": 0.0,
        "channel_type": "roadside_storm_drain"
      }
    },
    {
      "type": "Feature",
      "geometry": {
        "type": "LineString",
        "coordinates": [
          [
            77.583998,
            13.003231
          ],
          [
            77.584075,
            13.003008
          ]
        ]
      },
      "properties": {
        "id": "DE-00284",
        "from_node": "DN-00507",
        "to_node": "DN-00508",
        "length_m": 26.16,
        "diameter_m": 0.8,
        "slope": 0.0233,
        "roughness_n": 0.013,
        "capacity_m3s": 2.018,
        "blockage_pct": 0.0,
        "channel_type": "roadside_storm_drain"
      }
    },
    {
      "type": "Feature",
      "geometry": {
        "type": "LineString",
        "coordinates": [
          [
            77.582683,
            13.004184
          ],
          [
            77.583815,
            13.003492
          ]
        ]
      },
      "properties": {
        "id": "DE-00285",
        "from_node": "DN-00509",
        "to_node": "DN-00510",
        "length_m": 144.79,
        "diameter_m": 0.8,
        "slope": 0.004,
        "roughness_n": 0.013,
        "capacity_m3s": 0.836,
        "blockage_pct": 0.0,
        "channel_type": "roadside_storm_drain"
      }
    },
    {
      "type": "Feature",
      "geometry": {
        "type": "LineString",
        "coordinates": [
          [
            77.606006,
            12.958016
          ],
          [
            77.601917,
            12.959934
          ]
        ]
      },
      "properties": {
        "id": "DE-00286",
        "from_node": "DN-00511",
        "to_node": "DN-00370",
        "length_m": 498.27,
        "diameter_m": 0.8,
        "slope": 0.0158,
        "roughness_n": 0.013,
        "capacity_m3s": 1.662,
        "blockage_pct": 0.0,
        "channel_type": "roadside_storm_drain"
      }
    },
    {
      "type": "Feature",
      "geometry": {
        "type": "LineString",
        "coordinates": [
          [
            77.578555,
            13.006615
          ],
          [
            77.572734,
            13.007851
          ]
        ]
      },
      "properties": {
        "id": "DE-00287",
        "from_node": "DN-00512",
        "to_node": "DN-00513",
        "length_m": 668.65,
        "diameter_m": 0.8,
        "slope": 0.0025,
        "roughness_n": 0.013,
        "capacity_m3s": 0.661,
        "blockage_pct": 0.0,
        "channel_type": "roadside_storm_drain"
      }
    },
    {
      "type": "Feature",
      "geometry": {
        "type": "LineString",
        "coordinates": [
          [
            77.579659,
            13.009234
          ],
          [
            77.575721,
            13.009406
          ]
        ]
      },
      "properties": {
        "id": "DE-00288",
        "from_node": "DN-00514",
        "to_node": "DN-00515",
        "length_m": 427.08,
        "diameter_m": 0.8,
        "slope": 0.0121,
        "roughness_n": 0.013,
        "capacity_m3s": 1.455,
        "blockage_pct": 0.0,
        "channel_type": "roadside_storm_drain"
      }
    },
    {
      "type": "Feature",
      "geometry": {
        "type": "LineString",
        "coordinates": [
          [
            77.579659,
            13.009234
          ],
          [
            77.575721,
            13.009406
          ]
        ]
      },
      "properties": {
        "id": "DE-00289",
        "from_node": "DN-00516",
        "to_node": "DN-00517",
        "length_m": 427.08,
        "diameter_m": 0.8,
        "slope": 0.0121,
        "roughness_n": 0.013,
        "capacity_m3s": 1.455,
        "blockage_pct": 0.0,
        "channel_type": "roadside_storm_drain"
      }
    },
    {
      "type": "Feature",
      "geometry": {
        "type": "LineString",
        "coordinates": [
          [
            77.601487,
            12.965451
          ],
          [
            77.601414,
            12.965442
          ]
        ]
      },
      "properties": {
        "id": "DE-00290",
        "from_node": "DN-00518",
        "to_node": "DN-00519",
        "length_m": 7.97,
        "diameter_m": 0.8,
        "slope": 0.0063,
        "roughness_n": 0.013,
        "capacity_m3s": 1.05,
        "blockage_pct": 0.0,
        "channel_type": "roadside_storm_drain"
      }
    },
    {
      "type": "Feature",
      "geometry": {
        "type": "LineString",
        "coordinates": [
          [
            77.601414,
            12.965442
          ],
          [
            77.601038,
            12.965393
          ]
        ]
      },
      "properties": {
        "id": "DE-00291",
        "from_node": "DN-00520",
        "to_node": "DN-00015",
        "length_m": 41.11,
        "diameter_m": 0.8,
        "slope": 0.001,
        "roughness_n": 0.013,
        "capacity_m3s": 0.418,
        "blockage_pct": 0.0,
        "channel_type": "roadside_storm_drain"
      }
    },
    {
      "type": "Feature",
      "geometry": {
        "type": "LineString",
        "coordinates": [
          [
            77.589529,
            12.995526
          ],
          [
            77.58448,
            12.997749
          ]
        ]
      },
      "properties": {
        "id": "DE-00292",
        "from_node": "DN-00521",
        "to_node": "DN-00522",
        "length_m": 620.54,
        "diameter_m": 0.8,
        "slope": 0.0214,
        "roughness_n": 0.013,
        "capacity_m3s": 1.934,
        "blockage_pct": 0.0,
        "channel_type": "roadside_storm_drain"
      }
    },
    {
      "type": "Feature",
      "geometry": {
        "type": "LineString",
        "coordinates": [
          [
            77.584206,
            12.998586
          ],
          [
            77.584198,
            12.998654
          ]
        ]
      },
      "properties": {
        "id": "DE-00293",
        "from_node": "DN-00523",
        "to_node": "DN-00524",
        "length_m": 7.61,
        "diameter_m": 0.8,
        "slope": 0.001,
        "roughness_n": 0.013,
        "capacity_m3s": 0.418,
        "blockage_pct": 0.0,
        "channel_type": "roadside_storm_drain"
      }
    },
    {
      "type": "Feature",
      "geometry": {
        "type": "LineString",
        "coordinates": [
          [
            77.582003,
            12.963377
          ],
          [
            77.581873,
            12.963392
          ]
        ]
      },
      "properties": {
        "id": "DE-00294",
        "from_node": "DN-00074",
        "to_node": "DN-00525",
        "length_m": 14.19,
        "diameter_m": 0.8,
        "slope": 0.001,
        "roughness_n": 0.013,
        "capacity_m3s": 0.418,
        "blockage_pct": 0.0,
        "channel_type": "roadside_storm_drain"
      }
    },
    {
      "type": "Feature",
      "geometry": {
        "type": "LineString",
        "coordinates": [
          [
            77.579004,
            12.964302
          ],
          [
            77.581126,
            12.964095
          ]
        ]
      },
      "properties": {
        "id": "DE-00295",
        "from_node": "DN-00526",
        "to_node": "DN-00527",
        "length_m": 231.11,
        "diameter_m": 0.8,
        "slope": 0.0049,
        "roughness_n": 0.013,
        "capacity_m3s": 0.926,
        "blockage_pct": 0.0,
        "channel_type": "roadside_storm_drain"
      }
    },
    {
      "type": "Feature",
      "geometry": {
        "type": "LineString",
        "coordinates": [
          [
            77.592721,
            12.984259
          ],
          [
            77.593304,
            12.985715
          ]
        ]
      },
      "properties": {
        "id": "DE-00296",
        "from_node": "DN-00500",
        "to_node": "DN-00528",
        "length_m": 173.85,
        "diameter_m": 0.8,
        "slope": 0.0035,
        "roughness_n": 0.013,
        "capacity_m3s": 0.782,
        "blockage_pct": 0.0,
        "channel_type": "roadside_storm_drain"
      }
    },
    {
      "type": "Feature",
      "geometry": {
        "type": "LineString",
        "coordinates": [
          [
            77.593304,
            12.985715
          ],
          [
            77.594392,
            12.985298
          ]
        ]
      },
      "properties": {
        "id": "DE-00297",
        "from_node": "DN-00529",
        "to_node": "DN-00530",
        "length_m": 126.68,
        "diameter_m": 0.8,
        "slope": 0.0348,
        "roughness_n": 0.013,
        "capacity_m3s": 2.467,
        "blockage_pct": 0.0,
        "channel_type": "roadside_storm_drain"
      }
    },
    {
      "type": "Feature",
      "geometry": {
        "type": "LineString",
        "coordinates": [
          [
            77.595747,
            12.983248
          ],
          [
            77.595861,
            12.983192
          ]
        ]
      },
      "properties": {
        "id": "DE-00298",
        "from_node": "DN-00502",
        "to_node": "DN-00502",
        "length_m": 13.83,
        "diameter_m": 0.8,
        "slope": 0.047,
        "roughness_n": 0.013,
        "capacity_m3s": 2.867,
        "blockage_pct": 0.0,
        "channel_type": "roadside_storm_drain"
      }
    },
    {
      "type": "Feature",
      "geometry": {
        "type": "LineString",
        "coordinates": [
          [
            77.605853,
            13.003664
          ],
          [
            77.608911,
            13.002664
          ]
        ]
      },
      "properties": {
        "id": "DE-00299",
        "from_node": "DN-00531",
        "to_node": "DN-00532",
        "length_m": 350.92,
        "diameter_m": 0.8,
        "slope": 0.0056,
        "roughness_n": 0.013,
        "capacity_m3s": 0.99,
        "blockage_pct": 0.0,
        "channel_type": "roadside_storm_drain"
      }
    },
    {
      "type": "Feature",
      "geometry": {
        "type": "LineString",
        "coordinates": [
          [
            77.605853,
            13.003664
          ],
          [
            77.608911,
            13.002664
          ]
        ]
      },
      "properties": {
        "id": "DE-00300",
        "from_node": "DN-00533",
        "to_node": "DN-00534",
        "length_m": 350.92,
        "diameter_m": 0.8,
        "slope": 0.0056,
        "roughness_n": 0.013,
        "capacity_m3s": 0.99,
        "blockage_pct": 0.0,
        "channel_type": "roadside_storm_drain"
      }
    },
    {
      "type": "Feature",
      "geometry": {
        "type": "LineString",
        "coordinates": [
          [
            77.609239,
            12.970709
          ],
          [
            77.607141,
            12.971418
          ]
        ]
      },
      "properties": {
        "id": "DE-00301",
        "from_node": "DN-00535",
        "to_node": "DN-00536",
        "length_m": 240.73,
        "diameter_m": 0.8,
        "slope": 0.001,
        "roughness_n": 0.013,
        "capacity_m3s": 0.418,
        "blockage_pct": 0.0,
        "channel_type": "roadside_storm_drain"
      }
    },
    {
      "type": "Feature",
      "geometry": {
        "type": "LineString",
        "coordinates": [
          [
            77.607039,
            12.971451
          ],
          [
            77.607141,
            12.971418
          ]
        ]
      },
      "properties": {
        "id": "DE-00302",
        "from_node": "DN-00537",
        "to_node": "DN-00538",
        "length_m": 11.65,
        "diameter_m": 0.8,
        "slope": 0.0309,
        "roughness_n": 0.013,
        "capacity_m3s": 2.324,
        "blockage_pct": 0.0,
        "channel_type": "roadside_storm_drain"
      }
    },
    {
      "type": "Feature",
      "geometry": {
        "type": "LineString",
        "coordinates": [
          [
            77.585822,
            12.961278
          ],
          [
            77.58583,
            12.961328
          ]
        ]
      },
      "properties": {
        "id": "DE-00303",
        "from_node": "DN-00539",
        "to_node": "DN-00540",
        "length_m": 5.63,
        "diameter_m": 0.8,
        "slope": 0.001,
        "roughness_n": 0.013,
        "capacity_m3s": 0.418,
        "blockage_pct": 0.0,
        "channel_type": "roadside_storm_drain"
      }
    },
    {
      "type": "Feature",
      "geometry": {
        "type": "LineString",
        "coordinates": [
          [
            77.585092,
            12.995356
          ],
          [
            77.585052,
            12.995349
          ]
        ]
      },
      "properties": {
        "id": "DE-00304",
        "from_node": "DN-00541",
        "to_node": "DN-00541",
        "length_m": 5.0,
        "diameter_m": 0.8,
        "slope": 0.08,
        "roughness_n": 0.013,
        "capacity_m3s": 3.74,
        "blockage_pct": 0.0,
        "channel_type": "roadside_storm_drain"
      }
    },
    {
      "type": "Feature",
      "geometry": {
        "type": "LineString",
        "coordinates": [
          [
            77.585006,
            12.993456
          ],
          [
            77.58504,
            12.993295
          ]
        ]
      },
      "properties": {
        "id": "DE-00305",
        "from_node": "DN-00412",
        "to_node": "DN-00411",
        "length_m": 18.29,
        "diameter_m": 0.8,
        "slope": 0.001,
        "roughness_n": 0.013,
        "capacity_m3s": 0.418,
        "blockage_pct": 0.0,
        "channel_type": "roadside_storm_drain"
      }
    },
    {
      "type": "Feature",
      "geometry": {
        "type": "LineString",
        "coordinates": [
          [
            77.58527,
            12.99342
          ],
          [
            77.585223,
            12.99372
          ]
        ]
      },
      "properties": {
        "id": "DE-00306",
        "from_node": "DN-00455",
        "to_node": "DN-00542",
        "length_m": 33.82,
        "diameter_m": 0.8,
        "slope": 0.0449,
        "roughness_n": 0.013,
        "capacity_m3s": 2.802,
        "blockage_pct": 0.0,
        "channel_type": "roadside_storm_drain"
      }
    },
    {
      "type": "Feature",
      "geometry": {
        "type": "LineString",
        "coordinates": [
          [
            77.585006,
            12.993456
          ],
          [
            77.585066,
            12.993833
          ]
        ]
      },
      "properties": {
        "id": "DE-00307",
        "from_node": "DN-00412",
        "to_node": "DN-00403",
        "length_m": 44.56,
        "diameter_m": 0.8,
        "slope": 0.0341,
        "roughness_n": 0.013,
        "capacity_m3s": 2.442,
        "blockage_pct": 0.0,
        "channel_type": "roadside_storm_drain"
      }
    },
    {
      "type": "Feature",
      "geometry": {
        "type": "LineString",
        "coordinates": [
          [
            77.585223,
            12.99372
          ],
          [
            77.585066,
            12.993833
          ]
        ]
      },
      "properties": {
        "id": "DE-00308",
        "from_node": "DN-00543",
        "to_node": "DN-00403",
        "length_m": 21.55,
        "diameter_m": 0.8,
        "slope": 0.0186,
        "roughness_n": 0.013,
        "capacity_m3s": 1.803,
        "blockage_pct": 0.0,
        "channel_type": "roadside_storm_drain"
      }
    },
    {
      "type": "Feature",
      "geometry": {
        "type": "LineString",
        "coordinates": [
          [
            77.582515,
            12.984455
          ],
          [
            77.5824,
            12.984443
          ]
        ]
      },
      "properties": {
        "id": "DE-00309",
        "from_node": "DN-00544",
        "to_node": "DN-00189",
        "length_m": 12.53,
        "diameter_m": 0.8,
        "slope": 0.0846,
        "roughness_n": 0.013,
        "capacity_m3s": 3.846,
        "blockage_pct": 0.0,
        "channel_type": "roadside_storm_drain"
      }
    },
    {
      "type": "Feature",
      "geometry": {
        "type": "LineString",
        "coordinates": [
          [
            77.581795,
            12.985096
          ],
          [
            77.579166,
            12.986883
          ]
        ]
      },
      "properties": {
        "id": "DE-00310",
        "from_node": "DN-00545",
        "to_node": "DN-00546",
        "length_m": 348.42,
        "diameter_m": 0.8,
        "slope": 0.0093,
        "roughness_n": 0.013,
        "capacity_m3s": 1.275,
        "blockage_pct": 0.0,
        "channel_type": "roadside_storm_drain"
      }
    },
    {
      "type": "Feature",
      "geometry": {
        "type": "LineString",
        "coordinates": [
          [
            77.582765,
            12.984423
          ],
          [
            77.582467,
            12.984605
          ]
        ]
      },
      "properties": {
        "id": "DE-00311",
        "from_node": "DN-00357",
        "to_node": "DN-00547",
        "length_m": 38.24,
        "diameter_m": 0.8,
        "slope": 0.0554,
        "roughness_n": 0.013,
        "capacity_m3s": 3.112,
        "blockage_pct": 0.0,
        "channel_type": "roadside_storm_drain"
      }
    },
    {
      "type": "Feature",
      "geometry": {
        "type": "LineString",
        "coordinates": [
          [
            77.5771,
            12.979165
          ],
          [
            77.577124,
            12.978873
          ]
        ]
      },
      "properties": {
        "id": "DE-00312",
        "from_node": "DN-00218",
        "to_node": "DN-00548",
        "length_m": 32.57,
        "diameter_m": 0.8,
        "slope": 0.0135,
        "roughness_n": 0.013,
        "capacity_m3s": 1.536,
        "blockage_pct": 0.0,
        "channel_type": "roadside_storm_drain"
      }
    },
    {
      "type": "Feature",
      "geometry": {
        "type": "LineString",
        "coordinates": [
          [
            77.583968,
            12.977113
          ],
          [
            77.58437,
            12.977827
          ]
        ]
      },
      "properties": {
        "id": "DE-00313",
        "from_node": "DN-00085",
        "to_node": "DN-00336",
        "length_m": 90.58,
        "diameter_m": 0.8,
        "slope": 0.0078,
        "roughness_n": 0.013,
        "capacity_m3s": 1.168,
        "blockage_pct": 0.0,
        "channel_type": "roadside_storm_drain"
      }
    },
    {
      "type": "Feature",
      "geometry": {
        "type": "LineString",
        "coordinates": [
          [
            77.590504,
            12.967826
          ],
          [
            77.594643,
            12.967041
          ]
        ]
      },
      "properties": {
        "id": "DE-00314",
        "from_node": "DN-00549",
        "to_node": "DN-00550",
        "length_m": 486.48,
        "diameter_m": 0.8,
        "slope": 0.001,
        "roughness_n": 0.013,
        "capacity_m3s": 0.418,
        "blockage_pct": 0.0,
        "channel_type": "roadside_storm_drain"
      }
    },
    {
      "type": "Feature",
      "geometry": {
        "type": "LineString",
        "coordinates": [
          [
            77.60704,
            12.988244
          ],
          [
            77.607109,
            12.986826
          ]
        ]
      },
      "properties": {
        "id": "DE-00315",
        "from_node": "DN-00112",
        "to_node": "DN-00551",
        "length_m": 157.93,
        "diameter_m": 0.8,
        "slope": 0.0037,
        "roughness_n": 0.013,
        "capacity_m3s": 0.804,
        "blockage_pct": 0.0,
        "channel_type": "roadside_storm_drain"
      }
    },
    {
      "type": "Feature",
      "geometry": {
        "type": "LineString",
        "coordinates": [
          [
            77.60704,
            12.988244
          ],
          [
            77.607109,
            12.986826
          ]
        ]
      },
      "properties": {
        "id": "DE-00316",
        "from_node": "DN-00112",
        "to_node": "DN-00552",
        "length_m": 157.93,
        "diameter_m": 0.8,
        "slope": 0.0037,
        "roughness_n": 0.013,
        "capacity_m3s": 0.804,
        "blockage_pct": 0.0,
        "channel_type": "roadside_storm_drain"
      }
    },
    {
      "type": "Feature",
      "geometry": {
        "type": "LineString",
        "coordinates": [
          [
            77.60704,
            12.988244
          ],
          [
            77.607774,
            12.988098
          ]
        ]
      },
      "properties": {
        "id": "DE-00317",
        "from_node": "DN-00112",
        "to_node": "DN-00553",
        "length_m": 81.19,
        "diameter_m": 0.8,
        "slope": 0.0032,
        "roughness_n": 0.013,
        "capacity_m3s": 0.748,
        "blockage_pct": 0.0,
        "channel_type": "roadside_storm_drain"
      }
    },
    {
      "type": "Feature",
      "geometry": {
        "type": "LineString",
        "coordinates": [
          [
            77.583183,
            13.003765
          ],
          [
            77.578782,
            13.006377
          ]
        ]
      },
      "properties": {
        "id": "DE-00318",
        "from_node": "DN-00554",
        "to_node": "DN-00555",
        "length_m": 558.4,
        "diameter_m": 0.8,
        "slope": 0.0034,
        "roughness_n": 0.013,
        "capacity_m3s": 0.771,
        "blockage_pct": 0.0,
        "channel_type": "roadside_storm_drain"
      }
    },
    {
      "type": "Feature",
      "geometry": {
        "type": "LineString",
        "coordinates": [
          [
            77.578782,
            13.006377
          ],
          [
            77.578682,
            13.00616
          ]
        ]
      },
      "properties": {
        "id": "DE-00319",
        "from_node": "DN-00556",
        "to_node": "DN-00557",
        "length_m": 26.47,
        "diameter_m": 0.8,
        "slope": 0.0616,
        "roughness_n": 0.013,
        "capacity_m3s": 3.282,
        "blockage_pct": 0.0,
        "channel_type": "roadside_storm_drain"
      }
    },
    {
      "type": "Feature",
      "geometry": {
        "type": "LineString",
        "coordinates": [
          [
            77.578678,
            13.006444
          ],
          [
            77.578729,
            13.006516
          ]
        ]
      },
      "properties": {
        "id": "DE-00320",
        "from_node": "DN-00558",
        "to_node": "DN-00559",
        "length_m": 9.73,
        "diameter_m": 0.8,
        "slope": 0.001,
        "roughness_n": 0.013,
        "capacity_m3s": 0.418,
        "blockage_pct": 0.0,
        "channel_type": "roadside_storm_drain"
      }
    },
    {
      "type": "Feature",
      "geometry": {
        "type": "LineString",
        "coordinates": [
          [
            77.597438,
            12.984236
          ],
          [
            77.597284,
            12.984424
          ]
        ]
      },
      "properties": {
        "id": "DE-00321",
        "from_node": "DN-00560",
        "to_node": "DN-00561",
        "length_m": 26.84,
        "diameter_m": 0.8,
        "slope": 0.0115,
        "roughness_n": 0.013,
        "capacity_m3s": 1.418,
        "blockage_pct": 0.0,
        "channel_type": "roadside_storm_drain"
      }
    },
    {
      "type": "Feature",
      "geometry": {
        "type": "LineString",
        "coordinates": [
          [
            77.597438,
            12.984236
          ],
          [
            77.598564,
            12.984112
          ]
        ]
      },
      "properties": {
        "id": "DE-00322",
        "from_node": "DN-00562",
        "to_node": "DN-00563",
        "length_m": 127.87,
        "diameter_m": 0.8,
        "slope": 0.0349,
        "roughness_n": 0.013,
        "capacity_m3s": 2.47,
        "blockage_pct": 0.0,
        "channel_type": "roadside_storm_drain"
      }
    },
    {
      "type": "Feature",
      "geometry": {
        "type": "LineString",
        "coordinates": [
          [
            77.603217,
            12.984187
          ],
          [
            77.603113,
            12.98422
          ]
        ]
      },
      "properties": {
        "id": "DE-00323",
        "from_node": "DN-00564",
        "to_node": "DN-00565",
        "length_m": 11.85,
        "diameter_m": 0.8,
        "slope": 0.001,
        "roughness_n": 0.013,
        "capacity_m3s": 0.418,
        "blockage_pct": 0.0,
        "channel_type": "roadside_storm_drain"
      }
    },
    {
      "type": "Feature",
      "geometry": {
        "type": "LineString",
        "coordinates": [
          [
            77.601622,
            12.984614
          ],
          [
            77.60163,
            12.984573
          ]
        ]
      },
      "properties": {
        "id": "DE-00324",
        "from_node": "DN-00566",
        "to_node": "DN-00567",
        "length_m": 5.0,
        "diameter_m": 0.8,
        "slope": 0.026,
        "roughness_n": 0.013,
        "capacity_m3s": 2.132,
        "blockage_pct": 0.0,
        "channel_type": "roadside_storm_drain"
      }
    },
    {
      "type": "Feature",
      "geometry": {
        "type": "LineString",
        "coordinates": [
          [
            77.606723,
            12.966217
          ],
          [
            77.606012,
            12.968434
          ]
        ]
      },
      "properties": {
        "id": "DE-00325",
        "from_node": "DN-00568",
        "to_node": "DN-00569",
        "length_m": 259.46,
        "diameter_m": 0.8,
        "slope": 0.003,
        "roughness_n": 0.013,
        "capacity_m3s": 0.724,
        "blockage_pct": 0.0,
        "channel_type": "roadside_storm_drain"
      }
    },
    {
      "type": "Feature",
      "geometry": {
        "type": "LineString",
        "coordinates": [
          [
            77.604807,
            12.970902
          ],
          [
            77.606012,
            12.968434
          ]
        ]
      },
      "properties": {
        "id": "DE-00326",
        "from_node": "DN-00570",
        "to_node": "DN-00571",
        "length_m": 303.93,
        "diameter_m": 0.8,
        "slope": 0.009,
        "roughness_n": 0.013,
        "capacity_m3s": 1.254,
        "blockage_pct": 0.0,
        "channel_type": "roadside_storm_drain"
      }
    },
    {
      "type": "Feature",
      "geometry": {
        "type": "LineString",
        "coordinates": [
          [
            77.584314,
            12.997801
          ],
          [
            77.58447,
            12.997802
          ]
        ]
      },
      "properties": {
        "id": "DE-00327",
        "from_node": "DN-00392",
        "to_node": "DN-00522",
        "length_m": 16.9,
        "diameter_m": 0.8,
        "slope": 0.0012,
        "roughness_n": 0.013,
        "capacity_m3s": 0.458,
        "blockage_pct": 0.0,
        "channel_type": "roadside_storm_drain"
      }
    },
    {
      "type": "Feature",
      "geometry": {
        "type": "LineString",
        "coordinates": [
          [
            77.575721,
            13.009406
          ],
          [
            77.578886,
            13.006677
          ]
        ]
      },
      "properties": {
        "id": "DE-00328",
        "from_node": "DN-00515",
        "to_node": "DN-00572",
        "length_m": 467.04,
        "diameter_m": 0.8,
        "slope": 0.0055,
        "roughness_n": 0.013,
        "capacity_m3s": 0.981,
        "blockage_pct": 0.0,
        "channel_type": "roadside_storm_drain"
      }
    },
    {
      "type": "Feature",
      "geometry": {
        "type": "LineString",
        "coordinates": [
          [
            77.588343,
            12.977241
          ],
          [
            77.588656,
            12.97665
          ]
        ]
      },
      "properties": {
        "id": "DE-00329",
        "from_node": "DN-00573",
        "to_node": "DN-00574",
        "length_m": 73.97,
        "diameter_m": 0.8,
        "slope": 0.0256,
        "roughness_n": 0.013,
        "capacity_m3s": 2.116,
        "blockage_pct": 0.0,
        "channel_type": "roadside_storm_drain"
      }
    },
    {
      "type": "Feature",
      "geometry": {
        "type": "LineString",
        "coordinates": [
          [
            77.588343,
            12.977241
          ],
          [
            77.588656,
            12.97665
          ]
        ]
      },
      "properties": {
        "id": "DE-00330",
        "from_node": "DN-00575",
        "to_node": "DN-00576",
        "length_m": 73.97,
        "diameter_m": 0.8,
        "slope": 0.0256,
        "roughness_n": 0.013,
        "capacity_m3s": 2.116,
        "blockage_pct": 0.0,
        "channel_type": "roadside_storm_drain"
      }
    },
    {
      "type": "Feature",
      "geometry": {
        "type": "LineString",
        "coordinates": [
          [
            77.592651,
            12.967723
          ],
          [
            77.59218,
            12.962471
          ]
        ]
      },
      "properties": {
        "id": "DE-00331",
        "from_node": "DN-00309",
        "to_node": "DN-00265",
        "length_m": 586.6,
        "diameter_m": 0.8,
        "slope": 0.0094,
        "roughness_n": 0.013,
        "capacity_m3s": 1.282,
        "blockage_pct": 0.0,
        "channel_type": "roadside_storm_drain"
      }
    },
    {
      "type": "Feature",
      "geometry": {
        "type": "LineString",
        "coordinates": [
          [
            77.581844,
            12.979699
          ],
          [
            77.579617,
            12.980414
          ]
        ]
      },
      "properties": {
        "id": "DE-00332",
        "from_node": "DN-00577",
        "to_node": "DN-00578",
        "length_m": 259.36,
        "diameter_m": 0.8,
        "slope": 0.0201,
        "roughness_n": 0.013,
        "capacity_m3s": 1.875,
        "blockage_pct": 0.0,
        "channel_type": "roadside_storm_drain"
      }
    },
    {
      "type": "Feature",
      "geometry": {
        "type": "LineString",
        "coordinates": [
          [
            77.589647,
            12.995501
          ],
          [
            77.589809,
            12.995197
          ]
        ]
      },
      "properties": {
        "id": "DE-00333",
        "from_node": "DN-00579",
        "to_node": "DN-00580",
        "length_m": 38.09,
        "diameter_m": 0.8,
        "slope": 0.0543,
        "roughness_n": 0.013,
        "capacity_m3s": 3.081,
        "blockage_pct": 0.0,
        "channel_type": "roadside_storm_drain"
      }
    },
    {
      "type": "Feature",
      "geometry": {
        "type": "LineString",
        "coordinates": [
          [
            77.58886,
            12.993195
          ],
          [
            77.589706,
            12.995141
          ]
        ]
      },
      "properties": {
        "id": "DE-00334",
        "from_node": "DN-00581",
        "to_node": "DN-00582",
        "length_m": 235.31,
        "diameter_m": 0.8,
        "slope": 0.0104,
        "roughness_n": 0.013,
        "capacity_m3s": 1.349,
        "blockage_pct": 0.0,
        "channel_type": "roadside_storm_drain"
      }
    },
    {
      "type": "Feature",
      "geometry": {
        "type": "LineString",
        "coordinates": [
          [
            77.589529,
            12.995526
          ],
          [
            77.589709,
            12.995193
          ]
        ]
      },
      "properties": {
        "id": "DE-00335",
        "from_node": "DN-00521",
        "to_node": "DN-00583",
        "length_m": 41.85,
        "diameter_m": 0.8,
        "slope": 0.0146,
        "roughness_n": 0.013,
        "capacity_m3s": 1.598,
        "blockage_pct": 0.0,
        "channel_type": "roadside_storm_drain"
      }
    },
    {
      "type": "Feature",
      "geometry": {
        "type": "LineString",
        "coordinates": [
          [
            77.588939,
            12.993185
          ],
          [
            77.589469,
            12.994479
          ]
        ]
      },
      "properties": {
        "id": "DE-00336",
        "from_node": "DN-00138",
        "to_node": "DN-00584",
        "length_m": 154.92,
        "diameter_m": 0.8,
        "slope": 0.0103,
        "roughness_n": 0.013,
        "capacity_m3s": 1.342,
        "blockage_pct": 0.0,
        "channel_type": "roadside_storm_drain"
      }
    },
    {
      "type": "Feature",
      "geometry": {
        "type": "LineString",
        "coordinates": [
          [
            77.58194,
            12.99857
          ],
          [
            77.581326,
            12.999018
          ]
        ]
      },
      "properties": {
        "id": "DE-00337",
        "from_node": "DN-00585",
        "to_node": "DN-00399",
        "length_m": 83.14,
        "diameter_m": 0.8,
        "slope": 0.0022,
        "roughness_n": 0.013,
        "capacity_m3s": 0.62,
        "blockage_pct": 0.0,
        "channel_type": "roadside_storm_drain"
      }
    },
    {
      "type": "Feature",
      "geometry": {
        "type": "LineString",
        "coordinates": [
          [
            77.5935,
            13.011887
          ],
          [
            77.593963,
            13.011905
          ]
        ]
      },
      "properties": {
        "id": "DE-00338",
        "from_node": "DN-00275",
        "to_node": "DN-00586",
        "length_m": 50.22,
        "diameter_m": 0.8,
        "slope": 0.0283,
        "roughness_n": 0.013,
        "capacity_m3s": 2.225,
        "blockage_pct": 0.0,
        "channel_type": "roadside_storm_drain"
      }
    },
    {
      "type": "Feature",
      "geometry": {
        "type": "LineString",
        "coordinates": [
          [
            77.5935,
            13.011887
          ],
          [
            77.593963,
            13.011905
          ]
        ]
      },
      "properties": {
        "id": "DE-00339",
        "from_node": "DN-00275",
        "to_node": "DN-00587",
        "length_m": 50.22,
        "diameter_m": 0.8,
        "slope": 0.0283,
        "roughness_n": 0.013,
        "capacity_m3s": 2.225,
        "blockage_pct": 0.0,
        "channel_type": "roadside_storm_drain"
      }
    },
    {
      "type": "Feature",
      "geometry": {
        "type": "LineString",
        "coordinates": [
          [
            77.593463,
            13.011973
          ],
          [
            77.593767,
            13.012407
          ]
        ]
      },
      "properties": {
        "id": "DE-00340",
        "from_node": "DN-00588",
        "to_node": "DN-00589",
        "length_m": 65.35,
        "diameter_m": 0.8,
        "slope": 0.0205,
        "roughness_n": 0.013,
        "capacity_m3s": 1.893,
        "blockage_pct": 0.0,
        "channel_type": "roadside_storm_drain"
      }
    },
    {
      "type": "Feature",
      "geometry": {
        "type": "LineString",
        "coordinates": [
          [
            77.593767,
            13.012407
          ],
          [
            77.59411,
            13.011902
          ]
        ]
      },
      "properties": {
        "id": "DE-00341",
        "from_node": "DN-00590",
        "to_node": "DN-00591",
        "length_m": 67.42,
        "diameter_m": 0.8,
        "slope": 0.0165,
        "roughness_n": 0.013,
        "capacity_m3s": 1.699,
        "blockage_pct": 0.0,
        "channel_type": "roadside_storm_drain"
      }
    },
    {
      "type": "Feature",
      "geometry": {
        "type": "LineString",
        "coordinates": [
          [
            77.578924,
            13.006593
          ],
          [
            77.578833,
            13.006455
          ]
        ]
      },
      "properties": {
        "id": "DE-00342",
        "from_node": "DN-00592",
        "to_node": "DN-00558",
        "length_m": 18.24,
        "diameter_m": 0.8,
        "slope": 0.001,
        "roughness_n": 0.013,
        "capacity_m3s": 0.418,
        "blockage_pct": 0.0,
        "channel_type": "roadside_storm_drain"
      }
    },
    {
      "type": "Feature",
      "geometry": {
        "type": "LineString",
        "coordinates": [
          [
            77.578886,
            13.006677
          ],
          [
            77.578729,
            13.006516
          ]
        ]
      },
      "properties": {
        "id": "DE-00343",
        "from_node": "DN-00593",
        "to_node": "DN-00594",
        "length_m": 24.74,
        "diameter_m": 0.8,
        "slope": 0.0627,
        "roughness_n": 0.013,
        "capacity_m3s": 3.311,
        "blockage_pct": 0.0,
        "channel_type": "roadside_storm_drain"
      }
    },
    {
      "type": "Feature",
      "geometry": {
        "type": "LineString",
        "coordinates": [
          [
            77.579743,
            13.005926
          ],
          [
            77.578833,
            13.006455
          ]
        ]
      },
      "properties": {
        "id": "DE-00344",
        "from_node": "DN-00595",
        "to_node": "DN-00558",
        "length_m": 114.81,
        "diameter_m": 0.8,
        "slope": 0.0129,
        "roughness_n": 0.013,
        "capacity_m3s": 1.502,
        "blockage_pct": 0.0,
        "channel_type": "roadside_storm_drain"
      }
    },
    {
      "type": "Feature",
      "geometry": {
        "type": "LineString",
        "coordinates": [
          [
            77.582384,
            13.004371
          ],
          [
            77.58326,
            13.003924
          ]
        ]
      },
      "properties": {
        "id": "DE-00345",
        "from_node": "DN-00596",
        "to_node": "DN-00597",
        "length_m": 107.49,
        "diameter_m": 0.8,
        "slope": 0.0025,
        "roughness_n": 0.013,
        "capacity_m3s": 0.661,
        "blockage_pct": 0.0,
        "channel_type": "roadside_storm_drain"
      }
    },
    {
      "type": "Feature",
      "geometry": {
        "type": "LineString",
        "coordinates": [
          [
            77.579382,
            12.995671
          ],
          [
            77.579342,
            12.995638
          ]
        ]
      },
      "properties": {
        "id": "DE-00346",
        "from_node": "DN-00598",
        "to_node": "DN-00599",
        "length_m": 5.68,
        "diameter_m": 0.8,
        "slope": 0.001,
        "roughness_n": 0.013,
        "capacity_m3s": 0.418,
        "blockage_pct": 0.0,
        "channel_type": "roadside_storm_drain"
      }
    },
    {
      "type": "Feature",
      "geometry": {
        "type": "LineString",
        "coordinates": [
          [
            77.579342,
            12.995638
          ],
          [
            77.579382,
            12.995671
          ]
        ]
      },
      "properties": {
        "id": "DE-00347",
        "from_node": "DN-00600",
        "to_node": "DN-00601",
        "length_m": 5.68,
        "diameter_m": 0.8,
        "slope": 0.001,
        "roughness_n": 0.013,
        "capacity_m3s": 0.418,
        "blockage_pct": 0.0,
        "channel_type": "roadside_storm_drain"
      }
    },
    {
      "type": "Feature",
      "geometry": {
        "type": "LineString",
        "coordinates": [
          [
            77.578101,
            12.999275
          ],
          [
            77.574692,
            12.998937
          ]
        ]
      },
      "properties": {
        "id": "DE-00348",
        "from_node": "DN-00400",
        "to_node": "DN-00602",
        "length_m": 373.66,
        "diameter_m": 0.8,
        "slope": 0.0065,
        "roughness_n": 0.013,
        "capacity_m3s": 1.066,
        "blockage_pct": 0.0,
        "channel_type": "roadside_storm_drain"
      }
    },
    {
      "type": "Feature",
      "geometry": {
        "type": "LineString",
        "coordinates": [
          [
            77.578499,
            13.001849
          ],
          [
            77.578101,
            12.999275
          ]
        ]
      },
      "properties": {
        "id": "DE-00349",
        "from_node": "DN-00603",
        "to_node": "DN-00400",
        "length_m": 289.84,
        "diameter_m": 0.8,
        "slope": 0.0229,
        "roughness_n": 0.013,
        "capacity_m3s": 2.001,
        "blockage_pct": 0.0,
        "channel_type": "roadside_storm_drain"
      }
    },
    {
      "type": "Feature",
      "geometry": {
        "type": "LineString",
        "coordinates": [
          [
            77.602388,
            12.979205
          ],
          [
            77.601792,
            12.976639
          ]
        ]
      },
      "properties": {
        "id": "DE-00350",
        "from_node": "DN-00385",
        "to_node": "DN-00504",
        "length_m": 293.07,
        "diameter_m": 0.8,
        "slope": 0.0089,
        "roughness_n": 0.013,
        "capacity_m3s": 1.248,
        "blockage_pct": 0.0,
        "channel_type": "roadside_storm_drain"
      }
    },
    {
      "type": "Feature",
      "geometry": {
        "type": "LineString",
        "coordinates": [
          [
            77.584091,
            12.961474
          ],
          [
            77.583603,
            12.960486
          ]
        ]
      },
      "properties": {
        "id": "DE-00351",
        "from_node": "DN-00604",
        "to_node": "DN-00605",
        "length_m": 121.93,
        "diameter_m": 0.8,
        "slope": 0.0151,
        "roughness_n": 0.013,
        "capacity_m3s": 1.625,
        "blockage_pct": 0.0,
        "channel_type": "roadside_storm_drain"
      }
    },
    {
      "type": "Feature",
      "geometry": {
        "type": "LineString",
        "coordinates": [
          [
            77.607291,
            12.993526
          ],
          [
            77.607239,
            12.99354
          ]
        ]
      },
      "properties": {
        "id": "DE-00352",
        "from_node": "DN-00606",
        "to_node": "DN-00427",
        "length_m": 5.85,
        "diameter_m": 0.8,
        "slope": 0.001,
        "roughness_n": 0.013,
        "capacity_m3s": 0.418,
        "blockage_pct": 0.0,
        "channel_type": "roadside_storm_drain"
      }
    },
    {
      "type": "Feature",
      "geometry": {
        "type": "LineString",
        "coordinates": [
          [
            77.588604,
            12.990511
          ],
          [
            77.588568,
            12.990767
          ]
        ]
      },
      "properties": {
        "id": "DE-00353",
        "from_node": "DN-00237",
        "to_node": "DN-00607",
        "length_m": 30.68,
        "diameter_m": 0.8,
        "slope": 0.0088,
        "roughness_n": 0.013,
        "capacity_m3s": 1.24,
        "blockage_pct": 0.0,
        "channel_type": "roadside_storm_drain"
      }
    },
    {
      "type": "Feature",
      "geometry": {
        "type": "LineString",
        "coordinates": [
          [
            77.588874,
            12.993127
          ],
          [
            77.589005,
            12.993127
          ]
        ]
      },
      "properties": {
        "id": "DE-00354",
        "from_node": "DN-00138",
        "to_node": "DN-00137",
        "length_m": 14.19,
        "diameter_m": 0.8,
        "slope": 0.001,
        "roughness_n": 0.013,
        "capacity_m3s": 0.418,
        "blockage_pct": 0.0,
        "channel_type": "roadside_storm_drain"
      }
    },
    {
      "type": "Feature",
      "geometry": {
        "type": "LineString",
        "coordinates": [
          [
            77.584069,
            13.002591
          ],
          [
            77.584059,
            13.002715
          ]
        ]
      },
      "properties": {
        "id": "DE-00355",
        "from_node": "DN-00393",
        "to_node": "DN-00608",
        "length_m": 13.83,
        "diameter_m": 0.8,
        "slope": 0.001,
        "roughness_n": 0.013,
        "capacity_m3s": 0.418,
        "blockage_pct": 0.0,
        "channel_type": "roadside_storm_drain"
      }
    },
    {
      "type": "Feature",
      "geometry": {
        "type": "LineString",
        "coordinates": [
          [
            77.578499,
            13.001849
          ],
          [
            77.572799,
            13.001882
          ]
        ]
      },
      "properties": {
        "id": "DE-00356",
        "from_node": "DN-00609",
        "to_node": "DN-00610",
        "length_m": 617.73,
        "diameter_m": 0.8,
        "slope": 0.0069,
        "roughness_n": 0.013,
        "capacity_m3s": 1.098,
        "blockage_pct": 0.0,
        "channel_type": "roadside_storm_drain"
      }
    },
    {
      "type": "Feature",
      "geometry": {
        "type": "LineString",
        "coordinates": [
          [
            77.578513,
            13.002629
          ],
          [
            77.578499,
            13.001849
          ]
        ]
      },
      "properties": {
        "id": "DE-00357",
        "from_node": "DN-00611",
        "to_node": "DN-00612",
        "length_m": 86.75,
        "diameter_m": 0.8,
        "slope": 0.0167,
        "roughness_n": 0.013,
        "capacity_m3s": 1.709,
        "blockage_pct": 0.0,
        "channel_type": "roadside_storm_drain"
      }
    },
    {
      "type": "Feature",
      "geometry": {
        "type": "LineString",
        "coordinates": [
          [
            77.584316,
            12.99775
          ],
          [
            77.584133,
            12.997756
          ]
        ]
      },
      "properties": {
        "id": "DE-00358",
        "from_node": "DN-00392",
        "to_node": "DN-00613",
        "length_m": 19.84,
        "diameter_m": 0.8,
        "slope": 0.004,
        "roughness_n": 0.013,
        "capacity_m3s": 0.836,
        "blockage_pct": 0.0,
        "channel_type": "roadside_storm_drain"
      }
    },
    {
      "type": "Feature",
      "geometry": {
        "type": "LineString",
        "coordinates": [
          [
            77.582022,
            12.998507
          ],
          [
            77.582848,
            12.997773
          ]
        ]
      },
      "properties": {
        "id": "DE-00359",
        "from_node": "DN-00585",
        "to_node": "DN-00614",
        "length_m": 121.15,
        "diameter_m": 0.8,
        "slope": 0.0069,
        "roughness_n": 0.013,
        "capacity_m3s": 1.098,
        "blockage_pct": 0.0,
        "channel_type": "roadside_storm_drain"
      }
    },
    {
      "type": "Feature",
      "geometry": {
        "type": "LineString",
        "coordinates": [
          [
            77.599976,
            13.00468
          ],
          [
            77.603591,
            13.003132
          ]
        ]
      },
      "properties": {
        "id": "DE-00360",
        "from_node": "DN-00295",
        "to_node": "DN-00152",
        "length_m": 430.65,
        "diameter_m": 0.8,
        "slope": 0.0064,
        "roughness_n": 0.013,
        "capacity_m3s": 1.058,
        "blockage_pct": 0.0,
        "channel_type": "roadside_storm_drain"
      }
    },
    {
      "type": "Feature",
      "geometry": {
        "type": "LineString",
        "coordinates": [
          [
            77.587501,
            12.97908
          ],
          [
            77.588343,
            12.977241
          ]
        ]
      },
      "properties": {
        "id": "DE-00361",
        "from_node": "DN-00615",
        "to_node": "DN-00575",
        "length_m": 225.64,
        "diameter_m": 0.8,
        "slope": 0.0256,
        "roughness_n": 0.013,
        "capacity_m3s": 2.116,
        "blockage_pct": 0.0,
        "channel_type": "roadside_storm_drain"
      }
    },
    {
      "type": "Feature",
      "geometry": {
        "type": "LineString",
        "coordinates": [
          [
            77.588551,
            12.981767
          ],
          [
            77.588469,
            12.981537
          ]
        ]
      },
      "properties": {
        "id": "DE-00362",
        "from_node": "DN-00302",
        "to_node": "DN-00616",
        "length_m": 27.73,
        "diameter_m": 0.8,
        "slope": 0.0267,
        "roughness_n": 0.013,
        "capacity_m3s": 2.161,
        "blockage_pct": 0.0,
        "channel_type": "roadside_storm_drain"
      }
    },
    {
      "type": "Feature",
      "geometry": {
        "type": "LineString",
        "coordinates": [
          [
            77.588551,
            12.981767
          ],
          [
            77.588637,
            12.981549
          ]
        ]
      },
      "properties": {
        "id": "DE-00363",
        "from_node": "DN-00302",
        "to_node": "DN-00617",
        "length_m": 25.97,
        "diameter_m": 0.8,
        "slope": 0.0393,
        "roughness_n": 0.013,
        "capacity_m3s": 2.621,
        "blockage_pct": 0.0,
        "channel_type": "roadside_storm_drain"
      }
    },
    {
      "type": "Feature",
      "geometry": {
        "type": "LineString",
        "coordinates": [
          [
            77.599334,
            12.9767
          ],
          [
            77.599352,
            12.976616
          ]
        ]
      },
      "properties": {
        "id": "DE-00364",
        "from_node": "DN-00384",
        "to_node": "DN-00618",
        "length_m": 9.54,
        "diameter_m": 0.8,
        "slope": 0.0367,
        "roughness_n": 0.013,
        "capacity_m3s": 2.533,
        "blockage_pct": 0.0,
        "channel_type": "roadside_storm_drain"
      }
    },
    {
      "type": "Feature",
      "geometry": {
        "type": "LineString",
        "coordinates": [
          [
            77.599352,
            12.976616
          ],
          [
            77.59923,
            12.976572
          ]
        ]
      },
      "properties": {
        "id": "DE-00365",
        "from_node": "DN-00619",
        "to_node": "DN-00244",
        "length_m": 14.1,
        "diameter_m": 0.8,
        "slope": 0.001,
        "roughness_n": 0.013,
        "capacity_m3s": 0.418,
        "blockage_pct": 0.0,
        "channel_type": "roadside_storm_drain"
      }
    },
    {
      "type": "Feature",
      "geometry": {
        "type": "LineString",
        "coordinates": [
          [
            77.586307,
            12.976517
          ],
          [
            77.587049,
            12.975926
          ]
        ]
      },
      "properties": {
        "id": "DE-00366",
        "from_node": "DN-00620",
        "to_node": "DN-00621",
        "length_m": 104.05,
        "diameter_m": 0.8,
        "slope": 0.0347,
        "roughness_n": 0.013,
        "capacity_m3s": 2.463,
        "blockage_pct": 0.0,
        "channel_type": "roadside_storm_drain"
      }
    },
    {
      "type": "Feature",
      "geometry": {
        "type": "LineString",
        "coordinates": [
          [
            77.584695,
            12.977654
          ],
          [
            77.586307,
            12.976517
          ]
        ]
      },
      "properties": {
        "id": "DE-00367",
        "from_node": "DN-00457",
        "to_node": "DN-00622",
        "length_m": 215.66,
        "diameter_m": 0.8,
        "slope": 0.0149,
        "roughness_n": 0.013,
        "capacity_m3s": 1.614,
        "blockage_pct": 0.0,
        "channel_type": "roadside_storm_drain"
      }
    },
    {
      "type": "Feature",
      "geometry": {
        "type": "LineString",
        "coordinates": [
          [
            77.588707,
            12.980976
          ],
          [
            77.587501,
            12.97908
          ]
        ]
      },
      "properties": {
        "id": "DE-00368",
        "from_node": "DN-00306",
        "to_node": "DN-00623",
        "length_m": 254.84,
        "diameter_m": 0.8,
        "slope": 0.0036,
        "roughness_n": 0.013,
        "capacity_m3s": 0.793,
        "blockage_pct": 0.0,
        "channel_type": "roadside_storm_drain"
      }
    },
    {
      "type": "Feature",
      "geometry": {
        "type": "LineString",
        "coordinates": [
          [
            77.595902,
            12.981473
          ],
          [
            77.596293,
            12.981354
          ]
        ]
      },
      "properties": {
        "id": "DE-00369",
        "from_node": "DN-00624",
        "to_node": "DN-00625",
        "length_m": 44.39,
        "diameter_m": 0.8,
        "slope": 0.0293,
        "roughness_n": 0.013,
        "capacity_m3s": 2.263,
        "blockage_pct": 0.0,
        "channel_type": "roadside_storm_drain"
      }
    },
    {
      "type": "Feature",
      "geometry": {
        "type": "LineString",
        "coordinates": [
          [
            77.602501,
            12.97917
          ],
          [
            77.602201,
            12.977906
          ]
        ]
      },
      "properties": {
        "id": "DE-00370",
        "from_node": "DN-00626",
        "to_node": "DN-00627",
        "length_m": 144.26,
        "diameter_m": 0.8,
        "slope": 0.0049,
        "roughness_n": 0.013,
        "capacity_m3s": 0.926,
        "blockage_pct": 0.0,
        "channel_type": "roadside_storm_drain"
      }
    },
    {
      "type": "Feature",
      "geometry": {
        "type": "LineString",
        "coordinates": [
          [
            77.602201,
            12.977906
          ],
          [
            77.601864,
            12.976637
          ]
        ]
      },
      "properties": {
        "id": "DE-00371",
        "from_node": "DN-00628",
        "to_node": "DN-00504",
        "length_m": 145.89,
        "diameter_m": 0.8,
        "slope": 0.0088,
        "roughness_n": 0.013,
        "capacity_m3s": 1.24,
        "blockage_pct": 0.0,
        "channel_type": "roadside_storm_drain"
      }
    },
    {
      "type": "Feature",
      "geometry": {
        "type": "LineString",
        "coordinates": [
          [
            77.595861,
            12.983192
          ],
          [
            77.597151,
            12.982727
          ]
        ]
      },
      "properties": {
        "id": "DE-00372",
        "from_node": "DN-00125",
        "to_node": "DN-00364",
        "length_m": 149.05,
        "diameter_m": 0.8,
        "slope": 0.0323,
        "roughness_n": 0.013,
        "capacity_m3s": 2.377,
        "blockage_pct": 0.0,
        "channel_type": "roadside_storm_drain"
      }
    },
    {
      "type": "Feature",
      "geometry": {
        "type": "LineString",
        "coordinates": [
          [
            77.594783,
            12.981859
          ],
          [
            77.588743,
            12.976566
          ]
        ]
      },
      "properties": {
        "id": "DE-00373",
        "from_node": "DN-00629",
        "to_node": "DN-00630",
        "length_m": 888.66,
        "diameter_m": 0.8,
        "slope": 0.0252,
        "roughness_n": 0.013,
        "capacity_m3s": 2.099,
        "blockage_pct": 0.0,
        "channel_type": "roadside_storm_drain"
      }
    },
    {
      "type": "Feature",
      "geometry": {
        "type": "LineString",
        "coordinates": [
          [
            77.58844,
            12.976425
          ],
          [
            77.588743,
            12.976566
          ]
        ]
      },
      "properties": {
        "id": "DE-00374",
        "from_node": "DN-00631",
        "to_node": "DN-00630",
        "length_m": 36.38,
        "diameter_m": 0.8,
        "slope": 0.0058,
        "roughness_n": 0.013,
        "capacity_m3s": 1.007,
        "blockage_pct": 0.0,
        "channel_type": "roadside_storm_drain"
      }
    },
    {
      "type": "Feature",
      "geometry": {
        "type": "LineString",
        "coordinates": [
          [
            77.594392,
            12.985298
          ],
          [
            77.595077,
            12.986905
          ]
        ]
      },
      "properties": {
        "id": "DE-00375",
        "from_node": "DN-00530",
        "to_node": "DN-00333",
        "length_m": 194.7,
        "diameter_m": 0.8,
        "slope": 0.0285,
        "roughness_n": 0.013,
        "capacity_m3s": 2.232,
        "blockage_pct": 0.0,
        "channel_type": "roadside_storm_drain"
      }
    },
    {
      "type": "Feature",
      "geometry": {
        "type": "LineString",
        "coordinates": [
          [
            77.5974,
            12.980895
          ],
          [
            77.597611,
            12.980517
          ]
        ]
      },
      "properties": {
        "id": "DE-00376",
        "from_node": "DN-00387",
        "to_node": "DN-00632",
        "length_m": 47.95,
        "diameter_m": 0.8,
        "slope": 0.0405,
        "roughness_n": 0.013,
        "capacity_m3s": 2.661,
        "blockage_pct": 0.0,
        "channel_type": "roadside_storm_drain"
      }
    },
    {
      "type": "Feature",
      "geometry": {
        "type": "LineString",
        "coordinates": [
          [
            77.600917,
            12.979822
          ],
          [
            77.602424,
            12.979315
          ]
        ]
      },
      "properties": {
        "id": "DE-00377",
        "from_node": "DN-00633",
        "to_node": "DN-00634",
        "length_m": 172.75,
        "diameter_m": 0.8,
        "slope": 0.0308,
        "roughness_n": 0.013,
        "capacity_m3s": 2.321,
        "blockage_pct": 0.0,
        "channel_type": "roadside_storm_drain"
      }
    },
    {
      "type": "Feature",
      "geometry": {
        "type": "LineString",
        "coordinates": [
          [
            77.601945,
            12.995483
          ],
          [
            77.601946,
            12.995427
          ]
        ]
      },
      "properties": {
        "id": "DE-00378",
        "from_node": "DN-00286",
        "to_node": "DN-00286",
        "length_m": 6.23,
        "diameter_m": 0.8,
        "slope": 0.001,
        "roughness_n": 0.013,
        "capacity_m3s": 0.418,
        "blockage_pct": 0.0,
        "channel_type": "roadside_storm_drain"
      }
    },
    {
      "type": "Feature",
      "geometry": {
        "type": "LineString",
        "coordinates": [
          [
            77.604043,
            12.994869
          ],
          [
            77.604595,
            12.994664
          ]
        ]
      },
      "properties": {
        "id": "DE-00379",
        "from_node": "DN-00635",
        "to_node": "DN-00636",
        "length_m": 64.0,
        "diameter_m": 0.8,
        "slope": 0.0189,
        "roughness_n": 0.013,
        "capacity_m3s": 1.818,
        "blockage_pct": 0.0,
        "channel_type": "roadside_storm_drain"
      }
    },
    {
      "type": "Feature",
      "geometry": {
        "type": "LineString",
        "coordinates": [
          [
            77.594808,
            12.982096
          ],
          [
            77.595692,
            12.983188
          ]
        ]
      },
      "properties": {
        "id": "DE-00380",
        "from_node": "DN-00481",
        "to_node": "DN-00637",
        "length_m": 154.66,
        "diameter_m": 0.8,
        "slope": 0.0239,
        "roughness_n": 0.013,
        "capacity_m3s": 2.044,
        "blockage_pct": 0.0,
        "channel_type": "roadside_storm_drain"
      }
    },
    {
      "type": "Feature",
      "geometry": {
        "type": "LineString",
        "coordinates": [
          [
            77.58678,
            12.975656
          ],
          [
            77.587065,
            12.975764
          ]
        ]
      },
      "properties": {
        "id": "DE-00381",
        "from_node": "DN-00638",
        "to_node": "DN-00348",
        "length_m": 33.15,
        "diameter_m": 0.8,
        "slope": 0.0271,
        "roughness_n": 0.013,
        "capacity_m3s": 2.177,
        "blockage_pct": 0.0,
        "channel_type": "roadside_storm_drain"
      }
    },
    {
      "type": "Feature",
      "geometry": {
        "type": "LineString",
        "coordinates": [
          [
            77.58158,
            12.972823
          ],
          [
            77.58678,
            12.975656
          ]
        ]
      },
      "properties": {
        "id": "DE-00382",
        "from_node": "DN-00389",
        "to_node": "DN-00639",
        "length_m": 647.35,
        "diameter_m": 0.8,
        "slope": 0.005,
        "roughness_n": 0.013,
        "capacity_m3s": 0.935,
        "blockage_pct": 0.0,
        "channel_type": "roadside_storm_drain"
      }
    },
    {
      "type": "Feature",
      "geometry": {
        "type": "LineString",
        "coordinates": [
          [
            77.58187,
            12.979539
          ],
          [
            77.581424,
            12.978863
          ]
        ]
      },
      "properties": {
        "id": "DE-00383",
        "from_node": "DN-00640",
        "to_node": "DN-00641",
        "length_m": 89.36,
        "diameter_m": 0.8,
        "slope": 0.0095,
        "roughness_n": 0.013,
        "capacity_m3s": 1.289,
        "blockage_pct": 0.0,
        "channel_type": "roadside_storm_drain"
      }
    },
    {
      "type": "Feature",
      "geometry": {
        "type": "LineString",
        "coordinates": [
          [
            77.597242,
            12.98453
          ],
          [
            77.597227,
            12.9845
          ]
        ]
      },
      "properties": {
        "id": "DE-00384",
        "from_node": "DN-00642",
        "to_node": "DN-00643",
        "length_m": 5.0,
        "diameter_m": 0.8,
        "slope": 0.001,
        "roughness_n": 0.013,
        "capacity_m3s": 0.418,
        "blockage_pct": 0.0,
        "channel_type": "roadside_storm_drain"
      }
    },
    {
      "type": "Feature",
      "geometry": {
        "type": "LineString",
        "coordinates": [
          [
            77.601728,
            12.98468
          ],
          [
            77.601761,
            12.984592
          ]
        ]
      },
      "properties": {
        "id": "DE-00385",
        "from_node": "DN-00116",
        "to_node": "DN-00644",
        "length_m": 11.33,
        "diameter_m": 0.8,
        "slope": 0.0141,
        "roughness_n": 0.013,
        "capacity_m3s": 1.57,
        "blockage_pct": 0.0,
        "channel_type": "roadside_storm_drain"
      }
    },
    {
      "type": "Feature",
      "geometry": {
        "type": "LineString",
        "coordinates": [
          [
            77.60163,
            12.984573
          ],
          [
            77.601761,
            12.984592
          ]
        ]
      },
      "properties": {
        "id": "DE-00386",
        "from_node": "DN-00567",
        "to_node": "DN-00645",
        "length_m": 16.76,
        "diameter_m": 0.8,
        "slope": 0.0286,
        "roughness_n": 0.013,
        "capacity_m3s": 2.236,
        "blockage_pct": 0.0,
        "channel_type": "roadside_storm_drain"
      }
    },
    {
      "type": "Feature",
      "geometry": {
        "type": "LineString",
        "coordinates": [
          [
            77.578445,
            12.987449
          ],
          [
            77.577923,
            12.987804
          ]
        ]
      },
      "properties": {
        "id": "DE-00387",
        "from_node": "DN-00646",
        "to_node": "DN-00439",
        "length_m": 69.03,
        "diameter_m": 0.8,
        "slope": 0.028,
        "roughness_n": 0.013,
        "capacity_m3s": 2.213,
        "blockage_pct": 0.0,
        "channel_type": "roadside_storm_drain"
      }
    },
    {
      "type": "Feature",
      "geometry": {
        "type": "LineString",
        "coordinates": [
          [
            77.577729,
            12.987858
          ],
          [
            77.577207,
            12.988138
          ]
        ]
      },
      "properties": {
        "id": "DE-00388",
        "from_node": "DN-00647",
        "to_node": "DN-00648",
        "length_m": 65.0,
        "diameter_m": 0.8,
        "slope": 0.0252,
        "roughness_n": 0.013,
        "capacity_m3s": 2.099,
        "blockage_pct": 0.0,
        "channel_type": "roadside_storm_drain"
      }
    },
    {
      "type": "Feature",
      "geometry": {
        "type": "LineString",
        "coordinates": [
          [
            77.577207,
            12.988138
          ],
          [
            77.577162,
            12.988112
          ]
        ]
      },
      "properties": {
        "id": "DE-00389",
        "from_node": "DN-00649",
        "to_node": "DN-00441",
        "length_m": 5.72,
        "diameter_m": 0.8,
        "slope": 0.001,
        "roughness_n": 0.013,
        "capacity_m3s": 0.418,
        "blockage_pct": 0.0,
        "channel_type": "roadside_storm_drain"
      }
    },
    {
      "type": "Feature",
      "geometry": {
        "type": "LineString",
        "coordinates": [
          [
            77.593651,
            12.959988
          ],
          [
            77.593499,
            12.959472
          ]
        ]
      },
      "properties": {
        "id": "DE-00390",
        "from_node": "DN-00650",
        "to_node": "DN-00418",
        "length_m": 59.98,
        "diameter_m": 0.8,
        "slope": 0.0127,
        "roughness_n": 0.013,
        "capacity_m3s": 1.49,
        "blockage_pct": 0.0,
        "channel_type": "roadside_storm_drain"
      }
    },
    {
      "type": "Feature",
      "geometry": {
        "type": "LineString",
        "coordinates": [
          [
            77.596571,
            12.964862
          ],
          [
            77.594643,
            12.967041
          ]
        ]
      },
      "properties": {
        "id": "DE-00391",
        "from_node": "DN-00651",
        "to_node": "DN-00550",
        "length_m": 333.42,
        "diameter_m": 0.8,
        "slope": 0.0091,
        "roughness_n": 0.013,
        "capacity_m3s": 1.261,
        "blockage_pct": 0.0,
        "channel_type": "roadside_storm_drain"
      }
    },
    {
      "type": "Feature",
      "geometry": {
        "type": "LineString",
        "coordinates": [
          [
            77.581504,
            12.972868
          ],
          [
            77.581014,
            12.973066
          ]
        ]
      },
      "properties": {
        "id": "DE-00392",
        "from_node": "DN-00652",
        "to_node": "DN-00228",
        "length_m": 57.53,
        "diameter_m": 0.8,
        "slope": 0.0132,
        "roughness_n": 0.013,
        "capacity_m3s": 1.519,
        "blockage_pct": 0.0,
        "channel_type": "roadside_storm_drain"
      }
    },
    {
      "type": "Feature",
      "geometry": {
        "type": "LineString",
        "coordinates": [
          [
            77.583899,
            13.010765
          ],
          [
            77.584004,
            13.014252
          ]
        ]
      },
      "properties": {
        "id": "DE-00393",
        "from_node": "DN-00368",
        "to_node": "DN-00653",
        "length_m": 387.9,
        "diameter_m": 0.8,
        "slope": 0.0044,
        "roughness_n": 0.013,
        "capacity_m3s": 0.877,
        "blockage_pct": 0.0,
        "channel_type": "roadside_storm_drain"
      }
    },
    {
      "type": "Feature",
      "geometry": {
        "type": "LineString",
        "coordinates": [
          [
            77.595201,
            12.993866
          ],
          [
            77.595644,
            12.993596
          ]
        ]
      },
      "properties": {
        "id": "DE-00394",
        "from_node": "DN-00654",
        "to_node": "DN-00134",
        "length_m": 57.48,
        "diameter_m": 0.8,
        "slope": 0.0129,
        "roughness_n": 0.013,
        "capacity_m3s": 1.502,
        "blockage_pct": 0.0,
        "channel_type": "roadside_storm_drain"
      }
    },
    {
      "type": "Feature",
      "geometry": {
        "type": "LineString",
        "coordinates": [
          [
            77.595201,
            12.993866
          ],
          [
            77.595383,
            12.993828
          ]
        ]
      },
      "properties": {
        "id": "DE-00395",
        "from_node": "DN-00655",
        "to_node": "DN-00656",
        "length_m": 20.96,
        "diameter_m": 0.8,
        "slope": 0.0196,
        "roughness_n": 0.013,
        "capacity_m3s": 1.851,
        "blockage_pct": 0.0,
        "channel_type": "roadside_storm_drain"
      }
    },
    {
      "type": "Feature",
      "geometry": {
        "type": "LineString",
        "coordinates": [
          [
            77.595662,
            12.993741
          ],
          [
            77.595383,
            12.993828
          ]
        ]
      },
      "properties": {
        "id": "DE-00396",
        "from_node": "DN-00657",
        "to_node": "DN-00658",
        "length_m": 31.81,
        "diameter_m": 0.8,
        "slope": 0.0085,
        "roughness_n": 0.013,
        "capacity_m3s": 1.219,
        "blockage_pct": 0.0,
        "channel_type": "roadside_storm_drain"
      }
    },
    {
      "type": "Feature",
      "geometry": {
        "type": "LineString",
        "coordinates": [
          [
            77.595742,
            12.99396
          ],
          [
            77.595662,
            12.993741
          ]
        ]
      },
      "properties": {
        "id": "DE-00397",
        "from_node": "DN-00659",
        "to_node": "DN-00660",
        "length_m": 25.85,
        "diameter_m": 0.8,
        "slope": 0.0232,
        "roughness_n": 0.013,
        "capacity_m3s": 2.014,
        "blockage_pct": 0.0,
        "channel_type": "roadside_storm_drain"
      }
    },
    {
      "type": "Feature",
      "geometry": {
        "type": "LineString",
        "coordinates": [
          [
            77.595742,
            12.99396
          ],
          [
            77.5958,
            12.993759
          ]
        ]
      },
      "properties": {
        "id": "DE-00398",
        "from_node": "DN-00661",
        "to_node": "DN-00662",
        "length_m": 23.22,
        "diameter_m": 0.8,
        "slope": 0.0258,
        "roughness_n": 0.013,
        "capacity_m3s": 2.124,
        "blockage_pct": 0.0,
        "channel_type": "roadside_storm_drain"
      }
    },
    {
      "type": "Feature",
      "geometry": {
        "type": "LineString",
        "coordinates": [
          [
            77.593963,
            13.011905
          ],
          [
            77.59411,
            13.011902
          ]
        ]
      },
      "properties": {
        "id": "DE-00399",
        "from_node": "DN-00587",
        "to_node": "DN-00591",
        "length_m": 15.93,
        "diameter_m": 0.8,
        "slope": 0.0515,
        "roughness_n": 0.013,
        "capacity_m3s": 3.001,
        "blockage_pct": 0.0,
        "channel_type": "roadside_storm_drain"
      }
    },
    {
      "type": "Feature",
      "geometry": {
        "type": "LineString",
        "coordinates": [
          [
            77.593767,
            13.012407
          ],
          [
            77.59411,
            13.011902
          ]
        ]
      },
      "properties": {
        "id": "DE-00400",
        "from_node": "DN-00590",
        "to_node": "DN-00591",
        "length_m": 67.42,
        "diameter_m": 0.8,
        "slope": 0.0165,
        "roughness_n": 0.013,
        "capacity_m3s": 1.699,
        "blockage_pct": 0.0,
        "channel_type": "roadside_storm_drain"
      }
    },
    {
      "type": "Feature",
      "geometry": {
        "type": "LineString",
        "coordinates": [
          [
            77.595521,
            13.011896
          ],
          [
            77.595575,
            13.011895
          ]
        ]
      },
      "properties": {
        "id": "DE-00401",
        "from_node": "DN-00663",
        "to_node": "DN-00664",
        "length_m": 5.85,
        "diameter_m": 0.8,
        "slope": 0.001,
        "roughness_n": 0.013,
        "capacity_m3s": 0.418,
        "blockage_pct": 0.0,
        "channel_type": "roadside_storm_drain"
      }
    },
    {
      "type": "Feature",
      "geometry": {
        "type": "LineString",
        "coordinates": [
          [
            77.595575,
            13.011895
          ],
          [
            77.595521,
            13.011896
          ]
        ]
      },
      "properties": {
        "id": "DE-00402",
        "from_node": "DN-00665",
        "to_node": "DN-00666",
        "length_m": 5.85,
        "diameter_m": 0.8,
        "slope": 0.001,
        "roughness_n": 0.013,
        "capacity_m3s": 0.418,
        "blockage_pct": 0.0,
        "channel_type": "roadside_storm_drain"
      }
    },
    {
      "type": "Feature",
      "geometry": {
        "type": "LineString",
        "coordinates": [
          [
            77.5838,
            13.009938
          ],
          [
            77.583828,
            13.00904
          ]
        ]
      },
      "properties": {
        "id": "DE-00403",
        "from_node": "DN-00667",
        "to_node": "DN-00397",
        "length_m": 99.9,
        "diameter_m": 0.8,
        "slope": 0.0048,
        "roughness_n": 0.013,
        "capacity_m3s": 0.916,
        "blockage_pct": 0.0,
        "channel_type": "roadside_storm_drain"
      }
    },
    {
      "type": "Feature",
      "geometry": {
        "type": "LineString",
        "coordinates": [
          [
            77.588607,
            12.990466
          ],
          [
            77.588779,
            12.986778
          ]
        ]
      },
      "properties": {
        "id": "DE-00404",
        "from_node": "DN-00234",
        "to_node": "DN-00167",
        "length_m": 416.52,
        "diameter_m": 0.8,
        "slope": 0.0039,
        "roughness_n": 0.013,
        "capacity_m3s": 0.826,
        "blockage_pct": 0.0,
        "channel_type": "roadside_storm_drain"
      }
    },
    {
      "type": "Feature",
      "geometry": {
        "type": "LineString",
        "coordinates": [
          [
            77.5958,
            12.993759
          ],
          [
            77.59582,
            12.993689
          ]
        ]
      },
      "properties": {
        "id": "DE-00405",
        "from_node": "DN-00657",
        "to_node": "DN-00132",
        "length_m": 8.08,
        "diameter_m": 0.8,
        "slope": 0.0743,
        "roughness_n": 0.013,
        "capacity_m3s": 3.604,
        "blockage_pct": 0.0,
        "channel_type": "roadside_storm_drain"
      }
    },
    {
      "type": "Feature",
      "geometry": {
        "type": "LineString",
        "coordinates": [
          [
            77.595826,
            12.994346
          ],
          [
            77.595742,
            12.99396
          ]
        ]
      },
      "properties": {
        "id": "DE-00406",
        "from_node": "DN-00668",
        "to_node": "DN-00669",
        "length_m": 44.37,
        "diameter_m": 0.8,
        "slope": 0.0135,
        "roughness_n": 0.013,
        "capacity_m3s": 1.536,
        "blockage_pct": 0.0,
        "channel_type": "roadside_storm_drain"
      }
    },
    {
      "type": "Feature",
      "geometry": {
        "type": "LineString",
        "coordinates": [
          [
            77.605914,
            12.994063
          ],
          [
            77.606657,
            12.993758
          ]
        ]
      },
      "properties": {
        "id": "DE-00407",
        "from_node": "DN-00670",
        "to_node": "DN-00671",
        "length_m": 87.36,
        "diameter_m": 0.8,
        "slope": 0.0236,
        "roughness_n": 0.013,
        "capacity_m3s": 2.031,
        "blockage_pct": 0.0,
        "channel_type": "roadside_storm_drain"
      }
    },
    {
      "type": "Feature",
      "geometry": {
        "type": "LineString",
        "coordinates": [
          [
            77.605441,
            12.994334
          ],
          [
            77.605935,
            12.994139
          ]
        ]
      },
      "properties": {
        "id": "DE-00408",
        "from_node": "DN-00672",
        "to_node": "DN-00673",
        "length_m": 57.75,
        "diameter_m": 0.8,
        "slope": 0.0265,
        "roughness_n": 0.013,
        "capacity_m3s": 2.153,
        "blockage_pct": 0.0,
        "channel_type": "roadside_storm_drain"
      }
    },
    {
      "type": "Feature",
      "geometry": {
        "type": "LineString",
        "coordinates": [
          [
            77.604568,
            12.994602
          ],
          [
            77.605405,
            12.994262
          ]
        ]
      },
      "properties": {
        "id": "DE-00409",
        "from_node": "DN-00674",
        "to_node": "DN-00675",
        "length_m": 98.25,
        "diameter_m": 0.8,
        "slope": 0.0203,
        "roughness_n": 0.013,
        "capacity_m3s": 1.884,
        "blockage_pct": 0.0,
        "channel_type": "roadside_storm_drain"
      }
    },
    {
      "type": "Feature",
      "geometry": {
        "type": "LineString",
        "coordinates": [
          [
            77.606837,
            12.993783
          ],
          [
            77.607277,
            12.993624
          ]
        ]
      },
      "properties": {
        "id": "DE-00410",
        "from_node": "DN-00676",
        "to_node": "DN-00677",
        "length_m": 50.85,
        "diameter_m": 0.8,
        "slope": 0.0273,
        "roughness_n": 0.013,
        "capacity_m3s": 2.185,
        "blockage_pct": 0.0,
        "channel_type": "roadside_storm_drain"
      }
    },
    {
      "type": "Feature",
      "geometry": {
        "type": "LineString",
        "coordinates": [
          [
            77.607277,
            12.993624
          ],
          [
            77.607239,
            12.99354
          ]
        ]
      },
      "properties": {
        "id": "DE-00411",
        "from_node": "DN-00678",
        "to_node": "DN-00679",
        "length_m": 10.21,
        "diameter_m": 0.8,
        "slope": 0.001,
        "roughness_n": 0.013,
        "capacity_m3s": 0.418,
        "blockage_pct": 0.0,
        "channel_type": "roadside_storm_drain"
      }
    },
    {
      "type": "Feature",
      "geometry": {
        "type": "LineString",
        "coordinates": [
          [
            77.60419,
            12.994746
          ],
          [
            77.604568,
            12.994602
          ]
        ]
      },
      "properties": {
        "id": "DE-00412",
        "from_node": "DN-00680",
        "to_node": "DN-00681",
        "length_m": 43.97,
        "diameter_m": 0.8,
        "slope": 0.0271,
        "roughness_n": 0.013,
        "capacity_m3s": 2.177,
        "blockage_pct": 0.0,
        "channel_type": "roadside_storm_drain"
      }
    },
    {
      "type": "Feature",
      "geometry": {
        "type": "LineString",
        "coordinates": [
          [
            77.605073,
            12.990987
          ],
          [
            77.605216,
            12.990653
          ]
        ]
      },
      "properties": {
        "id": "DE-00413",
        "from_node": "DN-00682",
        "to_node": "DN-00683",
        "length_m": 40.26,
        "diameter_m": 0.8,
        "slope": 0.0457,
        "roughness_n": 0.013,
        "capacity_m3s": 2.827,
        "blockage_pct": 0.0,
        "channel_type": "roadside_storm_drain"
      }
    },
    {
      "type": "Feature",
      "geometry": {
        "type": "LineString",
        "coordinates": [
          [
            77.599841,
            12.999777
          ],
          [
            77.599455,
            13.001143
          ]
        ]
      },
      "properties": {
        "id": "DE-00414",
        "from_node": "DN-00684",
        "to_node": "DN-00685",
        "length_m": 157.58,
        "diameter_m": 0.8,
        "slope": 0.033,
        "roughness_n": 0.013,
        "capacity_m3s": 2.402,
        "blockage_pct": 0.0,
        "channel_type": "roadside_storm_drain"
      }
    },
    {
      "type": "Feature",
      "geometry": {
        "type": "LineString",
        "coordinates": [
          [
            77.599048,
            12.999585
          ],
          [
            77.599841,
            12.999777
          ]
        ]
      },
      "properties": {
        "id": "DE-00415",
        "from_node": "DN-00686",
        "to_node": "DN-00687",
        "length_m": 88.53,
        "diameter_m": 0.8,
        "slope": 0.0138,
        "roughness_n": 0.013,
        "capacity_m3s": 1.553,
        "blockage_pct": 0.0,
        "channel_type": "roadside_storm_drain"
      }
    },
    {
      "type": "Feature",
      "geometry": {
        "type": "LineString",
        "coordinates": [
          [
            77.599048,
            12.999585
          ],
          [
            77.596789,
            13.002179
          ]
        ]
      },
      "properties": {
        "id": "DE-00416",
        "from_node": "DN-00688",
        "to_node": "DN-00689",
        "length_m": 410.33,
        "diameter_m": 0.8,
        "slope": 0.0015,
        "roughness_n": 0.013,
        "capacity_m3s": 0.512,
        "blockage_pct": 0.0,
        "channel_type": "roadside_storm_drain"
      }
    },
    {
      "type": "Feature",
      "geometry": {
        "type": "LineString",
        "coordinates": [
          [
            77.594999,
            12.999962
          ],
          [
            77.594875,
            12.999957
          ]
        ]
      },
      "properties": {
        "id": "DE-00417",
        "from_node": "DN-00326",
        "to_node": "DN-00690",
        "length_m": 13.45,
        "diameter_m": 0.8,
        "slope": 0.0022,
        "roughness_n": 0.013,
        "capacity_m3s": 0.62,
        "blockage_pct": 0.0,
        "channel_type": "roadside_storm_drain"
      }
    },
    {
      "type": "Feature",
      "geometry": {
        "type": "LineString",
        "coordinates": [
          [
            77.604303,
            12.975966
          ],
          [
            77.607412,
            12.975208
          ]
        ]
      },
      "properties": {
        "id": "DE-00418",
        "from_node": "DN-00691",
        "to_node": "DN-00692",
        "length_m": 347.27,
        "diameter_m": 0.8,
        "slope": 0.0229,
        "roughness_n": 0.013,
        "capacity_m3s": 2.001,
        "blockage_pct": 0.0,
        "channel_type": "roadside_storm_drain"
      }
    },
    {
      "type": "Feature",
      "geometry": {
        "type": "LineString",
        "coordinates": [
          [
            77.606824,
            12.966239
          ],
          [
            77.606723,
            12.966217
          ]
        ]
      },
      "properties": {
        "id": "DE-00419",
        "from_node": "DN-00693",
        "to_node": "DN-00568",
        "length_m": 11.21,
        "diameter_m": 0.8,
        "slope": 0.001,
        "roughness_n": 0.013,
        "capacity_m3s": 0.418,
        "blockage_pct": 0.0,
        "channel_type": "roadside_storm_drain"
      }
    },
    {
      "type": "Feature",
      "geometry": {
        "type": "LineString",
        "coordinates": [
          [
            77.587968,
            12.984446
          ],
          [
            77.587917,
            12.984307
          ]
        ]
      },
      "properties": {
        "id": "DE-00420",
        "from_node": "DN-00694",
        "to_node": "DN-00496",
        "length_m": 16.41,
        "diameter_m": 0.8,
        "slope": 0.0268,
        "roughness_n": 0.013,
        "capacity_m3s": 2.165,
        "blockage_pct": 0.0,
        "channel_type": "roadside_storm_drain"
      }
    },
    {
      "type": "Feature",
      "geometry": {
        "type": "LineString",
        "coordinates": [
          [
            77.588779,
            12.986778
          ],
          [
            77.585945,
            12.989351
          ]
        ]
      },
      "properties": {
        "id": "DE-00421",
        "from_node": "DN-00167",
        "to_node": "DN-00695",
        "length_m": 422.4,
        "diameter_m": 0.8,
        "slope": 0.0124,
        "roughness_n": 0.013,
        "capacity_m3s": 1.473,
        "blockage_pct": 0.0,
        "channel_type": "roadside_storm_drain"
      }
    },
    {
      "type": "Feature",
      "geometry": {
        "type": "LineString",
        "coordinates": [
          [
            77.582467,
            12.984605
          ],
          [
            77.58217,
            12.984782
          ]
        ]
      },
      "properties": {
        "id": "DE-00422",
        "from_node": "DN-00547",
        "to_node": "DN-00696",
        "length_m": 37.72,
        "diameter_m": 0.8,
        "slope": 0.022,
        "roughness_n": 0.013,
        "capacity_m3s": 1.961,
        "blockage_pct": 0.0,
        "channel_type": "roadside_storm_drain"
      }
    },
    {
      "type": "Feature",
      "geometry": {
        "type": "LineString",
        "coordinates": [
          [
            77.582765,
            12.984423
          ],
          [
            77.582515,
            12.984455
          ]
        ]
      },
      "properties": {
        "id": "DE-00423",
        "from_node": "DN-00357",
        "to_node": "DN-00544",
        "length_m": 27.36,
        "diameter_m": 0.8,
        "slope": 0.0387,
        "roughness_n": 0.013,
        "capacity_m3s": 2.601,
        "blockage_pct": 0.0,
        "channel_type": "roadside_storm_drain"
      }
    },
    {
      "type": "Feature",
      "geometry": {
        "type": "LineString",
        "coordinates": [
          [
            77.588734,
            12.986656
          ],
          [
            77.588793,
            12.9865
          ]
        ]
      },
      "properties": {
        "id": "DE-00424",
        "from_node": "DN-00166",
        "to_node": "DN-00697",
        "length_m": 18.8,
        "diameter_m": 0.8,
        "slope": 0.025,
        "roughness_n": 0.013,
        "capacity_m3s": 2.091,
        "blockage_pct": 0.0,
        "channel_type": "roadside_storm_drain"
      }
    },
    {
      "type": "Feature",
      "geometry": {
        "type": "LineString",
        "coordinates": [
          [
            77.600041,
            12.992289
          ],
          [
            77.599925,
            12.991841
          ]
        ]
      },
      "properties": {
        "id": "DE-00425",
        "from_node": "DN-00698",
        "to_node": "DN-00037",
        "length_m": 51.38,
        "diameter_m": 0.8,
        "slope": 0.0206,
        "roughness_n": 0.013,
        "capacity_m3s": 1.898,
        "blockage_pct": 0.0,
        "channel_type": "roadside_storm_drain"
      }
    },
    {
      "type": "Feature",
      "geometry": {
        "type": "LineString",
        "coordinates": [
          [
            77.597242,
            12.98453
          ],
          [
            77.597551,
            12.985202
          ]
        ]
      },
      "properties": {
        "id": "DE-00426",
        "from_node": "DN-00642",
        "to_node": "DN-00699",
        "length_m": 81.88,
        "diameter_m": 0.8,
        "slope": 0.0351,
        "roughness_n": 0.013,
        "capacity_m3s": 2.477,
        "blockage_pct": 0.0,
        "channel_type": "roadside_storm_drain"
      }
    },
    {
      "type": "Feature",
      "geometry": {
        "type": "LineString",
        "coordinates": [
          [
            77.599699,
            12.967524
          ],
          [
            77.600335,
            12.968
          ]
        ]
      },
      "properties": {
        "id": "DE-00427",
        "from_node": "DN-00700",
        "to_node": "DN-00028",
        "length_m": 86.95,
        "diameter_m": 0.8,
        "slope": 0.001,
        "roughness_n": 0.013,
        "capacity_m3s": 0.418,
        "blockage_pct": 0.0,
        "channel_type": "roadside_storm_drain"
      }
    },
    {
      "type": "Feature",
      "geometry": {
        "type": "LineString",
        "coordinates": [
          [
            77.604442,
            12.971803
          ],
          [
            77.604807,
            12.970902
          ]
        ]
      },
      "properties": {
        "id": "DE-00428",
        "from_node": "DN-00701",
        "to_node": "DN-00570",
        "length_m": 107.72,
        "diameter_m": 0.8,
        "slope": 0.0215,
        "roughness_n": 0.013,
        "capacity_m3s": 1.939,
        "blockage_pct": 0.0,
        "channel_type": "roadside_storm_drain"
      }
    },
    {
      "type": "Feature",
      "geometry": {
        "type": "LineString",
        "coordinates": [
          [
            77.580565,
            12.96251
          ],
          [
            77.580641,
            12.962506
          ]
        ]
      },
      "properties": {
        "id": "DE-00429",
        "from_node": "DN-00071",
        "to_node": "DN-00072",
        "length_m": 8.25,
        "diameter_m": 0.8,
        "slope": 0.0279,
        "roughness_n": 0.013,
        "capacity_m3s": 2.209,
        "blockage_pct": 0.0,
        "channel_type": "roadside_storm_drain"
      }
    },
    {
      "type": "Feature",
      "geometry": {
        "type": "LineString",
        "coordinates": [
          [
            77.582407,
            12.959294
          ],
          [
            77.582333,
            12.95915
          ]
        ]
      },
      "properties": {
        "id": "DE-00430",
        "from_node": "DN-00702",
        "to_node": "DN-00703",
        "length_m": 17.91,
        "diameter_m": 0.8,
        "slope": 0.001,
        "roughness_n": 0.013,
        "capacity_m3s": 0.418,
        "blockage_pct": 0.0,
        "channel_type": "roadside_storm_drain"
      }
    },
    {
      "type": "Feature",
      "geometry": {
        "type": "LineString",
        "coordinates": [
          [
            77.58355,
            12.960378
          ],
          [
            77.582133,
            12.957746
          ]
        ]
      },
      "properties": {
        "id": "DE-00431",
        "from_node": "DN-00704",
        "to_node": "DN-00705",
        "length_m": 330.55,
        "diameter_m": 0.8,
        "slope": 0.0075,
        "roughness_n": 0.013,
        "capacity_m3s": 1.145,
        "blockage_pct": 0.0,
        "channel_type": "roadside_storm_drain"
      }
    },
    {
      "type": "Feature",
      "geometry": {
        "type": "LineString",
        "coordinates": [
          [
            77.602424,
            12.979315
          ],
          [
            77.602513,
            12.979284
          ]
        ]
      },
      "properties": {
        "id": "DE-00432",
        "from_node": "DN-00634",
        "to_node": "DN-00706",
        "length_m": 10.24,
        "diameter_m": 0.8,
        "slope": 0.001,
        "roughness_n": 0.013,
        "capacity_m3s": 0.418,
        "blockage_pct": 0.0,
        "channel_type": "roadside_storm_drain"
      }
    },
    {
      "type": "Feature",
      "geometry": {
        "type": "LineString",
        "coordinates": [
          [
            77.584075,
            13.003008
          ],
          [
            77.584152,
            13.002785
          ]
        ]
      },
      "properties": {
        "id": "DE-00433",
        "from_node": "DN-00508",
        "to_node": "DN-00369",
        "length_m": 26.16,
        "diameter_m": 0.8,
        "slope": 0.0627,
        "roughness_n": 0.013,
        "capacity_m3s": 3.311,
        "blockage_pct": 0.0,
        "channel_type": "roadside_storm_drain"
      }
    },
    {
      "type": "Feature",
      "geometry": {
        "type": "LineString",
        "coordinates": [
          [
            77.596799,
            12.964835
          ],
          [
            77.596571,
            12.964862
          ]
        ]
      },
      "properties": {
        "id": "DE-00434",
        "from_node": "DN-00129",
        "to_node": "DN-00651",
        "length_m": 24.89,
        "diameter_m": 0.8,
        "slope": 0.0325,
        "roughness_n": 0.013,
        "capacity_m3s": 2.384,
        "blockage_pct": 0.0,
        "channel_type": "roadside_storm_drain"
      }
    },
    {
      "type": "Feature",
      "geometry": {
        "type": "LineString",
        "coordinates": [
          [
            77.596656,
            12.994035
          ],
          [
            77.596224,
            12.994152
          ]
        ]
      },
      "properties": {
        "id": "DE-00435",
        "from_node": "DN-00490",
        "to_node": "DN-00486",
        "length_m": 48.7,
        "diameter_m": 0.8,
        "slope": 0.029,
        "roughness_n": 0.013,
        "capacity_m3s": 2.252,
        "blockage_pct": 0.0,
        "channel_type": "roadside_storm_drain"
      }
    },
    {
      "type": "Feature",
      "geometry": {
        "type": "LineString",
        "coordinates": [
          [
            77.582384,
            13.004371
          ],
          [
            77.579743,
            13.005926
          ]
        ]
      },
      "properties": {
        "id": "DE-00436",
        "from_node": "DN-00596",
        "to_node": "DN-00595",
        "length_m": 334.33,
        "diameter_m": 0.8,
        "slope": 0.0012,
        "roughness_n": 0.013,
        "capacity_m3s": 0.458,
        "blockage_pct": 0.0,
        "channel_type": "roadside_storm_drain"
      }
    },
    {
      "type": "Feature",
      "geometry": {
        "type": "LineString",
        "coordinates": [
          [
            77.577162,
            12.988112
          ],
          [
            77.577088,
            12.988114
          ]
        ]
      },
      "properties": {
        "id": "DE-00437",
        "from_node": "DN-00649",
        "to_node": "DN-00649",
        "length_m": 8.16,
        "diameter_m": 0.8,
        "slope": 0.0882,
        "roughness_n": 0.013,
        "capacity_m3s": 3.927,
        "blockage_pct": 0.0,
        "channel_type": "roadside_storm_drain"
      }
    },
    {
      "type": "Feature",
      "geometry": {
        "type": "LineString",
        "coordinates": [
          [
            77.588265,
            12.984437
          ],
          [
            77.58826,
            12.984541
          ]
        ]
      },
      "properties": {
        "id": "DE-00438",
        "from_node": "DN-00300",
        "to_node": "DN-00298",
        "length_m": 11.58,
        "diameter_m": 0.8,
        "slope": 0.001,
        "roughness_n": 0.013,
        "capacity_m3s": 0.418,
        "blockage_pct": 0.0,
        "channel_type": "roadside_storm_drain"
      }
    },
    {
      "type": "Feature",
      "geometry": {
        "type": "LineString",
        "coordinates": [
          [
            77.594783,
            12.981859
          ],
          [
            77.595902,
            12.981473
          ]
        ]
      },
      "properties": {
        "id": "DE-00439",
        "from_node": "DN-00629",
        "to_node": "DN-00624",
        "length_m": 128.64,
        "diameter_m": 0.8,
        "slope": 0.0274,
        "roughness_n": 0.013,
        "capacity_m3s": 2.189,
        "blockage_pct": 0.0,
        "channel_type": "roadside_storm_drain"
      }
    },
    {
      "type": "Feature",
      "geometry": {
        "type": "LineString",
        "coordinates": [
          [
            77.601761,
            12.984592
          ],
          [
            77.603015,
            12.984246
          ]
        ]
      },
      "properties": {
        "id": "DE-00440",
        "from_node": "DN-00645",
        "to_node": "DN-00565",
        "length_m": 141.22,
        "diameter_m": 0.8,
        "slope": 0.0108,
        "roughness_n": 0.013,
        "capacity_m3s": 1.374,
        "blockage_pct": 0.0,
        "channel_type": "roadside_storm_drain"
      }
    },
    {
      "type": "Feature",
      "geometry": {
        "type": "LineString",
        "coordinates": [
          [
            77.597611,
            12.980517
          ],
          [
            77.599334,
            12.9767
          ]
        ]
      },
      "properties": {
        "id": "DE-00441",
        "from_node": "DN-00632",
        "to_node": "DN-00384",
        "length_m": 463.96,
        "diameter_m": 0.8,
        "slope": 0.0043,
        "roughness_n": 0.013,
        "capacity_m3s": 0.867,
        "blockage_pct": 0.0,
        "channel_type": "roadside_storm_drain"
      }
    },
    {
      "type": "Feature",
      "geometry": {
        "type": "LineString",
        "coordinates": [
          [
            77.606628,
            12.977955
          ],
          [
            77.606694,
            12.977934
          ]
        ]
      },
      "properties": {
        "id": "DE-00442",
        "from_node": "DN-00382",
        "to_node": "DN-00707",
        "length_m": 7.52,
        "diameter_m": 0.8,
        "slope": 0.001,
        "roughness_n": 0.013,
        "capacity_m3s": 0.418,
        "blockage_pct": 0.0,
        "channel_type": "roadside_storm_drain"
      }
    },
    {
      "type": "Feature",
      "geometry": {
        "type": "LineString",
        "coordinates": [
          [
            77.605859,
            12.97808
          ],
          [
            77.606545,
            12.977845
          ]
        ]
      },
      "properties": {
        "id": "DE-00443",
        "from_node": "DN-00708",
        "to_node": "DN-00709",
        "length_m": 78.79,
        "diameter_m": 0.8,
        "slope": 0.0209,
        "roughness_n": 0.013,
        "capacity_m3s": 1.912,
        "blockage_pct": 0.0,
        "channel_type": "roadside_storm_drain"
      }
    },
    {
      "type": "Feature",
      "geometry": {
        "type": "LineString",
        "coordinates": [
          [
            77.606635,
            12.977814
          ],
          [
            77.607479,
            12.977542
          ]
        ]
      },
      "properties": {
        "id": "DE-00444",
        "from_node": "DN-00710",
        "to_node": "DN-00711",
        "length_m": 96.32,
        "diameter_m": 0.8,
        "slope": 0.0166,
        "roughness_n": 0.013,
        "capacity_m3s": 1.704,
        "blockage_pct": 0.0,
        "channel_type": "roadside_storm_drain"
      }
    },
    {
      "type": "Feature",
      "geometry": {
        "type": "LineString",
        "coordinates": [
          [
            77.606849,
            12.977881
          ],
          [
            77.607509,
            12.977658
          ]
        ]
      },
      "properties": {
        "id": "DE-00445",
        "from_node": "DN-00712",
        "to_node": "DN-00713",
        "length_m": 75.69,
        "diameter_m": 0.8,
        "slope": 0.0106,
        "roughness_n": 0.013,
        "capacity_m3s": 1.361,
        "blockage_pct": 0.0,
        "channel_type": "roadside_storm_drain"
      }
    },
    {
      "type": "Feature",
      "geometry": {
        "type": "LineString",
        "coordinates": [
          [
            77.581424,
            12.978863
          ],
          [
            77.581348,
            12.978898
          ]
        ]
      },
      "properties": {
        "id": "DE-00446",
        "from_node": "DN-00714",
        "to_node": "DN-00641",
        "length_m": 9.11,
        "diameter_m": 0.8,
        "slope": 0.001,
        "roughness_n": 0.013,
        "capacity_m3s": 0.418,
        "blockage_pct": 0.0,
        "channel_type": "roadside_storm_drain"
      }
    },
    {
      "type": "Feature",
      "geometry": {
        "type": "LineString",
        "coordinates": [
          [
            77.588092,
            12.976264
          ],
          [
            77.588348,
            12.976383
          ]
        ]
      },
      "properties": {
        "id": "DE-00447",
        "from_node": "DN-00715",
        "to_node": "DN-00631",
        "length_m": 30.73,
        "diameter_m": 0.8,
        "slope": 0.0296,
        "roughness_n": 0.013,
        "capacity_m3s": 2.275,
        "blockage_pct": 0.0,
        "channel_type": "roadside_storm_drain"
      }
    },
    {
      "type": "Feature",
      "geometry": {
        "type": "LineString",
        "coordinates": [
          [
            77.58744,
            12.975816
          ],
          [
            77.587421,
            12.975773
          ]
        ]
      },
      "properties": {
        "id": "DE-00448",
        "from_node": "DN-00716",
        "to_node": "DN-00717",
        "length_m": 5.25,
        "diameter_m": 0.8,
        "slope": 0.001,
        "roughness_n": 0.013,
        "capacity_m3s": 0.418,
        "blockage_pct": 0.0,
        "channel_type": "roadside_storm_drain"
      }
    },
    {
      "type": "Feature",
      "geometry": {
        "type": "LineString",
        "coordinates": [
          [
            77.597245,
            12.971167
          ],
          [
            77.59466,
            12.971922
          ]
        ]
      },
      "properties": {
        "id": "DE-00449",
        "from_node": "DN-00718",
        "to_node": "DN-00719",
        "length_m": 296.2,
        "diameter_m": 0.8,
        "slope": 0.0018,
        "roughness_n": 0.013,
        "capacity_m3s": 0.561,
        "blockage_pct": 0.0,
        "channel_type": "roadside_storm_drain"
      }
    },
    {
      "type": "Feature",
      "geometry": {
        "type": "LineString",
        "coordinates": [
          [
            77.594082,
            12.972152
          ],
          [
            77.594044,
            12.972113
          ]
        ]
      },
      "properties": {
        "id": "DE-00450",
        "from_node": "DN-00720",
        "to_node": "DN-00721",
        "length_m": 5.98,
        "diameter_m": 0.8,
        "slope": 0.001,
        "roughness_n": 0.013,
        "capacity_m3s": 0.418,
        "blockage_pct": 0.0,
        "channel_type": "roadside_storm_drain"
      }
    },
    {
      "type": "Feature",
      "geometry": {
        "type": "LineString",
        "coordinates": [
          [
            77.597513,
            12.980965
          ],
          [
            77.598409,
            12.980649
          ]
        ]
      },
      "properties": {
        "id": "DE-00451",
        "from_node": "DN-00355",
        "to_node": "DN-00722",
        "length_m": 103.3,
        "diameter_m": 0.8,
        "slope": 0.0105,
        "roughness_n": 0.013,
        "capacity_m3s": 1.355,
        "blockage_pct": 0.0,
        "channel_type": "roadside_storm_drain"
      }
    },
    {
      "type": "Feature",
      "geometry": {
        "type": "LineString",
        "coordinates": [
          [
            77.59059,
            13.009988
          ],
          [
            77.590656,
            13.010025
          ]
        ]
      },
      "properties": {
        "id": "DE-00452",
        "from_node": "DN-00273",
        "to_node": "DN-00272",
        "length_m": 8.25,
        "diameter_m": 0.8,
        "slope": 0.001,
        "roughness_n": 0.013,
        "capacity_m3s": 0.418,
        "blockage_pct": 0.0,
        "channel_type": "roadside_storm_drain"
      }
    },
    {
      "type": "Feature",
      "geometry": {
        "type": "LineString",
        "coordinates": [
          [
            77.595228,
            12.962567
          ],
          [
            77.595048,
            12.962418
          ]
        ]
      },
      "properties": {
        "id": "DE-00453",
        "from_node": "DN-00723",
        "to_node": "DN-00009",
        "length_m": 25.6,
        "diameter_m": 0.8,
        "slope": 0.0254,
        "roughness_n": 0.013,
        "capacity_m3s": 2.107,
        "blockage_pct": 0.0,
        "channel_type": "roadside_storm_drain"
      }
    },
    {
      "type": "Feature",
      "geometry": {
        "type": "LineString",
        "coordinates": [
          [
            77.586633,
            12.973346
          ],
          [
            77.587305,
            12.968463
          ]
        ]
      },
      "properties": {
        "id": "DE-00454",
        "from_node": "DN-00724",
        "to_node": "DN-00725",
        "length_m": 547.87,
        "diameter_m": 0.8,
        "slope": 0.0047,
        "roughness_n": 0.013,
        "capacity_m3s": 0.907,
        "blockage_pct": 0.0,
        "channel_type": "roadside_storm_drain"
      }
    },
    {
      "type": "Feature",
      "geometry": {
        "type": "LineString",
        "coordinates": [
          [
            77.587212,
            13.01416
          ],
          [
            77.590276,
            13.01057
          ]
        ]
      },
      "properties": {
        "id": "DE-00455",
        "from_node": "DN-00726",
        "to_node": "DN-00727",
        "length_m": 526.72,
        "diameter_m": 0.8,
        "slope": 0.0068,
        "roughness_n": 0.013,
        "capacity_m3s": 1.09,
        "blockage_pct": 0.0,
        "channel_type": "roadside_storm_drain"
      }
    },
    {
      "type": "Feature",
      "geometry": {
        "type": "LineString",
        "coordinates": [
          [
            77.594395,
            13.00147
          ],
          [
            77.594517,
            13.001505
          ]
        ]
      },
      "properties": {
        "id": "DE-00456",
        "from_node": "DN-00728",
        "to_node": "DN-00345",
        "length_m": 13.78,
        "diameter_m": 0.8,
        "slope": 0.0058,
        "roughness_n": 0.013,
        "capacity_m3s": 1.007,
        "blockage_pct": 0.0,
        "channel_type": "roadside_storm_drain"
      }
    },
    {
      "type": "Feature",
      "geometry": {
        "type": "LineString",
        "coordinates": [
          [
            77.585242,
            12.963845
          ],
          [
            77.585002,
            12.963249
          ]
        ]
      },
      "properties": {
        "id": "DE-00457",
        "from_node": "DN-00225",
        "to_node": "DN-00729",
        "length_m": 71.21,
        "diameter_m": 0.8,
        "slope": 0.0249,
        "roughness_n": 0.013,
        "capacity_m3s": 2.087,
        "blockage_pct": 0.0,
        "channel_type": "roadside_storm_drain"
      }
    },
    {
      "type": "Feature",
      "geometry": {
        "type": "LineString",
        "coordinates": [
          [
            77.577465,
            12.963912
          ],
          [
            77.577331,
            12.963605
          ]
        ]
      },
      "properties": {
        "id": "DE-00458",
        "from_node": "DN-00730",
        "to_node": "DN-00469",
        "length_m": 39.04,
        "diameter_m": 0.8,
        "slope": 0.02,
        "roughness_n": 0.013,
        "capacity_m3s": 1.87,
        "blockage_pct": 0.0,
        "channel_type": "roadside_storm_drain"
      }
    },
    {
      "type": "Feature",
      "geometry": {
        "type": "LineString",
        "coordinates": [
          [
            77.577998,
            12.983834
          ],
          [
            77.576992,
            12.98337
          ]
        ]
      },
      "properties": {
        "id": "DE-00459",
        "from_node": "DN-00002",
        "to_node": "DN-00731",
        "length_m": 121.43,
        "diameter_m": 0.8,
        "slope": 0.027,
        "roughness_n": 0.013,
        "capacity_m3s": 2.173,
        "blockage_pct": 0.0,
        "channel_type": "roadside_storm_drain"
      }
    },
    {
      "type": "Feature",
      "geometry": {
        "type": "LineString",
        "coordinates": [
          [
            77.577062,
            12.983226
          ],
          [
            77.576845,
            12.982776
          ]
        ]
      },
      "properties": {
        "id": "DE-00460",
        "from_node": "DN-00192",
        "to_node": "DN-00732",
        "length_m": 55.51,
        "diameter_m": 0.8,
        "slope": 0.002,
        "roughness_n": 0.013,
        "capacity_m3s": 0.591,
        "blockage_pct": 0.0,
        "channel_type": "roadside_storm_drain"
      }
    },
    {
      "type": "Feature",
      "geometry": {
        "type": "LineString",
        "coordinates": [
          [
            77.588219,
            12.984514
          ],
          [
            77.58826,
            12.984541
          ]
        ]
      },
      "properties": {
        "id": "DE-00461",
        "from_node": "DN-00181",
        "to_node": "DN-00181",
        "length_m": 5.36,
        "diameter_m": 0.8,
        "slope": 0.001,
        "roughness_n": 0.013,
        "capacity_m3s": 0.418,
        "blockage_pct": 0.0,
        "channel_type": "roadside_storm_drain"
      }
    },
    {
      "type": "Feature",
      "geometry": {
        "type": "LineString",
        "coordinates": [
          [
            77.587968,
            12.984446
          ],
          [
            77.588219,
            12.984514
          ]
        ]
      },
      "properties": {
        "id": "DE-00462",
        "from_node": "DN-00694",
        "to_node": "DN-00181",
        "length_m": 28.23,
        "diameter_m": 0.8,
        "slope": 0.0021,
        "roughness_n": 0.013,
        "capacity_m3s": 0.606,
        "blockage_pct": 0.0,
        "channel_type": "roadside_storm_drain"
      }
    },
    {
      "type": "Feature",
      "geometry": {
        "type": "LineString",
        "coordinates": [
          [
            77.58826,
            12.984541
          ],
          [
            77.588332,
            12.984594
          ]
        ]
      },
      "properties": {
        "id": "DE-00463",
        "from_node": "DN-00181",
        "to_node": "DN-00298",
        "length_m": 9.78,
        "diameter_m": 0.8,
        "slope": 0.001,
        "roughness_n": 0.013,
        "capacity_m3s": 0.418,
        "blockage_pct": 0.0,
        "channel_type": "roadside_storm_drain"
      }
    },
    {
      "type": "Feature",
      "geometry": {
        "type": "LineString",
        "coordinates": [
          [
            77.594638,
            12.962185
          ],
          [
            77.594115,
            12.960815
          ]
        ]
      },
      "properties": {
        "id": "DE-00464",
        "from_node": "DN-00010",
        "to_node": "DN-00733",
        "length_m": 162.54,
        "diameter_m": 0.8,
        "slope": 0.0134,
        "roughness_n": 0.013,
        "capacity_m3s": 1.531,
        "blockage_pct": 0.0,
        "channel_type": "roadside_storm_drain"
      }
    },
    {
      "type": "Feature",
      "geometry": {
        "type": "LineString",
        "coordinates": [
          [
            77.594809,
            12.962464
          ],
          [
            77.594572,
            12.962356
          ]
        ]
      },
      "properties": {
        "id": "DE-00465",
        "from_node": "DN-00261",
        "to_node": "DN-00734",
        "length_m": 28.35,
        "diameter_m": 0.8,
        "slope": 0.0131,
        "roughness_n": 0.013,
        "capacity_m3s": 1.513,
        "blockage_pct": 0.0,
        "channel_type": "roadside_storm_drain"
      }
    },
    {
      "type": "Feature",
      "geometry": {
        "type": "LineString",
        "coordinates": [
          [
            77.579617,
            12.980414
          ],
          [
            77.579141,
            12.980454
          ]
        ]
      },
      "properties": {
        "id": "DE-00466",
        "from_node": "DN-00578",
        "to_node": "DN-00735",
        "length_m": 51.77,
        "diameter_m": 0.8,
        "slope": 0.0126,
        "roughness_n": 0.013,
        "capacity_m3s": 1.484,
        "blockage_pct": 0.0,
        "channel_type": "roadside_storm_drain"
      }
    },
    {
      "type": "Feature",
      "geometry": {
        "type": "LineString",
        "coordinates": [
          [
            77.597153,
            12.984396
          ],
          [
            77.597063,
            12.984585
          ]
        ]
      },
      "properties": {
        "id": "DE-00467",
        "from_node": "DN-00045",
        "to_node": "DN-00736",
        "length_m": 23.17,
        "diameter_m": 0.8,
        "slope": 0.001,
        "roughness_n": 0.013,
        "capacity_m3s": 0.418,
        "blockage_pct": 0.0,
        "channel_type": "roadside_storm_drain"
      }
    },
    {
      "type": "Feature",
      "geometry": {
        "type": "LineString",
        "coordinates": [
          [
            77.596999,
            12.98425
          ],
          [
            77.597153,
            12.984396
          ]
        ]
      },
      "properties": {
        "id": "DE-00468",
        "from_node": "DN-00737",
        "to_node": "DN-00045",
        "length_m": 23.28,
        "diameter_m": 0.8,
        "slope": 0.0357,
        "roughness_n": 0.013,
        "capacity_m3s": 2.499,
        "blockage_pct": 0.0,
        "channel_type": "roadside_storm_drain"
      }
    },
    {
      "type": "Feature",
      "geometry": {
        "type": "LineString",
        "coordinates": [
          [
            77.603113,
            12.98422
          ],
          [
            77.603217,
            12.984187
          ]
        ]
      },
      "properties": {
        "id": "DE-00469",
        "from_node": "DN-00565",
        "to_node": "DN-00564",
        "length_m": 11.85,
        "diameter_m": 0.8,
        "slope": 0.001,
        "roughness_n": 0.013,
        "capacity_m3s": 0.418,
        "blockage_pct": 0.0,
        "channel_type": "roadside_storm_drain"
      }
    },
    {
      "type": "Feature",
      "geometry": {
        "type": "LineString",
        "coordinates": [
          [
            77.607157,
            12.996347
          ],
          [
            77.608433,
            12.995564
          ]
        ]
      },
      "properties": {
        "id": "DE-00470",
        "from_node": "DN-00323",
        "to_node": "DN-00738",
        "length_m": 163.7,
        "diameter_m": 0.8,
        "slope": 0.004,
        "roughness_n": 0.013,
        "capacity_m3s": 0.836,
        "blockage_pct": 0.0,
        "channel_type": "roadside_storm_drain"
      }
    },
    {
      "type": "Feature",
      "geometry": {
        "type": "LineString",
        "coordinates": [
          [
            77.588637,
            12.981549
          ],
          [
            77.588707,
            12.980976
          ]
        ]
      },
      "properties": {
        "id": "DE-00471",
        "from_node": "DN-00617",
        "to_node": "DN-00306",
        "length_m": 64.27,
        "diameter_m": 0.8,
        "slope": 0.0237,
        "roughness_n": 0.013,
        "capacity_m3s": 2.036,
        "blockage_pct": 0.0,
        "channel_type": "roadside_storm_drain"
      }
    },
    {
      "type": "Feature",
      "geometry": {
        "type": "LineString",
        "coordinates": [
          [
            77.585002,
            12.963249
          ],
          [
            77.584117,
            12.961521
          ]
        ]
      },
      "properties": {
        "id": "DE-00472",
        "from_node": "DN-00739",
        "to_node": "DN-00740",
        "length_m": 214.94,
        "diameter_m": 0.8,
        "slope": 0.0177,
        "roughness_n": 0.013,
        "capacity_m3s": 1.759,
        "blockage_pct": 0.0,
        "channel_type": "roadside_storm_drain"
      }
    },
    {
      "type": "Feature",
      "geometry": {
        "type": "LineString",
        "coordinates": [
          [
            77.588314,
            12.961045
          ],
          [
            77.588263,
            12.960991
          ]
        ]
      },
      "properties": {
        "id": "DE-00473",
        "from_node": "DN-00313",
        "to_node": "DN-00482",
        "length_m": 8.16,
        "diameter_m": 0.8,
        "slope": 0.001,
        "roughness_n": 0.013,
        "capacity_m3s": 0.418,
        "blockage_pct": 0.0,
        "channel_type": "roadside_storm_drain"
      }
    },
    {
      "type": "Feature",
      "geometry": {
        "type": "LineString",
        "coordinates": [
          [
            77.597019,
            12.964946
          ],
          [
            77.596968,
            12.964833
          ]
        ]
      },
      "properties": {
        "id": "DE-00474",
        "from_node": "DN-00741",
        "to_node": "DN-00128",
        "length_m": 13.73,
        "diameter_m": 0.8,
        "slope": 0.0583,
        "roughness_n": 0.013,
        "capacity_m3s": 3.193,
        "blockage_pct": 0.0,
        "channel_type": "roadside_storm_drain"
      }
    },
    {
      "type": "Feature",
      "geometry": {
        "type": "LineString",
        "coordinates": [
          [
            77.594509,
            12.962339
          ],
          [
            77.594572,
            12.962356
          ]
        ]
      },
      "properties": {
        "id": "DE-00475",
        "from_node": "DN-00742",
        "to_node": "DN-00743",
        "length_m": 7.08,
        "diameter_m": 0.8,
        "slope": 0.001,
        "roughness_n": 0.013,
        "capacity_m3s": 0.418,
        "blockage_pct": 0.0,
        "channel_type": "roadside_storm_drain"
      }
    },
    {
      "type": "Feature",
      "geometry": {
        "type": "LineString",
        "coordinates": [
          [
            77.58667,
            12.965619
          ],
          [
            77.586812,
            12.965494
          ]
        ]
      },
      "properties": {
        "id": "DE-00476",
        "from_node": "DN-00361",
        "to_node": "DN-00223",
        "length_m": 20.74,
        "diameter_m": 0.8,
        "slope": 0.0082,
        "roughness_n": 0.013,
        "capacity_m3s": 1.197,
        "blockage_pct": 0.0,
        "channel_type": "roadside_storm_drain"
      }
    },
    {
      "type": "Feature",
      "geometry": {
        "type": "LineString",
        "coordinates": [
          [
            77.58667,
            12.965619
          ],
          [
            77.586539,
            12.965277
          ]
        ]
      },
      "properties": {
        "id": "DE-00477",
        "from_node": "DN-00361",
        "to_node": "DN-00744",
        "length_m": 41.94,
        "diameter_m": 0.8,
        "slope": 0.026,
        "roughness_n": 0.013,
        "capacity_m3s": 2.132,
        "blockage_pct": 0.0,
        "channel_type": "roadside_storm_drain"
      }
    },
    {
      "type": "Feature",
      "geometry": {
        "type": "LineString",
        "coordinates": [
          [
            77.606108,
            12.971477
          ],
          [
            77.607044,
            12.971927
          ]
        ]
      },
      "properties": {
        "id": "DE-00478",
        "from_node": "DN-00745",
        "to_node": "DN-00746",
        "length_m": 113.19,
        "diameter_m": 0.8,
        "slope": 0.0119,
        "roughness_n": 0.013,
        "capacity_m3s": 1.443,
        "blockage_pct": 0.0,
        "channel_type": "roadside_storm_drain"
      }
    },
    {
      "type": "Feature",
      "geometry": {
        "type": "LineString",
        "coordinates": [
          [
            77.607044,
            12.971927
          ],
          [
            77.607359,
            12.972072
          ]
        ]
      },
      "properties": {
        "id": "DE-00479",
        "from_node": "DN-00747",
        "to_node": "DN-00748",
        "length_m": 37.75,
        "diameter_m": 0.8,
        "slope": 0.0111,
        "roughness_n": 0.013,
        "capacity_m3s": 1.393,
        "blockage_pct": 0.0,
        "channel_type": "roadside_storm_drain"
      }
    },
    {
      "type": "Feature",
      "geometry": {
        "type": "LineString",
        "coordinates": [
          [
            77.595939,
            12.99458
          ],
          [
            77.595826,
            12.994346
          ]
        ]
      },
      "properties": {
        "id": "DE-00480",
        "from_node": "DN-00484",
        "to_node": "DN-00749",
        "length_m": 28.76,
        "diameter_m": 0.8,
        "slope": 0.0452,
        "roughness_n": 0.013,
        "capacity_m3s": 2.811,
        "blockage_pct": 0.0,
        "channel_type": "roadside_storm_drain"
      }
    },
    {
      "type": "Feature",
      "geometry": {
        "type": "LineString",
        "coordinates": [
          [
            77.606712,
            12.964402
          ],
          [
            77.606617,
            12.961576
          ]
        ]
      },
      "properties": {
        "id": "DE-00481",
        "from_node": "DN-00750",
        "to_node": "DN-00751",
        "length_m": 315.48,
        "diameter_m": 0.8,
        "slope": 0.0015,
        "roughness_n": 0.013,
        "capacity_m3s": 0.512,
        "blockage_pct": 0.0,
        "channel_type": "roadside_storm_drain"
      }
    },
    {
      "type": "Feature",
      "geometry": {
        "type": "LineString",
        "coordinates": [
          [
            77.588138,
            12.964378
          ],
          [
            77.58922,
            12.963329
          ]
        ]
      },
      "properties": {
        "id": "DE-00482",
        "from_node": "DN-00752",
        "to_node": "DN-00352",
        "length_m": 165.55,
        "diameter_m": 0.8,
        "slope": 0.0199,
        "roughness_n": 0.013,
        "capacity_m3s": 1.865,
        "blockage_pct": 0.0,
        "channel_type": "roadside_storm_drain"
      }
    },
    {
      "type": "Feature",
      "geometry": {
        "type": "LineString",
        "coordinates": [
          [
            77.58705,
            12.976137
          ],
          [
            77.587143,
            12.976041
          ]
        ]
      },
      "properties": {
        "id": "DE-00483",
        "from_node": "DN-00753",
        "to_node": "DN-00754",
        "length_m": 14.7,
        "diameter_m": 0.8,
        "slope": 0.001,
        "roughness_n": 0.013,
        "capacity_m3s": 0.418,
        "blockage_pct": 0.0,
        "channel_type": "roadside_storm_drain"
      }
    },
    {
      "type": "Feature",
      "geometry": {
        "type": "LineString",
        "coordinates": [
          [
            77.607039,
            12.971451
          ],
          [
            77.607141,
            12.971418
          ]
        ]
      },
      "properties": {
        "id": "DE-00484",
        "from_node": "DN-00537",
        "to_node": "DN-00538",
        "length_m": 11.65,
        "diameter_m": 0.8,
        "slope": 0.0309,
        "roughness_n": 0.013,
        "capacity_m3s": 2.324,
        "blockage_pct": 0.0,
        "channel_type": "roadside_storm_drain"
      }
    },
    {
      "type": "Feature",
      "geometry": {
        "type": "LineString",
        "coordinates": [
          [
            77.605796,
            13.003685
          ],
          [
            77.604258,
            13.004354
          ]
        ]
      },
      "properties": {
        "id": "DE-00485",
        "from_node": "DN-00531",
        "to_node": "DN-00755",
        "length_m": 182.83,
        "diameter_m": 0.8,
        "slope": 0.0021,
        "roughness_n": 0.013,
        "capacity_m3s": 0.606,
        "blockage_pct": 0.0,
        "channel_type": "roadside_storm_drain"
      }
    },
    {
      "type": "Feature",
      "geometry": {
        "type": "LineString",
        "coordinates": [
          [
            77.600755,
            12.997902
          ],
          [
            77.60065,
            12.998109
          ]
        ]
      },
      "properties": {
        "id": "DE-00486",
        "from_node": "DN-00756",
        "to_node": "DN-00271",
        "length_m": 25.68,
        "diameter_m": 0.8,
        "slope": 0.0354,
        "roughness_n": 0.013,
        "capacity_m3s": 2.488,
        "blockage_pct": 0.0,
        "channel_type": "roadside_storm_drain"
      }
    },
    {
      "type": "Feature",
      "geometry": {
        "type": "LineString",
        "coordinates": [
          [
            77.604141,
            12.992202
          ],
          [
            77.604175,
            12.992143
          ]
        ]
      },
      "properties": {
        "id": "DE-00487",
        "from_node": "DN-00144",
        "to_node": "DN-00143",
        "length_m": 7.52,
        "diameter_m": 0.8,
        "slope": 0.001,
        "roughness_n": 0.013,
        "capacity_m3s": 0.418,
        "blockage_pct": 0.0,
        "channel_type": "roadside_storm_drain"
      }
    },
    {
      "type": "Feature",
      "geometry": {
        "type": "LineString",
        "coordinates": [
          [
            77.604245,
            12.992264
          ],
          [
            77.604289,
            12.992197
          ]
        ]
      },
      "properties": {
        "id": "DE-00488",
        "from_node": "DN-00431",
        "to_node": "DN-00423",
        "length_m": 8.84,
        "diameter_m": 0.8,
        "slope": 0.0373,
        "roughness_n": 0.013,
        "capacity_m3s": 2.554,
        "blockage_pct": 0.0,
        "channel_type": "roadside_storm_drain"
      }
    },
    {
      "type": "Feature",
      "geometry": {
        "type": "LineString",
        "coordinates": [
          [
            77.601799,
            12.976518
          ],
          [
            77.601668,
            12.975799
          ]
        ]
      },
      "properties": {
        "id": "DE-00489",
        "from_node": "DN-00503",
        "to_node": "DN-00757",
        "length_m": 81.26,
        "diameter_m": 0.8,
        "slope": 0.0107,
        "roughness_n": 0.013,
        "capacity_m3s": 1.368,
        "blockage_pct": 0.0,
        "channel_type": "roadside_storm_drain"
      }
    },
    {
      "type": "Feature",
      "geometry": {
        "type": "LineString",
        "coordinates": [
          [
            77.598404,
            12.966377
          ],
          [
            77.59909,
            12.966999
          ]
        ]
      },
      "properties": {
        "id": "DE-00490",
        "from_node": "DN-00140",
        "to_node": "DN-00758",
        "length_m": 101.54,
        "diameter_m": 0.8,
        "slope": 0.0015,
        "roughness_n": 0.013,
        "capacity_m3s": 0.512,
        "blockage_pct": 0.0,
        "channel_type": "roadside_storm_drain"
      }
    },
    {
      "type": "Feature",
      "geometry": {
        "type": "LineString",
        "coordinates": [
          [
            77.593561,
            12.959455
          ],
          [
            77.593195,
            12.958432
          ]
        ]
      },
      "properties": {
        "id": "DE-00491",
        "from_node": "DN-00418",
        "to_node": "DN-00759",
        "length_m": 120.47,
        "diameter_m": 0.8,
        "slope": 0.0057,
        "roughness_n": 0.013,
        "capacity_m3s": 0.998,
        "blockage_pct": 0.0,
        "channel_type": "roadside_storm_drain"
      }
    },
    {
      "type": "Feature",
      "geometry": {
        "type": "LineString",
        "coordinates": [
          [
            77.585548,
            12.977182
          ],
          [
            77.585958,
            12.976898
          ]
        ]
      },
      "properties": {
        "id": "DE-00492",
        "from_node": "DN-00475",
        "to_node": "DN-00760",
        "length_m": 54.51,
        "diameter_m": 0.8,
        "slope": 0.0152,
        "roughness_n": 0.013,
        "capacity_m3s": 1.63,
        "blockage_pct": 0.0,
        "channel_type": "roadside_storm_drain"
      }
    },
    {
      "type": "Feature",
      "geometry": {
        "type": "LineString",
        "coordinates": [
          [
            77.582072,
            12.984712
          ],
          [
            77.581907,
            12.98422
          ]
        ]
      },
      "properties": {
        "id": "DE-00493",
        "from_node": "DN-00761",
        "to_node": "DN-00187",
        "length_m": 57.87,
        "diameter_m": 0.8,
        "slope": 0.027,
        "roughness_n": 0.013,
        "capacity_m3s": 2.173,
        "blockage_pct": 0.0,
        "channel_type": "roadside_storm_drain"
      }
    },
    {
      "type": "Feature",
      "geometry": {
        "type": "LineString",
        "coordinates": [
          [
            77.593239,
            13.00552
          ],
          [
            77.593207,
            13.005618
          ]
        ]
      },
      "properties": {
        "id": "DE-00494",
        "from_node": "DN-00343",
        "to_node": "DN-00341",
        "length_m": 11.44,
        "diameter_m": 0.8,
        "slope": 0.0219,
        "roughness_n": 0.013,
        "capacity_m3s": 1.957,
        "blockage_pct": 0.0,
        "channel_type": "roadside_storm_drain"
      }
    },
    {
      "type": "Feature",
      "geometry": {
        "type": "LineString",
        "coordinates": [
          [
            77.593207,
            13.005618
          ],
          [
            77.593054,
            13.006021
          ]
        ]
      },
      "properties": {
        "id": "DE-00495",
        "from_node": "DN-00341",
        "to_node": "DN-00340",
        "length_m": 47.88,
        "diameter_m": 0.8,
        "slope": 0.0104,
        "roughness_n": 0.013,
        "capacity_m3s": 1.349,
        "blockage_pct": 0.0,
        "channel_type": "roadside_storm_drain"
      }
    },
    {
      "type": "Feature",
      "geometry": {
        "type": "LineString",
        "coordinates": [
          [
            77.601864,
            12.976637
          ],
          [
            77.601799,
            12.976518
          ]
        ]
      },
      "properties": {
        "id": "DE-00496",
        "from_node": "DN-00762",
        "to_node": "DN-00503",
        "length_m": 14.99,
        "diameter_m": 0.8,
        "slope": 0.001,
        "roughness_n": 0.013,
        "capacity_m3s": 0.418,
        "blockage_pct": 0.0,
        "channel_type": "roadside_storm_drain"
      }
    },
    {
      "type": "Feature",
      "geometry": {
        "type": "LineString",
        "coordinates": [
          [
            77.579725,
            12.986579
          ],
          [
            77.579627,
            12.986431
          ]
        ]
      },
      "properties": {
        "id": "DE-00497",
        "from_node": "DN-00410",
        "to_node": "DN-00763",
        "length_m": 19.59,
        "diameter_m": 0.8,
        "slope": 0.0276,
        "roughness_n": 0.013,
        "capacity_m3s": 2.197,
        "blockage_pct": 0.0,
        "channel_type": "roadside_storm_drain"
      }
    },
    {
      "type": "Feature",
      "geometry": {
        "type": "LineString",
        "coordinates": [
          [
            77.579113,
            12.98683
          ],
          [
            77.578508,
            12.987286
          ]
        ]
      },
      "properties": {
        "id": "DE-00498",
        "from_node": "DN-00546",
        "to_node": "DN-00764",
        "length_m": 82.88,
        "diameter_m": 0.8,
        "slope": 0.034,
        "roughness_n": 0.013,
        "capacity_m3s": 2.438,
        "blockage_pct": 0.0,
        "channel_type": "roadside_storm_drain"
      }
    },
    {
      "type": "Feature",
      "geometry": {
        "type": "LineString",
        "coordinates": [
          [
            77.578513,
            13.002629
          ],
          [
            77.578499,
            13.001849
          ]
        ]
      },
      "properties": {
        "id": "DE-00499",
        "from_node": "DN-00611",
        "to_node": "DN-00612",
        "length_m": 86.75,
        "diameter_m": 0.8,
        "slope": 0.0167,
        "roughness_n": 0.013,
        "capacity_m3s": 1.709,
        "blockage_pct": 0.0,
        "channel_type": "roadside_storm_drain"
      }
    },
    {
      "type": "Feature",
      "geometry": {
        "type": "LineString",
        "coordinates": [
          [
            77.578443,
            13.005355
          ],
          [
            77.575204,
            13.005425
          ]
        ]
      },
      "properties": {
        "id": "DE-00500",
        "from_node": "DN-00765",
        "to_node": "DN-00766",
        "length_m": 351.01,
        "diameter_m": 0.8,
        "slope": 0.0202,
        "roughness_n": 0.013,
        "capacity_m3s": 1.879,
        "blockage_pct": 0.0,
        "channel_type": "roadside_storm_drain"
      }
    },
    {
      "type": "Feature",
      "geometry": {
        "type": "LineString",
        "coordinates": [
          [
            77.601656,
            12.989772
          ],
          [
            77.602186,
            12.989189
          ]
        ]
      },
      "properties": {
        "id": "DE-00501",
        "from_node": "DN-00767",
        "to_node": "DN-00182",
        "length_m": 86.6,
        "diameter_m": 0.8,
        "slope": 0.0092,
        "roughness_n": 0.013,
        "capacity_m3s": 1.268,
        "blockage_pct": 0.0,
        "channel_type": "roadside_storm_drain"
      }
    },
    {
      "type": "Feature",
      "geometry": {
        "type": "LineString",
        "coordinates": [
          [
            77.601004,
            12.990106
          ],
          [
            77.599537,
            12.990435
          ]
        ]
      },
      "properties": {
        "id": "DE-00502",
        "from_node": "DN-00768",
        "to_node": "DN-00769",
        "length_m": 166.92,
        "diameter_m": 0.8,
        "slope": 0.001,
        "roughness_n": 0.013,
        "capacity_m3s": 0.418,
        "blockage_pct": 0.0,
        "channel_type": "roadside_storm_drain"
      }
    },
    {
      "type": "Feature",
      "geometry": {
        "type": "LineString",
        "coordinates": [
          [
            77.57722,
            12.972842
          ],
          [
            77.575259,
            12.973595
          ]
        ]
      },
      "properties": {
        "id": "DE-00503",
        "from_node": "DN-00770",
        "to_node": "DN-00771",
        "length_m": 228.71,
        "diameter_m": 0.8,
        "slope": 0.0064,
        "roughness_n": 0.013,
        "capacity_m3s": 1.058,
        "blockage_pct": 0.0,
        "channel_type": "roadside_storm_drain"
      }
    },
    {
      "type": "Feature",
      "geometry": {
        "type": "LineString",
        "coordinates": [
          [
            77.578682,
            13.00616
          ],
          [
            77.578561,
            13.006178
          ]
        ]
      },
      "properties": {
        "id": "DE-00504",
        "from_node": "DN-00557",
        "to_node": "DN-00161",
        "length_m": 13.26,
        "diameter_m": 0.8,
        "slope": 0.001,
        "roughness_n": 0.013,
        "capacity_m3s": 0.418,
        "blockage_pct": 0.0,
        "channel_type": "roadside_storm_drain"
      }
    },
    {
      "type": "Feature",
      "geometry": {
        "type": "LineString",
        "coordinates": [
          [
            77.585705,
            12.99113
          ],
          [
            77.585468,
            12.991358
          ]
        ]
      },
      "properties": {
        "id": "DE-00505",
        "from_node": "DN-00772",
        "to_node": "DN-00773",
        "length_m": 36.96,
        "diameter_m": 0.8,
        "slope": 0.0054,
        "roughness_n": 0.013,
        "capacity_m3s": 0.972,
        "blockage_pct": 0.0,
        "channel_type": "roadside_storm_drain"
      }
    },
    {
      "type": "Feature",
      "geometry": {
        "type": "LineString",
        "coordinates": [
          [
            77.589809,
            12.995197
          ],
          [
            77.591351,
            12.99523
          ]
        ]
      },
      "properties": {
        "id": "DE-00506",
        "from_node": "DN-00580",
        "to_node": "DN-00278",
        "length_m": 167.11,
        "diameter_m": 0.8,
        "slope": 0.0487,
        "roughness_n": 0.013,
        "capacity_m3s": 2.918,
        "blockage_pct": 0.0,
        "channel_type": "roadside_storm_drain"
      }
    },
    {
      "type": "Feature",
      "geometry": {
        "type": "LineString",
        "coordinates": [
          [
            77.589808,
            12.995146
          ],
          [
            77.591351,
            12.99523
          ]
        ]
      },
      "properties": {
        "id": "DE-00507",
        "from_node": "DN-00580",
        "to_node": "DN-00278",
        "length_m": 168.2,
        "diameter_m": 0.8,
        "slope": 0.0484,
        "roughness_n": 0.013,
        "capacity_m3s": 2.909,
        "blockage_pct": 0.0,
        "channel_type": "roadside_storm_drain"
      }
    },
    {
      "type": "Feature",
      "geometry": {
        "type": "LineString",
        "coordinates": [
          [
            77.589469,
            12.994479
          ],
          [
            77.589808,
            12.995146
          ]
        ]
      },
      "properties": {
        "id": "DE-00508",
        "from_node": "DN-00584",
        "to_node": "DN-00580",
        "length_m": 82.76,
        "diameter_m": 0.8,
        "slope": 0.0317,
        "roughness_n": 0.013,
        "capacity_m3s": 2.354,
        "blockage_pct": 0.0,
        "channel_type": "roadside_storm_drain"
      }
    },
    {
      "type": "Feature",
      "geometry": {
        "type": "LineString",
        "coordinates": [
          [
            77.607157,
            12.996347
          ],
          [
            77.608433,
            12.995564
          ]
        ]
      },
      "properties": {
        "id": "DE-00509",
        "from_node": "DN-00323",
        "to_node": "DN-00738",
        "length_m": 163.7,
        "diameter_m": 0.8,
        "slope": 0.004,
        "roughness_n": 0.013,
        "capacity_m3s": 0.836,
        "blockage_pct": 0.0,
        "channel_type": "roadside_storm_drain"
      }
    },
    {
      "type": "Feature",
      "geometry": {
        "type": "LineString",
        "coordinates": [
          [
            77.600826,
            12.967337
          ],
          [
            77.601453,
            12.965642
          ]
        ]
      },
      "properties": {
        "id": "DE-00510",
        "from_node": "DN-00774",
        "to_node": "DN-00775",
        "length_m": 214.54,
        "diameter_m": 0.8,
        "slope": 0.0163,
        "roughness_n": 0.013,
        "capacity_m3s": 1.688,
        "blockage_pct": 0.0,
        "channel_type": "roadside_storm_drain"
      }
    },
    {
      "type": "Feature",
      "geometry": {
        "type": "LineString",
        "coordinates": [
          [
            77.6053,
            12.990186
          ],
          [
            77.607128,
            12.990378
          ]
        ]
      },
      "properties": {
        "id": "DE-00511",
        "from_node": "DN-00113",
        "to_node": "DN-00111",
        "length_m": 200.93,
        "diameter_m": 0.8,
        "slope": 0.0099,
        "roughness_n": 0.013,
        "capacity_m3s": 1.316,
        "blockage_pct": 0.0,
        "channel_type": "roadside_storm_drain"
      }
    },
    {
      "type": "Feature",
      "geometry": {
        "type": "LineString",
        "coordinates": [
          [
            77.605216,
            12.990653
          ],
          [
            77.6053,
            12.990186
          ]
        ]
      },
      "properties": {
        "id": "DE-00512",
        "from_node": "DN-00253",
        "to_node": "DN-00113",
        "length_m": 52.72,
        "diameter_m": 0.8,
        "slope": 0.0277,
        "roughness_n": 0.013,
        "capacity_m3s": 2.201,
        "blockage_pct": 0.0,
        "channel_type": "roadside_storm_drain"
      }
    },
    {
      "type": "Feature",
      "geometry": {
        "type": "LineString",
        "coordinates": [
          [
            77.59059,
            13.009988
          ],
          [
            77.591856,
            13.008061
          ]
        ]
      },
      "properties": {
        "id": "DE-00513",
        "from_node": "DN-00273",
        "to_node": "DN-00776",
        "length_m": 254.42,
        "diameter_m": 0.8,
        "slope": 0.0096,
        "roughness_n": 0.013,
        "capacity_m3s": 1.296,
        "blockage_pct": 0.0,
        "channel_type": "roadside_storm_drain"
      }
    },
    {
      "type": "Feature",
      "geometry": {
        "type": "LineString",
        "coordinates": [
          [
            77.579166,
            12.986883
          ],
          [
            77.57852,
            12.987377
          ]
        ]
      },
      "properties": {
        "id": "DE-00514",
        "from_node": "DN-00546",
        "to_node": "DN-00777",
        "length_m": 88.98,
        "diameter_m": 0.8,
        "slope": 0.0314,
        "roughness_n": 0.013,
        "capacity_m3s": 2.343,
        "blockage_pct": 0.0,
        "channel_type": "roadside_storm_drain"
      }
    },
    {
      "type": "Feature",
      "geometry": {
        "type": "LineString",
        "coordinates": [
          [
            77.605796,
            13.003685
          ],
          [
            77.605853,
            13.003664
          ]
        ]
      },
      "properties": {
        "id": "DE-00515",
        "from_node": "DN-00531",
        "to_node": "DN-00531",
        "length_m": 6.6,
        "diameter_m": 0.8,
        "slope": 0.001,
        "roughness_n": 0.013,
        "capacity_m3s": 0.418,
        "blockage_pct": 0.0,
        "channel_type": "roadside_storm_drain"
      }
    },
    {
      "type": "Feature",
      "geometry": {
        "type": "LineString",
        "coordinates": [
          [
            77.603687,
            12.984
          ],
          [
            77.603816,
            12.984089
          ]
        ]
      },
      "properties": {
        "id": "DE-00516",
        "from_node": "DN-00778",
        "to_node": "DN-00146",
        "length_m": 17.39,
        "diameter_m": 0.8,
        "slope": 0.001,
        "roughness_n": 0.013,
        "capacity_m3s": 0.418,
        "blockage_pct": 0.0,
        "channel_type": "roadside_storm_drain"
      }
    },
    {
      "type": "Feature",
      "geometry": {
        "type": "LineString",
        "coordinates": [
          [
            77.594011,
            12.972206
          ],
          [
            77.594082,
            12.972152
          ]
        ]
      },
      "properties": {
        "id": "DE-00517",
        "from_node": "DN-00779",
        "to_node": "DN-00720",
        "length_m": 9.76,
        "diameter_m": 0.8,
        "slope": 0.001,
        "roughness_n": 0.013,
        "capacity_m3s": 0.418,
        "blockage_pct": 0.0,
        "channel_type": "roadside_storm_drain"
      }
    },
    {
      "type": "Feature",
      "geometry": {
        "type": "LineString",
        "coordinates": [
          [
            77.594044,
            12.972113
          ],
          [
            77.593988,
            12.97193
          ]
        ]
      },
      "properties": {
        "id": "DE-00518",
        "from_node": "DN-00721",
        "to_node": "DN-00780",
        "length_m": 22.26,
        "diameter_m": 0.8,
        "slope": 0.0288,
        "roughness_n": 0.013,
        "capacity_m3s": 2.244,
        "blockage_pct": 0.0,
        "channel_type": "roadside_storm_drain"
      }
    },
    {
      "type": "Feature",
      "geometry": {
        "type": "LineString",
        "coordinates": [
          [
            77.59397,
            12.972174
          ],
          [
            77.594011,
            12.972206
          ]
        ]
      },
      "properties": {
        "id": "DE-00519",
        "from_node": "DN-00781",
        "to_node": "DN-00779",
        "length_m": 5.69,
        "diameter_m": 0.8,
        "slope": 0.1213,
        "roughness_n": 0.013,
        "capacity_m3s": 4.606,
        "blockage_pct": 0.0,
        "channel_type": "roadside_storm_drain"
      }
    },
    {
      "type": "Feature",
      "geometry": {
        "type": "LineString",
        "coordinates": [
          [
            77.607002,
            12.985851
          ],
          [
            77.60711,
            12.986711
          ]
        ]
      },
      "properties": {
        "id": "DE-00520",
        "from_node": "DN-00782",
        "to_node": "DN-00783",
        "length_m": 96.59,
        "diameter_m": 0.8,
        "slope": 0.001,
        "roughness_n": 0.013,
        "capacity_m3s": 0.418,
        "blockage_pct": 0.0,
        "channel_type": "roadside_storm_drain"
      }
    },
    {
      "type": "Feature",
      "geometry": {
        "type": "LineString",
        "coordinates": [
          [
            77.607002,
            12.985851
          ],
          [
            77.60711,
            12.986711
          ]
        ]
      },
      "properties": {
        "id": "DE-00521",
        "from_node": "DN-00784",
        "to_node": "DN-00785",
        "length_m": 96.59,
        "diameter_m": 0.8,
        "slope": 0.001,
        "roughness_n": 0.013,
        "capacity_m3s": 0.418,
        "blockage_pct": 0.0,
        "channel_type": "roadside_storm_drain"
      }
    },
    {
      "type": "Feature",
      "geometry": {
        "type": "LineString",
        "coordinates": [
          [
            77.601004,
            12.990106
          ],
          [
            77.601404,
            12.990016
          ]
        ]
      },
      "properties": {
        "id": "DE-00522",
        "from_node": "DN-00768",
        "to_node": "DN-00786",
        "length_m": 44.48,
        "diameter_m": 0.8,
        "slope": 0.0094,
        "roughness_n": 0.013,
        "capacity_m3s": 1.282,
        "blockage_pct": 0.0,
        "channel_type": "roadside_storm_drain"
      }
    },
    {
      "type": "Feature",
      "geometry": {
        "type": "LineString",
        "coordinates": [
          [
            77.602864,
            12.98999
          ],
          [
            77.601404,
            12.990016
          ]
        ]
      },
      "properties": {
        "id": "DE-00523",
        "from_node": "DN-00787",
        "to_node": "DN-00788",
        "length_m": 158.3,
        "diameter_m": 0.8,
        "slope": 0.001,
        "roughness_n": 0.013,
        "capacity_m3s": 0.418,
        "blockage_pct": 0.0,
        "channel_type": "roadside_storm_drain"
      }
    },
    {
      "type": "Feature",
      "geometry": {
        "type": "LineString",
        "coordinates": [
          [
            77.602864,
            12.98999
          ],
          [
            77.601404,
            12.990016
          ]
        ]
      },
      "properties": {
        "id": "DE-00524",
        "from_node": "DN-00789",
        "to_node": "DN-00790",
        "length_m": 158.3,
        "diameter_m": 0.8,
        "slope": 0.001,
        "roughness_n": 0.013,
        "capacity_m3s": 0.418,
        "blockage_pct": 0.0,
        "channel_type": "roadside_storm_drain"
      }
    },
    {
      "type": "Feature",
      "geometry": {
        "type": "LineString",
        "coordinates": [
          [
            77.587393,
            12.976003
          ],
          [
            77.588311,
            12.976469
          ]
        ]
      },
      "properties": {
        "id": "DE-00525",
        "from_node": "DN-00791",
        "to_node": "DN-00792",
        "length_m": 112.29,
        "diameter_m": 0.8,
        "slope": 0.0256,
        "roughness_n": 0.013,
        "capacity_m3s": 2.116,
        "blockage_pct": 0.0,
        "channel_type": "roadside_storm_drain"
      }
    },
    {
      "type": "Feature",
      "geometry": {
        "type": "LineString",
        "coordinates": [
          [
            77.588311,
            12.976469
          ],
          [
            77.588656,
            12.97665
          ]
        ]
      },
      "properties": {
        "id": "DE-00526",
        "from_node": "DN-00793",
        "to_node": "DN-00574",
        "length_m": 42.46,
        "diameter_m": 0.8,
        "slope": 0.0177,
        "roughness_n": 0.013,
        "capacity_m3s": 1.759,
        "blockage_pct": 0.0,
        "channel_type": "roadside_storm_drain"
      }
    },
    {
      "type": "Feature",
      "geometry": {
        "type": "LineString",
        "coordinates": [
          [
            77.588348,
            12.976383
          ],
          [
            77.58844,
            12.976425
          ]
        ]
      },
      "properties": {
        "id": "DE-00527",
        "from_node": "DN-00794",
        "to_node": "DN-00631",
        "length_m": 11.01,
        "diameter_m": 0.8,
        "slope": 0.0472,
        "roughness_n": 0.013,
        "capacity_m3s": 2.873,
        "blockage_pct": 0.0,
        "channel_type": "roadside_storm_drain"
      }
    },
    {
      "type": "Feature",
      "geometry": {
        "type": "LineString",
        "coordinates": [
          [
            77.594783,
            12.981859
          ],
          [
            77.595009,
            12.982107
          ]
        ]
      },
      "properties": {
        "id": "DE-00528",
        "from_node": "DN-00629",
        "to_node": "DN-00795",
        "length_m": 36.88,
        "diameter_m": 0.8,
        "slope": 0.0187,
        "roughness_n": 0.013,
        "capacity_m3s": 1.808,
        "blockage_pct": 0.0,
        "channel_type": "roadside_storm_drain"
      }
    },
    {
      "type": "Feature",
      "geometry": {
        "type": "LineString",
        "coordinates": [
          [
            77.578216,
            12.974284
          ],
          [
            77.578247,
            12.974332
          ]
        ]
      },
      "properties": {
        "id": "DE-00529",
        "from_node": "DN-00229",
        "to_node": "DN-00229",
        "length_m": 6.31,
        "diameter_m": 0.8,
        "slope": 0.001,
        "roughness_n": 0.013,
        "capacity_m3s": 0.418,
        "blockage_pct": 0.0,
        "channel_type": "roadside_storm_drain"
      }
    },
    {
      "type": "Feature",
      "geometry": {
        "type": "LineString",
        "coordinates": [
          [
            77.601542,
            12.974847
          ],
          [
            77.601668,
            12.975799
          ]
        ]
      },
      "properties": {
        "id": "DE-00530",
        "from_node": "DN-00796",
        "to_node": "DN-00757",
        "length_m": 106.75,
        "diameter_m": 0.8,
        "slope": 0.0011,
        "roughness_n": 0.013,
        "capacity_m3s": 0.439,
        "blockage_pct": 0.0,
        "channel_type": "roadside_storm_drain"
      }
    },
    {
      "type": "Feature",
      "geometry": {
        "type": "LineString",
        "coordinates": [
          [
            77.607925,
            12.974956
          ],
          [
            77.607083,
            12.972331
          ]
        ]
      },
      "properties": {
        "id": "DE-00531",
        "from_node": "DN-00797",
        "to_node": "DN-00798",
        "length_m": 305.89,
        "diameter_m": 0.8,
        "slope": 0.0039,
        "roughness_n": 0.013,
        "capacity_m3s": 0.826,
        "blockage_pct": 0.0,
        "channel_type": "roadside_storm_drain"
      }
    },
    {
      "type": "Feature",
      "geometry": {
        "type": "LineString",
        "coordinates": [
          [
            77.594044,
            12.972113
          ],
          [
            77.594247,
            12.972022
          ]
        ]
      },
      "properties": {
        "id": "DE-00532",
        "from_node": "DN-00721",
        "to_node": "DN-00799",
        "length_m": 24.22,
        "diameter_m": 0.8,
        "slope": 0.0549,
        "roughness_n": 0.013,
        "capacity_m3s": 3.098,
        "blockage_pct": 0.0,
        "channel_type": "roadside_storm_drain"
      }
    },
    {
      "type": "Feature",
      "geometry": {
        "type": "LineString",
        "coordinates": [
          [
            77.602489,
            12.979386
          ],
          [
            77.602513,
            12.979284
          ]
        ]
      },
      "properties": {
        "id": "DE-00533",
        "from_node": "DN-00800",
        "to_node": "DN-00706",
        "length_m": 11.64,
        "diameter_m": 0.8,
        "slope": 0.0146,
        "roughness_n": 0.013,
        "capacity_m3s": 1.598,
        "blockage_pct": 0.0,
        "channel_type": "roadside_storm_drain"
      }
    },
    {
      "type": "Feature",
      "geometry": {
        "type": "LineString",
        "coordinates": [
          [
            77.58808,
            12.984361
          ],
          [
            77.586727,
            12.981666
          ]
        ]
      },
      "properties": {
        "id": "DE-00534",
        "from_node": "DN-00801",
        "to_node": "DN-00362",
        "length_m": 334.7,
        "diameter_m": 0.8,
        "slope": 0.0123,
        "roughness_n": 0.013,
        "capacity_m3s": 1.467,
        "blockage_pct": 0.0,
        "channel_type": "roadside_storm_drain"
      }
    },
    {
      "type": "Feature",
      "geometry": {
        "type": "LineString",
        "coordinates": [
          [
            77.586727,
            12.981666
          ],
          [
            77.584929,
            12.978846
          ]
        ]
      },
      "properties": {
        "id": "DE-00535",
        "from_node": "DN-00362",
        "to_node": "DN-00802",
        "length_m": 369.2,
        "diameter_m": 0.8,
        "slope": 0.0109,
        "roughness_n": 0.013,
        "capacity_m3s": 1.381,
        "blockage_pct": 0.0,
        "channel_type": "roadside_storm_drain"
      }
    },
    {
      "type": "Feature",
      "geometry": {
        "type": "LineString",
        "coordinates": [
          [
            77.586727,
            12.981666
          ],
          [
            77.586753,
            12.981666
          ]
        ]
      },
      "properties": {
        "id": "DE-00536",
        "from_node": "DN-00362",
        "to_node": "DN-00362",
        "length_m": 5.0,
        "diameter_m": 0.8,
        "slope": 0.001,
        "roughness_n": 0.013,
        "capacity_m3s": 0.418,
        "blockage_pct": 0.0,
        "channel_type": "roadside_storm_drain"
      }
    },
    {
      "type": "Feature",
      "geometry": {
        "type": "LineString",
        "coordinates": [
          [
            77.588314,
            12.961045
          ],
          [
            77.58583,
            12.961328
          ]
        ]
      },
      "properties": {
        "id": "DE-00537",
        "from_node": "DN-00313",
        "to_node": "DN-00540",
        "length_m": 271.19,
        "diameter_m": 0.8,
        "slope": 0.013,
        "roughness_n": 0.013,
        "capacity_m3s": 1.508,
        "blockage_pct": 0.0,
        "channel_type": "roadside_storm_drain"
      }
    },
    {
      "type": "Feature",
      "geometry": {
        "type": "LineString",
        "coordinates": [
          [
            77.593644,
            12.988764
          ],
          [
            77.594928,
            12.987132
          ]
        ]
      },
      "properties": {
        "id": "DE-00538",
        "from_node": "DN-00154",
        "to_node": "DN-00803",
        "length_m": 228.72,
        "diameter_m": 0.8,
        "slope": 0.0172,
        "roughness_n": 0.013,
        "capacity_m3s": 1.734,
        "blockage_pct": 0.0,
        "channel_type": "roadside_storm_drain"
      }
    },
    {
      "type": "Feature",
      "geometry": {
        "type": "LineString",
        "coordinates": [
          [
            77.582022,
            12.998507
          ],
          [
            77.581947,
            12.998505
          ]
        ]
      },
      "properties": {
        "id": "DE-00539",
        "from_node": "DN-00804",
        "to_node": "DN-00585",
        "length_m": 9.23,
        "diameter_m": 0.8,
        "slope": 0.001,
        "roughness_n": 0.013,
        "capacity_m3s": 0.418,
        "blockage_pct": 0.0,
        "channel_type": "roadside_storm_drain"
      }
    },
    {
      "type": "Feature",
      "geometry": {
        "type": "LineString",
        "coordinates": [
          [
            77.581947,
            12.998505
          ],
          [
            77.579428,
            12.995716
          ]
        ]
      },
      "properties": {
        "id": "DE-00540",
        "from_node": "DN-00585",
        "to_node": "DN-00601",
        "length_m": 413.28,
        "diameter_m": 0.8,
        "slope": 0.0241,
        "roughness_n": 0.013,
        "capacity_m3s": 2.053,
        "blockage_pct": 0.0,
        "channel_type": "roadside_storm_drain"
      }
    },
    {
      "type": "Feature",
      "geometry": {
        "type": "LineString",
        "coordinates": [
          [
            77.59772,
            13.016209
          ],
          [
            77.595575,
            13.011895
          ]
        ]
      },
      "properties": {
        "id": "DE-00541",
        "from_node": "DN-00805",
        "to_node": "DN-00664",
        "length_m": 540.19,
        "diameter_m": 0.8,
        "slope": 0.0041,
        "roughness_n": 0.013,
        "capacity_m3s": 0.847,
        "blockage_pct": 0.0,
        "channel_type": "roadside_storm_drain"
      }
    },
    {
      "type": "Feature",
      "geometry": {
        "type": "LineString",
        "coordinates": [
          [
            77.60106,
            12.997306
          ],
          [
            77.600914,
            12.997589
          ]
        ]
      },
      "properties": {
        "id": "DE-00542",
        "from_node": "DN-00806",
        "to_node": "DN-00807",
        "length_m": 35.22,
        "diameter_m": 0.8,
        "slope": 0.0398,
        "roughness_n": 0.013,
        "capacity_m3s": 2.638,
        "blockage_pct": 0.0,
        "channel_type": "roadside_storm_drain"
      }
    },
    {
      "type": "Feature",
      "geometry": {
        "type": "LineString",
        "coordinates": [
          [
            77.591679,
            12.988287
          ],
          [
            77.592038,
            12.988727
          ]
        ]
      },
      "properties": {
        "id": "DE-00543",
        "from_node": "DN-00042",
        "to_node": "DN-00808",
        "length_m": 62.65,
        "diameter_m": 0.8,
        "slope": 0.0153,
        "roughness_n": 0.013,
        "capacity_m3s": 1.636,
        "blockage_pct": 0.0,
        "channel_type": "roadside_storm_drain"
      }
    },
    {
      "type": "Feature",
      "geometry": {
        "type": "LineString",
        "coordinates": [
          [
            77.577612,
            12.973296
          ],
          [
            77.574867,
            12.968344
          ]
        ]
      },
      "properties": {
        "id": "DE-00544",
        "from_node": "DN-00809",
        "to_node": "DN-00206",
        "length_m": 626.68,
        "diameter_m": 0.8,
        "slope": 0.0107,
        "roughness_n": 0.013,
        "capacity_m3s": 1.368,
        "blockage_pct": 0.0,
        "channel_type": "roadside_storm_drain"
      }
    },
    {
      "type": "Feature",
      "geometry": {
        "type": "LineString",
        "coordinates": [
          [
            77.59191,
            13.008086
          ],
          [
            77.592097,
            13.00782
          ]
        ]
      },
      "properties": {
        "id": "DE-00545",
        "from_node": "DN-00776",
        "to_node": "DN-00810",
        "length_m": 35.85,
        "diameter_m": 0.8,
        "slope": 0.001,
        "roughness_n": 0.013,
        "capacity_m3s": 0.418,
        "blockage_pct": 0.0,
        "channel_type": "roadside_storm_drain"
      }
    },
    {
      "type": "Feature",
      "geometry": {
        "type": "LineString",
        "coordinates": [
          [
            77.60704,
            12.988244
          ],
          [
            77.607774,
            12.988098
          ]
        ]
      },
      "properties": {
        "id": "DE-00546",
        "from_node": "DN-00112",
        "to_node": "DN-00553",
        "length_m": 81.19,
        "diameter_m": 0.8,
        "slope": 0.0032,
        "roughness_n": 0.013,
        "capacity_m3s": 0.748,
        "blockage_pct": 0.0,
        "channel_type": "roadside_storm_drain"
      }
    },
    {
      "type": "Feature",
      "geometry": {
        "type": "LineString",
        "coordinates": [
          [
            77.601893,
            12.986581
          ],
          [
            77.601898,
            12.986639
          ]
        ]
      },
      "properties": {
        "id": "DE-00547",
        "from_node": "DN-00119",
        "to_node": "DN-00119",
        "length_m": 6.47,
        "diameter_m": 0.8,
        "slope": 0.001,
        "roughness_n": 0.013,
        "capacity_m3s": 0.418,
        "blockage_pct": 0.0,
        "channel_type": "roadside_storm_drain"
      }
    },
    {
      "type": "Feature",
      "geometry": {
        "type": "LineString",
        "coordinates": [
          [
            77.59145,
            13.016196
          ],
          [
            77.593767,
            13.012407
          ]
        ]
      },
      "properties": {
        "id": "DE-00548",
        "from_node": "DN-00811",
        "to_node": "DN-00589",
        "length_m": 561.43,
        "diameter_m": 0.8,
        "slope": 0.0072,
        "roughness_n": 0.013,
        "capacity_m3s": 1.122,
        "blockage_pct": 0.0,
        "channel_type": "roadside_storm_drain"
      }
    },
    {
      "type": "Feature",
      "geometry": {
        "type": "LineString",
        "coordinates": [
          [
            77.588604,
            12.990511
          ],
          [
            77.588607,
            12.990466
          ]
        ]
      },
      "properties": {
        "id": "DE-00549",
        "from_node": "DN-00237",
        "to_node": "DN-00234",
        "length_m": 5.01,
        "diameter_m": 0.8,
        "slope": 0.001,
        "roughness_n": 0.013,
        "capacity_m3s": 0.418,
        "blockage_pct": 0.0,
        "channel_type": "roadside_storm_drain"
      }
    },
    {
      "type": "Feature",
      "geometry": {
        "type": "LineString",
        "coordinates": [
          [
            77.593074,
            13.006152
          ],
          [
            77.593013,
            13.006111
          ]
        ]
      },
      "properties": {
        "id": "DE-00550",
        "from_node": "DN-00339",
        "to_node": "DN-00812",
        "length_m": 8.03,
        "diameter_m": 0.8,
        "slope": 0.0149,
        "roughness_n": 0.013,
        "capacity_m3s": 1.614,
        "blockage_pct": 0.0,
        "channel_type": "roadside_storm_drain"
      }
    },
    {
      "type": "Feature",
      "geometry": {
        "type": "LineString",
        "coordinates": [
          [
            77.586556,
            12.974071
          ],
          [
            77.586633,
            12.973346
          ]
        ]
      },
      "properties": {
        "id": "DE-00551",
        "from_node": "DN-00813",
        "to_node": "DN-00724",
        "length_m": 81.19,
        "diameter_m": 0.8,
        "slope": 0.0011,
        "roughness_n": 0.013,
        "capacity_m3s": 0.439,
        "blockage_pct": 0.0,
        "channel_type": "roadside_storm_drain"
      }
    },
    {
      "type": "Feature",
      "geometry": {
        "type": "LineString",
        "coordinates": [
          [
            77.601293,
            12.960361
          ],
          [
            77.601409,
            12.96027
          ]
        ]
      },
      "properties": {
        "id": "DE-00552",
        "from_node": "DN-00375",
        "to_node": "DN-00376",
        "length_m": 16.14,
        "diameter_m": 0.8,
        "slope": 0.0118,
        "roughness_n": 0.013,
        "capacity_m3s": 1.436,
        "blockage_pct": 0.0,
        "channel_type": "roadside_storm_drain"
      }
    },
    {
      "type": "Feature",
      "geometry": {
        "type": "LineString",
        "coordinates": [
          [
            77.600983,
            12.960571
          ],
          [
            77.595334,
            12.962367
          ]
        ]
      },
      "properties": {
        "id": "DE-00553",
        "from_node": "DN-00814",
        "to_node": "DN-00011",
        "length_m": 652.02,
        "diameter_m": 0.8,
        "slope": 0.001,
        "roughness_n": 0.013,
        "capacity_m3s": 0.418,
        "blockage_pct": 0.0,
        "channel_type": "roadside_storm_drain"
      }
    },
    {
      "type": "Feature",
      "geometry": {
        "type": "LineString",
        "coordinates": [
          [
            77.585223,
            12.99372
          ],
          [
            77.585208,
            12.994012
          ]
        ]
      },
      "properties": {
        "id": "DE-00554",
        "from_node": "DN-00542",
        "to_node": "DN-00815",
        "length_m": 32.58,
        "diameter_m": 0.8,
        "slope": 0.0233,
        "roughness_n": 0.013,
        "capacity_m3s": 2.018,
        "blockage_pct": 0.0,
        "channel_type": "roadside_storm_drain"
      }
    },
    {
      "type": "Feature",
      "geometry": {
        "type": "LineString",
        "coordinates": [
          [
            77.58489,
            12.99524
          ],
          [
            77.584858,
            12.995396
          ]
        ]
      },
      "properties": {
        "id": "DE-00555",
        "from_node": "DN-00816",
        "to_node": "DN-00817",
        "length_m": 17.69,
        "diameter_m": 0.8,
        "slope": 0.043,
        "roughness_n": 0.013,
        "capacity_m3s": 2.742,
        "blockage_pct": 0.0,
        "channel_type": "roadside_storm_drain"
      }
    },
    {
      "type": "Feature",
      "geometry": {
        "type": "LineString",
        "coordinates": [
          [
            77.584994,
            12.995258
          ],
          [
            77.584961,
            12.995413
          ]
        ]
      },
      "properties": {
        "id": "DE-00556",
        "from_node": "DN-00818",
        "to_node": "DN-00819",
        "length_m": 17.6,
        "diameter_m": 0.8,
        "slope": 0.0432,
        "roughness_n": 0.013,
        "capacity_m3s": 2.748,
        "blockage_pct": 0.0,
        "channel_type": "roadside_storm_drain"
      }
    },
    {
      "type": "Feature",
      "geometry": {
        "type": "LineString",
        "coordinates": [
          [
            77.606202,
            12.988474
          ],
          [
            77.60704,
            12.988244
          ]
        ]
      },
      "properties": {
        "id": "DE-00557",
        "from_node": "DN-00820",
        "to_node": "DN-00112",
        "length_m": 94.33,
        "diameter_m": 0.8,
        "slope": 0.0089,
        "roughness_n": 0.013,
        "capacity_m3s": 1.248,
        "blockage_pct": 0.0,
        "channel_type": "roadside_storm_drain"
      }
    },
    {
      "type": "Feature",
      "geometry": {
        "type": "LineString",
        "coordinates": [
          [
            77.606137,
            12.988492
          ],
          [
            77.606169,
            12.988432
          ]
        ]
      },
      "properties": {
        "id": "DE-00558",
        "from_node": "DN-00821",
        "to_node": "DN-00822",
        "length_m": 9.71,
        "diameter_m": 0.8,
        "slope": 0.0453,
        "roughness_n": 0.013,
        "capacity_m3s": 2.814,
        "blockage_pct": 0.0,
        "channel_type": "roadside_storm_drain"
      }
    },
    {
      "type": "Feature",
      "geometry": {
        "type": "LineString",
        "coordinates": [
          [
            77.6053,
            12.990186
          ],
          [
            77.606137,
            12.988492
          ]
        ]
      },
      "properties": {
        "id": "DE-00559",
        "from_node": "DN-00255",
        "to_node": "DN-00823",
        "length_m": 211.53,
        "diameter_m": 0.8,
        "slope": 0.0271,
        "roughness_n": 0.013,
        "capacity_m3s": 2.177,
        "blockage_pct": 0.0,
        "channel_type": "roadside_storm_drain"
      }
    },
    {
      "type": "Feature",
      "geometry": {
        "type": "LineString",
        "coordinates": [
          [
            77.585084,
            12.993875
          ],
          [
            77.585106,
            12.993996
          ]
        ]
      },
      "properties": {
        "id": "DE-00560",
        "from_node": "DN-00403",
        "to_node": "DN-00460",
        "length_m": 13.75,
        "diameter_m": 0.8,
        "slope": 0.0553,
        "roughness_n": 0.013,
        "capacity_m3s": 3.11,
        "blockage_pct": 0.0,
        "channel_type": "roadside_storm_drain"
      }
    },
    {
      "type": "Feature",
      "geometry": {
        "type": "LineString",
        "coordinates": [
          [
            77.584698,
            12.996191
          ],
          [
            77.584681,
            12.996289
          ]
        ]
      },
      "properties": {
        "id": "DE-00561",
        "from_node": "DN-00824",
        "to_node": "DN-00379",
        "length_m": 11.05,
        "diameter_m": 0.8,
        "slope": 0.0688,
        "roughness_n": 0.013,
        "capacity_m3s": 3.468,
        "blockage_pct": 0.0,
        "channel_type": "roadside_storm_drain"
      }
    },
    {
      "type": "Feature",
      "geometry": {
        "type": "LineString",
        "coordinates": [
          [
            77.601799,
            12.976518
          ],
          [
            77.602543,
            12.976381
          ]
        ]
      },
      "properties": {
        "id": "DE-00562",
        "from_node": "DN-00503",
        "to_node": "DN-00825",
        "length_m": 82.35,
        "diameter_m": 0.8,
        "slope": 0.0029,
        "roughness_n": 0.013,
        "capacity_m3s": 0.712,
        "blockage_pct": 0.0,
        "channel_type": "roadside_storm_drain"
      }
    },
    {
      "type": "Feature",
      "geometry": {
        "type": "LineString",
        "coordinates": [
          [
            77.604175,
            12.992143
          ],
          [
            77.604161,
            12.992111
          ]
        ]
      },
      "properties": {
        "id": "DE-00563",
        "from_node": "DN-00143",
        "to_node": "DN-00143",
        "length_m": 5.0,
        "diameter_m": 0.8,
        "slope": 0.001,
        "roughness_n": 0.013,
        "capacity_m3s": 0.418,
        "blockage_pct": 0.0,
        "channel_type": "roadside_storm_drain"
      }
    },
    {
      "type": "Feature",
      "geometry": {
        "type": "LineString",
        "coordinates": [
          [
            77.604175,
            12.992143
          ],
          [
            77.604115,
            12.992138
          ]
        ]
      },
      "properties": {
        "id": "DE-00564",
        "from_node": "DN-00143",
        "to_node": "DN-00143",
        "length_m": 6.52,
        "diameter_m": 0.8,
        "slope": 0.001,
        "roughness_n": 0.013,
        "capacity_m3s": 0.418,
        "blockage_pct": 0.0,
        "channel_type": "roadside_storm_drain"
      }
    },
    {
      "type": "Feature",
      "geometry": {
        "type": "LineString",
        "coordinates": [
          [
            77.58729,
            12.975671
          ],
          [
            77.587421,
            12.975773
          ]
        ]
      },
      "properties": {
        "id": "DE-00565",
        "from_node": "DN-00826",
        "to_node": "DN-00717",
        "length_m": 18.75,
        "diameter_m": 0.8,
        "slope": 0.0549,
        "roughness_n": 0.013,
        "capacity_m3s": 3.098,
        "blockage_pct": 0.0,
        "channel_type": "roadside_storm_drain"
      }
    },
    {
      "type": "Feature",
      "geometry": {
        "type": "LineString",
        "coordinates": [
          [
            77.57722,
            12.972842
          ],
          [
            77.573667,
            12.964607
          ]
        ]
      },
      "properties": {
        "id": "DE-00566",
        "from_node": "DN-00770",
        "to_node": "DN-00827",
        "length_m": 1006.57,
        "diameter_m": 0.8,
        "slope": 0.0148,
        "roughness_n": 0.013,
        "capacity_m3s": 1.609,
        "blockage_pct": 0.0,
        "channel_type": "roadside_storm_drain"
      }
    },
    {
      "type": "Feature",
      "geometry": {
        "type": "LineString",
        "coordinates": [
          [
            77.577547,
            12.973323
          ],
          [
            77.5754,
            12.973993
          ]
        ]
      },
      "properties": {
        "id": "DE-00567",
        "from_node": "DN-00828",
        "to_node": "DN-00829",
        "length_m": 244.32,
        "diameter_m": 0.8,
        "slope": 0.0082,
        "roughness_n": 0.013,
        "capacity_m3s": 1.197,
        "blockage_pct": 0.0,
        "channel_type": "roadside_storm_drain"
      }
    },
    {
      "type": "Feature",
      "geometry": {
        "type": "LineString",
        "coordinates": [
          [
            77.594412,
            13.001417
          ],
          [
            77.594532,
            13.001456
          ]
        ]
      },
      "properties": {
        "id": "DE-00568",
        "from_node": "DN-00728",
        "to_node": "DN-00318",
        "length_m": 13.71,
        "diameter_m": 0.8,
        "slope": 0.0146,
        "roughness_n": 0.013,
        "capacity_m3s": 1.598,
        "blockage_pct": 0.0,
        "channel_type": "roadside_storm_drain"
      }
    },
    {
      "type": "Feature",
      "geometry": {
        "type": "LineString",
        "coordinates": [
          [
            77.587203,
            12.976063
          ],
          [
            77.587393,
            12.976003
          ]
        ]
      },
      "properties": {
        "id": "DE-00569",
        "from_node": "DN-00754",
        "to_node": "DN-00791",
        "length_m": 22.45,
        "diameter_m": 0.8,
        "slope": 0.001,
        "roughness_n": 0.013,
        "capacity_m3s": 0.418,
        "blockage_pct": 0.0,
        "channel_type": "roadside_storm_drain"
      }
    },
    {
      "type": "Feature",
      "geometry": {
        "type": "LineString",
        "coordinates": [
          [
            77.593074,
            13.006152
          ],
          [
            77.592097,
            13.00782
          ]
        ]
      },
      "properties": {
        "id": "DE-00570",
        "from_node": "DN-00339",
        "to_node": "DN-00810",
        "length_m": 213.79,
        "diameter_m": 0.8,
        "slope": 0.0028,
        "roughness_n": 0.013,
        "capacity_m3s": 0.7,
        "blockage_pct": 0.0,
        "channel_type": "roadside_storm_drain"
      }
    },
    {
      "type": "Feature",
      "geometry": {
        "type": "LineString",
        "coordinates": [
          [
            77.607239,
            12.99354
          ],
          [
            77.607181,
            12.993441
          ]
        ]
      },
      "properties": {
        "id": "DE-00571",
        "from_node": "DN-00679",
        "to_node": "DN-00425",
        "length_m": 12.68,
        "diameter_m": 0.8,
        "slope": 0.0166,
        "roughness_n": 0.013,
        "capacity_m3s": 1.704,
        "blockage_pct": 0.0,
        "channel_type": "roadside_storm_drain"
      }
    },
    {
      "type": "Feature",
      "geometry": {
        "type": "LineString",
        "coordinates": [
          [
            77.607033,
            12.993616
          ],
          [
            77.607199,
            12.993555
          ]
        ]
      },
      "properties": {
        "id": "DE-00572",
        "from_node": "DN-00430",
        "to_node": "DN-00427",
        "length_m": 19.22,
        "diameter_m": 0.8,
        "slope": 0.0297,
        "roughness_n": 0.013,
        "capacity_m3s": 2.279,
        "blockage_pct": 0.0,
        "channel_type": "roadside_storm_drain"
      }
    },
    {
      "type": "Feature",
      "geometry": {
        "type": "LineString",
        "coordinates": [
          [
            77.591856,
            13.008061
          ],
          [
            77.591902,
            13.007971
          ]
        ]
      },
      "properties": {
        "id": "DE-00573",
        "from_node": "DN-00776",
        "to_node": "DN-00830",
        "length_m": 11.18,
        "diameter_m": 0.8,
        "slope": 0.0286,
        "roughness_n": 0.013,
        "capacity_m3s": 2.236,
        "blockage_pct": 0.0,
        "channel_type": "roadside_storm_drain"
      }
    },
    {
      "type": "Feature",
      "geometry": {
        "type": "LineString",
        "coordinates": [
          [
            77.580446,
            13.009186
          ],
          [
            77.579991,
            13.009218
          ]
        ]
      },
      "properties": {
        "id": "DE-00574",
        "from_node": "DN-00464",
        "to_node": "DN-00831",
        "length_m": 49.42,
        "diameter_m": 0.8,
        "slope": 0.0204,
        "roughness_n": 0.013,
        "capacity_m3s": 1.889,
        "blockage_pct": 0.0,
        "channel_type": "roadside_storm_drain"
      }
    },
    {
      "type": "Feature",
      "geometry": {
        "type": "LineString",
        "coordinates": [
          [
            77.586793,
            12.981685
          ],
          [
            77.586981,
            12.981581
          ]
        ]
      },
      "properties": {
        "id": "DE-00575",
        "from_node": "DN-00362",
        "to_node": "DN-00363",
        "length_m": 24.46,
        "diameter_m": 0.8,
        "slope": 0.0437,
        "roughness_n": 0.013,
        "capacity_m3s": 2.764,
        "blockage_pct": 0.0,
        "channel_type": "roadside_storm_drain"
      }
    },
    {
      "type": "Feature",
      "geometry": {
        "type": "LineString",
        "coordinates": [
          [
            77.586753,
            12.981666
          ],
          [
            77.586727,
            12.981666
          ]
        ]
      },
      "properties": {
        "id": "DE-00576",
        "from_node": "DN-00362",
        "to_node": "DN-00362",
        "length_m": 5.0,
        "diameter_m": 0.8,
        "slope": 0.001,
        "roughness_n": 0.013,
        "capacity_m3s": 0.418,
        "blockage_pct": 0.0,
        "channel_type": "roadside_storm_drain"
      }
    },
    {
      "type": "Feature",
      "geometry": {
        "type": "LineString",
        "coordinates": [
          [
            77.600834,
            12.997746
          ],
          [
            77.600755,
            12.997902
          ]
        ]
      },
      "properties": {
        "id": "DE-00577",
        "from_node": "DN-00832",
        "to_node": "DN-00756",
        "length_m": 19.34,
        "diameter_m": 0.8,
        "slope": 0.0279,
        "roughness_n": 0.013,
        "capacity_m3s": 2.209,
        "blockage_pct": 0.0,
        "channel_type": "roadside_storm_drain"
      }
    },
    {
      "type": "Feature",
      "geometry": {
        "type": "LineString",
        "coordinates": [
          [
            77.60106,
            12.997306
          ],
          [
            77.600914,
            12.997589
          ]
        ]
      },
      "properties": {
        "id": "DE-00578",
        "from_node": "DN-00806",
        "to_node": "DN-00807",
        "length_m": 35.22,
        "diameter_m": 0.8,
        "slope": 0.0398,
        "roughness_n": 0.013,
        "capacity_m3s": 2.638,
        "blockage_pct": 0.0,
        "channel_type": "roadside_storm_drain"
      }
    },
    {
      "type": "Feature",
      "geometry": {
        "type": "LineString",
        "coordinates": [
          [
            77.600755,
            12.997902
          ],
          [
            77.60065,
            12.998109
          ]
        ]
      },
      "properties": {
        "id": "DE-00579",
        "from_node": "DN-00756",
        "to_node": "DN-00271",
        "length_m": 25.68,
        "diameter_m": 0.8,
        "slope": 0.0354,
        "roughness_n": 0.013,
        "capacity_m3s": 2.488,
        "blockage_pct": 0.0,
        "channel_type": "roadside_storm_drain"
      }
    },
    {
      "type": "Feature",
      "geometry": {
        "type": "LineString",
        "coordinates": [
          [
            77.606617,
            12.961576
          ],
          [
            77.60646,
            12.96074
          ]
        ]
      },
      "properties": {
        "id": "DE-00580",
        "from_node": "DN-00751",
        "to_node": "DN-00833",
        "length_m": 94.5,
        "diameter_m": 0.8,
        "slope": 0.0013,
        "roughness_n": 0.013,
        "capacity_m3s": 0.477,
        "blockage_pct": 0.0,
        "channel_type": "roadside_storm_drain"
      }
    },
    {
      "type": "Feature",
      "geometry": {
        "type": "LineString",
        "coordinates": [
          [
            77.606199,
            12.959174
          ],
          [
            77.60646,
            12.96074
          ]
        ]
      },
      "properties": {
        "id": "DE-00581",
        "from_node": "DN-00834",
        "to_node": "DN-00835",
        "length_m": 176.59,
        "diameter_m": 0.8,
        "slope": 0.001,
        "roughness_n": 0.013,
        "capacity_m3s": 0.418,
        "blockage_pct": 0.0,
        "channel_type": "roadside_storm_drain"
      }
    },
    {
      "type": "Feature",
      "geometry": {
        "type": "LineString",
        "coordinates": [
          [
            77.579428,
            12.995716
          ],
          [
            77.579382,
            12.995671
          ]
        ]
      },
      "properties": {
        "id": "DE-00582",
        "from_node": "DN-00598",
        "to_node": "DN-00598",
        "length_m": 7.06,
        "diameter_m": 0.8,
        "slope": 0.001,
        "roughness_n": 0.013,
        "capacity_m3s": 0.418,
        "blockage_pct": 0.0,
        "channel_type": "roadside_storm_drain"
      }
    },
    {
      "type": "Feature",
      "geometry": {
        "type": "LineString",
        "coordinates": [
          [
            77.584049,
            13.002848
          ],
          [
            77.584059,
            13.002715
          ]
        ]
      },
      "properties": {
        "id": "DE-00583",
        "from_node": "DN-00434",
        "to_node": "DN-00608",
        "length_m": 14.83,
        "diameter_m": 0.8,
        "slope": 0.0411,
        "roughness_n": 0.013,
        "capacity_m3s": 2.681,
        "blockage_pct": 0.0,
        "channel_type": "roadside_storm_drain"
      }
    },
    {
      "type": "Feature",
      "geometry": {
        "type": "LineString",
        "coordinates": [
          [
            77.594875,
            12.999957
          ],
          [
            77.5920086,
            12.9985954
          ]
        ]
      },
      "properties": {
        "id": "DE-00584",
        "from_node": "DN-00690",
        "to_node": "DN-00327",
        "length_m": 345.5,
        "diameter_m": 0.8,
        "slope": 0.0094,
        "roughness_n": 0.013,
        "capacity_m3s": 1.282,
        "blockage_pct": 0.0,
        "channel_type": "roadside_storm_drain"
      }
    }
  ]
}