{
  "type": "FeatureCollection",
  "features": [
    {
      "type": "Feature",
      "geometry": {
        "type": "LineString",
        "coordinates": [
          [
            77.606776,
            12.975475
          ],
          [
            77.607443,
            12.975312
          ],
          [
            77.607787,
            12.975228
          ],
          [
            77.607832,
            12.975216
          ],
          [
            77.607965,
            12.975185
          ],
          [
            77.608078,
            12.975154
          ],
          [
            77.608214,
            12.975122
          ],
          [
            77.608254,
            12.975113
          ],
          [
            77.608781,
            12.974992
          ],
          [
            77.61101,
            12.974467
          ],
          [
            77.611037,
            12.974461
          ],
          [
            77.611066,
            12.974454
          ],
          [
            77.611112,
            12.974442
          ]
        ]
      },
      "properties": {
        "id": "RE-00001",
        "name": "Mahatma Gandhi Road",
        "highway": "primary",
        "length_m": 483.69,
        "elevation_m": 916.11,
        "maxspeed_kmh": 50
      }
    },
    {
      "type": "Feature",
      "geometry": {
        "type": "LineString",
        "coordinates": [
          [
            77.606776,
            12.975475
          ],
          [
            77.6067902,
            12.9755264
          ]
        ]
      },
      "properties": {
        "id": "RE-00002",
        "name": "Origin Access",
        "highway": "residential",
        "length_m": 5.9,
        "elevation_m": 917.5119018554688,
        "maxspeed_kmh": 25
      }
    },
    {
      "type": "Feature",
      "geometry": {
        "type": "LineString",
        "coordinates": [
          [
            77.611112,
            12.974442
          ],
          [
            77.611066,
            12.974454
          ],
          [
            77.611037,
            12.974461
          ],
          [
            77.61101,
            12.974467
          ],
          [
            77.608781,
            12.974992
          ],
          [
            77.608254,
            12.975113
          ],
          [
            77.608214,
            12.975122
          ],
          [
            77.608078,
            12.975154
          ],
          [
            77.607965,
            12.975185
          ],
          [
            77.607832,
            12.975216
          ],
          [
            77.607787,
            12.975228
          ],
          [
            77.607443,
            12.975312
          ],
          [
            77.606776,
            12.975475
          ]
        ]
      },
      "properties": {
        "id": "RE-00003",
        "name": "Mahatma Gandhi Road",
        "highway": "primary",
        "length_m": 483.69,
        "elevation_m": 916.11,
        "maxspeed_kmh": 50
      }
    },
    {
      "type": "Feature",
      "geometry": {
        "type": "LineString",
        "coordinates": [
          [
            77.611112,
            12.974442
          ],
          [
            77.611184,
            12.974426
          ]
        ]
      },
      "properties": {
        "id": "RE-00004",
        "name": "Mahatma Gandhi Road",
        "highway": "primary",
        "length_m": 8.0,
        "elevation_m": 914.54,
        "maxspeed_kmh": 50
      }
    },
    {
      "type": "Feature",
      "geometry": {
        "type": "LineString",
        "coordinates": [
          [
            77.611112,
            12.974442
          ],
          [
            77.611093,
            12.974337
          ]
        ]
      },
      "properties": {
        "id": "RE-00005",
        "name": "Mahatma Gandhi Road",
        "highway": "primary",
        "length_m": 11.86,
        "elevation_m": 914.54,
        "maxspeed_kmh": 50
      }
    },
    {
      "type": "Feature",
      "geometry": {
        "type": "LineString",
        "coordinates": [
          [
            77.611184,
            12.974426
          ],
          [
            77.611112,
            12.974442
          ]
        ]
      },
      "properties": {
        "id": "RE-00006",
        "name": "Mahatma Gandhi Road",
        "highway": "primary",
        "length_m": 8.0,
        "elevation_m": 914.54,
        "maxspeed_kmh": 50
      }
    },
    {
      "type": "Feature",
      "geometry": {
        "type": "LineString",
        "coordinates": [
          [
            77.611184,
            12.974426
          ],
          [
            77.611245,
            12.974413
          ]
        ]
      },
      "properties": {
        "id": "RE-00007",
        "name": "Mahatma Gandhi Road",
        "highway": "primary",
        "length_m": 6.77,
        "elevation_m": 914.54,
        "maxspeed_kmh": 50
      }
    },
    {
      "type": "Feature",
      "geometry": {
        "type": "LineString",
        "coordinates": [
          [
            77.611245,
            12.974413
          ],
          [
            77.611184,
            12.974426
          ]
        ]
      },
      "properties": {
        "id": "RE-00008",
        "name": "Mahatma Gandhi Road",
        "highway": "primary",
        "length_m": 6.77,
        "elevation_m": 914.54,
        "maxspeed_kmh": 50
      }
    },
    {
      "type": "Feature",
      "geometry": {
        "type": "LineString",
        "coordinates": [
          [
            77.611245,
            12.974413
          ],
          [
            77.611541,
            12.974342
          ]
        ]
      },
      "properties": {
        "id": "RE-00009",
        "name": "Mahatma Gandhi Road",
        "highway": "primary",
        "length_m": 33.03,
        "elevation_m": 914.53,
        "maxspeed_kmh": 50
      }
    },
    {
      "type": "Feature",
      "geometry": {
        "type": "LineString",
        "coordinates": [
          [
            77.611541,
            12.974342
          ],
          [
            77.611245,
            12.974413
          ]
        ]
      },
      "properties": {
        "id": "RE-00010",
        "name": "Mahatma Gandhi Road",
        "highway": "primary",
        "length_m": 33.03,
        "elevation_m": 914.53,
        "maxspeed_kmh": 50
      }
    },
    {
      "type": "Feature",
      "geometry": {
        "type": "LineString",
        "coordinates": [
          [
            77.611541,
            12.974342
          ],
          [
            77.611588,
            12.974331
          ]
        ]
      },
      "properties": {
        "id": "RE-00011",
        "name": "Mahatma Gandhi Road",
        "highway": "primary",
        "length_m": 5.24,
        "elevation_m": 914.53,
        "maxspeed_kmh": 50
      }
    },
    {
      "type": "Feature",
      "geometry": {
        "type": "LineString",
        "coordinates": [
          [
            77.611588,
            12.974331
          ],
          [
            77.611541,
            12.974342
          ]
        ]
      },
      "properties": {
        "id": "RE-00012",
        "name": "Mahatma Gandhi Road",
        "highway": "primary",
        "length_m": 5.24,
        "elevation_m": 914.53,
        "maxspeed_kmh": 50
      }
    },
    {
      "type": "Feature",
      "geometry": {
        "type": "LineString",
        "coordinates": [
          [
            77.611588,
            12.974331
          ],
          [
            77.612831,
            12.974033
          ]
        ]
      },
      "properties": {
        "id": "RE-00013",
        "name": "Mahatma Gandhi Road",
        "highway": "primary",
        "length_m": 138.7,
        "elevation_m": 914.96,
        "maxspeed_kmh": 50
      }
    },
    {
      "type": "Feature",
      "geometry": {
        "type": "LineString",
        "coordinates": [
          [
            77.612831,
            12.974033
          ],
          [
            77.611588,
            12.974331
          ]
        ]
      },
      "properties": {
        "id": "RE-00014",
        "name": "Mahatma Gandhi Road",
        "highway": "primary",
        "length_m": 138.7,
        "elevation_m": 914.96,
        "maxspeed_kmh": 50
      }
    },
    {
      "type": "Feature",
      "geometry": {
        "type": "LineString",
        "coordinates": [
          [
            77.612831,
            12.974033
          ],
          [
            77.613772,
            12.973808
          ]
        ]
      },
      "properties": {
        "id": "RE-00015",
        "name": "Mahatma Gandhi Road",
        "highway": "primary",
        "length_m": 104.99,
        "elevation_m": 915.44,
        "maxspeed_kmh": 50
      }
    },
    {
      "type": "Feature",
      "geometry": {
        "type": "LineString",
        "coordinates": [
          [
            77.613772,
            12.973808
          ],
          [
            77.612831,
            12.974033
          ]
        ]
      },
      "properties": {
        "id": "RE-00016",
        "name": "Mahatma Gandhi Road",
        "highway": "primary",
        "length_m": 104.99,
        "elevation_m": 915.44,
        "maxspeed_kmh": 50
      }
    },
    {
      "type": "Feature",
      "geometry": {
        "type": "LineString",
        "coordinates": [
          [
            77.613772,
            12.973808
          ],
          [
            77.61379,
            12.973804
          ]
        ]
      },
      "properties": {
        "id": "RE-00017",
        "name": "Mahatma Gandhi Road",
        "highway": "primary",
        "length_m": 5.0,
        "elevation_m": 915.44,
        "maxspeed_kmh": 50
      }
    },
    {
      "type": "Feature",
      "geometry": {
        "type": "LineString",
        "coordinates": [
          [
            77.61379,
            12.973804
          ],
          [
            77.613772,
            12.973808
          ]
        ]
      },
      "properties": {
        "id": "RE-00018",
        "name": "Mahatma Gandhi Road",
        "highway": "primary",
        "length_m": 5.0,
        "elevation_m": 915.44,
        "maxspeed_kmh": 50
      }
    },
    {
      "type": "Feature",
      "geometry": {
        "type": "LineString",
        "coordinates": [
          [
            77.61379,
            12.973804
          ],
          [
            77.613855,
            12.973788
          ]
        ]
      },
      "properties": {
        "id": "RE-00019",
        "name": "Mahatma Gandhi Road",
        "highway": "primary",
        "length_m": 7.26,
        "elevation_m": 915.44,
        "maxspeed_kmh": 50
      }
    },
    {
      "type": "Feature",
      "geometry": {
        "type": "LineString",
        "coordinates": [
          [
            77.613855,
            12.973788
          ],
          [
            77.61379,
            12.973804
          ]
        ]
      },
      "properties": {
        "id": "RE-00020",
        "name": "Mahatma Gandhi Road",
        "highway": "primary",
        "length_m": 7.26,
        "elevation_m": 915.44,
        "maxspeed_kmh": 50
      }
    },
    {
      "type": "Feature",
      "geometry": {
        "type": "LineString",
        "coordinates": [
          [
            77.613855,
            12.973788
          ],
          [
            77.613953,
            12.973766
          ]
        ]
      },
      "properties": {
        "id": "RE-00021",
        "name": "Mahatma Gandhi Road",
        "highway": "primary",
        "length_m": 10.9,
        "elevation_m": 915.44,
        "maxspeed_kmh": 50
      }
    },
    {
      "type": "Feature",
      "geometry": {
        "type": "LineString",
        "coordinates": [
          [
            77.613953,
            12.973766
          ],
          [
            77.613855,
            12.973788
          ]
        ]
      },
      "properties": {
        "id": "RE-00022",
        "name": "Mahatma Gandhi Road",
        "highway": "primary",
        "length_m": 10.9,
        "elevation_m": 915.44,
        "maxspeed_kmh": 50
      }
    },
    {
      "type": "Feature",
      "geometry": {
        "type": "LineString",
        "coordinates": [
          [
            77.613953,
            12.973766
          ],
          [
            77.613989,
            12.973757
          ]
        ]
      },
      "properties": {
        "id": "RE-00023",
        "name": "Mahatma Gandhi Road",
        "highway": "primary",
        "length_m": 5.0,
        "elevation_m": 915.65,
        "maxspeed_kmh": 50
      }
    },
    {
      "type": "Feature",
      "geometry": {
        "type": "LineString",
        "coordinates": [
          [
            77.613953,
            12.973766
          ],
          [
            77.613978,
            12.973839
          ],
          [
            77.61399,
            12.973879
          ],
          [
            77.61408,
            12.974161
          ],
          [
            77.614146,
            12.974373
          ],
          [
            77.614196,
            12.974543
          ],
          [
            77.614276,
            12.974771
          ],
          [
            77.614415,
            12.975203
          ],
          [
            77.614431,
            12.975253
          ],
          [
            77.614466,
            12.97537
          ],
          [
            77.614389,
            12.975396
          ]
        ]
      },
      "properties": {
        "id": "RE-00024",
        "name": "Dickenson Road",
        "highway": "primary",
        "length_m": 195.67,
        "elevation_m": 914.84,
        "maxspeed_kmh": 50
      }
    },
    {
      "type": "Feature",
      "geometry": {
        "type": "LineString",
        "coordinates": [
          [
            77.613989,
            12.973757
          ],
          [
            77.613953,
            12.973766
          ]
        ]
      },
      "properties": {
        "id": "RE-00025",
        "name": "Mahatma Gandhi Road",
        "highway": "primary",
        "length_m": 5.0,
        "elevation_m": 915.65,
        "maxspeed_kmh": 50
      }
    },
    {
      "type": "Feature",
      "geometry": {
        "type": "LineString",
        "coordinates": [
          [
            77.613989,
            12.973757
          ],
          [
            77.614552,
            12.973633
          ]
        ]
      },
      "properties": {
        "id": "RE-00026",
        "name": "Mahatma Gandhi Road",
        "highway": "primary",
        "length_m": 62.54,
        "elevation_m": 915.83,
        "maxspeed_kmh": 50
      }
    },
    {
      "type": "Feature",
      "geometry": {
        "type": "LineString",
        "coordinates": [
          [
            77.614552,
            12.973633
          ],
          [
            77.613989,
            12.973757
          ]
        ]
      },
      "properties": {
        "id": "RE-00027",
        "name": "Mahatma Gandhi Road",
        "highway": "primary",
        "length_m": 62.54,
        "elevation_m": 915.83,
        "maxspeed_kmh": 50
      }
    },
    {
      "type": "Feature",
      "geometry": {
        "type": "LineString",
        "coordinates": [
          [
            77.614552,
            12.973633
          ],
          [
            77.615193,
            12.973487
          ]
        ]
      },
      "properties": {
        "id": "RE-00028",
        "name": "Mahatma Gandhi Road",
        "highway": "primary",
        "length_m": 71.33,
        "elevation_m": 916.37,
        "maxspeed_kmh": 50
      }
    },
    {
      "type": "Feature",
      "geometry": {
        "type": "LineString",
        "coordinates": [
          [
            77.615193,
            12.973487
          ],
          [
            77.614552,
            12.973633
          ]
        ]
      },
      "properties": {
        "id": "RE-00029",
        "name": "Mahatma Gandhi Road",
        "highway": "primary",
        "length_m": 71.33,
        "elevation_m": 916.37,
        "maxspeed_kmh": 50
      }
    },
    {
      "type": "Feature",
      "geometry": {
        "type": "LineString",
        "coordinates": [
          [
            77.615193,
            12.973487
          ],
          [
            77.615712,
            12.973366
          ]
        ]
      },
      "properties": {
        "id": "RE-00030",
        "name": "Mahatma Gandhi Road",
        "highway": "primary",
        "length_m": 57.82,
        "elevation_m": 916.57,
        "maxspeed_kmh": 50
      }
    },
    {
      "type": "Feature",
      "geometry": {
        "type": "LineString",
        "coordinates": [
          [
            77.615712,
            12.973366
          ],
          [
            77.615193,
            12.973487
          ]
        ]
      },
      "properties": {
        "id": "RE-00031",
        "name": "Mahatma Gandhi Road",
        "highway": "primary",
        "length_m": 57.82,
        "elevation_m": 916.57,
        "maxspeed_kmh": 50
      }
    },
    {
      "type": "Feature",
      "geometry": {
        "type": "LineString",
        "coordinates": [
          [
            77.615712,
            12.973366
          ],
          [
            77.615796,
            12.973347
          ]
        ]
      },
      "properties": {
        "id": "RE-00032",
        "name": "Mahatma Gandhi Road",
        "highway": "primary",
        "length_m": 9.34,
        "elevation_m": 916.57,
        "maxspeed_kmh": 50
      }
    },
    {
      "type": "Feature",
      "geometry": {
        "type": "LineString",
        "coordinates": [
          [
            77.615796,
            12.973347
          ],
          [
            77.615712,
            12.973366
          ]
        ]
      },
      "properties": {
        "id": "RE-00033",
        "name": "Mahatma Gandhi Road",
        "highway": "primary",
        "length_m": 9.34,
        "elevation_m": 916.57,
        "maxspeed_kmh": 50
      }
    },
    {
      "type": "Feature",
      "geometry": {
        "type": "LineString",
        "coordinates": [
          [
            77.615796,
            12.973347
          ],
          [
            77.616156,
            12.973267
          ]
        ]
      },
      "properties": {
        "id": "RE-00034",
        "name": "Mahatma Gandhi Road",
        "highway": "primary",
        "length_m": 40.01,
        "elevation_m": 916.67,
        "maxspeed_kmh": 50
      }
    },
    {
      "type": "Feature",
      "geometry": {
        "type": "LineString",
        "coordinates": [
          [
            77.616156,
            12.973267
          ],
          [
            77.615796,
            12.973347
          ]
        ]
      },
      "properties": {
        "id": "RE-00035",
        "name": "Mahatma Gandhi Road",
        "highway": "primary",
        "length_m": 40.01,
        "elevation_m": 916.67,
        "maxspeed_kmh": 50
      }
    },
    {
      "type": "Feature",
      "geometry": {
        "type": "LineString",
        "coordinates": [
          [
            77.616156,
            12.973267
          ],
          [
            77.616343,
            12.973226
          ]
        ]
      },
      "properties": {
        "id": "RE-00036",
        "name": "Mahatma Gandhi Road",
        "highway": "primary",
        "length_m": 20.77,
        "elevation_m": 916.91,
        "maxspeed_kmh": 50
      }
    },
    {
      "type": "Feature",
      "geometry": {
        "type": "LineString",
        "coordinates": [
          [
            77.616343,
            12.973226
          ],
          [
            77.616156,
            12.973267
          ]
        ]
      },
      "properties": {
        "id": "RE-00037",
        "name": "Mahatma Gandhi Road",
        "highway": "primary",
        "length_m": 20.77,
        "elevation_m": 916.91,
        "maxspeed_kmh": 50
      }
    },
    {
      "type": "Feature",
      "geometry": {
        "type": "LineString",
        "coordinates": [
          [
            77.616343,
            12.973226
          ],
          [
            77.616367,
            12.973221
          ]
        ]
      },
      "properties": {
        "id": "RE-00038",
        "name": "Mahatma Gandhi Road",
        "highway": "primary",
        "length_m": 5.0,
        "elevation_m": 916.91,
        "maxspeed_kmh": 50
      }
    },
    {
      "type": "Feature",
      "geometry": {
        "type": "LineString",
        "coordinates": [
          [
            77.616367,
            12.973221
          ],
          [
            77.616343,
            12.973226
          ]
        ]
      },
      "properties": {
        "id": "RE-00039",
        "name": "Mahatma Gandhi Road",
        "highway": "primary",
        "length_m": 5.0,
        "elevation_m": 916.91,
        "maxspeed_kmh": 50
      }
    },
    {
      "type": "Feature",
      "geometry": {
        "type": "LineString",
        "coordinates": [
          [
            77.616367,
            12.973221
          ],
          [
            77.616608,
            12.973163
          ]
        ]
      },
      "properties": {
        "id": "RE-00040",
        "name": "Mahatma Gandhi Road",
        "highway": "primary",
        "length_m": 26.9,
        "elevation_m": 916.69,
        "maxspeed_kmh": 50
      }
    },
    {
      "type": "Feature",
      "geometry": {
        "type": "LineString",
        "coordinates": [
          [
            77.616608,
            12.973163
          ],
          [
            77.616367,
            12.973221
          ]
        ]
      },
      "properties": {
        "id": "RE-00041",
        "name": "Mahatma Gandhi Road",
        "highway": "primary",
        "length_m": 26.9,
        "elevation_m": 916.69,
        "maxspeed_kmh": 50
      }
    },
    {
      "type": "Feature",
      "geometry": {
        "type": "LineString",
        "coordinates": [
          [
            77.616608,
            12.973163
          ],
          [
            77.616809,
            12.973115
          ]
        ]
      },
      "properties": {
        "id": "RE-00042",
        "name": "Mahatma Gandhi Road",
        "highway": "primary",
        "length_m": 22.42,
        "elevation_m": 916.48,
        "maxspeed_kmh": 50
      }
    },
    {
      "type": "Feature",
      "geometry": {
        "type": "LineString",
        "coordinates": [
          [
            77.616809,
            12.973115
          ],
          [
            77.616608,
            12.973163
          ]
        ]
      },
      "properties": {
        "id": "RE-00043",
        "name": "Mahatma Gandhi Road",
        "highway": "primary",
        "length_m": 22.42,
        "elevation_m": 916.48,
        "maxspeed_kmh": 50
      }
    },
    {
      "type": "Feature",
      "geometry": {
        "type": "LineString",
        "coordinates": [
          [
            77.616809,
            12.973115
          ],
          [
            77.616868,
            12.973101
          ]
        ]
      },
      "properties": {
        "id": "RE-00044",
        "name": "Mahatma Gandhi Road",
        "highway": "primary",
        "length_m": 6.58,
        "elevation_m": 916.48,
        "maxspeed_kmh": 50
      }
    },
    {
      "type": "Feature",
      "geometry": {
        "type": "LineString",
        "coordinates": [
          [
            77.616868,
            12.973101
          ],
          [
            77.616809,
            12.973115
          ]
        ]
      },
      "properties": {
        "id": "RE-00045",
        "name": "Mahatma Gandhi Road",
        "highway": "primary",
        "length_m": 6.58,
        "elevation_m": 916.48,
        "maxspeed_kmh": 50
      }
    },
    {
      "type": "Feature",
      "geometry": {
        "type": "LineString",
        "coordinates": [
          [
            77.616868,
            12.973101
          ],
          [
            77.616899,
            12.973093
          ]
        ]
      },
      "properties": {
        "id": "RE-00046",
        "name": "Mahatma Gandhi Road",
        "highway": "primary",
        "length_m": 5.0,
        "elevation_m": 916.48,
        "maxspeed_kmh": 50
      }
    },
    {
      "type": "Feature",
      "geometry": {
        "type": "LineString",
        "coordinates": [
          [
            77.616899,
            12.973093
          ],
          [
            77.616868,
            12.973101
          ]
        ]
      },
      "properties": {
        "id": "RE-00047",
        "name": "Mahatma Gandhi Road",
        "highway": "primary",
        "length_m": 5.0,
        "elevation_m": 916.48,
        "maxspeed_kmh": 50
      }
    },
    {
      "type": "Feature",
      "geometry": {
        "type": "LineString",
        "coordinates": [
          [
            77.616899,
            12.973093
          ],
          [
            77.616955,
            12.97308
          ]
        ]
      },
      "properties": {
        "id": "RE-00048",
        "name": "Mahatma Gandhi Road",
        "highway": "primary",
        "length_m": 6.24,
        "elevation_m": 916.48,
        "maxspeed_kmh": 50
      }
    },
    {
      "type": "Feature",
      "geometry": {
        "type": "LineString",
        "coordinates": [
          [
            77.616955,
            12.97308
          ],
          [
            77.616899,
            12.973093
          ]
        ]
      },
      "properties": {
        "id": "RE-00049",
        "name": "Mahatma Gandhi Road",
        "highway": "primary",
        "length_m": 6.24,
        "elevation_m": 916.48,
        "maxspeed_kmh": 50
      }
    },
    {
      "type": "Feature",
      "geometry": {
        "type": "LineString",
        "coordinates": [
          [
            77.616955,
            12.97308
          ],
          [
            77.617069,
            12.973053
          ]
        ]
      },
      "properties": {
        "id": "RE-00050",
        "name": "Mahatma Gandhi Road",
        "highway": "primary",
        "length_m": 12.71,
        "elevation_m": 916.26,
        "maxspeed_kmh": 50
      }
    },
    {
      "type": "Feature",
      "geometry": {
        "type": "LineString",
        "coordinates": [
          [
            77.617069,
            12.973053
          ],
          [
            77.616955,
            12.97308
          ]
        ]
      },
      "properties": {
        "id": "RE-00051",
        "name": "Mahatma Gandhi Road",
        "highway": "primary",
        "length_m": 12.71,
        "elevation_m": 916.26,
        "maxspeed_kmh": 50
      }
    },
    {
      "type": "Feature",
      "geometry": {
        "type": "LineString",
        "coordinates": [
          [
            77.617069,
            12.973053
          ],
          [
            77.617149,
            12.973033
          ]
        ]
      },
      "properties": {
        "id": "RE-00052",
        "name": "Mahatma Gandhi Road",
        "highway": "primary",
        "length_m": 8.95,
        "elevation_m": 916.26,
        "maxspeed_kmh": 50
      }
    },
    {
      "type": "Feature",
      "geometry": {
        "type": "LineString",
        "coordinates": [
          [
            77.617149,
            12.973033
          ],
          [
            77.617069,
            12.973053
          ]
        ]
      },
      "properties": {
        "id": "RE-00053",
        "name": "Mahatma Gandhi Road",
        "highway": "primary",
        "length_m": 8.95,
        "elevation_m": 916.26,
        "maxspeed_kmh": 50
      }
    },
    {
      "type": "Feature",
      "geometry": {
        "type": "LineString",
        "coordinates": [
          [
            77.617149,
            12.973033
          ],
          [
            77.617332,
            12.972989
          ]
        ]
      },
      "properties": {
        "id": "RE-00054",
        "name": "Mahatma Gandhi Road",
        "highway": "primary",
        "length_m": 20.42,
        "elevation_m": 916.04,
        "maxspeed_kmh": 50
      }
    },
    {
      "type": "Feature",
      "geometry": {
        "type": "LineString",
        "coordinates": [
          [
            77.617332,
            12.972989
          ],
          [
            77.617149,
            12.973033
          ]
        ]
      },
      "properties": {
        "id": "RE-00055",
        "name": "Mahatma Gandhi Road",
        "highway": "primary",
        "length_m": 20.42,
        "elevation_m": 916.04,
        "maxspeed_kmh": 50
      }
    },
    {
      "type": "Feature",
      "geometry": {
        "type": "LineString",
        "coordinates": [
          [
            77.617332,
            12.972989
          ],
          [
            77.61749,
            12.972951
          ]
        ]
      },
      "properties": {
        "id": "RE-00056",
        "name": "Mahatma Gandhi Road",
        "highway": "primary",
        "length_m": 17.63,
        "elevation_m": 915.73,
        "maxspeed_kmh": 50
      }
    },
    {
      "type": "Feature",
      "geometry": {
        "type": "LineString",
        "coordinates": [
          [
            77.61749,
            12.972951
          ],
          [
            77.617332,
            12.972989
          ]
        ]
      },
      "properties": {
        "id": "RE-00057",
        "name": "Mahatma Gandhi Road",
        "highway": "primary",
        "length_m": 17.63,
        "elevation_m": 915.73,
        "maxspeed_kmh": 50
      }
    },
    {
      "type": "Feature",
      "geometry": {
        "type": "LineString",
        "coordinates": [
          [
            77.61749,
            12.972951
          ],
          [
            77.617617,
            12.972921
          ]
        ]
      },
      "properties": {
        "id": "RE-00058",
        "name": "Mahatma Gandhi Road",
        "highway": "primary",
        "length_m": 14.16,
        "elevation_m": 915.51,
        "maxspeed_kmh": 50
      }
    },
    {
      "type": "Feature",
      "geometry": {
        "type": "LineString",
        "coordinates": [
          [
            77.617617,
            12.972921
          ],
          [
            77.61749,
            12.972951
          ]
        ]
      },
      "properties": {
        "id": "RE-00059",
        "name": "Mahatma Gandhi Road",
        "highway": "primary",
        "length_m": 14.16,
        "elevation_m": 915.51,
        "maxspeed_kmh": 50
      }
    },
    {
      "type": "Feature",
      "geometry": {
        "type": "LineString",
        "coordinates": [
          [
            77.617617,
            12.972921
          ],
          [
            77.617717,
            12.972899
          ]
        ]
      },
      "properties": {
        "id": "RE-00060",
        "name": "Mahatma Gandhi Road",
        "highway": "primary",
        "length_m": 11.11,
        "elevation_m": 915.51,
        "maxspeed_kmh": 50
      }
    },
    {
      "type": "Feature",
      "geometry": {
        "type": "LineString",
        "coordinates": [
          [
            77.617717,
            12.972899
          ],
          [
            77.617617,
            12.972921
          ]
        ]
      },
      "properties": {
        "id": "RE-00061",
        "name": "Mahatma Gandhi Road",
        "highway": "primary",
        "length_m": 11.11,
        "elevation_m": 915.51,
        "maxspeed_kmh": 50
      }
    },
    {
      "type": "Feature",
      "geometry": {
        "type": "LineString",
        "coordinates": [
          [
            77.617717,
            12.972899
          ],
          [
            77.618107,
            12.972802
          ]
        ]
      },
      "properties": {
        "id": "RE-00062",
        "name": "Mahatma Gandhi Road",
        "highway": "primary",
        "length_m": 43.61,
        "elevation_m": 915.07,
        "maxspeed_kmh": 50
      }
    },
    {
      "type": "Feature",
      "geometry": {
        "type": "LineString",
        "coordinates": [
          [
            77.618107,
            12.972802
          ],
          [
            77.617717,
            12.972899
          ]
        ]
      },
      "properties": {
        "id": "RE-00063",
        "name": "Mahatma Gandhi Road",
        "highway": "primary",
        "length_m": 43.61,
        "elevation_m": 915.07,
        "maxspeed_kmh": 50
      }
    },
    {
      "type": "Feature",
      "geometry": {
        "type": "LineString",
        "coordinates": [
          [
            77.618107,
            12.972802
          ],
          [
            77.6183,
            12.972763
          ]
        ]
      },
      "properties": {
        "id": "RE-00064",
        "name": "Mahatma Gandhi Road",
        "highway": "primary",
        "length_m": 21.36,
        "elevation_m": 915.07,
        "maxspeed_kmh": 50
      }
    },
    {
      "type": "Feature",
      "geometry": {
        "type": "LineString",
        "coordinates": [
          [
            77.6183,
            12.972763
          ],
          [
            77.618107,
            12.972802
          ]
        ]
      },
      "properties": {
        "id": "RE-00065",
        "name": "Mahatma Gandhi Road",
        "highway": "primary",
        "length_m": 21.36,
        "elevation_m": 915.07,
        "maxspeed_kmh": 50
      }
    },
    {
      "type": "Feature",
      "geometry": {
        "type": "LineString",
        "coordinates": [
          [
            77.6183,
            12.972763
          ],
          [
            77.61852,
            12.972717
          ]
        ]
      },
      "properties": {
        "id": "RE-00066",
        "name": "Mahatma Gandhi Road",
        "highway": "primary",
        "length_m": 24.38,
        "elevation_m": 914.54,
        "maxspeed_kmh": 50
      }
    },
    {
      "type": "Feature",
      "geometry": {
        "type": "LineString",
        "coordinates": [
          [
            77.61852,
            12.972717
          ],
          [
            77.6183,
            12.972763
          ]
        ]
      },
      "properties": {
        "id": "RE-00067",
        "name": "Mahatma Gandhi Road",
        "highway": "primary",
        "length_m": 24.38,
        "elevation_m": 914.54,
        "maxspeed_kmh": 50
      }
    },
    {
      "type": "Feature",
      "geometry": {
        "type": "LineString",
        "coordinates": [
          [
            77.61852,
            12.972717
          ],
          [
            77.618684,
            12.972683
          ]
        ]
      },
      "properties": {
        "id": "RE-00068",
        "name": "Mahatma Gandhi Road",
        "highway": "primary",
        "length_m": 18.17,
        "elevation_m": 914.32,
        "maxspeed_kmh": 50
      }
    },
    {
      "type": "Feature",
      "geometry": {
        "type": "LineString",
        "coordinates": [
          [
            77.618684,
            12.972683
          ],
          [
            77.61852,
            12.972717
          ]
        ]
      },
      "properties": {
        "id": "RE-00069",
        "name": "Mahatma Gandhi Road",
        "highway": "primary",
        "length_m": 18.17,
        "elevation_m": 914.32,
        "maxspeed_kmh": 50
      }
    },
    {
      "type": "Feature",
      "geometry": {
        "type": "LineString",
        "coordinates": [
          [
            77.618684,
            12.972683
          ],
          [
            77.618896,
            12.972653
          ]
        ]
      },
      "properties": {
        "id": "RE-00070",
        "name": "Mahatma Gandhi Road",
        "highway": "primary",
        "length_m": 23.21,
        "elevation_m": 914.11,
        "maxspeed_kmh": 50
      }
    },
    {
      "type": "Feature",
      "geometry": {
        "type": "LineString",
        "coordinates": [
          [
            77.618896,
            12.972653
          ],
          [
            77.618684,
            12.972683
          ]
        ]
      },
      "properties": {
        "id": "RE-00071",
        "name": "Mahatma Gandhi Road",
        "highway": "primary",
        "length_m": 23.21,
        "elevation_m": 914.11,
        "maxspeed_kmh": 50
      }
    },
    {
      "type": "Feature",
      "geometry": {
        "type": "LineString",
        "coordinates": [
          [
            77.618896,
            12.972653
          ],
          [
            77.619186,
            12.972631
          ]
        ]
      },
      "properties": {
        "id": "RE-00072",
        "name": "Mahatma Gandhi Road",
        "highway": "primary",
        "length_m": 31.52,
        "elevation_m": 913.89,
        "maxspeed_kmh": 50
      }
    },
    {
      "type": "Feature",
      "geometry": {
        "type": "LineString",
        "coordinates": [
          [
            77.619186,
            12.972631
          ],
          [
            77.618896,
            12.972653
          ]
        ]
      },
      "properties": {
        "id": "RE-00073",
        "name": "Mahatma Gandhi Road",
        "highway": "primary",
        "length_m": 31.52,
        "elevation_m": 913.89,
        "maxspeed_kmh": 50
      }
    },
    {
      "type": "Feature",
      "geometry": {
        "type": "LineString",
        "coordinates": [
          [
            77.619186,
            12.972631
          ],
          [
            77.619309,
            12.972639
          ]
        ]
      },
      "properties": {
        "id": "RE-00074",
        "name": "Mahatma Gandhi Road",
        "highway": "primary",
        "length_m": 13.36,
        "elevation_m": 913.89,
        "maxspeed_kmh": 50
      }
    },
    {
      "type": "Feature",
      "geometry": {
        "type": "LineString",
        "coordinates": [
          [
            77.619309,
            12.972639
          ],
          [
            77.619186,
            12.972631
          ]
        ]
      },
      "properties": {
        "id": "RE-00075",
        "name": "Mahatma Gandhi Road",
        "highway": "primary",
        "length_m": 13.36,
        "elevation_m": 913.89,
        "maxspeed_kmh": 50
      }
    },
    {
      "type": "Feature",
      "geometry": {
        "type": "LineString",
        "coordinates": [
          [
            77.619309,
            12.972639
          ],
          [
            77.619343,
            12.972641
          ]
        ]
      },
      "properties": {
        "id": "RE-00076",
        "name": "Mahatma Gandhi Road",
        "highway": "primary",
        "length_m": 5.0,
        "elevation_m": 913.89,
        "maxspeed_kmh": 50
      }
    },
    {
      "type": "Feature",
      "geometry": {
        "type": "LineString",
        "coordinates": [
          [
            77.619343,
            12.972641
          ],
          [
            77.619309,
            12.972639
          ]
        ]
      },
      "properties": {
        "id": "RE-00077",
        "name": "Mahatma Gandhi Road",
        "highway": "primary",
        "length_m": 5.0,
        "elevation_m": 913.89,
        "maxspeed_kmh": 50
      }
    },
    {
      "type": "Feature",
      "geometry": {
        "type": "LineString",
        "coordinates": [
          [
            77.619343,
            12.972641
          ],
          [
            77.619396,
            12.972645
          ]
        ]
      },
      "properties": {
        "id": "RE-00078",
        "name": "Mahatma Gandhi Road",
        "highway": "primary",
        "length_m": 5.76,
        "elevation_m": 913.67,
        "maxspeed_kmh": 50
      }
    },
    {
      "type": "Feature",
      "geometry": {
        "type": "LineString",
        "coordinates": [
          [
            77.619396,
            12.972645
          ],
          [
            77.619343,
            12.972641
          ]
        ]
      },
      "properties": {
        "id": "RE-00079",
        "name": "Mahatma Gandhi Road",
        "highway": "primary",
        "length_m": 5.76,
        "elevation_m": 913.67,
        "maxspeed_kmh": 50
      }
    },
    {
      "type": "Feature",
      "geometry": {
        "type": "LineString",
        "coordinates": [
          [
            77.619396,
            12.972645
          ],
          [
            77.619448,
            12.972651
          ]
        ]
      },
      "properties": {
        "id": "RE-00080",
        "name": "Mahatma Gandhi Road",
        "highway": "primary",
        "length_m": 5.67,
        "elevation_m": 913.67,
        "maxspeed_kmh": 50
      }
    },
    {
      "type": "Feature",
      "geometry": {
        "type": "LineString",
        "coordinates": [
          [
            77.619448,
            12.972651
          ],
          [
            77.619396,
            12.972645
          ]
        ]
      },
      "properties": {
        "id": "RE-00081",
        "name": "Mahatma Gandhi Road",
        "highway": "primary",
        "length_m": 5.67,
        "elevation_m": 913.67,
        "maxspeed_kmh": 50
      }
    },
    {
      "type": "Feature",
      "geometry": {
        "type": "LineString",
        "coordinates": [
          [
            77.619448,
            12.972651
          ],
          [
            77.619544,
            12.972663
          ]
        ]
      },
      "properties": {
        "id": "RE-00082",
        "name": "Swamy Vivekananda Road",
        "highway": "primary",
        "length_m": 10.49,
        "elevation_m": 913.67,
        "maxspeed_kmh": 50
      }
    },
    {
      "type": "Feature",
      "geometry": {
        "type": "LineString",
        "coordinates": [
          [
            77.619448,
            12.972651
          ],
          [
            77.619456,
            12.972533
          ]
        ]
      },
      "properties": {
        "id": "RE-00083",
        "name": "Swamy Vivekananda Road",
        "highway": "primary",
        "length_m": 13.15,
        "elevation_m": 913.67,
        "maxspeed_kmh": 50
      }
    },
    {
      "type": "Feature",
      "geometry": {
        "type": "LineString",
        "coordinates": [
          [
            77.619544,
            12.972663
          ],
          [
            77.619448,
            12.972651
          ]
        ]
      },
      "properties": {
        "id": "RE-00084",
        "name": "Swamy Vivekananda Road",
        "highway": "primary",
        "length_m": 10.49,
        "elevation_m": 913.67,
        "maxspeed_kmh": 50
      }
    },
    {
      "type": "Feature",
      "geometry": {
        "type": "LineString",
        "coordinates": [
          [
            77.619544,
            12.972663
          ],
          [
            77.619605,
            12.972668
          ]
        ]
      },
      "properties": {
        "id": "RE-00085",
        "name": "Swamy Vivekananda Road",
        "highway": "primary",
        "length_m": 6.63,
        "elevation_m": 913.67,
        "maxspeed_kmh": 50
      }
    },
    {
      "type": "Feature",
      "geometry": {
        "type": "LineString",
        "coordinates": [
          [
            77.619544,
            12.972663
          ],
          [
            77.619548,
            12.972553
          ],
          [
            77.619576,
            12.972307
          ]
        ]
      },
      "properties": {
        "id": "RE-00086",
        "name": "Connecting Avenue",
        "highway": "primary",
        "length_m": 39.76,
        "elevation_m": 913.67,
        "maxspeed_kmh": 50
      }
    },
    {
      "type": "Feature",
      "geometry": {
        "type": "LineString",
        "coordinates": [
          [
            77.619605,
            12.972668
          ],
          [
            77.619544,
            12.972663
          ]
        ]
      },
      "properties": {
        "id": "RE-00087",
        "name": "Swamy Vivekananda Road",
        "highway": "primary",
        "length_m": 6.63,
        "elevation_m": 913.67,
        "maxspeed_kmh": 50
      }
    },
    {
      "type": "Feature",
      "geometry": {
        "type": "LineString",
        "coordinates": [
          [
            77.619605,
            12.972668
          ],
          [
            77.61984,
            12.97274
          ]
        ]
      },
      "properties": {
        "id": "RE-00088",
        "name": "Swamy Vivekananda Road",
        "highway": "primary",
        "length_m": 26.69,
        "elevation_m": 913.77,
        "maxspeed_kmh": 50
      }
    },
    {
      "type": "Feature",
      "geometry": {
        "type": "LineString",
        "coordinates": [
          [
            77.61984,
            12.97274
          ],
          [
            77.619605,
            12.972668
          ]
        ]
      },
      "properties": {
        "id": "RE-00089",
        "name": "Swamy Vivekananda Road",
        "highway": "primary",
        "length_m": 26.69,
        "elevation_m": 913.77,
        "maxspeed_kmh": 50
      }
    },
    {
      "type": "Feature",
      "geometry": {
        "type": "LineString",
        "coordinates": [
          [
            77.61984,
            12.97274
          ],
          [
            77.619993,
            12.97277
          ]
        ]
      },
      "properties": {
        "id": "RE-00090",
        "name": "Swamy Vivekananda Road",
        "highway": "primary",
        "length_m": 16.91,
        "elevation_m": 913.55,
        "maxspeed_kmh": 50
      }
    },
    {
      "type": "Feature",
      "geometry": {
        "type": "LineString",
        "coordinates": [
          [
            77.61984,
            12.97274
          ],
          [
            77.619924,
            12.972808
          ],
          [
            77.619975,
            12.972862
          ],
          [
            77.62006,
            12.972948
          ],
          [
            77.620059,
            12.972966
          ],
          [
            77.62006,
            12.973118
          ],
          [
            77.62006,
            12.973144
          ],
          [
            77.62006,
            12.973179
          ],
          [
            77.620054,
            12.973421
          ],
          [
            77.620052,
            12.973762
          ],
          [
            77.620051,
            12.973816
          ],
          [
            77.620051,
            12.97389
          ],
          [
            77.620051,
            12.97409
          ],
          [
            77.620048,
            12.974378
          ],
          [
            77.620053,
            12.974607
          ],
          [
            77.620053,
            12.974629
          ],
          [
            77.620058,
            12.974718
          ],
          [
            77.62008,
            12.974819
          ],
          [
            77.620104,
            12.974936
          ],
          [
            77.62015,
            12.975102
          ],
          [
            77.620174,
            12.975233
          ],
          [
            77.620211,
            12.975421
          ],
          [
            77.620245,
            12.975668
          ],
          [
            77.620246,
            12.975682
          ],
          [
            77.620246,
            12.975711
          ],
          [
            77.620246,
            12.975763
          ],
          [
            77.620245,
            12.975817
          ],
          [
            77.620227,
            12.975881
          ],
          [
            77.620239,
            12.976008
          ],
          [
            77.620257,
            12.976195
          ],
          [
            77.620209,
            12.977522
          ],
          [
            77.620205,
            12.977759
          ],
          [
            77.620243,
            12.977955
          ],
          [
            77.620263,
            12.978035
          ],
          [
            77.620325,
            12.978245
          ],
          [
            77.620491,
            12.978564
          ],
          [
            77.620499,
            12.978576
          ],
          [
            77.620587,
            12.978709
          ],
          [
            77.620714,
            12.97878
          ],
          [
            77.621125,
            12.978917
          ],
          [
            77.621275,
            12.978974
          ],
          [
            77.621406,
            12.97907
          ],
          [
            77.621482,
            12.979144
          ],
          [
            77.62158,
            12.979286
          ],
          [
            77.621669,
            12.979465
          ],
          [
            77.622205,
            12.980779
          ],
          [
            77.622289,
            12.980944
          ],
          [
            77.622336,
            12.981011
          ],
          [
            77.622479,
            12.981156
          ],
          [
            77.622657,
            12.981312
          ],
          [
            77.622843,
            12.981509
          ],
          [
            77.622902,
            12.981577
          ],
          [
            77.622953,
            12.981633
          ]
        ]
      },
      "properties": {
        "id": "RE-00091",
        "name": "Bhaskaran Road",
        "highway": "primary",
        "length_m": 1119.35,
        "elevation_m": 897.59,
        "maxspeed_kmh": 50
      }
    },
    {
      "type": "Feature",
      "geometry": {
        "type": "LineString",
        "coordinates": [
          [
            77.619993,
            12.97277
          ],
          [
            77.61984,
            12.97274
          ]
        ]
      },
      "properties": {
        "id": "RE-00092",
        "name": "Swamy Vivekananda Road",
        "highway": "primary",
        "length_m": 16.91,
        "elevation_m": 913.55,
        "maxspeed_kmh": 50
      }
    },
    {
      "type": "Feature",
      "geometry": {
        "type": "LineString",
        "coordinates": [
          [
            77.619993,
            12.97277
          ],
          [
            77.620113,
            12.972766
          ]
        ]
      },
      "properties": {
        "id": "RE-00093",
        "name": "Swamy Vivekananda Road",
        "highway": "primary",
        "length_m": 13.01,
        "elevation_m": 913.55,
        "maxspeed_kmh": 50
      }
    },
    {
      "type": "Feature",
      "geometry": {
        "type": "LineString",
        "coordinates": [
          [
            77.620113,
            12.972766
          ],
          [
            77.619993,
            12.97277
          ]
        ]
      },
      "properties": {
        "id": "RE-00094",
        "name": "Swamy Vivekananda Road",
        "highway": "primary",
        "length_m": 13.01,
        "elevation_m": 913.55,
        "maxspeed_kmh": 50
      }
    },
    {
      "type": "Feature",
      "geometry": {
        "type": "LineString",
        "coordinates": [
          [
            77.620113,
            12.972766
          ],
          [
            77.620182,
            12.972753
          ]
        ]
      },
      "properties": {
        "id": "RE-00095",
        "name": "Swamy Vivekananda Road",
        "highway": "primary",
        "length_m": 7.62,
        "elevation_m": 913.33,
        "maxspeed_kmh": 50
      }
    },
    {
      "type": "Feature",
      "geometry": {
        "type": "LineString",
        "coordinates": [
          [
            77.620182,
            12.972753
          ],
          [
            77.620113,
            12.972766
          ]
        ]
      },
      "properties": {
        "id": "RE-00096",
        "name": "Swamy Vivekananda Road",
        "highway": "primary",
        "length_m": 7.62,
        "elevation_m": 913.33,
        "maxspeed_kmh": 50
      }
    },
    {
      "type": "Feature",
      "geometry": {
        "type": "LineString",
        "coordinates": [
          [
            77.620182,
            12.972753
          ],
          [
            77.62024,
            12.972744
          ]
        ]
      },
      "properties": {
        "id": "RE-00097",
        "name": "Swamy Vivekananda Road",
        "highway": "primary",
        "length_m": 6.36,
        "elevation_m": 913.33,
        "maxspeed_kmh": 50
      }
    },
    {
      "type": "Feature",
      "geometry": {
        "type": "LineString",
        "coordinates": [
          [
            77.62024,
            12.972744
          ],
          [
            77.620182,
            12.972753
          ]
        ]
      },
      "properties": {
        "id": "RE-00098",
        "name": "Swamy Vivekananda Road",
        "highway": "primary",
        "length_m": 6.36,
        "elevation_m": 913.33,
        "maxspeed_kmh": 50
      }
    },
    {
      "type": "Feature",
      "geometry": {
        "type": "LineString",
        "coordinates": [
          [
            77.62024,
            12.972744
          ],
          [
            77.620374,
            12.972714
          ]
        ]
      },
      "properties": {
        "id": "RE-00099",
        "name": "Swamy Vivekananda Road",
        "highway": "primary",
        "length_m": 14.9,
        "elevation_m": 913.02,
        "maxspeed_kmh": 50
      }
    },
    {
      "type": "Feature",
      "geometry": {
        "type": "LineString",
        "coordinates": [
          [
            77.620374,
            12.972714
          ],
          [
            77.62024,
            12.972744
          ]
        ]
      },
      "properties": {
        "id": "RE-00100",
        "name": "Swamy Vivekananda Road",
        "highway": "primary",
        "length_m": 14.9,
        "elevation_m": 913.02,
        "maxspeed_kmh": 50
      }
    },
    {
      "type": "Feature",
      "geometry": {
        "type": "LineString",
        "coordinates": [
          [
            77.620374,
            12.972714
          ],
          [
            77.620498,
            12.972728
          ]
        ]
      },
      "properties": {
        "id": "RE-00101",
        "name": "Swamy Vivekananda Road",
        "highway": "primary",
        "length_m": 13.53,
        "elevation_m": 913.11,
        "maxspeed_kmh": 50
      }
    },
    {
      "type": "Feature",
      "geometry": {
        "type": "LineString",
        "coordinates": [
          [
            77.620498,
            12.972728
          ],
          [
            77.620374,
            12.972714
          ]
        ]
      },
      "properties": {
        "id": "RE-00102",
        "name": "Swamy Vivekananda Road",
        "highway": "primary",
        "length_m": 13.53,
        "elevation_m": 913.11,
        "maxspeed_kmh": 50
      }
    },
    {
      "type": "Feature",
      "geometry": {
        "type": "LineString",
        "coordinates": [
          [
            77.620498,
            12.972728
          ],
          [
            77.620587,
            12.972735
          ]
        ]
      },
      "properties": {
        "id": "RE-00103",
        "name": "Swamy Vivekananda Road",
        "highway": "primary",
        "length_m": 9.68,
        "elevation_m": 913.11,
        "maxspeed_kmh": 50
      }
    },
    {
      "type": "Feature",
      "geometry": {
        "type": "LineString",
        "coordinates": [
          [
            77.620587,
            12.972735
          ],
          [
            77.620498,
            12.972728
          ]
        ]
      },
      "properties": {
        "id": "RE-00104",
        "name": "Swamy Vivekananda Road",
        "highway": "primary",
        "length_m": 9.68,
        "elevation_m": 913.11,
        "maxspeed_kmh": 50
      }
    },
    {
      "type": "Feature",
      "geometry": {
        "type": "LineString",
        "coordinates": [
          [
            77.620587,
            12.972735
          ],
          [
            77.620863,
            12.972776
          ]
        ]
      },
      "properties": {
        "id": "RE-00105",
        "name": "Swamy Vivekananda Road",
        "highway": "primary",
        "length_m": 30.25,
        "elevation_m": 912.9,
        "maxspeed_kmh": 50
      }
    },
    {
      "type": "Feature",
      "geometry": {
        "type": "LineString",
        "coordinates": [
          [
            77.620863,
            12.972776
          ],
          [
            77.620587,
            12.972735
          ]
        ]
      },
      "properties": {
        "id": "RE-00106",
        "name": "Swamy Vivekananda Road",
        "highway": "primary",
        "length_m": 30.25,
        "elevation_m": 912.9,
        "maxspeed_kmh": 50
      }
    },
    {
      "type": "Feature",
      "geometry": {
        "type": "LineString",
        "coordinates": [
          [
            77.620863,
            12.972776
          ],
          [
            77.621009,
            12.97281
          ]
        ]
      },
      "properties": {
        "id": "RE-00107",
        "name": "Swamy Vivekananda Road",
        "highway": "primary",
        "length_m": 16.27,
        "elevation_m": 912.68,
        "maxspeed_kmh": 50
      }
    },
    {
      "type": "Feature",
      "geometry": {
        "type": "LineString",
        "coordinates": [
          [
            77.621009,
            12.97281
          ],
          [
            77.620863,
            12.972776
          ]
        ]
      },
      "properties": {
        "id": "RE-00108",
        "name": "Swamy Vivekananda Road",
        "highway": "primary",
        "length_m": 16.27,
        "elevation_m": 912.68,
        "maxspeed_kmh": 50
      }
    },
    {
      "type": "Feature",
      "geometry": {
        "type": "LineString",
        "coordinates": [
          [
            77.621009,
            12.97281
          ],
          [
            77.621096,
            12.972831
          ]
        ]
      },
      "properties": {
        "id": "RE-00109",
        "name": "Swamy Vivekananda Road",
        "highway": "primary",
        "length_m": 9.71,
        "elevation_m": 912.68,
        "maxspeed_kmh": 50
      }
    },
    {
      "type": "Feature",
      "geometry": {
        "type": "LineString",
        "coordinates": [
          [
            77.621096,
            12.972831
          ],
          [
            77.621009,
            12.97281
          ]
        ]
      },
      "properties": {
        "id": "RE-00110",
        "name": "Swamy Vivekananda Road",
        "highway": "primary",
        "length_m": 9.71,
        "elevation_m": 912.68,
        "maxspeed_kmh": 50
      }
    },
    {
      "type": "Feature",
      "geometry": {
        "type": "LineString",
        "coordinates": [
          [
            77.621096,
            12.972831
          ],
          [
            77.621339,
            12.972888
          ]
        ]
      },
      "properties": {
        "id": "RE-00111",
        "name": "Swamy Vivekananda Road",
        "highway": "primary",
        "length_m": 27.08,
        "elevation_m": 912.24,
        "maxspeed_kmh": 50
      }
    },
    {
      "type": "Feature",
      "geometry": {
        "type": "LineString",
        "coordinates": [
          [
            77.621339,
            12.972888
          ],
          [
            77.621096,
            12.972831
          ]
        ]
      },
      "properties": {
        "id": "RE-00112",
        "name": "Swamy Vivekananda Road",
        "highway": "primary",
        "length_m": 27.08,
        "elevation_m": 912.24,
        "maxspeed_kmh": 50
      }
    },
    {
      "type": "Feature",
      "geometry": {
        "type": "LineString",
        "coordinates": [
          [
            77.621339,
            12.972888
          ],
          [
            77.621409,
            12.972912
          ]
        ]
      },
      "properties": {
        "id": "RE-00113",
        "name": "Swamy Vivekananda Road",
        "highway": "primary",
        "length_m": 8.04,
        "elevation_m": 912.24,
        "maxspeed_kmh": 50
      }
    },
    {
      "type": "Feature",
      "geometry": {
        "type": "LineString",
        "coordinates": [
          [
            77.621409,
            12.972912
          ],
          [
            77.621339,
            12.972888
          ]
        ]
      },
      "properties": {
        "id": "RE-00114",
        "name": "Swamy Vivekananda Road",
        "highway": "primary",
        "length_m": 8.04,
        "elevation_m": 912.24,
        "maxspeed_kmh": 50
      }
    },
    {
      "type": "Feature",
      "geometry": {
        "type": "LineString",
        "coordinates": [
          [
            77.621409,
            12.972912
          ],
          [
            77.621555,
            12.972963
          ]
        ]
      },
      "properties": {
        "id": "RE-00115",
        "name": "Swamy Vivekananda Road",
        "highway": "primary",
        "length_m": 16.81,
        "elevation_m": 911.7,
        "maxspeed_kmh": 50
      }
    },
    {
      "type": "Feature",
      "geometry": {
        "type": "LineString",
        "coordinates": [
          [
            77.621555,
            12.972963
          ],
          [
            77.621409,
            12.972912
          ]
        ]
      },
      "properties": {
        "id": "RE-00116",
        "name": "Swamy Vivekananda Road",
        "highway": "primary",
        "length_m": 16.81,
        "elevation_m": 911.7,
        "maxspeed_kmh": 50
      }
    },
    {
      "type": "Feature",
      "geometry": {
        "type": "LineString",
        "coordinates": [
          [
            77.621555,
            12.972963
          ],
          [
            77.621728,
            12.973023
          ]
        ]
      },
      "properties": {
        "id": "RE-00117",
        "name": "Swamy Vivekananda Road",
        "highway": "primary",
        "length_m": 19.9,
        "elevation_m": 912.01,
        "maxspeed_kmh": 50
      }
    },
    {
      "type": "Feature",
      "geometry": {
        "type": "LineString",
        "coordinates": [
          [
            77.621728,
            12.973023
          ],
          [
            77.621555,
            12.972963
          ]
        ]
      },
      "properties": {
        "id": "RE-00118",
        "name": "Swamy Vivekananda Road",
        "highway": "primary",
        "length_m": 19.9,
        "elevation_m": 912.01,
        "maxspeed_kmh": 50
      }
    },
    {
      "type": "Feature",
      "geometry": {
        "type": "LineString",
        "coordinates": [
          [
            77.621728,
            12.973023
          ],
          [
            77.621916,
            12.9731
          ]
        ]
      },
      "properties": {
        "id": "RE-00119",
        "name": "Swamy Vivekananda Road",
        "highway": "primary",
        "length_m": 22.1,
        "elevation_m": 911.47,
        "maxspeed_kmh": 50
      }
    },
    {
      "type": "Feature",
      "geometry": {
        "type": "LineString",
        "coordinates": [
          [
            77.621916,
            12.9731
          ],
          [
            77.621728,
            12.973023
          ]
        ]
      },
      "properties": {
        "id": "RE-00120",
        "name": "Swamy Vivekananda Road",
        "highway": "primary",
        "length_m": 22.1,
        "elevation_m": 911.47,
        "maxspeed_kmh": 50
      }
    },
    {
      "type": "Feature",
      "geometry": {
        "type": "LineString",
        "coordinates": [
          [
            77.621916,
            12.9731
          ],
          [
            77.622017,
            12.973141
          ]
        ]
      },
      "properties": {
        "id": "RE-00121",
        "name": "Swamy Vivekananda Road",
        "highway": "primary",
        "length_m": 11.86,
        "elevation_m": 911.47,
        "maxspeed_kmh": 50
      }
    },
    {
      "type": "Feature",
      "geometry": {
        "type": "LineString",
        "coordinates": [
          [
            77.622017,
            12.973141
          ],
          [
            77.621916,
            12.9731
          ]
        ]
      },
      "properties": {
        "id": "RE-00122",
        "name": "Swamy Vivekananda Road",
        "highway": "primary",
        "length_m": 11.86,
        "elevation_m": 911.47,
        "maxspeed_kmh": 50
      }
    },
    {
      "type": "Feature",
      "geometry": {
        "type": "LineString",
        "coordinates": [
          [
            77.622017,
            12.973141
          ],
          [
            77.622053,
            12.973154
          ]
        ]
      },
      "properties": {
        "id": "RE-00123",
        "name": "Swamy Vivekananda Road",
        "highway": "primary",
        "length_m": 5.0,
        "elevation_m": 910.92,
        "maxspeed_kmh": 50
      }
    },
    {
      "type": "Feature",
      "geometry": {
        "type": "LineString",
        "coordinates": [
          [
            77.622053,
            12.973154
          ],
          [
            77.622017,
            12.973141
          ]
        ]
      },
      "properties": {
        "id": "RE-00124",
        "name": "Swamy Vivekananda Road",
        "highway": "primary",
        "length_m": 5.0,
        "elevation_m": 910.92,
        "maxspeed_kmh": 50
      }
    },
    {
      "type": "Feature",
      "geometry": {
        "type": "LineString",
        "coordinates": [
          [
            77.622053,
            12.973154
          ],
          [
            77.622252,
            12.973237
          ]
        ]
      },
      "properties": {
        "id": "RE-00125",
        "name": "Swamy Vivekananda Road",
        "highway": "primary",
        "length_m": 23.46,
        "elevation_m": 910.92,
        "maxspeed_kmh": 50
      }
    },
    {
      "type": "Feature",
      "geometry": {
        "type": "LineString",
        "coordinates": [
          [
            77.622252,
            12.973237
          ],
          [
            77.622053,
            12.973154
          ]
        ]
      },
      "properties": {
        "id": "RE-00126",
        "name": "Swamy Vivekananda Road",
        "highway": "primary",
        "length_m": 23.46,
        "elevation_m": 910.92,
        "maxspeed_kmh": 50
      }
    },
    {
      "type": "Feature",
      "geometry": {
        "type": "LineString",
        "coordinates": [
          [
            77.622252,
            12.973237
          ],
          [
            77.622601,
            12.973411
          ]
        ]
      },
      "properties": {
        "id": "RE-00127",
        "name": "Swamy Vivekananda Road",
        "highway": "primary",
        "length_m": 42.48,
        "elevation_m": 908.72,
        "maxspeed_kmh": 50
      }
    },
    {
      "type": "Feature",
      "geometry": {
        "type": "LineString",
        "coordinates": [
          [
            77.622601,
            12.973411
          ],
          [
            77.622252,
            12.973237
          ]
        ]
      },
      "properties": {
        "id": "RE-00128",
        "name": "Swamy Vivekananda Road",
        "highway": "primary",
        "length_m": 42.48,
        "elevation_m": 908.72,
        "maxspeed_kmh": 50
      }
    },
    {
      "type": "Feature",
      "geometry": {
        "type": "LineString",
        "coordinates": [
          [
            77.622601,
            12.973411
          ],
          [
            77.623126,
            12.973711
          ]
        ]
      },
      "properties": {
        "id": "RE-00129",
        "name": "Swamy Vivekananda Road",
        "highway": "primary",
        "length_m": 65.95,
        "elevation_m": 906.38,
        "maxspeed_kmh": 50
      }
    },
    {
      "type": "Feature",
      "geometry": {
        "type": "LineString",
        "coordinates": [
          [
            77.623126,
            12.973711
          ],
          [
            77.622601,
            12.973411
          ]
        ]
      },
      "properties": {
        "id": "RE-00130",
        "name": "Swamy Vivekananda Road",
        "highway": "primary",
        "length_m": 65.95,
        "elevation_m": 906.38,
        "maxspeed_kmh": 50
      }
    },
    {
      "type": "Feature",
      "geometry": {
        "type": "LineString",
        "coordinates": [
          [
            77.623126,
            12.973711
          ],
          [
            77.623404,
            12.973886
          ]
        ]
      },
      "properties": {
        "id": "RE-00131",
        "name": "Swamy Vivekananda Road",
        "highway": "primary",
        "length_m": 35.86,
        "elevation_m": 904.68,
        "maxspeed_kmh": 50
      }
    },
    {
      "type": "Feature",
      "geometry": {
        "type": "LineString",
        "coordinates": [
          [
            77.623404,
            12.973886
          ],
          [
            77.623126,
            12.973711
          ]
        ]
      },
      "properties": {
        "id": "RE-00132",
        "name": "Swamy Vivekananda Road",
        "highway": "primary",
        "length_m": 35.86,
        "elevation_m": 904.68,
        "maxspeed_kmh": 50
      }
    },
    {
      "type": "Feature",
      "geometry": {
        "type": "LineString",
        "coordinates": [
          [
            77.623404,
            12.973886
          ],
          [
            77.623591,
            12.974004
          ]
        ]
      },
      "properties": {
        "id": "RE-00133",
        "name": "Swamy Vivekananda Road",
        "highway": "primary",
        "length_m": 24.14,
        "elevation_m": 904.68,
        "maxspeed_kmh": 50
      }
    },
    {
      "type": "Feature",
      "geometry": {
        "type": "LineString",
        "coordinates": [
          [
            77.623591,
            12.974004
          ],
          [
            77.623404,
            12.973886
          ]
        ]
      },
      "properties": {
        "id": "RE-00134",
        "name": "Swamy Vivekananda Road",
        "highway": "primary",
        "length_m": 24.14,
        "elevation_m": 904.68,
        "maxspeed_kmh": 50
      }
    },
    {
      "type": "Feature",
      "geometry": {
        "type": "LineString",
        "coordinates": [
          [
            77.623591,
            12.974004
          ],
          [
            77.623776,
            12.974122
          ]
        ]
      },
      "properties": {
        "id": "RE-00135",
        "name": "Swamy Vivekananda Road",
        "highway": "primary",
        "length_m": 23.96,
        "elevation_m": 903.14,
        "maxspeed_kmh": 50
      }
    },
    {
      "type": "Feature",
      "geometry": {
        "type": "LineString",
        "coordinates": [
          [
            77.623776,
            12.974122
          ],
          [
            77.623591,
            12.974004
          ]
        ]
      },
      "properties": {
        "id": "RE-00136",
        "name": "Swamy Vivekananda Road",
        "highway": "primary",
        "length_m": 23.96,
        "elevation_m": 903.14,
        "maxspeed_kmh": 50
      }
    },
    {
      "type": "Feature",
      "geometry": {
        "type": "LineString",
        "coordinates": [
          [
            77.623776,
            12.974122
          ],
          [
            77.623937,
            12.974212
          ]
        ]
      },
      "properties": {
        "id": "RE-00137",
        "name": "Swamy Vivekananda Road",
        "highway": "primary",
        "length_m": 20.11,
        "elevation_m": 902.89,
        "maxspeed_kmh": 50
      }
    },
    {
      "type": "Feature",
      "geometry": {
        "type": "LineString",
        "coordinates": [
          [
            77.623937,
            12.974212
          ],
          [
            77.623776,
            12.974122
          ]
        ]
      },
      "properties": {
        "id": "RE-00138",
        "name": "Swamy Vivekananda Road",
        "highway": "primary",
        "length_m": 20.11,
        "elevation_m": 902.89,
        "maxspeed_kmh": 50
      }
    },
    {
      "type": "Feature",
      "geometry": {
        "type": "LineString",
        "coordinates": [
          [
            77.623937,
            12.974212
          ],
          [
            77.623983,
            12.974241
          ]
        ]
      },
      "properties": {
        "id": "RE-00139",
        "name": "Swamy Vivekananda Road",
        "highway": "primary",
        "length_m": 5.94,
        "elevation_m": 902.89,
        "maxspeed_kmh": 50
      }
    },
    {
      "type": "Feature",
      "geometry": {
        "type": "LineString",
        "coordinates": [
          [
            77.623983,
            12.974241
          ],
          [
            77.623937,
            12.974212
          ]
        ]
      },
      "properties": {
        "id": "RE-00140",
        "name": "Swamy Vivekananda Road",
        "highway": "primary",
        "length_m": 5.94,
        "elevation_m": 902.89,
        "maxspeed_kmh": 50
      }
    },
    {
      "type": "Feature",
      "geometry": {
        "type": "LineString",
        "coordinates": [
          [
            77.623983,
            12.974241
          ],
          [
            77.624388,
            12.974493
          ]
        ]
      },
      "properties": {
        "id": "RE-00141",
        "name": "Swamy Vivekananda Road",
        "highway": "primary",
        "length_m": 52.07,
        "elevation_m": 901.59,
        "maxspeed_kmh": 50
      }
    },
    {
      "type": "Feature",
      "geometry": {
        "type": "LineString",
        "coordinates": [
          [
            77.624388,
            12.974493
          ],
          [
            77.623983,
            12.974241
          ]
        ]
      },
      "properties": {
        "id": "RE-00142",
        "name": "Swamy Vivekananda Road",
        "highway": "primary",
        "length_m": 52.07,
        "elevation_m": 901.59,
        "maxspeed_kmh": 50
      }
    },
    {
      "type": "Feature",
      "geometry": {
        "type": "LineString",
        "coordinates": [
          [
            77.624388,
            12.974493
          ],
          [
            77.624656,
            12.974663
          ]
        ]
      },
      "properties": {
        "id": "RE-00143",
        "name": "Swamy Vivekananda Road",
        "highway": "primary",
        "length_m": 34.65,
        "elevation_m": 900.45,
        "maxspeed_kmh": 50
      }
    },
    {
      "type": "Feature",
      "geometry": {
        "type": "LineString",
        "coordinates": [
          [
            77.624656,
            12.974663
          ],
          [
            77.624388,
            12.974493
          ]
        ]
      },
      "properties": {
        "id": "RE-00144",
        "name": "Swamy Vivekananda Road",
        "highway": "primary",
        "length_m": 34.65,
        "elevation_m": 900.45,
        "maxspeed_kmh": 50
      }
    },
    {
      "type": "Feature",
      "geometry": {
        "type": "LineString",
        "coordinates": [
          [
            77.624656,
            12.974663
          ],
          [
            77.625197,
            12.974987
          ]
        ]
      },
      "properties": {
        "id": "RE-00145",
        "name": "Swamy Vivekananda Road",
        "highway": "primary",
        "length_m": 68.81,
        "elevation_m": 899.46,
        "maxspeed_kmh": 50
      }
    },
    {
      "type": "Feature",
      "geometry": {
        "type": "LineString",
        "coordinates": [
          [
            77.625197,
            12.974987
          ],
          [
            77.624656,
            12.974663
          ]
        ]
      },
      "properties": {
        "id": "RE-00146",
        "name": "Swamy Vivekananda Road",
        "highway": "primary",
        "length_m": 68.81,
        "elevation_m": 899.46,
        "maxspeed_kmh": 50
      }
    },
    {
      "type": "Feature",
      "geometry": {
        "type": "LineString",
        "coordinates": [
          [
            77.625197,
            12.974987
          ],
          [
            77.625213,
            12.974997
          ]
        ]
      },
      "properties": {
        "id": "RE-00147",
        "name": "Swamy Vivekananda Road",
        "highway": "primary",
        "length_m": 5.0,
        "elevation_m": 899.46,
        "maxspeed_kmh": 50
      }
    },
    {
      "type": "Feature",
      "geometry": {
        "type": "LineString",
        "coordinates": [
          [
            77.625213,
            12.974997
          ],
          [
            77.625197,
            12.974987
          ]
        ]
      },
      "properties": {
        "id": "RE-00148",
        "name": "Swamy Vivekananda Road",
        "highway": "primary",
        "length_m": 5.0,
        "elevation_m": 899.46,
        "maxspeed_kmh": 50
      }
    },
    {
      "type": "Feature",
      "geometry": {
        "type": "LineString",
        "coordinates": [
          [
            77.625213,
            12.974997
          ],
          [
            77.625224,
            12.975004
          ]
        ]
      },
      "properties": {
        "id": "RE-00149",
        "name": "Swamy Vivekananda Road",
        "highway": "primary",
        "length_m": 5.0,
        "elevation_m": 899.46,
        "maxspeed_kmh": 50
      }
    },
    {
      "type": "Feature",
      "geometry": {
        "type": "LineString",
        "coordinates": [
          [
            77.625224,
            12.975004
          ],
          [
            77.625213,
            12.974997
          ]
        ]
      },
      "properties": {
        "id": "RE-00150",
        "name": "Swamy Vivekananda Road",
        "highway": "primary",
        "length_m": 5.0,
        "elevation_m": 899.46,
        "maxspeed_kmh": 50
      }
    },
    {
      "type": "Feature",
      "geometry": {
        "type": "LineString",
        "coordinates": [
          [
            77.625224,
            12.975004
          ],
          [
            77.625296,
            12.97505
          ]
        ]
      },
      "properties": {
        "id": "RE-00151",
        "name": "Swamy Vivekananda Road",
        "highway": "primary",
        "length_m": 9.33,
        "elevation_m": 899.46,
        "maxspeed_kmh": 50
      }
    },
    {
      "type": "Feature",
      "geometry": {
        "type": "LineString",
        "coordinates": [
          [
            77.625296,
            12.97505
          ],
          [
            77.625224,
            12.975004
          ]
        ]
      },
      "properties": {
        "id": "RE-00152",
        "name": "Swamy Vivekananda Road",
        "highway": "primary",
        "length_m": 9.33,
        "elevation_m": 899.46,
        "maxspeed_kmh": 50
      }
    },
    {
      "type": "Feature",
      "geometry": {
        "type": "LineString",
        "coordinates": [
          [
            77.625296,
            12.97505
          ],
          [
            77.625372,
            12.974993
          ]
        ]
      },
      "properties": {
        "id": "RE-00153",
        "name": "Cambridge Road",
        "highway": "primary",
        "length_m": 10.39,
        "elevation_m": 899.46,
        "maxspeed_kmh": 50
      }
    },
    {
      "type": "Feature",
      "geometry": {
        "type": "LineString",
        "coordinates": [
          [
            77.625296,
            12.97505
          ],
          [
            77.625491,
            12.975175
          ]
        ]
      },
      "properties": {
        "id": "RE-00154",
        "name": "Swamy Vivekananda Road",
        "highway": "primary",
        "length_m": 25.29,
        "elevation_m": 898.72,
        "maxspeed_kmh": 50
      }
    },
    {
      "type": "Feature",
      "geometry": {
        "type": "LineString",
        "coordinates": [
          [
            77.625296,
            12.97505
          ],
          [
            77.625237,
            12.97509
          ],
          [
            77.625216,
            12.975104
          ],
          [
            77.625112,
            12.975146
          ],
          [
            77.624994,
            12.975159
          ],
          [
            77.624886,
            12.97517
          ],
          [
            77.624698,
            12.97519
          ],
          [
            77.6243,
            12.975236
          ],
          [
            77.624208,
            12.975247
          ],
          [
            77.623736,
            12.975315
          ],
          [
            77.623389,
            12.975365
          ],
          [
            77.623068,
            12.975411
          ],
          [
            77.622875,
            12.97541
          ],
          [
            77.622779,
            12.97541
          ],
          [
            77.622661,
            12.97541
          ],
          [
            77.622507,
            12.975385
          ],
          [
            77.622325,
            12.975338
          ],
          [
            77.622201,
            12.975309
          ],
          [
            77.622126,
            12.975291
          ],
          [
            77.621866,
            12.97523
          ],
          [
            77.621841,
            12.975224
          ]
        ]
      },
      "properties": {
        "id": "RE-00155",
        "name": "Shivashankar Road",
        "highway": "primary",
        "length_m": 381.58,
        "elevation_m": 896.89,
        "maxspeed_kmh": 50
      }
    },
    {
      "type": "Feature",
      "geometry": {
        "type": "LineString",
        "coordinates": [
          [
            77.625372,
            12.974993
          ],
          [
            77.625296,
            12.97505
          ]
        ]
      },
      "properties": {
        "id": "RE-00156",
        "name": "Cambridge Road",
        "highway": "primary",
        "length_m": 10.39,
        "elevation_m": 899.46,
        "maxspeed_kmh": 50
      }
    },
    {
      "type": "Feature",
      "geometry": {
        "type": "LineString",
        "coordinates": [
          [
            77.625372,
            12.974993
          ],
          [
            77.625401,
            12.974942
          ]
        ]
      },
      "properties": {
        "id": "RE-00157",
        "name": "Cambridge Road",
        "highway": "primary",
        "length_m": 6.48,
        "elevation_m": 899.46,
        "maxspeed_kmh": 50
      }
    },
    {
      "type": "Feature",
      "geometry": {
        "type": "LineString",
        "coordinates": [
          [
            77.625401,
            12.974942
          ],
          [
            77.625372,
            12.974993
          ]
        ]
      },
      "properties": {
        "id": "RE-00158",
        "name": "Cambridge Road",
        "highway": "primary",
        "length_m": 6.48,
        "elevation_m": 899.46,
        "maxspeed_kmh": 50
      }
    },
    {
      "type": "Feature",
      "geometry": {
        "type": "LineString",
        "coordinates": [
          [
            77.625401,
            12.974942
          ],
          [
            77.625409,
            12.974928
          ]
        ]
      },
      "properties": {
        "id": "RE-00159",
        "name": "Cambridge Road",
        "highway": "primary",
        "length_m": 5.0,
        "elevation_m": 899.46,
        "maxspeed_kmh": 50
      }
    },
    {
      "type": "Feature",
      "geometry": {
        "type": "LineString",
        "coordinates": [
          [
            77.625409,
            12.974928
          ],
          [
            77.625401,
            12.974942
          ]
        ]
      },
      "properties": {
        "id": "RE-00160",
        "name": "Cambridge Road",
        "highway": "primary",
        "length_m": 5.0,
        "elevation_m": 899.46,
        "maxspeed_kmh": 50
      }
    },
    {
      "type": "Feature",
      "geometry": {
        "type": "LineString",
        "coordinates": [
          [
            77.625409,
            12.974928
          ],
          [
            77.62543,
            12.974894
          ]
        ]
      },
      "properties": {
        "id": "RE-00161",
        "name": "Cambridge Road",
        "highway": "primary",
        "length_m": 5.0,
        "elevation_m": 899.46,
        "maxspeed_kmh": 50
      }
    },
    {
      "type": "Feature",
      "geometry": {
        "type": "LineString",
        "coordinates": [
          [
            77.62543,
            12.974894
          ],
          [
            77.625409,
            12.974928
          ]
        ]
      },
      "properties": {
        "id": "RE-00162",
        "name": "Cambridge Road",
        "highway": "primary",
        "length_m": 5.0,
        "elevation_m": 899.46,
        "maxspeed_kmh": 50
      }
    },
    {
      "type": "Feature",
      "geometry": {
        "type": "LineString",
        "coordinates": [
          [
            77.62543,
            12.974894
          ],
          [
            77.625829,
            12.974268
          ]
        ]
      },
      "properties": {
        "id": "RE-00163",
        "name": "Cambridge Road",
        "highway": "primary",
        "length_m": 81.94,
        "elevation_m": 901.19,
        "maxspeed_kmh": 50
      }
    },
    {
      "type": "Feature",
      "geometry": {
        "type": "LineString",
        "coordinates": [
          [
            77.625829,
            12.974268
          ],
          [
            77.62543,
            12.974894
          ]
        ]
      },
      "properties": {
        "id": "RE-00164",
        "name": "Cambridge Road",
        "highway": "primary",
        "length_m": 81.94,
        "elevation_m": 901.19,
        "maxspeed_kmh": 50
      }
    },
    {
      "type": "Feature",
      "geometry": {
        "type": "LineString",
        "coordinates": [
          [
            77.625829,
            12.974268
          ],
          [
            77.625959,
            12.974064
          ]
        ]
      },
      "properties": {
        "id": "RE-00165",
        "name": "Cambridge Road",
        "highway": "primary",
        "length_m": 26.7,
        "elevation_m": 901.19,
        "maxspeed_kmh": 50
      }
    },
    {
      "type": "Feature",
      "geometry": {
        "type": "LineString",
        "coordinates": [
          [
            77.625959,
            12.974064
          ],
          [
            77.625829,
            12.974268
          ]
        ]
      },
      "properties": {
        "id": "RE-00166",
        "name": "Cambridge Road",
        "highway": "primary",
        "length_m": 26.7,
        "elevation_m": 901.19,
        "maxspeed_kmh": 50
      }
    },
    {
      "type": "Feature",
      "geometry": {
        "type": "LineString",
        "coordinates": [
          [
            77.625959,
            12.974064
          ],
          [
            77.626166,
            12.973739
          ]
        ]
      },
      "properties": {
        "id": "RE-00167",
        "name": "Cambridge Road",
        "highway": "primary",
        "length_m": 42.53,
        "elevation_m": 901.91,
        "maxspeed_kmh": 50
      }
    },
    {
      "type": "Feature",
      "geometry": {
        "type": "LineString",
        "coordinates": [
          [
            77.626166,
            12.973739
          ],
          [
            77.625959,
            12.974064
          ]
        ]
      },
      "properties": {
        "id": "RE-00168",
        "name": "Cambridge Road",
        "highway": "primary",
        "length_m": 42.53,
        "elevation_m": 901.91,
        "maxspeed_kmh": 50
      }
    },
    {
      "type": "Feature",
      "geometry": {
        "type": "LineString",
        "coordinates": [
          [
            77.626166,
            12.973739
          ],
          [
            77.626219,
            12.973656
          ]
        ]
      },
      "properties": {
        "id": "RE-00169",
        "name": "Cambridge Road",
        "highway": "primary",
        "length_m": 10.87,
        "elevation_m": 901.91,
        "maxspeed_kmh": 50
      }
    },
    {
      "type": "Feature",
      "geometry": {
        "type": "LineString",
        "coordinates": [
          [
            77.626219,
            12.973656
          ],
          [
            77.626166,
            12.973739
          ]
        ]
      },
      "properties": {
        "id": "RE-00170",
        "name": "Cambridge Road",
        "highway": "primary",
        "length_m": 10.87,
        "elevation_m": 901.91,
        "maxspeed_kmh": 50
      }
    },
    {
      "type": "Feature",
      "geometry": {
        "type": "LineString",
        "coordinates": [
          [
            77.626219,
            12.973656
          ],
          [
            77.626241,
            12.973622
          ]
        ]
      },
      "properties": {
        "id": "RE-00171",
        "name": "Cambridge Road",
        "highway": "primary",
        "length_m": 5.0,
        "elevation_m": 901.91,
        "maxspeed_kmh": 50
      }
    },
    {
      "type": "Feature",
      "geometry": {
        "type": "LineString",
        "coordinates": [
          [
            77.626241,
            12.973622
          ],
          [
            77.626219,
            12.973656
          ]
        ]
      },
      "properties": {
        "id": "RE-00172",
        "name": "Cambridge Road",
        "highway": "primary",
        "length_m": 5.0,
        "elevation_m": 901.91,
        "maxspeed_kmh": 50
      }
    },
    {
      "type": "Feature",
      "geometry": {
        "type": "LineString",
        "coordinates": [
          [
            77.626241,
            12.973622
          ],
          [
            77.626477,
            12.97325
          ]
        ]
      },
      "properties": {
        "id": "RE-00173",
        "name": "Cambridge Road",
        "highway": "primary",
        "length_m": 48.63,
        "elevation_m": 901.85,
        "maxspeed_kmh": 50
      }
    },
    {
      "type": "Feature",
      "geometry": {
        "type": "LineString",
        "coordinates": [
          [
            77.626477,
            12.97325
          ],
          [
            77.626241,
            12.973622
          ]
        ]
      },
      "properties": {
        "id": "RE-00174",
        "name": "Cambridge Road",
        "highway": "primary",
        "length_m": 48.63,
        "elevation_m": 901.85,
        "maxspeed_kmh": 50
      }
    },
    {
      "type": "Feature",
      "geometry": {
        "type": "LineString",
        "coordinates": [
          [
            77.626477,
            12.97325
          ],
          [
            77.626564,
            12.973114
          ]
        ]
      },
      "properties": {
        "id": "RE-00175",
        "name": "Cambridge Road",
        "highway": "primary",
        "length_m": 17.82,
        "elevation_m": 901.57,
        "maxspeed_kmh": 50
      }
    },
    {
      "type": "Feature",
      "geometry": {
        "type": "LineString",
        "coordinates": [
          [
            77.626564,
            12.973114
          ],
          [
            77.626477,
            12.97325
          ]
        ]
      },
      "properties": {
        "id": "RE-00176",
        "name": "Cambridge Road",
        "highway": "primary",
        "length_m": 17.82,
        "elevation_m": 901.57,
        "maxspeed_kmh": 50
      }
    },
    {
      "type": "Feature",
      "geometry": {
        "type": "LineString",
        "coordinates": [
          [
            77.626564,
            12.973114
          ],
          [
            77.626689,
            12.972918
          ]
        ]
      },
      "properties": {
        "id": "RE-00177",
        "name": "Cambridge Road",
        "highway": "primary",
        "length_m": 25.66,
        "elevation_m": 901.38,
        "maxspeed_kmh": 50
      }
    },
    {
      "type": "Feature",
      "geometry": {
        "type": "LineString",
        "coordinates": [
          [
            77.626689,
            12.972918
          ],
          [
            77.626564,
            12.973114
          ]
        ]
      },
      "properties": {
        "id": "RE-00178",
        "name": "Cambridge Road",
        "highway": "primary",
        "length_m": 25.66,
        "elevation_m": 901.38,
        "maxspeed_kmh": 50
      }
    },
    {
      "type": "Feature",
      "geometry": {
        "type": "LineString",
        "coordinates": [
          [
            77.626689,
            12.972918
          ],
          [
            77.626751,
            12.972807
          ]
        ]
      },
      "properties": {
        "id": "RE-00179",
        "name": "Cambridge Road",
        "highway": "primary",
        "length_m": 14.05,
        "elevation_m": 901.38,
        "maxspeed_kmh": 50
      }
    },
    {
      "type": "Feature",
      "geometry": {
        "type": "LineString",
        "coordinates": [
          [
            77.626751,
            12.972807
          ],
          [
            77.626689,
            12.972918
          ]
        ]
      },
      "properties": {
        "id": "RE-00180",
        "name": "Cambridge Road",
        "highway": "primary",
        "length_m": 14.05,
        "elevation_m": 901.38,
        "maxspeed_kmh": 50
      }
    },
    {
      "type": "Feature",
      "geometry": {
        "type": "LineString",
        "coordinates": [
          [
            77.626751,
            12.972807
          ],
          [
            77.626799,
            12.97273
          ],
          [
            77.626968,
            12.972455
          ],
          [
            77.627242,
            12.972009
          ],
          [
            77.627343,
            12.971843
          ],
          [
            77.627396,
            12.971758
          ],
          [
            77.627463,
            12.971648
          ],
          [
            77.627491,
            12.971603
          ],
          [
            77.627556,
            12.971498
          ],
          [
            77.627736,
            12.971205
          ],
          [
            77.6278,
            12.971099
          ],
          [
            77.627821,
            12.971065
          ],
          [
            77.627931,
            12.970886
          ],
          [
            77.628056,
            12.970683
          ],
          [
            77.628096,
            12.970617
          ],
          [
            77.628131,
            12.970561
          ],
          [
            77.628382,
            12.970152
          ],
          [
            77.62845,
            12.970041
          ],
          [
            77.628636,
            12.969738
          ],
          [
            77.628975,
            12.969186
          ]
        ]
      },
      "properties": {
        "id": "RE-00181",
        "name": "Cambridge Road",
        "highway": "primary",
        "length_m": 469.25,
        "elevation_m": 897.8,
        "maxspeed_kmh": 50
      }
    },
    {
      "type": "Feature",
      "geometry": {
        "type": "LineString",
        "coordinates": [
          [
            77.626751,
            12.972807
          ],
          [
            77.626412,
            12.972614
          ],
          [
            77.62623,
            12.97251
          ],
          [
            77.62543,
            12.972056
          ],
          [
            77.625238,
            12.97195
          ]
        ]
      },
      "properties": {
        "id": "RE-00182",
        "name": "1st Main Road",
        "highway": "primary",
        "length_m": 189.63,
        "elevation_m": 902.35,
        "maxspeed_kmh": 50
      }
    },
    {
      "type": "Feature",
      "geometry": {
        "type": "LineString",
        "coordinates": [
          [
            77.628975,
            12.969186
          ],
          [
            77.628636,
            12.969738
          ],
          [
            77.62845,
            12.970041
          ],
          [
            77.628382,
            12.970152
          ],
          [
            77.628131,
            12.970561
          ],
          [
            77.628096,
            12.970617
          ],
          [
            77.628056,
            12.970683
          ],
          [
            77.627931,
            12.970886
          ],
          [
            77.627821,
            12.971065
          ],
          [
            77.6278,
            12.971099
          ],
          [
            77.627736,
            12.971205
          ],
          [
            77.627556,
            12.971498
          ],
          [
            77.627491,
            12.971603
          ],
          [
            77.627463,
            12.971648
          ],
          [
            77.627396,
            12.971758
          ],
          [
            77.627343,
            12.971843
          ],
          [
            77.627242,
            12.972009
          ],
          [
            77.626968,
            12.972455
          ],
          [
            77.626799,
            12.97273
          ],
          [
            77.626751,
            12.972807
          ]
        ]
      },
      "properties": {
        "id": "RE-00183",
        "name": "Cambridge Road",
        "highway": "primary",
        "length_m": 469.25,
        "elevation_m": 897.8,
        "maxspeed_kmh": 50
      }
    },
    {
      "type": "Feature",
      "geometry": {
        "type": "LineString",
        "coordinates": [
          [
            77.628975,
            12.969186
          ],
          [
            77.62901,
            12.969197
          ],
          [
            77.629127,
            12.969234
          ],
          [
            77.629644,
            12.969411
          ],
          [
            77.630356,
            12.969656
          ],
          [
            77.630537,
            12.969718
          ],
          [
            77.630793,
            12.969805
          ],
          [
            77.631083,
            12.969905
          ],
          [
            77.631405,
            12.970015
          ],
          [
            77.631743,
            12.970131
          ],
          [
            77.632063,
            12.970241
          ],
          [
            77.63241,
            12.970351
          ],
          [
            77.63272,
            12.970443
          ],
          [
            77.633393,
            12.970644
          ],
          [
            77.633803,
            12.970766
          ],
          [
            77.633964,
            12.970828
          ],
          [
            77.634026,
            12.970851
          ]
        ]
      },
      "properties": {
        "id": "RE-00184",
        "name": "Sai Baba Mandira Road",
        "highway": "primary",
        "length_m": 577.91,
        "elevation_m": 890.95,
        "maxspeed_kmh": 50
      }
    },
    {
      "type": "Feature",
      "geometry": {
        "type": "LineString",
        "coordinates": [
          [
            77.634026,
            12.970851
          ],
          [
            77.633964,
            12.970828
          ],
          [
            77.633803,
            12.970766
          ],
          [
            77.633393,
            12.970644
          ],
          [
            77.63272,
            12.970443
          ],
          [
            77.63241,
            12.970351
          ],
          [
            77.632063,
            12.970241
          ],
          [
            77.631743,
            12.970131
          ],
          [
            77.631405,
            12.970015
          ],
          [
            77.631083,
            12.969905
          ],
          [
            77.630793,
            12.969805
          ],
          [
            77.630537,
            12.969718
          ],
          [
            77.630356,
            12.969656
          ],
          [
            77.629644,
            12.969411
          ],
          [
            77.629127,
            12.969234
          ],
          [
            77.62901,
            12.969197
          ],
          [
            77.628975,
            12.969186
          ]
        ]
      },
      "properties": {
        "id": "RE-00185",
        "name": "Sai Baba Mandira Road",
        "highway": "primary",
        "length_m": 577.91,
        "elevation_m": 890.95,
        "maxspeed_kmh": 50
      }
    },
    {
      "type": "Feature",
      "geometry": {
        "type": "LineString",
        "coordinates": [
          [
            77.634026,
            12.970851
          ],
          [
            77.634286,
            12.970966
          ],
          [
            77.634912,
            12.971246
          ],
          [
            77.635191,
            12.971366
          ],
          [
            77.635816,
            12.971624
          ],
          [
            77.635939,
            12.971675
          ]
        ]
      },
      "properties": {
        "id": "RE-00186",
        "name": "7th Main Road",
        "highway": "primary",
        "length_m": 226.65,
        "elevation_m": 888.83,
        "maxspeed_kmh": 50
      }
    },
    {
      "type": "Feature",
      "geometry": {
        "type": "LineString",
        "coordinates": [
          [
            77.635939,
            12.971675
          ],
          [
            77.635816,
            12.971624
          ],
          [
            77.635191,
            12.971366
          ],
          [
            77.634912,
            12.971246
          ],
          [
            77.634286,
            12.970966
          ],
          [
            77.634026,
            12.970851
          ]
        ]
      },
      "properties": {
        "id": "RE-00187",
        "name": "7th Main Road",
        "highway": "primary",
        "length_m": 226.65,
        "elevation_m": 888.83,
        "maxspeed_kmh": 50
      }
    },
    {
      "type": "Feature",
      "geometry": {
        "type": "LineString",
        "coordinates": [
          [
            77.635939,
            12.971675
          ],
          [
            77.635981,
            12.971694
          ],
          [
            77.636029,
            12.971715
          ],
          [
            77.636214,
            12.971795
          ],
          [
            77.6368,
            12.97205
          ],
          [
            77.636974,
            12.972128
          ],
          [
            77.637267,
            12.97226
          ],
          [
            77.637448,
            12.972342
          ],
          [
            77.637607,
            12.972392
          ],
          [
            77.637907,
            12.9725
          ],
          [
            77.63801,
            12.972523
          ],
          [
            77.638286,
            12.972555
          ],
          [
            77.638637,
            12.972571
          ],
          [
            77.638816,
            12.972582
          ],
          [
            77.639081,
            12.972597
          ],
          [
            77.639336,
            12.972601
          ],
          [
            77.639587,
            12.972605
          ],
          [
            77.639855,
            12.972613
          ],
          [
            77.640011,
            12.972614
          ],
          [
            77.640297,
            12.97262
          ]
        ]
      },
      "properties": {
        "id": "RE-00188",
        "name": "Sai Baba Mandira Road",
        "highway": "primary",
        "length_m": 491.94,
        "elevation_m": 896.08,
        "maxspeed_kmh": 50
      }
    },
    {
      "type": "Feature",
      "geometry": {
        "type": "LineString",
        "coordinates": [
          [
            77.640297,
            12.97262
          ],
          [
            77.640011,
            12.972614
          ],
          [
            77.639855,
            12.972613
          ],
          [
            77.639587,
            12.972605
          ],
          [
            77.639336,
            12.972601
          ],
          [
            77.639081,
            12.972597
          ],
          [
            77.638816,
            12.972582
          ],
          [
            77.638637,
            12.972571
          ],
          [
            77.638286,
            12.972555
          ],
          [
            77.63801,
            12.972523
          ],
          [
            77.637907,
            12.9725
          ],
          [
            77.637607,
            12.972392
          ],
          [
            77.637448,
            12.972342
          ],
          [
            77.637267,
            12.97226
          ],
          [
            77.636974,
            12.972128
          ],
          [
            77.6368,
            12.97205
          ],
          [
            77.636214,
            12.971795
          ],
          [
            77.636029,
            12.971715
          ],
          [
            77.635981,
            12.971694
          ],
          [
            77.635939,
            12.971675
          ]
        ]
      },
      "properties": {
        "id": "RE-00189",
        "name": "Sai Baba Mandira Road",
        "highway": "primary",
        "length_m": 491.94,
        "elevation_m": 896.08,
        "maxspeed_kmh": 50
      }
    },
    {
      "type": "Feature",
      "geometry": {
        "type": "LineString",
        "coordinates": [
          [
            77.640297,
            12.97262
          ],
          [
            77.640276,
            12.973382
          ]
        ]
      },
      "properties": {
        "id": "RE-00190",
        "name": "1st Cross Road",
        "highway": "primary",
        "length_m": 84.76,
        "elevation_m": 902.52,
        "maxspeed_kmh": 50
      }
    },
    {
      "type": "Feature",
      "geometry": {
        "type": "LineString",
        "coordinates": [
          [
            77.640276,
            12.973382
          ],
          [
            77.640297,
            12.97262
          ]
        ]
      },
      "properties": {
        "id": "RE-00191",
        "name": "1st Cross Road",
        "highway": "primary",
        "length_m": 84.76,
        "elevation_m": 902.52,
        "maxspeed_kmh": 50
      }
    },
    {
      "type": "Feature",
      "geometry": {
        "type": "LineString",
        "coordinates": [
          [
            77.640276,
            12.973382
          ],
          [
            77.640466,
            12.97339
          ]
        ]
      },
      "properties": {
        "id": "RE-00192",
        "name": "6th Main Road",
        "highway": "primary",
        "length_m": 20.61,
        "elevation_m": 903.09,
        "maxspeed_kmh": 50
      }
    },
    {
      "type": "Feature",
      "geometry": {
        "type": "LineString",
        "coordinates": [
          [
            77.640466,
            12.97339
          ],
          [
            77.640276,
            12.973382
          ]
        ]
      },
      "properties": {
        "id": "RE-00193",
        "name": "6th Main Road",
        "highway": "primary",
        "length_m": 20.61,
        "elevation_m": 903.09,
        "maxspeed_kmh": 50
      }
    },
    {
      "type": "Feature",
      "geometry": {
        "type": "LineString",
        "coordinates": [
          [
            77.640466,
            12.97339
          ],
          [
            77.640466,
            12.97339
          ]
        ]
      },
      "properties": {
        "id": "RE-00194",
        "name": "6th Main Road",
        "highway": "primary",
        "length_m": 5.0,
        "elevation_m": 903.09,
        "maxspeed_kmh": 50
      }
    },
    {
      "type": "Feature",
      "geometry": {
        "type": "LineString",
        "coordinates": [
          [
            77.640466,
            12.97339
          ],
          [
            77.641001,
            12.973412
          ],
          [
            77.641056,
            12.973414
          ]
        ]
      },
      "properties": {
        "id": "RE-00195",
        "name": "6th Main Road",
        "highway": "primary",
        "length_m": 63.99,
        "elevation_m": 903.38,
        "maxspeed_kmh": 50
      }
    },
    {
      "type": "Feature",
      "geometry": {
        "type": "LineString",
        "coordinates": [
          [
            77.640466,
            12.97339
          ],
          [
            77.6404672,
            12.9732913
          ]
        ]
      },
      "properties": {
        "id": "RE-00196",
        "name": "Destination Access",
        "highway": "residential",
        "length_m": 11.0,
        "elevation_m": 903.085693359375,
        "maxspeed_kmh": 25
      }
    },
    {
      "type": "Feature",
      "geometry": {
        "type": "LineString",
        "coordinates": [
          [
            77.625491,
            12.975175
          ],
          [
            77.625296,
            12.97505
          ]
        ]
      },
      "properties": {
        "id": "RE-00197",
        "name": "Swamy Vivekananda Road",
        "highway": "primary",
        "length_m": 25.29,
        "elevation_m": 898.72,
        "maxspeed_kmh": 50
      }
    },
    {
      "type": "Feature",
      "geometry": {
        "type": "LineString",
        "coordinates": [
          [
            77.625491,
            12.975175
          ],
          [
            77.625609,
            12.975252
          ]
        ]
      },
      "properties": {
        "id": "RE-00198",
        "name": "Swamy Vivekananda Road",
        "highway": "primary",
        "length_m": 15.39,
        "elevation_m": 898.8,
        "maxspeed_kmh": 50
      }
    },
    {
      "type": "Feature",
      "geometry": {
        "type": "LineString",
        "coordinates": [
          [
            77.625609,
            12.975252
          ],
          [
            77.625491,
            12.975175
          ]
        ]
      },
      "properties": {
        "id": "RE-00199",
        "name": "Swamy Vivekananda Road",
        "highway": "primary",
        "length_m": 15.39,
        "elevation_m": 898.8,
        "maxspeed_kmh": 50
      }
    },
    {
      "type": "Feature",
      "geometry": {
        "type": "LineString",
        "coordinates": [
          [
            77.625609,
            12.975252
          ],
          [
            77.625694,
            12.975304
          ]
        ]
      },
      "properties": {
        "id": "RE-00200",
        "name": "Swamy Vivekananda Road",
        "highway": "primary",
        "length_m": 10.87,
        "elevation_m": 898.8,
        "maxspeed_kmh": 50
      }
    },
    {
      "type": "Feature",
      "geometry": {
        "type": "LineString",
        "coordinates": [
          [
            77.625694,
            12.975304
          ],
          [
            77.625609,
            12.975252
          ]
        ]
      },
      "properties": {
        "id": "RE-00201",
        "name": "Swamy Vivekananda Road",
        "highway": "primary",
        "length_m": 10.87,
        "elevation_m": 898.8,
        "maxspeed_kmh": 50
      }
    },
    {
      "type": "Feature",
      "geometry": {
        "type": "LineString",
        "coordinates": [
          [
            77.625694,
            12.975304
          ],
          [
            77.625877,
            12.975461
          ]
        ]
      },
      "properties": {
        "id": "RE-00202",
        "name": "Swamy Vivekananda Road",
        "highway": "primary",
        "length_m": 26.42,
        "elevation_m": 898.3,
        "maxspeed_kmh": 50
      }
    },
    {
      "type": "Feature",
      "geometry": {
        "type": "LineString",
        "coordinates": [
          [
            77.625877,
            12.975461
          ],
          [
            77.625694,
            12.975304
          ]
        ]
      },
      "properties": {
        "id": "RE-00203",
        "name": "Swamy Vivekananda Road",
        "highway": "primary",
        "length_m": 26.42,
        "elevation_m": 898.3,
        "maxspeed_kmh": 50
      }
    },
    {
      "type": "Feature",
      "geometry": {
        "type": "LineString",
        "coordinates": [
          [
            77.625877,
            12.975461
          ],
          [
            77.626098,
            12.975712
          ]
        ]
      },
      "properties": {
        "id": "RE-00204",
        "name": "Swamy Vivekananda Road",
        "highway": "primary",
        "length_m": 36.78,
        "elevation_m": 897.8,
        "maxspeed_kmh": 50
      }
    },
    {
      "type": "Feature",
      "geometry": {
        "type": "LineString",
        "coordinates": [
          [
            77.626098,
            12.975712
          ],
          [
            77.625877,
            12.975461
          ]
        ]
      },
      "properties": {
        "id": "RE-00205",
        "name": "Swamy Vivekananda Road",
        "highway": "primary",
        "length_m": 36.78,
        "elevation_m": 897.8,
        "maxspeed_kmh": 50
      }
    },
    {
      "type": "Feature",
      "geometry": {
        "type": "LineString",
        "coordinates": [
          [
            77.626098,
            12.975712
          ],
          [
            77.626313,
            12.976006
          ]
        ]
      },
      "properties": {
        "id": "RE-00206",
        "name": "Swamy Vivekananda Road",
        "highway": "primary",
        "length_m": 40.14,
        "elevation_m": 897.04,
        "maxspeed_kmh": 50
      }
    },
    {
      "type": "Feature",
      "geometry": {
        "type": "LineString",
        "coordinates": [
          [
            77.626313,
            12.976006
          ],
          [
            77.626098,
            12.975712
          ]
        ]
      },
      "properties": {
        "id": "RE-00207",
        "name": "Swamy Vivekananda Road",
        "highway": "primary",
        "length_m": 40.14,
        "elevation_m": 897.04,
        "maxspeed_kmh": 50
      }
    },
    {
      "type": "Feature",
      "geometry": {
        "type": "LineString",
        "coordinates": [
          [
            77.626313,
            12.976006
          ],
          [
            77.626659,
            12.976474
          ]
        ]
      },
      "properties": {
        "id": "RE-00208",
        "name": "Swamy Vivekananda Road",
        "highway": "primary",
        "length_m": 64.14,
        "elevation_m": 895.85,
        "maxspeed_kmh": 50
      }
    },
    {
      "type": "Feature",
      "geometry": {
        "type": "LineString",
        "coordinates": [
          [
            77.626659,
            12.976474
          ],
          [
            77.626313,
            12.976006
          ]
        ]
      },
      "properties": {
        "id": "RE-00209",
        "name": "Swamy Vivekananda Road",
        "highway": "primary",
        "length_m": 64.14,
        "elevation_m": 895.85,
        "maxspeed_kmh": 50
      }
    },
    {
      "type": "Feature",
      "geometry": {
        "type": "LineString",
        "coordinates": [
          [
            77.626659,
            12.976474
          ],
          [
            77.626748,
            12.976595
          ]
        ]
      },
      "properties": {
        "id": "RE-00210",
        "name": "Swamy Vivekananda Road",
        "highway": "primary",
        "length_m": 16.55,
        "elevation_m": 895.85,
        "maxspeed_kmh": 50
      }
    },
    {
      "type": "Feature",
      "geometry": {
        "type": "LineString",
        "coordinates": [
          [
            77.626748,
            12.976595
          ],
          [
            77.626659,
            12.976474
          ]
        ]
      },
      "properties": {
        "id": "RE-00211",
        "name": "Swamy Vivekananda Road",
        "highway": "primary",
        "length_m": 16.55,
        "elevation_m": 895.85,
        "maxspeed_kmh": 50
      }
    },
    {
      "type": "Feature",
      "geometry": {
        "type": "LineString",
        "coordinates": [
          [
            77.626748,
            12.976595
          ],
          [
            77.626951,
            12.977003
          ]
        ]
      },
      "properties": {
        "id": "RE-00212",
        "name": "Swamy Vivekananda Road",
        "highway": "primary",
        "length_m": 50.42,
        "elevation_m": 894.75,
        "maxspeed_kmh": 50
      }
    },
    {
      "type": "Feature",
      "geometry": {
        "type": "LineString",
        "coordinates": [
          [
            77.626951,
            12.977003
          ],
          [
            77.626748,
            12.976595
          ]
        ]
      },
      "properties": {
        "id": "RE-00213",
        "name": "Swamy Vivekananda Road",
        "highway": "primary",
        "length_m": 50.42,
        "elevation_m": 894.75,
        "maxspeed_kmh": 50
      }
    },
    {
      "type": "Feature",
      "geometry": {
        "type": "LineString",
        "coordinates": [
          [
            77.626951,
            12.977003
          ],
          [
            77.627136,
            12.977268
          ]
        ]
      },
      "properties": {
        "id": "RE-00214",
        "name": "Swamy Vivekananda Road",
        "highway": "primary",
        "length_m": 35.64,
        "elevation_m": 894.17,
        "maxspeed_kmh": 50
      }
    },
    {
      "type": "Feature",
      "geometry": {
        "type": "LineString",
        "coordinates": [
          [
            77.627136,
            12.977268
          ],
          [
            77.626951,
            12.977003
          ]
        ]
      },
      "properties": {
        "id": "RE-00215",
        "name": "Swamy Vivekananda Road",
        "highway": "primary",
        "length_m": 35.64,
        "elevation_m": 894.17,
        "maxspeed_kmh": 50
      }
    },
    {
      "type": "Feature",
      "geometry": {
        "type": "LineString",
        "coordinates": [
          [
            77.627136,
            12.977268
          ],
          [
            77.627275,
            12.977468
          ]
        ]
      },
      "properties": {
        "id": "RE-00216",
        "name": "Swamy Vivekananda Road",
        "highway": "primary",
        "length_m": 26.86,
        "elevation_m": 893.75,
        "maxspeed_kmh": 50
      }
    },
    {
      "type": "Feature",
      "geometry": {
        "type": "LineString",
        "coordinates": [
          [
            77.627275,
            12.977468
          ],
          [
            77.627136,
            12.977268
          ]
        ]
      },
      "properties": {
        "id": "RE-00217",
        "name": "Swamy Vivekananda Road",
        "highway": "primary",
        "length_m": 26.86,
        "elevation_m": 893.75,
        "maxspeed_kmh": 50
      }
    },
    {
      "type": "Feature",
      "geometry": {
        "type": "LineString",
        "coordinates": [
          [
            77.627275,
            12.977468
          ],
          [
            77.627353,
            12.97753
          ]
        ]
      },
      "properties": {
        "id": "RE-00218",
        "name": "Swamy Vivekananda Road",
        "highway": "primary",
        "length_m": 10.91,
        "elevation_m": 893.75,
        "maxspeed_kmh": 50
      }
    },
    {
      "type": "Feature",
      "geometry": {
        "type": "LineString",
        "coordinates": [
          [
            77.627353,
            12.97753
          ],
          [
            77.627275,
            12.977468
          ]
        ]
      },
      "properties": {
        "id": "RE-00219",
        "name": "Swamy Vivekananda Road",
        "highway": "primary",
        "length_m": 10.91,
        "elevation_m": 893.75,
        "maxspeed_kmh": 50
      }
    },
    {
      "type": "Feature",
      "geometry": {
        "type": "LineString",
        "coordinates": [
          [
            77.627353,
            12.97753
          ],
          [
            77.62737,
            12.977543
          ]
        ]
      },
      "properties": {
        "id": "RE-00220",
        "name": "Swamy Vivekananda Road",
        "highway": "primary",
        "length_m": 5.0,
        "elevation_m": 893.64,
        "maxspeed_kmh": 50
      }
    },
    {
      "type": "Feature",
      "geometry": {
        "type": "LineString",
        "coordinates": [
          [
            77.62737,
            12.977543
          ],
          [
            77.627353,
            12.97753
          ]
        ]
      },
      "properties": {
        "id": "RE-00221",
        "name": "Swamy Vivekananda Road",
        "highway": "primary",
        "length_m": 5.0,
        "elevation_m": 893.64,
        "maxspeed_kmh": 50
      }
    },
    {
      "type": "Feature",
      "geometry": {
        "type": "LineString",
        "coordinates": [
          [
            77.62737,
            12.977543
          ],
          [
            77.627575,
            12.97765
          ]
        ]
      },
      "properties": {
        "id": "RE-00222",
        "name": "Swamy Vivekananda Road",
        "highway": "primary",
        "length_m": 25.2,
        "elevation_m": 893.64,
        "maxspeed_kmh": 50
      }
    },
    {
      "type": "Feature",
      "geometry": {
        "type": "LineString",
        "coordinates": [
          [
            77.627575,
            12.97765
          ],
          [
            77.62737,
            12.977543
          ]
        ]
      },
      "properties": {
        "id": "RE-00223",
        "name": "Swamy Vivekananda Road",
        "highway": "primary",
        "length_m": 25.2,
        "elevation_m": 893.64,
        "maxspeed_kmh": 50
      }
    },
    {
      "type": "Feature",
      "geometry": {
        "type": "LineString",
        "coordinates": [
          [
            77.627575,
            12.97765
          ],
          [
            77.627994,
            12.977845
          ]
        ]
      },
      "properties": {
        "id": "RE-00224",
        "name": "Swamy Vivekananda Road",
        "highway": "primary",
        "length_m": 50.31,
        "elevation_m": 893.07,
        "maxspeed_kmh": 50
      }
    },
    {
      "type": "Feature",
      "geometry": {
        "type": "LineString",
        "coordinates": [
          [
            77.627994,
            12.977845
          ],
          [
            77.627575,
            12.97765
          ]
        ]
      },
      "properties": {
        "id": "RE-00225",
        "name": "Swamy Vivekananda Road",
        "highway": "primary",
        "length_m": 50.31,
        "elevation_m": 893.07,
        "maxspeed_kmh": 50
      }
    },
    {
      "type": "Feature",
      "geometry": {
        "type": "LineString",
        "coordinates": [
          [
            77.627994,
            12.977845
          ],
          [
            77.628238,
            12.977976
          ]
        ]
      },
      "properties": {
        "id": "RE-00226",
        "name": "Swamy Vivekananda Road",
        "highway": "primary",
        "length_m": 30.19,
        "elevation_m": 892.65,
        "maxspeed_kmh": 50
      }
    },
    {
      "type": "Feature",
      "geometry": {
        "type": "LineString",
        "coordinates": [
          [
            77.628238,
            12.977976
          ],
          [
            77.627994,
            12.977845
          ]
        ]
      },
      "properties": {
        "id": "RE-00227",
        "name": "Swamy Vivekananda Road",
        "highway": "primary",
        "length_m": 30.19,
        "elevation_m": 892.65,
        "maxspeed_kmh": 50
      }
    },
    {
      "type": "Feature",
      "geometry": {
        "type": "LineString",
        "coordinates": [
          [
            77.628238,
            12.977976
          ],
          [
            77.62836,
            12.978087
          ]
        ]
      },
      "properties": {
        "id": "RE-00228",
        "name": "Swamy Vivekananda Road",
        "highway": "primary",
        "length_m": 18.09,
        "elevation_m": 892.65,
        "maxspeed_kmh": 50
      }
    },
    {
      "type": "Feature",
      "geometry": {
        "type": "LineString",
        "coordinates": [
          [
            77.62836,
            12.978087
          ],
          [
            77.628238,
            12.977976
          ]
        ]
      },
      "properties": {
        "id": "RE-00229",
        "name": "Swamy Vivekananda Road",
        "highway": "primary",
        "length_m": 18.09,
        "elevation_m": 892.65,
        "maxspeed_kmh": 50
      }
    },
    {
      "type": "Feature",
      "geometry": {
        "type": "LineString",
        "coordinates": [
          [
            77.62836,
            12.978087
          ],
          [
            77.628507,
            12.978258
          ]
        ]
      },
      "properties": {
        "id": "RE-00230",
        "name": "Swamy Vivekananda Road",
        "highway": "primary",
        "length_m": 24.8,
        "elevation_m": 892.82,
        "maxspeed_kmh": 50
      }
    },
    {
      "type": "Feature",
      "geometry": {
        "type": "LineString",
        "coordinates": [
          [
            77.628507,
            12.978258
          ],
          [
            77.62836,
            12.978087
          ]
        ]
      },
      "properties": {
        "id": "RE-00231",
        "name": "Swamy Vivekananda Road",
        "highway": "primary",
        "length_m": 24.8,
        "elevation_m": 892.82,
        "maxspeed_kmh": 50
      }
    },
    {
      "type": "Feature",
      "geometry": {
        "type": "LineString",
        "coordinates": [
          [
            77.628507,
            12.978258
          ],
          [
            77.628621,
            12.978382
          ]
        ]
      },
      "properties": {
        "id": "RE-00232",
        "name": "Swamy Vivekananda Road",
        "highway": "primary",
        "length_m": 18.51,
        "elevation_m": 892.82,
        "maxspeed_kmh": 50
      }
    },
    {
      "type": "Feature",
      "geometry": {
        "type": "LineString",
        "coordinates": [
          [
            77.628621,
            12.978382
          ],
          [
            77.628507,
            12.978258
          ]
        ]
      },
      "properties": {
        "id": "RE-00233",
        "name": "Swamy Vivekananda Road",
        "highway": "primary",
        "length_m": 18.51,
        "elevation_m": 892.82,
        "maxspeed_kmh": 50
      }
    },
    {
      "type": "Feature",
      "geometry": {
        "type": "LineString",
        "coordinates": [
          [
            77.628621,
            12.978382
          ],
          [
            77.628659,
            12.978425
          ]
        ]
      },
      "properties": {
        "id": "RE-00234",
        "name": "Swamy Vivekananda Road",
        "highway": "primary",
        "length_m": 6.31,
        "elevation_m": 892.82,
        "maxspeed_kmh": 50
      }
    },
    {
      "type": "Feature",
      "geometry": {
        "type": "LineString",
        "coordinates": [
          [
            77.628659,
            12.978425
          ],
          [
            77.628621,
            12.978382
          ]
        ]
      },
      "properties": {
        "id": "RE-00235",
        "name": "Swamy Vivekananda Road",
        "highway": "primary",
        "length_m": 6.31,
        "elevation_m": 892.82,
        "maxspeed_kmh": 50
      }
    },
    {
      "type": "Feature",
      "geometry": {
        "type": "LineString",
        "coordinates": [
          [
            77.628659,
            12.978425
          ],
          [
            77.628811,
            12.978466
          ]
        ]
      },
      "properties": {
        "id": "RE-00236",
        "name": "Chinmaya Mission Hospital Road",
        "highway": "primary",
        "length_m": 17.09,
        "elevation_m": 893.33,
        "maxspeed_kmh": 50
      }
    },
    {
      "type": "Feature",
      "geometry": {
        "type": "LineString",
        "coordinates": [
          [
            77.628659,
            12.978425
          ],
          [
            77.628839,
            12.978659
          ],
          [
            77.629107,
            12.979019
          ],
          [
            77.629663,
            12.979781
          ],
          [
            77.629949,
            12.98016
          ],
          [
            77.630199,
            12.980494
          ],
          [
            77.630257,
            12.980571
          ],
          [
            77.630358,
            12.980689
          ],
          [
            77.630545,
            12.980881
          ],
          [
            77.63081,
            12.981152
          ],
          [
            77.63096,
            12.981284
          ],
          [
            77.631129,
            12.981432
          ],
          [
            77.631196,
            12.9815
          ],
          [
            77.63134,
            12.98162
          ],
          [
            77.631432,
            12.981701
          ],
          [
            77.631618,
            12.981843
          ],
          [
            77.632152,
            12.982162
          ],
          [
            77.632614,
            12.982318
          ],
          [
            77.633342,
            12.982402
          ],
          [
            77.633739,
            12.982447
          ],
          [
            77.633813,
            12.982455
          ],
          [
            77.6341,
            12.982485
          ],
          [
            77.634728,
            12.98255
          ],
          [
            77.634841,
            12.982562
          ],
          [
            77.636299,
            12.982681
          ],
          [
            77.636792,
            12.982777
          ],
          [
            77.63735,
            12.982937
          ],
          [
            77.637371,
            12.982942
          ],
          [
            77.637426,
            12.982959
          ],
          [
            77.637438,
            12.982962
          ],
          [
            77.637496,
            12.982984
          ],
          [
            77.637897,
            12.983134
          ],
          [
            77.638171,
            12.983237
          ],
          [
            77.639689,
            12.983804
          ],
          [
            77.640287,
            12.984025
          ],
          [
            77.64052,
            12.984122
          ],
          [
            77.640595,
            12.984151
          ],
          [
            77.642448,
            12.984809
          ],
          [
            77.642465,
            12.984815
          ],
          [
            77.643166,
            12.98509
          ],
          [
            77.644113,
            12.985466
          ],
          [
            77.644576,
            12.985631
          ],
          [
            77.644936,
            12.985766
          ],
          [
            77.64495,
            12.985771
          ],
          [
            77.644994,
            12.985788
          ]
        ]
      },
      "properties": {
        "id": "RE-00237",
        "name": "Swamy Vivekananda Road",
        "highway": "primary",
        "length_m": 2026.22,
        "elevation_m": 893.78,
        "maxspeed_kmh": 50
      }
    },
    {
      "type": "Feature",
      "geometry": {
        "type": "LineString",
        "coordinates": [
          [
            77.628811,
            12.978466
          ],
          [
            77.628659,
            12.978425
          ]
        ]
      },
      "properties": {
        "id": "RE-00238",
        "name": "Chinmaya Mission Hospital Road",
        "highway": "primary",
        "length_m": 17.09,
        "elevation_m": 893.33,
        "maxspeed_kmh": 50
      }
    },
    {
      "type": "Feature",
      "geometry": {
        "type": "LineString",
        "coordinates": [
          [
            77.628811,
            12.978466
          ],
          [
            77.62895,
            12.978494
          ]
        ]
      },
      "properties": {
        "id": "RE-00239",
        "name": "Chinmaya Mission Hospital Road",
        "highway": "primary",
        "length_m": 15.38,
        "elevation_m": 893.33,
        "maxspeed_kmh": 50
      }
    },
    {
      "type": "Feature",
      "geometry": {
        "type": "LineString",
        "coordinates": [
          [
            77.62895,
            12.978494
          ],
          [
            77.628811,
            12.978466
          ]
        ]
      },
      "properties": {
        "id": "RE-00240",
        "name": "Chinmaya Mission Hospital Road",
        "highway": "primary",
        "length_m": 15.38,
        "elevation_m": 893.33,
        "maxspeed_kmh": 50
      }
    },
    {
      "type": "Feature",
      "geometry": {
        "type": "LineString",
        "coordinates": [
          [
            77.62895,
            12.978494
          ],
          [
            77.629539,
            12.978477
          ]
        ]
      },
      "properties": {
        "id": "RE-00241",
        "name": "Chinmaya Mission Hospital Road",
        "highway": "primary",
        "length_m": 63.85,
        "elevation_m": 893.43,
        "maxspeed_kmh": 50
      }
    },
    {
      "type": "Feature",
      "geometry": {
        "type": "LineString",
        "coordinates": [
          [
            77.629539,
            12.978477
          ],
          [
            77.62895,
            12.978494
          ]
        ]
      },
      "properties": {
        "id": "RE-00242",
        "name": "Chinmaya Mission Hospital Road",
        "highway": "primary",
        "length_m": 63.85,
        "elevation_m": 893.43,
        "maxspeed_kmh": 50
      }
    },
    {
      "type": "Feature",
      "geometry": {
        "type": "LineString",
        "coordinates": [
          [
            77.629539,
            12.978477
          ],
          [
            77.629728,
            12.97846
          ]
        ]
      },
      "properties": {
        "id": "RE-00243",
        "name": "Chinmaya Mission Hospital Road",
        "highway": "primary",
        "length_m": 20.57,
        "elevation_m": 893.43,
        "maxspeed_kmh": 50
      }
    },
    {
      "type": "Feature",
      "geometry": {
        "type": "LineString",
        "coordinates": [
          [
            77.629728,
            12.97846
          ],
          [
            77.629539,
            12.978477
          ]
        ]
      },
      "properties": {
        "id": "RE-00244",
        "name": "Chinmaya Mission Hospital Road",
        "highway": "primary",
        "length_m": 20.57,
        "elevation_m": 893.43,
        "maxspeed_kmh": 50
      }
    },
    {
      "type": "Feature",
      "geometry": {
        "type": "LineString",
        "coordinates": [
          [
            77.629728,
            12.97846
          ],
          [
            77.630026,
            12.978422
          ]
        ]
      },
      "properties": {
        "id": "RE-00245",
        "name": "Chinmaya Mission Hospital Road",
        "highway": "primary",
        "length_m": 32.56,
        "elevation_m": 892.71,
        "maxspeed_kmh": 50
      }
    },
    {
      "type": "Feature",
      "geometry": {
        "type": "LineString",
        "coordinates": [
          [
            77.630026,
            12.978422
          ],
          [
            77.629728,
            12.97846
          ]
        ]
      },
      "properties": {
        "id": "RE-00246",
        "name": "Chinmaya Mission Hospital Road",
        "highway": "primary",
        "length_m": 32.56,
        "elevation_m": 892.71,
        "maxspeed_kmh": 50
      }
    },
    {
      "type": "Feature",
      "geometry": {
        "type": "LineString",
        "coordinates": [
          [
            77.630026,
            12.978422
          ],
          [
            77.630302,
            12.978403
          ]
        ]
      },
      "properties": {
        "id": "RE-00247",
        "name": "Chinmaya Mission Hospital Road",
        "highway": "primary",
        "length_m": 29.98,
        "elevation_m": 892.69,
        "maxspeed_kmh": 50
      }
    },
    {
      "type": "Feature",
      "geometry": {
        "type": "LineString",
        "coordinates": [
          [
            77.630302,
            12.978403
          ],
          [
            77.630026,
            12.978422
          ]
        ]
      },
      "properties": {
        "id": "RE-00248",
        "name": "Chinmaya Mission Hospital Road",
        "highway": "primary",
        "length_m": 29.98,
        "elevation_m": 892.69,
        "maxspeed_kmh": 50
      }
    },
    {
      "type": "Feature",
      "geometry": {
        "type": "LineString",
        "coordinates": [
          [
            77.630302,
            12.978403
          ],
          [
            77.630593,
            12.978383
          ]
        ]
      },
      "properties": {
        "id": "RE-00249",
        "name": "Chinmaya Mission Hospital Road",
        "highway": "primary",
        "length_m": 31.61,
        "elevation_m": 892.67,
        "maxspeed_kmh": 50
      }
    },
    {
      "type": "Feature",
      "geometry": {
        "type": "LineString",
        "coordinates": [
          [
            77.630593,
            12.978383
          ],
          [
            77.630302,
            12.978403
          ]
        ]
      },
      "properties": {
        "id": "RE-00250",
        "name": "Chinmaya Mission Hospital Road",
        "highway": "primary",
        "length_m": 31.61,
        "elevation_m": 892.67,
        "maxspeed_kmh": 50
      }
    },
    {
      "type": "Feature",
      "geometry": {
        "type": "LineString",
        "coordinates": [
          [
            77.630593,
            12.978383
          ],
          [
            77.630916,
            12.978353
          ]
        ]
      },
      "properties": {
        "id": "RE-00251",
        "name": "Chinmaya Mission Hospital Road",
        "highway": "primary",
        "length_m": 35.16,
        "elevation_m": 892.65,
        "maxspeed_kmh": 50
      }
    },
    {
      "type": "Feature",
      "geometry": {
        "type": "LineString",
        "coordinates": [
          [
            77.630916,
            12.978353
          ],
          [
            77.630593,
            12.978383
          ]
        ]
      },
      "properties": {
        "id": "RE-00252",
        "name": "Chinmaya Mission Hospital Road",
        "highway": "primary",
        "length_m": 35.16,
        "elevation_m": 892.65,
        "maxspeed_kmh": 50
      }
    },
    {
      "type": "Feature",
      "geometry": {
        "type": "LineString",
        "coordinates": [
          [
            77.630916,
            12.978353
          ],
          [
            77.631379,
            12.97831
          ]
        ]
      },
      "properties": {
        "id": "RE-00253",
        "name": "Chinmaya Mission Hospital Road",
        "highway": "primary",
        "length_m": 50.4,
        "elevation_m": 893.09,
        "maxspeed_kmh": 50
      }
    },
    {
      "type": "Feature",
      "geometry": {
        "type": "LineString",
        "coordinates": [
          [
            77.631379,
            12.97831
          ],
          [
            77.630916,
            12.978353
          ]
        ]
      },
      "properties": {
        "id": "RE-00254",
        "name": "Chinmaya Mission Hospital Road",
        "highway": "primary",
        "length_m": 50.4,
        "elevation_m": 893.09,
        "maxspeed_kmh": 50
      }
    },
    {
      "type": "Feature",
      "geometry": {
        "type": "LineString",
        "coordinates": [
          [
            77.631379,
            12.97831
          ],
          [
            77.631674,
            12.978283
          ]
        ]
      },
      "properties": {
        "id": "RE-00255",
        "name": "Chinmaya Mission Hospital Road",
        "highway": "primary",
        "length_m": 32.11,
        "elevation_m": 893.32,
        "maxspeed_kmh": 50
      }
    },
    {
      "type": "Feature",
      "geometry": {
        "type": "LineString",
        "coordinates": [
          [
            77.631674,
            12.978283
          ],
          [
            77.631379,
            12.97831
          ]
        ]
      },
      "properties": {
        "id": "RE-00256",
        "name": "Chinmaya Mission Hospital Road",
        "highway": "primary",
        "length_m": 32.11,
        "elevation_m": 893.32,
        "maxspeed_kmh": 50
      }
    },
    {
      "type": "Feature",
      "geometry": {
        "type": "LineString",
        "coordinates": [
          [
            77.631674,
            12.978283
          ],
          [
            77.632366,
            12.978217
          ]
        ]
      },
      "properties": {
        "id": "RE-00257",
        "name": "Chinmaya Mission Hospital Road",
        "highway": "primary",
        "length_m": 75.34,
        "elevation_m": 893.78,
        "maxspeed_kmh": 50
      }
    },
    {
      "type": "Feature",
      "geometry": {
        "type": "LineString",
        "coordinates": [
          [
            77.632366,
            12.978217
          ],
          [
            77.631674,
            12.978283
          ]
        ]
      },
      "properties": {
        "id": "RE-00258",
        "name": "Chinmaya Mission Hospital Road",
        "highway": "primary",
        "length_m": 75.34,
        "elevation_m": 893.78,
        "maxspeed_kmh": 50
      }
    },
    {
      "type": "Feature",
      "geometry": {
        "type": "LineString",
        "coordinates": [
          [
            77.632366,
            12.978217
          ],
          [
            77.632504,
            12.978206
          ]
        ]
      },
      "properties": {
        "id": "RE-00259",
        "name": "Chinmaya Mission Hospital Road",
        "highway": "primary",
        "length_m": 15.0,
        "elevation_m": 894.01,
        "maxspeed_kmh": 50
      }
    },
    {
      "type": "Feature",
      "geometry": {
        "type": "LineString",
        "coordinates": [
          [
            77.632504,
            12.978206
          ],
          [
            77.632366,
            12.978217
          ]
        ]
      },
      "properties": {
        "id": "RE-00260",
        "name": "Chinmaya Mission Hospital Road",
        "highway": "primary",
        "length_m": 15.0,
        "elevation_m": 894.01,
        "maxspeed_kmh": 50
      }
    },
    {
      "type": "Feature",
      "geometry": {
        "type": "LineString",
        "coordinates": [
          [
            77.632504,
            12.978206
          ],
          [
            77.632655,
            12.978196
          ]
        ]
      },
      "properties": {
        "id": "RE-00261",
        "name": "Chinmaya Mission Hospital Road",
        "highway": "primary",
        "length_m": 16.4,
        "elevation_m": 894.01,
        "maxspeed_kmh": 50
      }
    },
    {
      "type": "Feature",
      "geometry": {
        "type": "LineString",
        "coordinates": [
          [
            77.632655,
            12.978196
          ],
          [
            77.632504,
            12.978206
          ]
        ]
      },
      "properties": {
        "id": "RE-00262",
        "name": "Chinmaya Mission Hospital Road",
        "highway": "primary",
        "length_m": 16.4,
        "elevation_m": 894.01,
        "maxspeed_kmh": 50
      }
    },
    {
      "type": "Feature",
      "geometry": {
        "type": "LineString",
        "coordinates": [
          [
            77.632655,
            12.978196
          ],
          [
            77.632898,
            12.978193
          ]
        ]
      },
      "properties": {
        "id": "RE-00263",
        "name": "Chinmaya Mission Hospital Road",
        "highway": "primary",
        "length_m": 26.33,
        "elevation_m": 894.24,
        "maxspeed_kmh": 50
      }
    },
    {
      "type": "Feature",
      "geometry": {
        "type": "LineString",
        "coordinates": [
          [
            77.632898,
            12.978193
          ],
          [
            77.632655,
            12.978196
          ]
        ]
      },
      "properties": {
        "id": "RE-00264",
        "name": "Chinmaya Mission Hospital Road",
        "highway": "primary",
        "length_m": 26.33,
        "elevation_m": 894.24,
        "maxspeed_kmh": 50
      }
    },
    {
      "type": "Feature",
      "geometry": {
        "type": "LineString",
        "coordinates": [
          [
            77.632898,
            12.978193
          ],
          [
            77.63296,
            12.978194
          ]
        ]
      },
      "properties": {
        "id": "RE-00265",
        "name": "Chinmaya Mission Hospital Road",
        "highway": "primary",
        "length_m": 6.72,
        "elevation_m": 894.46,
        "maxspeed_kmh": 50
      }
    },
    {
      "type": "Feature",
      "geometry": {
        "type": "LineString",
        "coordinates": [
          [
            77.63296,
            12.978194
          ],
          [
            77.632898,
            12.978193
          ]
        ]
      },
      "properties": {
        "id": "RE-00266",
        "name": "Chinmaya Mission Hospital Road",
        "highway": "primary",
        "length_m": 6.72,
        "elevation_m": 894.46,
        "maxspeed_kmh": 50
      }
    },
    {
      "type": "Feature",
      "geometry": {
        "type": "LineString",
        "coordinates": [
          [
            77.63296,
            12.978194
          ],
          [
            77.633101,
            12.978196
          ]
        ]
      },
      "properties": {
        "id": "RE-00267",
        "name": "Chinmaya Mission Hospital Road",
        "highway": "primary",
        "length_m": 15.28,
        "elevation_m": 894.46,
        "maxspeed_kmh": 50
      }
    },
    {
      "type": "Feature",
      "geometry": {
        "type": "LineString",
        "coordinates": [
          [
            77.633101,
            12.978196
          ],
          [
            77.63296,
            12.978194
          ]
        ]
      },
      "properties": {
        "id": "RE-00268",
        "name": "Chinmaya Mission Hospital Road",
        "highway": "primary",
        "length_m": 15.28,
        "elevation_m": 894.46,
        "maxspeed_kmh": 50
      }
    },
    {
      "type": "Feature",
      "geometry": {
        "type": "LineString",
        "coordinates": [
          [
            77.633101,
            12.978196
          ],
          [
            77.634818,
            12.978242
          ]
        ]
      },
      "properties": {
        "id": "RE-00269",
        "name": "Chinmaya Mission Hospital Road",
        "highway": "primary",
        "length_m": 186.11,
        "elevation_m": 895.84,
        "maxspeed_kmh": 50
      }
    },
    {
      "type": "Feature",
      "geometry": {
        "type": "LineString",
        "coordinates": [
          [
            77.634818,
            12.978242
          ],
          [
            77.633101,
            12.978196
          ]
        ]
      },
      "properties": {
        "id": "RE-00270",
        "name": "Chinmaya Mission Hospital Road",
        "highway": "primary",
        "length_m": 186.11,
        "elevation_m": 895.84,
        "maxspeed_kmh": 50
      }
    },
    {
      "type": "Feature",
      "geometry": {
        "type": "LineString",
        "coordinates": [
          [
            77.634818,
            12.978242
          ],
          [
            77.636082,
            12.978278
          ]
        ]
      },
      "properties": {
        "id": "RE-00271",
        "name": "Chinmaya Mission Hospital Road",
        "highway": "primary",
        "length_m": 137.02,
        "elevation_m": 897.13,
        "maxspeed_kmh": 50
      }
    },
    {
      "type": "Feature",
      "geometry": {
        "type": "LineString",
        "coordinates": [
          [
            77.636082,
            12.978278
          ],
          [
            77.634818,
            12.978242
          ]
        ]
      },
      "properties": {
        "id": "RE-00272",
        "name": "Chinmaya Mission Hospital Road",
        "highway": "primary",
        "length_m": 137.02,
        "elevation_m": 897.13,
        "maxspeed_kmh": 50
      }
    },
    {
      "type": "Feature",
      "geometry": {
        "type": "LineString",
        "coordinates": [
          [
            77.636082,
            12.978278
          ],
          [
            77.636601,
            12.97829
          ]
        ]
      },
      "properties": {
        "id": "RE-00273",
        "name": "Chinmaya Mission Hospital Road",
        "highway": "primary",
        "length_m": 56.25,
        "elevation_m": 898.18,
        "maxspeed_kmh": 50
      }
    },
    {
      "type": "Feature",
      "geometry": {
        "type": "LineString",
        "coordinates": [
          [
            77.636601,
            12.97829
          ],
          [
            77.636082,
            12.978278
          ]
        ]
      },
      "properties": {
        "id": "RE-00274",
        "name": "Chinmaya Mission Hospital Road",
        "highway": "primary",
        "length_m": 56.25,
        "elevation_m": 898.18,
        "maxspeed_kmh": 50
      }
    },
    {
      "type": "Feature",
      "geometry": {
        "type": "LineString",
        "coordinates": [
          [
            77.636601,
            12.97829
          ],
          [
            77.636667,
            12.978292
          ]
        ]
      },
      "properties": {
        "id": "RE-00275",
        "name": "Chinmaya Mission Hospital Road",
        "highway": "primary",
        "length_m": 7.15,
        "elevation_m": 898.18,
        "maxspeed_kmh": 50
      }
    },
    {
      "type": "Feature",
      "geometry": {
        "type": "LineString",
        "coordinates": [
          [
            77.636667,
            12.978292
          ],
          [
            77.636601,
            12.97829
          ]
        ]
      },
      "properties": {
        "id": "RE-00276",
        "name": "Chinmaya Mission Hospital Road",
        "highway": "primary",
        "length_m": 7.15,
        "elevation_m": 898.18,
        "maxspeed_kmh": 50
      }
    },
    {
      "type": "Feature",
      "geometry": {
        "type": "LineString",
        "coordinates": [
          [
            77.636667,
            12.978292
          ],
          [
            77.636752,
            12.978291
          ]
        ]
      },
      "properties": {
        "id": "RE-00277",
        "name": "Chinmaya Mission Hospital Road",
        "highway": "primary",
        "length_m": 9.21,
        "elevation_m": 898.7,
        "maxspeed_kmh": 50
      }
    },
    {
      "type": "Feature",
      "geometry": {
        "type": "LineString",
        "coordinates": [
          [
            77.636752,
            12.978291
          ],
          [
            77.636667,
            12.978292
          ]
        ]
      },
      "properties": {
        "id": "RE-00278",
        "name": "Chinmaya Mission Hospital Road",
        "highway": "primary",
        "length_m": 9.21,
        "elevation_m": 898.7,
        "maxspeed_kmh": 50
      }
    },
    {
      "type": "Feature",
      "geometry": {
        "type": "LineString",
        "coordinates": [
          [
            77.636752,
            12.978291
          ],
          [
            77.636809,
            12.978293
          ]
        ]
      },
      "properties": {
        "id": "RE-00279",
        "name": "Chinmaya Mission Hospital Road",
        "highway": "primary",
        "length_m": 6.18,
        "elevation_m": 898.7,
        "maxspeed_kmh": 50
      }
    },
    {
      "type": "Feature",
      "geometry": {
        "type": "LineString",
        "coordinates": [
          [
            77.636809,
            12.978293
          ],
          [
            77.636752,
            12.978291
          ]
        ]
      },
      "properties": {
        "id": "RE-00280",
        "name": "Chinmaya Mission Hospital Road",
        "highway": "primary",
        "length_m": 6.18,
        "elevation_m": 898.7,
        "maxspeed_kmh": 50
      }
    },
    {
      "type": "Feature",
      "geometry": {
        "type": "LineString",
        "coordinates": [
          [
            77.636809,
            12.978293
          ],
          [
            77.636846,
            12.978294
          ]
        ]
      },
      "properties": {
        "id": "RE-00281",
        "name": "Chinmaya Mission Hospital Road",
        "highway": "primary",
        "length_m": 5.0,
        "elevation_m": 898.7,
        "maxspeed_kmh": 50
      }
    },
    {
      "type": "Feature",
      "geometry": {
        "type": "LineString",
        "coordinates": [
          [
            77.636846,
            12.978294
          ],
          [
            77.636809,
            12.978293
          ]
        ]
      },
      "properties": {
        "id": "RE-00282",
        "name": "Chinmaya Mission Hospital Road",
        "highway": "primary",
        "length_m": 5.0,
        "elevation_m": 898.7,
        "maxspeed_kmh": 50
      }
    },
    {
      "type": "Feature",
      "geometry": {
        "type": "LineString",
        "coordinates": [
          [
            77.636846,
            12.978294
          ],
          [
            77.636909,
            12.978296
          ]
        ]
      },
      "properties": {
        "id": "RE-00283",
        "name": "Chinmaya Mission Hospital Road",
        "highway": "primary",
        "length_m": 6.83,
        "elevation_m": 898.7,
        "maxspeed_kmh": 50
      }
    },
    {
      "type": "Feature",
      "geometry": {
        "type": "LineString",
        "coordinates": [
          [
            77.636909,
            12.978296
          ],
          [
            77.636846,
            12.978294
          ]
        ]
      },
      "properties": {
        "id": "RE-00284",
        "name": "Chinmaya Mission Hospital Road",
        "highway": "primary",
        "length_m": 6.83,
        "elevation_m": 898.7,
        "maxspeed_kmh": 50
      }
    },
    {
      "type": "Feature",
      "geometry": {
        "type": "LineString",
        "coordinates": [
          [
            77.636909,
            12.978296
          ],
          [
            77.637011,
            12.978301
          ]
        ]
      },
      "properties": {
        "id": "RE-00285",
        "name": "Chinmaya Mission Hospital Road",
        "highway": "primary",
        "length_m": 11.07,
        "elevation_m": 899.22,
        "maxspeed_kmh": 50
      }
    },
    {
      "type": "Feature",
      "geometry": {
        "type": "LineString",
        "coordinates": [
          [
            77.637011,
            12.978301
          ],
          [
            77.636909,
            12.978296
          ]
        ]
      },
      "properties": {
        "id": "RE-00286",
        "name": "Chinmaya Mission Hospital Road",
        "highway": "primary",
        "length_m": 11.07,
        "elevation_m": 899.22,
        "maxspeed_kmh": 50
      }
    },
    {
      "type": "Feature",
      "geometry": {
        "type": "LineString",
        "coordinates": [
          [
            77.637011,
            12.978301
          ],
          [
            77.637134,
            12.978306
          ]
        ]
      },
      "properties": {
        "id": "RE-00287",
        "name": "Chinmaya Mission Hospital Road",
        "highway": "primary",
        "length_m": 13.34,
        "elevation_m": 899.22,
        "maxspeed_kmh": 50
      }
    },
    {
      "type": "Feature",
      "geometry": {
        "type": "LineString",
        "coordinates": [
          [
            77.637134,
            12.978306
          ],
          [
            77.637011,
            12.978301
          ]
        ]
      },
      "properties": {
        "id": "RE-00288",
        "name": "Chinmaya Mission Hospital Road",
        "highway": "primary",
        "length_m": 13.34,
        "elevation_m": 899.22,
        "maxspeed_kmh": 50
      }
    },
    {
      "type": "Feature",
      "geometry": {
        "type": "LineString",
        "coordinates": [
          [
            77.637134,
            12.978306
          ],
          [
            77.637544,
            12.978324
          ]
        ]
      },
      "properties": {
        "id": "RE-00289",
        "name": "Chinmaya Mission Hospital Road",
        "highway": "primary",
        "length_m": 44.47,
        "elevation_m": 900.26,
        "maxspeed_kmh": 50
      }
    },
    {
      "type": "Feature",
      "geometry": {
        "type": "LineString",
        "coordinates": [
          [
            77.637544,
            12.978324
          ],
          [
            77.637134,
            12.978306
          ]
        ]
      },
      "properties": {
        "id": "RE-00290",
        "name": "Chinmaya Mission Hospital Road",
        "highway": "primary",
        "length_m": 44.47,
        "elevation_m": 900.26,
        "maxspeed_kmh": 50
      }
    },
    {
      "type": "Feature",
      "geometry": {
        "type": "LineString",
        "coordinates": [
          [
            77.637544,
            12.978324
          ],
          [
            77.637938,
            12.978341
          ]
        ]
      },
      "properties": {
        "id": "RE-00291",
        "name": "Chinmaya Mission Hospital Road",
        "highway": "primary",
        "length_m": 42.73,
        "elevation_m": 900.78,
        "maxspeed_kmh": 50
      }
    },
    {
      "type": "Feature",
      "geometry": {
        "type": "LineString",
        "coordinates": [
          [
            77.637938,
            12.978341
          ],
          [
            77.637544,
            12.978324
          ]
        ]
      },
      "properties": {
        "id": "RE-00292",
        "name": "Chinmaya Mission Hospital Road",
        "highway": "primary",
        "length_m": 42.73,
        "elevation_m": 900.78,
        "maxspeed_kmh": 50
      }
    },
    {
      "type": "Feature",
      "geometry": {
        "type": "LineString",
        "coordinates": [
          [
            77.637938,
            12.978341
          ],
          [
            77.638032,
            12.978341
          ]
        ]
      },
      "properties": {
        "id": "RE-00293",
        "name": "Chinmaya Mission Hospital Road",
        "highway": "primary",
        "length_m": 10.19,
        "elevation_m": 901.3,
        "maxspeed_kmh": 50
      }
    },
    {
      "type": "Feature",
      "geometry": {
        "type": "LineString",
        "coordinates": [
          [
            77.638032,
            12.978341
          ],
          [
            77.637938,
            12.978341
          ]
        ]
      },
      "properties": {
        "id": "RE-00294",
        "name": "Chinmaya Mission Hospital Road",
        "highway": "primary",
        "length_m": 10.19,
        "elevation_m": 901.3,
        "maxspeed_kmh": 50
      }
    },
    {
      "type": "Feature",
      "geometry": {
        "type": "LineString",
        "coordinates": [
          [
            77.638032,
            12.978341
          ],
          [
            77.638314,
            12.97835
          ]
        ]
      },
      "properties": {
        "id": "RE-00295",
        "name": "Chinmaya Mission Hospital Road",
        "highway": "primary",
        "length_m": 30.57,
        "elevation_m": 901.82,
        "maxspeed_kmh": 50
      }
    },
    {
      "type": "Feature",
      "geometry": {
        "type": "LineString",
        "coordinates": [
          [
            77.638314,
            12.97835
          ],
          [
            77.638032,
            12.978341
          ]
        ]
      },
      "properties": {
        "id": "RE-00296",
        "name": "Chinmaya Mission Hospital Road",
        "highway": "primary",
        "length_m": 30.57,
        "elevation_m": 901.82,
        "maxspeed_kmh": 50
      }
    },
    {
      "type": "Feature",
      "geometry": {
        "type": "LineString",
        "coordinates": [
          [
            77.638314,
            12.97835
          ],
          [
            77.638356,
            12.978351
          ]
        ]
      },
      "properties": {
        "id": "RE-00297",
        "name": "Chinmaya Mission Hospital Road",
        "highway": "primary",
        "length_m": 5.0,
        "elevation_m": 901.82,
        "maxspeed_kmh": 50
      }
    },
    {
      "type": "Feature",
      "geometry": {
        "type": "LineString",
        "coordinates": [
          [
            77.638356,
            12.978351
          ],
          [
            77.638314,
            12.97835
          ]
        ]
      },
      "properties": {
        "id": "RE-00298",
        "name": "Chinmaya Mission Hospital Road",
        "highway": "primary",
        "length_m": 5.0,
        "elevation_m": 901.82,
        "maxspeed_kmh": 50
      }
    },
    {
      "type": "Feature",
      "geometry": {
        "type": "LineString",
        "coordinates": [
          [
            77.638356,
            12.978351
          ],
          [
            77.638422,
            12.978352
          ]
        ]
      },
      "properties": {
        "id": "RE-00299",
        "name": "Chinmaya Mission Hospital Road",
        "highway": "primary",
        "length_m": 7.15,
        "elevation_m": 901.82,
        "maxspeed_kmh": 50
      }
    },
    {
      "type": "Feature",
      "geometry": {
        "type": "LineString",
        "coordinates": [
          [
            77.638422,
            12.978352
          ],
          [
            77.638356,
            12.978351
          ]
        ]
      },
      "properties": {
        "id": "RE-00300",
        "name": "Chinmaya Mission Hospital Road",
        "highway": "primary",
        "length_m": 7.15,
        "elevation_m": 901.82,
        "maxspeed_kmh": 50
      }
    },
    {
      "type": "Feature",
      "geometry": {
        "type": "LineString",
        "coordinates": [
          [
            77.638422,
            12.978352
          ],
          [
            77.638807,
            12.978358
          ]
        ]
      },
      "properties": {
        "id": "RE-00301",
        "name": "Chinmaya Mission Hospital Road",
        "highway": "primary",
        "length_m": 41.72,
        "elevation_m": 902.34,
        "maxspeed_kmh": 50
      }
    },
    {
      "type": "Feature",
      "geometry": {
        "type": "LineString",
        "coordinates": [
          [
            77.638807,
            12.978358
          ],
          [
            77.638422,
            12.978352
          ]
        ]
      },
      "properties": {
        "id": "RE-00302",
        "name": "Chinmaya Mission Hospital Road",
        "highway": "primary",
        "length_m": 41.72,
        "elevation_m": 902.34,
        "maxspeed_kmh": 50
      }
    },
    {
      "type": "Feature",
      "geometry": {
        "type": "LineString",
        "coordinates": [
          [
            77.638807,
            12.978358
          ],
          [
            77.638844,
            12.978359
          ]
        ]
      },
      "properties": {
        "id": "RE-00303",
        "name": "Chinmaya Mission Hospital Road",
        "highway": "primary",
        "length_m": 5.0,
        "elevation_m": 902.86,
        "maxspeed_kmh": 50
      }
    },
    {
      "type": "Feature",
      "geometry": {
        "type": "LineString",
        "coordinates": [
          [
            77.638844,
            12.978359
          ],
          [
            77.638807,
            12.978358
          ]
        ]
      },
      "properties": {
        "id": "RE-00304",
        "name": "Chinmaya Mission Hospital Road",
        "highway": "primary",
        "length_m": 5.0,
        "elevation_m": 902.86,
        "maxspeed_kmh": 50
      }
    },
    {
      "type": "Feature",
      "geometry": {
        "type": "LineString",
        "coordinates": [
          [
            77.638844,
            12.978359
          ],
          [
            77.639292,
            12.978366
          ]
        ]
      },
      "properties": {
        "id": "RE-00305",
        "name": "Chinmaya Mission Hospital Road",
        "highway": "primary",
        "length_m": 48.55,
        "elevation_m": 903.38,
        "maxspeed_kmh": 50
      }
    },
    {
      "type": "Feature",
      "geometry": {
        "type": "LineString",
        "coordinates": [
          [
            77.639292,
            12.978366
          ],
          [
            77.638844,
            12.978359
          ]
        ]
      },
      "properties": {
        "id": "RE-00306",
        "name": "Chinmaya Mission Hospital Road",
        "highway": "primary",
        "length_m": 48.55,
        "elevation_m": 903.38,
        "maxspeed_kmh": 50
      }
    },
    {
      "type": "Feature",
      "geometry": {
        "type": "LineString",
        "coordinates": [
          [
            77.639292,
            12.978366
          ],
          [
            77.639311,
            12.978367
          ]
        ]
      },
      "properties": {
        "id": "RE-00307",
        "name": "Chinmaya Mission Hospital Road",
        "highway": "primary",
        "length_m": 5.0,
        "elevation_m": 903.38,
        "maxspeed_kmh": 50
      }
    },
    {
      "type": "Feature",
      "geometry": {
        "type": "LineString",
        "coordinates": [
          [
            77.639311,
            12.978367
          ],
          [
            77.639292,
            12.978366
          ]
        ]
      },
      "properties": {
        "id": "RE-00308",
        "name": "Chinmaya Mission Hospital Road",
        "highway": "primary",
        "length_m": 5.0,
        "elevation_m": 903.38,
        "maxspeed_kmh": 50
      }
    },
    {
      "type": "Feature",
      "geometry": {
        "type": "LineString",
        "coordinates": [
          [
            77.639311,
            12.978367
          ],
          [
            77.639373,
            12.978369
          ]
        ]
      },
      "properties": {
        "id": "RE-00309",
        "name": "Chinmaya Mission Hospital Road",
        "highway": "primary",
        "length_m": 6.72,
        "elevation_m": 903.9,
        "maxspeed_kmh": 50
      }
    },
    {
      "type": "Feature",
      "geometry": {
        "type": "LineString",
        "coordinates": [
          [
            77.639373,
            12.978369
          ],
          [
            77.639311,
            12.978367
          ]
        ]
      },
      "properties": {
        "id": "RE-00310",
        "name": "Chinmaya Mission Hospital Road",
        "highway": "primary",
        "length_m": 6.72,
        "elevation_m": 903.9,
        "maxspeed_kmh": 50
      }
    },
    {
      "type": "Feature",
      "geometry": {
        "type": "LineString",
        "coordinates": [
          [
            77.639373,
            12.978369
          ],
          [
            77.639671,
            12.978379
          ]
        ]
      },
      "properties": {
        "id": "RE-00311",
        "name": "Chinmaya Mission Hospital Road",
        "highway": "primary",
        "length_m": 32.31,
        "elevation_m": 904.42,
        "maxspeed_kmh": 50
      }
    },
    {
      "type": "Feature",
      "geometry": {
        "type": "LineString",
        "coordinates": [
          [
            77.639671,
            12.978379
          ],
          [
            77.639373,
            12.978369
          ]
        ]
      },
      "properties": {
        "id": "RE-00312",
        "name": "Chinmaya Mission Hospital Road",
        "highway": "primary",
        "length_m": 32.31,
        "elevation_m": 904.42,
        "maxspeed_kmh": 50
      }
    },
    {
      "type": "Feature",
      "geometry": {
        "type": "LineString",
        "coordinates": [
          [
            77.639671,
            12.978379
          ],
          [
            77.63974,
            12.978381
          ]
        ]
      },
      "properties": {
        "id": "RE-00313",
        "name": "Chinmaya Mission Hospital Road",
        "highway": "primary",
        "length_m": 7.48,
        "elevation_m": 904.42,
        "maxspeed_kmh": 50
      }
    },
    {
      "type": "Feature",
      "geometry": {
        "type": "LineString",
        "coordinates": [
          [
            77.63974,
            12.978381
          ],
          [
            77.639671,
            12.978379
          ]
        ]
      },
      "properties": {
        "id": "RE-00314",
        "name": "Chinmaya Mission Hospital Road",
        "highway": "primary",
        "length_m": 7.48,
        "elevation_m": 904.42,
        "maxspeed_kmh": 50
      }
    },
    {
      "type": "Feature",
      "geometry": {
        "type": "LineString",
        "coordinates": [
          [
            77.63974,
            12.978381
          ],
          [
            77.640208,
            12.978402
          ]
        ]
      },
      "properties": {
        "id": "RE-00315",
        "name": "Chinmaya Mission Hospital Road",
        "highway": "primary",
        "length_m": 50.76,
        "elevation_m": 905.46,
        "maxspeed_kmh": 50
      }
    },
    {
      "type": "Feature",
      "geometry": {
        "type": "LineString",
        "coordinates": [
          [
            77.640208,
            12.978402
          ],
          [
            77.63974,
            12.978381
          ]
        ]
      },
      "properties": {
        "id": "RE-00316",
        "name": "Chinmaya Mission Hospital Road",
        "highway": "primary",
        "length_m": 50.76,
        "elevation_m": 905.46,
        "maxspeed_kmh": 50
      }
    },
    {
      "type": "Feature",
      "geometry": {
        "type": "LineString",
        "coordinates": [
          [
            77.640208,
            12.978402
          ],
          [
            77.640612,
            12.978415
          ]
        ]
      },
      "properties": {
        "id": "RE-00317",
        "name": "Chinmaya Mission Hospital Road",
        "highway": "primary",
        "length_m": 43.8,
        "elevation_m": 905.98,
        "maxspeed_kmh": 50
      }
    },
    {
      "type": "Feature",
      "geometry": {
        "type": "LineString",
        "coordinates": [
          [
            77.640612,
            12.978415
          ],
          [
            77.640208,
            12.978402
          ]
        ]
      },
      "properties": {
        "id": "RE-00318",
        "name": "Chinmaya Mission Hospital Road",
        "highway": "primary",
        "length_m": 43.8,
        "elevation_m": 905.98,
        "maxspeed_kmh": 50
      }
    },
    {
      "type": "Feature",
      "geometry": {
        "type": "LineString",
        "coordinates": [
          [
            77.640612,
            12.978415
          ],
          [
            77.64071,
            12.978418
          ]
        ]
      },
      "properties": {
        "id": "RE-00319",
        "name": "Chinmaya Mission Hospital Road",
        "highway": "primary",
        "length_m": 10.62,
        "elevation_m": 906.43,
        "maxspeed_kmh": 50
      }
    },
    {
      "type": "Feature",
      "geometry": {
        "type": "LineString",
        "coordinates": [
          [
            77.64071,
            12.978418
          ],
          [
            77.640612,
            12.978415
          ]
        ]
      },
      "properties": {
        "id": "RE-00320",
        "name": "Chinmaya Mission Hospital Road",
        "highway": "primary",
        "length_m": 10.62,
        "elevation_m": 906.43,
        "maxspeed_kmh": 50
      }
    },
    {
      "type": "Feature",
      "geometry": {
        "type": "LineString",
        "coordinates": [
          [
            77.64071,
            12.978418
          ],
          [
            77.640723,
            12.978418
          ]
        ]
      },
      "properties": {
        "id": "RE-00321",
        "name": "Chinmaya Mission Hospital Road",
        "highway": "primary",
        "length_m": 5.0,
        "elevation_m": 906.43,
        "maxspeed_kmh": 50
      }
    },
    {
      "type": "Feature",
      "geometry": {
        "type": "LineString",
        "coordinates": [
          [
            77.640723,
            12.978418
          ],
          [
            77.64071,
            12.978418
          ]
        ]
      },
      "properties": {
        "id": "RE-00322",
        "name": "Chinmaya Mission Hospital Road",
        "highway": "primary",
        "length_m": 5.0,
        "elevation_m": 906.43,
        "maxspeed_kmh": 50
      }
    },
    {
      "type": "Feature",
      "geometry": {
        "type": "LineString",
        "coordinates": [
          [
            77.640723,
            12.978418
          ],
          [
            77.640813,
            12.978422
          ]
        ]
      },
      "properties": {
        "id": "RE-00323",
        "name": "Chinmaya Mission Hospital Road",
        "highway": "primary",
        "length_m": 9.76,
        "elevation_m": 906.43,
        "maxspeed_kmh": 50
      }
    },
    {
      "type": "Feature",
      "geometry": {
        "type": "LineString",
        "coordinates": [
          [
            77.640813,
            12.978422
          ],
          [
            77.640723,
            12.978418
          ]
        ]
      },
      "properties": {
        "id": "RE-00324",
        "name": "Chinmaya Mission Hospital Road",
        "highway": "primary",
        "length_m": 9.76,
        "elevation_m": 906.43,
        "maxspeed_kmh": 50
      }
    },
    {
      "type": "Feature",
      "geometry": {
        "type": "LineString",
        "coordinates": [
          [
            77.640813,
            12.978422
          ],
          [
            77.640913,
            12.978424
          ]
        ]
      },
      "properties": {
        "id": "RE-00325",
        "name": "100 Feet Road",
        "highway": "primary",
        "length_m": 10.84,
        "elevation_m": 906.43,
        "maxspeed_kmh": 50
      }
    },
    {
      "type": "Feature",
      "geometry": {
        "type": "LineString",
        "coordinates": [
          [
            77.640913,
            12.978424
          ],
          [
            77.640813,
            12.978422
          ]
        ]
      },
      "properties": {
        "id": "RE-00326",
        "name": "100 Feet Road",
        "highway": "primary",
        "length_m": 10.84,
        "elevation_m": 906.43,
        "maxspeed_kmh": 50
      }
    },
    {
      "type": "Feature",
      "geometry": {
        "type": "LineString",
        "coordinates": [
          [
            77.640913,
            12.978424
          ],
          [
            77.640917,
            12.97834
          ]
        ]
      },
      "properties": {
        "id": "RE-00327",
        "name": "100 Feet Road",
        "highway": "primary",
        "length_m": 9.35,
        "elevation_m": 906.43,
        "maxspeed_kmh": 50
      }
    },
    {
      "type": "Feature",
      "geometry": {
        "type": "LineString",
        "coordinates": [
          [
            77.640913,
            12.978424
          ],
          [
            77.641016,
            12.978426
          ],
          [
            77.641435,
            12.978444
          ],
          [
            77.642873,
            12.978503
          ],
          [
            77.644178,
            12.978548
          ],
          [
            77.645712,
            12.97859
          ],
          [
            77.646144,
            12.978604
          ],
          [
            77.646381,
            12.978614
          ],
          [
            77.646426,
            12.978616
          ],
          [
            77.646497,
            12.978619
          ],
          [
            77.646532,
            12.97862
          ],
          [
            77.646586,
            12.978621
          ]
        ]
      },
      "properties": {
        "id": "RE-00328",
        "name": "Chinmaya Mission Hospital Road",
        "highway": "primary",
        "length_m": 615.1,
        "elevation_m": 908.51,
        "maxspeed_kmh": 50
      }
    },
    {
      "type": "Feature",
      "geometry": {
        "type": "LineString",
        "coordinates": [
          [
            77.640917,
            12.97834
          ],
          [
            77.640913,
            12.978424
          ]
        ]
      },
      "properties": {
        "id": "RE-00329",
        "name": "100 Feet Road",
        "highway": "primary",
        "length_m": 9.35,
        "elevation_m": 906.43,
        "maxspeed_kmh": 50
      }
    },
    {
      "type": "Feature",
      "geometry": {
        "type": "LineString",
        "coordinates": [
          [
            77.640917,
            12.97834
          ],
          [
            77.640922,
            12.978247
          ]
        ]
      },
      "properties": {
        "id": "RE-00330",
        "name": "100 Feet Road",
        "highway": "primary",
        "length_m": 10.36,
        "elevation_m": 906.43,
        "maxspeed_kmh": 50
      }
    },
    {
      "type": "Feature",
      "geometry": {
        "type": "LineString",
        "coordinates": [
          [
            77.640922,
            12.978247
          ],
          [
            77.640917,
            12.97834
          ]
        ]
      },
      "properties": {
        "id": "RE-00331",
        "name": "100 Feet Road",
        "highway": "primary",
        "length_m": 10.36,
        "elevation_m": 906.43,
        "maxspeed_kmh": 50
      }
    },
    {
      "type": "Feature",
      "geometry": {
        "type": "LineString",
        "coordinates": [
          [
            77.640922,
            12.978247
          ],
          [
            77.640926,
            12.978183
          ]
        ]
      },
      "properties": {
        "id": "RE-00332",
        "name": "100 Feet Road",
        "highway": "primary",
        "length_m": 7.13,
        "elevation_m": 906.43,
        "maxspeed_kmh": 50
      }
    },
    {
      "type": "Feature",
      "geometry": {
        "type": "LineString",
        "coordinates": [
          [
            77.640926,
            12.978183
          ],
          [
            77.640922,
            12.978247
          ]
        ]
      },
      "properties": {
        "id": "RE-00333",
        "name": "100 Feet Road",
        "highway": "primary",
        "length_m": 7.13,
        "elevation_m": 906.43,
        "maxspeed_kmh": 50
      }
    },
    {
      "type": "Feature",
      "geometry": {
        "type": "LineString",
        "coordinates": [
          [
            77.640926,
            12.978183
          ],
          [
            77.640955,
            12.977671
          ]
        ]
      },
      "properties": {
        "id": "RE-00334",
        "name": "100 Feet Road",
        "highway": "primary",
        "length_m": 57.02,
        "elevation_m": 907.45,
        "maxspeed_kmh": 50
      }
    },
    {
      "type": "Feature",
      "geometry": {
        "type": "LineString",
        "coordinates": [
          [
            77.640955,
            12.977671
          ],
          [
            77.640926,
            12.978183
          ]
        ]
      },
      "properties": {
        "id": "RE-00335",
        "name": "100 Feet Road",
        "highway": "primary",
        "length_m": 57.02,
        "elevation_m": 907.45,
        "maxspeed_kmh": 50
      }
    },
    {
      "type": "Feature",
      "geometry": {
        "type": "LineString",
        "coordinates": [
          [
            77.640955,
            12.977671
          ],
          [
            77.640967,
            12.977461
          ]
        ]
      },
      "properties": {
        "id": "RE-00336",
        "name": "100 Feet Road",
        "highway": "primary",
        "length_m": 23.39,
        "elevation_m": 907.74,
        "maxspeed_kmh": 50
      }
    },
    {
      "type": "Feature",
      "geometry": {
        "type": "LineString",
        "coordinates": [
          [
            77.640967,
            12.977461
          ],
          [
            77.640955,
            12.977671
          ]
        ]
      },
      "properties": {
        "id": "RE-00337",
        "name": "100 Feet Road",
        "highway": "primary",
        "length_m": 23.39,
        "elevation_m": 907.74,
        "maxspeed_kmh": 50
      }
    },
    {
      "type": "Feature",
      "geometry": {
        "type": "LineString",
        "coordinates": [
          [
            77.640967,
            12.977461
          ],
          [
            77.640984,
            12.977154
          ]
        ]
      },
      "properties": {
        "id": "RE-00338",
        "name": "100 Feet Road",
        "highway": "primary",
        "length_m": 34.19,
        "elevation_m": 908.04,
        "maxspeed_kmh": 50
      }
    },
    {
      "type": "Feature",
      "geometry": {
        "type": "LineString",
        "coordinates": [
          [
            77.640984,
            12.977154
          ],
          [
            77.640967,
            12.977461
          ]
        ]
      },
      "properties": {
        "id": "RE-00339",
        "name": "100 Feet Road",
        "highway": "primary",
        "length_m": 34.19,
        "elevation_m": 908.04,
        "maxspeed_kmh": 50
      }
    },
    {
      "type": "Feature",
      "geometry": {
        "type": "LineString",
        "coordinates": [
          [
            77.640984,
            12.977154
          ],
          [
            77.641006,
            12.976789
          ]
        ]
      },
      "properties": {
        "id": "RE-00340",
        "name": "100 Feet Road",
        "highway": "primary",
        "length_m": 40.66,
        "elevation_m": 908.63,
        "maxspeed_kmh": 50
      }
    },
    {
      "type": "Feature",
      "geometry": {
        "type": "LineString",
        "coordinates": [
          [
            77.641006,
            12.976789
          ],
          [
            77.640984,
            12.977154
          ]
        ]
      },
      "properties": {
        "id": "RE-00341",
        "name": "100 Feet Road",
        "highway": "primary",
        "length_m": 40.66,
        "elevation_m": 908.63,
        "maxspeed_kmh": 50
      }
    },
    {
      "type": "Feature",
      "geometry": {
        "type": "LineString",
        "coordinates": [
          [
            77.641006,
            12.976789
          ],
          [
            77.641015,
            12.976626
          ]
        ]
      },
      "properties": {
        "id": "RE-00342",
        "name": "100 Feet Road",
        "highway": "primary",
        "length_m": 18.15,
        "elevation_m": 908.63,
        "maxspeed_kmh": 50
      }
    },
    {
      "type": "Feature",
      "geometry": {
        "type": "LineString",
        "coordinates": [
          [
            77.641015,
            12.976626
          ],
          [
            77.641006,
            12.976789
          ]
        ]
      },
      "properties": {
        "id": "RE-00343",
        "name": "100 Feet Road",
        "highway": "primary",
        "length_m": 18.15,
        "elevation_m": 908.63,
        "maxspeed_kmh": 50
      }
    },
    {
      "type": "Feature",
      "geometry": {
        "type": "LineString",
        "coordinates": [
          [
            77.641015,
            12.976626
          ],
          [
            77.64104,
            12.976076
          ]
        ]
      },
      "properties": {
        "id": "RE-00344",
        "name": "100 Feet Road",
        "highway": "primary",
        "length_m": 61.22,
        "elevation_m": 909.51,
        "maxspeed_kmh": 50
      }
    },
    {
      "type": "Feature",
      "geometry": {
        "type": "LineString",
        "coordinates": [
          [
            77.64104,
            12.976076
          ],
          [
            77.641015,
            12.976626
          ]
        ]
      },
      "properties": {
        "id": "RE-00345",
        "name": "100 Feet Road",
        "highway": "primary",
        "length_m": 61.22,
        "elevation_m": 909.51,
        "maxspeed_kmh": 50
      }
    },
    {
      "type": "Feature",
      "geometry": {
        "type": "LineString",
        "coordinates": [
          [
            77.64104,
            12.976076
          ],
          [
            77.641058,
            12.975644
          ]
        ]
      },
      "properties": {
        "id": "RE-00346",
        "name": "100 Feet Road",
        "highway": "primary",
        "length_m": 48.08,
        "elevation_m": 909.81,
        "maxspeed_kmh": 50
      }
    },
    {
      "type": "Feature",
      "geometry": {
        "type": "LineString",
        "coordinates": [
          [
            77.641058,
            12.975644
          ],
          [
            77.64104,
            12.976076
          ]
        ]
      },
      "properties": {
        "id": "RE-00347",
        "name": "100 Feet Road",
        "highway": "primary",
        "length_m": 48.08,
        "elevation_m": 909.81,
        "maxspeed_kmh": 50
      }
    },
    {
      "type": "Feature",
      "geometry": {
        "type": "LineString",
        "coordinates": [
          [
            77.641058,
            12.975644
          ],
          [
            77.641114,
            12.974051
          ]
        ]
      },
      "properties": {
        "id": "RE-00348",
        "name": "100 Feet Road",
        "highway": "primary",
        "length_m": 177.24,
        "elevation_m": 905.6,
        "maxspeed_kmh": 50
      }
    },
    {
      "type": "Feature",
      "geometry": {
        "type": "LineString",
        "coordinates": [
          [
            77.641114,
            12.974051
          ],
          [
            77.641058,
            12.975644
          ]
        ]
      },
      "properties": {
        "id": "RE-00349",
        "name": "100 Feet Road",
        "highway": "primary",
        "length_m": 177.24,
        "elevation_m": 905.6,
        "maxspeed_kmh": 50
      }
    },
    {
      "type": "Feature",
      "geometry": {
        "type": "LineString",
        "coordinates": [
          [
            77.641114,
            12.974051
          ],
          [
            77.641117,
            12.973952
          ]
        ]
      },
      "properties": {
        "id": "RE-00350",
        "name": "100 Feet Road",
        "highway": "primary",
        "length_m": 11.01,
        "elevation_m": 904.86,
        "maxspeed_kmh": 50
      }
    },
    {
      "type": "Feature",
      "geometry": {
        "type": "LineString",
        "coordinates": [
          [
            77.641117,
            12.973952
          ],
          [
            77.641114,
            12.974051
          ]
        ]
      },
      "properties": {
        "id": "RE-00351",
        "name": "100 Feet Road",
        "highway": "primary",
        "length_m": 11.01,
        "elevation_m": 904.86,
        "maxspeed_kmh": 50
      }
    },
    {
      "type": "Feature",
      "geometry": {
        "type": "LineString",
        "coordinates": [
          [
            77.641117,
            12.973952
          ],
          [
            77.64112,
            12.973861
          ]
        ]
      },
      "properties": {
        "id": "RE-00352",
        "name": "100 Feet Road",
        "highway": "primary",
        "length_m": 10.12,
        "elevation_m": 904.86,
        "maxspeed_kmh": 50
      }
    },
    {
      "type": "Feature",
      "geometry": {
        "type": "LineString",
        "coordinates": [
          [
            77.64112,
            12.973861
          ],
          [
            77.641117,
            12.973952
          ]
        ]
      },
      "properties": {
        "id": "RE-00353",
        "name": "100 Feet Road",
        "highway": "primary",
        "length_m": 10.12,
        "elevation_m": 904.86,
        "maxspeed_kmh": 50
      }
    },
    {
      "type": "Feature",
      "geometry": {
        "type": "LineString",
        "coordinates": [
          [
            77.64112,
            12.973861
          ],
          [
            77.641239,
            12.972019
          ]
        ]
      },
      "properties": {
        "id": "RE-00354",
        "name": "100 Feet Road",
        "highway": "primary",
        "length_m": 205.23,
        "elevation_m": 901.76,
        "maxspeed_kmh": 50
      }
    },
    {
      "type": "Feature",
      "geometry": {
        "type": "LineString",
        "coordinates": [
          [
            77.641239,
            12.972019
          ],
          [
            77.64112,
            12.973861
          ]
        ]
      },
      "properties": {
        "id": "RE-00355",
        "name": "100 Feet Road",
        "highway": "primary",
        "length_m": 205.23,
        "elevation_m": 901.76,
        "maxspeed_kmh": 50
      }
    },
    {
      "type": "Feature",
      "geometry": {
        "type": "LineString",
        "coordinates": [
          [
            77.641239,
            12.972019
          ],
          [
            77.641324,
            12.970362
          ]
        ]
      },
      "properties": {
        "id": "RE-00356",
        "name": "100 Feet Road",
        "highway": "primary",
        "length_m": 184.48,
        "elevation_m": 899.65,
        "maxspeed_kmh": 50
      }
    },
    {
      "type": "Feature",
      "geometry": {
        "type": "LineString",
        "coordinates": [
          [
            77.641324,
            12.970362
          ],
          [
            77.641239,
            12.972019
          ]
        ]
      },
      "properties": {
        "id": "RE-00357",
        "name": "100 Feet Road",
        "highway": "primary",
        "length_m": 184.48,
        "elevation_m": 899.65,
        "maxspeed_kmh": 50
      }
    },
    {
      "type": "Feature",
      "geometry": {
        "type": "LineString",
        "coordinates": [
          [
            77.641324,
            12.970362
          ],
          [
            77.641326,
            12.970323
          ]
        ]
      },
      "properties": {
        "id": "RE-00358",
        "name": "100 Feet Road",
        "highway": "primary",
        "length_m": 5.0,
        "elevation_m": 899.65,
        "maxspeed_kmh": 50
      }
    },
    {
      "type": "Feature",
      "geometry": {
        "type": "LineString",
        "coordinates": [
          [
            77.641326,
            12.970323
          ],
          [
            77.641324,
            12.970362
          ]
        ]
      },
      "properties": {
        "id": "RE-00359",
        "name": "100 Feet Road",
        "highway": "primary",
        "length_m": 5.0,
        "elevation_m": 899.65,
        "maxspeed_kmh": 50
      }
    },
    {
      "type": "Feature",
      "geometry": {
        "type": "LineString",
        "coordinates": [
          [
            77.641326,
            12.970323
          ],
          [
            77.64133,
            12.970252
          ]
        ]
      },
      "properties": {
        "id": "RE-00360",
        "name": "100 Feet Road",
        "highway": "primary",
        "length_m": 7.91,
        "elevation_m": 899.65,
        "maxspeed_kmh": 50
      }
    },
    {
      "type": "Feature",
      "geometry": {
        "type": "LineString",
        "coordinates": [
          [
            77.64133,
            12.970252
          ],
          [
            77.641326,
            12.970323
          ]
        ]
      },
      "properties": {
        "id": "RE-00361",
        "name": "100 Feet Road",
        "highway": "primary",
        "length_m": 7.91,
        "elevation_m": 899.65,
        "maxspeed_kmh": 50
      }
    },
    {
      "type": "Feature",
      "geometry": {
        "type": "LineString",
        "coordinates": [
          [
            77.64133,
            12.970252
          ],
          [
            77.641333,
            12.970206
          ]
        ]
      },
      "properties": {
        "id": "RE-00362",
        "name": "100 Feet Road",
        "highway": "primary",
        "length_m": 5.13,
        "elevation_m": 899.65,
        "maxspeed_kmh": 50
      }
    },
    {
      "type": "Feature",
      "geometry": {
        "type": "LineString",
        "coordinates": [
          [
            77.641333,
            12.970206
          ],
          [
            77.64133,
            12.970252
          ]
        ]
      },
      "properties": {
        "id": "RE-00363",
        "name": "100 Feet Road",
        "highway": "primary",
        "length_m": 5.13,
        "elevation_m": 899.65,
        "maxspeed_kmh": 50
      }
    },
    {
      "type": "Feature",
      "geometry": {
        "type": "LineString",
        "coordinates": [
          [
            77.641333,
            12.970206
          ],
          [
            77.641239,
            12.9702
          ],
          [
            77.641238,
            12.970244
          ],
          [
            77.641234,
            12.970318
          ],
          [
            77.641102,
            12.972656
          ],
          [
            77.641056,
            12.973414
          ]
        ]
      },
      "properties": {
        "id": "RE-00364",
        "name": "100 Feet Road",
        "highway": "primary",
        "length_m": 368.14,
        "elevation_m": 899.65,
        "maxspeed_kmh": 50
      }
    },
    {
      "type": "Feature",
      "geometry": {
        "type": "LineString",
        "coordinates": [
          [
            77.641333,
            12.970206
          ],
          [
            77.641352,
            12.969917
          ],
          [
            77.641423,
            12.968587
          ],
          [
            77.641426,
            12.968532
          ],
          [
            77.641481,
            12.967469
          ],
          [
            77.641486,
            12.96731
          ],
          [
            77.641503,
            12.966821
          ],
          [
            77.641535,
            12.966085
          ]
        ]
      },
      "properties": {
        "id": "RE-00365",
        "name": "100 Feet Road",
        "highway": "primary",
        "length_m": 458.77,
        "elevation_m": 893.62,
        "maxspeed_kmh": 50
      }
    },
    {
      "type": "Feature",
      "geometry": {
        "type": "LineString",
        "coordinates": [
          [
            77.641056,
            12.973414
          ],
          [
            77.641102,
            12.972656
          ],
          [
            77.641234,
            12.970318
          ],
          [
            77.641238,
            12.970244
          ],
          [
            77.641239,
            12.9702
          ],
          [
            77.641333,
            12.970206
          ]
        ]
      },
      "properties": {
        "id": "RE-00366",
        "name": "100 Feet Road",
        "highway": "primary",
        "length_m": 368.14,
        "elevation_m": 899.65,
        "maxspeed_kmh": 50
      }
    },
    {
      "type": "Feature",
      "geometry": {
        "type": "LineString",
        "coordinates": [
          [
            77.641056,
            12.973414
          ],
          [
            77.641001,
            12.973412
          ],
          [
            77.640466,
            12.97339
          ]
        ]
      },
      "properties": {
        "id": "RE-00367",
        "name": "6th Main Road",
        "highway": "primary",
        "length_m": 63.99,
        "elevation_m": 903.38,
        "maxspeed_kmh": 50
      }
    },
    {
      "type": "Feature",
      "geometry": {
        "type": "LineString",
        "coordinates": [
          [
            77.591858,
            12.975611
          ],
          [
            77.591994,
            12.975502
          ],
          [
            77.592151,
            12.975388
          ],
          [
            77.59258,
            12.975168
          ],
          [
            77.59268,
            12.975118
          ],
          [
            77.59286,
            12.975031
          ],
          [
            77.592982,
            12.974988
          ],
          [
            77.593132,
            12.974926
          ],
          [
            77.593292,
            12.974839
          ],
          [
            77.593363,
            12.974771
          ],
          [
            77.593409,
            12.974498
          ],
          [
            77.593444,
            12.974402
          ],
          [
            77.59365,
            12.97348
          ],
          [
            77.593847,
            12.972587
          ],
          [
            77.593875,
            12.972485
          ],
          [
            77.593882,
            12.972446
          ],
          [
            77.593885,
            12.972424
          ]
        ]
      },
      "properties": {
        "id": "RE-00368",
        "name": "Connecting Avenue",
        "highway": "primary",
        "length_m": 456.32,
        "elevation_m": 917.41,
        "maxspeed_kmh": 50
      }
    },
    {
      "type": "Feature",
      "geometry": {
        "type": "LineString",
        "coordinates": [
          [
            77.593885,
            12.972424
          ],
          [
            77.593882,
            12.972446
          ],
          [
            77.593875,
            12.972485
          ],
          [
            77.593847,
            12.972587
          ],
          [
            77.59365,
            12.97348
          ],
          [
            77.593444,
            12.974402
          ],
          [
            77.593409,
            12.974498
          ],
          [
            77.593363,
            12.974771
          ],
          [
            77.593292,
            12.974839
          ],
          [
            77.593132,
            12.974926
          ],
          [
            77.592982,
            12.974988
          ],
          [
            77.59286,
            12.975031
          ],
          [
            77.59268,
            12.975118
          ],
          [
            77.59258,
            12.975168
          ],
          [
            77.592151,
            12.975388
          ],
          [
            77.591994,
            12.975502
          ],
          [
            77.591858,
            12.975611
          ]
        ]
      },
      "properties": {
        "id": "RE-00369",
        "name": "Connecting Avenue",
        "highway": "primary",
        "length_m": 456.32,
        "elevation_m": 917.41,
        "maxspeed_kmh": 50
      }
    },
    {
      "type": "Feature",
      "geometry": {
        "type": "LineString",
        "coordinates": [
          [
            77.593885,
            12.972424
          ],
          [
            77.593934,
            12.972408
          ],
          [
            77.594017,
            12.972404
          ],
          [
            77.594078,
            12.972415
          ],
          [
            77.594226,
            12.97246
          ]
        ]
      },
      "properties": {
        "id": "RE-00370",
        "name": "Connecting Avenue",
        "highway": "primary",
        "length_m": 38.13,
        "elevation_m": 913.22,
        "maxspeed_kmh": 50
      }
    },
    {
      "type": "Feature",
      "geometry": {
        "type": "LineString",
        "coordinates": [
          [
            77.594226,
            12.97246
          ],
          [
            77.594078,
            12.972415
          ],
          [
            77.594017,
            12.972404
          ],
          [
            77.593934,
            12.972408
          ],
          [
            77.593885,
            12.972424
          ]
        ]
      },
      "properties": {
        "id": "RE-00371",
        "name": "Connecting Avenue",
        "highway": "primary",
        "length_m": 38.13,
        "elevation_m": 913.22,
        "maxspeed_kmh": 50
      }
    },
    {
      "type": "Feature",
      "geometry": {
        "type": "LineString",
        "coordinates": [
          [
            77.594226,
            12.97246
          ],
          [
            77.59475,
            12.973084
          ],
          [
            77.595041,
            12.97344
          ],
          [
            77.595223,
            12.973607
          ],
          [
            77.595372,
            12.97373
          ],
          [
            77.595583,
            12.973902
          ],
          [
            77.595777,
            12.974067
          ],
          [
            77.596001,
            12.974253
          ]
        ]
      },
      "properties": {
        "id": "RE-00372",
        "name": "Kasturba Road",
        "highway": "primary",
        "length_m": 278.11,
        "elevation_m": 912.82,
        "maxspeed_kmh": 50
      }
    },
    {
      "type": "Feature",
      "geometry": {
        "type": "LineString",
        "coordinates": [
          [
            77.596001,
            12.974253
          ],
          [
            77.595777,
            12.974067
          ],
          [
            77.595583,
            12.973902
          ],
          [
            77.595372,
            12.97373
          ],
          [
            77.595223,
            12.973607
          ],
          [
            77.595041,
            12.97344
          ],
          [
            77.59475,
            12.973084
          ],
          [
            77.594226,
            12.97246
          ]
        ]
      },
      "properties": {
        "id": "RE-00373",
        "name": "Kasturba Road",
        "highway": "primary",
        "length_m": 278.11,
        "elevation_m": 912.82,
        "maxspeed_kmh": 50
      }
    },
    {
      "type": "Feature",
      "geometry": {
        "type": "LineString",
        "coordinates": [
          [
            77.596001,
            12.974253
          ],
          [
            77.596459,
            12.97463
          ]
        ]
      },
      "properties": {
        "id": "RE-00374",
        "name": "Kasturba Road",
        "highway": "primary",
        "length_m": 64.96,
        "elevation_m": 913.56,
        "maxspeed_kmh": 50
      }
    },
    {
      "type": "Feature",
      "geometry": {
        "type": "LineString",
        "coordinates": [
          [
            77.596001,
            12.974253
          ],
          [
            77.595977,
            12.974275
          ],
          [
            77.59595,
            12.974301
          ],
          [
            77.595937,
            12.974314
          ],
          [
            77.595861,
            12.974388
          ],
          [
            77.595629,
            12.974595
          ]
        ]
      },
      "properties": {
        "id": "RE-00375",
        "name": "Connecting Avenue",
        "highway": "primary",
        "length_m": 55.43,
        "elevation_m": 913.41,
        "maxspeed_kmh": 50
      }
    },
    {
      "type": "Feature",
      "geometry": {
        "type": "LineString",
        "coordinates": [
          [
            77.596459,
            12.97463
          ],
          [
            77.596001,
            12.974253
          ]
        ]
      },
      "properties": {
        "id": "RE-00376",
        "name": "Kasturba Road",
        "highway": "primary",
        "length_m": 64.96,
        "elevation_m": 913.56,
        "maxspeed_kmh": 50
      }
    },
    {
      "type": "Feature",
      "geometry": {
        "type": "LineString",
        "coordinates": [
          [
            77.596459,
            12.97463
          ],
          [
            77.596585,
            12.974735
          ]
        ]
      },
      "properties": {
        "id": "RE-00377",
        "name": "Kasturba Road",
        "highway": "primary",
        "length_m": 17.96,
        "elevation_m": 913.56,
        "maxspeed_kmh": 50
      }
    },
    {
      "type": "Feature",
      "geometry": {
        "type": "LineString",
        "coordinates": [
          [
            77.596585,
            12.974735
          ],
          [
            77.596459,
            12.97463
          ]
        ]
      },
      "properties": {
        "id": "RE-00378",
        "name": "Kasturba Road",
        "highway": "primary",
        "length_m": 17.96,
        "elevation_m": 913.56,
        "maxspeed_kmh": 50
      }
    },
    {
      "type": "Feature",
      "geometry": {
        "type": "LineString",
        "coordinates": [
          [
            77.596585,
            12.974735
          ],
          [
            77.59684,
            12.974942
          ]
        ]
      },
      "properties": {
        "id": "RE-00379",
        "name": "Kasturba Road",
        "highway": "primary",
        "length_m": 35.96,
        "elevation_m": 914.6,
        "maxspeed_kmh": 50
      }
    },
    {
      "type": "Feature",
      "geometry": {
        "type": "LineString",
        "coordinates": [
          [
            77.59684,
            12.974942
          ],
          [
            77.596585,
            12.974735
          ]
        ]
      },
      "properties": {
        "id": "RE-00380",
        "name": "Kasturba Road",
        "highway": "primary",
        "length_m": 35.96,
        "elevation_m": 914.6,
        "maxspeed_kmh": 50
      }
    },
    {
      "type": "Feature",
      "geometry": {
        "type": "LineString",
        "coordinates": [
          [
            77.59684,
            12.974942
          ],
          [
            77.596943,
            12.97502
          ]
        ]
      },
      "properties": {
        "id": "RE-00381",
        "name": "Kasturba Road",
        "highway": "primary",
        "length_m": 14.13,
        "elevation_m": 914.6,
        "maxspeed_kmh": 50
      }
    },
    {
      "type": "Feature",
      "geometry": {
        "type": "LineString",
        "coordinates": [
          [
            77.596943,
            12.97502
          ],
          [
            77.59684,
            12.974942
          ]
        ]
      },
      "properties": {
        "id": "RE-00382",
        "name": "Kasturba Road",
        "highway": "primary",
        "length_m": 14.13,
        "elevation_m": 914.6,
        "maxspeed_kmh": 50
      }
    },
    {
      "type": "Feature",
      "geometry": {
        "type": "LineString",
        "coordinates": [
          [
            77.596943,
            12.97502
          ],
          [
            77.597125,
            12.975144
          ]
        ]
      },
      "properties": {
        "id": "RE-00383",
        "name": "Kasturba Road",
        "highway": "primary",
        "length_m": 24.06,
        "elevation_m": 915.81,
        "maxspeed_kmh": 50
      }
    },
    {
      "type": "Feature",
      "geometry": {
        "type": "LineString",
        "coordinates": [
          [
            77.597125,
            12.975144
          ],
          [
            77.596943,
            12.97502
          ]
        ]
      },
      "properties": {
        "id": "RE-00384",
        "name": "Kasturba Road",
        "highway": "primary",
        "length_m": 24.06,
        "elevation_m": 915.81,
        "maxspeed_kmh": 50
      }
    },
    {
      "type": "Feature",
      "geometry": {
        "type": "LineString",
        "coordinates": [
          [
            77.597125,
            12.975144
          ],
          [
            77.597541,
            12.975434
          ]
        ]
      },
      "properties": {
        "id": "RE-00385",
        "name": "Kasturba Road",
        "highway": "primary",
        "length_m": 55.42,
        "elevation_m": 917.19,
        "maxspeed_kmh": 50
      }
    },
    {
      "type": "Feature",
      "geometry": {
        "type": "LineString",
        "coordinates": [
          [
            77.597541,
            12.975434
          ],
          [
            77.597125,
            12.975144
          ]
        ]
      },
      "properties": {
        "id": "RE-00386",
        "name": "Kasturba Road",
        "highway": "primary",
        "length_m": 55.42,
        "elevation_m": 917.19,
        "maxspeed_kmh": 50
      }
    },
    {
      "type": "Feature",
      "geometry": {
        "type": "LineString",
        "coordinates": [
          [
            77.597541,
            12.975434
          ],
          [
            77.597936,
            12.975717
          ]
        ]
      },
      "properties": {
        "id": "RE-00387",
        "name": "Kasturba Road",
        "highway": "primary",
        "length_m": 53.12,
        "elevation_m": 918.2,
        "maxspeed_kmh": 50
      }
    },
    {
      "type": "Feature",
      "geometry": {
        "type": "LineString",
        "coordinates": [
          [
            77.597936,
            12.975717
          ],
          [
            77.597541,
            12.975434
          ]
        ]
      },
      "properties": {
        "id": "RE-00388",
        "name": "Kasturba Road",
        "highway": "primary",
        "length_m": 53.12,
        "elevation_m": 918.2,
        "maxspeed_kmh": 50
      }
    },
    {
      "type": "Feature",
      "geometry": {
        "type": "LineString",
        "coordinates": [
          [
            77.597936,
            12.975717
          ],
          [
            77.598092,
            12.975833
          ]
        ]
      },
      "properties": {
        "id": "RE-00389",
        "name": "Kasturba Road",
        "highway": "primary",
        "length_m": 21.26,
        "elevation_m": 918.4,
        "maxspeed_kmh": 50
      }
    },
    {
      "type": "Feature",
      "geometry": {
        "type": "LineString",
        "coordinates": [
          [
            77.598092,
            12.975833
          ],
          [
            77.597936,
            12.975717
          ]
        ]
      },
      "properties": {
        "id": "RE-00390",
        "name": "Kasturba Road",
        "highway": "primary",
        "length_m": 21.26,
        "elevation_m": 918.4,
        "maxspeed_kmh": 50
      }
    },
    {
      "type": "Feature",
      "geometry": {
        "type": "LineString",
        "coordinates": [
          [
            77.598092,
            12.975833
          ],
          [
            77.59824,
            12.97594
          ]
        ]
      },
      "properties": {
        "id": "RE-00391",
        "name": "Kasturba Road",
        "highway": "primary",
        "length_m": 19.97,
        "elevation_m": 919.2,
        "maxspeed_kmh": 50
      }
    },
    {
      "type": "Feature",
      "geometry": {
        "type": "LineString",
        "coordinates": [
          [
            77.59824,
            12.97594
          ],
          [
            77.598092,
            12.975833
          ]
        ]
      },
      "properties": {
        "id": "RE-00392",
        "name": "Kasturba Road",
        "highway": "primary",
        "length_m": 19.97,
        "elevation_m": 919.2,
        "maxspeed_kmh": 50
      }
    },
    {
      "type": "Feature",
      "geometry": {
        "type": "LineString",
        "coordinates": [
          [
            77.59824,
            12.97594
          ],
          [
            77.598726,
            12.976297
          ]
        ]
      },
      "properties": {
        "id": "RE-00393",
        "name": "Kasturba Road",
        "highway": "primary",
        "length_m": 65.95,
        "elevation_m": 920.22,
        "maxspeed_kmh": 50
      }
    },
    {
      "type": "Feature",
      "geometry": {
        "type": "LineString",
        "coordinates": [
          [
            77.598726,
            12.976297
          ],
          [
            77.59824,
            12.97594
          ]
        ]
      },
      "properties": {
        "id": "RE-00394",
        "name": "Kasturba Road",
        "highway": "primary",
        "length_m": 65.95,
        "elevation_m": 920.22,
        "maxspeed_kmh": 50
      }
    },
    {
      "type": "Feature",
      "geometry": {
        "type": "LineString",
        "coordinates": [
          [
            77.598726,
            12.976297
          ],
          [
            77.598994,
            12.976523
          ]
        ]
      },
      "properties": {
        "id": "RE-00395",
        "name": "Kasturba Road",
        "highway": "primary",
        "length_m": 38.4,
        "elevation_m": 920.99,
        "maxspeed_kmh": 50
      }
    },
    {
      "type": "Feature",
      "geometry": {
        "type": "LineString",
        "coordinates": [
          [
            77.598994,
            12.976523
          ],
          [
            77.598726,
            12.976297
          ]
        ]
      },
      "properties": {
        "id": "RE-00396",
        "name": "Kasturba Road",
        "highway": "primary",
        "length_m": 38.4,
        "elevation_m": 920.99,
        "maxspeed_kmh": 50
      }
    },
    {
      "type": "Feature",
      "geometry": {
        "type": "LineString",
        "coordinates": [
          [
            77.598994,
            12.976523
          ],
          [
            77.599033,
            12.976561
          ]
        ]
      },
      "properties": {
        "id": "RE-00397",
        "name": "Kasturba Road",
        "highway": "primary",
        "length_m": 5.98,
        "elevation_m": 920.99,
        "maxspeed_kmh": 50
      }
    },
    {
      "type": "Feature",
      "geometry": {
        "type": "LineString",
        "coordinates": [
          [
            77.599033,
            12.976561
          ],
          [
            77.598994,
            12.976523
          ]
        ]
      },
      "properties": {
        "id": "RE-00398",
        "name": "Kasturba Road",
        "highway": "primary",
        "length_m": 5.98,
        "elevation_m": 920.99,
        "maxspeed_kmh": 50
      }
    },
    {
      "type": "Feature",
      "geometry": {
        "type": "LineString",
        "coordinates": [
          [
            77.599033,
            12.976561
          ],
          [
            77.599061,
            12.976583
          ]
        ]
      },
      "properties": {
        "id": "RE-00399",
        "name": "Kasturba Road",
        "highway": "primary",
        "length_m": 5.0,
        "elevation_m": 920.99,
        "maxspeed_kmh": 50
      }
    },
    {
      "type": "Feature",
      "geometry": {
        "type": "LineString",
        "coordinates": [
          [
            77.599061,
            12.976583
          ],
          [
            77.599033,
            12.976561
          ]
        ]
      },
      "properties": {
        "id": "RE-00400",
        "name": "Kasturba Road",
        "highway": "primary",
        "length_m": 5.0,
        "elevation_m": 920.99,
        "maxspeed_kmh": 50
      }
    },
    {
      "type": "Feature",
      "geometry": {
        "type": "LineString",
        "coordinates": [
          [
            77.599061,
            12.976583
          ],
          [
            77.599133,
            12.976644
          ]
        ]
      },
      "properties": {
        "id": "RE-00401",
        "name": "Kasturba Road",
        "highway": "primary",
        "length_m": 10.34,
        "elevation_m": 921.67,
        "maxspeed_kmh": 50
      }
    },
    {
      "type": "Feature",
      "geometry": {
        "type": "LineString",
        "coordinates": [
          [
            77.599133,
            12.976644
          ],
          [
            77.599061,
            12.976583
          ]
        ]
      },
      "properties": {
        "id": "RE-00402",
        "name": "Kasturba Road",
        "highway": "primary",
        "length_m": 10.34,
        "elevation_m": 921.67,
        "maxspeed_kmh": 50
      }
    },
    {
      "type": "Feature",
      "geometry": {
        "type": "LineString",
        "coordinates": [
          [
            77.599133,
            12.976644
          ],
          [
            77.599195,
            12.976672
          ]
        ]
      },
      "properties": {
        "id": "RE-00403",
        "name": "Kasturba Road",
        "highway": "primary",
        "length_m": 7.4,
        "elevation_m": 921.67,
        "maxspeed_kmh": 50
      }
    },
    {
      "type": "Feature",
      "geometry": {
        "type": "LineString",
        "coordinates": [
          [
            77.599195,
            12.976672
          ],
          [
            77.599133,
            12.976644
          ]
        ]
      },
      "properties": {
        "id": "RE-00404",
        "name": "Kasturba Road",
        "highway": "primary",
        "length_m": 7.4,
        "elevation_m": 921.67,
        "maxspeed_kmh": 50
      }
    },
    {
      "type": "Feature",
      "geometry": {
        "type": "LineString",
        "coordinates": [
          [
            77.599195,
            12.976672
          ],
          [
            77.599334,
            12.9767
          ],
          [
            77.599499,
            12.976704
          ],
          [
            77.599602,
            12.9767
          ],
          [
            77.600029,
            12.976687
          ],
          [
            77.600293,
            12.976679
          ],
          [
            77.600859,
            12.976661
          ],
          [
            77.601607,
            12.976632
          ],
          [
            77.601678,
            12.976632
          ],
          [
            77.601792,
            12.976639
          ]
        ]
      },
      "properties": {
        "id": "RE-00405",
        "name": "Mahatma Gandhi Road",
        "highway": "primary",
        "length_m": 281.89,
        "elevation_m": 921.77,
        "maxspeed_kmh": 50
      }
    },
    {
      "type": "Feature",
      "geometry": {
        "type": "LineString",
        "coordinates": [
          [
            77.601792,
            12.976639
          ],
          [
            77.601678,
            12.976632
          ],
          [
            77.601607,
            12.976632
          ],
          [
            77.600859,
            12.976661
          ],
          [
            77.600293,
            12.976679
          ],
          [
            77.600029,
            12.976687
          ],
          [
            77.599602,
            12.9767
          ],
          [
            77.599499,
            12.976704
          ],
          [
            77.599334,
            12.9767
          ],
          [
            77.599195,
            12.976672
          ]
        ]
      },
      "properties": {
        "id": "RE-00406",
        "name": "Mahatma Gandhi Road",
        "highway": "primary",
        "length_m": 281.89,
        "elevation_m": 921.77,
        "maxspeed_kmh": 50
      }
    },
    {
      "type": "Feature",
      "geometry": {
        "type": "LineString",
        "coordinates": [
          [
            77.601792,
            12.976639
          ],
          [
            77.601785,
            12.976736
          ]
        ]
      },
      "properties": {
        "id": "RE-00407",
        "name": "Central Street",
        "highway": "secondary",
        "length_m": 10.81,
        "elevation_m": 921.72,
        "maxspeed_kmh": 40
      }
    },
    {
      "type": "Feature",
      "geometry": {
        "type": "LineString",
        "coordinates": [
          [
            77.601792,
            12.976639
          ],
          [
            77.601799,
            12.976518
          ]
        ]
      },
      "properties": {
        "id": "RE-00408",
        "name": "Central Street",
        "highway": "secondary",
        "length_m": 13.48,
        "elevation_m": 921.72,
        "maxspeed_kmh": 40
      }
    },
    {
      "type": "Feature",
      "geometry": {
        "type": "LineString",
        "coordinates": [
          [
            77.601785,
            12.976736
          ],
          [
            77.601792,
            12.976639
          ]
        ]
      },
      "properties": {
        "id": "RE-00409",
        "name": "Central Street",
        "highway": "secondary",
        "length_m": 10.81,
        "elevation_m": 921.72,
        "maxspeed_kmh": 40
      }
    },
    {
      "type": "Feature",
      "geometry": {
        "type": "LineString",
        "coordinates": [
          [
            77.601785,
            12.976736
          ],
          [
            77.601809,
            12.976843
          ]
        ]
      },
      "properties": {
        "id": "RE-00410",
        "name": "Central Street",
        "highway": "secondary",
        "length_m": 12.18,
        "elevation_m": 921.72,
        "maxspeed_kmh": 40
      }
    },
    {
      "type": "Feature",
      "geometry": {
        "type": "LineString",
        "coordinates": [
          [
            77.601809,
            12.976843
          ],
          [
            77.601785,
            12.976736
          ]
        ]
      },
      "properties": {
        "id": "RE-00411",
        "name": "Central Street",
        "highway": "secondary",
        "length_m": 12.18,
        "elevation_m": 921.72,
        "maxspeed_kmh": 40
      }
    },
    {
      "type": "Feature",
      "geometry": {
        "type": "LineString",
        "coordinates": [
          [
            77.601809,
            12.976843
          ],
          [
            77.601877,
            12.977133
          ]
        ]
      },
      "properties": {
        "id": "RE-00412",
        "name": "Central Street",
        "highway": "secondary",
        "length_m": 33.08,
        "elevation_m": 921.93,
        "maxspeed_kmh": 40
      }
    },
    {
      "type": "Feature",
      "geometry": {
        "type": "LineString",
        "coordinates": [
          [
            77.601877,
            12.977133
          ],
          [
            77.601809,
            12.976843
          ]
        ]
      },
      "properties": {
        "id": "RE-00413",
        "name": "Central Street",
        "highway": "secondary",
        "length_m": 33.08,
        "elevation_m": 921.93,
        "maxspeed_kmh": 40
      }
    },
    {
      "type": "Feature",
      "geometry": {
        "type": "LineString",
        "coordinates": [
          [
            77.601877,
            12.977133
          ],
          [
            77.602014,
            12.977717
          ]
        ]
      },
      "properties": {
        "id": "RE-00414",
        "name": "Central Street",
        "highway": "secondary",
        "length_m": 66.61,
        "elevation_m": 922.58,
        "maxspeed_kmh": 40
      }
    },
    {
      "type": "Feature",
      "geometry": {
        "type": "LineString",
        "coordinates": [
          [
            77.602014,
            12.977717
          ],
          [
            77.601877,
            12.977133
          ]
        ]
      },
      "properties": {
        "id": "RE-00415",
        "name": "Central Street",
        "highway": "secondary",
        "length_m": 66.61,
        "elevation_m": 922.58,
        "maxspeed_kmh": 40
      }
    },
    {
      "type": "Feature",
      "geometry": {
        "type": "LineString",
        "coordinates": [
          [
            77.602014,
            12.977717
          ],
          [
            77.602069,
            12.977937
          ]
        ]
      },
      "properties": {
        "id": "RE-00416",
        "name": "Central Street",
        "highway": "secondary",
        "length_m": 25.18,
        "elevation_m": 922.69,
        "maxspeed_kmh": 40
      }
    },
    {
      "type": "Feature",
      "geometry": {
        "type": "LineString",
        "coordinates": [
          [
            77.602069,
            12.977937
          ],
          [
            77.602014,
            12.977717
          ]
        ]
      },
      "properties": {
        "id": "RE-00417",
        "name": "Central Street",
        "highway": "secondary",
        "length_m": 25.18,
        "elevation_m": 922.69,
        "maxspeed_kmh": 40
      }
    },
    {
      "type": "Feature",
      "geometry": {
        "type": "LineString",
        "coordinates": [
          [
            77.602069,
            12.977937
          ],
          [
            77.602349,
            12.979057
          ]
        ]
      },
      "properties": {
        "id": "RE-00418",
        "name": "Central Street",
        "highway": "secondary",
        "length_m": 128.18,
        "elevation_m": 923.86,
        "maxspeed_kmh": 40
      }
    },
    {
      "type": "Feature",
      "geometry": {
        "type": "LineString",
        "coordinates": [
          [
            77.602349,
            12.979057
          ],
          [
            77.602069,
            12.977937
          ]
        ]
      },
      "properties": {
        "id": "RE-00419",
        "name": "Central Street",
        "highway": "secondary",
        "length_m": 128.18,
        "elevation_m": 923.86,
        "maxspeed_kmh": 40
      }
    },
    {
      "type": "Feature",
      "geometry": {
        "type": "LineString",
        "coordinates": [
          [
            77.602349,
            12.979057
          ],
          [
            77.602355,
            12.979084
          ]
        ]
      },
      "properties": {
        "id": "RE-00420",
        "name": "Central Street",
        "highway": "secondary",
        "length_m": 5.0,
        "elevation_m": 923.86,
        "maxspeed_kmh": 40
      }
    },
    {
      "type": "Feature",
      "geometry": {
        "type": "LineString",
        "coordinates": [
          [
            77.602355,
            12.979084
          ],
          [
            77.602349,
            12.979057
          ]
        ]
      },
      "properties": {
        "id": "RE-00421",
        "name": "Central Street",
        "highway": "secondary",
        "length_m": 5.0,
        "elevation_m": 923.86,
        "maxspeed_kmh": 40
      }
    },
    {
      "type": "Feature",
      "geometry": {
        "type": "LineString",
        "coordinates": [
          [
            77.602355,
            12.979084
          ],
          [
            77.602362,
            12.979112
          ]
        ]
      },
      "properties": {
        "id": "RE-00422",
        "name": "Central Street",
        "highway": "secondary",
        "length_m": 5.0,
        "elevation_m": 923.86,
        "maxspeed_kmh": 40
      }
    },
    {
      "type": "Feature",
      "geometry": {
        "type": "LineString",
        "coordinates": [
          [
            77.602362,
            12.979112
          ],
          [
            77.602355,
            12.979084
          ]
        ]
      },
      "properties": {
        "id": "RE-00423",
        "name": "Central Street",
        "highway": "secondary",
        "length_m": 5.0,
        "elevation_m": 923.86,
        "maxspeed_kmh": 40
      }
    },
    {
      "type": "Feature",
      "geometry": {
        "type": "LineString",
        "coordinates": [
          [
            77.602362,
            12.979112
          ],
          [
            77.602388,
            12.979205
          ]
        ]
      },
      "properties": {
        "id": "RE-00424",
        "name": "Central Street",
        "highway": "secondary",
        "length_m": 10.72,
        "elevation_m": 923.86,
        "maxspeed_kmh": 40
      }
    },
    {
      "type": "Feature",
      "geometry": {
        "type": "LineString",
        "coordinates": [
          [
            77.602388,
            12.979205
          ],
          [
            77.602362,
            12.979112
          ]
        ]
      },
      "properties": {
        "id": "RE-00425",
        "name": "Central Street",
        "highway": "secondary",
        "length_m": 10.72,
        "elevation_m": 923.86,
        "maxspeed_kmh": 40
      }
    },
    {
      "type": "Feature",
      "geometry": {
        "type": "LineString",
        "coordinates": [
          [
            77.602388,
            12.979205
          ],
          [
            77.602425,
            12.979315
          ],
          [
            77.602513,
            12.979284
          ],
          [
            77.602588,
            12.97926
          ],
          [
            77.603454,
            12.978999
          ]
        ]
      },
      "properties": {
        "id": "RE-00426",
        "name": "Cubbon Road",
        "highway": "primary",
        "length_m": 129.78,
        "elevation_m": 924.18,
        "maxspeed_kmh": 50
      }
    },
    {
      "type": "Feature",
      "geometry": {
        "type": "LineString",
        "coordinates": [
          [
            77.603454,
            12.978999
          ],
          [
            77.602588,
            12.97926
          ],
          [
            77.602513,
            12.979284
          ],
          [
            77.602425,
            12.979315
          ],
          [
            77.602388,
            12.979205
          ]
        ]
      },
      "properties": {
        "id": "RE-00427",
        "name": "Cubbon Road",
        "highway": "primary",
        "length_m": 129.78,
        "elevation_m": 924.18,
        "maxspeed_kmh": 50
      }
    },
    {
      "type": "Feature",
      "geometry": {
        "type": "LineString",
        "coordinates": [
          [
            77.603454,
            12.978999
          ],
          [
            77.603754,
            12.978898
          ]
        ]
      },
      "properties": {
        "id": "RE-00428",
        "name": "Cubbon Road",
        "highway": "primary",
        "length_m": 34.39,
        "elevation_m": 922.6,
        "maxspeed_kmh": 50
      }
    },
    {
      "type": "Feature",
      "geometry": {
        "type": "LineString",
        "coordinates": [
          [
            77.603454,
            12.978999
          ],
          [
            77.60345,
            12.979017
          ],
          [
            77.603438,
            12.979068
          ],
          [
            77.603445,
            12.979156
          ],
          [
            77.60382,
            12.98028
          ],
          [
            77.603849,
            12.980368
          ],
          [
            77.603862,
            12.980407
          ],
          [
            77.603879,
            12.980453
          ],
          [
            77.60435,
            12.981765
          ],
          [
            77.604368,
            12.981867
          ]
        ]
      },
      "properties": {
        "id": "RE-00429",
        "name": "Lady Curzon Road",
        "highway": "primary",
        "length_m": 335.44,
        "elevation_m": 923.71,
        "maxspeed_kmh": 50
      }
    },
    {
      "type": "Feature",
      "geometry": {
        "type": "LineString",
        "coordinates": [
          [
            77.603754,
            12.978898
          ],
          [
            77.603454,
            12.978999
          ]
        ]
      },
      "properties": {
        "id": "RE-00430",
        "name": "Cubbon Road",
        "highway": "primary",
        "length_m": 34.39,
        "elevation_m": 922.6,
        "maxspeed_kmh": 50
      }
    },
    {
      "type": "Feature",
      "geometry": {
        "type": "LineString",
        "coordinates": [
          [
            77.603754,
            12.978898
          ],
          [
            77.604315,
            12.978712
          ]
        ]
      },
      "properties": {
        "id": "RE-00431",
        "name": "Cubbon Road",
        "highway": "primary",
        "length_m": 64.21,
        "elevation_m": 922.23,
        "maxspeed_kmh": 50
      }
    },
    {
      "type": "Feature",
      "geometry": {
        "type": "LineString",
        "coordinates": [
          [
            77.604315,
            12.978712
          ],
          [
            77.603754,
            12.978898
          ]
        ]
      },
      "properties": {
        "id": "RE-00432",
        "name": "Cubbon Road",
        "highway": "primary",
        "length_m": 64.21,
        "elevation_m": 922.23,
        "maxspeed_kmh": 50
      }
    },
    {
      "type": "Feature",
      "geometry": {
        "type": "LineString",
        "coordinates": [
          [
            77.604315,
            12.978712
          ],
          [
            77.604943,
            12.978508
          ]
        ]
      },
      "properties": {
        "id": "RE-00433",
        "name": "Cubbon Road",
        "highway": "primary",
        "length_m": 71.73,
        "elevation_m": 921.79,
        "maxspeed_kmh": 50
      }
    },
    {
      "type": "Feature",
      "geometry": {
        "type": "LineString",
        "coordinates": [
          [
            77.604943,
            12.978508
          ],
          [
            77.604315,
            12.978712
          ]
        ]
      },
      "properties": {
        "id": "RE-00434",
        "name": "Cubbon Road",
        "highway": "primary",
        "length_m": 71.73,
        "elevation_m": 921.79,
        "maxspeed_kmh": 50
      }
    },
    {
      "type": "Feature",
      "geometry": {
        "type": "LineString",
        "coordinates": [
          [
            77.604943,
            12.978508
          ],
          [
            77.605438,
            12.978345
          ]
        ]
      },
      "properties": {
        "id": "RE-00435",
        "name": "Cubbon Road",
        "highway": "primary",
        "length_m": 56.62,
        "elevation_m": 921.46,
        "maxspeed_kmh": 50
      }
    },
    {
      "type": "Feature",
      "geometry": {
        "type": "LineString",
        "coordinates": [
          [
            77.605438,
            12.978345
          ],
          [
            77.604943,
            12.978508
          ]
        ]
      },
      "properties": {
        "id": "RE-00436",
        "name": "Cubbon Road",
        "highway": "primary",
        "length_m": 56.62,
        "elevation_m": 921.46,
        "maxspeed_kmh": 50
      }
    },
    {
      "type": "Feature",
      "geometry": {
        "type": "LineString",
        "coordinates": [
          [
            77.605438,
            12.978345
          ],
          [
            77.605485,
            12.978329
          ]
        ]
      },
      "properties": {
        "id": "RE-00437",
        "name": "Cubbon Road",
        "highway": "primary",
        "length_m": 5.39,
        "elevation_m": 921.46,
        "maxspeed_kmh": 50
      }
    },
    {
      "type": "Feature",
      "geometry": {
        "type": "LineString",
        "coordinates": [
          [
            77.605485,
            12.978329
          ],
          [
            77.605438,
            12.978345
          ]
        ]
      },
      "properties": {
        "id": "RE-00438",
        "name": "Cubbon Road",
        "highway": "primary",
        "length_m": 5.39,
        "elevation_m": 921.46,
        "maxspeed_kmh": 50
      }
    },
    {
      "type": "Feature",
      "geometry": {
        "type": "LineString",
        "coordinates": [
          [
            77.605485,
            12.978329
          ],
          [
            77.605905,
            12.978203
          ]
        ]
      },
      "properties": {
        "id": "RE-00439",
        "name": "Cubbon Road",
        "highway": "primary",
        "length_m": 47.62,
        "elevation_m": 921.2,
        "maxspeed_kmh": 50
      }
    },
    {
      "type": "Feature",
      "geometry": {
        "type": "LineString",
        "coordinates": [
          [
            77.605905,
            12.978203
          ],
          [
            77.605485,
            12.978329
          ]
        ]
      },
      "properties": {
        "id": "RE-00440",
        "name": "Cubbon Road",
        "highway": "primary",
        "length_m": 47.62,
        "elevation_m": 921.2,
        "maxspeed_kmh": 50
      }
    },
    {
      "type": "Feature",
      "geometry": {
        "type": "LineString",
        "coordinates": [
          [
            77.605905,
            12.978203
          ],
          [
            77.606555,
            12.977978
          ]
        ]
      },
      "properties": {
        "id": "RE-00441",
        "name": "Cubbon Road",
        "highway": "primary",
        "length_m": 74.74,
        "elevation_m": 920.92,
        "maxspeed_kmh": 50
      }
    },
    {
      "type": "Feature",
      "geometry": {
        "type": "LineString",
        "coordinates": [
          [
            77.606555,
            12.977978
          ],
          [
            77.605905,
            12.978203
          ]
        ]
      },
      "properties": {
        "id": "RE-00442",
        "name": "Cubbon Road",
        "highway": "primary",
        "length_m": 74.74,
        "elevation_m": 920.92,
        "maxspeed_kmh": 50
      }
    },
    {
      "type": "Feature",
      "geometry": {
        "type": "LineString",
        "coordinates": [
          [
            77.606555,
            12.977978
          ],
          [
            77.606628,
            12.977955
          ]
        ]
      },
      "properties": {
        "id": "RE-00443",
        "name": "Cubbon Road",
        "highway": "primary",
        "length_m": 8.31,
        "elevation_m": 920.45,
        "maxspeed_kmh": 50
      }
    },
    {
      "type": "Feature",
      "geometry": {
        "type": "LineString",
        "coordinates": [
          [
            77.606628,
            12.977955
          ],
          [
            77.606555,
            12.977978
          ]
        ]
      },
      "properties": {
        "id": "RE-00444",
        "name": "Cubbon Road",
        "highway": "primary",
        "length_m": 8.31,
        "elevation_m": 920.45,
        "maxspeed_kmh": 50
      }
    },
    {
      "type": "Feature",
      "geometry": {
        "type": "LineString",
        "coordinates": [
          [
            77.606628,
            12.977955
          ],
          [
            77.606694,
            12.977934
          ]
        ]
      },
      "properties": {
        "id": "RE-00445",
        "name": "Cubbon Road",
        "highway": "primary",
        "length_m": 7.52,
        "elevation_m": 920.45,
        "maxspeed_kmh": 50
      }
    },
    {
      "type": "Feature",
      "geometry": {
        "type": "LineString",
        "coordinates": [
          [
            77.606694,
            12.977934
          ],
          [
            77.606628,
            12.977955
          ]
        ]
      },
      "properties": {
        "id": "RE-00446",
        "name": "Cubbon Road",
        "highway": "primary",
        "length_m": 7.52,
        "elevation_m": 920.45,
        "maxspeed_kmh": 50
      }
    },
    {
      "type": "Feature",
      "geometry": {
        "type": "LineString",
        "coordinates": [
          [
            77.606694,
            12.977934
          ],
          [
            77.606737,
            12.977919
          ]
        ]
      },
      "properties": {
        "id": "RE-00447",
        "name": "Cubbon Road",
        "highway": "primary",
        "length_m": 5.0,
        "elevation_m": 920.45,
        "maxspeed_kmh": 50
      }
    },
    {
      "type": "Feature",
      "geometry": {
        "type": "LineString",
        "coordinates": [
          [
            77.606737,
            12.977919
          ],
          [
            77.606694,
            12.977934
          ]
        ]
      },
      "properties": {
        "id": "RE-00448",
        "name": "Cubbon Road",
        "highway": "primary",
        "length_m": 5.0,
        "elevation_m": 920.45,
        "maxspeed_kmh": 50
      }
    },
    {
      "type": "Feature",
      "geometry": {
        "type": "LineString",
        "coordinates": [
          [
            77.606737,
            12.977919
          ],
          [
            77.606849,
            12.977881
          ]
        ]
      },
      "properties": {
        "id": "RE-00449",
        "name": "Cubbon Road",
        "highway": "primary",
        "length_m": 12.85,
        "elevation_m": 919.67,
        "maxspeed_kmh": 50
      }
    },
    {
      "type": "Feature",
      "geometry": {
        "type": "LineString",
        "coordinates": [
          [
            77.606849,
            12.977881
          ],
          [
            77.606737,
            12.977919
          ]
        ]
      },
      "properties": {
        "id": "RE-00450",
        "name": "Cubbon Road",
        "highway": "primary",
        "length_m": 12.85,
        "elevation_m": 919.67,
        "maxspeed_kmh": 50
      }
    },
    {
      "type": "Feature",
      "geometry": {
        "type": "LineString",
        "coordinates": [
          [
            77.606849,
            12.977881
          ],
          [
            77.607509,
            12.977658
          ]
        ]
      },
      "properties": {
        "id": "RE-00451",
        "name": "Cubbon Road",
        "highway": "primary",
        "length_m": 75.69,
        "elevation_m": 918.49,
        "maxspeed_kmh": 50
      }
    },
    {
      "type": "Feature",
      "geometry": {
        "type": "LineString",
        "coordinates": [
          [
            77.607509,
            12.977658
          ],
          [
            77.606849,
            12.977881
          ]
        ]
      },
      "properties": {
        "id": "RE-00452",
        "name": "Cubbon Road",
        "highway": "primary",
        "length_m": 75.69,
        "elevation_m": 918.49,
        "maxspeed_kmh": 50
      }
    },
    {
      "type": "Feature",
      "geometry": {
        "type": "LineString",
        "coordinates": [
          [
            77.607509,
            12.977658
          ],
          [
            77.607638,
            12.977617
          ]
        ]
      },
      "properties": {
        "id": "RE-00453",
        "name": "Cubbon Road",
        "highway": "primary",
        "length_m": 14.7,
        "elevation_m": 918.49,
        "maxspeed_kmh": 50
      }
    },
    {
      "type": "Feature",
      "geometry": {
        "type": "LineString",
        "coordinates": [
          [
            77.607638,
            12.977617
          ],
          [
            77.607509,
            12.977658
          ]
        ]
      },
      "properties": {
        "id": "RE-00454",
        "name": "Cubbon Road",
        "highway": "primary",
        "length_m": 14.7,
        "elevation_m": 918.49,
        "maxspeed_kmh": 50
      }
    },
    {
      "type": "Feature",
      "geometry": {
        "type": "LineString",
        "coordinates": [
          [
            77.607638,
            12.977617
          ],
          [
            77.60768,
            12.977605
          ]
        ]
      },
      "properties": {
        "id": "RE-00455",
        "name": "Cubbon Road",
        "highway": "primary",
        "length_m": 5.0,
        "elevation_m": 918.02,
        "maxspeed_kmh": 50
      }
    },
    {
      "type": "Feature",
      "geometry": {
        "type": "LineString",
        "coordinates": [
          [
            77.60768,
            12.977605
          ],
          [
            77.607638,
            12.977617
          ]
        ]
      },
      "properties": {
        "id": "RE-00456",
        "name": "Cubbon Road",
        "highway": "primary",
        "length_m": 5.0,
        "elevation_m": 918.02,
        "maxspeed_kmh": 50
      }
    },
    {
      "type": "Feature",
      "geometry": {
        "type": "LineString",
        "coordinates": [
          [
            77.60768,
            12.977605
          ],
          [
            77.607742,
            12.977585
          ]
        ]
      },
      "properties": {
        "id": "RE-00457",
        "name": "Cubbon Road",
        "highway": "primary",
        "length_m": 7.08,
        "elevation_m": 918.02,
        "maxspeed_kmh": 50
      }
    },
    {
      "type": "Feature",
      "geometry": {
        "type": "LineString",
        "coordinates": [
          [
            77.607742,
            12.977585
          ],
          [
            77.60768,
            12.977605
          ]
        ]
      },
      "properties": {
        "id": "RE-00458",
        "name": "Cubbon Road",
        "highway": "primary",
        "length_m": 7.08,
        "elevation_m": 918.02,
        "maxspeed_kmh": 50
      }
    },
    {
      "type": "Feature",
      "geometry": {
        "type": "LineString",
        "coordinates": [
          [
            77.607742,
            12.977585
          ],
          [
            77.607925,
            12.977529
          ]
        ]
      },
      "properties": {
        "id": "RE-00459",
        "name": "Cubbon Road",
        "highway": "primary",
        "length_m": 20.78,
        "elevation_m": 917.56,
        "maxspeed_kmh": 50
      }
    },
    {
      "type": "Feature",
      "geometry": {
        "type": "LineString",
        "coordinates": [
          [
            77.607925,
            12.977529
          ],
          [
            77.607742,
            12.977585
          ]
        ]
      },
      "properties": {
        "id": "RE-00460",
        "name": "Cubbon Road",
        "highway": "primary",
        "length_m": 20.78,
        "elevation_m": 917.56,
        "maxspeed_kmh": 50
      }
    },
    {
      "type": "Feature",
      "geometry": {
        "type": "LineString",
        "coordinates": [
          [
            77.607925,
            12.977529
          ],
          [
            77.60861,
            12.977307
          ]
        ]
      },
      "properties": {
        "id": "RE-00461",
        "name": "Cubbon Road",
        "highway": "primary",
        "length_m": 78.22,
        "elevation_m": 916.58,
        "maxspeed_kmh": 50
      }
    },
    {
      "type": "Feature",
      "geometry": {
        "type": "LineString",
        "coordinates": [
          [
            77.60861,
            12.977307
          ],
          [
            77.607925,
            12.977529
          ]
        ]
      },
      "properties": {
        "id": "RE-00462",
        "name": "Cubbon Road",
        "highway": "primary",
        "length_m": 78.22,
        "elevation_m": 916.58,
        "maxspeed_kmh": 50
      }
    },
    {
      "type": "Feature",
      "geometry": {
        "type": "LineString",
        "coordinates": [
          [
            77.60861,
            12.977307
          ],
          [
            77.608716,
            12.977275
          ]
        ]
      },
      "properties": {
        "id": "RE-00463",
        "name": "Cubbon Road",
        "highway": "primary",
        "length_m": 12.02,
        "elevation_m": 916.15,
        "maxspeed_kmh": 50
      }
    },
    {
      "type": "Feature",
      "geometry": {
        "type": "LineString",
        "coordinates": [
          [
            77.608716,
            12.977275
          ],
          [
            77.60861,
            12.977307
          ]
        ]
      },
      "properties": {
        "id": "RE-00464",
        "name": "Cubbon Road",
        "highway": "primary",
        "length_m": 12.02,
        "elevation_m": 916.15,
        "maxspeed_kmh": 50
      }
    },
    {
      "type": "Feature",
      "geometry": {
        "type": "LineString",
        "coordinates": [
          [
            77.608716,
            12.977275
          ],
          [
            77.608797,
            12.977244
          ]
        ]
      },
      "properties": {
        "id": "RE-00465",
        "name": "Cubbon Road",
        "highway": "primary",
        "length_m": 9.43,
        "elevation_m": 916.15,
        "maxspeed_kmh": 50
      }
    },
    {
      "type": "Feature",
      "geometry": {
        "type": "LineString",
        "coordinates": [
          [
            77.608797,
            12.977244
          ],
          [
            77.608716,
            12.977275
          ]
        ]
      },
      "properties": {
        "id": "RE-00466",
        "name": "Cubbon Road",
        "highway": "primary",
        "length_m": 9.43,
        "elevation_m": 916.15,
        "maxspeed_kmh": 50
      }
    },
    {
      "type": "Feature",
      "geometry": {
        "type": "LineString",
        "coordinates": [
          [
            77.608797,
            12.977244
          ],
          [
            77.608925,
            12.977196
          ]
        ]
      },
      "properties": {
        "id": "RE-00467",
        "name": "Cubbon Road",
        "highway": "primary",
        "length_m": 14.86,
        "elevation_m": 916.15,
        "maxspeed_kmh": 50
      }
    },
    {
      "type": "Feature",
      "geometry": {
        "type": "LineString",
        "coordinates": [
          [
            77.608925,
            12.977196
          ],
          [
            77.608797,
            12.977244
          ]
        ]
      },
      "properties": {
        "id": "RE-00468",
        "name": "Cubbon Road",
        "highway": "primary",
        "length_m": 14.86,
        "elevation_m": 916.15,
        "maxspeed_kmh": 50
      }
    },
    {
      "type": "Feature",
      "geometry": {
        "type": "LineString",
        "coordinates": [
          [
            77.608925,
            12.977196
          ],
          [
            77.608949,
            12.977185
          ]
        ]
      },
      "properties": {
        "id": "RE-00469",
        "name": "Cubbon Road",
        "highway": "primary",
        "length_m": 5.0,
        "elevation_m": 916.15,
        "maxspeed_kmh": 50
      }
    },
    {
      "type": "Feature",
      "geometry": {
        "type": "LineString",
        "coordinates": [
          [
            77.608949,
            12.977185
          ],
          [
            77.608925,
            12.977196
          ]
        ]
      },
      "properties": {
        "id": "RE-00470",
        "name": "Cubbon Road",
        "highway": "primary",
        "length_m": 5.0,
        "elevation_m": 916.15,
        "maxspeed_kmh": 50
      }
    },
    {
      "type": "Feature",
      "geometry": {
        "type": "LineString",
        "coordinates": [
          [
            77.608949,
            12.977185
          ],
          [
            77.609918,
            12.976879
          ]
        ]
      },
      "properties": {
        "id": "RE-00471",
        "name": "Cubbon Road",
        "highway": "primary",
        "length_m": 110.37,
        "elevation_m": 914.55,
        "maxspeed_kmh": 50
      }
    },
    {
      "type": "Feature",
      "geometry": {
        "type": "LineString",
        "coordinates": [
          [
            77.609918,
            12.976879
          ],
          [
            77.608949,
            12.977185
          ]
        ]
      },
      "properties": {
        "id": "RE-00472",
        "name": "Cubbon Road",
        "highway": "primary",
        "length_m": 110.37,
        "elevation_m": 914.55,
        "maxspeed_kmh": 50
      }
    },
    {
      "type": "Feature",
      "geometry": {
        "type": "LineString",
        "coordinates": [
          [
            77.609918,
            12.976879
          ],
          [
            77.611354,
            12.976402
          ]
        ]
      },
      "properties": {
        "id": "RE-00473",
        "name": "Cubbon Road",
        "highway": "primary",
        "length_m": 164.39,
        "elevation_m": 913.16,
        "maxspeed_kmh": 50
      }
    },
    {
      "type": "Feature",
      "geometry": {
        "type": "LineString",
        "coordinates": [
          [
            77.611354,
            12.976402
          ],
          [
            77.609918,
            12.976879
          ]
        ]
      },
      "properties": {
        "id": "RE-00474",
        "name": "Cubbon Road",
        "highway": "primary",
        "length_m": 164.39,
        "elevation_m": 913.16,
        "maxspeed_kmh": 50
      }
    },
    {
      "type": "Feature",
      "geometry": {
        "type": "LineString",
        "coordinates": [
          [
            77.611354,
            12.976402
          ],
          [
            77.611874,
            12.97623
          ]
        ]
      },
      "properties": {
        "id": "RE-00475",
        "name": "Cubbon Road",
        "highway": "primary",
        "length_m": 59.5,
        "elevation_m": 912.1,
        "maxspeed_kmh": 50
      }
    },
    {
      "type": "Feature",
      "geometry": {
        "type": "LineString",
        "coordinates": [
          [
            77.611874,
            12.97623
          ],
          [
            77.611354,
            12.976402
          ]
        ]
      },
      "properties": {
        "id": "RE-00476",
        "name": "Cubbon Road",
        "highway": "primary",
        "length_m": 59.5,
        "elevation_m": 912.1,
        "maxspeed_kmh": 50
      }
    },
    {
      "type": "Feature",
      "geometry": {
        "type": "LineString",
        "coordinates": [
          [
            77.611874,
            12.97623
          ],
          [
            77.612893,
            12.975891
          ]
        ]
      },
      "properties": {
        "id": "RE-00477",
        "name": "Cubbon Road",
        "highway": "primary",
        "length_m": 116.67,
        "elevation_m": 913.61,
        "maxspeed_kmh": 50
      }
    },
    {
      "type": "Feature",
      "geometry": {
        "type": "LineString",
        "coordinates": [
          [
            77.612893,
            12.975891
          ],
          [
            77.611874,
            12.97623
          ]
        ]
      },
      "properties": {
        "id": "RE-00478",
        "name": "Cubbon Road",
        "highway": "primary",
        "length_m": 116.67,
        "elevation_m": 913.61,
        "maxspeed_kmh": 50
      }
    },
    {
      "type": "Feature",
      "geometry": {
        "type": "LineString",
        "coordinates": [
          [
            77.612893,
            12.975891
          ],
          [
            77.613386,
            12.975727
          ]
        ]
      },
      "properties": {
        "id": "RE-00479",
        "name": "Cubbon Road",
        "highway": "primary",
        "length_m": 56.45,
        "elevation_m": 913.93,
        "maxspeed_kmh": 50
      }
    },
    {
      "type": "Feature",
      "geometry": {
        "type": "LineString",
        "coordinates": [
          [
            77.613386,
            12.975727
          ],
          [
            77.612893,
            12.975891
          ]
        ]
      },
      "properties": {
        "id": "RE-00480",
        "name": "Cubbon Road",
        "highway": "primary",
        "length_m": 56.45,
        "elevation_m": 913.93,
        "maxspeed_kmh": 50
      }
    },
    {
      "type": "Feature",
      "geometry": {
        "type": "LineString",
        "coordinates": [
          [
            77.613386,
            12.975727
          ],
          [
            77.614281,
            12.97543
          ]
        ]
      },
      "properties": {
        "id": "RE-00481",
        "name": "Cubbon Road",
        "highway": "primary",
        "length_m": 102.45,
        "elevation_m": 914.17,
        "maxspeed_kmh": 50
      }
    },
    {
      "type": "Feature",
      "geometry": {
        "type": "LineString",
        "coordinates": [
          [
            77.614281,
            12.97543
          ],
          [
            77.613386,
            12.975727
          ]
        ]
      },
      "properties": {
        "id": "RE-00482",
        "name": "Cubbon Road",
        "highway": "primary",
        "length_m": 102.45,
        "elevation_m": 914.17,
        "maxspeed_kmh": 50
      }
    },
    {
      "type": "Feature",
      "geometry": {
        "type": "LineString",
        "coordinates": [
          [
            77.614281,
            12.97543
          ],
          [
            77.614321,
            12.975417
          ]
        ]
      },
      "properties": {
        "id": "RE-00483",
        "name": "Cubbon Road",
        "highway": "primary",
        "length_m": 5.0,
        "elevation_m": 914.18,
        "maxspeed_kmh": 50
      }
    },
    {
      "type": "Feature",
      "geometry": {
        "type": "LineString",
        "coordinates": [
          [
            77.614321,
            12.975417
          ],
          [
            77.614281,
            12.97543
          ]
        ]
      },
      "properties": {
        "id": "RE-00484",
        "name": "Cubbon Road",
        "highway": "primary",
        "length_m": 5.0,
        "elevation_m": 914.18,
        "maxspeed_kmh": 50
      }
    },
    {
      "type": "Feature",
      "geometry": {
        "type": "LineString",
        "coordinates": [
          [
            77.614321,
            12.975417
          ],
          [
            77.614389,
            12.975396
          ]
        ]
      },
      "properties": {
        "id": "RE-00485",
        "name": "Cubbon Road",
        "highway": "primary",
        "length_m": 7.73,
        "elevation_m": 914.18,
        "maxspeed_kmh": 50
      }
    },
    {
      "type": "Feature",
      "geometry": {
        "type": "LineString",
        "coordinates": [
          [
            77.614389,
            12.975396
          ],
          [
            77.614321,
            12.975417
          ]
        ]
      },
      "properties": {
        "id": "RE-00486",
        "name": "Cubbon Road",
        "highway": "primary",
        "length_m": 7.73,
        "elevation_m": 914.18,
        "maxspeed_kmh": 50
      }
    },
    {
      "type": "Feature",
      "geometry": {
        "type": "LineString",
        "coordinates": [
          [
            77.614389,
            12.975396
          ],
          [
            77.614466,
            12.97537
          ],
          [
            77.614431,
            12.975253
          ],
          [
            77.614415,
            12.975203
          ],
          [
            77.614276,
            12.974771
          ],
          [
            77.614196,
            12.974543
          ],
          [
            77.614146,
            12.974373
          ],
          [
            77.61408,
            12.974161
          ],
          [
            77.61399,
            12.973879
          ],
          [
            77.613978,
            12.973839
          ],
          [
            77.613953,
            12.973766
          ]
        ]
      },
      "properties": {
        "id": "RE-00487",
        "name": "Dickenson Road",
        "highway": "primary",
        "length_m": 195.67,
        "elevation_m": 914.84,
        "maxspeed_kmh": 50
      }
    },
    {
      "type": "Feature",
      "geometry": {
        "type": "LineString",
        "coordinates": [
          [
            77.646586,
            12.978621
          ],
          [
            77.646532,
            12.97862
          ],
          [
            77.646497,
            12.978619
          ],
          [
            77.646426,
            12.978616
          ],
          [
            77.646381,
            12.978614
          ],
          [
            77.646144,
            12.978604
          ],
          [
            77.645712,
            12.97859
          ],
          [
            77.644178,
            12.978548
          ],
          [
            77.642873,
            12.978503
          ],
          [
            77.641435,
            12.978444
          ],
          [
            77.641016,
            12.978426
          ],
          [
            77.640913,
            12.978424
          ]
        ]
      },
      "properties": {
        "id": "RE-00488",
        "name": "Chinmaya Mission Hospital Road",
        "highway": "primary",
        "length_m": 615.1,
        "elevation_m": 908.51,
        "maxspeed_kmh": 50
      }
    },
    {
      "type": "Feature",
      "geometry": {
        "type": "LineString",
        "coordinates": [
          [
            77.646586,
            12.978621
          ],
          [
            77.646652,
            12.978625
          ]
        ]
      },
      "properties": {
        "id": "RE-00489",
        "name": "80 Feet Road",
        "highway": "primary",
        "length_m": 7.17,
        "elevation_m": 909.69,
        "maxspeed_kmh": 50
      }
    },
    {
      "type": "Feature",
      "geometry": {
        "type": "LineString",
        "coordinates": [
          [
            77.646652,
            12.978625
          ],
          [
            77.646586,
            12.978621
          ]
        ]
      },
      "properties": {
        "id": "RE-00490",
        "name": "80 Feet Road",
        "highway": "primary",
        "length_m": 7.17,
        "elevation_m": 909.69,
        "maxspeed_kmh": 50
      }
    },
    {
      "type": "Feature",
      "geometry": {
        "type": "LineString",
        "coordinates": [
          [
            77.646652,
            12.978625
          ],
          [
            77.646659,
            12.978574
          ]
        ]
      },
      "properties": {
        "id": "RE-00491",
        "name": "80 Feet Road",
        "highway": "primary",
        "length_m": 5.72,
        "elevation_m": 909.69,
        "maxspeed_kmh": 50
      }
    },
    {
      "type": "Feature",
      "geometry": {
        "type": "LineString",
        "coordinates": [
          [
            77.646659,
            12.978574
          ],
          [
            77.646652,
            12.978625
          ]
        ]
      },
      "properties": {
        "id": "RE-00492",
        "name": "80 Feet Road",
        "highway": "primary",
        "length_m": 5.72,
        "elevation_m": 909.69,
        "maxspeed_kmh": 50
      }
    },
    {
      "type": "Feature",
      "geometry": {
        "type": "LineString",
        "coordinates": [
          [
            77.646659,
            12.978574
          ],
          [
            77.646663,
            12.978542
          ]
        ]
      },
      "properties": {
        "id": "RE-00493",
        "name": "80 Feet Road",
        "highway": "primary",
        "length_m": 5.0,
        "elevation_m": 909.69,
        "maxspeed_kmh": 50
      }
    },
    {
      "type": "Feature",
      "geometry": {
        "type": "LineString",
        "coordinates": [
          [
            77.646663,
            12.978542
          ],
          [
            77.646659,
            12.978574
          ]
        ]
      },
      "properties": {
        "id": "RE-00494",
        "name": "80 Feet Road",
        "highway": "primary",
        "length_m": 5.0,
        "elevation_m": 909.69,
        "maxspeed_kmh": 50
      }
    },
    {
      "type": "Feature",
      "geometry": {
        "type": "LineString",
        "coordinates": [
          [
            77.646663,
            12.978542
          ],
          [
            77.646665,
            12.978492
          ]
        ]
      },
      "properties": {
        "id": "RE-00495",
        "name": "80 Feet Road",
        "highway": "primary",
        "length_m": 5.56,
        "elevation_m": 909.69,
        "maxspeed_kmh": 50
      }
    },
    {
      "type": "Feature",
      "geometry": {
        "type": "LineString",
        "coordinates": [
          [
            77.646665,
            12.978492
          ],
          [
            77.646663,
            12.978542
          ]
        ]
      },
      "properties": {
        "id": "RE-00496",
        "name": "80 Feet Road",
        "highway": "primary",
        "length_m": 5.56,
        "elevation_m": 909.69,
        "maxspeed_kmh": 50
      }
    },
    {
      "type": "Feature",
      "geometry": {
        "type": "LineString",
        "coordinates": [
          [
            77.646665,
            12.978492
          ],
          [
            77.646701,
            12.977871
          ]
        ]
      },
      "properties": {
        "id": "RE-00497",
        "name": "80 Feet Road",
        "highway": "primary",
        "length_m": 69.16,
        "elevation_m": 909.92,
        "maxspeed_kmh": 50
      }
    },
    {
      "type": "Feature",
      "geometry": {
        "type": "LineString",
        "coordinates": [
          [
            77.646701,
            12.977871
          ],
          [
            77.646665,
            12.978492
          ]
        ]
      },
      "properties": {
        "id": "RE-00498",
        "name": "80 Feet Road",
        "highway": "primary",
        "length_m": 69.16,
        "elevation_m": 909.92,
        "maxspeed_kmh": 50
      }
    },
    {
      "type": "Feature",
      "geometry": {
        "type": "LineString",
        "coordinates": [
          [
            77.646701,
            12.977871
          ],
          [
            77.646717,
            12.977592
          ]
        ]
      },
      "properties": {
        "id": "RE-00499",
        "name": "80 Feet Road",
        "highway": "primary",
        "length_m": 31.07,
        "elevation_m": 909.66,
        "maxspeed_kmh": 50
      }
    },
    {
      "type": "Feature",
      "geometry": {
        "type": "LineString",
        "coordinates": [
          [
            77.646717,
            12.977592
          ],
          [
            77.646701,
            12.977871
          ]
        ]
      },
      "properties": {
        "id": "RE-00500",
        "name": "80 Feet Road",
        "highway": "primary",
        "length_m": 31.07,
        "elevation_m": 909.66,
        "maxspeed_kmh": 50
      }
    },
    {
      "type": "Feature",
      "geometry": {
        "type": "LineString",
        "coordinates": [
          [
            77.646717,
            12.977592
          ],
          [
            77.646727,
            12.977408
          ]
        ]
      },
      "properties": {
        "id": "RE-00501",
        "name": "80 Feet Road",
        "highway": "primary",
        "length_m": 20.49,
        "elevation_m": 909.66,
        "maxspeed_kmh": 50
      }
    },
    {
      "type": "Feature",
      "geometry": {
        "type": "LineString",
        "coordinates": [
          [
            77.646727,
            12.977408
          ],
          [
            77.646717,
            12.977592
          ]
        ]
      },
      "properties": {
        "id": "RE-00502",
        "name": "80 Feet Road",
        "highway": "primary",
        "length_m": 20.49,
        "elevation_m": 909.66,
        "maxspeed_kmh": 50
      }
    },
    {
      "type": "Feature",
      "geometry": {
        "type": "LineString",
        "coordinates": [
          [
            77.646727,
            12.977408
          ],
          [
            77.646863,
            12.975009
          ]
        ]
      },
      "properties": {
        "id": "RE-00503",
        "name": "80 Feet Road",
        "highway": "primary",
        "length_m": 267.16,
        "elevation_m": 905.57,
        "maxspeed_kmh": 50
      }
    },
    {
      "type": "Feature",
      "geometry": {
        "type": "LineString",
        "coordinates": [
          [
            77.646863,
            12.975009
          ],
          [
            77.646727,
            12.977408
          ]
        ]
      },
      "properties": {
        "id": "RE-00504",
        "name": "80 Feet Road",
        "highway": "primary",
        "length_m": 267.16,
        "elevation_m": 905.57,
        "maxspeed_kmh": 50
      }
    },
    {
      "type": "Feature",
      "geometry": {
        "type": "LineString",
        "coordinates": [
          [
            77.646863,
            12.975009
          ],
          [
            77.646893,
            12.974586
          ]
        ]
      },
      "properties": {
        "id": "RE-00505",
        "name": "80 Feet Road",
        "highway": "primary",
        "length_m": 47.15,
        "elevation_m": 904.78,
        "maxspeed_kmh": 50
      }
    },
    {
      "type": "Feature",
      "geometry": {
        "type": "LineString",
        "coordinates": [
          [
            77.646893,
            12.974586
          ],
          [
            77.646863,
            12.975009
          ]
        ]
      },
      "properties": {
        "id": "RE-00506",
        "name": "80 Feet Road",
        "highway": "primary",
        "length_m": 47.15,
        "elevation_m": 904.78,
        "maxspeed_kmh": 50
      }
    },
    {
      "type": "Feature",
      "geometry": {
        "type": "LineString",
        "coordinates": [
          [
            77.646893,
            12.974586
          ],
          [
            77.646908,
            12.974382
          ]
        ]
      },
      "properties": {
        "id": "RE-00507",
        "name": "80 Feet Road",
        "highway": "primary",
        "length_m": 22.74,
        "elevation_m": 904.0,
        "maxspeed_kmh": 50
      }
    },
    {
      "type": "Feature",
      "geometry": {
        "type": "LineString",
        "coordinates": [
          [
            77.646908,
            12.974382
          ],
          [
            77.646893,
            12.974586
          ]
        ]
      },
      "properties": {
        "id": "RE-00508",
        "name": "80 Feet Road",
        "highway": "primary",
        "length_m": 22.74,
        "elevation_m": 904.0,
        "maxspeed_kmh": 50
      }
    },
    {
      "type": "Feature",
      "geometry": {
        "type": "LineString",
        "coordinates": [
          [
            77.646908,
            12.974382
          ],
          [
            77.646917,
            12.974189
          ]
        ]
      },
      "properties": {
        "id": "RE-00509",
        "name": "80 Feet Road",
        "highway": "primary",
        "length_m": 21.48,
        "elevation_m": 903.22,
        "maxspeed_kmh": 50
      }
    },
    {
      "type": "Feature",
      "geometry": {
        "type": "LineString",
        "coordinates": [
          [
            77.646917,
            12.974189
          ],
          [
            77.646908,
            12.974382
          ]
        ]
      },
      "properties": {
        "id": "RE-00510",
        "name": "80 Feet Road",
        "highway": "primary",
        "length_m": 21.48,
        "elevation_m": 903.22,
        "maxspeed_kmh": 50
      }
    },
    {
      "type": "Feature",
      "geometry": {
        "type": "LineString",
        "coordinates": [
          [
            77.646917,
            12.974189
          ],
          [
            77.646921,
            12.974131
          ]
        ]
      },
      "properties": {
        "id": "RE-00511",
        "name": "80 Feet Road",
        "highway": "primary",
        "length_m": 6.46,
        "elevation_m": 903.22,
        "maxspeed_kmh": 50
      }
    },
    {
      "type": "Feature",
      "geometry": {
        "type": "LineString",
        "coordinates": [
          [
            77.646921,
            12.974131
          ],
          [
            77.646917,
            12.974189
          ]
        ]
      },
      "properties": {
        "id": "RE-00512",
        "name": "80 Feet Road",
        "highway": "primary",
        "length_m": 6.46,
        "elevation_m": 903.22,
        "maxspeed_kmh": 50
      }
    },
    {
      "type": "Feature",
      "geometry": {
        "type": "LineString",
        "coordinates": [
          [
            77.646921,
            12.974131
          ],
          [
            77.646922,
            12.974109
          ]
        ]
      },
      "properties": {
        "id": "RE-00513",
        "name": "80 Feet Road",
        "highway": "primary",
        "length_m": 5.0,
        "elevation_m": 903.22,
        "maxspeed_kmh": 50
      }
    },
    {
      "type": "Feature",
      "geometry": {
        "type": "LineString",
        "coordinates": [
          [
            77.646922,
            12.974109
          ],
          [
            77.646921,
            12.974131
          ]
        ]
      },
      "properties": {
        "id": "RE-00514",
        "name": "80 Feet Road",
        "highway": "primary",
        "length_m": 5.0,
        "elevation_m": 903.22,
        "maxspeed_kmh": 50
      }
    },
    {
      "type": "Feature",
      "geometry": {
        "type": "LineString",
        "coordinates": [
          [
            77.646922,
            12.974109
          ],
          [
            77.646927,
            12.974041
          ]
        ]
      },
      "properties": {
        "id": "RE-00515",
        "name": "80 Feet Road",
        "highway": "primary",
        "length_m": 7.58,
        "elevation_m": 903.22,
        "maxspeed_kmh": 50
      }
    },
    {
      "type": "Feature",
      "geometry": {
        "type": "LineString",
        "coordinates": [
          [
            77.646927,
            12.974041
          ],
          [
            77.646922,
            12.974109
          ]
        ]
      },
      "properties": {
        "id": "RE-00516",
        "name": "80 Feet Road",
        "highway": "primary",
        "length_m": 7.58,
        "elevation_m": 903.22,
        "maxspeed_kmh": 50
      }
    },
    {
      "type": "Feature",
      "geometry": {
        "type": "LineString",
        "coordinates": [
          [
            77.646927,
            12.974041
          ],
          [
            77.646931,
            12.973987
          ],
          [
            77.646954,
            12.97352
          ],
          [
            77.646975,
            12.973192
          ],
          [
            77.646976,
            12.973183
          ],
          [
            77.64698,
            12.973122
          ]
        ]
      },
      "properties": {
        "id": "RE-00517",
        "name": "80 Feet Road",
        "highway": "primary",
        "length_m": 102.35,
        "elevation_m": 900.18,
        "maxspeed_kmh": 50
      }
    },
    {
      "type": "Feature",
      "geometry": {
        "type": "LineString",
        "coordinates": [
          [
            77.646927,
            12.974041
          ],
          [
            77.646849,
            12.974038
          ],
          [
            77.646847,
            12.974107
          ],
          [
            77.646845,
            12.974202
          ],
          [
            77.64682,
            12.974576
          ]
        ]
      },
      "properties": {
        "id": "RE-00518",
        "name": "80 Feet Road",
        "highway": "primary",
        "length_m": 68.37,
        "elevation_m": 903.22,
        "maxspeed_kmh": 50
      }
    },
    {
      "type": "Feature",
      "geometry": {
        "type": "LineString",
        "coordinates": [
          [
            77.64698,
            12.973122
          ],
          [
            77.646976,
            12.973183
          ],
          [
            77.646975,
            12.973192
          ],
          [
            77.646954,
            12.97352
          ],
          [
            77.646931,
            12.973987
          ],
          [
            77.646927,
            12.974041
          ]
        ]
      },
      "properties": {
        "id": "RE-00519",
        "name": "80 Feet Road",
        "highway": "primary",
        "length_m": 102.35,
        "elevation_m": 900.18,
        "maxspeed_kmh": 50
      }
    },
    {
      "type": "Feature",
      "geometry": {
        "type": "LineString",
        "coordinates": [
          [
            77.64698,
            12.973122
          ],
          [
            77.647025,
            12.973121
          ]
        ]
      },
      "properties": {
        "id": "RE-00520",
        "name": "Thippasandra Main Road",
        "highway": "primary",
        "length_m": 5.0,
        "elevation_m": 900.18,
        "maxspeed_kmh": 50
      }
    },
    {
      "type": "Feature",
      "geometry": {
        "type": "LineString",
        "coordinates": [
          [
            77.647025,
            12.973121
          ],
          [
            77.64698,
            12.973122
          ]
        ]
      },
      "properties": {
        "id": "RE-00521",
        "name": "Thippasandra Main Road",
        "highway": "primary",
        "length_m": 5.0,
        "elevation_m": 900.18,
        "maxspeed_kmh": 50
      }
    },
    {
      "type": "Feature",
      "geometry": {
        "type": "LineString",
        "coordinates": [
          [
            77.647025,
            12.973121
          ],
          [
            77.647514,
            12.973109
          ]
        ]
      },
      "properties": {
        "id": "RE-00522",
        "name": "Thippasandra Main Road",
        "highway": "primary",
        "length_m": 53.0,
        "elevation_m": 900.28,
        "maxspeed_kmh": 50
      }
    },
    {
      "type": "Feature",
      "geometry": {
        "type": "LineString",
        "coordinates": [
          [
            77.647514,
            12.973109
          ],
          [
            77.647025,
            12.973121
          ]
        ]
      },
      "properties": {
        "id": "RE-00523",
        "name": "Thippasandra Main Road",
        "highway": "primary",
        "length_m": 53.0,
        "elevation_m": 900.28,
        "maxspeed_kmh": 50
      }
    },
    {
      "type": "Feature",
      "geometry": {
        "type": "LineString",
        "coordinates": [
          [
            77.647514,
            12.973109
          ],
          [
            77.647911,
            12.972975
          ]
        ]
      },
      "properties": {
        "id": "RE-00524",
        "name": "Thippasandra Main Road",
        "highway": "primary",
        "length_m": 45.53,
        "elevation_m": 899.91,
        "maxspeed_kmh": 50
      }
    },
    {
      "type": "Feature",
      "geometry": {
        "type": "LineString",
        "coordinates": [
          [
            77.647911,
            12.972975
          ],
          [
            77.647514,
            12.973109
          ]
        ]
      },
      "properties": {
        "id": "RE-00525",
        "name": "Thippasandra Main Road",
        "highway": "primary",
        "length_m": 45.53,
        "elevation_m": 899.91,
        "maxspeed_kmh": 50
      }
    },
    {
      "type": "Feature",
      "geometry": {
        "type": "LineString",
        "coordinates": [
          [
            77.647911,
            12.972975
          ],
          [
            77.648132,
            12.97285
          ]
        ]
      },
      "properties": {
        "id": "RE-00526",
        "name": "Thippasandra Main Road",
        "highway": "primary",
        "length_m": 27.69,
        "elevation_m": 899.91,
        "maxspeed_kmh": 50
      }
    },
    {
      "type": "Feature",
      "geometry": {
        "type": "LineString",
        "coordinates": [
          [
            77.648132,
            12.97285
          ],
          [
            77.647911,
            12.972975
          ]
        ]
      },
      "properties": {
        "id": "RE-00527",
        "name": "Thippasandra Main Road",
        "highway": "primary",
        "length_m": 27.69,
        "elevation_m": 899.91,
        "maxspeed_kmh": 50
      }
    },
    {
      "type": "Feature",
      "geometry": {
        "type": "LineString",
        "coordinates": [
          [
            77.648132,
            12.97285
          ],
          [
            77.648312,
            12.972749
          ]
        ]
      },
      "properties": {
        "id": "RE-00528",
        "name": "Thippasandra Main Road",
        "highway": "primary",
        "length_m": 22.51,
        "elevation_m": 899.93,
        "maxspeed_kmh": 50
      }
    },
    {
      "type": "Feature",
      "geometry": {
        "type": "LineString",
        "coordinates": [
          [
            77.648312,
            12.972749
          ],
          [
            77.648132,
            12.97285
          ]
        ]
      },
      "properties": {
        "id": "RE-00529",
        "name": "Thippasandra Main Road",
        "highway": "primary",
        "length_m": 22.51,
        "elevation_m": 899.93,
        "maxspeed_kmh": 50
      }
    },
    {
      "type": "Feature",
      "geometry": {
        "type": "LineString",
        "coordinates": [
          [
            77.648312,
            12.972749
          ],
          [
            77.64862,
            12.972579
          ]
        ]
      },
      "properties": {
        "id": "RE-00530",
        "name": "Thippasandra Main Road",
        "highway": "primary",
        "length_m": 38.36,
        "elevation_m": 899.43,
        "maxspeed_kmh": 50
      }
    },
    {
      "type": "Feature",
      "geometry": {
        "type": "LineString",
        "coordinates": [
          [
            77.64862,
            12.972579
          ],
          [
            77.648312,
            12.972749
          ]
        ]
      },
      "properties": {
        "id": "RE-00531",
        "name": "Thippasandra Main Road",
        "highway": "primary",
        "length_m": 38.36,
        "elevation_m": 899.43,
        "maxspeed_kmh": 50
      }
    },
    {
      "type": "Feature",
      "geometry": {
        "type": "LineString",
        "coordinates": [
          [
            77.64862,
            12.972579
          ],
          [
            77.6488,
            12.972499
          ]
        ]
      },
      "properties": {
        "id": "RE-00532",
        "name": "Thippasandra Main Road",
        "highway": "primary",
        "length_m": 21.44,
        "elevation_m": 899.42,
        "maxspeed_kmh": 50
      }
    },
    {
      "type": "Feature",
      "geometry": {
        "type": "LineString",
        "coordinates": [
          [
            77.6488,
            12.972499
          ],
          [
            77.64862,
            12.972579
          ]
        ]
      },
      "properties": {
        "id": "RE-00533",
        "name": "Thippasandra Main Road",
        "highway": "primary",
        "length_m": 21.44,
        "elevation_m": 899.42,
        "maxspeed_kmh": 50
      }
    },
    {
      "type": "Feature",
      "geometry": {
        "type": "LineString",
        "coordinates": [
          [
            77.6488,
            12.972499
          ],
          [
            77.64911,
            12.972423
          ]
        ]
      },
      "properties": {
        "id": "RE-00534",
        "name": "Thippasandra Main Road",
        "highway": "primary",
        "length_m": 34.64,
        "elevation_m": 898.84,
        "maxspeed_kmh": 50
      }
    },
    {
      "type": "Feature",
      "geometry": {
        "type": "LineString",
        "coordinates": [
          [
            77.64911,
            12.972423
          ],
          [
            77.6488,
            12.972499
          ]
        ]
      },
      "properties": {
        "id": "RE-00535",
        "name": "Thippasandra Main Road",
        "highway": "primary",
        "length_m": 34.64,
        "elevation_m": 898.84,
        "maxspeed_kmh": 50
      }
    },
    {
      "type": "Feature",
      "geometry": {
        "type": "LineString",
        "coordinates": [
          [
            77.64911,
            12.972423
          ],
          [
            77.649438,
            12.972379
          ]
        ]
      },
      "properties": {
        "id": "RE-00536",
        "name": "Thippasandra Main Road",
        "highway": "primary",
        "length_m": 35.88,
        "elevation_m": 898.8,
        "maxspeed_kmh": 50
      }
    },
    {
      "type": "Feature",
      "geometry": {
        "type": "LineString",
        "coordinates": [
          [
            77.649438,
            12.972379
          ],
          [
            77.64911,
            12.972423
          ]
        ]
      },
      "properties": {
        "id": "RE-00537",
        "name": "Thippasandra Main Road",
        "highway": "primary",
        "length_m": 35.88,
        "elevation_m": 898.8,
        "maxspeed_kmh": 50
      }
    },
    {
      "type": "Feature",
      "geometry": {
        "type": "LineString",
        "coordinates": [
          [
            77.649438,
            12.972379
          ],
          [
            77.649604,
            12.972353
          ]
        ]
      },
      "properties": {
        "id": "RE-00538",
        "name": "Thippasandra Main Road",
        "highway": "primary",
        "length_m": 18.22,
        "elevation_m": 898.77,
        "maxspeed_kmh": 50
      }
    },
    {
      "type": "Feature",
      "geometry": {
        "type": "LineString",
        "coordinates": [
          [
            77.649604,
            12.972353
          ],
          [
            77.649438,
            12.972379
          ]
        ]
      },
      "properties": {
        "id": "RE-00539",
        "name": "Thippasandra Main Road",
        "highway": "primary",
        "length_m": 18.22,
        "elevation_m": 898.77,
        "maxspeed_kmh": 50
      }
    },
    {
      "type": "Feature",
      "geometry": {
        "type": "LineString",
        "coordinates": [
          [
            77.649604,
            12.972353
          ],
          [
            77.649767,
            12.972362
          ]
        ]
      },
      "properties": {
        "id": "RE-00540",
        "name": "Thippasandra Main Road",
        "highway": "primary",
        "length_m": 17.69,
        "elevation_m": 898.73,
        "maxspeed_kmh": 50
      }
    },
    {
      "type": "Feature",
      "geometry": {
        "type": "LineString",
        "coordinates": [
          [
            77.649767,
            12.972362
          ],
          [
            77.649604,
            12.972353
          ]
        ]
      },
      "properties": {
        "id": "RE-00541",
        "name": "Thippasandra Main Road",
        "highway": "primary",
        "length_m": 17.69,
        "elevation_m": 898.73,
        "maxspeed_kmh": 50
      }
    },
    {
      "type": "Feature",
      "geometry": {
        "type": "LineString",
        "coordinates": [
          [
            77.649767,
            12.972362
          ],
          [
            77.64992,
            12.972382
          ]
        ]
      },
      "properties": {
        "id": "RE-00542",
        "name": "Thippasandra Main Road",
        "highway": "primary",
        "length_m": 16.73,
        "elevation_m": 898.73,
        "maxspeed_kmh": 50
      }
    },
    {
      "type": "Feature",
      "geometry": {
        "type": "LineString",
        "coordinates": [
          [
            77.64992,
            12.972382
          ],
          [
            77.649767,
            12.972362
          ]
        ]
      },
      "properties": {
        "id": "RE-00543",
        "name": "Thippasandra Main Road",
        "highway": "primary",
        "length_m": 16.73,
        "elevation_m": 898.73,
        "maxspeed_kmh": 50
      }
    },
    {
      "type": "Feature",
      "geometry": {
        "type": "LineString",
        "coordinates": [
          [
            77.64992,
            12.972382
          ],
          [
            77.650147,
            12.972413
          ]
        ]
      },
      "properties": {
        "id": "RE-00544",
        "name": "Thippasandra Main Road",
        "highway": "primary",
        "length_m": 24.84,
        "elevation_m": 898.69,
        "maxspeed_kmh": 50
      }
    },
    {
      "type": "Feature",
      "geometry": {
        "type": "LineString",
        "coordinates": [
          [
            77.650147,
            12.972413
          ],
          [
            77.64992,
            12.972382
          ]
        ]
      },
      "properties": {
        "id": "RE-00545",
        "name": "Thippasandra Main Road",
        "highway": "primary",
        "length_m": 24.84,
        "elevation_m": 898.69,
        "maxspeed_kmh": 50
      }
    },
    {
      "type": "Feature",
      "geometry": {
        "type": "LineString",
        "coordinates": [
          [
            77.650147,
            12.972413
          ],
          [
            77.650301,
            12.972434
          ]
        ]
      },
      "properties": {
        "id": "RE-00546",
        "name": "Thippasandra Main Road",
        "highway": "primary",
        "length_m": 16.85,
        "elevation_m": 898.65,
        "maxspeed_kmh": 50
      }
    },
    {
      "type": "Feature",
      "geometry": {
        "type": "LineString",
        "coordinates": [
          [
            77.650301,
            12.972434
          ],
          [
            77.650147,
            12.972413
          ]
        ]
      },
      "properties": {
        "id": "RE-00547",
        "name": "Thippasandra Main Road",
        "highway": "primary",
        "length_m": 16.85,
        "elevation_m": 898.65,
        "maxspeed_kmh": 50
      }
    },
    {
      "type": "Feature",
      "geometry": {
        "type": "LineString",
        "coordinates": [
          [
            77.650301,
            12.972434
          ],
          [
            77.65037,
            12.972446
          ]
        ]
      },
      "properties": {
        "id": "RE-00548",
        "name": "Thippasandra Main Road",
        "highway": "primary",
        "length_m": 7.59,
        "elevation_m": 898.65,
        "maxspeed_kmh": 50
      }
    },
    {
      "type": "Feature",
      "geometry": {
        "type": "LineString",
        "coordinates": [
          [
            77.65037,
            12.972446
          ],
          [
            77.650301,
            12.972434
          ]
        ]
      },
      "properties": {
        "id": "RE-00549",
        "name": "Thippasandra Main Road",
        "highway": "primary",
        "length_m": 7.59,
        "elevation_m": 898.65,
        "maxspeed_kmh": 50
      }
    },
    {
      "type": "Feature",
      "geometry": {
        "type": "LineString",
        "coordinates": [
          [
            77.65037,
            12.972446
          ],
          [
            77.650697,
            12.972514
          ]
        ]
      },
      "properties": {
        "id": "RE-00550",
        "name": "Thippasandra Main Road",
        "highway": "primary",
        "length_m": 36.23,
        "elevation_m": 899.4,
        "maxspeed_kmh": 50
      }
    },
    {
      "type": "Feature",
      "geometry": {
        "type": "LineString",
        "coordinates": [
          [
            77.650697,
            12.972514
          ],
          [
            77.65037,
            12.972446
          ]
        ]
      },
      "properties": {
        "id": "RE-00551",
        "name": "Thippasandra Main Road",
        "highway": "primary",
        "length_m": 36.23,
        "elevation_m": 899.4,
        "maxspeed_kmh": 50
      }
    },
    {
      "type": "Feature",
      "geometry": {
        "type": "LineString",
        "coordinates": [
          [
            77.650697,
            12.972514
          ],
          [
            77.650834,
            12.972523
          ]
        ]
      },
      "properties": {
        "id": "RE-00552",
        "name": "Thippasandra Main Road",
        "highway": "primary",
        "length_m": 14.88,
        "elevation_m": 899.5,
        "maxspeed_kmh": 50
      }
    },
    {
      "type": "Feature",
      "geometry": {
        "type": "LineString",
        "coordinates": [
          [
            77.650834,
            12.972523
          ],
          [
            77.650697,
            12.972514
          ]
        ]
      },
      "properties": {
        "id": "RE-00553",
        "name": "Thippasandra Main Road",
        "highway": "primary",
        "length_m": 14.88,
        "elevation_m": 899.5,
        "maxspeed_kmh": 50
      }
    },
    {
      "type": "Feature",
      "geometry": {
        "type": "LineString",
        "coordinates": [
          [
            77.650834,
            12.972523
          ],
          [
            77.651035,
            12.972522
          ]
        ]
      },
      "properties": {
        "id": "RE-00554",
        "name": "Thippasandra Main Road",
        "highway": "primary",
        "length_m": 21.78,
        "elevation_m": 899.5,
        "maxspeed_kmh": 50
      }
    },
    {
      "type": "Feature",
      "geometry": {
        "type": "LineString",
        "coordinates": [
          [
            77.651035,
            12.972522
          ],
          [
            77.650834,
            12.972523
          ]
        ]
      },
      "properties": {
        "id": "RE-00555",
        "name": "Thippasandra Main Road",
        "highway": "primary",
        "length_m": 21.78,
        "elevation_m": 899.5,
        "maxspeed_kmh": 50
      }
    },
    {
      "type": "Feature",
      "geometry": {
        "type": "LineString",
        "coordinates": [
          [
            77.651035,
            12.972522
          ],
          [
            77.651849,
            12.972367
          ],
          [
            77.652162,
            12.972287
          ],
          [
            77.652681,
            12.972237
          ],
          [
            77.652998,
            12.972207
          ],
          [
            77.653349,
            12.972188
          ],
          [
            77.653525,
            12.972176
          ],
          [
            77.653601,
            12.972168
          ],
          [
            77.653755,
            12.972149
          ],
          [
            77.653993,
            12.9721
          ],
          [
            77.654048,
            12.972086
          ],
          [
            77.654179,
            12.972051
          ],
          [
            77.654374,
            12.972017
          ],
          [
            77.65451,
            12.971994
          ],
          [
            77.654535,
            12.971989
          ],
          [
            77.654863,
            12.971906
          ],
          [
            77.654956,
            12.971877
          ],
          [
            77.655242,
            12.971787
          ]
        ]
      },
      "properties": {
        "id": "RE-00556",
        "name": "Thippasandra Main Road",
        "highway": "primary",
        "length_m": 464.56,
        "elevation_m": 900.81,
        "maxspeed_kmh": 50
      }
    },
    {
      "type": "Feature",
      "geometry": {
        "type": "LineString",
        "coordinates": [
          [
            77.651035,
            12.972522
          ],
          [
            77.651136,
            12.972882
          ],
          [
            77.651228,
            12.973216
          ],
          [
            77.651284,
            12.973541
          ],
          [
            77.651362,
            12.973883
          ]
        ]
      },
      "properties": {
        "id": "RE-00557",
        "name": "Rama Temple Road",
        "highway": "primary",
        "length_m": 155.55,
        "elevation_m": 900.74,
        "maxspeed_kmh": 50
      }
    },
    {
      "type": "Feature",
      "geometry": {
        "type": "LineString",
        "coordinates": [
          [
            77.655242,
            12.971787
          ],
          [
            77.654956,
            12.971877
          ],
          [
            77.654863,
            12.971906
          ],
          [
            77.654535,
            12.971989
          ],
          [
            77.65451,
            12.971994
          ],
          [
            77.654374,
            12.972017
          ],
          [
            77.654179,
            12.972051
          ],
          [
            77.654048,
            12.972086
          ],
          [
            77.653993,
            12.9721
          ],
          [
            77.653755,
            12.972149
          ],
          [
            77.653601,
            12.972168
          ],
          [
            77.653525,
            12.972176
          ],
          [
            77.653349,
            12.972188
          ],
          [
            77.652998,
            12.972207
          ],
          [
            77.652681,
            12.972237
          ],
          [
            77.652162,
            12.972287
          ],
          [
            77.651849,
            12.972367
          ],
          [
            77.651035,
            12.972522
          ]
        ]
      },
      "properties": {
        "id": "RE-00558",
        "name": "Thippasandra Main Road",
        "highway": "primary",
        "length_m": 464.56,
        "elevation_m": 900.81,
        "maxspeed_kmh": 50
      }
    },
    {
      "type": "Feature",
      "geometry": {
        "type": "LineString",
        "coordinates": [
          [
            77.655242,
            12.971787
          ],
          [
            77.655276,
            12.972237
          ],
          [
            77.655346,
            12.973209
          ],
          [
            77.655354,
            12.9733
          ]
        ]
      },
      "properties": {
        "id": "RE-00559",
        "name": "1st A Cross Road",
        "highway": "primary",
        "length_m": 168.68,
        "elevation_m": 900.12,
        "maxspeed_kmh": 50
      }
    },
    {
      "type": "Feature",
      "geometry": {
        "type": "LineString",
        "coordinates": [
          [
            77.655354,
            12.9733
          ],
          [
            77.655346,
            12.973209
          ],
          [
            77.655276,
            12.972237
          ],
          [
            77.655242,
            12.971787
          ]
        ]
      },
      "properties": {
        "id": "RE-00560",
        "name": "1st A Cross Road",
        "highway": "primary",
        "length_m": 168.68,
        "elevation_m": 900.12,
        "maxspeed_kmh": 50
      }
    },
    {
      "type": "Feature",
      "geometry": {
        "type": "LineString",
        "coordinates": [
          [
            77.655354,
            12.9733
          ],
          [
            77.655354,
            12.9733
          ]
        ]
      },
      "properties": {
        "id": "RE-00561",
        "name": "1st A Cross Road",
        "highway": "primary",
        "length_m": 5.0,
        "elevation_m": 900.89,
        "maxspeed_kmh": 50
      }
    },
    {
      "type": "Feature",
      "geometry": {
        "type": "LineString",
        "coordinates": [
          [
            77.621848,
            12.975529
          ],
          [
            77.621846,
            12.975446
          ],
          [
            77.621841,
            12.975224
          ]
        ]
      },
      "properties": {
        "id": "RE-00562",
        "name": "Connecting Avenue",
        "highway": "primary",
        "length_m": 33.92,
        "elevation_m": 895.95,
        "maxspeed_kmh": 50
      }
    },
    {
      "type": "Feature",
      "geometry": {
        "type": "LineString",
        "coordinates": [
          [
            77.621841,
            12.975224
          ],
          [
            77.621846,
            12.975446
          ],
          [
            77.621848,
            12.975529
          ]
        ]
      },
      "properties": {
        "id": "RE-00563",
        "name": "Connecting Avenue",
        "highway": "primary",
        "length_m": 33.92,
        "elevation_m": 895.95,
        "maxspeed_kmh": 50
      }
    },
    {
      "type": "Feature",
      "geometry": {
        "type": "LineString",
        "coordinates": [
          [
            77.621841,
            12.975224
          ],
          [
            77.621866,
            12.97523
          ],
          [
            77.622126,
            12.975291
          ],
          [
            77.622201,
            12.975309
          ],
          [
            77.622325,
            12.975338
          ],
          [
            77.622507,
            12.975385
          ],
          [
            77.622661,
            12.97541
          ],
          [
            77.622779,
            12.97541
          ],
          [
            77.622875,
            12.97541
          ],
          [
            77.623068,
            12.975411
          ],
          [
            77.623389,
            12.975365
          ],
          [
            77.623736,
            12.975315
          ],
          [
            77.624208,
            12.975247
          ],
          [
            77.6243,
            12.975236
          ],
          [
            77.624698,
            12.97519
          ],
          [
            77.624886,
            12.97517
          ],
          [
            77.624994,
            12.975159
          ],
          [
            77.625112,
            12.975146
          ],
          [
            77.625216,
            12.975104
          ],
          [
            77.625237,
            12.97509
          ],
          [
            77.625296,
            12.97505
          ]
        ]
      },
      "properties": {
        "id": "RE-00564",
        "name": "Shivashankar Road",
        "highway": "primary",
        "length_m": 381.58,
        "elevation_m": 896.89,
        "maxspeed_kmh": 50
      }
    },
    {
      "type": "Feature",
      "geometry": {
        "type": "LineString",
        "coordinates": [
          [
            77.625238,
            12.97195
          ],
          [
            77.62543,
            12.972056
          ],
          [
            77.62623,
            12.97251
          ],
          [
            77.626412,
            12.972614
          ],
          [
            77.626751,
            12.972807
          ]
        ]
      },
      "properties": {
        "id": "RE-00565",
        "name": "1st Main Road",
        "highway": "primary",
        "length_m": 189.63,
        "elevation_m": 902.35,
        "maxspeed_kmh": 50
      }
    },
    {
      "type": "Feature",
      "geometry": {
        "type": "LineString",
        "coordinates": [
          [
            77.625238,
            12.97195
          ],
          [
            77.62443,
            12.972953
          ]
        ]
      },
      "properties": {
        "id": "RE-00566",
        "name": "Connecting Avenue",
        "highway": "primary",
        "length_m": 141.79,
        "elevation_m": 905.8,
        "maxspeed_kmh": 50
      }
    },
    {
      "type": "Feature",
      "geometry": {
        "type": "LineString",
        "coordinates": [
          [
            77.62443,
            12.972953
          ],
          [
            77.625238,
            12.97195
          ]
        ]
      },
      "properties": {
        "id": "RE-00567",
        "name": "Connecting Avenue",
        "highway": "primary",
        "length_m": 141.79,
        "elevation_m": 905.8,
        "maxspeed_kmh": 50
      }
    },
    {
      "type": "Feature",
      "geometry": {
        "type": "LineString",
        "coordinates": [
          [
            77.62443,
            12.972953
          ],
          [
            77.625069,
            12.973348
          ]
        ]
      },
      "properties": {
        "id": "RE-00568",
        "name": "Connecting Avenue",
        "highway": "primary",
        "length_m": 82.0,
        "elevation_m": 904.38,
        "maxspeed_kmh": 50
      }
    },
    {
      "type": "Feature",
      "geometry": {
        "type": "LineString",
        "coordinates": [
          [
            77.625069,
            12.973348
          ],
          [
            77.62443,
            12.972953
          ]
        ]
      },
      "properties": {
        "id": "RE-00569",
        "name": "Connecting Avenue",
        "highway": "primary",
        "length_m": 82.0,
        "elevation_m": 904.38,
        "maxspeed_kmh": 50
      }
    },
    {
      "type": "Feature",
      "geometry": {
        "type": "LineString",
        "coordinates": [
          [
            77.625069,
            12.973348
          ],
          [
            77.625199,
            12.973134
          ]
        ]
      },
      "properties": {
        "id": "RE-00570",
        "name": "Connecting Avenue",
        "highway": "primary",
        "length_m": 27.65,
        "elevation_m": 904.96,
        "maxspeed_kmh": 50
      }
    },
    {
      "type": "Feature",
      "geometry": {
        "type": "LineString",
        "coordinates": [
          [
            77.625199,
            12.973134
          ],
          [
            77.625069,
            12.973348
          ]
        ]
      },
      "properties": {
        "id": "RE-00571",
        "name": "Connecting Avenue",
        "highway": "primary",
        "length_m": 27.65,
        "elevation_m": 904.96,
        "maxspeed_kmh": 50
      }
    },
    {
      "type": "Feature",
      "geometry": {
        "type": "LineString",
        "coordinates": [
          [
            77.625199,
            12.973134
          ],
          [
            77.625199,
            12.973134
          ]
        ]
      },
      "properties": {
        "id": "RE-00572",
        "name": "Connecting Avenue",
        "highway": "primary",
        "length_m": 5.0,
        "elevation_m": 904.96,
        "maxspeed_kmh": 50
      }
    },
    {
      "type": "Feature",
      "geometry": {
        "type": "LineString",
        "coordinates": [
          [
            77.604529,
            12.964771
          ],
          [
            77.60466,
            12.964776
          ],
          [
            77.605095,
            12.96474
          ],
          [
            77.605504,
            12.964692
          ],
          [
            77.605657,
            12.964617
          ],
          [
            77.605735,
            12.964587
          ],
          [
            77.605968,
            12.964517
          ],
          [
            77.606619,
            12.964413
          ],
          [
            77.606712,
            12.964402
          ]
        ]
      },
      "properties": {
        "id": "RE-00573",
        "name": "Leonard Lane",
        "highway": "secondary",
        "length_m": 241.85,
        "elevation_m": 911.64,
        "maxspeed_kmh": 40
      }
    },
    {
      "type": "Feature",
      "geometry": {
        "type": "LineString",
        "coordinates": [
          [
            77.606712,
            12.964402
          ],
          [
            77.606619,
            12.964413
          ],
          [
            77.605968,
            12.964517
          ],
          [
            77.605735,
            12.964587
          ],
          [
            77.605657,
            12.964617
          ],
          [
            77.605504,
            12.964692
          ],
          [
            77.605095,
            12.96474
          ],
          [
            77.60466,
            12.964776
          ],
          [
            77.604529,
            12.964771
          ]
        ]
      },
      "properties": {
        "id": "RE-00574",
        "name": "Leonard Lane",
        "highway": "secondary",
        "length_m": 241.85,
        "elevation_m": 911.64,
        "maxspeed_kmh": 40
      }
    },
    {
      "type": "Feature",
      "geometry": {
        "type": "LineString",
        "coordinates": [
          [
            77.606712,
            12.964402
          ],
          [
            77.606727,
            12.964761
          ],
          [
            77.606754,
            12.965062
          ],
          [
            77.606772,
            12.965272
          ],
          [
            77.60675,
            12.966031
          ],
          [
            77.606745,
            12.966078
          ],
          [
            77.60674,
            12.96612
          ],
          [
            77.606723,
            12.966217
          ]
        ]
      },
      "properties": {
        "id": "RE-00575",
        "name": "Hosur Road",
        "highway": "primary",
        "length_m": 202.31,
        "elevation_m": 913.92,
        "maxspeed_kmh": 50
      }
    },
    {
      "type": "Feature",
      "geometry": {
        "type": "LineString",
        "coordinates": [
          [
            77.606723,
            12.966217
          ],
          [
            77.60674,
            12.96612
          ],
          [
            77.606745,
            12.966078
          ],
          [
            77.60675,
            12.966031
          ],
          [
            77.606772,
            12.965272
          ],
          [
            77.606754,
            12.965062
          ],
          [
            77.606727,
            12.964761
          ],
          [
            77.606712,
            12.964402
          ]
        ]
      },
      "properties": {
        "id": "RE-00576",
        "name": "Hosur Road",
        "highway": "primary",
        "length_m": 202.31,
        "elevation_m": 913.92,
        "maxspeed_kmh": 50
      }
    },
    {
      "type": "Feature",
      "geometry": {
        "type": "LineString",
        "coordinates": [
          [
            77.606723,
            12.966217
          ],
          [
            77.606718,
            12.966305
          ],
          [
            77.606671,
            12.966488
          ],
          [
            77.606606,
            12.966735
          ],
          [
            77.606545,
            12.966968
          ],
          [
            77.606504,
            12.967114
          ],
          [
            77.606497,
            12.967137
          ],
          [
            77.606428,
            12.967383
          ],
          [
            77.606344,
            12.967698
          ],
          [
            77.606323,
            12.967775
          ],
          [
            77.606224,
            12.968007
          ],
          [
            77.606196,
            12.968066
          ],
          [
            77.60618,
            12.968099
          ],
          [
            77.606099,
            12.968265
          ],
          [
            77.606012,
            12.968434
          ]
        ]
      },
      "properties": {
        "id": "RE-00577",
        "name": "Brigade Road",
        "highway": "primary",
        "length_m": 259.46,
        "elevation_m": 912.33,
        "maxspeed_kmh": 50
      }
    },
    {
      "type": "Feature",
      "geometry": {
        "type": "LineString",
        "coordinates": [
          [
            77.606012,
            12.968434
          ],
          [
            77.606099,
            12.968265
          ],
          [
            77.60618,
            12.968099
          ],
          [
            77.606196,
            12.968066
          ],
          [
            77.606224,
            12.968007
          ],
          [
            77.606323,
            12.967775
          ],
          [
            77.606344,
            12.967698
          ],
          [
            77.606428,
            12.967383
          ],
          [
            77.606497,
            12.967137
          ],
          [
            77.606504,
            12.967114
          ],
          [
            77.606545,
            12.966968
          ],
          [
            77.606606,
            12.966735
          ],
          [
            77.606671,
            12.966488
          ],
          [
            77.606718,
            12.966305
          ],
          [
            77.606723,
            12.966217
          ]
        ]
      },
      "properties": {
        "id": "RE-00578",
        "name": "Brigade Road",
        "highway": "primary",
        "length_m": 259.46,
        "elevation_m": 912.33,
        "maxspeed_kmh": 50
      }
    },
    {
      "type": "Feature",
      "geometry": {
        "type": "LineString",
        "coordinates": [
          [
            77.606012,
            12.968434
          ],
          [
            77.605935,
            12.9686
          ],
          [
            77.605755,
            12.968968
          ],
          [
            77.60551,
            12.969468
          ],
          [
            77.605384,
            12.969723
          ],
          [
            77.605247,
            12.970016
          ],
          [
            77.605232,
            12.970045
          ],
          [
            77.605149,
            12.970214
          ],
          [
            77.605016,
            12.970474
          ],
          [
            77.604948,
            12.970609
          ],
          [
            77.604869,
            12.970768
          ],
          [
            77.604853,
            12.9708
          ],
          [
            77.604807,
            12.970902
          ]
        ]
      },
      "properties": {
        "id": "RE-00579",
        "name": "Museum Road",
        "highway": "primary",
        "length_m": 303.93,
        "elevation_m": 911.41,
        "maxspeed_kmh": 50
      }
    },
    {
      "type": "Feature",
      "geometry": {
        "type": "LineString",
        "coordinates": [
          [
            77.604807,
            12.970902
          ],
          [
            77.604853,
            12.9708
          ],
          [
            77.604869,
            12.970768
          ],
          [
            77.604948,
            12.970609
          ],
          [
            77.605016,
            12.970474
          ],
          [
            77.605149,
            12.970214
          ],
          [
            77.605232,
            12.970045
          ],
          [
            77.605247,
            12.970016
          ],
          [
            77.605384,
            12.969723
          ],
          [
            77.60551,
            12.969468
          ],
          [
            77.605755,
            12.968968
          ],
          [
            77.605935,
            12.9686
          ],
          [
            77.606012,
            12.968434
          ]
        ]
      },
      "properties": {
        "id": "RE-00580",
        "name": "Museum Road",
        "highway": "primary",
        "length_m": 303.93,
        "elevation_m": 911.41,
        "maxspeed_kmh": 50
      }
    },
    {
      "type": "Feature",
      "geometry": {
        "type": "LineString",
        "coordinates": [
          [
            77.604807,
            12.970902
          ],
          [
            77.604899,
            12.970947
          ],
          [
            77.604926,
            12.970959
          ],
          [
            77.605274,
            12.971119
          ],
          [
            77.605516,
            12.97123
          ],
          [
            77.606027,
            12.971439
          ],
          [
            77.606108,
            12.971477
          ],
          [
            77.606188,
            12.971512
          ],
          [
            77.606583,
            12.971702
          ],
          [
            77.606789,
            12.971794
          ],
          [
            77.606876,
            12.971833
          ],
          [
            77.6069,
            12.971842
          ],
          [
            77.607044,
            12.971927
          ],
          [
            77.607359,
            12.972072
          ],
          [
            77.607442,
            12.972116
          ],
          [
            77.607463,
            12.972127
          ],
          [
            77.607733,
            12.972298
          ],
          [
            77.60784,
            12.972361
          ],
          [
            77.608135,
            12.972531
          ],
          [
            77.608217,
            12.972575
          ],
          [
            77.608303,
            12.972616
          ],
          [
            77.608392,
            12.972661
          ],
          [
            77.608499,
            12.972713
          ],
          [
            77.608716,
            12.972817
          ],
          [
            77.608897,
            12.972912
          ],
          [
            77.60905,
            12.972979
          ],
          [
            77.609118,
            12.97301
          ],
          [
            77.609356,
            12.973119
          ],
          [
            77.609484,
            12.973176
          ],
          [
            77.609592,
            12.973223
          ],
          [
            77.609783,
            12.973307
          ],
          [
            77.609891,
            12.973349
          ],
          [
            77.60997,
            12.973378
          ],
          [
            77.610083,
            12.973409
          ],
          [
            77.61015,
            12.973432
          ],
          [
            77.61016,
            12.973435
          ],
          [
            77.610261,
            12.973471
          ],
          [
            77.610573,
            12.9736
          ],
          [
            77.610729,
            12.973665
          ],
          [
            77.610909,
            12.973758
          ],
          [
            77.611008,
            12.973851
          ],
          [
            77.611095,
            12.97397
          ],
          [
            77.611108,
            12.974104
          ],
          [
            77.611106,
            12.974193
          ],
          [
            77.611104,
            12.974215
          ],
          [
            77.611093,
            12.974337
          ]
        ]
      },
      "properties": {
        "id": "RE-00581",
        "name": "Residency Road",
        "highway": "primary",
        "length_m": 806.79,
        "elevation_m": 913.65,
        "maxspeed_kmh": 50
      }
    },
    {
      "type": "Feature",
      "geometry": {
        "type": "LineString",
        "coordinates": [
          [
            77.611093,
            12.974337
          ],
          [
            77.611104,
            12.974215
          ],
          [
            77.611106,
            12.974193
          ],
          [
            77.611108,
            12.974104
          ],
          [
            77.611095,
            12.97397
          ],
          [
            77.611008,
            12.973851
          ],
          [
            77.610909,
            12.973758
          ],
          [
            77.610729,
            12.973665
          ],
          [
            77.610573,
            12.9736
          ],
          [
            77.610261,
            12.973471
          ],
          [
            77.61016,
            12.973435
          ],
          [
            77.61015,
            12.973432
          ],
          [
            77.610083,
            12.973409
          ],
          [
            77.60997,
            12.973378
          ],
          [
            77.609891,
            12.973349
          ],
          [
            77.609783,
            12.973307
          ],
          [
            77.609592,
            12.973223
          ],
          [
            77.609484,
            12.973176
          ],
          [
            77.609356,
            12.973119
          ],
          [
            77.609118,
            12.97301
          ],
          [
            77.60905,
            12.972979
          ],
          [
            77.608897,
            12.972912
          ],
          [
            77.608716,
            12.972817
          ],
          [
            77.608499,
            12.972713
          ],
          [
            77.608392,
            12.972661
          ],
          [
            77.608303,
            12.972616
          ],
          [
            77.608217,
            12.972575
          ],
          [
            77.608135,
            12.972531
          ],
          [
            77.60784,
            12.972361
          ],
          [
            77.607733,
            12.972298
          ],
          [
            77.607463,
            12.972127
          ],
          [
            77.607442,
            12.972116
          ],
          [
            77.607359,
            12.972072
          ],
          [
            77.607044,
            12.971927
          ],
          [
            77.6069,
            12.971842
          ],
          [
            77.606876,
            12.971833
          ],
          [
            77.606789,
            12.971794
          ],
          [
            77.606583,
            12.971702
          ],
          [
            77.606188,
            12.971512
          ],
          [
            77.606108,
            12.971477
          ],
          [
            77.606027,
            12.971439
          ],
          [
            77.605516,
            12.97123
          ],
          [
            77.605274,
            12.971119
          ],
          [
            77.604926,
            12.970959
          ],
          [
            77.604899,
            12.970947
          ],
          [
            77.604807,
            12.970902
          ]
        ]
      },
      "properties": {
        "id": "RE-00582",
        "name": "Residency Road",
        "highway": "primary",
        "length_m": 806.79,
        "elevation_m": 913.65,
        "maxspeed_kmh": 50
      }
    },
    {
      "type": "Feature",
      "geometry": {
        "type": "LineString",
        "coordinates": [
          [
            77.611093,
            12.974337
          ],
          [
            77.611112,
            12.974442
          ]
        ]
      },
      "properties": {
        "id": "RE-00583",
        "name": "Mahatma Gandhi Road",
        "highway": "primary",
        "length_m": 11.86,
        "elevation_m": 914.54,
        "maxspeed_kmh": 50
      }
    },
    {
      "type": "Feature",
      "geometry": {
        "type": "LineString",
        "coordinates": [
          [
            77.644994,
            12.985788
          ],
          [
            77.64495,
            12.985771
          ],
          [
            77.644936,
            12.985766
          ],
          [
            77.644576,
            12.985631
          ],
          [
            77.644113,
            12.985466
          ],
          [
            77.643166,
            12.98509
          ],
          [
            77.642465,
            12.984815
          ],
          [
            77.642448,
            12.984809
          ],
          [
            77.640595,
            12.984151
          ],
          [
            77.64052,
            12.984122
          ],
          [
            77.640287,
            12.984025
          ],
          [
            77.639689,
            12.983804
          ],
          [
            77.638171,
            12.983237
          ],
          [
            77.637897,
            12.983134
          ],
          [
            77.637496,
            12.982984
          ],
          [
            77.637438,
            12.982962
          ],
          [
            77.637426,
            12.982959
          ],
          [
            77.637371,
            12.982942
          ],
          [
            77.63735,
            12.982937
          ],
          [
            77.636792,
            12.982777
          ],
          [
            77.636299,
            12.982681
          ],
          [
            77.634841,
            12.982562
          ],
          [
            77.634728,
            12.98255
          ],
          [
            77.6341,
            12.982485
          ],
          [
            77.633813,
            12.982455
          ],
          [
            77.633739,
            12.982447
          ],
          [
            77.633342,
            12.982402
          ],
          [
            77.632614,
            12.982318
          ],
          [
            77.632152,
            12.982162
          ],
          [
            77.631618,
            12.981843
          ],
          [
            77.631432,
            12.981701
          ],
          [
            77.63134,
            12.98162
          ],
          [
            77.631196,
            12.9815
          ],
          [
            77.631129,
            12.981432
          ],
          [
            77.63096,
            12.981284
          ],
          [
            77.63081,
            12.981152
          ],
          [
            77.630545,
            12.980881
          ],
          [
            77.630358,
            12.980689
          ],
          [
            77.630257,
            12.980571
          ],
          [
            77.630199,
            12.980494
          ],
          [
            77.629949,
            12.98016
          ],
          [
            77.629663,
            12.979781
          ],
          [
            77.629107,
            12.979019
          ],
          [
            77.628839,
            12.978659
          ],
          [
            77.628659,
            12.978425
          ]
        ]
      },
      "properties": {
        "id": "RE-00584",
        "name": "Swamy Vivekananda Road",
        "highway": "primary",
        "length_m": 2026.22,
        "elevation_m": 893.78,
        "maxspeed_kmh": 50
      }
    },
    {
      "type": "Feature",
      "geometry": {
        "type": "LineString",
        "coordinates": [
          [
            77.644994,
            12.985788
          ],
          [
            77.645084,
            12.985822
          ],
          [
            77.645128,
            12.985725
          ],
          [
            77.645033,
            12.985699
          ],
          [
            77.644987,
            12.985682
          ],
          [
            77.644228,
            12.985398
          ],
          [
            77.644037,
            12.985327
          ],
          [
            77.643175,
            12.984982
          ],
          [
            77.642624,
            12.984758
          ],
          [
            77.642467,
            12.984694
          ]
        ]
      },
      "properties": {
        "id": "RE-00585",
        "name": "Swamy Vivekananda Road",
        "highway": "primary",
        "length_m": 332.62,
        "elevation_m": 908.25,
        "maxspeed_kmh": 50
      }
    },
    {
      "type": "Feature",
      "geometry": {
        "type": "LineString",
        "coordinates": [
          [
            77.642467,
            12.984694
          ],
          [
            77.642624,
            12.984758
          ],
          [
            77.643175,
            12.984982
          ],
          [
            77.644037,
            12.985327
          ],
          [
            77.644228,
            12.985398
          ],
          [
            77.644987,
            12.985682
          ],
          [
            77.645033,
            12.985699
          ],
          [
            77.645128,
            12.985725
          ],
          [
            77.645084,
            12.985822
          ],
          [
            77.644994,
            12.985788
          ]
        ]
      },
      "properties": {
        "id": "RE-00586",
        "name": "Swamy Vivekananda Road",
        "highway": "primary",
        "length_m": 332.62,
        "elevation_m": 908.25,
        "maxspeed_kmh": 50
      }
    },
    {
      "type": "Feature",
      "geometry": {
        "type": "LineString",
        "coordinates": [
          [
            77.642467,
            12.984694
          ],
          [
            77.642467,
            12.984694
          ]
        ]
      },
      "properties": {
        "id": "RE-00587",
        "name": "Swamy Vivekananda Road",
        "highway": "primary",
        "length_m": 5.0,
        "elevation_m": 903.76,
        "maxspeed_kmh": 50
      }
    },
    {
      "type": "Feature",
      "geometry": {
        "type": "LineString",
        "coordinates": [
          [
            77.60453,
            12.984126
          ],
          [
            77.603891,
            12.984125
          ]
        ]
      },
      "properties": {
        "id": "RE-00588",
        "name": "Meenakshi Kovil Street",
        "highway": "secondary",
        "length_m": 69.24,
        "elevation_m": 913.66,
        "maxspeed_kmh": 40
      }
    },
    {
      "type": "Feature",
      "geometry": {
        "type": "LineString",
        "coordinates": [
          [
            77.603891,
            12.984125
          ],
          [
            77.60453,
            12.984126
          ]
        ]
      },
      "properties": {
        "id": "RE-00589",
        "name": "Meenakshi Kovil Street",
        "highway": "secondary",
        "length_m": 69.24,
        "elevation_m": 913.66,
        "maxspeed_kmh": 40
      }
    },
    {
      "type": "Feature",
      "geometry": {
        "type": "LineString",
        "coordinates": [
          [
            77.603891,
            12.984125
          ],
          [
            77.603816,
            12.984089
          ],
          [
            77.603742,
            12.984054
          ],
          [
            77.603687,
            12.984
          ],
          [
            77.603632,
            12.98394
          ],
          [
            77.603625,
            12.983925
          ],
          [
            77.603522,
            12.983676
          ],
          [
            77.603439,
            12.98341
          ],
          [
            77.603405,
            12.983301
          ],
          [
            77.603271,
            12.982874
          ],
          [
            77.603274,
            12.982773
          ],
          [
            77.603343,
            12.982625
          ],
          [
            77.603435,
            12.982426
          ],
          [
            77.603468,
            12.982292
          ],
          [
            77.603482,
            12.982224
          ],
          [
            77.603496,
            12.982139
          ]
        ]
      },
      "properties": {
        "id": "RE-00590",
        "name": "Central Street",
        "highway": "secondary",
        "length_m": 246.48,
        "elevation_m": 916.71,
        "maxspeed_kmh": 40
      }
    },
    {
      "type": "Feature",
      "geometry": {
        "type": "LineString",
        "coordinates": [
          [
            77.603496,
            12.982139
          ],
          [
            77.603482,
            12.982224
          ],
          [
            77.603468,
            12.982292
          ],
          [
            77.603435,
            12.982426
          ],
          [
            77.603343,
            12.982625
          ],
          [
            77.603274,
            12.982773
          ],
          [
            77.603271,
            12.982874
          ],
          [
            77.603405,
            12.983301
          ],
          [
            77.603439,
            12.98341
          ],
          [
            77.603522,
            12.983676
          ],
          [
            77.603625,
            12.983925
          ],
          [
            77.603632,
            12.98394
          ],
          [
            77.603687,
            12.984
          ],
          [
            77.603742,
            12.984054
          ],
          [
            77.603816,
            12.984089
          ],
          [
            77.603891,
            12.984125
          ]
        ]
      },
      "properties": {
        "id": "RE-00591",
        "name": "Central Street",
        "highway": "secondary",
        "length_m": 246.48,
        "elevation_m": 916.71,
        "maxspeed_kmh": 40
      }
    },
    {
      "type": "Feature",
      "geometry": {
        "type": "LineString",
        "coordinates": [
          [
            77.603496,
            12.982139
          ],
          [
            77.604368,
            12.981867
          ]
        ]
      },
      "properties": {
        "id": "RE-00592",
        "name": "Hospital Road",
        "highway": "primary",
        "length_m": 99.21,
        "elevation_m": 919.32,
        "maxspeed_kmh": 50
      }
    },
    {
      "type": "Feature",
      "geometry": {
        "type": "LineString",
        "coordinates": [
          [
            77.604368,
            12.981867
          ],
          [
            77.603496,
            12.982139
          ]
        ]
      },
      "properties": {
        "id": "RE-00593",
        "name": "Hospital Road",
        "highway": "primary",
        "length_m": 99.21,
        "elevation_m": 919.32,
        "maxspeed_kmh": 50
      }
    },
    {
      "type": "Feature",
      "geometry": {
        "type": "LineString",
        "coordinates": [
          [
            77.604368,
            12.981867
          ],
          [
            77.60435,
            12.981765
          ],
          [
            77.603879,
            12.980453
          ],
          [
            77.603862,
            12.980407
          ],
          [
            77.603849,
            12.980368
          ],
          [
            77.60382,
            12.98028
          ],
          [
            77.603445,
            12.979156
          ],
          [
            77.603438,
            12.979068
          ],
          [
            77.60345,
            12.979017
          ],
          [
            77.603454,
            12.978999
          ]
        ]
      },
      "properties": {
        "id": "RE-00594",
        "name": "Lady Curzon Road",
        "highway": "primary",
        "length_m": 335.44,
        "elevation_m": 923.71,
        "maxspeed_kmh": 50
      }
    },
    {
      "type": "Feature",
      "geometry": {
        "type": "LineString",
        "coordinates": [
          [
            77.619576,
            12.972307
          ],
          [
            77.619548,
            12.972553
          ],
          [
            77.619544,
            12.972663
          ]
        ]
      },
      "properties": {
        "id": "RE-00595",
        "name": "Connecting Avenue",
        "highway": "primary",
        "length_m": 39.76,
        "elevation_m": 913.67,
        "maxspeed_kmh": 50
      }
    },
    {
      "type": "Feature",
      "geometry": {
        "type": "LineString",
        "coordinates": [
          [
            77.619576,
            12.972307
          ],
          [
            77.619577,
            12.972279
          ],
          [
            77.619581,
            12.972117
          ],
          [
            77.619594,
            12.971668
          ],
          [
            77.619595,
            12.971658
          ],
          [
            77.619603,
            12.971447
          ],
          [
            77.619682,
            12.970755
          ],
          [
            77.619731,
            12.970344
          ],
          [
            77.619881,
            12.969043
          ],
          [
            77.619974,
            12.968324
          ],
          [
            77.61999,
            12.968217
          ],
          [
            77.620263,
            12.967467
          ],
          [
            77.620296,
            12.96738
          ],
          [
            77.620457,
            12.967044
          ],
          [
            77.620514,
            12.96698
          ],
          [
            77.620597,
            12.96691
          ],
          [
            77.620645,
            12.966893
          ],
          [
            77.620688,
            12.966878
          ],
          [
            77.620781,
            12.966879
          ]
        ]
      },
      "properties": {
        "id": "RE-00596",
        "name": "Trinity Church Road",
        "highway": "primary",
        "length_m": 639.2,
        "elevation_m": 907.19,
        "maxspeed_kmh": 50
      }
    },
    {
      "type": "Feature",
      "geometry": {
        "type": "LineString",
        "coordinates": [
          [
            77.620781,
            12.966879
          ],
          [
            77.620688,
            12.966878
          ],
          [
            77.620645,
            12.966893
          ],
          [
            77.620597,
            12.96691
          ],
          [
            77.620514,
            12.96698
          ],
          [
            77.620457,
            12.967044
          ],
          [
            77.620296,
            12.96738
          ],
          [
            77.620263,
            12.967467
          ],
          [
            77.61999,
            12.968217
          ],
          [
            77.619974,
            12.968324
          ],
          [
            77.619881,
            12.969043
          ],
          [
            77.619731,
            12.970344
          ],
          [
            77.619682,
            12.970755
          ],
          [
            77.619603,
            12.971447
          ],
          [
            77.619595,
            12.971658
          ],
          [
            77.619594,
            12.971668
          ],
          [
            77.619581,
            12.972117
          ],
          [
            77.619577,
            12.972279
          ],
          [
            77.619576,
            12.972307
          ]
        ]
      },
      "properties": {
        "id": "RE-00597",
        "name": "Trinity Church Road",
        "highway": "primary",
        "length_m": 639.2,
        "elevation_m": 907.19,
        "maxspeed_kmh": 50
      }
    },
    {
      "type": "Feature",
      "geometry": {
        "type": "LineString",
        "coordinates": [
          [
            77.620781,
            12.966879
          ],
          [
            77.621034,
            12.966988
          ],
          [
            77.621691,
            12.967271
          ],
          [
            77.621896,
            12.967276
          ],
          [
            77.62241,
            12.967228
          ],
          [
            77.622738,
            12.96717
          ],
          [
            77.622866,
            12.967128
          ],
          [
            77.623118,
            12.967046
          ],
          [
            77.624828,
            12.966311
          ],
          [
            77.625041,
            12.966206
          ],
          [
            77.625152,
            12.966086
          ],
          [
            77.625175,
            12.966048
          ],
          [
            77.625215,
            12.965971
          ],
          [
            77.625274,
            12.965834
          ],
          [
            77.625296,
            12.965791
          ],
          [
            77.625697,
            12.964959
          ],
          [
            77.625915,
            12.964526
          ],
          [
            77.626027,
            12.964303
          ],
          [
            77.626215,
            12.96393
          ],
          [
            77.62636,
            12.963642
          ],
          [
            77.626498,
            12.963452
          ],
          [
            77.626943,
            12.963179
          ],
          [
            77.627745,
            12.962713
          ],
          [
            77.628196,
            12.96245
          ],
          [
            77.628263,
            12.962409
          ],
          [
            77.628291,
            12.962397
          ],
          [
            77.62842,
            12.962343
          ],
          [
            77.628671,
            12.96226
          ],
          [
            77.629177,
            12.96217
          ],
          [
            77.629362,
            12.96212
          ],
          [
            77.630566,
            12.961736
          ],
          [
            77.631723,
            12.961387
          ],
          [
            77.631981,
            12.961308
          ],
          [
            77.632281,
            12.961256
          ],
          [
            77.632515,
            12.961291
          ],
          [
            77.633089,
            12.96151
          ],
          [
            77.633722,
            12.961695
          ],
          [
            77.633956,
            12.961727
          ],
          [
            77.634273,
            12.961726
          ],
          [
            77.634617,
            12.961689
          ],
          [
            77.634899,
            12.961647
          ],
          [
            77.635178,
            12.961606
          ],
          [
            77.635427,
            12.961561
          ],
          [
            77.635513,
            12.961546
          ],
          [
            77.635697,
            12.961509
          ],
          [
            77.63579,
            12.961488
          ],
          [
            77.63581,
            12.961484
          ],
          [
            77.635876,
            12.961469
          ],
          [
            77.63599,
            12.961439
          ],
          [
            77.636018,
            12.961433
          ],
          [
            77.63648,
            12.961334
          ],
          [
            77.636743,
            12.961288
          ],
          [
            77.637045,
            12.961235
          ],
          [
            77.637966,
            12.961091
          ],
          [
            77.638016,
            12.961084
          ],
          [
            77.638568,
            12.961034
          ],
          [
            77.638589,
            12.961032
          ],
          [
            77.638681,
            12.961021
          ],
          [
            77.63877,
            12.961013
          ],
          [
            77.638925,
            12.960998
          ],
          [
            77.639589,
            12.960923
          ],
          [
            77.639884,
            12.960891
          ],
          [
            77.640139,
            12.960856
          ]
        ]
      },
      "properties": {
        "id": "RE-00598",
        "name": "HAL Old Airport Road",
        "highway": "primary",
        "length_m": 2385.34,
        "elevation_m": 899.85,
        "maxspeed_kmh": 50
      }
    },
    {
      "type": "Feature",
      "geometry": {
        "type": "LineString",
        "coordinates": [
          [
            77.640139,
            12.960856
          ],
          [
            77.639884,
            12.960891
          ],
          [
            77.639589,
            12.960923
          ],
          [
            77.638925,
            12.960998
          ],
          [
            77.63877,
            12.961013
          ],
          [
            77.638681,
            12.961021
          ],
          [
            77.638589,
            12.961032
          ],
          [
            77.638568,
            12.961034
          ],
          [
            77.638016,
            12.961084
          ],
          [
            77.637966,
            12.961091
          ],
          [
            77.637045,
            12.961235
          ],
          [
            77.636743,
            12.961288
          ],
          [
            77.63648,
            12.961334
          ],
          [
            77.636018,
            12.961433
          ],
          [
            77.63599,
            12.961439
          ],
          [
            77.635876,
            12.961469
          ],
          [
            77.63581,
            12.961484
          ],
          [
            77.63579,
            12.961488
          ],
          [
            77.635697,
            12.961509
          ],
          [
            77.635513,
            12.961546
          ],
          [
            77.635427,
            12.961561
          ],
          [
            77.635178,
            12.961606
          ],
          [
            77.634899,
            12.961647
          ],
          [
            77.634617,
            12.961689
          ],
          [
            77.634273,
            12.961726
          ],
          [
            77.633956,
            12.961727
          ],
          [
            77.633722,
            12.961695
          ],
          [
            77.633089,
            12.96151
          ],
          [
            77.632515,
            12.961291
          ],
          [
            77.632281,
            12.961256
          ],
          [
            77.631981,
            12.961308
          ],
          [
            77.631723,
            12.961387
          ],
          [
            77.630566,
            12.961736
          ],
          [
            77.629362,
            12.96212
          ],
          [
            77.629177,
            12.96217
          ],
          [
            77.628671,
            12.96226
          ],
          [
            77.62842,
            12.962343
          ],
          [
            77.628291,
            12.962397
          ],
          [
            77.628263,
            12.962409
          ],
          [
            77.628196,
            12.96245
          ],
          [
            77.627745,
            12.962713
          ],
          [
            77.626943,
            12.963179
          ],
          [
            77.626498,
            12.963452
          ],
          [
            77.62636,
            12.963642
          ],
          [
            77.626215,
            12.96393
          ],
          [
            77.626027,
            12.964303
          ],
          [
            77.625915,
            12.964526
          ],
          [
            77.625697,
            12.964959
          ],
          [
            77.625296,
            12.965791
          ],
          [
            77.625274,
            12.965834
          ],
          [
            77.625215,
            12.965971
          ],
          [
            77.625175,
            12.966048
          ],
          [
            77.625152,
            12.966086
          ],
          [
            77.625041,
            12.966206
          ],
          [
            77.624828,
            12.966311
          ],
          [
            77.623118,
            12.967046
          ],
          [
            77.622866,
            12.967128
          ],
          [
            77.622738,
            12.96717
          ],
          [
            77.62241,
            12.967228
          ],
          [
            77.621896,
            12.967276
          ],
          [
            77.621691,
            12.967271
          ],
          [
            77.621034,
            12.966988
          ],
          [
            77.620781,
            12.966879
          ]
        ]
      },
      "properties": {
        "id": "RE-00599",
        "name": "HAL Old Airport Road",
        "highway": "primary",
        "length_m": 2385.34,
        "elevation_m": 899.85,
        "maxspeed_kmh": 50
      }
    },
    {
      "type": "Feature",
      "geometry": {
        "type": "LineString",
        "coordinates": [
          [
            77.640139,
            12.960856
          ],
          [
            77.640384,
            12.960883
          ],
          [
            77.64045,
            12.960913
          ],
          [
            77.640499,
            12.960959
          ],
          [
            77.64081,
            12.96137
          ],
          [
            77.640899,
            12.961426
          ],
          [
            77.641018,
            12.961498
          ],
          [
            77.641159,
            12.96151
          ],
          [
            77.641326,
            12.961521
          ],
          [
            77.641415,
            12.961541
          ],
          [
            77.641479,
            12.961581
          ],
          [
            77.641525,
            12.961627
          ],
          [
            77.641561,
            12.96168
          ],
          [
            77.641588,
            12.961765
          ],
          [
            77.641591,
            12.961822
          ],
          [
            77.641588,
            12.961878
          ],
          [
            77.64157,
            12.962458
          ],
          [
            77.641617,
            12.962558
          ],
          [
            77.641614,
            12.962607
          ],
          [
            77.641581,
            12.963265
          ],
          [
            77.641579,
            12.963296
          ],
          [
            77.641575,
            12.963362
          ]
        ]
      },
      "properties": {
        "id": "RE-00600",
        "name": "Domlur Flyover Ramp",
        "highway": "primary",
        "length_m": 379.99,
        "elevation_m": 887.26,
        "maxspeed_kmh": 50
      }
    },
    {
      "type": "Feature",
      "geometry": {
        "type": "LineString",
        "coordinates": [
          [
            77.641575,
            12.963362
          ],
          [
            77.641579,
            12.963296
          ],
          [
            77.641581,
            12.963265
          ],
          [
            77.641614,
            12.962607
          ],
          [
            77.641617,
            12.962558
          ],
          [
            77.64157,
            12.962458
          ],
          [
            77.641588,
            12.961878
          ],
          [
            77.641591,
            12.961822
          ],
          [
            77.641588,
            12.961765
          ],
          [
            77.641561,
            12.96168
          ],
          [
            77.641525,
            12.961627
          ],
          [
            77.641479,
            12.961581
          ],
          [
            77.641415,
            12.961541
          ],
          [
            77.641326,
            12.961521
          ],
          [
            77.641159,
            12.96151
          ],
          [
            77.641018,
            12.961498
          ],
          [
            77.640899,
            12.961426
          ],
          [
            77.64081,
            12.96137
          ],
          [
            77.640499,
            12.960959
          ],
          [
            77.64045,
            12.960913
          ],
          [
            77.640384,
            12.960883
          ],
          [
            77.640139,
            12.960856
          ]
        ]
      },
      "properties": {
        "id": "RE-00601",
        "name": "Domlur Flyover Ramp",
        "highway": "primary",
        "length_m": 379.99,
        "elevation_m": 887.26,
        "maxspeed_kmh": 50
      }
    },
    {
      "type": "Feature",
      "geometry": {
        "type": "LineString",
        "coordinates": [
          [
            77.641575,
            12.963362
          ],
          [
            77.641573,
            12.963452
          ],
          [
            77.641673,
            12.963423
          ],
          [
            77.641723,
            12.963375
          ],
          [
            77.641752,
            12.963371
          ],
          [
            77.641816,
            12.963371
          ],
          [
            77.642128,
            12.963378
          ],
          [
            77.642289,
            12.963392
          ]
        ]
      },
      "properties": {
        "id": "RE-00602",
        "name": "17th Main Road",
        "highway": "primary",
        "length_m": 90.36,
        "elevation_m": 889.38,
        "maxspeed_kmh": 50
      }
    },
    {
      "type": "Feature",
      "geometry": {
        "type": "LineString",
        "coordinates": [
          [
            77.642289,
            12.963392
          ],
          [
            77.642128,
            12.963378
          ],
          [
            77.641816,
            12.963371
          ],
          [
            77.641752,
            12.963371
          ],
          [
            77.641723,
            12.963375
          ],
          [
            77.641673,
            12.963423
          ],
          [
            77.641573,
            12.963452
          ],
          [
            77.641575,
            12.963362
          ]
        ]
      },
      "properties": {
        "id": "RE-00603",
        "name": "17th Main Road",
        "highway": "primary",
        "length_m": 90.36,
        "elevation_m": 889.38,
        "maxspeed_kmh": 50
      }
    },
    {
      "type": "Feature",
      "geometry": {
        "type": "LineString",
        "coordinates": [
          [
            77.642289,
            12.963392
          ],
          [
            77.642281,
            12.963735
          ],
          [
            77.642283,
            12.963995
          ],
          [
            77.642267,
            12.964284
          ],
          [
            77.642249,
            12.964613
          ],
          [
            77.642225,
            12.964919
          ]
        ]
      },
      "properties": {
        "id": "RE-00604",
        "name": "1st Cross Road",
        "highway": "primary",
        "length_m": 170.0,
        "elevation_m": 889.87,
        "maxspeed_kmh": 50
      }
    },
    {
      "type": "Feature",
      "geometry": {
        "type": "LineString",
        "coordinates": [
          [
            77.642225,
            12.964919
          ],
          [
            77.642249,
            12.964613
          ],
          [
            77.642267,
            12.964284
          ],
          [
            77.642283,
            12.963995
          ],
          [
            77.642281,
            12.963735
          ],
          [
            77.642289,
            12.963392
          ]
        ]
      },
      "properties": {
        "id": "RE-00605",
        "name": "1st Cross Road",
        "highway": "primary",
        "length_m": 170.0,
        "elevation_m": 889.87,
        "maxspeed_kmh": 50
      }
    },
    {
      "type": "Feature",
      "geometry": {
        "type": "LineString",
        "coordinates": [
          [
            77.642225,
            12.964919
          ],
          [
            77.642654,
            12.964871
          ],
          [
            77.642743,
            12.964862
          ]
        ]
      },
      "properties": {
        "id": "RE-00606",
        "name": "16th B Main Road",
        "highway": "primary",
        "length_m": 56.49,
        "elevation_m": 890.15,
        "maxspeed_kmh": 50
      }
    },
    {
      "type": "Feature",
      "geometry": {
        "type": "LineString",
        "coordinates": [
          [
            77.642225,
            12.964919
          ],
          [
            77.642147,
            12.966027
          ]
        ]
      },
      "properties": {
        "id": "RE-00607",
        "name": "1st Cross Road",
        "highway": "primary",
        "length_m": 123.49,
        "elevation_m": 890.17,
        "maxspeed_kmh": 50
      }
    },
    {
      "type": "Feature",
      "geometry": {
        "type": "LineString",
        "coordinates": [
          [
            77.642743,
            12.964862
          ],
          [
            77.642654,
            12.964871
          ],
          [
            77.642225,
            12.964919
          ]
        ]
      },
      "properties": {
        "id": "RE-00608",
        "name": "16th B Main Road",
        "highway": "primary",
        "length_m": 56.49,
        "elevation_m": 890.15,
        "maxspeed_kmh": 50
      }
    },
    {
      "type": "Feature",
      "geometry": {
        "type": "LineString",
        "coordinates": [
          [
            77.642743,
            12.964862
          ],
          [
            77.642743,
            12.964862
          ]
        ]
      },
      "properties": {
        "id": "RE-00609",
        "name": "16th B Main Road",
        "highway": "primary",
        "length_m": 5.0,
        "elevation_m": 890.15,
        "maxspeed_kmh": 50
      }
    },
    {
      "type": "Feature",
      "geometry": {
        "type": "LineString",
        "coordinates": [
          [
            77.641535,
            12.966085
          ],
          [
            77.641503,
            12.966821
          ],
          [
            77.641486,
            12.96731
          ],
          [
            77.641481,
            12.967469
          ],
          [
            77.641426,
            12.968532
          ],
          [
            77.641423,
            12.968587
          ],
          [
            77.641352,
            12.969917
          ],
          [
            77.641333,
            12.970206
          ]
        ]
      },
      "properties": {
        "id": "RE-00610",
        "name": "100 Feet Road",
        "highway": "primary",
        "length_m": 458.77,
        "elevation_m": 893.62,
        "maxspeed_kmh": 50
      }
    },
    {
      "type": "Feature",
      "geometry": {
        "type": "LineString",
        "coordinates": [
          [
            77.641535,
            12.966085
          ],
          [
            77.641619,
            12.966077
          ],
          [
            77.642147,
            12.966027
          ]
        ]
      },
      "properties": {
        "id": "RE-00611",
        "name": "16th Main",
        "highway": "secondary",
        "length_m": 66.63,
        "elevation_m": 891.43,
        "maxspeed_kmh": 40
      }
    },
    {
      "type": "Feature",
      "geometry": {
        "type": "LineString",
        "coordinates": [
          [
            77.642147,
            12.966027
          ],
          [
            77.641619,
            12.966077
          ],
          [
            77.641535,
            12.966085
          ]
        ]
      },
      "properties": {
        "id": "RE-00612",
        "name": "16th Main",
        "highway": "secondary",
        "length_m": 66.63,
        "elevation_m": 891.43,
        "maxspeed_kmh": 40
      }
    },
    {
      "type": "Feature",
      "geometry": {
        "type": "LineString",
        "coordinates": [
          [
            77.642147,
            12.966027
          ],
          [
            77.642225,
            12.964919
          ]
        ]
      },
      "properties": {
        "id": "RE-00613",
        "name": "1st Cross Road",
        "highway": "primary",
        "length_m": 123.49,
        "elevation_m": 890.17,
        "maxspeed_kmh": 50
      }
    },
    {
      "type": "Feature",
      "geometry": {
        "type": "LineString",
        "coordinates": [
          [
            77.624081,
            12.960099
          ],
          [
            77.623854,
            12.960587
          ],
          [
            77.623828,
            12.960646
          ]
        ]
      },
      "properties": {
        "id": "RE-00614",
        "name": "Connecting Avenue",
        "highway": "primary",
        "length_m": 66.72,
        "elevation_m": 905.5,
        "maxspeed_kmh": 50
      }
    },
    {
      "type": "Feature",
      "geometry": {
        "type": "LineString",
        "coordinates": [
          [
            77.623828,
            12.960646
          ],
          [
            77.623854,
            12.960587
          ],
          [
            77.624081,
            12.960099
          ]
        ]
      },
      "properties": {
        "id": "RE-00615",
        "name": "Connecting Avenue",
        "highway": "primary",
        "length_m": 66.72,
        "elevation_m": 905.5,
        "maxspeed_kmh": 50
      }
    },
    {
      "type": "Feature",
      "geometry": {
        "type": "LineString",
        "coordinates": [
          [
            77.623828,
            12.960646
          ],
          [
            77.624799,
            12.96113
          ],
          [
            77.624876,
            12.961261
          ],
          [
            77.62512,
            12.961404
          ],
          [
            77.626503,
            12.96216
          ],
          [
            77.626844,
            12.962575
          ],
          [
            77.626996,
            12.962733
          ]
        ]
      },
      "properties": {
        "id": "RE-00616",
        "name": "Connecting Avenue",
        "highway": "primary",
        "length_m": 420.86,
        "elevation_m": 906.09,
        "maxspeed_kmh": 50
      }
    },
    {
      "type": "Feature",
      "geometry": {
        "type": "LineString",
        "coordinates": [
          [
            77.626996,
            12.962733
          ],
          [
            77.626844,
            12.962575
          ],
          [
            77.626503,
            12.96216
          ],
          [
            77.62512,
            12.961404
          ],
          [
            77.624876,
            12.961261
          ],
          [
            77.624799,
            12.96113
          ],
          [
            77.623828,
            12.960646
          ]
        ]
      },
      "properties": {
        "id": "RE-00617",
        "name": "Connecting Avenue",
        "highway": "primary",
        "length_m": 420.86,
        "elevation_m": 906.09,
        "maxspeed_kmh": 50
      }
    },
    {
      "type": "Feature",
      "geometry": {
        "type": "LineString",
        "coordinates": [
          [
            77.626996,
            12.962733
          ],
          [
            77.626868,
            12.962887
          ],
          [
            77.626746,
            12.963078
          ]
        ]
      },
      "properties": {
        "id": "RE-00618",
        "name": "Connecting Avenue",
        "highway": "primary",
        "length_m": 47.05,
        "elevation_m": 908.41,
        "maxspeed_kmh": 50
      }
    },
    {
      "type": "Feature",
      "geometry": {
        "type": "LineString",
        "coordinates": [
          [
            77.626746,
            12.963078
          ],
          [
            77.626868,
            12.962887
          ],
          [
            77.626996,
            12.962733
          ]
        ]
      },
      "properties": {
        "id": "RE-00619",
        "name": "Connecting Avenue",
        "highway": "primary",
        "length_m": 47.05,
        "elevation_m": 908.41,
        "maxspeed_kmh": 50
      }
    },
    {
      "type": "Feature",
      "geometry": {
        "type": "LineString",
        "coordinates": [
          [
            77.626746,
            12.963078
          ],
          [
            77.626761,
            12.963125
          ],
          [
            77.626771,
            12.963138
          ],
          [
            77.626779,
            12.963149
          ],
          [
            77.626803,
            12.963181
          ],
          [
            77.626446,
            12.963384
          ],
          [
            77.626276,
            12.963589
          ],
          [
            77.6258,
            12.964507
          ],
          [
            77.625202,
            12.965738
          ],
          [
            77.625183,
            12.965785
          ],
          [
            77.625126,
            12.965902
          ],
          [
            77.625091,
            12.965991
          ],
          [
            77.625074,
            12.966029
          ],
          [
            77.625002,
            12.96613
          ],
          [
            77.624925,
            12.966181
          ],
          [
            77.624833,
            12.966221
          ],
          [
            77.623096,
            12.966971
          ],
          [
            77.622708,
            12.967092
          ],
          [
            77.622415,
            12.967157
          ],
          [
            77.621893,
            12.967198
          ],
          [
            77.621689,
            12.967188
          ],
          [
            77.620878,
            12.966837
          ],
          [
            77.620684,
            12.966743
          ],
          [
            77.620664,
            12.966733
          ],
          [
            77.620586,
            12.966694
          ]
        ]
      },
      "properties": {
        "id": "RE-00620",
        "name": "HAL Old Airport Road",
        "highway": "primary",
        "length_m": 916.02,
        "elevation_m": 906.15,
        "maxspeed_kmh": 50
      }
    },
    {
      "type": "Feature",
      "geometry": {
        "type": "LineString",
        "coordinates": [
          [
            77.626746,
            12.963078
          ],
          [
            77.626575,
            12.963214
          ],
          [
            77.626317,
            12.963318
          ],
          [
            77.62526,
            12.963301
          ],
          [
            77.624397,
            12.963287
          ],
          [
            77.624245,
            12.963346
          ]
        ]
      },
      "properties": {
        "id": "RE-00621",
        "name": "Connecting Avenue",
        "highway": "primary",
        "length_m": 279.98,
        "elevation_m": 910.17,
        "maxspeed_kmh": 50
      }
    },
    {
      "type": "Feature",
      "geometry": {
        "type": "LineString",
        "coordinates": [
          [
            77.620586,
            12.966694
          ],
          [
            77.620664,
            12.966733
          ],
          [
            77.620684,
            12.966743
          ],
          [
            77.620878,
            12.966837
          ],
          [
            77.621689,
            12.967188
          ],
          [
            77.621893,
            12.967198
          ],
          [
            77.622415,
            12.967157
          ],
          [
            77.622708,
            12.967092
          ],
          [
            77.623096,
            12.966971
          ],
          [
            77.624833,
            12.966221
          ],
          [
            77.624925,
            12.966181
          ],
          [
            77.625002,
            12.96613
          ],
          [
            77.625074,
            12.966029
          ],
          [
            77.625091,
            12.965991
          ],
          [
            77.625126,
            12.965902
          ],
          [
            77.625183,
            12.965785
          ],
          [
            77.625202,
            12.965738
          ],
          [
            77.6258,
            12.964507
          ],
          [
            77.626276,
            12.963589
          ],
          [
            77.626446,
            12.963384
          ],
          [
            77.626803,
            12.963181
          ],
          [
            77.626779,
            12.963149
          ],
          [
            77.626771,
            12.963138
          ],
          [
            77.626761,
            12.963125
          ],
          [
            77.626746,
            12.963078
          ]
        ]
      },
      "properties": {
        "id": "RE-00622",
        "name": "HAL Old Airport Road",
        "highway": "primary",
        "length_m": 916.02,
        "elevation_m": 906.15,
        "maxspeed_kmh": 50
      }
    },
    {
      "type": "Feature",
      "geometry": {
        "type": "LineString",
        "coordinates": [
          [
            77.620586,
            12.966694
          ],
          [
            77.620536,
            12.96676
          ],
          [
            77.620393,
            12.966946
          ],
          [
            77.62025,
            12.967295
          ],
          [
            77.620019,
            12.967933
          ],
          [
            77.619921,
            12.968205
          ],
          [
            77.619805,
            12.969001
          ],
          [
            77.619752,
            12.969464
          ],
          [
            77.619701,
            12.969922
          ],
          [
            77.619662,
            12.970314
          ],
          [
            77.619617,
            12.970625
          ],
          [
            77.619565,
            12.971091
          ],
          [
            77.619529,
            12.971382
          ],
          [
            77.619508,
            12.971522
          ],
          [
            77.619499,
            12.971658
          ],
          [
            77.619499,
            12.971671
          ],
          [
            77.619495,
            12.971822
          ],
          [
            77.619489,
            12.972105
          ],
          [
            77.619479,
            12.972246
          ],
          [
            77.619477,
            12.972279
          ],
          [
            77.619476,
            12.972304
          ],
          [
            77.619462,
            12.972437
          ],
          [
            77.619456,
            12.972533
          ]
        ]
      },
      "properties": {
        "id": "RE-00623",
        "name": "Trinity Church Road",
        "highway": "primary",
        "length_m": 668.23,
        "elevation_m": 911.78,
        "maxspeed_kmh": 50
      }
    },
    {
      "type": "Feature",
      "geometry": {
        "type": "LineString",
        "coordinates": [
          [
            77.619456,
            12.972533
          ],
          [
            77.619462,
            12.972437
          ],
          [
            77.619476,
            12.972304
          ],
          [
            77.619477,
            12.972279
          ],
          [
            77.619479,
            12.972246
          ],
          [
            77.619489,
            12.972105
          ],
          [
            77.619495,
            12.971822
          ],
          [
            77.619499,
            12.971671
          ],
          [
            77.619499,
            12.971658
          ],
          [
            77.619508,
            12.971522
          ],
          [
            77.619529,
            12.971382
          ],
          [
            77.619565,
            12.971091
          ],
          [
            77.619617,
            12.970625
          ],
          [
            77.619662,
            12.970314
          ],
          [
            77.619701,
            12.969922
          ],
          [
            77.619752,
            12.969464
          ],
          [
            77.619805,
            12.969001
          ],
          [
            77.619921,
            12.968205
          ],
          [
            77.620019,
            12.967933
          ],
          [
            77.62025,
            12.967295
          ],
          [
            77.620393,
            12.966946
          ],
          [
            77.620536,
            12.96676
          ],
          [
            77.620586,
            12.966694
          ]
        ]
      },
      "properties": {
        "id": "RE-00624",
        "name": "Trinity Church Road",
        "highway": "primary",
        "length_m": 668.23,
        "elevation_m": 911.78,
        "maxspeed_kmh": 50
      }
    },
    {
      "type": "Feature",
      "geometry": {
        "type": "LineString",
        "coordinates": [
          [
            77.619456,
            12.972533
          ],
          [
            77.619448,
            12.972651
          ]
        ]
      },
      "properties": {
        "id": "RE-00625",
        "name": "Swamy Vivekananda Road",
        "highway": "primary",
        "length_m": 13.15,
        "elevation_m": 913.67,
        "maxspeed_kmh": 50
      }
    },
    {
      "type": "Feature",
      "geometry": {
        "type": "LineString",
        "coordinates": [
          [
            77.622953,
            12.981633
          ],
          [
            77.622902,
            12.981577
          ],
          [
            77.622843,
            12.981509
          ],
          [
            77.622657,
            12.981312
          ],
          [
            77.622479,
            12.981156
          ],
          [
            77.622336,
            12.981011
          ],
          [
            77.622289,
            12.980944
          ],
          [
            77.622205,
            12.980779
          ],
          [
            77.621669,
            12.979465
          ],
          [
            77.62158,
            12.979286
          ],
          [
            77.621482,
            12.979144
          ],
          [
            77.621406,
            12.97907
          ],
          [
            77.621275,
            12.978974
          ],
          [
            77.621125,
            12.978917
          ],
          [
            77.620714,
            12.97878
          ],
          [
            77.620587,
            12.978709
          ],
          [
            77.620499,
            12.978576
          ],
          [
            77.620491,
            12.978564
          ],
          [
            77.620325,
            12.978245
          ],
          [
            77.620263,
            12.978035
          ],
          [
            77.620243,
            12.977955
          ],
          [
            77.620205,
            12.977759
          ],
          [
            77.620209,
            12.977522
          ],
          [
            77.620257,
            12.976195
          ],
          [
            77.620239,
            12.976008
          ],
          [
            77.620227,
            12.975881
          ],
          [
            77.620245,
            12.975817
          ],
          [
            77.620246,
            12.975763
          ],
          [
            77.620246,
            12.975711
          ],
          [
            77.620246,
            12.975682
          ],
          [
            77.620245,
            12.975668
          ],
          [
            77.620211,
            12.975421
          ],
          [
            77.620174,
            12.975233
          ],
          [
            77.62015,
            12.975102
          ],
          [
            77.620104,
            12.974936
          ],
          [
            77.62008,
            12.974819
          ],
          [
            77.620058,
            12.974718
          ],
          [
            77.620053,
            12.974629
          ],
          [
            77.620053,
            12.974607
          ],
          [
            77.620048,
            12.974378
          ],
          [
            77.620051,
            12.97409
          ],
          [
            77.620051,
            12.97389
          ],
          [
            77.620051,
            12.973816
          ],
          [
            77.620052,
            12.973762
          ],
          [
            77.620054,
            12.973421
          ],
          [
            77.62006,
            12.973179
          ],
          [
            77.62006,
            12.973144
          ],
          [
            77.62006,
            12.973118
          ],
          [
            77.620059,
            12.972966
          ],
          [
            77.62006,
            12.972948
          ],
          [
            77.619975,
            12.972862
          ],
          [
            77.619924,
            12.972808
          ],
          [
            77.61984,
            12.97274
          ]
        ]
      },
      "properties": {
        "id": "RE-00626",
        "name": "Bhaskaran Road",
        "highway": "primary",
        "length_m": 1119.35,
        "elevation_m": 897.59,
        "maxspeed_kmh": 50
      }
    },
    {
      "type": "Feature",
      "geometry": {
        "type": "LineString",
        "coordinates": [
          [
            77.622953,
            12.981633
          ],
          [
            77.622915,
            12.981707
          ],
          [
            77.62291,
            12.981722
          ],
          [
            77.622886,
            12.981841
          ],
          [
            77.622871,
            12.981943
          ],
          [
            77.62276,
            12.982487
          ],
          [
            77.622663,
            12.982875
          ],
          [
            77.622477,
            12.983581
          ],
          [
            77.622436,
            12.983845
          ],
          [
            77.6224,
            12.984152
          ],
          [
            77.622397,
            12.984337
          ],
          [
            77.622395,
            12.984487
          ],
          [
            77.622394,
            12.984542
          ],
          [
            77.622405,
            12.984926
          ],
          [
            77.622406,
            12.984945
          ],
          [
            77.622413,
            12.985193
          ],
          [
            77.622458,
            12.985714
          ],
          [
            77.622465,
            12.986233
          ],
          [
            77.622472,
            12.98636
          ],
          [
            77.622517,
            12.987188
          ]
        ]
      },
      "properties": {
        "id": "RE-00627",
        "name": "Kensington Road",
        "highway": "primary",
        "length_m": 625.06,
        "elevation_m": 893.7,
        "maxspeed_kmh": 50
      }
    },
    {
      "type": "Feature",
      "geometry": {
        "type": "LineString",
        "coordinates": [
          [
            77.622517,
            12.987188
          ],
          [
            77.622472,
            12.98636
          ],
          [
            77.622465,
            12.986233
          ],
          [
            77.622458,
            12.985714
          ],
          [
            77.622413,
            12.985193
          ],
          [
            77.622406,
            12.984945
          ],
          [
            77.622405,
            12.984926
          ],
          [
            77.622394,
            12.984542
          ],
          [
            77.622395,
            12.984487
          ],
          [
            77.622397,
            12.984337
          ],
          [
            77.6224,
            12.984152
          ],
          [
            77.622436,
            12.983845
          ],
          [
            77.622477,
            12.983581
          ],
          [
            77.622663,
            12.982875
          ],
          [
            77.62276,
            12.982487
          ],
          [
            77.622871,
            12.981943
          ],
          [
            77.622886,
            12.981841
          ],
          [
            77.62291,
            12.981722
          ],
          [
            77.622915,
            12.981707
          ],
          [
            77.622953,
            12.981633
          ]
        ]
      },
      "properties": {
        "id": "RE-00628",
        "name": "Kensington Road",
        "highway": "primary",
        "length_m": 625.06,
        "elevation_m": 893.7,
        "maxspeed_kmh": 50
      }
    },
    {
      "type": "Feature",
      "geometry": {
        "type": "LineString",
        "coordinates": [
          [
            77.622517,
            12.987188
          ],
          [
            77.622547,
            12.987188
          ]
        ]
      },
      "properties": {
        "id": "RE-00629",
        "name": "Kalahalli Main Road",
        "highway": "primary",
        "length_m": 5.0,
        "elevation_m": 898.45,
        "maxspeed_kmh": 50
      }
    },
    {
      "type": "Feature",
      "geometry": {
        "type": "LineString",
        "coordinates": [
          [
            77.622547,
            12.987188
          ],
          [
            77.622517,
            12.987188
          ]
        ]
      },
      "properties": {
        "id": "RE-00630",
        "name": "Kalahalli Main Road",
        "highway": "primary",
        "length_m": 5.0,
        "elevation_m": 898.45,
        "maxspeed_kmh": 50
      }
    },
    {
      "type": "Feature",
      "geometry": {
        "type": "LineString",
        "coordinates": [
          [
            77.622547,
            12.987188
          ],
          [
            77.62272,
            12.987182
          ]
        ]
      },
      "properties": {
        "id": "RE-00631",
        "name": "Kalahalli Main Road",
        "highway": "primary",
        "length_m": 18.76,
        "elevation_m": 899.3,
        "maxspeed_kmh": 50
      }
    },
    {
      "type": "Feature",
      "geometry": {
        "type": "LineString",
        "coordinates": [
          [
            77.62272,
            12.987182
          ],
          [
            77.622547,
            12.987188
          ]
        ]
      },
      "properties": {
        "id": "RE-00632",
        "name": "Kalahalli Main Road",
        "highway": "primary",
        "length_m": 18.76,
        "elevation_m": 899.3,
        "maxspeed_kmh": 50
      }
    },
    {
      "type": "Feature",
      "geometry": {
        "type": "LineString",
        "coordinates": [
          [
            77.62272,
            12.987182
          ],
          [
            77.622846,
            12.987178
          ]
        ]
      },
      "properties": {
        "id": "RE-00633",
        "name": "Kalahalli Main Road",
        "highway": "primary",
        "length_m": 13.66,
        "elevation_m": 900.15,
        "maxspeed_kmh": 50
      }
    },
    {
      "type": "Feature",
      "geometry": {
        "type": "LineString",
        "coordinates": [
          [
            77.622846,
            12.987178
          ],
          [
            77.62272,
            12.987182
          ]
        ]
      },
      "properties": {
        "id": "RE-00634",
        "name": "Kalahalli Main Road",
        "highway": "primary",
        "length_m": 13.66,
        "elevation_m": 900.15,
        "maxspeed_kmh": 50
      }
    },
    {
      "type": "Feature",
      "geometry": {
        "type": "LineString",
        "coordinates": [
          [
            77.622846,
            12.987178
          ],
          [
            77.623051,
            12.987172
          ]
        ]
      },
      "properties": {
        "id": "RE-00635",
        "name": "Kalahalli Main Road",
        "highway": "primary",
        "length_m": 22.22,
        "elevation_m": 900.15,
        "maxspeed_kmh": 50
      }
    },
    {
      "type": "Feature",
      "geometry": {
        "type": "LineString",
        "coordinates": [
          [
            77.623051,
            12.987172
          ],
          [
            77.622846,
            12.987178
          ]
        ]
      },
      "properties": {
        "id": "RE-00636",
        "name": "Kalahalli Main Road",
        "highway": "primary",
        "length_m": 22.22,
        "elevation_m": 900.15,
        "maxspeed_kmh": 50
      }
    },
    {
      "type": "Feature",
      "geometry": {
        "type": "LineString",
        "coordinates": [
          [
            77.623051,
            12.987172
          ],
          [
            77.623128,
            12.98717
          ]
        ]
      },
      "properties": {
        "id": "RE-00637",
        "name": "Kalahalli Main Road",
        "highway": "primary",
        "length_m": 8.35,
        "elevation_m": 901.0,
        "maxspeed_kmh": 50
      }
    },
    {
      "type": "Feature",
      "geometry": {
        "type": "LineString",
        "coordinates": [
          [
            77.623128,
            12.98717
          ],
          [
            77.623051,
            12.987172
          ]
        ]
      },
      "properties": {
        "id": "RE-00638",
        "name": "Kalahalli Main Road",
        "highway": "primary",
        "length_m": 8.35,
        "elevation_m": 901.0,
        "maxspeed_kmh": 50
      }
    },
    {
      "type": "Feature",
      "geometry": {
        "type": "LineString",
        "coordinates": [
          [
            77.623128,
            12.98717
          ],
          [
            77.623339,
            12.987163
          ],
          [
            77.623487,
            12.987159
          ],
          [
            77.623681,
            12.987153
          ],
          [
            77.623769,
            12.987151
          ],
          [
            77.623993,
            12.987144
          ],
          [
            77.624231,
            12.987137
          ]
        ]
      },
      "properties": {
        "id": "RE-00639",
        "name": "Kalahalli Main Road",
        "highway": "primary",
        "length_m": 119.57,
        "elevation_m": 902.7,
        "maxspeed_kmh": 50
      }
    },
    {
      "type": "Feature",
      "geometry": {
        "type": "LineString",
        "coordinates": [
          [
            77.623128,
            12.98717
          ],
          [
            77.623128,
            12.986705
          ]
        ]
      },
      "properties": {
        "id": "RE-00640",
        "name": "Connecting Avenue",
        "highway": "primary",
        "length_m": 51.71,
        "elevation_m": 899.45,
        "maxspeed_kmh": 50
      }
    },
    {
      "type": "Feature",
      "geometry": {
        "type": "LineString",
        "coordinates": [
          [
            77.624231,
            12.987137
          ],
          [
            77.623993,
            12.987144
          ],
          [
            77.623769,
            12.987151
          ],
          [
            77.623681,
            12.987153
          ],
          [
            77.623487,
            12.987159
          ],
          [
            77.623339,
            12.987163
          ],
          [
            77.623128,
            12.98717
          ]
        ]
      },
      "properties": {
        "id": "RE-00641",
        "name": "Kalahalli Main Road",
        "highway": "primary",
        "length_m": 119.57,
        "elevation_m": 902.7,
        "maxspeed_kmh": 50
      }
    },
    {
      "type": "Feature",
      "geometry": {
        "type": "LineString",
        "coordinates": [
          [
            77.624231,
            12.987137
          ],
          [
            77.624237,
            12.987316
          ],
          [
            77.624248,
            12.987614
          ],
          [
            77.62426,
            12.987927
          ]
        ]
      },
      "properties": {
        "id": "RE-00642",
        "name": "Connecting Avenue",
        "highway": "primary",
        "length_m": 87.9,
        "elevation_m": 906.01,
        "maxspeed_kmh": 50
      }
    },
    {
      "type": "Feature",
      "geometry": {
        "type": "LineString",
        "coordinates": [
          [
            77.62426,
            12.987927
          ],
          [
            77.624248,
            12.987614
          ],
          [
            77.624237,
            12.987316
          ],
          [
            77.624231,
            12.987137
          ]
        ]
      },
      "properties": {
        "id": "RE-00643",
        "name": "Connecting Avenue",
        "highway": "primary",
        "length_m": 87.9,
        "elevation_m": 906.01,
        "maxspeed_kmh": 50
      }
    },
    {
      "type": "Feature",
      "geometry": {
        "type": "LineString",
        "coordinates": [
          [
            77.62426,
            12.987927
          ],
          [
            77.62426,
            12.987927
          ]
        ]
      },
      "properties": {
        "id": "RE-00644",
        "name": "Connecting Avenue",
        "highway": "primary",
        "length_m": 5.0,
        "elevation_m": 906.81,
        "maxspeed_kmh": 50
      }
    },
    {
      "type": "Feature",
      "geometry": {
        "type": "LineString",
        "coordinates": [
          [
            77.595049,
            12.974573
          ],
          [
            77.59543,
            12.974398
          ]
        ]
      },
      "properties": {
        "id": "RE-00645",
        "name": "Connecting Avenue",
        "highway": "primary",
        "length_m": 45.64,
        "elevation_m": 914.17,
        "maxspeed_kmh": 50
      }
    },
    {
      "type": "Feature",
      "geometry": {
        "type": "LineString",
        "coordinates": [
          [
            77.59543,
            12.974398
          ],
          [
            77.595049,
            12.974573
          ]
        ]
      },
      "properties": {
        "id": "RE-00646",
        "name": "Connecting Avenue",
        "highway": "primary",
        "length_m": 45.64,
        "elevation_m": 914.17,
        "maxspeed_kmh": 50
      }
    },
    {
      "type": "Feature",
      "geometry": {
        "type": "LineString",
        "coordinates": [
          [
            77.59543,
            12.974398
          ],
          [
            77.59553,
            12.974496
          ],
          [
            77.595579,
            12.974545
          ],
          [
            77.595629,
            12.974595
          ]
        ]
      },
      "properties": {
        "id": "RE-00647",
        "name": "Connecting Avenue",
        "highway": "primary",
        "length_m": 30.74,
        "elevation_m": 914.81,
        "maxspeed_kmh": 50
      }
    },
    {
      "type": "Feature",
      "geometry": {
        "type": "LineString",
        "coordinates": [
          [
            77.595629,
            12.974595
          ],
          [
            77.595579,
            12.974545
          ],
          [
            77.59553,
            12.974496
          ],
          [
            77.59543,
            12.974398
          ]
        ]
      },
      "properties": {
        "id": "RE-00648",
        "name": "Connecting Avenue",
        "highway": "primary",
        "length_m": 30.74,
        "elevation_m": 914.81,
        "maxspeed_kmh": 50
      }
    },
    {
      "type": "Feature",
      "geometry": {
        "type": "LineString",
        "coordinates": [
          [
            77.595629,
            12.974595
          ],
          [
            77.595861,
            12.974388
          ],
          [
            77.595937,
            12.974314
          ],
          [
            77.59595,
            12.974301
          ],
          [
            77.595977,
            12.974275
          ],
          [
            77.596001,
            12.974253
          ]
        ]
      },
      "properties": {
        "id": "RE-00649",
        "name": "Connecting Avenue",
        "highway": "primary",
        "length_m": 55.43,
        "elevation_m": 913.41,
        "maxspeed_kmh": 50
      }
    },
    {
      "type": "Feature",
      "geometry": {
        "type": "LineString",
        "coordinates": [
          [
            77.651362,
            12.973883
          ],
          [
            77.651284,
            12.973541
          ],
          [
            77.651228,
            12.973216
          ],
          [
            77.651136,
            12.972882
          ],
          [
            77.651035,
            12.972522
          ]
        ]
      },
      "properties": {
        "id": "RE-00650",
        "name": "Rama Temple Road",
        "highway": "primary",
        "length_m": 155.55,
        "elevation_m": 900.74,
        "maxspeed_kmh": 50
      }
    },
    {
      "type": "Feature",
      "geometry": {
        "type": "LineString",
        "coordinates": [
          [
            77.651362,
            12.973883
          ],
          [
            77.651725,
            12.973806
          ],
          [
            77.651995,
            12.973743
          ],
          [
            77.65215,
            12.974363
          ],
          [
            77.652154,
            12.974402
          ]
        ]
      },
      "properties": {
        "id": "RE-00651",
        "name": "6th A-B Road",
        "highway": "primary",
        "length_m": 145.65,
        "elevation_m": 902.09,
        "maxspeed_kmh": 50
      }
    },
    {
      "type": "Feature",
      "geometry": {
        "type": "LineString",
        "coordinates": [
          [
            77.652154,
            12.974402
          ],
          [
            77.65215,
            12.974363
          ],
          [
            77.651995,
            12.973743
          ],
          [
            77.651725,
            12.973806
          ],
          [
            77.651362,
            12.973883
          ]
        ]
      },
      "properties": {
        "id": "RE-00652",
        "name": "6th A-B Road",
        "highway": "primary",
        "length_m": 145.65,
        "elevation_m": 902.09,
        "maxspeed_kmh": 50
      }
    },
    {
      "type": "Feature",
      "geometry": {
        "type": "LineString",
        "coordinates": [
          [
            77.652154,
            12.974402
          ],
          [
            77.652154,
            12.974402
          ]
        ]
      },
      "properties": {
        "id": "RE-00653",
        "name": "Connecting Avenue",
        "highway": "primary",
        "length_m": 5.0,
        "elevation_m": 904.52,
        "maxspeed_kmh": 50
      }
    },
    {
      "type": "Feature",
      "geometry": {
        "type": "LineString",
        "coordinates": [
          [
            77.601479,
            12.974395
          ],
          [
            77.601481,
            12.974414
          ],
          [
            77.601483,
            12.97443
          ],
          [
            77.601487,
            12.974461
          ],
          [
            77.601543,
            12.974847
          ],
          [
            77.601561,
            12.974973
          ],
          [
            77.60157,
            12.975041
          ],
          [
            77.601579,
            12.975111
          ],
          [
            77.60159,
            12.975214
          ],
          [
            77.601598,
            12.975289
          ],
          [
            77.601608,
            12.975385
          ],
          [
            77.60162,
            12.975478
          ],
          [
            77.601636,
            12.975589
          ],
          [
            77.601668,
            12.975799
          ],
          [
            77.601686,
            12.975913
          ],
          [
            77.601766,
            12.976388
          ],
          [
            77.601771,
            12.976418
          ],
          [
            77.601799,
            12.976518
          ]
        ]
      },
      "properties": {
        "id": "RE-00654",
        "name": "Saint Mark's Road",
        "highway": "primary",
        "length_m": 238.73,
        "elevation_m": 920.77,
        "maxspeed_kmh": 50
      }
    },
    {
      "type": "Feature",
      "geometry": {
        "type": "LineString",
        "coordinates": [
          [
            77.601799,
            12.976518
          ],
          [
            77.601771,
            12.976418
          ],
          [
            77.601766,
            12.976388
          ],
          [
            77.601686,
            12.975913
          ],
          [
            77.601668,
            12.975799
          ],
          [
            77.601636,
            12.975589
          ],
          [
            77.60162,
            12.975478
          ],
          [
            77.601608,
            12.975385
          ],
          [
            77.601598,
            12.975289
          ],
          [
            77.60159,
            12.975214
          ],
          [
            77.601579,
            12.975111
          ],
          [
            77.60157,
            12.975041
          ],
          [
            77.601561,
            12.974973
          ],
          [
            77.601543,
            12.974847
          ],
          [
            77.601487,
            12.974461
          ],
          [
            77.601483,
            12.97443
          ],
          [
            77.601481,
            12.974414
          ],
          [
            77.601479,
            12.974395
          ]
        ]
      },
      "properties": {
        "id": "RE-00655",
        "name": "Saint Mark's Road",
        "highway": "primary",
        "length_m": 238.73,
        "elevation_m": 920.77,
        "maxspeed_kmh": 50
      }
    },
    {
      "type": "Feature",
      "geometry": {
        "type": "LineString",
        "coordinates": [
          [
            77.601799,
            12.976518
          ],
          [
            77.601792,
            12.976639
          ]
        ]
      },
      "properties": {
        "id": "RE-00656",
        "name": "Central Street",
        "highway": "secondary",
        "length_m": 13.48,
        "elevation_m": 921.72,
        "maxspeed_kmh": 40
      }
    },
    {
      "type": "Feature",
      "geometry": {
        "type": "LineString",
        "coordinates": [
          [
            77.64682,
            12.974576
          ],
          [
            77.646845,
            12.974202
          ],
          [
            77.646847,
            12.974107
          ],
          [
            77.646849,
            12.974038
          ],
          [
            77.646927,
            12.974041
          ]
        ]
      },
      "properties": {
        "id": "RE-00657",
        "name": "80 Feet Road",
        "highway": "primary",
        "length_m": 68.37,
        "elevation_m": 903.22,
        "maxspeed_kmh": 50
      }
    },
    {
      "type": "Feature",
      "geometry": {
        "type": "LineString",
        "coordinates": [
          [
            77.64682,
            12.974576
          ],
          [
            77.646756,
            12.974574
          ],
          [
            77.646125,
            12.97455
          ],
          [
            77.645914,
            12.974541
          ]
        ]
      },
      "properties": {
        "id": "RE-00658",
        "name": "5th Main Road",
        "highway": "primary",
        "length_m": 98.25,
        "elevation_m": 904.82,
        "maxspeed_kmh": 50
      }
    },
    {
      "type": "Feature",
      "geometry": {
        "type": "LineString",
        "coordinates": [
          [
            77.645914,
            12.974541
          ],
          [
            77.646125,
            12.97455
          ],
          [
            77.646756,
            12.974574
          ],
          [
            77.64682,
            12.974576
          ]
        ]
      },
      "properties": {
        "id": "RE-00659",
        "name": "5th Main Road",
        "highway": "primary",
        "length_m": 98.25,
        "elevation_m": 904.82,
        "maxspeed_kmh": 50
      }
    },
    {
      "type": "Feature",
      "geometry": {
        "type": "LineString",
        "coordinates": [
          [
            77.645914,
            12.974541
          ],
          [
            77.645914,
            12.974541
          ]
        ]
      },
      "properties": {
        "id": "RE-00660",
        "name": "5th Main Road",
        "highway": "primary",
        "length_m": 5.0,
        "elevation_m": 904.83,
        "maxspeed_kmh": 50
      }
    },
    {
      "type": "Feature",
      "geometry": {
        "type": "LineString",
        "coordinates": [
          [
            77.62368,
            12.96302
          ],
          [
            77.624036,
            12.963173
          ],
          [
            77.624137,
            12.963239
          ],
          [
            77.624245,
            12.963346
          ]
        ]
      },
      "properties": {
        "id": "RE-00661",
        "name": "Connecting Avenue",
        "highway": "primary",
        "length_m": 72.03,
        "elevation_m": 908.47,
        "maxspeed_kmh": 50
      }
    },
    {
      "type": "Feature",
      "geometry": {
        "type": "LineString",
        "coordinates": [
          [
            77.624245,
            12.963346
          ],
          [
            77.624137,
            12.963239
          ],
          [
            77.624036,
            12.963173
          ],
          [
            77.62368,
            12.96302
          ]
        ]
      },
      "properties": {
        "id": "RE-00662",
        "name": "Connecting Avenue",
        "highway": "primary",
        "length_m": 72.03,
        "elevation_m": 908.47,
        "maxspeed_kmh": 50
      }
    },
    {
      "type": "Feature",
      "geometry": {
        "type": "LineString",
        "coordinates": [
          [
            77.624245,
            12.963346
          ],
          [
            77.624397,
            12.963287
          ],
          [
            77.62526,
            12.963301
          ],
          [
            77.626317,
            12.963318
          ],
          [
            77.626575,
            12.963214
          ],
          [
            77.626746,
            12.963078
          ]
        ]
      },
      "properties": {
        "id": "RE-00663",
        "name": "Connecting Avenue",
        "highway": "primary",
        "length_m": 279.98,
        "elevation_m": 910.17,
        "maxspeed_kmh": 50
      }
    },
    {
      "type": "Feature",
      "geometry": {
        "type": "LineString",
        "coordinates": [
          [
            77.623128,
            12.986705
          ],
          [
            77.623128,
            12.98717
          ]
        ]
      },
      "properties": {
        "id": "RE-00664",
        "name": "Connecting Avenue",
        "highway": "primary",
        "length_m": 51.71,
        "elevation_m": 899.45,
        "maxspeed_kmh": 50
      }
    },
    {
      "type": "Feature",
      "geometry": {
        "type": "LineString",
        "coordinates": [
          [
            77.623128,
            12.986705
          ],
          [
            77.623321,
            12.986696
          ],
          [
            77.623479,
            12.986686
          ],
          [
            77.62359,
            12.986638
          ],
          [
            77.623673,
            12.986601
          ],
          [
            77.623802,
            12.986589
          ],
          [
            77.623911,
            12.986579
          ],
          [
            77.623939,
            12.986576
          ]
        ]
      },
      "properties": {
        "id": "RE-00665",
        "name": "Connecting Avenue",
        "highway": "primary",
        "length_m": 90.09,
        "elevation_m": 901.13,
        "maxspeed_kmh": 50
      }
    },
    {
      "type": "Feature",
      "geometry": {
        "type": "LineString",
        "coordinates": [
          [
            77.623939,
            12.986576
          ],
          [
            77.623911,
            12.986579
          ],
          [
            77.623802,
            12.986589
          ],
          [
            77.623673,
            12.986601
          ],
          [
            77.62359,
            12.986638
          ],
          [
            77.623479,
            12.986686
          ],
          [
            77.623321,
            12.986696
          ],
          [
            77.623128,
            12.986705
          ]
        ]
      },
      "properties": {
        "id": "RE-00666",
        "name": "Connecting Avenue",
        "highway": "primary",
        "length_m": 90.09,
        "elevation_m": 901.13,
        "maxspeed_kmh": 50
      }
    },
    {
      "type": "Feature",
      "geometry": {
        "type": "LineString",
        "coordinates": [
          [
            77.623939,
            12.986576
          ],
          [
            77.623917,
            12.98635
          ]
        ]
      },
      "properties": {
        "id": "RE-00667",
        "name": "Connecting Avenue",
        "highway": "primary",
        "length_m": 25.24,
        "elevation_m": 901.17,
        "maxspeed_kmh": 50
      }
    },
    {
      "type": "Feature",
      "geometry": {
        "type": "LineString",
        "coordinates": [
          [
            77.623917,
            12.98635
          ],
          [
            77.623939,
            12.986576
          ]
        ]
      },
      "properties": {
        "id": "RE-00668",
        "name": "Connecting Avenue",
        "highway": "primary",
        "length_m": 25.24,
        "elevation_m": 901.17,
        "maxspeed_kmh": 50
      }
    },
    {
      "type": "Feature",
      "geometry": {
        "type": "LineString",
        "coordinates": [
          [
            77.623917,
            12.98635
          ],
          [
            77.624012,
            12.986351
          ]
        ]
      },
      "properties": {
        "id": "RE-00669",
        "name": "Connecting Avenue",
        "highway": "primary",
        "length_m": 10.29,
        "elevation_m": 901.17,
        "maxspeed_kmh": 50
      }
    },
    {
      "type": "Feature",
      "geometry": {
        "type": "LineString",
        "coordinates": [
          [
            77.624012,
            12.986351
          ],
          [
            77.623917,
            12.98635
          ]
        ]
      },
      "properties": {
        "id": "RE-00670",
        "name": "Connecting Avenue",
        "highway": "primary",
        "length_m": 10.29,
        "elevation_m": 901.17,
        "maxspeed_kmh": 50
      }
    },
    {
      "type": "Feature",
      "geometry": {
        "type": "LineString",
        "coordinates": [
          [
            77.624012,
            12.986351
          ],
          [
            77.624007,
            12.98606
          ]
        ]
      },
      "properties": {
        "id": "RE-00671",
        "name": "Connecting Avenue",
        "highway": "primary",
        "length_m": 32.36,
        "elevation_m": 900.37,
        "maxspeed_kmh": 50
      }
    },
    {
      "type": "Feature",
      "geometry": {
        "type": "LineString",
        "coordinates": [
          [
            77.624007,
            12.98606
          ],
          [
            77.624012,
            12.986351
          ]
        ]
      },
      "properties": {
        "id": "RE-00672",
        "name": "Connecting Avenue",
        "highway": "primary",
        "length_m": 32.36,
        "elevation_m": 900.37,
        "maxspeed_kmh": 50
      }
    },
    {
      "type": "Feature",
      "geometry": {
        "type": "LineString",
        "coordinates": [
          [
            77.624007,
            12.98606
          ],
          [
            77.624007,
            12.98606
          ]
        ]
      },
      "properties": {
        "id": "RE-00673",
        "name": "Connecting Avenue",
        "highway": "primary",
        "length_m": 5.0,
        "elevation_m": 900.37,
        "maxspeed_kmh": 50
      }
    },
    {
      "type": "Feature",
      "geometry": {
        "type": "LineString",
        "coordinates": [
          [
            77.6067902,
            12.9755264
          ],
          [
            77.606776,
            12.975475
          ]
        ]
      },
      "properties": {
        "id": "RE-00674",
        "name": "Origin Access",
        "highway": "residential",
        "length_m": 5.9,
        "elevation_m": 917.5119018554688,
        "maxspeed_kmh": 25
      }
    },
    {
      "type": "Feature",
      "geometry": {
        "type": "LineString",
        "coordinates": [
          [
            77.6404672,
            12.9732913
          ],
          [
            77.640466,
            12.97339
          ]
        ]
      },
      "properties": {
        "id": "RE-00675",
        "name": "Destination Access",
        "highway": "residential",
        "length_m": 11.0,
        "elevation_m": 903.085693359375,
        "maxspeed_kmh": 25
      }
    }
  ]
}